
===========================================================================
report_checks -path_delay max (Setup)
============================================================================
======================= max_ss_100C_1v60 Corner ===================================

Startpoint: filter.y_out[10]_sky130_fd_sc_hd__dfrtp_2_Q
            (rising edge-triggered flip-flop clocked by clk)
Endpoint: filter.y_out[15]_sky130_fd_sc_hd__dfrtp_2_Q
          (rising edge-triggered flip-flop clocked by clk)
Path Group: clk
Path Type: max

Fanout         Cap        Slew       Delay        Time   Description
---------------------------------------------------------------------------------------------
                                  0.000000    0.000000   clock clk (rise edge)
                                  0.000000    0.000000   clock source latency
     1    0.042471    0.306377    0.216999    0.216999 ^ clk (in)
                                                         clk (net)
                      0.306741    0.000000    0.216999 ^ clkbuf_0_clk/A (sky130_fd_sc_hd__clkbuf_16)
     8    0.141131    0.236430    0.455319    0.672318 ^ clkbuf_0_clk/X (sky130_fd_sc_hd__clkbuf_16)
                                                         clknet_0_clk (net)
                      0.239769    0.022451    0.694769 ^ clkbuf_3_3__f_clk/A (sky130_fd_sc_hd__clkbuf_16)
     6    0.047673    0.104277    0.334929    1.029697 ^ clkbuf_3_3__f_clk/X (sky130_fd_sc_hd__clkbuf_16)
                                                         clknet_3_3__leaf_clk (net)
                      0.104332    0.002165    1.031862 ^ filter.y_out[10]_sky130_fd_sc_hd__dfrtp_2_Q/CLK (sky130_fd_sc_hd__dfrtp_1)
     3    0.019889    0.217789    0.895575    1.927437 v filter.y_out[10]_sky130_fd_sc_hd__dfrtp_2_Q/Q (sky130_fd_sc_hd__dfrtp_1)
                                                         filter.y_out[10] (net)
                      0.217796    0.001569    1.929006 v fanout24/A (sky130_fd_sc_hd__buf_4)
    10    0.072056    0.179608    0.435194    2.364200 v fanout24/X (sky130_fd_sc_hd__buf_4)
                                                         net24 (net)
                      0.179792    0.005233    2.369432 v filter.x_in[12]_sky130_fd_sc_hd__a21oi_2_A1_B1_sky130_fd_sc_hd__and3_2_X_B_sky130_fd_sc_hd__a22o_2_X_A1_sky130_fd_sc_hd__nand2_2_Y_A_sky130_fd_sc_hd__or2_2_X/A (sky130_fd_sc_hd__or2_2)
     7    0.030373    0.234925    0.880356    3.249789 v filter.x_in[12]_sky130_fd_sc_hd__a21oi_2_A1_B1_sky130_fd_sc_hd__and3_2_X_B_sky130_fd_sc_hd__a22o_2_X_A1_sky130_fd_sc_hd__nand2_2_Y_A_sky130_fd_sc_hd__or2_2_X/X (sky130_fd_sc_hd__or2_2)
                                                         filter.x_in[12]_sky130_fd_sc_hd__a21oi_2_A1_B1_sky130_fd_sc_hd__and3_2_X_B_sky130_fd_sc_hd__a22o_2_X_A1_sky130_fd_sc_hd__nand2_2_Y_A (net)
                      0.234930    0.001517    3.251305 v filter.x_in[9]_sky130_fd_sc_hd__xnor2_2_A_B_sky130_fd_sc_hd__xor2_2_X_A_sky130_fd_sc_hd__xnor2_2_Y_A_sky130_fd_sc_hd__a21o_2_X_B1_sky130_fd_sc_hd__and3_2_X/A (sky130_fd_sc_hd__and3_1)
     3    0.011130    0.139739    0.441327    3.692632 v filter.x_in[9]_sky130_fd_sc_hd__xnor2_2_A_B_sky130_fd_sc_hd__xor2_2_X_A_sky130_fd_sc_hd__xnor2_2_Y_A_sky130_fd_sc_hd__a21o_2_X_B1_sky130_fd_sc_hd__and3_2_X/X (sky130_fd_sc_hd__and3_1)
                                                         filter.x_in[9]_sky130_fd_sc_hd__xnor2_2_A_B_sky130_fd_sc_hd__xor2_2_X_A_sky130_fd_sc_hd__xnor2_2_Y_A_sky130_fd_sc_hd__a21o_2_X_B1 (net)
                      0.139739    0.000401    3.693033 v filter.x_in[9]_sky130_fd_sc_hd__xnor2_2_A_B_sky130_fd_sc_hd__xor2_2_X_A_sky130_fd_sc_hd__xnor2_2_Y_A_sky130_fd_sc_hd__a21o_2_X_B1_sky130_fd_sc_hd__a311o_2_B1/B1 (sky130_fd_sc_hd__a311o_1)
     2    0.020280    0.240709    0.779628    4.472661 v filter.x_in[9]_sky130_fd_sc_hd__xnor2_2_A_B_sky130_fd_sc_hd__xor2_2_X_A_sky130_fd_sc_hd__xnor2_2_Y_A_sky130_fd_sc_hd__a21o_2_X_B1_sky130_fd_sc_hd__a311o_2_B1/X (sky130_fd_sc_hd__a311o_1)
                                                         filter.x_in[9]_sky130_fd_sc_hd__xnor2_2_A_B_sky130_fd_sc_hd__xor2_2_X_A_sky130_fd_sc_hd__xnor2_2_Y_A_sky130_fd_sc_hd__a21o_2_X_B1_sky130_fd_sc_hd__a311o_2_B1_X (net)
                      0.240740    0.002807    4.475468 v fanout12/A (sky130_fd_sc_hd__clkbuf_4)
    10    0.049982    0.189359    0.444059    4.919526 v fanout12/X (sky130_fd_sc_hd__clkbuf_4)
                                                         net12 (net)
                      0.189412    0.003017    4.922543 v filter.x_in[3]_sky130_fd_sc_hd__a21oi_2_B1_Y_sky130_fd_sc_hd__o31a_2_A3_A1_sky130_fd_sc_hd__a21oi_2_Y_A2_sky130_fd_sc_hd__or2_2_X/A (sky130_fd_sc_hd__or2_1)
     1    0.005116    0.118893    0.573064    5.495607 v filter.x_in[3]_sky130_fd_sc_hd__a21oi_2_B1_Y_sky130_fd_sc_hd__o31a_2_A3_A1_sky130_fd_sc_hd__a21oi_2_Y_A2_sky130_fd_sc_hd__or2_2_X/X (sky130_fd_sc_hd__or2_1)
                                                         filter.x_in[3]_sky130_fd_sc_hd__a21oi_2_B1_Y_sky130_fd_sc_hd__o31a_2_A3_A1_sky130_fd_sc_hd__a21oi_2_Y_A2 (net)
                      0.118893    0.000380    5.495987 v filter.x_in[3]_sky130_fd_sc_hd__a21oi_2_B1_Y_sky130_fd_sc_hd__o31a_2_A3_A1_sky130_fd_sc_hd__a21oi_2_Y/A2 (sky130_fd_sc_hd__a21oi_2)
     2    0.013476    0.304516    0.364277    5.860263 ^ filter.x_in[3]_sky130_fd_sc_hd__a21oi_2_B1_Y_sky130_fd_sc_hd__o31a_2_A3_A1_sky130_fd_sc_hd__a21oi_2_Y/Y (sky130_fd_sc_hd__a21oi_2)
                                                         filter.x_in[3]_sky130_fd_sc_hd__a21oi_2_B1_Y_sky130_fd_sc_hd__o31a_2_A3_A1 (net)
                      0.304525    0.001326    5.861589 ^ filter.x_in[3]_sky130_fd_sc_hd__a21oi_2_B1_Y_sky130_fd_sc_hd__nor2_2_B_Y_sky130_fd_sc_hd__xnor2_2_B/A (sky130_fd_sc_hd__xnor2_1)
     2    0.008586    0.372721    0.344736    6.206326 ^ filter.x_in[3]_sky130_fd_sc_hd__a21oi_2_B1_Y_sky130_fd_sc_hd__nor2_2_B_Y_sky130_fd_sc_hd__xnor2_2_B/Y (sky130_fd_sc_hd__xnor2_1)
                                                         filter.x_in[3]_sky130_fd_sc_hd__a21oi_2_B1_Y_sky130_fd_sc_hd__nor2_2_B_Y_sky130_fd_sc_hd__xnor2_2_B_Y (net)
                      0.372722    0.000590    6.206915 ^ filter.x_in[2]_sky130_fd_sc_hd__inv_2_A_Y_sky130_fd_sc_hd__o2bb2ai_2_B2_Y_sky130_fd_sc_hd__xor2_2_A/B (sky130_fd_sc_hd__xor2_1)
     2    0.009198    0.366135    0.483269    6.690185 ^ filter.x_in[2]_sky130_fd_sc_hd__inv_2_A_Y_sky130_fd_sc_hd__o2bb2ai_2_B2_Y_sky130_fd_sc_hd__xor2_2_A/X (sky130_fd_sc_hd__xor2_1)
                                                         filter.x_in[2]_sky130_fd_sc_hd__inv_2_A_Y_sky130_fd_sc_hd__o2bb2ai_2_B2_Y_sky130_fd_sc_hd__xor2_2_A_X (net)
                      0.366135    0.000584    6.690770 ^ filter.x_in[2]_sky130_fd_sc_hd__inv_2_A_Y_sky130_fd_sc_hd__o2bb2ai_2_B2_Y_sky130_fd_sc_hd__xor2_2_A_X_sky130_fd_sc_hd__xnor2_2_A/A (sky130_fd_sc_hd__xnor2_1)
     3    0.013333    0.257631    0.371601    7.062370 v filter.x_in[2]_sky130_fd_sc_hd__inv_2_A_Y_sky130_fd_sc_hd__o2bb2ai_2_B2_Y_sky130_fd_sc_hd__xor2_2_A_X_sky130_fd_sc_hd__xnor2_2_A/Y (sky130_fd_sc_hd__xnor2_1)
                                                         filter.x_in[2]_sky130_fd_sc_hd__inv_2_A_Y_sky130_fd_sc_hd__o2bb2ai_2_B2_Y_sky130_fd_sc_hd__xor2_2_A_X_sky130_fd_sc_hd__xnor2_2_A_Y (net)
                      0.257631    0.000959    7.063329 v filter.x_in[2]_sky130_fd_sc_hd__inv_2_A_Y_sky130_fd_sc_hd__o2bb2ai_2_B2_Y_sky130_fd_sc_hd__xor2_2_A_X_sky130_fd_sc_hd__xnor2_2_A_Y_sky130_fd_sc_hd__and3_2_C/C (sky130_fd_sc_hd__and3_1)
     2    0.004879    0.088518    0.473960    7.537288 v filter.x_in[2]_sky130_fd_sc_hd__inv_2_A_Y_sky130_fd_sc_hd__o2bb2ai_2_B2_Y_sky130_fd_sc_hd__xor2_2_A_X_sky130_fd_sc_hd__xnor2_2_A_Y_sky130_fd_sc_hd__and3_2_C/X (sky130_fd_sc_hd__and3_1)
                                                         filter.x_in[2]_sky130_fd_sc_hd__inv_2_A_Y_sky130_fd_sc_hd__o2bb2ai_2_B2_Y_sky130_fd_sc_hd__xor2_2_A_X_sky130_fd_sc_hd__xnor2_2_A_Y_sky130_fd_sc_hd__and3_2_C_X (net)
                      0.088518    0.000320    7.537608 v filter.x_in[2]_sky130_fd_sc_hd__inv_2_A_Y_sky130_fd_sc_hd__o2bb2ai_2_B2_Y_sky130_fd_sc_hd__xor2_2_A_X_sky130_fd_sc_hd__xnor2_2_A_Y_sky130_fd_sc_hd__and3_2_C_X_sky130_fd_sc_hd__nor2_2_B/B (sky130_fd_sc_hd__nor2_1)
     1    0.005813    0.210551    0.210812    7.748420 ^ filter.x_in[2]_sky130_fd_sc_hd__inv_2_A_Y_sky130_fd_sc_hd__o2bb2ai_2_B2_Y_sky130_fd_sc_hd__xor2_2_A_X_sky130_fd_sc_hd__xnor2_2_A_Y_sky130_fd_sc_hd__and3_2_C_X_sky130_fd_sc_hd__nor2_2_B/Y (sky130_fd_sc_hd__nor2_1)
                                                         filter.x_in[2]_sky130_fd_sc_hd__inv_2_A_Y_sky130_fd_sc_hd__xnor2_2_A_Y_sky130_fd_sc_hd__and2b_2_A_N_X_sky130_fd_sc_hd__a41oi_2_B1_Y_sky130_fd_sc_hd__xnor2_2_A_B (net)
                      0.210551    0.000468    7.748888 ^ filter.x_in[2]_sky130_fd_sc_hd__inv_2_A_Y_sky130_fd_sc_hd__xnor2_2_A_Y_sky130_fd_sc_hd__and2b_2_A_N_X_sky130_fd_sc_hd__a41oi_2_B1_Y_sky130_fd_sc_hd__xnor2_2_A/B (sky130_fd_sc_hd__xnor2_1)
     2    0.007663    0.344950    0.303314    8.052202 ^ filter.x_in[2]_sky130_fd_sc_hd__inv_2_A_Y_sky130_fd_sc_hd__xnor2_2_A_Y_sky130_fd_sc_hd__and2b_2_A_N_X_sky130_fd_sc_hd__a41oi_2_B1_Y_sky130_fd_sc_hd__xnor2_2_A/Y (sky130_fd_sc_hd__xnor2_1)
                                                         filter.x_in[2]_sky130_fd_sc_hd__inv_2_A_Y_sky130_fd_sc_hd__xnor2_2_A_Y_sky130_fd_sc_hd__and2b_2_A_N_X_sky130_fd_sc_hd__a41oi_2_B1_Y_sky130_fd_sc_hd__xnor2_2_A_Y (net)
                      0.344950    0.000329    8.052530 ^ filter.x_in[0]_sky130_fd_sc_hd__o21ai_2_A1_Y_sky130_fd_sc_hd__and2b_2_A_N_X_sky130_fd_sc_hd__o21ai_2_A2_Y_sky130_fd_sc_hd__xnor2_2_A_B_sky130_fd_sc_hd__xnor2_2_Y/A (sky130_fd_sc_hd__xnor2_1)
     2    0.008522    0.184329    0.306244    8.358774 v filter.x_in[0]_sky130_fd_sc_hd__o21ai_2_A1_Y_sky130_fd_sc_hd__and2b_2_A_N_X_sky130_fd_sc_hd__o21ai_2_A2_Y_sky130_fd_sc_hd__xnor2_2_A_B_sky130_fd_sc_hd__xnor2_2_Y/Y (sky130_fd_sc_hd__xnor2_1)
                                                         filter.x_in[0]_sky130_fd_sc_hd__o21ai_2_A1_Y_sky130_fd_sc_hd__and2b_2_A_N_X_sky130_fd_sc_hd__o21ai_2_A2_Y_sky130_fd_sc_hd__xnor2_2_A_B (net)
                      0.184329    0.000575    8.359349 v filter.x_in[0]_sky130_fd_sc_hd__o21ai_2_A1_Y_sky130_fd_sc_hd__and2b_2_A_N_X_sky130_fd_sc_hd__o21ai_2_A2_Y_sky130_fd_sc_hd__xnor2_2_A/B (sky130_fd_sc_hd__xnor2_1)
     3    0.012610    0.505132    0.504604    8.863954 ^ filter.x_in[0]_sky130_fd_sc_hd__o21ai_2_A1_Y_sky130_fd_sc_hd__and2b_2_A_N_X_sky130_fd_sc_hd__o21ai_2_A2_Y_sky130_fd_sc_hd__xnor2_2_A/Y (sky130_fd_sc_hd__xnor2_1)
                                                         filter.y_out[2]_sky130_fd_sc_hd__dfrtp_2_Q_D_sky130_fd_sc_hd__xor2_2_X_A_sky130_fd_sc_hd__xor2_2_X_A_sky130_fd_sc_hd__nand2_2_Y_B (net)
                      0.505135    0.001045    8.864999 ^ filter.y_out[2]_sky130_fd_sc_hd__dfrtp_2_Q_D_sky130_fd_sc_hd__xor2_2_X_B_sky130_fd_sc_hd__a21bo_2_X_B1_N_sky130_fd_sc_hd__or4b_2_X/D_N (sky130_fd_sc_hd__or4b_1)
     2    0.007083    0.226992    1.230453   10.095452 v filter.y_out[2]_sky130_fd_sc_hd__dfrtp_2_Q_D_sky130_fd_sc_hd__xor2_2_X_B_sky130_fd_sc_hd__a21bo_2_X_B1_N_sky130_fd_sc_hd__or4b_2_X/X (sky130_fd_sc_hd__or4b_1)
                                                         filter.y_out[2]_sky130_fd_sc_hd__dfrtp_2_Q_D_sky130_fd_sc_hd__xor2_2_X_B_sky130_fd_sc_hd__a21bo_2_X_B1_N (net)
                      0.226992    0.000510   10.095962 v filter.y_out[2]_sky130_fd_sc_hd__dfrtp_2_Q_D_sky130_fd_sc_hd__xor2_2_X_A_sky130_fd_sc_hd__xor2_2_X_A_sky130_fd_sc_hd__a21oi_2_A1/A2 (sky130_fd_sc_hd__a21oi_1)
     1    0.003583    0.190587    0.310259   10.406221 ^ filter.y_out[2]_sky130_fd_sc_hd__dfrtp_2_Q_D_sky130_fd_sc_hd__xor2_2_X_A_sky130_fd_sc_hd__xor2_2_X_A_sky130_fd_sc_hd__a21oi_2_A1/Y (sky130_fd_sc_hd__a21oi_1)
                                                         filter.y_out[2]_sky130_fd_sc_hd__dfrtp_2_Q_D_sky130_fd_sc_hd__xor2_2_X_A_sky130_fd_sc_hd__a31o_2_A3_B1 (net)
                      0.190587    0.000235   10.406456 ^ filter.y_out[2]_sky130_fd_sc_hd__dfrtp_2_Q_D_sky130_fd_sc_hd__xor2_2_X_A_sky130_fd_sc_hd__a31o_2_A3/B1 (sky130_fd_sc_hd__a31o_1)
     3    0.018663    0.303023    0.385584   10.792041 ^ filter.y_out[2]_sky130_fd_sc_hd__dfrtp_2_Q_D_sky130_fd_sc_hd__xor2_2_X_A_sky130_fd_sc_hd__a31o_2_A3/X (sky130_fd_sc_hd__a31o_1)
                                                         filter.y_out[3]_sky130_fd_sc_hd__dfrtp_2_Q_D_sky130_fd_sc_hd__nor2_2_Y_A_sky130_fd_sc_hd__and2b_2_X_B (net)
                      0.303027    0.001608   10.793648 ^ filter.y_out[5]_sky130_fd_sc_hd__dfrtp_2_Q_D_sky130_fd_sc_hd__xor2_2_X_A_sky130_fd_sc_hd__nor2_2_Y_A_sky130_fd_sc_hd__nor3b_2_Y/C_N (sky130_fd_sc_hd__nor3b_1)
     2    0.010127    0.612578    0.664151   11.457799 ^ filter.y_out[5]_sky130_fd_sc_hd__dfrtp_2_Q_D_sky130_fd_sc_hd__xor2_2_X_A_sky130_fd_sc_hd__nor2_2_Y_A_sky130_fd_sc_hd__nor3b_2_Y/Y (sky130_fd_sc_hd__nor3b_1)
                                                         filter.y_out[5]_sky130_fd_sc_hd__dfrtp_2_Q_D_sky130_fd_sc_hd__xor2_2_X_A_sky130_fd_sc_hd__nor2_2_Y_A (net)
                      0.612580    0.000863   11.458662 ^ filter.y_out[5]_sky130_fd_sc_hd__dfrtp_2_Q_D_sky130_fd_sc_hd__xor2_2_X_B_sky130_fd_sc_hd__o21bai_2_B1_N/A1 (sky130_fd_sc_hd__o21bai_2)
     3    0.022180    0.254934    0.441998   11.900661 v filter.y_out[5]_sky130_fd_sc_hd__dfrtp_2_Q_D_sky130_fd_sc_hd__xor2_2_X_B_sky130_fd_sc_hd__o21bai_2_B1_N/Y (sky130_fd_sc_hd__o21bai_2)
                                                         filter.y_out[6]_sky130_fd_sc_hd__dfrtp_2_Q_D_sky130_fd_sc_hd__xnor2_2_Y_A_sky130_fd_sc_hd__nand2_2_Y_B (net)
                      0.254976    0.003299   11.903959 v filter.y_out[6]_sky130_fd_sc_hd__dfrtp_2_Q_D_sky130_fd_sc_hd__xnor2_2_Y_B_sky130_fd_sc_hd__o311a_2_A2/A1 (sky130_fd_sc_hd__o311a_2)
     4    0.029722    0.211381    0.972833   12.876793 v filter.y_out[6]_sky130_fd_sc_hd__dfrtp_2_Q_D_sky130_fd_sc_hd__xnor2_2_Y_B_sky130_fd_sc_hd__o311a_2_A2/X (sky130_fd_sc_hd__o311a_2)
                                                         filter.y_out[6]_sky130_fd_sc_hd__dfrtp_2_Q_D_sky130_fd_sc_hd__xnor2_2_Y_B_sky130_fd_sc_hd__o311a_2_A2_X (net)
                      0.211473    0.004122   12.880915 v filter.y_out[13]_sky130_fd_sc_hd__dfrtp_2_Q_D_sky130_fd_sc_hd__xnor2_2_Y_B_sky130_fd_sc_hd__o31a_2_X/A1 (sky130_fd_sc_hd__o31a_1)
     3    0.015067    0.183416    0.724612   13.605527 v filter.y_out[13]_sky130_fd_sc_hd__dfrtp_2_Q_D_sky130_fd_sc_hd__xnor2_2_Y_B_sky130_fd_sc_hd__o31a_2_X/X (sky130_fd_sc_hd__o31a_1)
                                                         filter.y_out[13]_sky130_fd_sc_hd__dfrtp_2_Q_D_sky130_fd_sc_hd__xnor2_2_Y_B (net)
                      0.183420    0.001194   13.606721 v filter.y_out[15]_sky130_fd_sc_hd__dfrtp_2_Q_D_sky130_fd_sc_hd__and3_2_X_A_sky130_fd_sc_hd__or3_2_X/B (sky130_fd_sc_hd__or3_1)
     1    0.005264    0.163599    0.874402   14.481122 v filter.y_out[15]_sky130_fd_sc_hd__dfrtp_2_Q_D_sky130_fd_sc_hd__and3_2_X_A_sky130_fd_sc_hd__or3_2_X/X (sky130_fd_sc_hd__or3_1)
                                                         filter.y_out[15]_sky130_fd_sc_hd__dfrtp_2_Q_D_sky130_fd_sc_hd__and3_2_X_A (net)
                      0.163599    0.000364   14.481486 v filter.y_out[15]_sky130_fd_sc_hd__dfrtp_2_Q_D_sky130_fd_sc_hd__and3_2_X/A (sky130_fd_sc_hd__and3_1)
     1    0.002222    0.065602    0.327638   14.809125 v filter.y_out[15]_sky130_fd_sc_hd__dfrtp_2_Q_D_sky130_fd_sc_hd__and3_2_X/X (sky130_fd_sc_hd__and3_1)
                                                         filter.y_out[15]_sky130_fd_sc_hd__dfrtp_2_Q_D (net)
                      0.065602    0.000155   14.809279 v filter.y_out[15]_sky130_fd_sc_hd__dfrtp_2_Q/D (sky130_fd_sc_hd__dfrtp_4)
                                             14.809279   data arrival time

                                 30.000000   30.000000   clock clk (rise edge)
                                  0.000000   30.000000   clock source latency
     1    0.042471    0.306377    0.217000   30.216999 ^ clk (in)
                                                         clk (net)
                      0.306741    0.000000   30.216999 ^ clkbuf_0_clk/A (sky130_fd_sc_hd__clkbuf_16)
     8    0.141131    0.236430    0.455319   30.672319 ^ clkbuf_0_clk/X (sky130_fd_sc_hd__clkbuf_16)
                                                         clknet_0_clk (net)
                      0.239980    0.023128   30.695448 ^ clkbuf_3_2__f_clk/A (sky130_fd_sc_hd__clkbuf_16)
     9    0.050824    0.108508    0.338403   31.033850 ^ clkbuf_3_2__f_clk/X (sky130_fd_sc_hd__clkbuf_16)
                                                         clknet_3_2__leaf_clk (net)
                      0.108564    0.002299   31.036148 ^ filter.y_out[15]_sky130_fd_sc_hd__dfrtp_2_Q/CLK (sky130_fd_sc_hd__dfrtp_4)
                                 -0.250000   30.786148   clock uncertainty
                                  0.000000   30.786148   clock reconvergence pessimism
                                 -0.262696   30.523453   library setup time
                                             30.523453   data required time
---------------------------------------------------------------------------------------------
                                             30.523453   data required time
                                            -14.809279   data arrival time
---------------------------------------------------------------------------------------------
                                             15.714173   slack (MET)


Startpoint: filter.y_out[10]_sky130_fd_sc_hd__dfrtp_2_Q
            (rising edge-triggered flip-flop clocked by clk)
Endpoint: filter.y_out[14]_sky130_fd_sc_hd__dfrtp_2_Q
          (rising edge-triggered flip-flop clocked by clk)
Path Group: clk
Path Type: max

Fanout         Cap        Slew       Delay        Time   Description
---------------------------------------------------------------------------------------------
                                  0.000000    0.000000   clock clk (rise edge)
                                  0.000000    0.000000   clock source latency
     1    0.042471    0.306377    0.216999    0.216999 ^ clk (in)
                                                         clk (net)
                      0.306741    0.000000    0.216999 ^ clkbuf_0_clk/A (sky130_fd_sc_hd__clkbuf_16)
     8    0.141131    0.236430    0.455319    0.672318 ^ clkbuf_0_clk/X (sky130_fd_sc_hd__clkbuf_16)
                                                         clknet_0_clk (net)
                      0.239769    0.022451    0.694769 ^ clkbuf_3_3__f_clk/A (sky130_fd_sc_hd__clkbuf_16)
     6    0.047673    0.104277    0.334929    1.029697 ^ clkbuf_3_3__f_clk/X (sky130_fd_sc_hd__clkbuf_16)
                                                         clknet_3_3__leaf_clk (net)
                      0.104332    0.002165    1.031862 ^ filter.y_out[10]_sky130_fd_sc_hd__dfrtp_2_Q/CLK (sky130_fd_sc_hd__dfrtp_1)
     3    0.019889    0.217789    0.895575    1.927437 v filter.y_out[10]_sky130_fd_sc_hd__dfrtp_2_Q/Q (sky130_fd_sc_hd__dfrtp_1)
                                                         filter.y_out[10] (net)
                      0.217796    0.001569    1.929006 v fanout24/A (sky130_fd_sc_hd__buf_4)
    10    0.072056    0.179608    0.435194    2.364200 v fanout24/X (sky130_fd_sc_hd__buf_4)
                                                         net24 (net)
                      0.179792    0.005233    2.369432 v filter.x_in[12]_sky130_fd_sc_hd__a21oi_2_A1_B1_sky130_fd_sc_hd__and3_2_X_B_sky130_fd_sc_hd__a22o_2_X_A1_sky130_fd_sc_hd__nand2_2_Y_A_sky130_fd_sc_hd__or2_2_X/A (sky130_fd_sc_hd__or2_2)
     7    0.030373    0.234925    0.880356    3.249789 v filter.x_in[12]_sky130_fd_sc_hd__a21oi_2_A1_B1_sky130_fd_sc_hd__and3_2_X_B_sky130_fd_sc_hd__a22o_2_X_A1_sky130_fd_sc_hd__nand2_2_Y_A_sky130_fd_sc_hd__or2_2_X/X (sky130_fd_sc_hd__or2_2)
                                                         filter.x_in[12]_sky130_fd_sc_hd__a21oi_2_A1_B1_sky130_fd_sc_hd__and3_2_X_B_sky130_fd_sc_hd__a22o_2_X_A1_sky130_fd_sc_hd__nand2_2_Y_A (net)
                      0.234930    0.001517    3.251305 v filter.x_in[9]_sky130_fd_sc_hd__xnor2_2_A_B_sky130_fd_sc_hd__xor2_2_X_A_sky130_fd_sc_hd__xnor2_2_Y_A_sky130_fd_sc_hd__a21o_2_X_B1_sky130_fd_sc_hd__and3_2_X/A (sky130_fd_sc_hd__and3_1)
     3    0.011130    0.139739    0.441327    3.692632 v filter.x_in[9]_sky130_fd_sc_hd__xnor2_2_A_B_sky130_fd_sc_hd__xor2_2_X_A_sky130_fd_sc_hd__xnor2_2_Y_A_sky130_fd_sc_hd__a21o_2_X_B1_sky130_fd_sc_hd__and3_2_X/X (sky130_fd_sc_hd__and3_1)
                                                         filter.x_in[9]_sky130_fd_sc_hd__xnor2_2_A_B_sky130_fd_sc_hd__xor2_2_X_A_sky130_fd_sc_hd__xnor2_2_Y_A_sky130_fd_sc_hd__a21o_2_X_B1 (net)
                      0.139739    0.000401    3.693033 v filter.x_in[9]_sky130_fd_sc_hd__xnor2_2_A_B_sky130_fd_sc_hd__xor2_2_X_A_sky130_fd_sc_hd__xnor2_2_Y_A_sky130_fd_sc_hd__a21o_2_X_B1_sky130_fd_sc_hd__a311o_2_B1/B1 (sky130_fd_sc_hd__a311o_1)
     2    0.020280    0.240709    0.779628    4.472661 v filter.x_in[9]_sky130_fd_sc_hd__xnor2_2_A_B_sky130_fd_sc_hd__xor2_2_X_A_sky130_fd_sc_hd__xnor2_2_Y_A_sky130_fd_sc_hd__a21o_2_X_B1_sky130_fd_sc_hd__a311o_2_B1/X (sky130_fd_sc_hd__a311o_1)
                                                         filter.x_in[9]_sky130_fd_sc_hd__xnor2_2_A_B_sky130_fd_sc_hd__xor2_2_X_A_sky130_fd_sc_hd__xnor2_2_Y_A_sky130_fd_sc_hd__a21o_2_X_B1_sky130_fd_sc_hd__a311o_2_B1_X (net)
                      0.240740    0.002807    4.475468 v fanout12/A (sky130_fd_sc_hd__clkbuf_4)
    10    0.049982    0.189359    0.444059    4.919526 v fanout12/X (sky130_fd_sc_hd__clkbuf_4)
                                                         net12 (net)
                      0.189412    0.003017    4.922543 v filter.x_in[3]_sky130_fd_sc_hd__a21oi_2_B1_Y_sky130_fd_sc_hd__o31a_2_A3_A1_sky130_fd_sc_hd__a21oi_2_Y_A2_sky130_fd_sc_hd__or2_2_X/A (sky130_fd_sc_hd__or2_1)
     1    0.005116    0.118893    0.573064    5.495607 v filter.x_in[3]_sky130_fd_sc_hd__a21oi_2_B1_Y_sky130_fd_sc_hd__o31a_2_A3_A1_sky130_fd_sc_hd__a21oi_2_Y_A2_sky130_fd_sc_hd__or2_2_X/X (sky130_fd_sc_hd__or2_1)
                                                         filter.x_in[3]_sky130_fd_sc_hd__a21oi_2_B1_Y_sky130_fd_sc_hd__o31a_2_A3_A1_sky130_fd_sc_hd__a21oi_2_Y_A2 (net)
                      0.118893    0.000380    5.495987 v filter.x_in[3]_sky130_fd_sc_hd__a21oi_2_B1_Y_sky130_fd_sc_hd__o31a_2_A3_A1_sky130_fd_sc_hd__a21oi_2_Y/A2 (sky130_fd_sc_hd__a21oi_2)
     2    0.013476    0.304516    0.364277    5.860263 ^ filter.x_in[3]_sky130_fd_sc_hd__a21oi_2_B1_Y_sky130_fd_sc_hd__o31a_2_A3_A1_sky130_fd_sc_hd__a21oi_2_Y/Y (sky130_fd_sc_hd__a21oi_2)
                                                         filter.x_in[3]_sky130_fd_sc_hd__a21oi_2_B1_Y_sky130_fd_sc_hd__o31a_2_A3_A1 (net)
                      0.304525    0.001326    5.861589 ^ filter.x_in[3]_sky130_fd_sc_hd__a21oi_2_B1_Y_sky130_fd_sc_hd__nor2_2_B_Y_sky130_fd_sc_hd__xnor2_2_B/A (sky130_fd_sc_hd__xnor2_1)
     2    0.008586    0.372721    0.344736    6.206326 ^ filter.x_in[3]_sky130_fd_sc_hd__a21oi_2_B1_Y_sky130_fd_sc_hd__nor2_2_B_Y_sky130_fd_sc_hd__xnor2_2_B/Y (sky130_fd_sc_hd__xnor2_1)
                                                         filter.x_in[3]_sky130_fd_sc_hd__a21oi_2_B1_Y_sky130_fd_sc_hd__nor2_2_B_Y_sky130_fd_sc_hd__xnor2_2_B_Y (net)
                      0.372722    0.000590    6.206915 ^ filter.x_in[2]_sky130_fd_sc_hd__inv_2_A_Y_sky130_fd_sc_hd__o2bb2ai_2_B2_Y_sky130_fd_sc_hd__xor2_2_A/B (sky130_fd_sc_hd__xor2_1)
     2    0.009198    0.366135    0.483269    6.690185 ^ filter.x_in[2]_sky130_fd_sc_hd__inv_2_A_Y_sky130_fd_sc_hd__o2bb2ai_2_B2_Y_sky130_fd_sc_hd__xor2_2_A/X (sky130_fd_sc_hd__xor2_1)
                                                         filter.x_in[2]_sky130_fd_sc_hd__inv_2_A_Y_sky130_fd_sc_hd__o2bb2ai_2_B2_Y_sky130_fd_sc_hd__xor2_2_A_X (net)
                      0.366135    0.000584    6.690770 ^ filter.x_in[2]_sky130_fd_sc_hd__inv_2_A_Y_sky130_fd_sc_hd__o2bb2ai_2_B2_Y_sky130_fd_sc_hd__xor2_2_A_X_sky130_fd_sc_hd__xnor2_2_A/A (sky130_fd_sc_hd__xnor2_1)
     3    0.013333    0.257631    0.371601    7.062370 v filter.x_in[2]_sky130_fd_sc_hd__inv_2_A_Y_sky130_fd_sc_hd__o2bb2ai_2_B2_Y_sky130_fd_sc_hd__xor2_2_A_X_sky130_fd_sc_hd__xnor2_2_A/Y (sky130_fd_sc_hd__xnor2_1)
                                                         filter.x_in[2]_sky130_fd_sc_hd__inv_2_A_Y_sky130_fd_sc_hd__o2bb2ai_2_B2_Y_sky130_fd_sc_hd__xor2_2_A_X_sky130_fd_sc_hd__xnor2_2_A_Y (net)
                      0.257631    0.000959    7.063329 v filter.x_in[2]_sky130_fd_sc_hd__inv_2_A_Y_sky130_fd_sc_hd__o2bb2ai_2_B2_Y_sky130_fd_sc_hd__xor2_2_A_X_sky130_fd_sc_hd__xnor2_2_A_Y_sky130_fd_sc_hd__and3_2_C/C (sky130_fd_sc_hd__and3_1)
     2    0.004879    0.088518    0.473960    7.537288 v filter.x_in[2]_sky130_fd_sc_hd__inv_2_A_Y_sky130_fd_sc_hd__o2bb2ai_2_B2_Y_sky130_fd_sc_hd__xor2_2_A_X_sky130_fd_sc_hd__xnor2_2_A_Y_sky130_fd_sc_hd__and3_2_C/X (sky130_fd_sc_hd__and3_1)
                                                         filter.x_in[2]_sky130_fd_sc_hd__inv_2_A_Y_sky130_fd_sc_hd__o2bb2ai_2_B2_Y_sky130_fd_sc_hd__xor2_2_A_X_sky130_fd_sc_hd__xnor2_2_A_Y_sky130_fd_sc_hd__and3_2_C_X (net)
                      0.088518    0.000320    7.537608 v filter.x_in[2]_sky130_fd_sc_hd__inv_2_A_Y_sky130_fd_sc_hd__o2bb2ai_2_B2_Y_sky130_fd_sc_hd__xor2_2_A_X_sky130_fd_sc_hd__xnor2_2_A_Y_sky130_fd_sc_hd__and3_2_C_X_sky130_fd_sc_hd__nor2_2_B/B (sky130_fd_sc_hd__nor2_1)
     1    0.005813    0.210551    0.210812    7.748420 ^ filter.x_in[2]_sky130_fd_sc_hd__inv_2_A_Y_sky130_fd_sc_hd__o2bb2ai_2_B2_Y_sky130_fd_sc_hd__xor2_2_A_X_sky130_fd_sc_hd__xnor2_2_A_Y_sky130_fd_sc_hd__and3_2_C_X_sky130_fd_sc_hd__nor2_2_B/Y (sky130_fd_sc_hd__nor2_1)
                                                         filter.x_in[2]_sky130_fd_sc_hd__inv_2_A_Y_sky130_fd_sc_hd__xnor2_2_A_Y_sky130_fd_sc_hd__and2b_2_A_N_X_sky130_fd_sc_hd__a41oi_2_B1_Y_sky130_fd_sc_hd__xnor2_2_A_B (net)
                      0.210551    0.000468    7.748888 ^ filter.x_in[2]_sky130_fd_sc_hd__inv_2_A_Y_sky130_fd_sc_hd__xnor2_2_A_Y_sky130_fd_sc_hd__and2b_2_A_N_X_sky130_fd_sc_hd__a41oi_2_B1_Y_sky130_fd_sc_hd__xnor2_2_A/B (sky130_fd_sc_hd__xnor2_1)
     2    0.007663    0.344950    0.303314    8.052202 ^ filter.x_in[2]_sky130_fd_sc_hd__inv_2_A_Y_sky130_fd_sc_hd__xnor2_2_A_Y_sky130_fd_sc_hd__and2b_2_A_N_X_sky130_fd_sc_hd__a41oi_2_B1_Y_sky130_fd_sc_hd__xnor2_2_A/Y (sky130_fd_sc_hd__xnor2_1)
                                                         filter.x_in[2]_sky130_fd_sc_hd__inv_2_A_Y_sky130_fd_sc_hd__xnor2_2_A_Y_sky130_fd_sc_hd__and2b_2_A_N_X_sky130_fd_sc_hd__a41oi_2_B1_Y_sky130_fd_sc_hd__xnor2_2_A_Y (net)
                      0.344950    0.000329    8.052530 ^ filter.x_in[0]_sky130_fd_sc_hd__o21ai_2_A1_Y_sky130_fd_sc_hd__and2b_2_A_N_X_sky130_fd_sc_hd__o21ai_2_A2_Y_sky130_fd_sc_hd__xnor2_2_A_B_sky130_fd_sc_hd__xnor2_2_Y/A (sky130_fd_sc_hd__xnor2_1)
     2    0.008522    0.184329    0.306244    8.358774 v filter.x_in[0]_sky130_fd_sc_hd__o21ai_2_A1_Y_sky130_fd_sc_hd__and2b_2_A_N_X_sky130_fd_sc_hd__o21ai_2_A2_Y_sky130_fd_sc_hd__xnor2_2_A_B_sky130_fd_sc_hd__xnor2_2_Y/Y (sky130_fd_sc_hd__xnor2_1)
                                                         filter.x_in[0]_sky130_fd_sc_hd__o21ai_2_A1_Y_sky130_fd_sc_hd__and2b_2_A_N_X_sky130_fd_sc_hd__o21ai_2_A2_Y_sky130_fd_sc_hd__xnor2_2_A_B (net)
                      0.184329    0.000575    8.359349 v filter.x_in[0]_sky130_fd_sc_hd__o21ai_2_A1_Y_sky130_fd_sc_hd__and2b_2_A_N_X_sky130_fd_sc_hd__o21ai_2_A2_Y_sky130_fd_sc_hd__xnor2_2_A/B (sky130_fd_sc_hd__xnor2_1)
     3    0.012610    0.505132    0.504604    8.863954 ^ filter.x_in[0]_sky130_fd_sc_hd__o21ai_2_A1_Y_sky130_fd_sc_hd__and2b_2_A_N_X_sky130_fd_sc_hd__o21ai_2_A2_Y_sky130_fd_sc_hd__xnor2_2_A/Y (sky130_fd_sc_hd__xnor2_1)
                                                         filter.y_out[2]_sky130_fd_sc_hd__dfrtp_2_Q_D_sky130_fd_sc_hd__xor2_2_X_A_sky130_fd_sc_hd__xor2_2_X_A_sky130_fd_sc_hd__nand2_2_Y_B (net)
                      0.505135    0.001045    8.864999 ^ filter.y_out[2]_sky130_fd_sc_hd__dfrtp_2_Q_D_sky130_fd_sc_hd__xor2_2_X_B_sky130_fd_sc_hd__a21bo_2_X_B1_N_sky130_fd_sc_hd__or4b_2_X/D_N (sky130_fd_sc_hd__or4b_1)
     2    0.007083    0.226992    1.230453   10.095452 v filter.y_out[2]_sky130_fd_sc_hd__dfrtp_2_Q_D_sky130_fd_sc_hd__xor2_2_X_B_sky130_fd_sc_hd__a21bo_2_X_B1_N_sky130_fd_sc_hd__or4b_2_X/X (sky130_fd_sc_hd__or4b_1)
                                                         filter.y_out[2]_sky130_fd_sc_hd__dfrtp_2_Q_D_sky130_fd_sc_hd__xor2_2_X_B_sky130_fd_sc_hd__a21bo_2_X_B1_N (net)
                      0.226992    0.000510   10.095962 v filter.y_out[2]_sky130_fd_sc_hd__dfrtp_2_Q_D_sky130_fd_sc_hd__xor2_2_X_A_sky130_fd_sc_hd__xor2_2_X_A_sky130_fd_sc_hd__a21oi_2_A1/A2 (sky130_fd_sc_hd__a21oi_1)
     1    0.003583    0.190587    0.310259   10.406221 ^ filter.y_out[2]_sky130_fd_sc_hd__dfrtp_2_Q_D_sky130_fd_sc_hd__xor2_2_X_A_sky130_fd_sc_hd__xor2_2_X_A_sky130_fd_sc_hd__a21oi_2_A1/Y (sky130_fd_sc_hd__a21oi_1)
                                                         filter.y_out[2]_sky130_fd_sc_hd__dfrtp_2_Q_D_sky130_fd_sc_hd__xor2_2_X_A_sky130_fd_sc_hd__a31o_2_A3_B1 (net)
                      0.190587    0.000235   10.406456 ^ filter.y_out[2]_sky130_fd_sc_hd__dfrtp_2_Q_D_sky130_fd_sc_hd__xor2_2_X_A_sky130_fd_sc_hd__a31o_2_A3/B1 (sky130_fd_sc_hd__a31o_1)
     3    0.018663    0.303023    0.385584   10.792041 ^ filter.y_out[2]_sky130_fd_sc_hd__dfrtp_2_Q_D_sky130_fd_sc_hd__xor2_2_X_A_sky130_fd_sc_hd__a31o_2_A3/X (sky130_fd_sc_hd__a31o_1)
                                                         filter.y_out[3]_sky130_fd_sc_hd__dfrtp_2_Q_D_sky130_fd_sc_hd__nor2_2_Y_A_sky130_fd_sc_hd__and2b_2_X_B (net)
                      0.303027    0.001608   10.793648 ^ filter.y_out[5]_sky130_fd_sc_hd__dfrtp_2_Q_D_sky130_fd_sc_hd__xor2_2_X_A_sky130_fd_sc_hd__nor2_2_Y_A_sky130_fd_sc_hd__nor3b_2_Y/C_N (sky130_fd_sc_hd__nor3b_1)
     2    0.010127    0.612578    0.664151   11.457799 ^ filter.y_out[5]_sky130_fd_sc_hd__dfrtp_2_Q_D_sky130_fd_sc_hd__xor2_2_X_A_sky130_fd_sc_hd__nor2_2_Y_A_sky130_fd_sc_hd__nor3b_2_Y/Y (sky130_fd_sc_hd__nor3b_1)
                                                         filter.y_out[5]_sky130_fd_sc_hd__dfrtp_2_Q_D_sky130_fd_sc_hd__xor2_2_X_A_sky130_fd_sc_hd__nor2_2_Y_A (net)
                      0.612580    0.000863   11.458662 ^ filter.y_out[5]_sky130_fd_sc_hd__dfrtp_2_Q_D_sky130_fd_sc_hd__xor2_2_X_B_sky130_fd_sc_hd__o21bai_2_B1_N/A1 (sky130_fd_sc_hd__o21bai_2)
     3    0.022180    0.254934    0.441998   11.900661 v filter.y_out[5]_sky130_fd_sc_hd__dfrtp_2_Q_D_sky130_fd_sc_hd__xor2_2_X_B_sky130_fd_sc_hd__o21bai_2_B1_N/Y (sky130_fd_sc_hd__o21bai_2)
                                                         filter.y_out[6]_sky130_fd_sc_hd__dfrtp_2_Q_D_sky130_fd_sc_hd__xnor2_2_Y_A_sky130_fd_sc_hd__nand2_2_Y_B (net)
                      0.254976    0.003299   11.903959 v filter.y_out[6]_sky130_fd_sc_hd__dfrtp_2_Q_D_sky130_fd_sc_hd__xnor2_2_Y_B_sky130_fd_sc_hd__o311a_2_A2/A1 (sky130_fd_sc_hd__o311a_2)
     4    0.029722    0.211381    0.972833   12.876793 v filter.y_out[6]_sky130_fd_sc_hd__dfrtp_2_Q_D_sky130_fd_sc_hd__xnor2_2_Y_B_sky130_fd_sc_hd__o311a_2_A2/X (sky130_fd_sc_hd__o311a_2)
                                                         filter.y_out[6]_sky130_fd_sc_hd__dfrtp_2_Q_D_sky130_fd_sc_hd__xnor2_2_Y_B_sky130_fd_sc_hd__o311a_2_A2_X (net)
                      0.211473    0.004122   12.880915 v filter.y_out[13]_sky130_fd_sc_hd__dfrtp_2_Q_D_sky130_fd_sc_hd__xnor2_2_Y_B_sky130_fd_sc_hd__o31a_2_X/A1 (sky130_fd_sc_hd__o31a_1)
     3    0.015067    0.183416    0.724612   13.605527 v filter.y_out[13]_sky130_fd_sc_hd__dfrtp_2_Q_D_sky130_fd_sc_hd__xnor2_2_Y_B_sky130_fd_sc_hd__o31a_2_X/X (sky130_fd_sc_hd__o31a_1)
                                                         filter.y_out[13]_sky130_fd_sc_hd__dfrtp_2_Q_D_sky130_fd_sc_hd__xnor2_2_Y_B (net)
                      0.183420    0.001195   13.606723 v filter.y_out[14]_sky130_fd_sc_hd__dfrtp_2_Q_D_sky130_fd_sc_hd__xnor2_2_Y_B_sky130_fd_sc_hd__o21ai_2_Y/A2 (sky130_fd_sc_hd__o21ai_1)
     1    0.005068    0.225788    0.286835   13.893557 ^ filter.y_out[14]_sky130_fd_sc_hd__dfrtp_2_Q_D_sky130_fd_sc_hd__xnor2_2_Y_B_sky130_fd_sc_hd__o21ai_2_Y/Y (sky130_fd_sc_hd__o21ai_1)
                                                         filter.y_out[14]_sky130_fd_sc_hd__dfrtp_2_Q_D_sky130_fd_sc_hd__xnor2_2_Y_B (net)
                      0.225788    0.000244   13.893801 ^ filter.y_out[14]_sky130_fd_sc_hd__dfrtp_2_Q_D_sky130_fd_sc_hd__xnor2_2_Y/B (sky130_fd_sc_hd__xnor2_1)
     1    0.003786    0.120122    0.187524   14.081325 v filter.y_out[14]_sky130_fd_sc_hd__dfrtp_2_Q_D_sky130_fd_sc_hd__xnor2_2_Y/Y (sky130_fd_sc_hd__xnor2_1)
                                                         filter.y_out[14]_sky130_fd_sc_hd__dfrtp_2_Q_D (net)
                      0.120122    0.000155   14.081479 v filter.y_out[14]_sky130_fd_sc_hd__dfrtp_2_Q/D (sky130_fd_sc_hd__dfrtp_4)
                                             14.081479   data arrival time

                                 30.000000   30.000000   clock clk (rise edge)
                                  0.000000   30.000000   clock source latency
     1    0.042471    0.306377    0.217000   30.216999 ^ clk (in)
                                                         clk (net)
                      0.306741    0.000000   30.216999 ^ clkbuf_0_clk/A (sky130_fd_sc_hd__clkbuf_16)
     8    0.141131    0.236430    0.455319   30.672319 ^ clkbuf_0_clk/X (sky130_fd_sc_hd__clkbuf_16)
                                                         clknet_0_clk (net)
                      0.239980    0.023128   30.695448 ^ clkbuf_3_2__f_clk/A (sky130_fd_sc_hd__clkbuf_16)
     9    0.050824    0.108508    0.338403   31.033850 ^ clkbuf_3_2__f_clk/X (sky130_fd_sc_hd__clkbuf_16)
                                                         clknet_3_2__leaf_clk (net)
                      0.108668    0.003546   31.037395 ^ filter.y_out[14]_sky130_fd_sc_hd__dfrtp_2_Q/CLK (sky130_fd_sc_hd__dfrtp_4)
                                 -0.250000   30.787395   clock uncertainty
                                  0.000000   30.787395   clock reconvergence pessimism
                                 -0.285390   30.502005   library setup time
                                             30.502005   data required time
---------------------------------------------------------------------------------------------
                                             30.502005   data required time
                                            -14.081479   data arrival time
---------------------------------------------------------------------------------------------
                                             16.420527   slack (MET)


Startpoint: filter.y_out[10]_sky130_fd_sc_hd__dfrtp_2_Q
            (rising edge-triggered flip-flop clocked by clk)
Endpoint: filter.y_out[13]_sky130_fd_sc_hd__dfrtp_2_Q
          (rising edge-triggered flip-flop clocked by clk)
Path Group: clk
Path Type: max

Fanout         Cap        Slew       Delay        Time   Description
---------------------------------------------------------------------------------------------
                                  0.000000    0.000000   clock clk (rise edge)
                                  0.000000    0.000000   clock source latency
     1    0.042471    0.306377    0.216999    0.216999 ^ clk (in)
                                                         clk (net)
                      0.306741    0.000000    0.216999 ^ clkbuf_0_clk/A (sky130_fd_sc_hd__clkbuf_16)
     8    0.141131    0.236430    0.455319    0.672318 ^ clkbuf_0_clk/X (sky130_fd_sc_hd__clkbuf_16)
                                                         clknet_0_clk (net)
                      0.239769    0.022451    0.694769 ^ clkbuf_3_3__f_clk/A (sky130_fd_sc_hd__clkbuf_16)
     6    0.047673    0.104277    0.334929    1.029697 ^ clkbuf_3_3__f_clk/X (sky130_fd_sc_hd__clkbuf_16)
                                                         clknet_3_3__leaf_clk (net)
                      0.104332    0.002165    1.031862 ^ filter.y_out[10]_sky130_fd_sc_hd__dfrtp_2_Q/CLK (sky130_fd_sc_hd__dfrtp_1)
     3    0.019889    0.217789    0.895575    1.927437 v filter.y_out[10]_sky130_fd_sc_hd__dfrtp_2_Q/Q (sky130_fd_sc_hd__dfrtp_1)
                                                         filter.y_out[10] (net)
                      0.217796    0.001569    1.929006 v fanout24/A (sky130_fd_sc_hd__buf_4)
    10    0.072056    0.179608    0.435194    2.364200 v fanout24/X (sky130_fd_sc_hd__buf_4)
                                                         net24 (net)
                      0.179792    0.005233    2.369432 v filter.x_in[12]_sky130_fd_sc_hd__a21oi_2_A1_B1_sky130_fd_sc_hd__and3_2_X_B_sky130_fd_sc_hd__a22o_2_X_A1_sky130_fd_sc_hd__nand2_2_Y_A_sky130_fd_sc_hd__or2_2_X/A (sky130_fd_sc_hd__or2_2)
     7    0.030373    0.234925    0.880356    3.249789 v filter.x_in[12]_sky130_fd_sc_hd__a21oi_2_A1_B1_sky130_fd_sc_hd__and3_2_X_B_sky130_fd_sc_hd__a22o_2_X_A1_sky130_fd_sc_hd__nand2_2_Y_A_sky130_fd_sc_hd__or2_2_X/X (sky130_fd_sc_hd__or2_2)
                                                         filter.x_in[12]_sky130_fd_sc_hd__a21oi_2_A1_B1_sky130_fd_sc_hd__and3_2_X_B_sky130_fd_sc_hd__a22o_2_X_A1_sky130_fd_sc_hd__nand2_2_Y_A (net)
                      0.234930    0.001517    3.251305 v filter.x_in[9]_sky130_fd_sc_hd__xnor2_2_A_B_sky130_fd_sc_hd__xor2_2_X_A_sky130_fd_sc_hd__xnor2_2_Y_A_sky130_fd_sc_hd__a21o_2_X_B1_sky130_fd_sc_hd__and3_2_X/A (sky130_fd_sc_hd__and3_1)
     3    0.011130    0.139739    0.441327    3.692632 v filter.x_in[9]_sky130_fd_sc_hd__xnor2_2_A_B_sky130_fd_sc_hd__xor2_2_X_A_sky130_fd_sc_hd__xnor2_2_Y_A_sky130_fd_sc_hd__a21o_2_X_B1_sky130_fd_sc_hd__and3_2_X/X (sky130_fd_sc_hd__and3_1)
                                                         filter.x_in[9]_sky130_fd_sc_hd__xnor2_2_A_B_sky130_fd_sc_hd__xor2_2_X_A_sky130_fd_sc_hd__xnor2_2_Y_A_sky130_fd_sc_hd__a21o_2_X_B1 (net)
                      0.139739    0.000401    3.693033 v filter.x_in[9]_sky130_fd_sc_hd__xnor2_2_A_B_sky130_fd_sc_hd__xor2_2_X_A_sky130_fd_sc_hd__xnor2_2_Y_A_sky130_fd_sc_hd__a21o_2_X_B1_sky130_fd_sc_hd__a311o_2_B1/B1 (sky130_fd_sc_hd__a311o_1)
     2    0.020280    0.240709    0.779628    4.472661 v filter.x_in[9]_sky130_fd_sc_hd__xnor2_2_A_B_sky130_fd_sc_hd__xor2_2_X_A_sky130_fd_sc_hd__xnor2_2_Y_A_sky130_fd_sc_hd__a21o_2_X_B1_sky130_fd_sc_hd__a311o_2_B1/X (sky130_fd_sc_hd__a311o_1)
                                                         filter.x_in[9]_sky130_fd_sc_hd__xnor2_2_A_B_sky130_fd_sc_hd__xor2_2_X_A_sky130_fd_sc_hd__xnor2_2_Y_A_sky130_fd_sc_hd__a21o_2_X_B1_sky130_fd_sc_hd__a311o_2_B1_X (net)
                      0.240740    0.002807    4.475468 v fanout12/A (sky130_fd_sc_hd__clkbuf_4)
    10    0.049982    0.189359    0.444059    4.919526 v fanout12/X (sky130_fd_sc_hd__clkbuf_4)
                                                         net12 (net)
                      0.189412    0.003017    4.922543 v filter.x_in[3]_sky130_fd_sc_hd__a21oi_2_B1_Y_sky130_fd_sc_hd__o31a_2_A3_A1_sky130_fd_sc_hd__a21oi_2_Y_A2_sky130_fd_sc_hd__or2_2_X/A (sky130_fd_sc_hd__or2_1)
     1    0.005116    0.118893    0.573064    5.495607 v filter.x_in[3]_sky130_fd_sc_hd__a21oi_2_B1_Y_sky130_fd_sc_hd__o31a_2_A3_A1_sky130_fd_sc_hd__a21oi_2_Y_A2_sky130_fd_sc_hd__or2_2_X/X (sky130_fd_sc_hd__or2_1)
                                                         filter.x_in[3]_sky130_fd_sc_hd__a21oi_2_B1_Y_sky130_fd_sc_hd__o31a_2_A3_A1_sky130_fd_sc_hd__a21oi_2_Y_A2 (net)
                      0.118893    0.000380    5.495987 v filter.x_in[3]_sky130_fd_sc_hd__a21oi_2_B1_Y_sky130_fd_sc_hd__o31a_2_A3_A1_sky130_fd_sc_hd__a21oi_2_Y/A2 (sky130_fd_sc_hd__a21oi_2)
     2    0.013476    0.304516    0.364277    5.860263 ^ filter.x_in[3]_sky130_fd_sc_hd__a21oi_2_B1_Y_sky130_fd_sc_hd__o31a_2_A3_A1_sky130_fd_sc_hd__a21oi_2_Y/Y (sky130_fd_sc_hd__a21oi_2)
                                                         filter.x_in[3]_sky130_fd_sc_hd__a21oi_2_B1_Y_sky130_fd_sc_hd__o31a_2_A3_A1 (net)
                      0.304525    0.001326    5.861589 ^ filter.x_in[3]_sky130_fd_sc_hd__a21oi_2_B1_Y_sky130_fd_sc_hd__nor2_2_B_Y_sky130_fd_sc_hd__xnor2_2_B/A (sky130_fd_sc_hd__xnor2_1)
     2    0.008586    0.372721    0.344736    6.206326 ^ filter.x_in[3]_sky130_fd_sc_hd__a21oi_2_B1_Y_sky130_fd_sc_hd__nor2_2_B_Y_sky130_fd_sc_hd__xnor2_2_B/Y (sky130_fd_sc_hd__xnor2_1)
                                                         filter.x_in[3]_sky130_fd_sc_hd__a21oi_2_B1_Y_sky130_fd_sc_hd__nor2_2_B_Y_sky130_fd_sc_hd__xnor2_2_B_Y (net)
                      0.372722    0.000590    6.206915 ^ filter.x_in[2]_sky130_fd_sc_hd__inv_2_A_Y_sky130_fd_sc_hd__o2bb2ai_2_B2_Y_sky130_fd_sc_hd__xor2_2_A/B (sky130_fd_sc_hd__xor2_1)
     2    0.009198    0.366135    0.483269    6.690185 ^ filter.x_in[2]_sky130_fd_sc_hd__inv_2_A_Y_sky130_fd_sc_hd__o2bb2ai_2_B2_Y_sky130_fd_sc_hd__xor2_2_A/X (sky130_fd_sc_hd__xor2_1)
                                                         filter.x_in[2]_sky130_fd_sc_hd__inv_2_A_Y_sky130_fd_sc_hd__o2bb2ai_2_B2_Y_sky130_fd_sc_hd__xor2_2_A_X (net)
                      0.366135    0.000584    6.690770 ^ filter.x_in[2]_sky130_fd_sc_hd__inv_2_A_Y_sky130_fd_sc_hd__o2bb2ai_2_B2_Y_sky130_fd_sc_hd__xor2_2_A_X_sky130_fd_sc_hd__xnor2_2_A/A (sky130_fd_sc_hd__xnor2_1)
     3    0.013333    0.257631    0.371601    7.062370 v filter.x_in[2]_sky130_fd_sc_hd__inv_2_A_Y_sky130_fd_sc_hd__o2bb2ai_2_B2_Y_sky130_fd_sc_hd__xor2_2_A_X_sky130_fd_sc_hd__xnor2_2_A/Y (sky130_fd_sc_hd__xnor2_1)
                                                         filter.x_in[2]_sky130_fd_sc_hd__inv_2_A_Y_sky130_fd_sc_hd__o2bb2ai_2_B2_Y_sky130_fd_sc_hd__xor2_2_A_X_sky130_fd_sc_hd__xnor2_2_A_Y (net)
                      0.257631    0.000959    7.063329 v filter.x_in[2]_sky130_fd_sc_hd__inv_2_A_Y_sky130_fd_sc_hd__o2bb2ai_2_B2_Y_sky130_fd_sc_hd__xor2_2_A_X_sky130_fd_sc_hd__xnor2_2_A_Y_sky130_fd_sc_hd__and3_2_C/C (sky130_fd_sc_hd__and3_1)
     2    0.004879    0.088518    0.473960    7.537288 v filter.x_in[2]_sky130_fd_sc_hd__inv_2_A_Y_sky130_fd_sc_hd__o2bb2ai_2_B2_Y_sky130_fd_sc_hd__xor2_2_A_X_sky130_fd_sc_hd__xnor2_2_A_Y_sky130_fd_sc_hd__and3_2_C/X (sky130_fd_sc_hd__and3_1)
                                                         filter.x_in[2]_sky130_fd_sc_hd__inv_2_A_Y_sky130_fd_sc_hd__o2bb2ai_2_B2_Y_sky130_fd_sc_hd__xor2_2_A_X_sky130_fd_sc_hd__xnor2_2_A_Y_sky130_fd_sc_hd__and3_2_C_X (net)
                      0.088518    0.000320    7.537608 v filter.x_in[2]_sky130_fd_sc_hd__inv_2_A_Y_sky130_fd_sc_hd__o2bb2ai_2_B2_Y_sky130_fd_sc_hd__xor2_2_A_X_sky130_fd_sc_hd__xnor2_2_A_Y_sky130_fd_sc_hd__and3_2_C_X_sky130_fd_sc_hd__nor2_2_B/B (sky130_fd_sc_hd__nor2_1)
     1    0.005813    0.210551    0.210812    7.748420 ^ filter.x_in[2]_sky130_fd_sc_hd__inv_2_A_Y_sky130_fd_sc_hd__o2bb2ai_2_B2_Y_sky130_fd_sc_hd__xor2_2_A_X_sky130_fd_sc_hd__xnor2_2_A_Y_sky130_fd_sc_hd__and3_2_C_X_sky130_fd_sc_hd__nor2_2_B/Y (sky130_fd_sc_hd__nor2_1)
                                                         filter.x_in[2]_sky130_fd_sc_hd__inv_2_A_Y_sky130_fd_sc_hd__xnor2_2_A_Y_sky130_fd_sc_hd__and2b_2_A_N_X_sky130_fd_sc_hd__a41oi_2_B1_Y_sky130_fd_sc_hd__xnor2_2_A_B (net)
                      0.210551    0.000468    7.748888 ^ filter.x_in[2]_sky130_fd_sc_hd__inv_2_A_Y_sky130_fd_sc_hd__xnor2_2_A_Y_sky130_fd_sc_hd__and2b_2_A_N_X_sky130_fd_sc_hd__a41oi_2_B1_Y_sky130_fd_sc_hd__xnor2_2_A/B (sky130_fd_sc_hd__xnor2_1)
     2    0.007663    0.344950    0.303314    8.052202 ^ filter.x_in[2]_sky130_fd_sc_hd__inv_2_A_Y_sky130_fd_sc_hd__xnor2_2_A_Y_sky130_fd_sc_hd__and2b_2_A_N_X_sky130_fd_sc_hd__a41oi_2_B1_Y_sky130_fd_sc_hd__xnor2_2_A/Y (sky130_fd_sc_hd__xnor2_1)
                                                         filter.x_in[2]_sky130_fd_sc_hd__inv_2_A_Y_sky130_fd_sc_hd__xnor2_2_A_Y_sky130_fd_sc_hd__and2b_2_A_N_X_sky130_fd_sc_hd__a41oi_2_B1_Y_sky130_fd_sc_hd__xnor2_2_A_Y (net)
                      0.344950    0.000329    8.052530 ^ filter.x_in[0]_sky130_fd_sc_hd__o21ai_2_A1_Y_sky130_fd_sc_hd__and2b_2_A_N_X_sky130_fd_sc_hd__o21ai_2_A2_Y_sky130_fd_sc_hd__xnor2_2_A_B_sky130_fd_sc_hd__xnor2_2_Y/A (sky130_fd_sc_hd__xnor2_1)
     2    0.008522    0.184329    0.306244    8.358774 v filter.x_in[0]_sky130_fd_sc_hd__o21ai_2_A1_Y_sky130_fd_sc_hd__and2b_2_A_N_X_sky130_fd_sc_hd__o21ai_2_A2_Y_sky130_fd_sc_hd__xnor2_2_A_B_sky130_fd_sc_hd__xnor2_2_Y/Y (sky130_fd_sc_hd__xnor2_1)
                                                         filter.x_in[0]_sky130_fd_sc_hd__o21ai_2_A1_Y_sky130_fd_sc_hd__and2b_2_A_N_X_sky130_fd_sc_hd__o21ai_2_A2_Y_sky130_fd_sc_hd__xnor2_2_A_B (net)
                      0.184329    0.000575    8.359349 v filter.x_in[0]_sky130_fd_sc_hd__o21ai_2_A1_Y_sky130_fd_sc_hd__and2b_2_A_N_X_sky130_fd_sc_hd__o21ai_2_A2_Y_sky130_fd_sc_hd__xnor2_2_A/B (sky130_fd_sc_hd__xnor2_1)
     3    0.012610    0.505132    0.504604    8.863954 ^ filter.x_in[0]_sky130_fd_sc_hd__o21ai_2_A1_Y_sky130_fd_sc_hd__and2b_2_A_N_X_sky130_fd_sc_hd__o21ai_2_A2_Y_sky130_fd_sc_hd__xnor2_2_A/Y (sky130_fd_sc_hd__xnor2_1)
                                                         filter.y_out[2]_sky130_fd_sc_hd__dfrtp_2_Q_D_sky130_fd_sc_hd__xor2_2_X_A_sky130_fd_sc_hd__xor2_2_X_A_sky130_fd_sc_hd__nand2_2_Y_B (net)
                      0.505135    0.001045    8.864999 ^ filter.y_out[2]_sky130_fd_sc_hd__dfrtp_2_Q_D_sky130_fd_sc_hd__xor2_2_X_B_sky130_fd_sc_hd__a21bo_2_X_B1_N_sky130_fd_sc_hd__or4b_2_X/D_N (sky130_fd_sc_hd__or4b_1)
     2    0.007083    0.226992    1.230453   10.095452 v filter.y_out[2]_sky130_fd_sc_hd__dfrtp_2_Q_D_sky130_fd_sc_hd__xor2_2_X_B_sky130_fd_sc_hd__a21bo_2_X_B1_N_sky130_fd_sc_hd__or4b_2_X/X (sky130_fd_sc_hd__or4b_1)
                                                         filter.y_out[2]_sky130_fd_sc_hd__dfrtp_2_Q_D_sky130_fd_sc_hd__xor2_2_X_B_sky130_fd_sc_hd__a21bo_2_X_B1_N (net)
                      0.226992    0.000510   10.095962 v filter.y_out[2]_sky130_fd_sc_hd__dfrtp_2_Q_D_sky130_fd_sc_hd__xor2_2_X_A_sky130_fd_sc_hd__xor2_2_X_A_sky130_fd_sc_hd__a21oi_2_A1/A2 (sky130_fd_sc_hd__a21oi_1)
     1    0.003583    0.190587    0.310259   10.406221 ^ filter.y_out[2]_sky130_fd_sc_hd__dfrtp_2_Q_D_sky130_fd_sc_hd__xor2_2_X_A_sky130_fd_sc_hd__xor2_2_X_A_sky130_fd_sc_hd__a21oi_2_A1/Y (sky130_fd_sc_hd__a21oi_1)
                                                         filter.y_out[2]_sky130_fd_sc_hd__dfrtp_2_Q_D_sky130_fd_sc_hd__xor2_2_X_A_sky130_fd_sc_hd__a31o_2_A3_B1 (net)
                      0.190587    0.000235   10.406456 ^ filter.y_out[2]_sky130_fd_sc_hd__dfrtp_2_Q_D_sky130_fd_sc_hd__xor2_2_X_A_sky130_fd_sc_hd__a31o_2_A3/B1 (sky130_fd_sc_hd__a31o_1)
     3    0.018663    0.303023    0.385584   10.792041 ^ filter.y_out[2]_sky130_fd_sc_hd__dfrtp_2_Q_D_sky130_fd_sc_hd__xor2_2_X_A_sky130_fd_sc_hd__a31o_2_A3/X (sky130_fd_sc_hd__a31o_1)
                                                         filter.y_out[3]_sky130_fd_sc_hd__dfrtp_2_Q_D_sky130_fd_sc_hd__nor2_2_Y_A_sky130_fd_sc_hd__and2b_2_X_B (net)
                      0.303027    0.001608   10.793648 ^ filter.y_out[5]_sky130_fd_sc_hd__dfrtp_2_Q_D_sky130_fd_sc_hd__xor2_2_X_A_sky130_fd_sc_hd__nor2_2_Y_A_sky130_fd_sc_hd__nor3b_2_Y/C_N (sky130_fd_sc_hd__nor3b_1)
     2    0.010127    0.612578    0.664151   11.457799 ^ filter.y_out[5]_sky130_fd_sc_hd__dfrtp_2_Q_D_sky130_fd_sc_hd__xor2_2_X_A_sky130_fd_sc_hd__nor2_2_Y_A_sky130_fd_sc_hd__nor3b_2_Y/Y (sky130_fd_sc_hd__nor3b_1)
                                                         filter.y_out[5]_sky130_fd_sc_hd__dfrtp_2_Q_D_sky130_fd_sc_hd__xor2_2_X_A_sky130_fd_sc_hd__nor2_2_Y_A (net)
                      0.612580    0.000863   11.458662 ^ filter.y_out[5]_sky130_fd_sc_hd__dfrtp_2_Q_D_sky130_fd_sc_hd__xor2_2_X_B_sky130_fd_sc_hd__o21bai_2_B1_N/A1 (sky130_fd_sc_hd__o21bai_2)
     3    0.022180    0.254934    0.441998   11.900661 v filter.y_out[5]_sky130_fd_sc_hd__dfrtp_2_Q_D_sky130_fd_sc_hd__xor2_2_X_B_sky130_fd_sc_hd__o21bai_2_B1_N/Y (sky130_fd_sc_hd__o21bai_2)
                                                         filter.y_out[6]_sky130_fd_sc_hd__dfrtp_2_Q_D_sky130_fd_sc_hd__xnor2_2_Y_A_sky130_fd_sc_hd__nand2_2_Y_B (net)
                      0.254976    0.003299   11.903959 v filter.y_out[6]_sky130_fd_sc_hd__dfrtp_2_Q_D_sky130_fd_sc_hd__xnor2_2_Y_B_sky130_fd_sc_hd__o311a_2_A2/A1 (sky130_fd_sc_hd__o311a_2)
     4    0.029722    0.211381    0.972833   12.876793 v filter.y_out[6]_sky130_fd_sc_hd__dfrtp_2_Q_D_sky130_fd_sc_hd__xnor2_2_Y_B_sky130_fd_sc_hd__o311a_2_A2/X (sky130_fd_sc_hd__o311a_2)
                                                         filter.y_out[6]_sky130_fd_sc_hd__dfrtp_2_Q_D_sky130_fd_sc_hd__xnor2_2_Y_B_sky130_fd_sc_hd__o311a_2_A2_X (net)
                      0.211473    0.004122   12.880915 v filter.y_out[13]_sky130_fd_sc_hd__dfrtp_2_Q_D_sky130_fd_sc_hd__xnor2_2_Y_B_sky130_fd_sc_hd__o31a_2_X/A1 (sky130_fd_sc_hd__o31a_1)
     3    0.015067    0.183416    0.724612   13.605527 v filter.y_out[13]_sky130_fd_sc_hd__dfrtp_2_Q_D_sky130_fd_sc_hd__xnor2_2_Y_B_sky130_fd_sc_hd__o31a_2_X/X (sky130_fd_sc_hd__o31a_1)
                                                         filter.y_out[13]_sky130_fd_sc_hd__dfrtp_2_Q_D_sky130_fd_sc_hd__xnor2_2_Y_B (net)
                      0.183420    0.001200   13.606727 v filter.y_out[13]_sky130_fd_sc_hd__dfrtp_2_Q_D_sky130_fd_sc_hd__xnor2_2_Y/B (sky130_fd_sc_hd__xnor2_1)
     1    0.003793    0.125849    0.267233   13.873960 v filter.y_out[13]_sky130_fd_sc_hd__dfrtp_2_Q_D_sky130_fd_sc_hd__xnor2_2_Y/Y (sky130_fd_sc_hd__xnor2_1)
                                                         filter.y_out[13]_sky130_fd_sc_hd__dfrtp_2_Q_D (net)
                      0.125849    0.000285   13.874246 v filter.y_out[13]_sky130_fd_sc_hd__dfrtp_2_Q/D (sky130_fd_sc_hd__dfrtp_1)
                                             13.874246   data arrival time

                                 30.000000   30.000000   clock clk (rise edge)
                                  0.000000   30.000000   clock source latency
     1    0.042471    0.306377    0.217000   30.216999 ^ clk (in)
                                                         clk (net)
                      0.306741    0.000000   30.216999 ^ clkbuf_0_clk/A (sky130_fd_sc_hd__clkbuf_16)
     8    0.141131    0.236430    0.455319   30.672319 ^ clkbuf_0_clk/X (sky130_fd_sc_hd__clkbuf_16)
                                                         clknet_0_clk (net)
                      0.239980    0.023128   30.695448 ^ clkbuf_3_2__f_clk/A (sky130_fd_sc_hd__clkbuf_16)
     9    0.050824    0.108508    0.338403   31.033850 ^ clkbuf_3_2__f_clk/X (sky130_fd_sc_hd__clkbuf_16)
                                                         clknet_3_2__leaf_clk (net)
                      0.108692    0.003791   31.037642 ^ filter.y_out[13]_sky130_fd_sc_hd__dfrtp_2_Q/CLK (sky130_fd_sc_hd__dfrtp_1)
                                 -0.250000   30.787640   clock uncertainty
                                  0.000000   30.787640   clock reconvergence pessimism
                                 -0.289529   30.498112   library setup time
                                             30.498112   data required time
---------------------------------------------------------------------------------------------
                                             30.498112   data required time
                                            -13.874246   data arrival time
---------------------------------------------------------------------------------------------
                                             16.623865   slack (MET)


Startpoint: filter.y_out[10]_sky130_fd_sc_hd__dfrtp_2_Q
            (rising edge-triggered flip-flop clocked by clk)
Endpoint: filter.y_out[12]_sky130_fd_sc_hd__dfrtp_2_Q
          (rising edge-triggered flip-flop clocked by clk)
Path Group: clk
Path Type: max

Fanout         Cap        Slew       Delay        Time   Description
---------------------------------------------------------------------------------------------
                                  0.000000    0.000000   clock clk (rise edge)
                                  0.000000    0.000000   clock source latency
     1    0.042471    0.306377    0.216999    0.216999 ^ clk (in)
                                                         clk (net)
                      0.306741    0.000000    0.216999 ^ clkbuf_0_clk/A (sky130_fd_sc_hd__clkbuf_16)
     8    0.141131    0.236430    0.455319    0.672318 ^ clkbuf_0_clk/X (sky130_fd_sc_hd__clkbuf_16)
                                                         clknet_0_clk (net)
                      0.239769    0.022451    0.694769 ^ clkbuf_3_3__f_clk/A (sky130_fd_sc_hd__clkbuf_16)
     6    0.047673    0.104277    0.334929    1.029697 ^ clkbuf_3_3__f_clk/X (sky130_fd_sc_hd__clkbuf_16)
                                                         clknet_3_3__leaf_clk (net)
                      0.104332    0.002165    1.031862 ^ filter.y_out[10]_sky130_fd_sc_hd__dfrtp_2_Q/CLK (sky130_fd_sc_hd__dfrtp_1)
     3    0.019889    0.217789    0.895575    1.927437 v filter.y_out[10]_sky130_fd_sc_hd__dfrtp_2_Q/Q (sky130_fd_sc_hd__dfrtp_1)
                                                         filter.y_out[10] (net)
                      0.217796    0.001569    1.929006 v fanout24/A (sky130_fd_sc_hd__buf_4)
    10    0.072056    0.179608    0.435194    2.364200 v fanout24/X (sky130_fd_sc_hd__buf_4)
                                                         net24 (net)
                      0.179792    0.005233    2.369432 v filter.x_in[12]_sky130_fd_sc_hd__a21oi_2_A1_B1_sky130_fd_sc_hd__and3_2_X_B_sky130_fd_sc_hd__a22o_2_X_A1_sky130_fd_sc_hd__nand2_2_Y_A_sky130_fd_sc_hd__or2_2_X/A (sky130_fd_sc_hd__or2_2)
     7    0.030373    0.234925    0.880356    3.249789 v filter.x_in[12]_sky130_fd_sc_hd__a21oi_2_A1_B1_sky130_fd_sc_hd__and3_2_X_B_sky130_fd_sc_hd__a22o_2_X_A1_sky130_fd_sc_hd__nand2_2_Y_A_sky130_fd_sc_hd__or2_2_X/X (sky130_fd_sc_hd__or2_2)
                                                         filter.x_in[12]_sky130_fd_sc_hd__a21oi_2_A1_B1_sky130_fd_sc_hd__and3_2_X_B_sky130_fd_sc_hd__a22o_2_X_A1_sky130_fd_sc_hd__nand2_2_Y_A (net)
                      0.234930    0.001517    3.251305 v filter.x_in[9]_sky130_fd_sc_hd__xnor2_2_A_B_sky130_fd_sc_hd__xor2_2_X_A_sky130_fd_sc_hd__xnor2_2_Y_A_sky130_fd_sc_hd__a21o_2_X_B1_sky130_fd_sc_hd__and3_2_X/A (sky130_fd_sc_hd__and3_1)
     3    0.011130    0.139739    0.441327    3.692632 v filter.x_in[9]_sky130_fd_sc_hd__xnor2_2_A_B_sky130_fd_sc_hd__xor2_2_X_A_sky130_fd_sc_hd__xnor2_2_Y_A_sky130_fd_sc_hd__a21o_2_X_B1_sky130_fd_sc_hd__and3_2_X/X (sky130_fd_sc_hd__and3_1)
                                                         filter.x_in[9]_sky130_fd_sc_hd__xnor2_2_A_B_sky130_fd_sc_hd__xor2_2_X_A_sky130_fd_sc_hd__xnor2_2_Y_A_sky130_fd_sc_hd__a21o_2_X_B1 (net)
                      0.139739    0.000401    3.693033 v filter.x_in[9]_sky130_fd_sc_hd__xnor2_2_A_B_sky130_fd_sc_hd__xor2_2_X_A_sky130_fd_sc_hd__xnor2_2_Y_A_sky130_fd_sc_hd__a21o_2_X_B1_sky130_fd_sc_hd__a311o_2_B1/B1 (sky130_fd_sc_hd__a311o_1)
     2    0.020280    0.240709    0.779628    4.472661 v filter.x_in[9]_sky130_fd_sc_hd__xnor2_2_A_B_sky130_fd_sc_hd__xor2_2_X_A_sky130_fd_sc_hd__xnor2_2_Y_A_sky130_fd_sc_hd__a21o_2_X_B1_sky130_fd_sc_hd__a311o_2_B1/X (sky130_fd_sc_hd__a311o_1)
                                                         filter.x_in[9]_sky130_fd_sc_hd__xnor2_2_A_B_sky130_fd_sc_hd__xor2_2_X_A_sky130_fd_sc_hd__xnor2_2_Y_A_sky130_fd_sc_hd__a21o_2_X_B1_sky130_fd_sc_hd__a311o_2_B1_X (net)
                      0.240740    0.002807    4.475468 v fanout12/A (sky130_fd_sc_hd__clkbuf_4)
    10    0.049982    0.189359    0.444059    4.919526 v fanout12/X (sky130_fd_sc_hd__clkbuf_4)
                                                         net12 (net)
                      0.189412    0.003017    4.922543 v filter.x_in[3]_sky130_fd_sc_hd__a21oi_2_B1_Y_sky130_fd_sc_hd__o31a_2_A3_A1_sky130_fd_sc_hd__a21oi_2_Y_A2_sky130_fd_sc_hd__or2_2_X/A (sky130_fd_sc_hd__or2_1)
     1    0.005116    0.118893    0.573064    5.495607 v filter.x_in[3]_sky130_fd_sc_hd__a21oi_2_B1_Y_sky130_fd_sc_hd__o31a_2_A3_A1_sky130_fd_sc_hd__a21oi_2_Y_A2_sky130_fd_sc_hd__or2_2_X/X (sky130_fd_sc_hd__or2_1)
                                                         filter.x_in[3]_sky130_fd_sc_hd__a21oi_2_B1_Y_sky130_fd_sc_hd__o31a_2_A3_A1_sky130_fd_sc_hd__a21oi_2_Y_A2 (net)
                      0.118893    0.000380    5.495987 v filter.x_in[3]_sky130_fd_sc_hd__a21oi_2_B1_Y_sky130_fd_sc_hd__o31a_2_A3_A1_sky130_fd_sc_hd__a21oi_2_Y/A2 (sky130_fd_sc_hd__a21oi_2)
     2    0.013476    0.304516    0.364277    5.860263 ^ filter.x_in[3]_sky130_fd_sc_hd__a21oi_2_B1_Y_sky130_fd_sc_hd__o31a_2_A3_A1_sky130_fd_sc_hd__a21oi_2_Y/Y (sky130_fd_sc_hd__a21oi_2)
                                                         filter.x_in[3]_sky130_fd_sc_hd__a21oi_2_B1_Y_sky130_fd_sc_hd__o31a_2_A3_A1 (net)
                      0.304525    0.001326    5.861589 ^ filter.x_in[3]_sky130_fd_sc_hd__a21oi_2_B1_Y_sky130_fd_sc_hd__nor2_2_B_Y_sky130_fd_sc_hd__xnor2_2_B/A (sky130_fd_sc_hd__xnor2_1)
     2    0.008586    0.372721    0.344736    6.206326 ^ filter.x_in[3]_sky130_fd_sc_hd__a21oi_2_B1_Y_sky130_fd_sc_hd__nor2_2_B_Y_sky130_fd_sc_hd__xnor2_2_B/Y (sky130_fd_sc_hd__xnor2_1)
                                                         filter.x_in[3]_sky130_fd_sc_hd__a21oi_2_B1_Y_sky130_fd_sc_hd__nor2_2_B_Y_sky130_fd_sc_hd__xnor2_2_B_Y (net)
                      0.372722    0.000590    6.206915 ^ filter.x_in[2]_sky130_fd_sc_hd__inv_2_A_Y_sky130_fd_sc_hd__o2bb2ai_2_B2_Y_sky130_fd_sc_hd__xor2_2_A/B (sky130_fd_sc_hd__xor2_1)
     2    0.009198    0.366135    0.483269    6.690185 ^ filter.x_in[2]_sky130_fd_sc_hd__inv_2_A_Y_sky130_fd_sc_hd__o2bb2ai_2_B2_Y_sky130_fd_sc_hd__xor2_2_A/X (sky130_fd_sc_hd__xor2_1)
                                                         filter.x_in[2]_sky130_fd_sc_hd__inv_2_A_Y_sky130_fd_sc_hd__o2bb2ai_2_B2_Y_sky130_fd_sc_hd__xor2_2_A_X (net)
                      0.366135    0.000584    6.690770 ^ filter.x_in[2]_sky130_fd_sc_hd__inv_2_A_Y_sky130_fd_sc_hd__o2bb2ai_2_B2_Y_sky130_fd_sc_hd__xor2_2_A_X_sky130_fd_sc_hd__xnor2_2_A/A (sky130_fd_sc_hd__xnor2_1)
     3    0.013333    0.257631    0.371601    7.062370 v filter.x_in[2]_sky130_fd_sc_hd__inv_2_A_Y_sky130_fd_sc_hd__o2bb2ai_2_B2_Y_sky130_fd_sc_hd__xor2_2_A_X_sky130_fd_sc_hd__xnor2_2_A/Y (sky130_fd_sc_hd__xnor2_1)
                                                         filter.x_in[2]_sky130_fd_sc_hd__inv_2_A_Y_sky130_fd_sc_hd__o2bb2ai_2_B2_Y_sky130_fd_sc_hd__xor2_2_A_X_sky130_fd_sc_hd__xnor2_2_A_Y (net)
                      0.257631    0.000959    7.063329 v filter.x_in[2]_sky130_fd_sc_hd__inv_2_A_Y_sky130_fd_sc_hd__o2bb2ai_2_B2_Y_sky130_fd_sc_hd__xor2_2_A_X_sky130_fd_sc_hd__xnor2_2_A_Y_sky130_fd_sc_hd__and3_2_C/C (sky130_fd_sc_hd__and3_1)
     2    0.004879    0.088518    0.473960    7.537288 v filter.x_in[2]_sky130_fd_sc_hd__inv_2_A_Y_sky130_fd_sc_hd__o2bb2ai_2_B2_Y_sky130_fd_sc_hd__xor2_2_A_X_sky130_fd_sc_hd__xnor2_2_A_Y_sky130_fd_sc_hd__and3_2_C/X (sky130_fd_sc_hd__and3_1)
                                                         filter.x_in[2]_sky130_fd_sc_hd__inv_2_A_Y_sky130_fd_sc_hd__o2bb2ai_2_B2_Y_sky130_fd_sc_hd__xor2_2_A_X_sky130_fd_sc_hd__xnor2_2_A_Y_sky130_fd_sc_hd__and3_2_C_X (net)
                      0.088518    0.000320    7.537608 v filter.x_in[2]_sky130_fd_sc_hd__inv_2_A_Y_sky130_fd_sc_hd__o2bb2ai_2_B2_Y_sky130_fd_sc_hd__xor2_2_A_X_sky130_fd_sc_hd__xnor2_2_A_Y_sky130_fd_sc_hd__and3_2_C_X_sky130_fd_sc_hd__nor2_2_B/B (sky130_fd_sc_hd__nor2_1)
     1    0.005813    0.210551    0.210812    7.748420 ^ filter.x_in[2]_sky130_fd_sc_hd__inv_2_A_Y_sky130_fd_sc_hd__o2bb2ai_2_B2_Y_sky130_fd_sc_hd__xor2_2_A_X_sky130_fd_sc_hd__xnor2_2_A_Y_sky130_fd_sc_hd__and3_2_C_X_sky130_fd_sc_hd__nor2_2_B/Y (sky130_fd_sc_hd__nor2_1)
                                                         filter.x_in[2]_sky130_fd_sc_hd__inv_2_A_Y_sky130_fd_sc_hd__xnor2_2_A_Y_sky130_fd_sc_hd__and2b_2_A_N_X_sky130_fd_sc_hd__a41oi_2_B1_Y_sky130_fd_sc_hd__xnor2_2_A_B (net)
                      0.210551    0.000468    7.748888 ^ filter.x_in[2]_sky130_fd_sc_hd__inv_2_A_Y_sky130_fd_sc_hd__xnor2_2_A_Y_sky130_fd_sc_hd__and2b_2_A_N_X_sky130_fd_sc_hd__a41oi_2_B1_Y_sky130_fd_sc_hd__xnor2_2_A/B (sky130_fd_sc_hd__xnor2_1)
     2    0.007663    0.344950    0.303314    8.052202 ^ filter.x_in[2]_sky130_fd_sc_hd__inv_2_A_Y_sky130_fd_sc_hd__xnor2_2_A_Y_sky130_fd_sc_hd__and2b_2_A_N_X_sky130_fd_sc_hd__a41oi_2_B1_Y_sky130_fd_sc_hd__xnor2_2_A/Y (sky130_fd_sc_hd__xnor2_1)
                                                         filter.x_in[2]_sky130_fd_sc_hd__inv_2_A_Y_sky130_fd_sc_hd__xnor2_2_A_Y_sky130_fd_sc_hd__and2b_2_A_N_X_sky130_fd_sc_hd__a41oi_2_B1_Y_sky130_fd_sc_hd__xnor2_2_A_Y (net)
                      0.344950    0.000329    8.052530 ^ filter.x_in[0]_sky130_fd_sc_hd__o21ai_2_A1_Y_sky130_fd_sc_hd__and2b_2_A_N_X_sky130_fd_sc_hd__o21ai_2_A2_Y_sky130_fd_sc_hd__xnor2_2_A_B_sky130_fd_sc_hd__xnor2_2_Y/A (sky130_fd_sc_hd__xnor2_1)
     2    0.008522    0.184329    0.306244    8.358774 v filter.x_in[0]_sky130_fd_sc_hd__o21ai_2_A1_Y_sky130_fd_sc_hd__and2b_2_A_N_X_sky130_fd_sc_hd__o21ai_2_A2_Y_sky130_fd_sc_hd__xnor2_2_A_B_sky130_fd_sc_hd__xnor2_2_Y/Y (sky130_fd_sc_hd__xnor2_1)
                                                         filter.x_in[0]_sky130_fd_sc_hd__o21ai_2_A1_Y_sky130_fd_sc_hd__and2b_2_A_N_X_sky130_fd_sc_hd__o21ai_2_A2_Y_sky130_fd_sc_hd__xnor2_2_A_B (net)
                      0.184329    0.000575    8.359349 v filter.x_in[0]_sky130_fd_sc_hd__o21ai_2_A1_Y_sky130_fd_sc_hd__and2b_2_A_N_X_sky130_fd_sc_hd__o21ai_2_A2_Y_sky130_fd_sc_hd__xnor2_2_A/B (sky130_fd_sc_hd__xnor2_1)
     3    0.012610    0.505132    0.504604    8.863954 ^ filter.x_in[0]_sky130_fd_sc_hd__o21ai_2_A1_Y_sky130_fd_sc_hd__and2b_2_A_N_X_sky130_fd_sc_hd__o21ai_2_A2_Y_sky130_fd_sc_hd__xnor2_2_A/Y (sky130_fd_sc_hd__xnor2_1)
                                                         filter.y_out[2]_sky130_fd_sc_hd__dfrtp_2_Q_D_sky130_fd_sc_hd__xor2_2_X_A_sky130_fd_sc_hd__xor2_2_X_A_sky130_fd_sc_hd__nand2_2_Y_B (net)
                      0.505135    0.001045    8.864999 ^ filter.y_out[2]_sky130_fd_sc_hd__dfrtp_2_Q_D_sky130_fd_sc_hd__xor2_2_X_B_sky130_fd_sc_hd__a21bo_2_X_B1_N_sky130_fd_sc_hd__or4b_2_X/D_N (sky130_fd_sc_hd__or4b_1)
     2    0.007083    0.226992    1.230453   10.095452 v filter.y_out[2]_sky130_fd_sc_hd__dfrtp_2_Q_D_sky130_fd_sc_hd__xor2_2_X_B_sky130_fd_sc_hd__a21bo_2_X_B1_N_sky130_fd_sc_hd__or4b_2_X/X (sky130_fd_sc_hd__or4b_1)
                                                         filter.y_out[2]_sky130_fd_sc_hd__dfrtp_2_Q_D_sky130_fd_sc_hd__xor2_2_X_B_sky130_fd_sc_hd__a21bo_2_X_B1_N (net)
                      0.226992    0.000510   10.095962 v filter.y_out[2]_sky130_fd_sc_hd__dfrtp_2_Q_D_sky130_fd_sc_hd__xor2_2_X_A_sky130_fd_sc_hd__xor2_2_X_A_sky130_fd_sc_hd__a21oi_2_A1/A2 (sky130_fd_sc_hd__a21oi_1)
     1    0.003583    0.190587    0.310259   10.406221 ^ filter.y_out[2]_sky130_fd_sc_hd__dfrtp_2_Q_D_sky130_fd_sc_hd__xor2_2_X_A_sky130_fd_sc_hd__xor2_2_X_A_sky130_fd_sc_hd__a21oi_2_A1/Y (sky130_fd_sc_hd__a21oi_1)
                                                         filter.y_out[2]_sky130_fd_sc_hd__dfrtp_2_Q_D_sky130_fd_sc_hd__xor2_2_X_A_sky130_fd_sc_hd__a31o_2_A3_B1 (net)
                      0.190587    0.000235   10.406456 ^ filter.y_out[2]_sky130_fd_sc_hd__dfrtp_2_Q_D_sky130_fd_sc_hd__xor2_2_X_A_sky130_fd_sc_hd__a31o_2_A3/B1 (sky130_fd_sc_hd__a31o_1)
     3    0.018663    0.303023    0.385584   10.792041 ^ filter.y_out[2]_sky130_fd_sc_hd__dfrtp_2_Q_D_sky130_fd_sc_hd__xor2_2_X_A_sky130_fd_sc_hd__a31o_2_A3/X (sky130_fd_sc_hd__a31o_1)
                                                         filter.y_out[3]_sky130_fd_sc_hd__dfrtp_2_Q_D_sky130_fd_sc_hd__nor2_2_Y_A_sky130_fd_sc_hd__and2b_2_X_B (net)
                      0.303027    0.001608   10.793648 ^ filter.y_out[5]_sky130_fd_sc_hd__dfrtp_2_Q_D_sky130_fd_sc_hd__xor2_2_X_A_sky130_fd_sc_hd__nor2_2_Y_A_sky130_fd_sc_hd__nor3b_2_Y/C_N (sky130_fd_sc_hd__nor3b_1)
     2    0.010127    0.612578    0.664151   11.457799 ^ filter.y_out[5]_sky130_fd_sc_hd__dfrtp_2_Q_D_sky130_fd_sc_hd__xor2_2_X_A_sky130_fd_sc_hd__nor2_2_Y_A_sky130_fd_sc_hd__nor3b_2_Y/Y (sky130_fd_sc_hd__nor3b_1)
                                                         filter.y_out[5]_sky130_fd_sc_hd__dfrtp_2_Q_D_sky130_fd_sc_hd__xor2_2_X_A_sky130_fd_sc_hd__nor2_2_Y_A (net)
                      0.612580    0.000863   11.458662 ^ filter.y_out[5]_sky130_fd_sc_hd__dfrtp_2_Q_D_sky130_fd_sc_hd__xor2_2_X_B_sky130_fd_sc_hd__o21bai_2_B1_N/A1 (sky130_fd_sc_hd__o21bai_2)
     3    0.022180    0.254934    0.441998   11.900661 v filter.y_out[5]_sky130_fd_sc_hd__dfrtp_2_Q_D_sky130_fd_sc_hd__xor2_2_X_B_sky130_fd_sc_hd__o21bai_2_B1_N/Y (sky130_fd_sc_hd__o21bai_2)
                                                         filter.y_out[6]_sky130_fd_sc_hd__dfrtp_2_Q_D_sky130_fd_sc_hd__xnor2_2_Y_A_sky130_fd_sc_hd__nand2_2_Y_B (net)
                      0.254976    0.003299   11.903959 v filter.y_out[6]_sky130_fd_sc_hd__dfrtp_2_Q_D_sky130_fd_sc_hd__xnor2_2_Y_B_sky130_fd_sc_hd__o311a_2_A2/A1 (sky130_fd_sc_hd__o311a_2)
     4    0.029722    0.211381    0.972833   12.876793 v filter.y_out[6]_sky130_fd_sc_hd__dfrtp_2_Q_D_sky130_fd_sc_hd__xnor2_2_Y_B_sky130_fd_sc_hd__o311a_2_A2/X (sky130_fd_sc_hd__o311a_2)
                                                         filter.y_out[6]_sky130_fd_sc_hd__dfrtp_2_Q_D_sky130_fd_sc_hd__xnor2_2_Y_B_sky130_fd_sc_hd__o311a_2_A2_X (net)
                      0.211471    0.004092   12.880884 v filter.y_out[11]_sky130_fd_sc_hd__dfrtp_2_Q_D_sky130_fd_sc_hd__xnor2_2_Y_B_sky130_fd_sc_hd__o21ai_2_Y/A1 (sky130_fd_sc_hd__o21ai_1)
     2    0.012242    0.433933    0.476635   13.357519 ^ filter.y_out[11]_sky130_fd_sc_hd__dfrtp_2_Q_D_sky130_fd_sc_hd__xnor2_2_Y_B_sky130_fd_sc_hd__o21ai_2_Y/Y (sky130_fd_sc_hd__o21ai_1)
                                                         filter.y_out[11]_sky130_fd_sc_hd__dfrtp_2_Q_D_sky130_fd_sc_hd__xnor2_2_Y_B (net)
                      0.433935    0.000794   13.358313 ^ filter.y_out[12]_sky130_fd_sc_hd__dfrtp_2_Q_D_sky130_fd_sc_hd__xnor2_2_Y_B_sky130_fd_sc_hd__a21o_2_X/A2 (sky130_fd_sc_hd__a21o_1)
     1    0.004740    0.089416    0.361665   13.719978 ^ filter.y_out[12]_sky130_fd_sc_hd__dfrtp_2_Q_D_sky130_fd_sc_hd__xnor2_2_Y_B_sky130_fd_sc_hd__a21o_2_X/X (sky130_fd_sc_hd__a21o_1)
                                                         filter.y_out[12]_sky130_fd_sc_hd__dfrtp_2_Q_D_sky130_fd_sc_hd__xnor2_2_Y_B (net)
                      0.089416    0.000357   13.720335 ^ filter.y_out[12]_sky130_fd_sc_hd__dfrtp_2_Q_D_sky130_fd_sc_hd__xnor2_2_Y/B (sky130_fd_sc_hd__xnor2_1)
     1    0.003043    0.108287    0.126946   13.847281 v filter.y_out[12]_sky130_fd_sc_hd__dfrtp_2_Q_D_sky130_fd_sc_hd__xnor2_2_Y/Y (sky130_fd_sc_hd__xnor2_1)
                                                         filter.y_out[12]_sky130_fd_sc_hd__dfrtp_2_Q_D (net)
                      0.108287    0.000224   13.847505 v filter.y_out[12]_sky130_fd_sc_hd__dfrtp_2_Q/D (sky130_fd_sc_hd__dfrtp_4)
                                             13.847505   data arrival time

                                 30.000000   30.000000   clock clk (rise edge)
                                  0.000000   30.000000   clock source latency
     1    0.042471    0.306377    0.217000   30.216999 ^ clk (in)
                                                         clk (net)
                      0.306741    0.000000   30.216999 ^ clkbuf_0_clk/A (sky130_fd_sc_hd__clkbuf_16)
     8    0.141131    0.236430    0.455319   30.672319 ^ clkbuf_0_clk/X (sky130_fd_sc_hd__clkbuf_16)
                                                         clknet_0_clk (net)
                      0.239980    0.023128   30.695448 ^ clkbuf_3_2__f_clk/A (sky130_fd_sc_hd__clkbuf_16)
     9    0.050824    0.108508    0.338403   31.033850 ^ clkbuf_3_2__f_clk/X (sky130_fd_sc_hd__clkbuf_16)
                                                         clknet_3_2__leaf_clk (net)
                      0.108735    0.004192   31.038042 ^ filter.y_out[12]_sky130_fd_sc_hd__dfrtp_2_Q/CLK (sky130_fd_sc_hd__dfrtp_4)
                                 -0.250000   30.788042   clock uncertainty
                                  0.000000   30.788042   clock reconvergence pessimism
                                 -0.280440   30.507601   library setup time
                                             30.507601   data required time
---------------------------------------------------------------------------------------------
                                             30.507601   data required time
                                            -13.847505   data arrival time
---------------------------------------------------------------------------------------------
                                             16.660095   slack (MET)


Startpoint: filter.y_out[10]_sky130_fd_sc_hd__dfrtp_2_Q
            (rising edge-triggered flip-flop clocked by clk)
Endpoint: filter.y_out[10]_sky130_fd_sc_hd__dfrtp_2_Q
          (rising edge-triggered flip-flop clocked by clk)
Path Group: clk
Path Type: max

Fanout         Cap        Slew       Delay        Time   Description
---------------------------------------------------------------------------------------------
                                  0.000000    0.000000   clock clk (rise edge)
                                  0.000000    0.000000   clock source latency
     1    0.042471    0.306377    0.216999    0.216999 ^ clk (in)
                                                         clk (net)
                      0.306741    0.000000    0.216999 ^ clkbuf_0_clk/A (sky130_fd_sc_hd__clkbuf_16)
     8    0.141131    0.236430    0.455319    0.672318 ^ clkbuf_0_clk/X (sky130_fd_sc_hd__clkbuf_16)
                                                         clknet_0_clk (net)
                      0.239769    0.022451    0.694769 ^ clkbuf_3_3__f_clk/A (sky130_fd_sc_hd__clkbuf_16)
     6    0.047673    0.104277    0.334929    1.029697 ^ clkbuf_3_3__f_clk/X (sky130_fd_sc_hd__clkbuf_16)
                                                         clknet_3_3__leaf_clk (net)
                      0.104332    0.002165    1.031862 ^ filter.y_out[10]_sky130_fd_sc_hd__dfrtp_2_Q/CLK (sky130_fd_sc_hd__dfrtp_1)
     3    0.019889    0.217789    0.895575    1.927437 v filter.y_out[10]_sky130_fd_sc_hd__dfrtp_2_Q/Q (sky130_fd_sc_hd__dfrtp_1)
                                                         filter.y_out[10] (net)
                      0.217796    0.001569    1.929006 v fanout24/A (sky130_fd_sc_hd__buf_4)
    10    0.072056    0.179608    0.435194    2.364200 v fanout24/X (sky130_fd_sc_hd__buf_4)
                                                         net24 (net)
                      0.179792    0.005233    2.369432 v filter.x_in[12]_sky130_fd_sc_hd__a21oi_2_A1_B1_sky130_fd_sc_hd__and3_2_X_B_sky130_fd_sc_hd__a22o_2_X_A1_sky130_fd_sc_hd__nand2_2_Y_A_sky130_fd_sc_hd__or2_2_X/A (sky130_fd_sc_hd__or2_2)
     7    0.030373    0.234925    0.880356    3.249789 v filter.x_in[12]_sky130_fd_sc_hd__a21oi_2_A1_B1_sky130_fd_sc_hd__and3_2_X_B_sky130_fd_sc_hd__a22o_2_X_A1_sky130_fd_sc_hd__nand2_2_Y_A_sky130_fd_sc_hd__or2_2_X/X (sky130_fd_sc_hd__or2_2)
                                                         filter.x_in[12]_sky130_fd_sc_hd__a21oi_2_A1_B1_sky130_fd_sc_hd__and3_2_X_B_sky130_fd_sc_hd__a22o_2_X_A1_sky130_fd_sc_hd__nand2_2_Y_A (net)
                      0.234930    0.001517    3.251305 v filter.x_in[9]_sky130_fd_sc_hd__xnor2_2_A_B_sky130_fd_sc_hd__xor2_2_X_A_sky130_fd_sc_hd__xnor2_2_Y_A_sky130_fd_sc_hd__a21o_2_X_B1_sky130_fd_sc_hd__and3_2_X/A (sky130_fd_sc_hd__and3_1)
     3    0.011130    0.139739    0.441327    3.692632 v filter.x_in[9]_sky130_fd_sc_hd__xnor2_2_A_B_sky130_fd_sc_hd__xor2_2_X_A_sky130_fd_sc_hd__xnor2_2_Y_A_sky130_fd_sc_hd__a21o_2_X_B1_sky130_fd_sc_hd__and3_2_X/X (sky130_fd_sc_hd__and3_1)
                                                         filter.x_in[9]_sky130_fd_sc_hd__xnor2_2_A_B_sky130_fd_sc_hd__xor2_2_X_A_sky130_fd_sc_hd__xnor2_2_Y_A_sky130_fd_sc_hd__a21o_2_X_B1 (net)
                      0.139739    0.000401    3.693033 v filter.x_in[9]_sky130_fd_sc_hd__xnor2_2_A_B_sky130_fd_sc_hd__xor2_2_X_A_sky130_fd_sc_hd__xnor2_2_Y_A_sky130_fd_sc_hd__a21o_2_X_B1_sky130_fd_sc_hd__a311o_2_B1/B1 (sky130_fd_sc_hd__a311o_1)
     2    0.020280    0.240709    0.779628    4.472661 v filter.x_in[9]_sky130_fd_sc_hd__xnor2_2_A_B_sky130_fd_sc_hd__xor2_2_X_A_sky130_fd_sc_hd__xnor2_2_Y_A_sky130_fd_sc_hd__a21o_2_X_B1_sky130_fd_sc_hd__a311o_2_B1/X (sky130_fd_sc_hd__a311o_1)
                                                         filter.x_in[9]_sky130_fd_sc_hd__xnor2_2_A_B_sky130_fd_sc_hd__xor2_2_X_A_sky130_fd_sc_hd__xnor2_2_Y_A_sky130_fd_sc_hd__a21o_2_X_B1_sky130_fd_sc_hd__a311o_2_B1_X (net)
                      0.240740    0.002807    4.475468 v fanout12/A (sky130_fd_sc_hd__clkbuf_4)
    10    0.049982    0.189359    0.444059    4.919526 v fanout12/X (sky130_fd_sc_hd__clkbuf_4)
                                                         net12 (net)
                      0.189412    0.003017    4.922543 v filter.x_in[3]_sky130_fd_sc_hd__a21oi_2_B1_Y_sky130_fd_sc_hd__o31a_2_A3_A1_sky130_fd_sc_hd__a21oi_2_Y_A2_sky130_fd_sc_hd__or2_2_X/A (sky130_fd_sc_hd__or2_1)
     1    0.005116    0.118893    0.573064    5.495607 v filter.x_in[3]_sky130_fd_sc_hd__a21oi_2_B1_Y_sky130_fd_sc_hd__o31a_2_A3_A1_sky130_fd_sc_hd__a21oi_2_Y_A2_sky130_fd_sc_hd__or2_2_X/X (sky130_fd_sc_hd__or2_1)
                                                         filter.x_in[3]_sky130_fd_sc_hd__a21oi_2_B1_Y_sky130_fd_sc_hd__o31a_2_A3_A1_sky130_fd_sc_hd__a21oi_2_Y_A2 (net)
                      0.118893    0.000380    5.495987 v filter.x_in[3]_sky130_fd_sc_hd__a21oi_2_B1_Y_sky130_fd_sc_hd__o31a_2_A3_A1_sky130_fd_sc_hd__a21oi_2_Y/A2 (sky130_fd_sc_hd__a21oi_2)
     2    0.013476    0.304516    0.364277    5.860263 ^ filter.x_in[3]_sky130_fd_sc_hd__a21oi_2_B1_Y_sky130_fd_sc_hd__o31a_2_A3_A1_sky130_fd_sc_hd__a21oi_2_Y/Y (sky130_fd_sc_hd__a21oi_2)
                                                         filter.x_in[3]_sky130_fd_sc_hd__a21oi_2_B1_Y_sky130_fd_sc_hd__o31a_2_A3_A1 (net)
                      0.304525    0.001326    5.861589 ^ filter.x_in[3]_sky130_fd_sc_hd__a21oi_2_B1_Y_sky130_fd_sc_hd__nor2_2_B_Y_sky130_fd_sc_hd__xnor2_2_B/A (sky130_fd_sc_hd__xnor2_1)
     2    0.008586    0.372721    0.344736    6.206326 ^ filter.x_in[3]_sky130_fd_sc_hd__a21oi_2_B1_Y_sky130_fd_sc_hd__nor2_2_B_Y_sky130_fd_sc_hd__xnor2_2_B/Y (sky130_fd_sc_hd__xnor2_1)
                                                         filter.x_in[3]_sky130_fd_sc_hd__a21oi_2_B1_Y_sky130_fd_sc_hd__nor2_2_B_Y_sky130_fd_sc_hd__xnor2_2_B_Y (net)
                      0.372722    0.000590    6.206915 ^ filter.x_in[2]_sky130_fd_sc_hd__inv_2_A_Y_sky130_fd_sc_hd__o2bb2ai_2_B2_Y_sky130_fd_sc_hd__xor2_2_A/B (sky130_fd_sc_hd__xor2_1)
     2    0.009198    0.366135    0.483269    6.690185 ^ filter.x_in[2]_sky130_fd_sc_hd__inv_2_A_Y_sky130_fd_sc_hd__o2bb2ai_2_B2_Y_sky130_fd_sc_hd__xor2_2_A/X (sky130_fd_sc_hd__xor2_1)
                                                         filter.x_in[2]_sky130_fd_sc_hd__inv_2_A_Y_sky130_fd_sc_hd__o2bb2ai_2_B2_Y_sky130_fd_sc_hd__xor2_2_A_X (net)
                      0.366135    0.000584    6.690770 ^ filter.x_in[2]_sky130_fd_sc_hd__inv_2_A_Y_sky130_fd_sc_hd__o2bb2ai_2_B2_Y_sky130_fd_sc_hd__xor2_2_A_X_sky130_fd_sc_hd__xnor2_2_A/A (sky130_fd_sc_hd__xnor2_1)
     3    0.013333    0.257631    0.371601    7.062370 v filter.x_in[2]_sky130_fd_sc_hd__inv_2_A_Y_sky130_fd_sc_hd__o2bb2ai_2_B2_Y_sky130_fd_sc_hd__xor2_2_A_X_sky130_fd_sc_hd__xnor2_2_A/Y (sky130_fd_sc_hd__xnor2_1)
                                                         filter.x_in[2]_sky130_fd_sc_hd__inv_2_A_Y_sky130_fd_sc_hd__o2bb2ai_2_B2_Y_sky130_fd_sc_hd__xor2_2_A_X_sky130_fd_sc_hd__xnor2_2_A_Y (net)
                      0.257631    0.000959    7.063329 v filter.x_in[2]_sky130_fd_sc_hd__inv_2_A_Y_sky130_fd_sc_hd__o2bb2ai_2_B2_Y_sky130_fd_sc_hd__xor2_2_A_X_sky130_fd_sc_hd__xnor2_2_A_Y_sky130_fd_sc_hd__and3_2_C/C (sky130_fd_sc_hd__and3_1)
     2    0.004879    0.088518    0.473960    7.537288 v filter.x_in[2]_sky130_fd_sc_hd__inv_2_A_Y_sky130_fd_sc_hd__o2bb2ai_2_B2_Y_sky130_fd_sc_hd__xor2_2_A_X_sky130_fd_sc_hd__xnor2_2_A_Y_sky130_fd_sc_hd__and3_2_C/X (sky130_fd_sc_hd__and3_1)
                                                         filter.x_in[2]_sky130_fd_sc_hd__inv_2_A_Y_sky130_fd_sc_hd__o2bb2ai_2_B2_Y_sky130_fd_sc_hd__xor2_2_A_X_sky130_fd_sc_hd__xnor2_2_A_Y_sky130_fd_sc_hd__and3_2_C_X (net)
                      0.088518    0.000320    7.537608 v filter.x_in[2]_sky130_fd_sc_hd__inv_2_A_Y_sky130_fd_sc_hd__o2bb2ai_2_B2_Y_sky130_fd_sc_hd__xor2_2_A_X_sky130_fd_sc_hd__xnor2_2_A_Y_sky130_fd_sc_hd__and3_2_C_X_sky130_fd_sc_hd__nor2_2_B/B (sky130_fd_sc_hd__nor2_1)
     1    0.005813    0.210551    0.210812    7.748420 ^ filter.x_in[2]_sky130_fd_sc_hd__inv_2_A_Y_sky130_fd_sc_hd__o2bb2ai_2_B2_Y_sky130_fd_sc_hd__xor2_2_A_X_sky130_fd_sc_hd__xnor2_2_A_Y_sky130_fd_sc_hd__and3_2_C_X_sky130_fd_sc_hd__nor2_2_B/Y (sky130_fd_sc_hd__nor2_1)
                                                         filter.x_in[2]_sky130_fd_sc_hd__inv_2_A_Y_sky130_fd_sc_hd__xnor2_2_A_Y_sky130_fd_sc_hd__and2b_2_A_N_X_sky130_fd_sc_hd__a41oi_2_B1_Y_sky130_fd_sc_hd__xnor2_2_A_B (net)
                      0.210551    0.000468    7.748888 ^ filter.x_in[2]_sky130_fd_sc_hd__inv_2_A_Y_sky130_fd_sc_hd__xnor2_2_A_Y_sky130_fd_sc_hd__and2b_2_A_N_X_sky130_fd_sc_hd__a41oi_2_B1_Y_sky130_fd_sc_hd__xnor2_2_A/B (sky130_fd_sc_hd__xnor2_1)
     2    0.007663    0.344950    0.303314    8.052202 ^ filter.x_in[2]_sky130_fd_sc_hd__inv_2_A_Y_sky130_fd_sc_hd__xnor2_2_A_Y_sky130_fd_sc_hd__and2b_2_A_N_X_sky130_fd_sc_hd__a41oi_2_B1_Y_sky130_fd_sc_hd__xnor2_2_A/Y (sky130_fd_sc_hd__xnor2_1)
                                                         filter.x_in[2]_sky130_fd_sc_hd__inv_2_A_Y_sky130_fd_sc_hd__xnor2_2_A_Y_sky130_fd_sc_hd__and2b_2_A_N_X_sky130_fd_sc_hd__a41oi_2_B1_Y_sky130_fd_sc_hd__xnor2_2_A_Y (net)
                      0.344950    0.000329    8.052530 ^ filter.x_in[0]_sky130_fd_sc_hd__o21ai_2_A1_Y_sky130_fd_sc_hd__and2b_2_A_N_X_sky130_fd_sc_hd__o21ai_2_A2_Y_sky130_fd_sc_hd__xnor2_2_A_B_sky130_fd_sc_hd__xnor2_2_Y/A (sky130_fd_sc_hd__xnor2_1)
     2    0.008522    0.184329    0.306244    8.358774 v filter.x_in[0]_sky130_fd_sc_hd__o21ai_2_A1_Y_sky130_fd_sc_hd__and2b_2_A_N_X_sky130_fd_sc_hd__o21ai_2_A2_Y_sky130_fd_sc_hd__xnor2_2_A_B_sky130_fd_sc_hd__xnor2_2_Y/Y (sky130_fd_sc_hd__xnor2_1)
                                                         filter.x_in[0]_sky130_fd_sc_hd__o21ai_2_A1_Y_sky130_fd_sc_hd__and2b_2_A_N_X_sky130_fd_sc_hd__o21ai_2_A2_Y_sky130_fd_sc_hd__xnor2_2_A_B (net)
                      0.184329    0.000575    8.359349 v filter.x_in[0]_sky130_fd_sc_hd__o21ai_2_A1_Y_sky130_fd_sc_hd__and2b_2_A_N_X_sky130_fd_sc_hd__o21ai_2_A2_Y_sky130_fd_sc_hd__xnor2_2_A/B (sky130_fd_sc_hd__xnor2_1)
     3    0.012610    0.505132    0.504604    8.863954 ^ filter.x_in[0]_sky130_fd_sc_hd__o21ai_2_A1_Y_sky130_fd_sc_hd__and2b_2_A_N_X_sky130_fd_sc_hd__o21ai_2_A2_Y_sky130_fd_sc_hd__xnor2_2_A/Y (sky130_fd_sc_hd__xnor2_1)
                                                         filter.y_out[2]_sky130_fd_sc_hd__dfrtp_2_Q_D_sky130_fd_sc_hd__xor2_2_X_A_sky130_fd_sc_hd__xor2_2_X_A_sky130_fd_sc_hd__nand2_2_Y_B (net)
                      0.505135    0.001045    8.864999 ^ filter.y_out[2]_sky130_fd_sc_hd__dfrtp_2_Q_D_sky130_fd_sc_hd__xor2_2_X_B_sky130_fd_sc_hd__a21bo_2_X_B1_N_sky130_fd_sc_hd__or4b_2_X/D_N (sky130_fd_sc_hd__or4b_1)
     2    0.007083    0.226992    1.230453   10.095452 v filter.y_out[2]_sky130_fd_sc_hd__dfrtp_2_Q_D_sky130_fd_sc_hd__xor2_2_X_B_sky130_fd_sc_hd__a21bo_2_X_B1_N_sky130_fd_sc_hd__or4b_2_X/X (sky130_fd_sc_hd__or4b_1)
                                                         filter.y_out[2]_sky130_fd_sc_hd__dfrtp_2_Q_D_sky130_fd_sc_hd__xor2_2_X_B_sky130_fd_sc_hd__a21bo_2_X_B1_N (net)
                      0.226992    0.000510   10.095962 v filter.y_out[2]_sky130_fd_sc_hd__dfrtp_2_Q_D_sky130_fd_sc_hd__xor2_2_X_A_sky130_fd_sc_hd__xor2_2_X_A_sky130_fd_sc_hd__a21oi_2_A1/A2 (sky130_fd_sc_hd__a21oi_1)
     1    0.003583    0.190587    0.310259   10.406221 ^ filter.y_out[2]_sky130_fd_sc_hd__dfrtp_2_Q_D_sky130_fd_sc_hd__xor2_2_X_A_sky130_fd_sc_hd__xor2_2_X_A_sky130_fd_sc_hd__a21oi_2_A1/Y (sky130_fd_sc_hd__a21oi_1)
                                                         filter.y_out[2]_sky130_fd_sc_hd__dfrtp_2_Q_D_sky130_fd_sc_hd__xor2_2_X_A_sky130_fd_sc_hd__a31o_2_A3_B1 (net)
                      0.190587    0.000235   10.406456 ^ filter.y_out[2]_sky130_fd_sc_hd__dfrtp_2_Q_D_sky130_fd_sc_hd__xor2_2_X_A_sky130_fd_sc_hd__a31o_2_A3/B1 (sky130_fd_sc_hd__a31o_1)
     3    0.018663    0.303023    0.385584   10.792041 ^ filter.y_out[2]_sky130_fd_sc_hd__dfrtp_2_Q_D_sky130_fd_sc_hd__xor2_2_X_A_sky130_fd_sc_hd__a31o_2_A3/X (sky130_fd_sc_hd__a31o_1)
                                                         filter.y_out[3]_sky130_fd_sc_hd__dfrtp_2_Q_D_sky130_fd_sc_hd__nor2_2_Y_A_sky130_fd_sc_hd__and2b_2_X_B (net)
                      0.303027    0.001608   10.793648 ^ filter.y_out[5]_sky130_fd_sc_hd__dfrtp_2_Q_D_sky130_fd_sc_hd__xor2_2_X_A_sky130_fd_sc_hd__nor2_2_Y_A_sky130_fd_sc_hd__nor3b_2_Y/C_N (sky130_fd_sc_hd__nor3b_1)
     2    0.010127    0.612578    0.664151   11.457799 ^ filter.y_out[5]_sky130_fd_sc_hd__dfrtp_2_Q_D_sky130_fd_sc_hd__xor2_2_X_A_sky130_fd_sc_hd__nor2_2_Y_A_sky130_fd_sc_hd__nor3b_2_Y/Y (sky130_fd_sc_hd__nor3b_1)
                                                         filter.y_out[5]_sky130_fd_sc_hd__dfrtp_2_Q_D_sky130_fd_sc_hd__xor2_2_X_A_sky130_fd_sc_hd__nor2_2_Y_A (net)
                      0.612580    0.000863   11.458662 ^ filter.y_out[5]_sky130_fd_sc_hd__dfrtp_2_Q_D_sky130_fd_sc_hd__xor2_2_X_B_sky130_fd_sc_hd__o21bai_2_B1_N/A1 (sky130_fd_sc_hd__o21bai_2)
     3    0.022180    0.254934    0.441998   11.900661 v filter.y_out[5]_sky130_fd_sc_hd__dfrtp_2_Q_D_sky130_fd_sc_hd__xor2_2_X_B_sky130_fd_sc_hd__o21bai_2_B1_N/Y (sky130_fd_sc_hd__o21bai_2)
                                                         filter.y_out[6]_sky130_fd_sc_hd__dfrtp_2_Q_D_sky130_fd_sc_hd__xnor2_2_Y_A_sky130_fd_sc_hd__nand2_2_Y_B (net)
                      0.254976    0.003299   11.903959 v filter.y_out[6]_sky130_fd_sc_hd__dfrtp_2_Q_D_sky130_fd_sc_hd__xnor2_2_Y_B_sky130_fd_sc_hd__o311a_2_A2/A1 (sky130_fd_sc_hd__o311a_2)
     4    0.029722    0.211381    0.972833   12.876793 v filter.y_out[6]_sky130_fd_sc_hd__dfrtp_2_Q_D_sky130_fd_sc_hd__xnor2_2_Y_B_sky130_fd_sc_hd__o311a_2_A2/X (sky130_fd_sc_hd__o311a_2)
                                                         filter.y_out[6]_sky130_fd_sc_hd__dfrtp_2_Q_D_sky130_fd_sc_hd__xnor2_2_Y_B_sky130_fd_sc_hd__o311a_2_A2_X (net)
                      0.211451    0.003678   12.880470 v filter.y_out[10]_sky130_fd_sc_hd__dfrtp_2_Q_D_sky130_fd_sc_hd__xor2_2_X_A_sky130_fd_sc_hd__o32a_2_X/B2 (sky130_fd_sc_hd__o32a_1)
     1    0.008233    0.171542    0.418352   13.298822 v filter.y_out[10]_sky130_fd_sc_hd__dfrtp_2_Q_D_sky130_fd_sc_hd__xor2_2_X_A_sky130_fd_sc_hd__o32a_2_X/X (sky130_fd_sc_hd__o32a_1)
                                                         filter.y_out[10]_sky130_fd_sc_hd__dfrtp_2_Q_D_sky130_fd_sc_hd__xor2_2_X_A (net)
                      0.171542    0.000680   13.299502 v filter.y_out[10]_sky130_fd_sc_hd__dfrtp_2_Q_D_sky130_fd_sc_hd__xor2_2_X/A (sky130_fd_sc_hd__xor2_1)
     1    0.003264    0.128408    0.338778   13.638280 v filter.y_out[10]_sky130_fd_sc_hd__dfrtp_2_Q_D_sky130_fd_sc_hd__xor2_2_X/X (sky130_fd_sc_hd__xor2_1)
                                                         filter.y_out[10]_sky130_fd_sc_hd__dfrtp_2_Q_D (net)
                      0.128408    0.000204   13.638485 v filter.y_out[10]_sky130_fd_sc_hd__dfrtp_2_Q/D (sky130_fd_sc_hd__dfrtp_1)
                                             13.638485   data arrival time

                                 30.000000   30.000000   clock clk (rise edge)
                                  0.000000   30.000000   clock source latency
     1    0.042471    0.306377    0.217000   30.216999 ^ clk (in)
                                                         clk (net)
                      0.306741    0.000000   30.216999 ^ clkbuf_0_clk/A (sky130_fd_sc_hd__clkbuf_16)
     8    0.141131    0.236430    0.455319   30.672319 ^ clkbuf_0_clk/X (sky130_fd_sc_hd__clkbuf_16)
                                                         clknet_0_clk (net)
                      0.239769    0.022450   30.694769 ^ clkbuf_3_3__f_clk/A (sky130_fd_sc_hd__clkbuf_16)
     6    0.047673    0.104277    0.334929   31.029697 ^ clkbuf_3_3__f_clk/X (sky130_fd_sc_hd__clkbuf_16)
                                                         clknet_3_3__leaf_clk (net)
                      0.104332    0.002164   31.031860 ^ filter.y_out[10]_sky130_fd_sc_hd__dfrtp_2_Q/CLK (sky130_fd_sc_hd__dfrtp_1)
                                 -0.250000   30.781860   clock uncertainty
                                  0.000000   30.781860   clock reconvergence pessimism
                                 -0.291759   30.490101   library setup time
                                             30.490101   data required time
---------------------------------------------------------------------------------------------
                                             30.490101   data required time
                                            -13.638485   data arrival time
---------------------------------------------------------------------------------------------
                                             16.851616   slack (MET)


Startpoint: filter.y_out[10]_sky130_fd_sc_hd__dfrtp_2_Q
            (rising edge-triggered flip-flop clocked by clk)
Endpoint: filter.y_out[11]_sky130_fd_sc_hd__dfrtp_2_Q
          (rising edge-triggered flip-flop clocked by clk)
Path Group: clk
Path Type: max

Fanout         Cap        Slew       Delay        Time   Description
---------------------------------------------------------------------------------------------
                                  0.000000    0.000000   clock clk (rise edge)
                                  0.000000    0.000000   clock source latency
     1    0.042471    0.306377    0.216999    0.216999 ^ clk (in)
                                                         clk (net)
                      0.306741    0.000000    0.216999 ^ clkbuf_0_clk/A (sky130_fd_sc_hd__clkbuf_16)
     8    0.141131    0.236430    0.455319    0.672318 ^ clkbuf_0_clk/X (sky130_fd_sc_hd__clkbuf_16)
                                                         clknet_0_clk (net)
                      0.239769    0.022451    0.694769 ^ clkbuf_3_3__f_clk/A (sky130_fd_sc_hd__clkbuf_16)
     6    0.047673    0.104277    0.334929    1.029697 ^ clkbuf_3_3__f_clk/X (sky130_fd_sc_hd__clkbuf_16)
                                                         clknet_3_3__leaf_clk (net)
                      0.104332    0.002165    1.031862 ^ filter.y_out[10]_sky130_fd_sc_hd__dfrtp_2_Q/CLK (sky130_fd_sc_hd__dfrtp_1)
     3    0.019889    0.217789    0.895575    1.927437 v filter.y_out[10]_sky130_fd_sc_hd__dfrtp_2_Q/Q (sky130_fd_sc_hd__dfrtp_1)
                                                         filter.y_out[10] (net)
                      0.217796    0.001569    1.929006 v fanout24/A (sky130_fd_sc_hd__buf_4)
    10    0.072056    0.179608    0.435194    2.364200 v fanout24/X (sky130_fd_sc_hd__buf_4)
                                                         net24 (net)
                      0.179792    0.005233    2.369432 v filter.x_in[12]_sky130_fd_sc_hd__a21oi_2_A1_B1_sky130_fd_sc_hd__and3_2_X_B_sky130_fd_sc_hd__a22o_2_X_A1_sky130_fd_sc_hd__nand2_2_Y_A_sky130_fd_sc_hd__or2_2_X/A (sky130_fd_sc_hd__or2_2)
     7    0.030373    0.234925    0.880356    3.249789 v filter.x_in[12]_sky130_fd_sc_hd__a21oi_2_A1_B1_sky130_fd_sc_hd__and3_2_X_B_sky130_fd_sc_hd__a22o_2_X_A1_sky130_fd_sc_hd__nand2_2_Y_A_sky130_fd_sc_hd__or2_2_X/X (sky130_fd_sc_hd__or2_2)
                                                         filter.x_in[12]_sky130_fd_sc_hd__a21oi_2_A1_B1_sky130_fd_sc_hd__and3_2_X_B_sky130_fd_sc_hd__a22o_2_X_A1_sky130_fd_sc_hd__nand2_2_Y_A (net)
                      0.234930    0.001517    3.251305 v filter.x_in[9]_sky130_fd_sc_hd__xnor2_2_A_B_sky130_fd_sc_hd__xor2_2_X_A_sky130_fd_sc_hd__xnor2_2_Y_A_sky130_fd_sc_hd__a21o_2_X_B1_sky130_fd_sc_hd__and3_2_X/A (sky130_fd_sc_hd__and3_1)
     3    0.011130    0.139739    0.441327    3.692632 v filter.x_in[9]_sky130_fd_sc_hd__xnor2_2_A_B_sky130_fd_sc_hd__xor2_2_X_A_sky130_fd_sc_hd__xnor2_2_Y_A_sky130_fd_sc_hd__a21o_2_X_B1_sky130_fd_sc_hd__and3_2_X/X (sky130_fd_sc_hd__and3_1)
                                                         filter.x_in[9]_sky130_fd_sc_hd__xnor2_2_A_B_sky130_fd_sc_hd__xor2_2_X_A_sky130_fd_sc_hd__xnor2_2_Y_A_sky130_fd_sc_hd__a21o_2_X_B1 (net)
                      0.139739    0.000401    3.693033 v filter.x_in[9]_sky130_fd_sc_hd__xnor2_2_A_B_sky130_fd_sc_hd__xor2_2_X_A_sky130_fd_sc_hd__xnor2_2_Y_A_sky130_fd_sc_hd__a21o_2_X_B1_sky130_fd_sc_hd__a311o_2_B1/B1 (sky130_fd_sc_hd__a311o_1)
     2    0.020280    0.240709    0.779628    4.472661 v filter.x_in[9]_sky130_fd_sc_hd__xnor2_2_A_B_sky130_fd_sc_hd__xor2_2_X_A_sky130_fd_sc_hd__xnor2_2_Y_A_sky130_fd_sc_hd__a21o_2_X_B1_sky130_fd_sc_hd__a311o_2_B1/X (sky130_fd_sc_hd__a311o_1)
                                                         filter.x_in[9]_sky130_fd_sc_hd__xnor2_2_A_B_sky130_fd_sc_hd__xor2_2_X_A_sky130_fd_sc_hd__xnor2_2_Y_A_sky130_fd_sc_hd__a21o_2_X_B1_sky130_fd_sc_hd__a311o_2_B1_X (net)
                      0.240740    0.002807    4.475468 v fanout12/A (sky130_fd_sc_hd__clkbuf_4)
    10    0.049982    0.189359    0.444059    4.919526 v fanout12/X (sky130_fd_sc_hd__clkbuf_4)
                                                         net12 (net)
                      0.189412    0.003017    4.922543 v filter.x_in[3]_sky130_fd_sc_hd__a21oi_2_B1_Y_sky130_fd_sc_hd__o31a_2_A3_A1_sky130_fd_sc_hd__a21oi_2_Y_A2_sky130_fd_sc_hd__or2_2_X/A (sky130_fd_sc_hd__or2_1)
     1    0.005116    0.118893    0.573064    5.495607 v filter.x_in[3]_sky130_fd_sc_hd__a21oi_2_B1_Y_sky130_fd_sc_hd__o31a_2_A3_A1_sky130_fd_sc_hd__a21oi_2_Y_A2_sky130_fd_sc_hd__or2_2_X/X (sky130_fd_sc_hd__or2_1)
                                                         filter.x_in[3]_sky130_fd_sc_hd__a21oi_2_B1_Y_sky130_fd_sc_hd__o31a_2_A3_A1_sky130_fd_sc_hd__a21oi_2_Y_A2 (net)
                      0.118893    0.000380    5.495987 v filter.x_in[3]_sky130_fd_sc_hd__a21oi_2_B1_Y_sky130_fd_sc_hd__o31a_2_A3_A1_sky130_fd_sc_hd__a21oi_2_Y/A2 (sky130_fd_sc_hd__a21oi_2)
     2    0.013476    0.304516    0.364277    5.860263 ^ filter.x_in[3]_sky130_fd_sc_hd__a21oi_2_B1_Y_sky130_fd_sc_hd__o31a_2_A3_A1_sky130_fd_sc_hd__a21oi_2_Y/Y (sky130_fd_sc_hd__a21oi_2)
                                                         filter.x_in[3]_sky130_fd_sc_hd__a21oi_2_B1_Y_sky130_fd_sc_hd__o31a_2_A3_A1 (net)
                      0.304525    0.001326    5.861589 ^ filter.x_in[3]_sky130_fd_sc_hd__a21oi_2_B1_Y_sky130_fd_sc_hd__nor2_2_B_Y_sky130_fd_sc_hd__xnor2_2_B/A (sky130_fd_sc_hd__xnor2_1)
     2    0.008586    0.372721    0.344736    6.206326 ^ filter.x_in[3]_sky130_fd_sc_hd__a21oi_2_B1_Y_sky130_fd_sc_hd__nor2_2_B_Y_sky130_fd_sc_hd__xnor2_2_B/Y (sky130_fd_sc_hd__xnor2_1)
                                                         filter.x_in[3]_sky130_fd_sc_hd__a21oi_2_B1_Y_sky130_fd_sc_hd__nor2_2_B_Y_sky130_fd_sc_hd__xnor2_2_B_Y (net)
                      0.372722    0.000590    6.206915 ^ filter.x_in[2]_sky130_fd_sc_hd__inv_2_A_Y_sky130_fd_sc_hd__o2bb2ai_2_B2_Y_sky130_fd_sc_hd__xor2_2_A/B (sky130_fd_sc_hd__xor2_1)
     2    0.009198    0.366135    0.483269    6.690185 ^ filter.x_in[2]_sky130_fd_sc_hd__inv_2_A_Y_sky130_fd_sc_hd__o2bb2ai_2_B2_Y_sky130_fd_sc_hd__xor2_2_A/X (sky130_fd_sc_hd__xor2_1)
                                                         filter.x_in[2]_sky130_fd_sc_hd__inv_2_A_Y_sky130_fd_sc_hd__o2bb2ai_2_B2_Y_sky130_fd_sc_hd__xor2_2_A_X (net)
                      0.366135    0.000584    6.690770 ^ filter.x_in[2]_sky130_fd_sc_hd__inv_2_A_Y_sky130_fd_sc_hd__o2bb2ai_2_B2_Y_sky130_fd_sc_hd__xor2_2_A_X_sky130_fd_sc_hd__xnor2_2_A/A (sky130_fd_sc_hd__xnor2_1)
     3    0.013333    0.257631    0.371601    7.062370 v filter.x_in[2]_sky130_fd_sc_hd__inv_2_A_Y_sky130_fd_sc_hd__o2bb2ai_2_B2_Y_sky130_fd_sc_hd__xor2_2_A_X_sky130_fd_sc_hd__xnor2_2_A/Y (sky130_fd_sc_hd__xnor2_1)
                                                         filter.x_in[2]_sky130_fd_sc_hd__inv_2_A_Y_sky130_fd_sc_hd__o2bb2ai_2_B2_Y_sky130_fd_sc_hd__xor2_2_A_X_sky130_fd_sc_hd__xnor2_2_A_Y (net)
                      0.257631    0.000959    7.063329 v filter.x_in[2]_sky130_fd_sc_hd__inv_2_A_Y_sky130_fd_sc_hd__o2bb2ai_2_B2_Y_sky130_fd_sc_hd__xor2_2_A_X_sky130_fd_sc_hd__xnor2_2_A_Y_sky130_fd_sc_hd__and3_2_C/C (sky130_fd_sc_hd__and3_1)
     2    0.004879    0.088518    0.473960    7.537288 v filter.x_in[2]_sky130_fd_sc_hd__inv_2_A_Y_sky130_fd_sc_hd__o2bb2ai_2_B2_Y_sky130_fd_sc_hd__xor2_2_A_X_sky130_fd_sc_hd__xnor2_2_A_Y_sky130_fd_sc_hd__and3_2_C/X (sky130_fd_sc_hd__and3_1)
                                                         filter.x_in[2]_sky130_fd_sc_hd__inv_2_A_Y_sky130_fd_sc_hd__o2bb2ai_2_B2_Y_sky130_fd_sc_hd__xor2_2_A_X_sky130_fd_sc_hd__xnor2_2_A_Y_sky130_fd_sc_hd__and3_2_C_X (net)
                      0.088518    0.000320    7.537608 v filter.x_in[2]_sky130_fd_sc_hd__inv_2_A_Y_sky130_fd_sc_hd__o2bb2ai_2_B2_Y_sky130_fd_sc_hd__xor2_2_A_X_sky130_fd_sc_hd__xnor2_2_A_Y_sky130_fd_sc_hd__and3_2_C_X_sky130_fd_sc_hd__nor2_2_B/B (sky130_fd_sc_hd__nor2_1)
     1    0.005813    0.210551    0.210812    7.748420 ^ filter.x_in[2]_sky130_fd_sc_hd__inv_2_A_Y_sky130_fd_sc_hd__o2bb2ai_2_B2_Y_sky130_fd_sc_hd__xor2_2_A_X_sky130_fd_sc_hd__xnor2_2_A_Y_sky130_fd_sc_hd__and3_2_C_X_sky130_fd_sc_hd__nor2_2_B/Y (sky130_fd_sc_hd__nor2_1)
                                                         filter.x_in[2]_sky130_fd_sc_hd__inv_2_A_Y_sky130_fd_sc_hd__xnor2_2_A_Y_sky130_fd_sc_hd__and2b_2_A_N_X_sky130_fd_sc_hd__a41oi_2_B1_Y_sky130_fd_sc_hd__xnor2_2_A_B (net)
                      0.210551    0.000468    7.748888 ^ filter.x_in[2]_sky130_fd_sc_hd__inv_2_A_Y_sky130_fd_sc_hd__xnor2_2_A_Y_sky130_fd_sc_hd__and2b_2_A_N_X_sky130_fd_sc_hd__a41oi_2_B1_Y_sky130_fd_sc_hd__xnor2_2_A/B (sky130_fd_sc_hd__xnor2_1)
     2    0.007663    0.344950    0.303314    8.052202 ^ filter.x_in[2]_sky130_fd_sc_hd__inv_2_A_Y_sky130_fd_sc_hd__xnor2_2_A_Y_sky130_fd_sc_hd__and2b_2_A_N_X_sky130_fd_sc_hd__a41oi_2_B1_Y_sky130_fd_sc_hd__xnor2_2_A/Y (sky130_fd_sc_hd__xnor2_1)
                                                         filter.x_in[2]_sky130_fd_sc_hd__inv_2_A_Y_sky130_fd_sc_hd__xnor2_2_A_Y_sky130_fd_sc_hd__and2b_2_A_N_X_sky130_fd_sc_hd__a41oi_2_B1_Y_sky130_fd_sc_hd__xnor2_2_A_Y (net)
                      0.344950    0.000329    8.052530 ^ filter.x_in[0]_sky130_fd_sc_hd__o21ai_2_A1_Y_sky130_fd_sc_hd__and2b_2_A_N_X_sky130_fd_sc_hd__o21ai_2_A2_Y_sky130_fd_sc_hd__xnor2_2_A_B_sky130_fd_sc_hd__xnor2_2_Y/A (sky130_fd_sc_hd__xnor2_1)
     2    0.008522    0.184329    0.306244    8.358774 v filter.x_in[0]_sky130_fd_sc_hd__o21ai_2_A1_Y_sky130_fd_sc_hd__and2b_2_A_N_X_sky130_fd_sc_hd__o21ai_2_A2_Y_sky130_fd_sc_hd__xnor2_2_A_B_sky130_fd_sc_hd__xnor2_2_Y/Y (sky130_fd_sc_hd__xnor2_1)
                                                         filter.x_in[0]_sky130_fd_sc_hd__o21ai_2_A1_Y_sky130_fd_sc_hd__and2b_2_A_N_X_sky130_fd_sc_hd__o21ai_2_A2_Y_sky130_fd_sc_hd__xnor2_2_A_B (net)
                      0.184329    0.000575    8.359349 v filter.x_in[0]_sky130_fd_sc_hd__o21ai_2_A1_Y_sky130_fd_sc_hd__and2b_2_A_N_X_sky130_fd_sc_hd__o21ai_2_A2_Y_sky130_fd_sc_hd__xnor2_2_A/B (sky130_fd_sc_hd__xnor2_1)
     3    0.012610    0.505132    0.504604    8.863954 ^ filter.x_in[0]_sky130_fd_sc_hd__o21ai_2_A1_Y_sky130_fd_sc_hd__and2b_2_A_N_X_sky130_fd_sc_hd__o21ai_2_A2_Y_sky130_fd_sc_hd__xnor2_2_A/Y (sky130_fd_sc_hd__xnor2_1)
                                                         filter.y_out[2]_sky130_fd_sc_hd__dfrtp_2_Q_D_sky130_fd_sc_hd__xor2_2_X_A_sky130_fd_sc_hd__xor2_2_X_A_sky130_fd_sc_hd__nand2_2_Y_B (net)
                      0.505135    0.001045    8.864999 ^ filter.y_out[2]_sky130_fd_sc_hd__dfrtp_2_Q_D_sky130_fd_sc_hd__xor2_2_X_B_sky130_fd_sc_hd__a21bo_2_X_B1_N_sky130_fd_sc_hd__or4b_2_X/D_N (sky130_fd_sc_hd__or4b_1)
     2    0.007083    0.226992    1.230453   10.095452 v filter.y_out[2]_sky130_fd_sc_hd__dfrtp_2_Q_D_sky130_fd_sc_hd__xor2_2_X_B_sky130_fd_sc_hd__a21bo_2_X_B1_N_sky130_fd_sc_hd__or4b_2_X/X (sky130_fd_sc_hd__or4b_1)
                                                         filter.y_out[2]_sky130_fd_sc_hd__dfrtp_2_Q_D_sky130_fd_sc_hd__xor2_2_X_B_sky130_fd_sc_hd__a21bo_2_X_B1_N (net)
                      0.226992    0.000510   10.095962 v filter.y_out[2]_sky130_fd_sc_hd__dfrtp_2_Q_D_sky130_fd_sc_hd__xor2_2_X_A_sky130_fd_sc_hd__xor2_2_X_A_sky130_fd_sc_hd__a21oi_2_A1/A2 (sky130_fd_sc_hd__a21oi_1)
     1    0.003583    0.190587    0.310259   10.406221 ^ filter.y_out[2]_sky130_fd_sc_hd__dfrtp_2_Q_D_sky130_fd_sc_hd__xor2_2_X_A_sky130_fd_sc_hd__xor2_2_X_A_sky130_fd_sc_hd__a21oi_2_A1/Y (sky130_fd_sc_hd__a21oi_1)
                                                         filter.y_out[2]_sky130_fd_sc_hd__dfrtp_2_Q_D_sky130_fd_sc_hd__xor2_2_X_A_sky130_fd_sc_hd__a31o_2_A3_B1 (net)
                      0.190587    0.000235   10.406456 ^ filter.y_out[2]_sky130_fd_sc_hd__dfrtp_2_Q_D_sky130_fd_sc_hd__xor2_2_X_A_sky130_fd_sc_hd__a31o_2_A3/B1 (sky130_fd_sc_hd__a31o_1)
     3    0.018663    0.303023    0.385584   10.792041 ^ filter.y_out[2]_sky130_fd_sc_hd__dfrtp_2_Q_D_sky130_fd_sc_hd__xor2_2_X_A_sky130_fd_sc_hd__a31o_2_A3/X (sky130_fd_sc_hd__a31o_1)
                                                         filter.y_out[3]_sky130_fd_sc_hd__dfrtp_2_Q_D_sky130_fd_sc_hd__nor2_2_Y_A_sky130_fd_sc_hd__and2b_2_X_B (net)
                      0.303027    0.001608   10.793648 ^ filter.y_out[5]_sky130_fd_sc_hd__dfrtp_2_Q_D_sky130_fd_sc_hd__xor2_2_X_A_sky130_fd_sc_hd__nor2_2_Y_A_sky130_fd_sc_hd__nor3b_2_Y/C_N (sky130_fd_sc_hd__nor3b_1)
     2    0.010127    0.612578    0.664151   11.457799 ^ filter.y_out[5]_sky130_fd_sc_hd__dfrtp_2_Q_D_sky130_fd_sc_hd__xor2_2_X_A_sky130_fd_sc_hd__nor2_2_Y_A_sky130_fd_sc_hd__nor3b_2_Y/Y (sky130_fd_sc_hd__nor3b_1)
                                                         filter.y_out[5]_sky130_fd_sc_hd__dfrtp_2_Q_D_sky130_fd_sc_hd__xor2_2_X_A_sky130_fd_sc_hd__nor2_2_Y_A (net)
                      0.612580    0.000863   11.458662 ^ filter.y_out[5]_sky130_fd_sc_hd__dfrtp_2_Q_D_sky130_fd_sc_hd__xor2_2_X_B_sky130_fd_sc_hd__o21bai_2_B1_N/A1 (sky130_fd_sc_hd__o21bai_2)
     3    0.022180    0.254934    0.441998   11.900661 v filter.y_out[5]_sky130_fd_sc_hd__dfrtp_2_Q_D_sky130_fd_sc_hd__xor2_2_X_B_sky130_fd_sc_hd__o21bai_2_B1_N/Y (sky130_fd_sc_hd__o21bai_2)
                                                         filter.y_out[6]_sky130_fd_sc_hd__dfrtp_2_Q_D_sky130_fd_sc_hd__xnor2_2_Y_A_sky130_fd_sc_hd__nand2_2_Y_B (net)
                      0.254976    0.003299   11.903959 v filter.y_out[6]_sky130_fd_sc_hd__dfrtp_2_Q_D_sky130_fd_sc_hd__xnor2_2_Y_B_sky130_fd_sc_hd__o311a_2_A2/A1 (sky130_fd_sc_hd__o311a_2)
     4    0.029722    0.211381    0.972833   12.876793 v filter.y_out[6]_sky130_fd_sc_hd__dfrtp_2_Q_D_sky130_fd_sc_hd__xnor2_2_Y_B_sky130_fd_sc_hd__o311a_2_A2/X (sky130_fd_sc_hd__o311a_2)
                                                         filter.y_out[6]_sky130_fd_sc_hd__dfrtp_2_Q_D_sky130_fd_sc_hd__xnor2_2_Y_B_sky130_fd_sc_hd__o311a_2_A2_X (net)
                      0.211471    0.004092   12.880884 v filter.y_out[11]_sky130_fd_sc_hd__dfrtp_2_Q_D_sky130_fd_sc_hd__xnor2_2_Y_B_sky130_fd_sc_hd__o21ai_2_Y/A1 (sky130_fd_sc_hd__o21ai_1)
     2    0.012242    0.433933    0.476635   13.357519 ^ filter.y_out[11]_sky130_fd_sc_hd__dfrtp_2_Q_D_sky130_fd_sc_hd__xnor2_2_Y_B_sky130_fd_sc_hd__o21ai_2_Y/Y (sky130_fd_sc_hd__o21ai_1)
                                                         filter.y_out[11]_sky130_fd_sc_hd__dfrtp_2_Q_D_sky130_fd_sc_hd__xnor2_2_Y_B (net)
                      0.433936    0.000946   13.358465 ^ filter.y_out[11]_sky130_fd_sc_hd__dfrtp_2_Q_D_sky130_fd_sc_hd__xnor2_2_Y/B (sky130_fd_sc_hd__xnor2_1)
     1    0.003605    0.111698    0.247089   13.605554 v filter.y_out[11]_sky130_fd_sc_hd__dfrtp_2_Q_D_sky130_fd_sc_hd__xnor2_2_Y/Y (sky130_fd_sc_hd__xnor2_1)
                                                         filter.y_out[11]_sky130_fd_sc_hd__dfrtp_2_Q_D (net)
                      0.111699    0.000146   13.605700 v filter.y_out[11]_sky130_fd_sc_hd__dfrtp_2_Q/D (sky130_fd_sc_hd__dfrtp_2)
                                             13.605700   data arrival time

                                 30.000000   30.000000   clock clk (rise edge)
                                  0.000000   30.000000   clock source latency
     1    0.042471    0.306377    0.217000   30.216999 ^ clk (in)
                                                         clk (net)
                      0.306741    0.000000   30.216999 ^ clkbuf_0_clk/A (sky130_fd_sc_hd__clkbuf_16)
     8    0.141131    0.236430    0.455319   30.672319 ^ clkbuf_0_clk/X (sky130_fd_sc_hd__clkbuf_16)
                                                         clknet_0_clk (net)
                      0.239980    0.023128   30.695448 ^ clkbuf_3_2__f_clk/A (sky130_fd_sc_hd__clkbuf_16)
     9    0.050824    0.108508    0.338403   31.033850 ^ clkbuf_3_2__f_clk/X (sky130_fd_sc_hd__clkbuf_16)
                                                         clknet_3_2__leaf_clk (net)
                      0.108752    0.004345   31.038195 ^ filter.y_out[11]_sky130_fd_sc_hd__dfrtp_2_Q/CLK (sky130_fd_sc_hd__dfrtp_2)
                                 -0.250000   30.788195   clock uncertainty
                                  0.000000   30.788195   clock reconvergence pessimism
                                 -0.283690   30.504503   library setup time
                                             30.504503   data required time
---------------------------------------------------------------------------------------------
                                             30.504503   data required time
                                            -13.605700   data arrival time
---------------------------------------------------------------------------------------------
                                             16.898804   slack (MET)


Startpoint: filter.y_out[10]_sky130_fd_sc_hd__dfrtp_2_Q
            (rising edge-triggered flip-flop clocked by clk)
Endpoint: filter.y_out[9]_sky130_fd_sc_hd__dfrtp_2_Q
          (rising edge-triggered flip-flop clocked by clk)
Path Group: clk
Path Type: max

Fanout         Cap        Slew       Delay        Time   Description
---------------------------------------------------------------------------------------------
                                  0.000000    0.000000   clock clk (rise edge)
                                  0.000000    0.000000   clock source latency
     1    0.042471    0.306377    0.216999    0.216999 ^ clk (in)
                                                         clk (net)
                      0.306741    0.000000    0.216999 ^ clkbuf_0_clk/A (sky130_fd_sc_hd__clkbuf_16)
     8    0.141131    0.236430    0.455319    0.672318 ^ clkbuf_0_clk/X (sky130_fd_sc_hd__clkbuf_16)
                                                         clknet_0_clk (net)
                      0.239769    0.022451    0.694769 ^ clkbuf_3_3__f_clk/A (sky130_fd_sc_hd__clkbuf_16)
     6    0.047673    0.104277    0.334929    1.029697 ^ clkbuf_3_3__f_clk/X (sky130_fd_sc_hd__clkbuf_16)
                                                         clknet_3_3__leaf_clk (net)
                      0.104332    0.002165    1.031862 ^ filter.y_out[10]_sky130_fd_sc_hd__dfrtp_2_Q/CLK (sky130_fd_sc_hd__dfrtp_1)
     3    0.019889    0.217789    0.895575    1.927437 v filter.y_out[10]_sky130_fd_sc_hd__dfrtp_2_Q/Q (sky130_fd_sc_hd__dfrtp_1)
                                                         filter.y_out[10] (net)
                      0.217796    0.001569    1.929006 v fanout24/A (sky130_fd_sc_hd__buf_4)
    10    0.072056    0.179608    0.435194    2.364200 v fanout24/X (sky130_fd_sc_hd__buf_4)
                                                         net24 (net)
                      0.179792    0.005233    2.369432 v filter.x_in[12]_sky130_fd_sc_hd__a21oi_2_A1_B1_sky130_fd_sc_hd__and3_2_X_B_sky130_fd_sc_hd__a22o_2_X_A1_sky130_fd_sc_hd__nand2_2_Y_A_sky130_fd_sc_hd__or2_2_X/A (sky130_fd_sc_hd__or2_2)
     7    0.030373    0.234925    0.880356    3.249789 v filter.x_in[12]_sky130_fd_sc_hd__a21oi_2_A1_B1_sky130_fd_sc_hd__and3_2_X_B_sky130_fd_sc_hd__a22o_2_X_A1_sky130_fd_sc_hd__nand2_2_Y_A_sky130_fd_sc_hd__or2_2_X/X (sky130_fd_sc_hd__or2_2)
                                                         filter.x_in[12]_sky130_fd_sc_hd__a21oi_2_A1_B1_sky130_fd_sc_hd__and3_2_X_B_sky130_fd_sc_hd__a22o_2_X_A1_sky130_fd_sc_hd__nand2_2_Y_A (net)
                      0.234930    0.001517    3.251305 v filter.x_in[9]_sky130_fd_sc_hd__xnor2_2_A_B_sky130_fd_sc_hd__xor2_2_X_A_sky130_fd_sc_hd__xnor2_2_Y_A_sky130_fd_sc_hd__a21o_2_X_B1_sky130_fd_sc_hd__and3_2_X/A (sky130_fd_sc_hd__and3_1)
     3    0.011130    0.139739    0.441327    3.692632 v filter.x_in[9]_sky130_fd_sc_hd__xnor2_2_A_B_sky130_fd_sc_hd__xor2_2_X_A_sky130_fd_sc_hd__xnor2_2_Y_A_sky130_fd_sc_hd__a21o_2_X_B1_sky130_fd_sc_hd__and3_2_X/X (sky130_fd_sc_hd__and3_1)
                                                         filter.x_in[9]_sky130_fd_sc_hd__xnor2_2_A_B_sky130_fd_sc_hd__xor2_2_X_A_sky130_fd_sc_hd__xnor2_2_Y_A_sky130_fd_sc_hd__a21o_2_X_B1 (net)
                      0.139739    0.000401    3.693033 v filter.x_in[9]_sky130_fd_sc_hd__xnor2_2_A_B_sky130_fd_sc_hd__xor2_2_X_A_sky130_fd_sc_hd__xnor2_2_Y_A_sky130_fd_sc_hd__a21o_2_X_B1_sky130_fd_sc_hd__a311o_2_B1/B1 (sky130_fd_sc_hd__a311o_1)
     2    0.020280    0.240709    0.779628    4.472661 v filter.x_in[9]_sky130_fd_sc_hd__xnor2_2_A_B_sky130_fd_sc_hd__xor2_2_X_A_sky130_fd_sc_hd__xnor2_2_Y_A_sky130_fd_sc_hd__a21o_2_X_B1_sky130_fd_sc_hd__a311o_2_B1/X (sky130_fd_sc_hd__a311o_1)
                                                         filter.x_in[9]_sky130_fd_sc_hd__xnor2_2_A_B_sky130_fd_sc_hd__xor2_2_X_A_sky130_fd_sc_hd__xnor2_2_Y_A_sky130_fd_sc_hd__a21o_2_X_B1_sky130_fd_sc_hd__a311o_2_B1_X (net)
                      0.240740    0.002807    4.475468 v fanout12/A (sky130_fd_sc_hd__clkbuf_4)
    10    0.049982    0.189359    0.444059    4.919526 v fanout12/X (sky130_fd_sc_hd__clkbuf_4)
                                                         net12 (net)
                      0.189412    0.003017    4.922543 v filter.x_in[3]_sky130_fd_sc_hd__a21oi_2_B1_Y_sky130_fd_sc_hd__o31a_2_A3_A1_sky130_fd_sc_hd__a21oi_2_Y_A2_sky130_fd_sc_hd__or2_2_X/A (sky130_fd_sc_hd__or2_1)
     1    0.005116    0.118893    0.573064    5.495607 v filter.x_in[3]_sky130_fd_sc_hd__a21oi_2_B1_Y_sky130_fd_sc_hd__o31a_2_A3_A1_sky130_fd_sc_hd__a21oi_2_Y_A2_sky130_fd_sc_hd__or2_2_X/X (sky130_fd_sc_hd__or2_1)
                                                         filter.x_in[3]_sky130_fd_sc_hd__a21oi_2_B1_Y_sky130_fd_sc_hd__o31a_2_A3_A1_sky130_fd_sc_hd__a21oi_2_Y_A2 (net)
                      0.118893    0.000380    5.495987 v filter.x_in[3]_sky130_fd_sc_hd__a21oi_2_B1_Y_sky130_fd_sc_hd__o31a_2_A3_A1_sky130_fd_sc_hd__a21oi_2_Y/A2 (sky130_fd_sc_hd__a21oi_2)
     2    0.013476    0.304516    0.364277    5.860263 ^ filter.x_in[3]_sky130_fd_sc_hd__a21oi_2_B1_Y_sky130_fd_sc_hd__o31a_2_A3_A1_sky130_fd_sc_hd__a21oi_2_Y/Y (sky130_fd_sc_hd__a21oi_2)
                                                         filter.x_in[3]_sky130_fd_sc_hd__a21oi_2_B1_Y_sky130_fd_sc_hd__o31a_2_A3_A1 (net)
                      0.304525    0.001326    5.861589 ^ filter.x_in[3]_sky130_fd_sc_hd__a21oi_2_B1_Y_sky130_fd_sc_hd__nor2_2_B_Y_sky130_fd_sc_hd__xnor2_2_B/A (sky130_fd_sc_hd__xnor2_1)
     2    0.008586    0.372721    0.344736    6.206326 ^ filter.x_in[3]_sky130_fd_sc_hd__a21oi_2_B1_Y_sky130_fd_sc_hd__nor2_2_B_Y_sky130_fd_sc_hd__xnor2_2_B/Y (sky130_fd_sc_hd__xnor2_1)
                                                         filter.x_in[3]_sky130_fd_sc_hd__a21oi_2_B1_Y_sky130_fd_sc_hd__nor2_2_B_Y_sky130_fd_sc_hd__xnor2_2_B_Y (net)
                      0.372722    0.000590    6.206915 ^ filter.x_in[2]_sky130_fd_sc_hd__inv_2_A_Y_sky130_fd_sc_hd__o2bb2ai_2_B2_Y_sky130_fd_sc_hd__xor2_2_A/B (sky130_fd_sc_hd__xor2_1)
     2    0.009198    0.366135    0.483269    6.690185 ^ filter.x_in[2]_sky130_fd_sc_hd__inv_2_A_Y_sky130_fd_sc_hd__o2bb2ai_2_B2_Y_sky130_fd_sc_hd__xor2_2_A/X (sky130_fd_sc_hd__xor2_1)
                                                         filter.x_in[2]_sky130_fd_sc_hd__inv_2_A_Y_sky130_fd_sc_hd__o2bb2ai_2_B2_Y_sky130_fd_sc_hd__xor2_2_A_X (net)
                      0.366135    0.000584    6.690770 ^ filter.x_in[2]_sky130_fd_sc_hd__inv_2_A_Y_sky130_fd_sc_hd__o2bb2ai_2_B2_Y_sky130_fd_sc_hd__xor2_2_A_X_sky130_fd_sc_hd__xnor2_2_A/A (sky130_fd_sc_hd__xnor2_1)
     3    0.013333    0.257631    0.371601    7.062370 v filter.x_in[2]_sky130_fd_sc_hd__inv_2_A_Y_sky130_fd_sc_hd__o2bb2ai_2_B2_Y_sky130_fd_sc_hd__xor2_2_A_X_sky130_fd_sc_hd__xnor2_2_A/Y (sky130_fd_sc_hd__xnor2_1)
                                                         filter.x_in[2]_sky130_fd_sc_hd__inv_2_A_Y_sky130_fd_sc_hd__o2bb2ai_2_B2_Y_sky130_fd_sc_hd__xor2_2_A_X_sky130_fd_sc_hd__xnor2_2_A_Y (net)
                      0.257631    0.000959    7.063329 v filter.x_in[2]_sky130_fd_sc_hd__inv_2_A_Y_sky130_fd_sc_hd__o2bb2ai_2_B2_Y_sky130_fd_sc_hd__xor2_2_A_X_sky130_fd_sc_hd__xnor2_2_A_Y_sky130_fd_sc_hd__and3_2_C/C (sky130_fd_sc_hd__and3_1)
     2    0.004879    0.088518    0.473960    7.537288 v filter.x_in[2]_sky130_fd_sc_hd__inv_2_A_Y_sky130_fd_sc_hd__o2bb2ai_2_B2_Y_sky130_fd_sc_hd__xor2_2_A_X_sky130_fd_sc_hd__xnor2_2_A_Y_sky130_fd_sc_hd__and3_2_C/X (sky130_fd_sc_hd__and3_1)
                                                         filter.x_in[2]_sky130_fd_sc_hd__inv_2_A_Y_sky130_fd_sc_hd__o2bb2ai_2_B2_Y_sky130_fd_sc_hd__xor2_2_A_X_sky130_fd_sc_hd__xnor2_2_A_Y_sky130_fd_sc_hd__and3_2_C_X (net)
                      0.088518    0.000320    7.537608 v filter.x_in[2]_sky130_fd_sc_hd__inv_2_A_Y_sky130_fd_sc_hd__o2bb2ai_2_B2_Y_sky130_fd_sc_hd__xor2_2_A_X_sky130_fd_sc_hd__xnor2_2_A_Y_sky130_fd_sc_hd__and3_2_C_X_sky130_fd_sc_hd__nor2_2_B/B (sky130_fd_sc_hd__nor2_1)
     1    0.005813    0.210551    0.210812    7.748420 ^ filter.x_in[2]_sky130_fd_sc_hd__inv_2_A_Y_sky130_fd_sc_hd__o2bb2ai_2_B2_Y_sky130_fd_sc_hd__xor2_2_A_X_sky130_fd_sc_hd__xnor2_2_A_Y_sky130_fd_sc_hd__and3_2_C_X_sky130_fd_sc_hd__nor2_2_B/Y (sky130_fd_sc_hd__nor2_1)
                                                         filter.x_in[2]_sky130_fd_sc_hd__inv_2_A_Y_sky130_fd_sc_hd__xnor2_2_A_Y_sky130_fd_sc_hd__and2b_2_A_N_X_sky130_fd_sc_hd__a41oi_2_B1_Y_sky130_fd_sc_hd__xnor2_2_A_B (net)
                      0.210551    0.000468    7.748888 ^ filter.x_in[2]_sky130_fd_sc_hd__inv_2_A_Y_sky130_fd_sc_hd__xnor2_2_A_Y_sky130_fd_sc_hd__and2b_2_A_N_X_sky130_fd_sc_hd__a41oi_2_B1_Y_sky130_fd_sc_hd__xnor2_2_A/B (sky130_fd_sc_hd__xnor2_1)
     2    0.007663    0.344950    0.303314    8.052202 ^ filter.x_in[2]_sky130_fd_sc_hd__inv_2_A_Y_sky130_fd_sc_hd__xnor2_2_A_Y_sky130_fd_sc_hd__and2b_2_A_N_X_sky130_fd_sc_hd__a41oi_2_B1_Y_sky130_fd_sc_hd__xnor2_2_A/Y (sky130_fd_sc_hd__xnor2_1)
                                                         filter.x_in[2]_sky130_fd_sc_hd__inv_2_A_Y_sky130_fd_sc_hd__xnor2_2_A_Y_sky130_fd_sc_hd__and2b_2_A_N_X_sky130_fd_sc_hd__a41oi_2_B1_Y_sky130_fd_sc_hd__xnor2_2_A_Y (net)
                      0.344950    0.000329    8.052530 ^ filter.x_in[0]_sky130_fd_sc_hd__o21ai_2_A1_Y_sky130_fd_sc_hd__and2b_2_A_N_X_sky130_fd_sc_hd__o21ai_2_A2_Y_sky130_fd_sc_hd__xnor2_2_A_B_sky130_fd_sc_hd__xnor2_2_Y/A (sky130_fd_sc_hd__xnor2_1)
     2    0.008522    0.184329    0.306244    8.358774 v filter.x_in[0]_sky130_fd_sc_hd__o21ai_2_A1_Y_sky130_fd_sc_hd__and2b_2_A_N_X_sky130_fd_sc_hd__o21ai_2_A2_Y_sky130_fd_sc_hd__xnor2_2_A_B_sky130_fd_sc_hd__xnor2_2_Y/Y (sky130_fd_sc_hd__xnor2_1)
                                                         filter.x_in[0]_sky130_fd_sc_hd__o21ai_2_A1_Y_sky130_fd_sc_hd__and2b_2_A_N_X_sky130_fd_sc_hd__o21ai_2_A2_Y_sky130_fd_sc_hd__xnor2_2_A_B (net)
                      0.184329    0.000575    8.359349 v filter.x_in[0]_sky130_fd_sc_hd__o21ai_2_A1_Y_sky130_fd_sc_hd__and2b_2_A_N_X_sky130_fd_sc_hd__o21ai_2_A2_Y_sky130_fd_sc_hd__xnor2_2_A/B (sky130_fd_sc_hd__xnor2_1)
     3    0.012610    0.505132    0.504604    8.863954 ^ filter.x_in[0]_sky130_fd_sc_hd__o21ai_2_A1_Y_sky130_fd_sc_hd__and2b_2_A_N_X_sky130_fd_sc_hd__o21ai_2_A2_Y_sky130_fd_sc_hd__xnor2_2_A/Y (sky130_fd_sc_hd__xnor2_1)
                                                         filter.y_out[2]_sky130_fd_sc_hd__dfrtp_2_Q_D_sky130_fd_sc_hd__xor2_2_X_A_sky130_fd_sc_hd__xor2_2_X_A_sky130_fd_sc_hd__nand2_2_Y_B (net)
                      0.505135    0.001045    8.864999 ^ filter.y_out[2]_sky130_fd_sc_hd__dfrtp_2_Q_D_sky130_fd_sc_hd__xor2_2_X_B_sky130_fd_sc_hd__a21bo_2_X_B1_N_sky130_fd_sc_hd__or4b_2_X/D_N (sky130_fd_sc_hd__or4b_1)
     2    0.007083    0.226992    1.230453   10.095452 v filter.y_out[2]_sky130_fd_sc_hd__dfrtp_2_Q_D_sky130_fd_sc_hd__xor2_2_X_B_sky130_fd_sc_hd__a21bo_2_X_B1_N_sky130_fd_sc_hd__or4b_2_X/X (sky130_fd_sc_hd__or4b_1)
                                                         filter.y_out[2]_sky130_fd_sc_hd__dfrtp_2_Q_D_sky130_fd_sc_hd__xor2_2_X_B_sky130_fd_sc_hd__a21bo_2_X_B1_N (net)
                      0.226992    0.000510   10.095962 v filter.y_out[2]_sky130_fd_sc_hd__dfrtp_2_Q_D_sky130_fd_sc_hd__xor2_2_X_A_sky130_fd_sc_hd__xor2_2_X_A_sky130_fd_sc_hd__a21oi_2_A1/A2 (sky130_fd_sc_hd__a21oi_1)
     1    0.003583    0.190587    0.310259   10.406221 ^ filter.y_out[2]_sky130_fd_sc_hd__dfrtp_2_Q_D_sky130_fd_sc_hd__xor2_2_X_A_sky130_fd_sc_hd__xor2_2_X_A_sky130_fd_sc_hd__a21oi_2_A1/Y (sky130_fd_sc_hd__a21oi_1)
                                                         filter.y_out[2]_sky130_fd_sc_hd__dfrtp_2_Q_D_sky130_fd_sc_hd__xor2_2_X_A_sky130_fd_sc_hd__a31o_2_A3_B1 (net)
                      0.190587    0.000235   10.406456 ^ filter.y_out[2]_sky130_fd_sc_hd__dfrtp_2_Q_D_sky130_fd_sc_hd__xor2_2_X_A_sky130_fd_sc_hd__a31o_2_A3/B1 (sky130_fd_sc_hd__a31o_1)
     3    0.018663    0.303023    0.385584   10.792041 ^ filter.y_out[2]_sky130_fd_sc_hd__dfrtp_2_Q_D_sky130_fd_sc_hd__xor2_2_X_A_sky130_fd_sc_hd__a31o_2_A3/X (sky130_fd_sc_hd__a31o_1)
                                                         filter.y_out[3]_sky130_fd_sc_hd__dfrtp_2_Q_D_sky130_fd_sc_hd__nor2_2_Y_A_sky130_fd_sc_hd__and2b_2_X_B (net)
                      0.303027    0.001608   10.793648 ^ filter.y_out[5]_sky130_fd_sc_hd__dfrtp_2_Q_D_sky130_fd_sc_hd__xor2_2_X_A_sky130_fd_sc_hd__nor2_2_Y_A_sky130_fd_sc_hd__nor3b_2_Y/C_N (sky130_fd_sc_hd__nor3b_1)
     2    0.010127    0.612578    0.664151   11.457799 ^ filter.y_out[5]_sky130_fd_sc_hd__dfrtp_2_Q_D_sky130_fd_sc_hd__xor2_2_X_A_sky130_fd_sc_hd__nor2_2_Y_A_sky130_fd_sc_hd__nor3b_2_Y/Y (sky130_fd_sc_hd__nor3b_1)
                                                         filter.y_out[5]_sky130_fd_sc_hd__dfrtp_2_Q_D_sky130_fd_sc_hd__xor2_2_X_A_sky130_fd_sc_hd__nor2_2_Y_A (net)
                      0.612580    0.000863   11.458662 ^ filter.y_out[5]_sky130_fd_sc_hd__dfrtp_2_Q_D_sky130_fd_sc_hd__xor2_2_X_B_sky130_fd_sc_hd__o21bai_2_B1_N/A1 (sky130_fd_sc_hd__o21bai_2)
     3    0.022180    0.254934    0.441998   11.900661 v filter.y_out[5]_sky130_fd_sc_hd__dfrtp_2_Q_D_sky130_fd_sc_hd__xor2_2_X_B_sky130_fd_sc_hd__o21bai_2_B1_N/Y (sky130_fd_sc_hd__o21bai_2)
                                                         filter.y_out[6]_sky130_fd_sc_hd__dfrtp_2_Q_D_sky130_fd_sc_hd__xnor2_2_Y_A_sky130_fd_sc_hd__nand2_2_Y_B (net)
                      0.254976    0.003299   11.903959 v filter.y_out[6]_sky130_fd_sc_hd__dfrtp_2_Q_D_sky130_fd_sc_hd__xnor2_2_Y_B_sky130_fd_sc_hd__o311a_2_A2/A1 (sky130_fd_sc_hd__o311a_2)
     4    0.029722    0.211381    0.972833   12.876793 v filter.y_out[6]_sky130_fd_sc_hd__dfrtp_2_Q_D_sky130_fd_sc_hd__xnor2_2_Y_B_sky130_fd_sc_hd__o311a_2_A2/X (sky130_fd_sc_hd__o311a_2)
                                                         filter.y_out[6]_sky130_fd_sc_hd__dfrtp_2_Q_D_sky130_fd_sc_hd__xnor2_2_Y_B_sky130_fd_sc_hd__o311a_2_A2_X (net)
                      0.211448    0.003617   12.880409 v filter.y_out[9]_sky130_fd_sc_hd__dfrtp_2_Q_D_sky130_fd_sc_hd__xor2_2_X/A (sky130_fd_sc_hd__xor2_1)
     1    0.002597    0.136697    0.348866   13.229275 v filter.y_out[9]_sky130_fd_sc_hd__dfrtp_2_Q_D_sky130_fd_sc_hd__xor2_2_X/X (sky130_fd_sc_hd__xor2_1)
                                                         filter.y_out[9]_sky130_fd_sc_hd__dfrtp_2_Q_D (net)
                      0.136697    0.000111   13.229386 v filter.y_out[9]_sky130_fd_sc_hd__dfrtp_2_Q/D (sky130_fd_sc_hd__dfrtp_2)
                                             13.229386   data arrival time

                                 30.000000   30.000000   clock clk (rise edge)
                                  0.000000   30.000000   clock source latency
     1    0.042471    0.306377    0.217000   30.216999 ^ clk (in)
                                                         clk (net)
                      0.306741    0.000000   30.216999 ^ clkbuf_0_clk/A (sky130_fd_sc_hd__clkbuf_16)
     8    0.141131    0.236430    0.455319   30.672319 ^ clkbuf_0_clk/X (sky130_fd_sc_hd__clkbuf_16)
                                                         clknet_0_clk (net)
                      0.239769    0.022450   30.694769 ^ clkbuf_3_3__f_clk/A (sky130_fd_sc_hd__clkbuf_16)
     6    0.047673    0.104277    0.334929   31.029697 ^ clkbuf_3_3__f_clk/X (sky130_fd_sc_hd__clkbuf_16)
                                                         clknet_3_3__leaf_clk (net)
                      0.104359    0.002537   31.032234 ^ filter.y_out[9]_sky130_fd_sc_hd__dfrtp_2_Q/CLK (sky130_fd_sc_hd__dfrtp_2)
                                 -0.250000   30.782232   clock uncertainty
                                  0.000000   30.782232   clock reconvergence pessimism
                                 -0.295300   30.486931   library setup time
                                             30.486931   data required time
---------------------------------------------------------------------------------------------
                                             30.486931   data required time
                                            -13.229386   data arrival time
---------------------------------------------------------------------------------------------
                                             17.257545   slack (MET)


Startpoint: filter.y_out[2]_sky130_fd_sc_hd__dfrtp_2_Q
            (rising edge-triggered flip-flop clocked by clk)
Endpoint: filter.y_out[8]_sky130_fd_sc_hd__dfrtp_2_Q
          (rising edge-triggered flip-flop clocked by clk)
Path Group: clk
Path Type: max

Fanout         Cap        Slew       Delay        Time   Description
---------------------------------------------------------------------------------------------
                                  0.000000    0.000000   clock clk (rise edge)
                                  0.000000    0.000000   clock source latency
     1    0.042471    0.306377    0.216999    0.216999 ^ clk (in)
                                                         clk (net)
                      0.306741    0.000000    0.216999 ^ clkbuf_0_clk/A (sky130_fd_sc_hd__clkbuf_16)
     8    0.141131    0.236430    0.455319    0.672318 ^ clkbuf_0_clk/X (sky130_fd_sc_hd__clkbuf_16)
                                                         clknet_0_clk (net)
                      0.236864    0.008456    0.680773 ^ clkbuf_3_6__f_clk/A (sky130_fd_sc_hd__clkbuf_16)
     9    0.059836    0.120431    0.346696    1.027470 ^ clkbuf_3_6__f_clk/X (sky130_fd_sc_hd__clkbuf_16)
                                                         clknet_3_6__leaf_clk (net)
                      0.120525    0.003008    1.030478 ^ filter.y_out[2]_sky130_fd_sc_hd__dfrtp_2_Q/CLK (sky130_fd_sc_hd__dfrtp_4)
     6    0.071795    0.278885    1.203707    2.234185 v filter.y_out[2]_sky130_fd_sc_hd__dfrtp_2_Q/Q (sky130_fd_sc_hd__dfrtp_4)
                                                         filter.y_out[2] (net)
                      0.280155    0.016224    2.250408 v filter.y_out[2]_sky130_fd_sc_hd__xor2_2_A/A (sky130_fd_sc_hd__xor2_4)
     4    0.036535    0.454285    0.560629    2.811038 ^ filter.y_out[2]_sky130_fd_sc_hd__xor2_2_A/X (sky130_fd_sc_hd__xor2_4)
                                                         filter.x_in[2]_sky130_fd_sc_hd__inv_2_A_Y_sky130_fd_sc_hd__o2bb2ai_2_B2_A2_N_sky130_fd_sc_hd__a21o_2_B1_A2 (net)
                      0.454285    0.001167    2.812204 ^ filter.y_out[1]_sky130_fd_sc_hd__xor2_2_A/B (sky130_fd_sc_hd__xor2_4)
    10    0.051116    0.291351    0.418404    3.230608 v filter.y_out[1]_sky130_fd_sc_hd__xor2_2_A/X (sky130_fd_sc_hd__xor2_4)
                                                         filter.y_out[1]_sky130_fd_sc_hd__xor2_2_A_X (net)
                      0.291351    0.001168    3.231776 v filter.x_in[10]_sky130_fd_sc_hd__or2_2_A_B_sky130_fd_sc_hd__xor2_2_X_B_sky130_fd_sc_hd__a31o_2_X_A3_sky130_fd_sc_hd__xnor2_2_Y_A_sky130_fd_sc_hd__o21ai_2_B1_Y_sky130_fd_sc_hd__xnor2_2_A_B_sky130_fd_sc_hd__and3_2_X_B_sky130_fd_sc_hd__or3_2_X/B (sky130_fd_sc_hd__or3_2)
     5    0.021115    0.265376    1.306969    4.538744 v filter.x_in[10]_sky130_fd_sc_hd__or2_2_A_B_sky130_fd_sc_hd__xor2_2_X_B_sky130_fd_sc_hd__a31o_2_X_A3_sky130_fd_sc_hd__xnor2_2_Y_A_sky130_fd_sc_hd__o21ai_2_B1_Y_sky130_fd_sc_hd__xnor2_2_A_B_sky130_fd_sc_hd__and3_2_X_B_sky130_fd_sc_hd__or3_2_X/X (sky130_fd_sc_hd__or3_2)
                                                         filter.x_in[10]_sky130_fd_sc_hd__or2_2_A_B_sky130_fd_sc_hd__xor2_2_X_B_sky130_fd_sc_hd__a31o_2_X_A3_sky130_fd_sc_hd__xnor2_2_Y_A_sky130_fd_sc_hd__o21ai_2_B1_Y_sky130_fd_sc_hd__xnor2_2_A_B_sky130_fd_sc_hd__and3_2_X_B (net)
                      0.265376    0.002297    4.541042 v filter.x_in[10]_sky130_fd_sc_hd__or2_2_A_B_sky130_fd_sc_hd__xor2_2_X_B_sky130_fd_sc_hd__a31o_2_X_A3_sky130_fd_sc_hd__xnor2_2_Y_A_sky130_fd_sc_hd__o21ai_2_B1_Y_sky130_fd_sc_hd__xnor2_2_A_B_sky130_fd_sc_hd__and3_2_X/B (sky130_fd_sc_hd__and3_1)
     3    0.011413    0.142259    0.503826    5.044868 v filter.x_in[10]_sky130_fd_sc_hd__or2_2_A_B_sky130_fd_sc_hd__xor2_2_X_B_sky130_fd_sc_hd__a31o_2_X_A3_sky130_fd_sc_hd__xnor2_2_Y_A_sky130_fd_sc_hd__o21ai_2_B1_Y_sky130_fd_sc_hd__xnor2_2_A_B_sky130_fd_sc_hd__and3_2_X/X (sky130_fd_sc_hd__and3_1)
                                                         filter.x_in[10]_sky130_fd_sc_hd__or2_2_A_B_sky130_fd_sc_hd__xor2_2_X_B_sky130_fd_sc_hd__a31o_2_X_A3_sky130_fd_sc_hd__xnor2_2_Y_A_sky130_fd_sc_hd__o21ai_2_B1_Y_sky130_fd_sc_hd__xnor2_2_A_B (net)
                      0.142259    0.000608    5.045476 v filter.y_out[0]_sky130_fd_sc_hd__dfrtp_2_Q_D_sky130_fd_sc_hd__xor2_2_X_A_sky130_fd_sc_hd__and3b_2_X_C_sky130_fd_sc_hd__a21o_2_X_B1_sky130_fd_sc_hd__a2bb2o_2_X_A1_N_sky130_fd_sc_hd__o2bb2a_2_X_A1_N_sky130_fd_sc_hd__a32o_2_X_A2_sky130_fd_sc_hd__and4_2_B/C (sky130_fd_sc_hd__and4_1)
     4    0.013100    0.151682    0.505445    5.550920 v filter.y_out[0]_sky130_fd_sc_hd__dfrtp_2_Q_D_sky130_fd_sc_hd__xor2_2_X_A_sky130_fd_sc_hd__and3b_2_X_C_sky130_fd_sc_hd__a21o_2_X_B1_sky130_fd_sc_hd__a2bb2o_2_X_A1_N_sky130_fd_sc_hd__o2bb2a_2_X_A1_N_sky130_fd_sc_hd__a32o_2_X_A2_sky130_fd_sc_hd__and4_2_B/X (sky130_fd_sc_hd__and4_1)
                                                         filter.y_out[0]_sky130_fd_sc_hd__dfrtp_2_Q_D_sky130_fd_sc_hd__xor2_2_X_A_sky130_fd_sc_hd__and3b_2_X_C_sky130_fd_sc_hd__a21o_2_X_B1_sky130_fd_sc_hd__a2bb2o_2_X_A1_N_sky130_fd_sc_hd__o2bb2a_2_X_A1_N_sky130_fd_sc_hd__a32o_2_X_A2_sky130_fd_sc_hd__and4_2_B_X (net)
                      0.151682    0.000498    5.551419 v filter.y_out[0]_sky130_fd_sc_hd__dfrtp_2_Q_D_sky130_fd_sc_hd__xor2_2_X_A_sky130_fd_sc_hd__and3b_2_X_C_sky130_fd_sc_hd__a21o_2_X_B1_sky130_fd_sc_hd__a2bb2o_2_X_B1_sky130_fd_sc_hd__a2bb2o_2_X_B2_sky130_fd_sc_hd__o32a_2_X_A2_sky130_fd_sc_hd__nor3_2_Y/B (sky130_fd_sc_hd__nor3_1)
     3    0.009881    0.560982    0.562457    6.113875 ^ filter.y_out[0]_sky130_fd_sc_hd__dfrtp_2_Q_D_sky130_fd_sc_hd__xor2_2_X_A_sky130_fd_sc_hd__and3b_2_X_C_sky130_fd_sc_hd__a21o_2_X_B1_sky130_fd_sc_hd__a2bb2o_2_X_B1_sky130_fd_sc_hd__a2bb2o_2_X_B2_sky130_fd_sc_hd__o32a_2_X_A2_sky130_fd_sc_hd__nor3_2_Y/Y (sky130_fd_sc_hd__nor3_1)
                                                         filter.y_out[0]_sky130_fd_sc_hd__dfrtp_2_Q_D_sky130_fd_sc_hd__xor2_2_X_A_sky130_fd_sc_hd__and3b_2_X_C_sky130_fd_sc_hd__a21o_2_X_B1_sky130_fd_sc_hd__a2bb2o_2_X_B1_sky130_fd_sc_hd__a2bb2o_2_X_B2_sky130_fd_sc_hd__o32a_2_X_A2 (net)
                      0.560983    0.000686    6.114562 ^ filter.y_out[0]_sky130_fd_sc_hd__dfrtp_2_Q_D_sky130_fd_sc_hd__xor2_2_X_A_sky130_fd_sc_hd__and3b_2_X_C_sky130_fd_sc_hd__a21o_2_X_B1_sky130_fd_sc_hd__a2bb2o_2_X_B1_sky130_fd_sc_hd__a2bb2o_2_X_B2_sky130_fd_sc_hd__o32a_2_X_A2_sky130_fd_sc_hd__and2b_2_A_N/A_N (sky130_fd_sc_hd__and2b_1)
     2    0.006930    0.098946    0.558437    6.672999 v filter.y_out[0]_sky130_fd_sc_hd__dfrtp_2_Q_D_sky130_fd_sc_hd__xor2_2_X_A_sky130_fd_sc_hd__and3b_2_X_C_sky130_fd_sc_hd__a21o_2_X_B1_sky130_fd_sc_hd__a2bb2o_2_X_B1_sky130_fd_sc_hd__a2bb2o_2_X_B2_sky130_fd_sc_hd__o32a_2_X_A2_sky130_fd_sc_hd__and2b_2_A_N/X (sky130_fd_sc_hd__and2b_1)
                                                         filter.y_out[0]_sky130_fd_sc_hd__dfrtp_2_Q_D_sky130_fd_sc_hd__xor2_2_X_A_sky130_fd_sc_hd__and3b_2_X_C_sky130_fd_sc_hd__a21o_2_X_B1_sky130_fd_sc_hd__a2bb2o_2_X_B1_sky130_fd_sc_hd__a2bb2o_2_X_B1_sky130_fd_sc_hd__or3_2_X_C_sky130_fd_sc_hd__o21a_2_X_A1 (net)
                      0.098946    0.000451    6.673450 v filter.y_out[0]_sky130_fd_sc_hd__dfrtp_2_Q_D_sky130_fd_sc_hd__xor2_2_X_A_sky130_fd_sc_hd__and3b_2_X_C_sky130_fd_sc_hd__a21o_2_X_B1_sky130_fd_sc_hd__a2bb2o_2_X_B1_sky130_fd_sc_hd__a2bb2o_2_X_B1_sky130_fd_sc_hd__or3_2_X_C_sky130_fd_sc_hd__o21a_2_X_B1_sky130_fd_sc_hd__a221o_2_X/A1 (sky130_fd_sc_hd__a221o_1)
     1    0.002924    0.092938    0.586840    7.260290 v filter.y_out[0]_sky130_fd_sc_hd__dfrtp_2_Q_D_sky130_fd_sc_hd__xor2_2_X_A_sky130_fd_sc_hd__and3b_2_X_C_sky130_fd_sc_hd__a21o_2_X_B1_sky130_fd_sc_hd__a2bb2o_2_X_B1_sky130_fd_sc_hd__a2bb2o_2_X_B1_sky130_fd_sc_hd__or3_2_X_C_sky130_fd_sc_hd__o21a_2_X_B1_sky130_fd_sc_hd__a221o_2_X/X (sky130_fd_sc_hd__a221o_1)
                                                         filter.y_out[0]_sky130_fd_sc_hd__dfrtp_2_Q_D_sky130_fd_sc_hd__xor2_2_X_A_sky130_fd_sc_hd__and3b_2_X_C_sky130_fd_sc_hd__a21o_2_X_B1_sky130_fd_sc_hd__a2bb2o_2_X_B1_sky130_fd_sc_hd__a2bb2o_2_X_B1_sky130_fd_sc_hd__or3_2_X_C_sky130_fd_sc_hd__o21a_2_X_B1 (net)
                      0.092938    0.000199    7.260489 v filter.y_out[0]_sky130_fd_sc_hd__dfrtp_2_Q_D_sky130_fd_sc_hd__xor2_2_X_A_sky130_fd_sc_hd__and3b_2_X_C_sky130_fd_sc_hd__a21o_2_X_B1_sky130_fd_sc_hd__a2bb2o_2_X_B1_sky130_fd_sc_hd__a2bb2o_2_X_B1_sky130_fd_sc_hd__or3_2_X_C_sky130_fd_sc_hd__o21a_2_X/B1 (sky130_fd_sc_hd__o21a_1)
     2    0.006786    0.099841    0.233994    7.494483 v filter.y_out[0]_sky130_fd_sc_hd__dfrtp_2_Q_D_sky130_fd_sc_hd__xor2_2_X_A_sky130_fd_sc_hd__and3b_2_X_C_sky130_fd_sc_hd__a21o_2_X_B1_sky130_fd_sc_hd__a2bb2o_2_X_B1_sky130_fd_sc_hd__a2bb2o_2_X_B1_sky130_fd_sc_hd__or3_2_X_C_sky130_fd_sc_hd__o21a_2_X/X (sky130_fd_sc_hd__o21a_1)
                                                         filter.y_out[0]_sky130_fd_sc_hd__dfrtp_2_Q_D_sky130_fd_sc_hd__xor2_2_X_A_sky130_fd_sc_hd__and3b_2_X_C_sky130_fd_sc_hd__a21o_2_X_B1_sky130_fd_sc_hd__a2bb2o_2_X_B1_sky130_fd_sc_hd__a2bb2o_2_X_B1_sky130_fd_sc_hd__or3_2_X_C (net)
                      0.099841    0.000459    7.494943 v filter.y_out[0]_sky130_fd_sc_hd__dfrtp_2_Q_D_sky130_fd_sc_hd__xor2_2_X_A_sky130_fd_sc_hd__and3b_2_X_C_sky130_fd_sc_hd__a21o_2_X_B1_sky130_fd_sc_hd__a2bb2o_2_X_B1_sky130_fd_sc_hd__a2bb2o_2_X_B1_sky130_fd_sc_hd__or3_2_X/C (sky130_fd_sc_hd__or3_1)
     1    0.002049    0.126999    0.705397    8.200339 v filter.y_out[0]_sky130_fd_sc_hd__dfrtp_2_Q_D_sky130_fd_sc_hd__xor2_2_X_A_sky130_fd_sc_hd__and3b_2_X_C_sky130_fd_sc_hd__a21o_2_X_B1_sky130_fd_sc_hd__a2bb2o_2_X_B1_sky130_fd_sc_hd__a2bb2o_2_X_B1_sky130_fd_sc_hd__or3_2_X/X (sky130_fd_sc_hd__or3_1)
                                                         filter.y_out[0]_sky130_fd_sc_hd__dfrtp_2_Q_D_sky130_fd_sc_hd__xor2_2_X_A_sky130_fd_sc_hd__and3b_2_X_C_sky130_fd_sc_hd__a21o_2_X_B1_sky130_fd_sc_hd__a2bb2o_2_X_B1_sky130_fd_sc_hd__a2bb2o_2_X_B1 (net)
                      0.126999    0.000146    8.200485 v filter.y_out[0]_sky130_fd_sc_hd__dfrtp_2_Q_D_sky130_fd_sc_hd__xor2_2_X_A_sky130_fd_sc_hd__and3b_2_X_C_sky130_fd_sc_hd__a21o_2_X_B1_sky130_fd_sc_hd__a2bb2o_2_X_B1_sky130_fd_sc_hd__a2bb2o_2_X/B1 (sky130_fd_sc_hd__a2bb2o_1)
     1    0.004046    0.111727    0.622048    8.822534 v filter.y_out[0]_sky130_fd_sc_hd__dfrtp_2_Q_D_sky130_fd_sc_hd__xor2_2_X_A_sky130_fd_sc_hd__and3b_2_X_C_sky130_fd_sc_hd__a21o_2_X_B1_sky130_fd_sc_hd__a2bb2o_2_X_B1_sky130_fd_sc_hd__a2bb2o_2_X/X (sky130_fd_sc_hd__a2bb2o_1)
                                                         filter.y_out[0]_sky130_fd_sc_hd__dfrtp_2_Q_D_sky130_fd_sc_hd__xor2_2_X_A_sky130_fd_sc_hd__and3b_2_X_C_sky130_fd_sc_hd__a21o_2_X_B1_sky130_fd_sc_hd__a2bb2o_2_X_B1 (net)
                      0.111727    0.000286    8.822819 v filter.y_out[0]_sky130_fd_sc_hd__dfrtp_2_Q_D_sky130_fd_sc_hd__xor2_2_X_A_sky130_fd_sc_hd__and3b_2_X_C_sky130_fd_sc_hd__a21o_2_X_B1_sky130_fd_sc_hd__a2bb2o_2_X/B1 (sky130_fd_sc_hd__a2bb2o_1)
     1    0.007669    0.142823    0.656093    9.478912 v filter.y_out[0]_sky130_fd_sc_hd__dfrtp_2_Q_D_sky130_fd_sc_hd__xor2_2_X_A_sky130_fd_sc_hd__and3b_2_X_C_sky130_fd_sc_hd__a21o_2_X_B1_sky130_fd_sc_hd__a2bb2o_2_X/X (sky130_fd_sc_hd__a2bb2o_1)
                                                         filter.y_out[0]_sky130_fd_sc_hd__dfrtp_2_Q_D_sky130_fd_sc_hd__xor2_2_X_A_sky130_fd_sc_hd__and3b_2_X_C_sky130_fd_sc_hd__a21o_2_X_B1 (net)
                      0.142823    0.000410    9.479322 v filter.y_out[0]_sky130_fd_sc_hd__dfrtp_2_Q_D_sky130_fd_sc_hd__xor2_2_X_A_sky130_fd_sc_hd__and3b_2_X_C_sky130_fd_sc_hd__a21o_2_X/B1 (sky130_fd_sc_hd__a21o_1)
     1    0.005249    0.079560    0.327132    9.806455 v filter.y_out[0]_sky130_fd_sc_hd__dfrtp_2_Q_D_sky130_fd_sc_hd__xor2_2_X_A_sky130_fd_sc_hd__and3b_2_X_C_sky130_fd_sc_hd__a21o_2_X/X (sky130_fd_sc_hd__a21o_1)
                                                         filter.y_out[0]_sky130_fd_sc_hd__dfrtp_2_Q_D_sky130_fd_sc_hd__xor2_2_X_A_sky130_fd_sc_hd__and3b_2_X_C (net)
                      0.079606    0.000414    9.806869 v filter.y_out[0]_sky130_fd_sc_hd__dfrtp_2_Q_D_sky130_fd_sc_hd__xor2_2_X_A_sky130_fd_sc_hd__and3b_2_X/C (sky130_fd_sc_hd__and3b_1)
     2    0.009057    0.121424    0.418030   10.224898 v filter.y_out[0]_sky130_fd_sc_hd__dfrtp_2_Q_D_sky130_fd_sc_hd__xor2_2_X_A_sky130_fd_sc_hd__and3b_2_X/X (sky130_fd_sc_hd__and3b_1)
                                                         filter.y_out[0]_sky130_fd_sc_hd__dfrtp_2_Q_D_sky130_fd_sc_hd__xor2_2_X_A (net)
                      0.121425    0.000584   10.225482 v filter.y_out[1]_sky130_fd_sc_hd__dfrtp_2_Q_D_sky130_fd_sc_hd__xor2_2_X_A_sky130_fd_sc_hd__a2bb2o_2_X/B2 (sky130_fd_sc_hd__a2bb2o_2)
     3    0.022072    0.163785    0.603590   10.829072 v filter.y_out[1]_sky130_fd_sc_hd__dfrtp_2_Q_D_sky130_fd_sc_hd__xor2_2_X_A_sky130_fd_sc_hd__a2bb2o_2_X/X (sky130_fd_sc_hd__a2bb2o_2)
                                                         filter.y_out[1]_sky130_fd_sc_hd__dfrtp_2_Q_D_sky130_fd_sc_hd__xor2_2_X_A (net)
                      0.163848    0.002954   10.832026 v filter.y_out[2]_sky130_fd_sc_hd__dfrtp_2_Q_D_sky130_fd_sc_hd__xor2_2_X_A_sky130_fd_sc_hd__a31o_2_A3/A1 (sky130_fd_sc_hd__a31o_1)
     3    0.018381    0.188127    0.480251   11.312277 v filter.y_out[2]_sky130_fd_sc_hd__dfrtp_2_Q_D_sky130_fd_sc_hd__xor2_2_X_A_sky130_fd_sc_hd__a31o_2_A3/X (sky130_fd_sc_hd__a31o_1)
                                                         filter.y_out[3]_sky130_fd_sc_hd__dfrtp_2_Q_D_sky130_fd_sc_hd__nor2_2_Y_A_sky130_fd_sc_hd__and2b_2_X_B (net)
                      0.188137    0.001573   11.313849 v filter.y_out[5]_sky130_fd_sc_hd__dfrtp_2_Q_D_sky130_fd_sc_hd__xor2_2_X_A_sky130_fd_sc_hd__nor2_2_Y_A_sky130_fd_sc_hd__nor3b_2_Y/C_N (sky130_fd_sc_hd__nor3b_1)
     2    0.009598    0.143318    0.385785   11.699635 v filter.y_out[5]_sky130_fd_sc_hd__dfrtp_2_Q_D_sky130_fd_sc_hd__xor2_2_X_A_sky130_fd_sc_hd__nor2_2_Y_A_sky130_fd_sc_hd__nor3b_2_Y/Y (sky130_fd_sc_hd__nor3b_1)
                                                         filter.y_out[5]_sky130_fd_sc_hd__dfrtp_2_Q_D_sky130_fd_sc_hd__xor2_2_X_A_sky130_fd_sc_hd__nor2_2_Y_A (net)
                      0.143329    0.000812   11.700446 v filter.y_out[5]_sky130_fd_sc_hd__dfrtp_2_Q_D_sky130_fd_sc_hd__xor2_2_X_B_sky130_fd_sc_hd__o21bai_2_B1_N/A1 (sky130_fd_sc_hd__o21bai_2)
     3    0.022757    0.457341    0.481283   12.181729 ^ filter.y_out[5]_sky130_fd_sc_hd__dfrtp_2_Q_D_sky130_fd_sc_hd__xor2_2_X_B_sky130_fd_sc_hd__o21bai_2_B1_N/Y (sky130_fd_sc_hd__o21bai_2)
                                                         filter.y_out[6]_sky130_fd_sc_hd__dfrtp_2_Q_D_sky130_fd_sc_hd__xnor2_2_Y_A_sky130_fd_sc_hd__nand2_2_Y_B (net)
                      0.457377    0.003304   12.185034 ^ filter.y_out[7]_sky130_fd_sc_hd__dfrtp_2_Q_D_sky130_fd_sc_hd__xnor2_2_Y_B_sky130_fd_sc_hd__o21ai_2_Y/A1 (sky130_fd_sc_hd__o21ai_1)
     2    0.010103    0.221294    0.371507   12.556541 v filter.y_out[7]_sky130_fd_sc_hd__dfrtp_2_Q_D_sky130_fd_sc_hd__xnor2_2_Y_B_sky130_fd_sc_hd__o21ai_2_Y/Y (sky130_fd_sc_hd__o21ai_1)
                                                         filter.y_out[7]_sky130_fd_sc_hd__dfrtp_2_Q_D_sky130_fd_sc_hd__xnor2_2_Y_B (net)
                      0.221294    0.000745   12.557286 v filter.y_out[8]_sky130_fd_sc_hd__dfrtp_2_Q_D_sky130_fd_sc_hd__xnor2_2_Y_B_sky130_fd_sc_hd__a21bo_2_X/A2 (sky130_fd_sc_hd__a21bo_1)
     1    0.006959    0.095086    0.435032   12.992318 v filter.y_out[8]_sky130_fd_sc_hd__dfrtp_2_Q_D_sky130_fd_sc_hd__xnor2_2_Y_B_sky130_fd_sc_hd__a21bo_2_X/X (sky130_fd_sc_hd__a21bo_1)
                                                         filter.y_out[8]_sky130_fd_sc_hd__dfrtp_2_Q_D_sky130_fd_sc_hd__xnor2_2_Y_B (net)
                      0.095087    0.000542   12.992860 v filter.y_out[8]_sky130_fd_sc_hd__dfrtp_2_Q_D_sky130_fd_sc_hd__xnor2_2_Y/B (sky130_fd_sc_hd__xnor2_1)
     1    0.003284    0.117645    0.219328   13.212187 v filter.y_out[8]_sky130_fd_sc_hd__dfrtp_2_Q_D_sky130_fd_sc_hd__xnor2_2_Y/Y (sky130_fd_sc_hd__xnor2_1)
                                                         filter.y_out[8]_sky130_fd_sc_hd__dfrtp_2_Q_D (net)
                      0.117645    0.000238   13.212425 v filter.y_out[8]_sky130_fd_sc_hd__dfrtp_2_Q/D (sky130_fd_sc_hd__dfrtp_4)
                                             13.212425   data arrival time

                                 30.000000   30.000000   clock clk (rise edge)
                                  0.000000   30.000000   clock source latency
     1    0.042471    0.306377    0.217000   30.216999 ^ clk (in)
                                                         clk (net)
                      0.306741    0.000000   30.216999 ^ clkbuf_0_clk/A (sky130_fd_sc_hd__clkbuf_16)
     8    0.141131    0.236430    0.455319   30.672319 ^ clkbuf_0_clk/X (sky130_fd_sc_hd__clkbuf_16)
                                                         clknet_0_clk (net)
                      0.238329    0.017106   30.689425 ^ clkbuf_3_1__f_clk/A (sky130_fd_sc_hd__clkbuf_16)
    12    0.058278    0.118607    0.344833   31.034258 ^ clkbuf_3_1__f_clk/X (sky130_fd_sc_hd__clkbuf_16)
                                                         clknet_3_1__leaf_clk (net)
                      0.118813    0.004292   31.038551 ^ filter.y_out[8]_sky130_fd_sc_hd__dfrtp_2_Q/CLK (sky130_fd_sc_hd__dfrtp_4)
                                 -0.250000   30.788549   clock uncertainty
                                  0.000000   30.788549   clock reconvergence pessimism
                                 -0.281658   30.506891   library setup time
                                             30.506891   data required time
---------------------------------------------------------------------------------------------
                                             30.506891   data required time
                                            -13.212425   data arrival time
---------------------------------------------------------------------------------------------
                                             17.294464   slack (MET)


Startpoint: filter.y_out[2]_sky130_fd_sc_hd__dfrtp_2_Q
            (rising edge-triggered flip-flop clocked by clk)
Endpoint: filter.y_out[7]_sky130_fd_sc_hd__dfrtp_2_Q
          (rising edge-triggered flip-flop clocked by clk)
Path Group: clk
Path Type: max

Fanout         Cap        Slew       Delay        Time   Description
---------------------------------------------------------------------------------------------
                                  0.000000    0.000000   clock clk (rise edge)
                                  0.000000    0.000000   clock source latency
     1    0.042471    0.306377    0.216999    0.216999 ^ clk (in)
                                                         clk (net)
                      0.306741    0.000000    0.216999 ^ clkbuf_0_clk/A (sky130_fd_sc_hd__clkbuf_16)
     8    0.141131    0.236430    0.455319    0.672318 ^ clkbuf_0_clk/X (sky130_fd_sc_hd__clkbuf_16)
                                                         clknet_0_clk (net)
                      0.236864    0.008456    0.680773 ^ clkbuf_3_6__f_clk/A (sky130_fd_sc_hd__clkbuf_16)
     9    0.059836    0.120431    0.346696    1.027470 ^ clkbuf_3_6__f_clk/X (sky130_fd_sc_hd__clkbuf_16)
                                                         clknet_3_6__leaf_clk (net)
                      0.120525    0.003008    1.030478 ^ filter.y_out[2]_sky130_fd_sc_hd__dfrtp_2_Q/CLK (sky130_fd_sc_hd__dfrtp_4)
     6    0.071795    0.278885    1.203707    2.234185 v filter.y_out[2]_sky130_fd_sc_hd__dfrtp_2_Q/Q (sky130_fd_sc_hd__dfrtp_4)
                                                         filter.y_out[2] (net)
                      0.280155    0.016224    2.250408 v filter.y_out[2]_sky130_fd_sc_hd__xor2_2_A/A (sky130_fd_sc_hd__xor2_4)
     4    0.036535    0.454285    0.560629    2.811038 ^ filter.y_out[2]_sky130_fd_sc_hd__xor2_2_A/X (sky130_fd_sc_hd__xor2_4)
                                                         filter.x_in[2]_sky130_fd_sc_hd__inv_2_A_Y_sky130_fd_sc_hd__o2bb2ai_2_B2_A2_N_sky130_fd_sc_hd__a21o_2_B1_A2 (net)
                      0.454285    0.001167    2.812204 ^ filter.y_out[1]_sky130_fd_sc_hd__xor2_2_A/B (sky130_fd_sc_hd__xor2_4)
    10    0.051116    0.291351    0.418404    3.230608 v filter.y_out[1]_sky130_fd_sc_hd__xor2_2_A/X (sky130_fd_sc_hd__xor2_4)
                                                         filter.y_out[1]_sky130_fd_sc_hd__xor2_2_A_X (net)
                      0.291351    0.001168    3.231776 v filter.x_in[10]_sky130_fd_sc_hd__or2_2_A_B_sky130_fd_sc_hd__xor2_2_X_B_sky130_fd_sc_hd__a31o_2_X_A3_sky130_fd_sc_hd__xnor2_2_Y_A_sky130_fd_sc_hd__o21ai_2_B1_Y_sky130_fd_sc_hd__xnor2_2_A_B_sky130_fd_sc_hd__and3_2_X_B_sky130_fd_sc_hd__or3_2_X/B (sky130_fd_sc_hd__or3_2)
     5    0.021115    0.265376    1.306969    4.538744 v filter.x_in[10]_sky130_fd_sc_hd__or2_2_A_B_sky130_fd_sc_hd__xor2_2_X_B_sky130_fd_sc_hd__a31o_2_X_A3_sky130_fd_sc_hd__xnor2_2_Y_A_sky130_fd_sc_hd__o21ai_2_B1_Y_sky130_fd_sc_hd__xnor2_2_A_B_sky130_fd_sc_hd__and3_2_X_B_sky130_fd_sc_hd__or3_2_X/X (sky130_fd_sc_hd__or3_2)
                                                         filter.x_in[10]_sky130_fd_sc_hd__or2_2_A_B_sky130_fd_sc_hd__xor2_2_X_B_sky130_fd_sc_hd__a31o_2_X_A3_sky130_fd_sc_hd__xnor2_2_Y_A_sky130_fd_sc_hd__o21ai_2_B1_Y_sky130_fd_sc_hd__xnor2_2_A_B_sky130_fd_sc_hd__and3_2_X_B (net)
                      0.265376    0.002297    4.541042 v filter.x_in[10]_sky130_fd_sc_hd__or2_2_A_B_sky130_fd_sc_hd__xor2_2_X_B_sky130_fd_sc_hd__a31o_2_X_A3_sky130_fd_sc_hd__xnor2_2_Y_A_sky130_fd_sc_hd__o21ai_2_B1_Y_sky130_fd_sc_hd__xnor2_2_A_B_sky130_fd_sc_hd__and3_2_X/B (sky130_fd_sc_hd__and3_1)
     3    0.011413    0.142259    0.503826    5.044868 v filter.x_in[10]_sky130_fd_sc_hd__or2_2_A_B_sky130_fd_sc_hd__xor2_2_X_B_sky130_fd_sc_hd__a31o_2_X_A3_sky130_fd_sc_hd__xnor2_2_Y_A_sky130_fd_sc_hd__o21ai_2_B1_Y_sky130_fd_sc_hd__xnor2_2_A_B_sky130_fd_sc_hd__and3_2_X/X (sky130_fd_sc_hd__and3_1)
                                                         filter.x_in[10]_sky130_fd_sc_hd__or2_2_A_B_sky130_fd_sc_hd__xor2_2_X_B_sky130_fd_sc_hd__a31o_2_X_A3_sky130_fd_sc_hd__xnor2_2_Y_A_sky130_fd_sc_hd__o21ai_2_B1_Y_sky130_fd_sc_hd__xnor2_2_A_B (net)
                      0.142259    0.000608    5.045476 v filter.y_out[0]_sky130_fd_sc_hd__dfrtp_2_Q_D_sky130_fd_sc_hd__xor2_2_X_A_sky130_fd_sc_hd__and3b_2_X_C_sky130_fd_sc_hd__a21o_2_X_B1_sky130_fd_sc_hd__a2bb2o_2_X_A1_N_sky130_fd_sc_hd__o2bb2a_2_X_A1_N_sky130_fd_sc_hd__a32o_2_X_A2_sky130_fd_sc_hd__and4_2_B/C (sky130_fd_sc_hd__and4_1)
     4    0.013100    0.151682    0.505445    5.550920 v filter.y_out[0]_sky130_fd_sc_hd__dfrtp_2_Q_D_sky130_fd_sc_hd__xor2_2_X_A_sky130_fd_sc_hd__and3b_2_X_C_sky130_fd_sc_hd__a21o_2_X_B1_sky130_fd_sc_hd__a2bb2o_2_X_A1_N_sky130_fd_sc_hd__o2bb2a_2_X_A1_N_sky130_fd_sc_hd__a32o_2_X_A2_sky130_fd_sc_hd__and4_2_B/X (sky130_fd_sc_hd__and4_1)
                                                         filter.y_out[0]_sky130_fd_sc_hd__dfrtp_2_Q_D_sky130_fd_sc_hd__xor2_2_X_A_sky130_fd_sc_hd__and3b_2_X_C_sky130_fd_sc_hd__a21o_2_X_B1_sky130_fd_sc_hd__a2bb2o_2_X_A1_N_sky130_fd_sc_hd__o2bb2a_2_X_A1_N_sky130_fd_sc_hd__a32o_2_X_A2_sky130_fd_sc_hd__and4_2_B_X (net)
                      0.151682    0.000498    5.551419 v filter.y_out[0]_sky130_fd_sc_hd__dfrtp_2_Q_D_sky130_fd_sc_hd__xor2_2_X_A_sky130_fd_sc_hd__and3b_2_X_C_sky130_fd_sc_hd__a21o_2_X_B1_sky130_fd_sc_hd__a2bb2o_2_X_B1_sky130_fd_sc_hd__a2bb2o_2_X_B2_sky130_fd_sc_hd__o32a_2_X_A2_sky130_fd_sc_hd__nor3_2_Y/B (sky130_fd_sc_hd__nor3_1)
     3    0.009881    0.560982    0.562457    6.113875 ^ filter.y_out[0]_sky130_fd_sc_hd__dfrtp_2_Q_D_sky130_fd_sc_hd__xor2_2_X_A_sky130_fd_sc_hd__and3b_2_X_C_sky130_fd_sc_hd__a21o_2_X_B1_sky130_fd_sc_hd__a2bb2o_2_X_B1_sky130_fd_sc_hd__a2bb2o_2_X_B2_sky130_fd_sc_hd__o32a_2_X_A2_sky130_fd_sc_hd__nor3_2_Y/Y (sky130_fd_sc_hd__nor3_1)
                                                         filter.y_out[0]_sky130_fd_sc_hd__dfrtp_2_Q_D_sky130_fd_sc_hd__xor2_2_X_A_sky130_fd_sc_hd__and3b_2_X_C_sky130_fd_sc_hd__a21o_2_X_B1_sky130_fd_sc_hd__a2bb2o_2_X_B1_sky130_fd_sc_hd__a2bb2o_2_X_B2_sky130_fd_sc_hd__o32a_2_X_A2 (net)
                      0.560983    0.000686    6.114562 ^ filter.y_out[0]_sky130_fd_sc_hd__dfrtp_2_Q_D_sky130_fd_sc_hd__xor2_2_X_A_sky130_fd_sc_hd__and3b_2_X_C_sky130_fd_sc_hd__a21o_2_X_B1_sky130_fd_sc_hd__a2bb2o_2_X_B1_sky130_fd_sc_hd__a2bb2o_2_X_B2_sky130_fd_sc_hd__o32a_2_X_A2_sky130_fd_sc_hd__and2b_2_A_N/A_N (sky130_fd_sc_hd__and2b_1)
     2    0.006930    0.098946    0.558437    6.672999 v filter.y_out[0]_sky130_fd_sc_hd__dfrtp_2_Q_D_sky130_fd_sc_hd__xor2_2_X_A_sky130_fd_sc_hd__and3b_2_X_C_sky130_fd_sc_hd__a21o_2_X_B1_sky130_fd_sc_hd__a2bb2o_2_X_B1_sky130_fd_sc_hd__a2bb2o_2_X_B2_sky130_fd_sc_hd__o32a_2_X_A2_sky130_fd_sc_hd__and2b_2_A_N/X (sky130_fd_sc_hd__and2b_1)
                                                         filter.y_out[0]_sky130_fd_sc_hd__dfrtp_2_Q_D_sky130_fd_sc_hd__xor2_2_X_A_sky130_fd_sc_hd__and3b_2_X_C_sky130_fd_sc_hd__a21o_2_X_B1_sky130_fd_sc_hd__a2bb2o_2_X_B1_sky130_fd_sc_hd__a2bb2o_2_X_B1_sky130_fd_sc_hd__or3_2_X_C_sky130_fd_sc_hd__o21a_2_X_A1 (net)
                      0.098946    0.000451    6.673450 v filter.y_out[0]_sky130_fd_sc_hd__dfrtp_2_Q_D_sky130_fd_sc_hd__xor2_2_X_A_sky130_fd_sc_hd__and3b_2_X_C_sky130_fd_sc_hd__a21o_2_X_B1_sky130_fd_sc_hd__a2bb2o_2_X_B1_sky130_fd_sc_hd__a2bb2o_2_X_B1_sky130_fd_sc_hd__or3_2_X_C_sky130_fd_sc_hd__o21a_2_X_B1_sky130_fd_sc_hd__a221o_2_X/A1 (sky130_fd_sc_hd__a221o_1)
     1    0.002924    0.092938    0.586840    7.260290 v filter.y_out[0]_sky130_fd_sc_hd__dfrtp_2_Q_D_sky130_fd_sc_hd__xor2_2_X_A_sky130_fd_sc_hd__and3b_2_X_C_sky130_fd_sc_hd__a21o_2_X_B1_sky130_fd_sc_hd__a2bb2o_2_X_B1_sky130_fd_sc_hd__a2bb2o_2_X_B1_sky130_fd_sc_hd__or3_2_X_C_sky130_fd_sc_hd__o21a_2_X_B1_sky130_fd_sc_hd__a221o_2_X/X (sky130_fd_sc_hd__a221o_1)
                                                         filter.y_out[0]_sky130_fd_sc_hd__dfrtp_2_Q_D_sky130_fd_sc_hd__xor2_2_X_A_sky130_fd_sc_hd__and3b_2_X_C_sky130_fd_sc_hd__a21o_2_X_B1_sky130_fd_sc_hd__a2bb2o_2_X_B1_sky130_fd_sc_hd__a2bb2o_2_X_B1_sky130_fd_sc_hd__or3_2_X_C_sky130_fd_sc_hd__o21a_2_X_B1 (net)
                      0.092938    0.000199    7.260489 v filter.y_out[0]_sky130_fd_sc_hd__dfrtp_2_Q_D_sky130_fd_sc_hd__xor2_2_X_A_sky130_fd_sc_hd__and3b_2_X_C_sky130_fd_sc_hd__a21o_2_X_B1_sky130_fd_sc_hd__a2bb2o_2_X_B1_sky130_fd_sc_hd__a2bb2o_2_X_B1_sky130_fd_sc_hd__or3_2_X_C_sky130_fd_sc_hd__o21a_2_X/B1 (sky130_fd_sc_hd__o21a_1)
     2    0.006786    0.099841    0.233994    7.494483 v filter.y_out[0]_sky130_fd_sc_hd__dfrtp_2_Q_D_sky130_fd_sc_hd__xor2_2_X_A_sky130_fd_sc_hd__and3b_2_X_C_sky130_fd_sc_hd__a21o_2_X_B1_sky130_fd_sc_hd__a2bb2o_2_X_B1_sky130_fd_sc_hd__a2bb2o_2_X_B1_sky130_fd_sc_hd__or3_2_X_C_sky130_fd_sc_hd__o21a_2_X/X (sky130_fd_sc_hd__o21a_1)
                                                         filter.y_out[0]_sky130_fd_sc_hd__dfrtp_2_Q_D_sky130_fd_sc_hd__xor2_2_X_A_sky130_fd_sc_hd__and3b_2_X_C_sky130_fd_sc_hd__a21o_2_X_B1_sky130_fd_sc_hd__a2bb2o_2_X_B1_sky130_fd_sc_hd__a2bb2o_2_X_B1_sky130_fd_sc_hd__or3_2_X_C (net)
                      0.099841    0.000459    7.494943 v filter.y_out[0]_sky130_fd_sc_hd__dfrtp_2_Q_D_sky130_fd_sc_hd__xor2_2_X_A_sky130_fd_sc_hd__and3b_2_X_C_sky130_fd_sc_hd__a21o_2_X_B1_sky130_fd_sc_hd__a2bb2o_2_X_B1_sky130_fd_sc_hd__a2bb2o_2_X_B1_sky130_fd_sc_hd__or3_2_X/C (sky130_fd_sc_hd__or3_1)
     1    0.002049    0.126999    0.705397    8.200339 v filter.y_out[0]_sky130_fd_sc_hd__dfrtp_2_Q_D_sky130_fd_sc_hd__xor2_2_X_A_sky130_fd_sc_hd__and3b_2_X_C_sky130_fd_sc_hd__a21o_2_X_B1_sky130_fd_sc_hd__a2bb2o_2_X_B1_sky130_fd_sc_hd__a2bb2o_2_X_B1_sky130_fd_sc_hd__or3_2_X/X (sky130_fd_sc_hd__or3_1)
                                                         filter.y_out[0]_sky130_fd_sc_hd__dfrtp_2_Q_D_sky130_fd_sc_hd__xor2_2_X_A_sky130_fd_sc_hd__and3b_2_X_C_sky130_fd_sc_hd__a21o_2_X_B1_sky130_fd_sc_hd__a2bb2o_2_X_B1_sky130_fd_sc_hd__a2bb2o_2_X_B1 (net)
                      0.126999    0.000146    8.200485 v filter.y_out[0]_sky130_fd_sc_hd__dfrtp_2_Q_D_sky130_fd_sc_hd__xor2_2_X_A_sky130_fd_sc_hd__and3b_2_X_C_sky130_fd_sc_hd__a21o_2_X_B1_sky130_fd_sc_hd__a2bb2o_2_X_B1_sky130_fd_sc_hd__a2bb2o_2_X/B1 (sky130_fd_sc_hd__a2bb2o_1)
     1    0.004046    0.111727    0.622048    8.822534 v filter.y_out[0]_sky130_fd_sc_hd__dfrtp_2_Q_D_sky130_fd_sc_hd__xor2_2_X_A_sky130_fd_sc_hd__and3b_2_X_C_sky130_fd_sc_hd__a21o_2_X_B1_sky130_fd_sc_hd__a2bb2o_2_X_B1_sky130_fd_sc_hd__a2bb2o_2_X/X (sky130_fd_sc_hd__a2bb2o_1)
                                                         filter.y_out[0]_sky130_fd_sc_hd__dfrtp_2_Q_D_sky130_fd_sc_hd__xor2_2_X_A_sky130_fd_sc_hd__and3b_2_X_C_sky130_fd_sc_hd__a21o_2_X_B1_sky130_fd_sc_hd__a2bb2o_2_X_B1 (net)
                      0.111727    0.000286    8.822819 v filter.y_out[0]_sky130_fd_sc_hd__dfrtp_2_Q_D_sky130_fd_sc_hd__xor2_2_X_A_sky130_fd_sc_hd__and3b_2_X_C_sky130_fd_sc_hd__a21o_2_X_B1_sky130_fd_sc_hd__a2bb2o_2_X/B1 (sky130_fd_sc_hd__a2bb2o_1)
     1    0.007669    0.142823    0.656093    9.478912 v filter.y_out[0]_sky130_fd_sc_hd__dfrtp_2_Q_D_sky130_fd_sc_hd__xor2_2_X_A_sky130_fd_sc_hd__and3b_2_X_C_sky130_fd_sc_hd__a21o_2_X_B1_sky130_fd_sc_hd__a2bb2o_2_X/X (sky130_fd_sc_hd__a2bb2o_1)
                                                         filter.y_out[0]_sky130_fd_sc_hd__dfrtp_2_Q_D_sky130_fd_sc_hd__xor2_2_X_A_sky130_fd_sc_hd__and3b_2_X_C_sky130_fd_sc_hd__a21o_2_X_B1 (net)
                      0.142823    0.000410    9.479322 v filter.y_out[0]_sky130_fd_sc_hd__dfrtp_2_Q_D_sky130_fd_sc_hd__xor2_2_X_A_sky130_fd_sc_hd__and3b_2_X_C_sky130_fd_sc_hd__a21o_2_X/B1 (sky130_fd_sc_hd__a21o_1)
     1    0.005249    0.079560    0.327132    9.806455 v filter.y_out[0]_sky130_fd_sc_hd__dfrtp_2_Q_D_sky130_fd_sc_hd__xor2_2_X_A_sky130_fd_sc_hd__and3b_2_X_C_sky130_fd_sc_hd__a21o_2_X/X (sky130_fd_sc_hd__a21o_1)
                                                         filter.y_out[0]_sky130_fd_sc_hd__dfrtp_2_Q_D_sky130_fd_sc_hd__xor2_2_X_A_sky130_fd_sc_hd__and3b_2_X_C (net)
                      0.079606    0.000414    9.806869 v filter.y_out[0]_sky130_fd_sc_hd__dfrtp_2_Q_D_sky130_fd_sc_hd__xor2_2_X_A_sky130_fd_sc_hd__and3b_2_X/C (sky130_fd_sc_hd__and3b_1)
     2    0.009057    0.121424    0.418030   10.224898 v filter.y_out[0]_sky130_fd_sc_hd__dfrtp_2_Q_D_sky130_fd_sc_hd__xor2_2_X_A_sky130_fd_sc_hd__and3b_2_X/X (sky130_fd_sc_hd__and3b_1)
                                                         filter.y_out[0]_sky130_fd_sc_hd__dfrtp_2_Q_D_sky130_fd_sc_hd__xor2_2_X_A (net)
                      0.121425    0.000584   10.225482 v filter.y_out[1]_sky130_fd_sc_hd__dfrtp_2_Q_D_sky130_fd_sc_hd__xor2_2_X_A_sky130_fd_sc_hd__a2bb2o_2_X/B2 (sky130_fd_sc_hd__a2bb2o_2)
     3    0.022072    0.163785    0.603590   10.829072 v filter.y_out[1]_sky130_fd_sc_hd__dfrtp_2_Q_D_sky130_fd_sc_hd__xor2_2_X_A_sky130_fd_sc_hd__a2bb2o_2_X/X (sky130_fd_sc_hd__a2bb2o_2)
                                                         filter.y_out[1]_sky130_fd_sc_hd__dfrtp_2_Q_D_sky130_fd_sc_hd__xor2_2_X_A (net)
                      0.163848    0.002954   10.832026 v filter.y_out[2]_sky130_fd_sc_hd__dfrtp_2_Q_D_sky130_fd_sc_hd__xor2_2_X_A_sky130_fd_sc_hd__a31o_2_A3/A1 (sky130_fd_sc_hd__a31o_1)
     3    0.018381    0.188127    0.480251   11.312277 v filter.y_out[2]_sky130_fd_sc_hd__dfrtp_2_Q_D_sky130_fd_sc_hd__xor2_2_X_A_sky130_fd_sc_hd__a31o_2_A3/X (sky130_fd_sc_hd__a31o_1)
                                                         filter.y_out[3]_sky130_fd_sc_hd__dfrtp_2_Q_D_sky130_fd_sc_hd__nor2_2_Y_A_sky130_fd_sc_hd__and2b_2_X_B (net)
                      0.188137    0.001573   11.313849 v filter.y_out[5]_sky130_fd_sc_hd__dfrtp_2_Q_D_sky130_fd_sc_hd__xor2_2_X_A_sky130_fd_sc_hd__nor2_2_Y_A_sky130_fd_sc_hd__nor3b_2_Y/C_N (sky130_fd_sc_hd__nor3b_1)
     2    0.009598    0.143318    0.385785   11.699635 v filter.y_out[5]_sky130_fd_sc_hd__dfrtp_2_Q_D_sky130_fd_sc_hd__xor2_2_X_A_sky130_fd_sc_hd__nor2_2_Y_A_sky130_fd_sc_hd__nor3b_2_Y/Y (sky130_fd_sc_hd__nor3b_1)
                                                         filter.y_out[5]_sky130_fd_sc_hd__dfrtp_2_Q_D_sky130_fd_sc_hd__xor2_2_X_A_sky130_fd_sc_hd__nor2_2_Y_A (net)
                      0.143329    0.000812   11.700446 v filter.y_out[5]_sky130_fd_sc_hd__dfrtp_2_Q_D_sky130_fd_sc_hd__xor2_2_X_B_sky130_fd_sc_hd__o21bai_2_B1_N/A1 (sky130_fd_sc_hd__o21bai_2)
     3    0.022757    0.457341    0.481283   12.181729 ^ filter.y_out[5]_sky130_fd_sc_hd__dfrtp_2_Q_D_sky130_fd_sc_hd__xor2_2_X_B_sky130_fd_sc_hd__o21bai_2_B1_N/Y (sky130_fd_sc_hd__o21bai_2)
                                                         filter.y_out[6]_sky130_fd_sc_hd__dfrtp_2_Q_D_sky130_fd_sc_hd__xnor2_2_Y_A_sky130_fd_sc_hd__nand2_2_Y_B (net)
                      0.457377    0.003304   12.185034 ^ filter.y_out[7]_sky130_fd_sc_hd__dfrtp_2_Q_D_sky130_fd_sc_hd__xnor2_2_Y_B_sky130_fd_sc_hd__o21ai_2_Y/A1 (sky130_fd_sc_hd__o21ai_1)
     2    0.010103    0.221294    0.371507   12.556541 v filter.y_out[7]_sky130_fd_sc_hd__dfrtp_2_Q_D_sky130_fd_sc_hd__xnor2_2_Y_B_sky130_fd_sc_hd__o21ai_2_Y/Y (sky130_fd_sc_hd__o21ai_1)
                                                         filter.y_out[7]_sky130_fd_sc_hd__dfrtp_2_Q_D_sky130_fd_sc_hd__xnor2_2_Y_B (net)
                      0.221294    0.000759   12.557301 v filter.y_out[7]_sky130_fd_sc_hd__dfrtp_2_Q_D_sky130_fd_sc_hd__xnor2_2_Y/B (sky130_fd_sc_hd__xnor2_1)
     1    0.003733    0.106416    0.284577   12.841877 v filter.y_out[7]_sky130_fd_sc_hd__dfrtp_2_Q_D_sky130_fd_sc_hd__xnor2_2_Y/Y (sky130_fd_sc_hd__xnor2_1)
                                                         filter.y_out[7]_sky130_fd_sc_hd__dfrtp_2_Q_D (net)
                      0.106416    0.000221   12.842098 v filter.y_out[7]_sky130_fd_sc_hd__dfrtp_2_Q/D (sky130_fd_sc_hd__dfrtp_4)
                                             12.842098   data arrival time

                                 30.000000   30.000000   clock clk (rise edge)
                                  0.000000   30.000000   clock source latency
     1    0.042471    0.306377    0.217000   30.216999 ^ clk (in)
                                                         clk (net)
                      0.306741    0.000000   30.216999 ^ clkbuf_0_clk/A (sky130_fd_sc_hd__clkbuf_16)
     8    0.141131    0.236430    0.455319   30.672319 ^ clkbuf_0_clk/X (sky130_fd_sc_hd__clkbuf_16)
                                                         clknet_0_clk (net)
                      0.236864    0.008455   30.680775 ^ clkbuf_3_6__f_clk/A (sky130_fd_sc_hd__clkbuf_16)
     9    0.059836    0.120431    0.346695   31.027470 ^ clkbuf_3_6__f_clk/X (sky130_fd_sc_hd__clkbuf_16)
                                                         clknet_3_6__leaf_clk (net)
                      0.120611    0.003997   31.031466 ^ filter.y_out[7]_sky130_fd_sc_hd__dfrtp_2_Q/CLK (sky130_fd_sc_hd__dfrtp_4)
                                 -0.250000   30.781466   clock uncertainty
                                  0.000000   30.781466   clock reconvergence pessimism
                                 -0.276501   30.504965   library setup time
                                             30.504965   data required time
---------------------------------------------------------------------------------------------
                                             30.504965   data required time
                                            -12.842098   data arrival time
---------------------------------------------------------------------------------------------
                                             17.662867   slack (MET)


Startpoint: filter.y_out[2]_sky130_fd_sc_hd__dfrtp_2_Q
            (rising edge-triggered flip-flop clocked by clk)
Endpoint: filter.y_out[6]_sky130_fd_sc_hd__dfrtp_2_Q
          (rising edge-triggered flip-flop clocked by clk)
Path Group: clk
Path Type: max

Fanout         Cap        Slew       Delay        Time   Description
---------------------------------------------------------------------------------------------
                                  0.000000    0.000000   clock clk (rise edge)
                                  0.000000    0.000000   clock source latency
     1    0.042471    0.306377    0.216999    0.216999 ^ clk (in)
                                                         clk (net)
                      0.306741    0.000000    0.216999 ^ clkbuf_0_clk/A (sky130_fd_sc_hd__clkbuf_16)
     8    0.141131    0.236430    0.455319    0.672318 ^ clkbuf_0_clk/X (sky130_fd_sc_hd__clkbuf_16)
                                                         clknet_0_clk (net)
                      0.236864    0.008456    0.680773 ^ clkbuf_3_6__f_clk/A (sky130_fd_sc_hd__clkbuf_16)
     9    0.059836    0.120431    0.346696    1.027470 ^ clkbuf_3_6__f_clk/X (sky130_fd_sc_hd__clkbuf_16)
                                                         clknet_3_6__leaf_clk (net)
                      0.120525    0.003008    1.030478 ^ filter.y_out[2]_sky130_fd_sc_hd__dfrtp_2_Q/CLK (sky130_fd_sc_hd__dfrtp_4)
     6    0.071795    0.278885    1.203707    2.234185 v filter.y_out[2]_sky130_fd_sc_hd__dfrtp_2_Q/Q (sky130_fd_sc_hd__dfrtp_4)
                                                         filter.y_out[2] (net)
                      0.280155    0.016224    2.250408 v filter.y_out[2]_sky130_fd_sc_hd__xor2_2_A/A (sky130_fd_sc_hd__xor2_4)
     4    0.036535    0.454285    0.560629    2.811038 ^ filter.y_out[2]_sky130_fd_sc_hd__xor2_2_A/X (sky130_fd_sc_hd__xor2_4)
                                                         filter.x_in[2]_sky130_fd_sc_hd__inv_2_A_Y_sky130_fd_sc_hd__o2bb2ai_2_B2_A2_N_sky130_fd_sc_hd__a21o_2_B1_A2 (net)
                      0.454285    0.001167    2.812204 ^ filter.y_out[1]_sky130_fd_sc_hd__xor2_2_A/B (sky130_fd_sc_hd__xor2_4)
    10    0.051116    0.291351    0.418404    3.230608 v filter.y_out[1]_sky130_fd_sc_hd__xor2_2_A/X (sky130_fd_sc_hd__xor2_4)
                                                         filter.y_out[1]_sky130_fd_sc_hd__xor2_2_A_X (net)
                      0.291351    0.001168    3.231776 v filter.x_in[10]_sky130_fd_sc_hd__or2_2_A_B_sky130_fd_sc_hd__xor2_2_X_B_sky130_fd_sc_hd__a31o_2_X_A3_sky130_fd_sc_hd__xnor2_2_Y_A_sky130_fd_sc_hd__o21ai_2_B1_Y_sky130_fd_sc_hd__xnor2_2_A_B_sky130_fd_sc_hd__and3_2_X_B_sky130_fd_sc_hd__or3_2_X/B (sky130_fd_sc_hd__or3_2)
     5    0.021115    0.265376    1.306969    4.538744 v filter.x_in[10]_sky130_fd_sc_hd__or2_2_A_B_sky130_fd_sc_hd__xor2_2_X_B_sky130_fd_sc_hd__a31o_2_X_A3_sky130_fd_sc_hd__xnor2_2_Y_A_sky130_fd_sc_hd__o21ai_2_B1_Y_sky130_fd_sc_hd__xnor2_2_A_B_sky130_fd_sc_hd__and3_2_X_B_sky130_fd_sc_hd__or3_2_X/X (sky130_fd_sc_hd__or3_2)
                                                         filter.x_in[10]_sky130_fd_sc_hd__or2_2_A_B_sky130_fd_sc_hd__xor2_2_X_B_sky130_fd_sc_hd__a31o_2_X_A3_sky130_fd_sc_hd__xnor2_2_Y_A_sky130_fd_sc_hd__o21ai_2_B1_Y_sky130_fd_sc_hd__xnor2_2_A_B_sky130_fd_sc_hd__and3_2_X_B (net)
                      0.265376    0.002297    4.541042 v filter.x_in[10]_sky130_fd_sc_hd__or2_2_A_B_sky130_fd_sc_hd__xor2_2_X_B_sky130_fd_sc_hd__a31o_2_X_A3_sky130_fd_sc_hd__xnor2_2_Y_A_sky130_fd_sc_hd__o21ai_2_B1_Y_sky130_fd_sc_hd__xnor2_2_A_B_sky130_fd_sc_hd__and3_2_X/B (sky130_fd_sc_hd__and3_1)
     3    0.011413    0.142259    0.503826    5.044868 v filter.x_in[10]_sky130_fd_sc_hd__or2_2_A_B_sky130_fd_sc_hd__xor2_2_X_B_sky130_fd_sc_hd__a31o_2_X_A3_sky130_fd_sc_hd__xnor2_2_Y_A_sky130_fd_sc_hd__o21ai_2_B1_Y_sky130_fd_sc_hd__xnor2_2_A_B_sky130_fd_sc_hd__and3_2_X/X (sky130_fd_sc_hd__and3_1)
                                                         filter.x_in[10]_sky130_fd_sc_hd__or2_2_A_B_sky130_fd_sc_hd__xor2_2_X_B_sky130_fd_sc_hd__a31o_2_X_A3_sky130_fd_sc_hd__xnor2_2_Y_A_sky130_fd_sc_hd__o21ai_2_B1_Y_sky130_fd_sc_hd__xnor2_2_A_B (net)
                      0.142259    0.000608    5.045476 v filter.y_out[0]_sky130_fd_sc_hd__dfrtp_2_Q_D_sky130_fd_sc_hd__xor2_2_X_A_sky130_fd_sc_hd__and3b_2_X_C_sky130_fd_sc_hd__a21o_2_X_B1_sky130_fd_sc_hd__a2bb2o_2_X_A1_N_sky130_fd_sc_hd__o2bb2a_2_X_A1_N_sky130_fd_sc_hd__a32o_2_X_A2_sky130_fd_sc_hd__and4_2_B/C (sky130_fd_sc_hd__and4_1)
     4    0.013100    0.151682    0.505445    5.550920 v filter.y_out[0]_sky130_fd_sc_hd__dfrtp_2_Q_D_sky130_fd_sc_hd__xor2_2_X_A_sky130_fd_sc_hd__and3b_2_X_C_sky130_fd_sc_hd__a21o_2_X_B1_sky130_fd_sc_hd__a2bb2o_2_X_A1_N_sky130_fd_sc_hd__o2bb2a_2_X_A1_N_sky130_fd_sc_hd__a32o_2_X_A2_sky130_fd_sc_hd__and4_2_B/X (sky130_fd_sc_hd__and4_1)
                                                         filter.y_out[0]_sky130_fd_sc_hd__dfrtp_2_Q_D_sky130_fd_sc_hd__xor2_2_X_A_sky130_fd_sc_hd__and3b_2_X_C_sky130_fd_sc_hd__a21o_2_X_B1_sky130_fd_sc_hd__a2bb2o_2_X_A1_N_sky130_fd_sc_hd__o2bb2a_2_X_A1_N_sky130_fd_sc_hd__a32o_2_X_A2_sky130_fd_sc_hd__and4_2_B_X (net)
                      0.151682    0.000498    5.551419 v filter.y_out[0]_sky130_fd_sc_hd__dfrtp_2_Q_D_sky130_fd_sc_hd__xor2_2_X_A_sky130_fd_sc_hd__and3b_2_X_C_sky130_fd_sc_hd__a21o_2_X_B1_sky130_fd_sc_hd__a2bb2o_2_X_B1_sky130_fd_sc_hd__a2bb2o_2_X_B2_sky130_fd_sc_hd__o32a_2_X_A2_sky130_fd_sc_hd__nor3_2_Y/B (sky130_fd_sc_hd__nor3_1)
     3    0.009881    0.560982    0.562457    6.113875 ^ filter.y_out[0]_sky130_fd_sc_hd__dfrtp_2_Q_D_sky130_fd_sc_hd__xor2_2_X_A_sky130_fd_sc_hd__and3b_2_X_C_sky130_fd_sc_hd__a21o_2_X_B1_sky130_fd_sc_hd__a2bb2o_2_X_B1_sky130_fd_sc_hd__a2bb2o_2_X_B2_sky130_fd_sc_hd__o32a_2_X_A2_sky130_fd_sc_hd__nor3_2_Y/Y (sky130_fd_sc_hd__nor3_1)
                                                         filter.y_out[0]_sky130_fd_sc_hd__dfrtp_2_Q_D_sky130_fd_sc_hd__xor2_2_X_A_sky130_fd_sc_hd__and3b_2_X_C_sky130_fd_sc_hd__a21o_2_X_B1_sky130_fd_sc_hd__a2bb2o_2_X_B1_sky130_fd_sc_hd__a2bb2o_2_X_B2_sky130_fd_sc_hd__o32a_2_X_A2 (net)
                      0.560983    0.000686    6.114562 ^ filter.y_out[0]_sky130_fd_sc_hd__dfrtp_2_Q_D_sky130_fd_sc_hd__xor2_2_X_A_sky130_fd_sc_hd__and3b_2_X_C_sky130_fd_sc_hd__a21o_2_X_B1_sky130_fd_sc_hd__a2bb2o_2_X_B1_sky130_fd_sc_hd__a2bb2o_2_X_B2_sky130_fd_sc_hd__o32a_2_X_A2_sky130_fd_sc_hd__and2b_2_A_N/A_N (sky130_fd_sc_hd__and2b_1)
     2    0.006930    0.098946    0.558437    6.672999 v filter.y_out[0]_sky130_fd_sc_hd__dfrtp_2_Q_D_sky130_fd_sc_hd__xor2_2_X_A_sky130_fd_sc_hd__and3b_2_X_C_sky130_fd_sc_hd__a21o_2_X_B1_sky130_fd_sc_hd__a2bb2o_2_X_B1_sky130_fd_sc_hd__a2bb2o_2_X_B2_sky130_fd_sc_hd__o32a_2_X_A2_sky130_fd_sc_hd__and2b_2_A_N/X (sky130_fd_sc_hd__and2b_1)
                                                         filter.y_out[0]_sky130_fd_sc_hd__dfrtp_2_Q_D_sky130_fd_sc_hd__xor2_2_X_A_sky130_fd_sc_hd__and3b_2_X_C_sky130_fd_sc_hd__a21o_2_X_B1_sky130_fd_sc_hd__a2bb2o_2_X_B1_sky130_fd_sc_hd__a2bb2o_2_X_B1_sky130_fd_sc_hd__or3_2_X_C_sky130_fd_sc_hd__o21a_2_X_A1 (net)
                      0.098946    0.000451    6.673450 v filter.y_out[0]_sky130_fd_sc_hd__dfrtp_2_Q_D_sky130_fd_sc_hd__xor2_2_X_A_sky130_fd_sc_hd__and3b_2_X_C_sky130_fd_sc_hd__a21o_2_X_B1_sky130_fd_sc_hd__a2bb2o_2_X_B1_sky130_fd_sc_hd__a2bb2o_2_X_B1_sky130_fd_sc_hd__or3_2_X_C_sky130_fd_sc_hd__o21a_2_X_B1_sky130_fd_sc_hd__a221o_2_X/A1 (sky130_fd_sc_hd__a221o_1)
     1    0.002924    0.092938    0.586840    7.260290 v filter.y_out[0]_sky130_fd_sc_hd__dfrtp_2_Q_D_sky130_fd_sc_hd__xor2_2_X_A_sky130_fd_sc_hd__and3b_2_X_C_sky130_fd_sc_hd__a21o_2_X_B1_sky130_fd_sc_hd__a2bb2o_2_X_B1_sky130_fd_sc_hd__a2bb2o_2_X_B1_sky130_fd_sc_hd__or3_2_X_C_sky130_fd_sc_hd__o21a_2_X_B1_sky130_fd_sc_hd__a221o_2_X/X (sky130_fd_sc_hd__a221o_1)
                                                         filter.y_out[0]_sky130_fd_sc_hd__dfrtp_2_Q_D_sky130_fd_sc_hd__xor2_2_X_A_sky130_fd_sc_hd__and3b_2_X_C_sky130_fd_sc_hd__a21o_2_X_B1_sky130_fd_sc_hd__a2bb2o_2_X_B1_sky130_fd_sc_hd__a2bb2o_2_X_B1_sky130_fd_sc_hd__or3_2_X_C_sky130_fd_sc_hd__o21a_2_X_B1 (net)
                      0.092938    0.000199    7.260489 v filter.y_out[0]_sky130_fd_sc_hd__dfrtp_2_Q_D_sky130_fd_sc_hd__xor2_2_X_A_sky130_fd_sc_hd__and3b_2_X_C_sky130_fd_sc_hd__a21o_2_X_B1_sky130_fd_sc_hd__a2bb2o_2_X_B1_sky130_fd_sc_hd__a2bb2o_2_X_B1_sky130_fd_sc_hd__or3_2_X_C_sky130_fd_sc_hd__o21a_2_X/B1 (sky130_fd_sc_hd__o21a_1)
     2    0.006786    0.099841    0.233994    7.494483 v filter.y_out[0]_sky130_fd_sc_hd__dfrtp_2_Q_D_sky130_fd_sc_hd__xor2_2_X_A_sky130_fd_sc_hd__and3b_2_X_C_sky130_fd_sc_hd__a21o_2_X_B1_sky130_fd_sc_hd__a2bb2o_2_X_B1_sky130_fd_sc_hd__a2bb2o_2_X_B1_sky130_fd_sc_hd__or3_2_X_C_sky130_fd_sc_hd__o21a_2_X/X (sky130_fd_sc_hd__o21a_1)
                                                         filter.y_out[0]_sky130_fd_sc_hd__dfrtp_2_Q_D_sky130_fd_sc_hd__xor2_2_X_A_sky130_fd_sc_hd__and3b_2_X_C_sky130_fd_sc_hd__a21o_2_X_B1_sky130_fd_sc_hd__a2bb2o_2_X_B1_sky130_fd_sc_hd__a2bb2o_2_X_B1_sky130_fd_sc_hd__or3_2_X_C (net)
                      0.099841    0.000459    7.494943 v filter.y_out[0]_sky130_fd_sc_hd__dfrtp_2_Q_D_sky130_fd_sc_hd__xor2_2_X_A_sky130_fd_sc_hd__and3b_2_X_C_sky130_fd_sc_hd__a21o_2_X_B1_sky130_fd_sc_hd__a2bb2o_2_X_B1_sky130_fd_sc_hd__a2bb2o_2_X_B1_sky130_fd_sc_hd__or3_2_X/C (sky130_fd_sc_hd__or3_1)
     1    0.002049    0.126999    0.705397    8.200339 v filter.y_out[0]_sky130_fd_sc_hd__dfrtp_2_Q_D_sky130_fd_sc_hd__xor2_2_X_A_sky130_fd_sc_hd__and3b_2_X_C_sky130_fd_sc_hd__a21o_2_X_B1_sky130_fd_sc_hd__a2bb2o_2_X_B1_sky130_fd_sc_hd__a2bb2o_2_X_B1_sky130_fd_sc_hd__or3_2_X/X (sky130_fd_sc_hd__or3_1)
                                                         filter.y_out[0]_sky130_fd_sc_hd__dfrtp_2_Q_D_sky130_fd_sc_hd__xor2_2_X_A_sky130_fd_sc_hd__and3b_2_X_C_sky130_fd_sc_hd__a21o_2_X_B1_sky130_fd_sc_hd__a2bb2o_2_X_B1_sky130_fd_sc_hd__a2bb2o_2_X_B1 (net)
                      0.126999    0.000146    8.200485 v filter.y_out[0]_sky130_fd_sc_hd__dfrtp_2_Q_D_sky130_fd_sc_hd__xor2_2_X_A_sky130_fd_sc_hd__and3b_2_X_C_sky130_fd_sc_hd__a21o_2_X_B1_sky130_fd_sc_hd__a2bb2o_2_X_B1_sky130_fd_sc_hd__a2bb2o_2_X/B1 (sky130_fd_sc_hd__a2bb2o_1)
     1    0.004046    0.111727    0.622048    8.822534 v filter.y_out[0]_sky130_fd_sc_hd__dfrtp_2_Q_D_sky130_fd_sc_hd__xor2_2_X_A_sky130_fd_sc_hd__and3b_2_X_C_sky130_fd_sc_hd__a21o_2_X_B1_sky130_fd_sc_hd__a2bb2o_2_X_B1_sky130_fd_sc_hd__a2bb2o_2_X/X (sky130_fd_sc_hd__a2bb2o_1)
                                                         filter.y_out[0]_sky130_fd_sc_hd__dfrtp_2_Q_D_sky130_fd_sc_hd__xor2_2_X_A_sky130_fd_sc_hd__and3b_2_X_C_sky130_fd_sc_hd__a21o_2_X_B1_sky130_fd_sc_hd__a2bb2o_2_X_B1 (net)
                      0.111727    0.000286    8.822819 v filter.y_out[0]_sky130_fd_sc_hd__dfrtp_2_Q_D_sky130_fd_sc_hd__xor2_2_X_A_sky130_fd_sc_hd__and3b_2_X_C_sky130_fd_sc_hd__a21o_2_X_B1_sky130_fd_sc_hd__a2bb2o_2_X/B1 (sky130_fd_sc_hd__a2bb2o_1)
     1    0.007669    0.142823    0.656093    9.478912 v filter.y_out[0]_sky130_fd_sc_hd__dfrtp_2_Q_D_sky130_fd_sc_hd__xor2_2_X_A_sky130_fd_sc_hd__and3b_2_X_C_sky130_fd_sc_hd__a21o_2_X_B1_sky130_fd_sc_hd__a2bb2o_2_X/X (sky130_fd_sc_hd__a2bb2o_1)
                                                         filter.y_out[0]_sky130_fd_sc_hd__dfrtp_2_Q_D_sky130_fd_sc_hd__xor2_2_X_A_sky130_fd_sc_hd__and3b_2_X_C_sky130_fd_sc_hd__a21o_2_X_B1 (net)
                      0.142823    0.000410    9.479322 v filter.y_out[0]_sky130_fd_sc_hd__dfrtp_2_Q_D_sky130_fd_sc_hd__xor2_2_X_A_sky130_fd_sc_hd__and3b_2_X_C_sky130_fd_sc_hd__a21o_2_X/B1 (sky130_fd_sc_hd__a21o_1)
     1    0.005249    0.079560    0.327132    9.806455 v filter.y_out[0]_sky130_fd_sc_hd__dfrtp_2_Q_D_sky130_fd_sc_hd__xor2_2_X_A_sky130_fd_sc_hd__and3b_2_X_C_sky130_fd_sc_hd__a21o_2_X/X (sky130_fd_sc_hd__a21o_1)
                                                         filter.y_out[0]_sky130_fd_sc_hd__dfrtp_2_Q_D_sky130_fd_sc_hd__xor2_2_X_A_sky130_fd_sc_hd__and3b_2_X_C (net)
                      0.079606    0.000414    9.806869 v filter.y_out[0]_sky130_fd_sc_hd__dfrtp_2_Q_D_sky130_fd_sc_hd__xor2_2_X_A_sky130_fd_sc_hd__and3b_2_X/C (sky130_fd_sc_hd__and3b_1)
     2    0.009057    0.121424    0.418030   10.224898 v filter.y_out[0]_sky130_fd_sc_hd__dfrtp_2_Q_D_sky130_fd_sc_hd__xor2_2_X_A_sky130_fd_sc_hd__and3b_2_X/X (sky130_fd_sc_hd__and3b_1)
                                                         filter.y_out[0]_sky130_fd_sc_hd__dfrtp_2_Q_D_sky130_fd_sc_hd__xor2_2_X_A (net)
                      0.121425    0.000584   10.225482 v filter.y_out[1]_sky130_fd_sc_hd__dfrtp_2_Q_D_sky130_fd_sc_hd__xor2_2_X_A_sky130_fd_sc_hd__a2bb2o_2_X/B2 (sky130_fd_sc_hd__a2bb2o_2)
     3    0.022072    0.163785    0.603590   10.829072 v filter.y_out[1]_sky130_fd_sc_hd__dfrtp_2_Q_D_sky130_fd_sc_hd__xor2_2_X_A_sky130_fd_sc_hd__a2bb2o_2_X/X (sky130_fd_sc_hd__a2bb2o_2)
                                                         filter.y_out[1]_sky130_fd_sc_hd__dfrtp_2_Q_D_sky130_fd_sc_hd__xor2_2_X_A (net)
                      0.163848    0.002954   10.832026 v filter.y_out[2]_sky130_fd_sc_hd__dfrtp_2_Q_D_sky130_fd_sc_hd__xor2_2_X_A_sky130_fd_sc_hd__a31o_2_A3/A1 (sky130_fd_sc_hd__a31o_1)
     3    0.018381    0.188127    0.480251   11.312277 v filter.y_out[2]_sky130_fd_sc_hd__dfrtp_2_Q_D_sky130_fd_sc_hd__xor2_2_X_A_sky130_fd_sc_hd__a31o_2_A3/X (sky130_fd_sc_hd__a31o_1)
                                                         filter.y_out[3]_sky130_fd_sc_hd__dfrtp_2_Q_D_sky130_fd_sc_hd__nor2_2_Y_A_sky130_fd_sc_hd__and2b_2_X_B (net)
                      0.188137    0.001573   11.313849 v filter.y_out[5]_sky130_fd_sc_hd__dfrtp_2_Q_D_sky130_fd_sc_hd__xor2_2_X_A_sky130_fd_sc_hd__nor2_2_Y_A_sky130_fd_sc_hd__nor3b_2_Y/C_N (sky130_fd_sc_hd__nor3b_1)
     2    0.009598    0.143318    0.385785   11.699635 v filter.y_out[5]_sky130_fd_sc_hd__dfrtp_2_Q_D_sky130_fd_sc_hd__xor2_2_X_A_sky130_fd_sc_hd__nor2_2_Y_A_sky130_fd_sc_hd__nor3b_2_Y/Y (sky130_fd_sc_hd__nor3b_1)
                                                         filter.y_out[5]_sky130_fd_sc_hd__dfrtp_2_Q_D_sky130_fd_sc_hd__xor2_2_X_A_sky130_fd_sc_hd__nor2_2_Y_A (net)
                      0.143329    0.000812   11.700446 v filter.y_out[5]_sky130_fd_sc_hd__dfrtp_2_Q_D_sky130_fd_sc_hd__xor2_2_X_B_sky130_fd_sc_hd__o21bai_2_B1_N/A1 (sky130_fd_sc_hd__o21bai_2)
     3    0.022757    0.457341    0.481283   12.181729 ^ filter.y_out[5]_sky130_fd_sc_hd__dfrtp_2_Q_D_sky130_fd_sc_hd__xor2_2_X_B_sky130_fd_sc_hd__o21bai_2_B1_N/Y (sky130_fd_sc_hd__o21bai_2)
                                                         filter.y_out[6]_sky130_fd_sc_hd__dfrtp_2_Q_D_sky130_fd_sc_hd__xnor2_2_Y_A_sky130_fd_sc_hd__nand2_2_Y_B (net)
                      0.457368    0.002849   12.184579 ^ filter.y_out[6]_sky130_fd_sc_hd__dfrtp_2_Q_D_sky130_fd_sc_hd__xnor2_2_Y_A_sky130_fd_sc_hd__nand2_2_Y/B (sky130_fd_sc_hd__nand2_1)
     1    0.004781    0.131178    0.259239   12.443818 v filter.y_out[6]_sky130_fd_sc_hd__dfrtp_2_Q_D_sky130_fd_sc_hd__xnor2_2_Y_A_sky130_fd_sc_hd__nand2_2_Y/Y (sky130_fd_sc_hd__nand2_1)
                                                         filter.y_out[6]_sky130_fd_sc_hd__dfrtp_2_Q_D_sky130_fd_sc_hd__xnor2_2_Y_A (net)
                      0.131178    0.000229   12.444047 v filter.y_out[6]_sky130_fd_sc_hd__dfrtp_2_Q_D_sky130_fd_sc_hd__xnor2_2_Y/A (sky130_fd_sc_hd__xnor2_1)
     1    0.003550    0.101901    0.250871   12.694919 v filter.y_out[6]_sky130_fd_sc_hd__dfrtp_2_Q_D_sky130_fd_sc_hd__xnor2_2_Y/Y (sky130_fd_sc_hd__xnor2_1)
                                                         filter.y_out[6]_sky130_fd_sc_hd__dfrtp_2_Q_D (net)
                      0.101901    0.000210   12.695128 v filter.y_out[6]_sky130_fd_sc_hd__dfrtp_2_Q/D (sky130_fd_sc_hd__dfrtp_1)
                                             12.695128   data arrival time

                                 30.000000   30.000000   clock clk (rise edge)
                                  0.000000   30.000000   clock source latency
     1    0.042471    0.306377    0.217000   30.216999 ^ clk (in)
                                                         clk (net)
                      0.306741    0.000000   30.216999 ^ clkbuf_0_clk/A (sky130_fd_sc_hd__clkbuf_16)
     8    0.141131    0.236430    0.455319   30.672319 ^ clkbuf_0_clk/X (sky130_fd_sc_hd__clkbuf_16)
                                                         clknet_0_clk (net)
                      0.236864    0.008455   30.680775 ^ clkbuf_3_6__f_clk/A (sky130_fd_sc_hd__clkbuf_16)
     9    0.059836    0.120431    0.346695   31.027470 ^ clkbuf_3_6__f_clk/X (sky130_fd_sc_hd__clkbuf_16)
                                                         clknet_3_6__leaf_clk (net)
                      0.120598    0.003858   31.031328 ^ filter.y_out[6]_sky130_fd_sc_hd__dfrtp_2_Q/CLK (sky130_fd_sc_hd__dfrtp_1)
                                 -0.250000   30.781326   clock uncertainty
                                  0.000000   30.781326   clock reconvergence pessimism
                                 -0.276373   30.504953   library setup time
                                             30.504953   data required time
---------------------------------------------------------------------------------------------
                                             30.504953   data required time
                                            -12.695128   data arrival time
---------------------------------------------------------------------------------------------
                                             17.809826   slack (MET)


Startpoint: filter.y_out[2]_sky130_fd_sc_hd__dfrtp_2_Q
            (rising edge-triggered flip-flop clocked by clk)
Endpoint: filter.y_out[4]_sky130_fd_sc_hd__dfrtp_2_Q
          (rising edge-triggered flip-flop clocked by clk)
Path Group: clk
Path Type: max

Fanout         Cap        Slew       Delay        Time   Description
---------------------------------------------------------------------------------------------
                                  0.000000    0.000000   clock clk (rise edge)
                                  0.000000    0.000000   clock source latency
     1    0.042471    0.306377    0.216999    0.216999 ^ clk (in)
                                                         clk (net)
                      0.306741    0.000000    0.216999 ^ clkbuf_0_clk/A (sky130_fd_sc_hd__clkbuf_16)
     8    0.141131    0.236430    0.455319    0.672318 ^ clkbuf_0_clk/X (sky130_fd_sc_hd__clkbuf_16)
                                                         clknet_0_clk (net)
                      0.236864    0.008456    0.680773 ^ clkbuf_3_6__f_clk/A (sky130_fd_sc_hd__clkbuf_16)
     9    0.059836    0.120431    0.346696    1.027470 ^ clkbuf_3_6__f_clk/X (sky130_fd_sc_hd__clkbuf_16)
                                                         clknet_3_6__leaf_clk (net)
                      0.120525    0.003008    1.030478 ^ filter.y_out[2]_sky130_fd_sc_hd__dfrtp_2_Q/CLK (sky130_fd_sc_hd__dfrtp_4)
     6    0.071795    0.278885    1.203707    2.234185 v filter.y_out[2]_sky130_fd_sc_hd__dfrtp_2_Q/Q (sky130_fd_sc_hd__dfrtp_4)
                                                         filter.y_out[2] (net)
                      0.280155    0.016224    2.250408 v filter.y_out[2]_sky130_fd_sc_hd__xor2_2_A/A (sky130_fd_sc_hd__xor2_4)
     4    0.036535    0.454285    0.560629    2.811038 ^ filter.y_out[2]_sky130_fd_sc_hd__xor2_2_A/X (sky130_fd_sc_hd__xor2_4)
                                                         filter.x_in[2]_sky130_fd_sc_hd__inv_2_A_Y_sky130_fd_sc_hd__o2bb2ai_2_B2_A2_N_sky130_fd_sc_hd__a21o_2_B1_A2 (net)
                      0.454285    0.001167    2.812204 ^ filter.y_out[1]_sky130_fd_sc_hd__xor2_2_A/B (sky130_fd_sc_hd__xor2_4)
    10    0.051116    0.291351    0.418404    3.230608 v filter.y_out[1]_sky130_fd_sc_hd__xor2_2_A/X (sky130_fd_sc_hd__xor2_4)
                                                         filter.y_out[1]_sky130_fd_sc_hd__xor2_2_A_X (net)
                      0.291351    0.001168    3.231776 v filter.x_in[10]_sky130_fd_sc_hd__or2_2_A_B_sky130_fd_sc_hd__xor2_2_X_B_sky130_fd_sc_hd__a31o_2_X_A3_sky130_fd_sc_hd__xnor2_2_Y_A_sky130_fd_sc_hd__o21ai_2_B1_Y_sky130_fd_sc_hd__xnor2_2_A_B_sky130_fd_sc_hd__and3_2_X_B_sky130_fd_sc_hd__or3_2_X/B (sky130_fd_sc_hd__or3_2)
     5    0.021115    0.265376    1.306969    4.538744 v filter.x_in[10]_sky130_fd_sc_hd__or2_2_A_B_sky130_fd_sc_hd__xor2_2_X_B_sky130_fd_sc_hd__a31o_2_X_A3_sky130_fd_sc_hd__xnor2_2_Y_A_sky130_fd_sc_hd__o21ai_2_B1_Y_sky130_fd_sc_hd__xnor2_2_A_B_sky130_fd_sc_hd__and3_2_X_B_sky130_fd_sc_hd__or3_2_X/X (sky130_fd_sc_hd__or3_2)
                                                         filter.x_in[10]_sky130_fd_sc_hd__or2_2_A_B_sky130_fd_sc_hd__xor2_2_X_B_sky130_fd_sc_hd__a31o_2_X_A3_sky130_fd_sc_hd__xnor2_2_Y_A_sky130_fd_sc_hd__o21ai_2_B1_Y_sky130_fd_sc_hd__xnor2_2_A_B_sky130_fd_sc_hd__and3_2_X_B (net)
                      0.265376    0.002297    4.541042 v filter.x_in[10]_sky130_fd_sc_hd__or2_2_A_B_sky130_fd_sc_hd__xor2_2_X_B_sky130_fd_sc_hd__a31o_2_X_A3_sky130_fd_sc_hd__xnor2_2_Y_A_sky130_fd_sc_hd__o21ai_2_B1_Y_sky130_fd_sc_hd__xnor2_2_A_B_sky130_fd_sc_hd__and3_2_X/B (sky130_fd_sc_hd__and3_1)
     3    0.011413    0.142259    0.503826    5.044868 v filter.x_in[10]_sky130_fd_sc_hd__or2_2_A_B_sky130_fd_sc_hd__xor2_2_X_B_sky130_fd_sc_hd__a31o_2_X_A3_sky130_fd_sc_hd__xnor2_2_Y_A_sky130_fd_sc_hd__o21ai_2_B1_Y_sky130_fd_sc_hd__xnor2_2_A_B_sky130_fd_sc_hd__and3_2_X/X (sky130_fd_sc_hd__and3_1)
                                                         filter.x_in[10]_sky130_fd_sc_hd__or2_2_A_B_sky130_fd_sc_hd__xor2_2_X_B_sky130_fd_sc_hd__a31o_2_X_A3_sky130_fd_sc_hd__xnor2_2_Y_A_sky130_fd_sc_hd__o21ai_2_B1_Y_sky130_fd_sc_hd__xnor2_2_A_B (net)
                      0.142259    0.000608    5.045476 v filter.y_out[0]_sky130_fd_sc_hd__dfrtp_2_Q_D_sky130_fd_sc_hd__xor2_2_X_A_sky130_fd_sc_hd__and3b_2_X_C_sky130_fd_sc_hd__a21o_2_X_B1_sky130_fd_sc_hd__a2bb2o_2_X_A1_N_sky130_fd_sc_hd__o2bb2a_2_X_A1_N_sky130_fd_sc_hd__a32o_2_X_A2_sky130_fd_sc_hd__and4_2_B/C (sky130_fd_sc_hd__and4_1)
     4    0.013100    0.151682    0.505445    5.550920 v filter.y_out[0]_sky130_fd_sc_hd__dfrtp_2_Q_D_sky130_fd_sc_hd__xor2_2_X_A_sky130_fd_sc_hd__and3b_2_X_C_sky130_fd_sc_hd__a21o_2_X_B1_sky130_fd_sc_hd__a2bb2o_2_X_A1_N_sky130_fd_sc_hd__o2bb2a_2_X_A1_N_sky130_fd_sc_hd__a32o_2_X_A2_sky130_fd_sc_hd__and4_2_B/X (sky130_fd_sc_hd__and4_1)
                                                         filter.y_out[0]_sky130_fd_sc_hd__dfrtp_2_Q_D_sky130_fd_sc_hd__xor2_2_X_A_sky130_fd_sc_hd__and3b_2_X_C_sky130_fd_sc_hd__a21o_2_X_B1_sky130_fd_sc_hd__a2bb2o_2_X_A1_N_sky130_fd_sc_hd__o2bb2a_2_X_A1_N_sky130_fd_sc_hd__a32o_2_X_A2_sky130_fd_sc_hd__and4_2_B_X (net)
                      0.151682    0.000498    5.551419 v filter.y_out[0]_sky130_fd_sc_hd__dfrtp_2_Q_D_sky130_fd_sc_hd__xor2_2_X_A_sky130_fd_sc_hd__and3b_2_X_C_sky130_fd_sc_hd__a21o_2_X_B1_sky130_fd_sc_hd__a2bb2o_2_X_B1_sky130_fd_sc_hd__a2bb2o_2_X_B2_sky130_fd_sc_hd__o32a_2_X_A2_sky130_fd_sc_hd__nor3_2_Y/B (sky130_fd_sc_hd__nor3_1)
     3    0.009881    0.560982    0.562457    6.113875 ^ filter.y_out[0]_sky130_fd_sc_hd__dfrtp_2_Q_D_sky130_fd_sc_hd__xor2_2_X_A_sky130_fd_sc_hd__and3b_2_X_C_sky130_fd_sc_hd__a21o_2_X_B1_sky130_fd_sc_hd__a2bb2o_2_X_B1_sky130_fd_sc_hd__a2bb2o_2_X_B2_sky130_fd_sc_hd__o32a_2_X_A2_sky130_fd_sc_hd__nor3_2_Y/Y (sky130_fd_sc_hd__nor3_1)
                                                         filter.y_out[0]_sky130_fd_sc_hd__dfrtp_2_Q_D_sky130_fd_sc_hd__xor2_2_X_A_sky130_fd_sc_hd__and3b_2_X_C_sky130_fd_sc_hd__a21o_2_X_B1_sky130_fd_sc_hd__a2bb2o_2_X_B1_sky130_fd_sc_hd__a2bb2o_2_X_B2_sky130_fd_sc_hd__o32a_2_X_A2 (net)
                      0.560983    0.000686    6.114562 ^ filter.y_out[0]_sky130_fd_sc_hd__dfrtp_2_Q_D_sky130_fd_sc_hd__xor2_2_X_A_sky130_fd_sc_hd__and3b_2_X_C_sky130_fd_sc_hd__a21o_2_X_B1_sky130_fd_sc_hd__a2bb2o_2_X_B1_sky130_fd_sc_hd__a2bb2o_2_X_B2_sky130_fd_sc_hd__o32a_2_X_A2_sky130_fd_sc_hd__and2b_2_A_N/A_N (sky130_fd_sc_hd__and2b_1)
     2    0.006930    0.098946    0.558437    6.672999 v filter.y_out[0]_sky130_fd_sc_hd__dfrtp_2_Q_D_sky130_fd_sc_hd__xor2_2_X_A_sky130_fd_sc_hd__and3b_2_X_C_sky130_fd_sc_hd__a21o_2_X_B1_sky130_fd_sc_hd__a2bb2o_2_X_B1_sky130_fd_sc_hd__a2bb2o_2_X_B2_sky130_fd_sc_hd__o32a_2_X_A2_sky130_fd_sc_hd__and2b_2_A_N/X (sky130_fd_sc_hd__and2b_1)
                                                         filter.y_out[0]_sky130_fd_sc_hd__dfrtp_2_Q_D_sky130_fd_sc_hd__xor2_2_X_A_sky130_fd_sc_hd__and3b_2_X_C_sky130_fd_sc_hd__a21o_2_X_B1_sky130_fd_sc_hd__a2bb2o_2_X_B1_sky130_fd_sc_hd__a2bb2o_2_X_B1_sky130_fd_sc_hd__or3_2_X_C_sky130_fd_sc_hd__o21a_2_X_A1 (net)
                      0.098946    0.000451    6.673450 v filter.y_out[0]_sky130_fd_sc_hd__dfrtp_2_Q_D_sky130_fd_sc_hd__xor2_2_X_A_sky130_fd_sc_hd__and3b_2_X_C_sky130_fd_sc_hd__a21o_2_X_B1_sky130_fd_sc_hd__a2bb2o_2_X_B1_sky130_fd_sc_hd__a2bb2o_2_X_B1_sky130_fd_sc_hd__or3_2_X_C_sky130_fd_sc_hd__o21a_2_X_B1_sky130_fd_sc_hd__a221o_2_X/A1 (sky130_fd_sc_hd__a221o_1)
     1    0.002924    0.092938    0.586840    7.260290 v filter.y_out[0]_sky130_fd_sc_hd__dfrtp_2_Q_D_sky130_fd_sc_hd__xor2_2_X_A_sky130_fd_sc_hd__and3b_2_X_C_sky130_fd_sc_hd__a21o_2_X_B1_sky130_fd_sc_hd__a2bb2o_2_X_B1_sky130_fd_sc_hd__a2bb2o_2_X_B1_sky130_fd_sc_hd__or3_2_X_C_sky130_fd_sc_hd__o21a_2_X_B1_sky130_fd_sc_hd__a221o_2_X/X (sky130_fd_sc_hd__a221o_1)
                                                         filter.y_out[0]_sky130_fd_sc_hd__dfrtp_2_Q_D_sky130_fd_sc_hd__xor2_2_X_A_sky130_fd_sc_hd__and3b_2_X_C_sky130_fd_sc_hd__a21o_2_X_B1_sky130_fd_sc_hd__a2bb2o_2_X_B1_sky130_fd_sc_hd__a2bb2o_2_X_B1_sky130_fd_sc_hd__or3_2_X_C_sky130_fd_sc_hd__o21a_2_X_B1 (net)
                      0.092938    0.000199    7.260489 v filter.y_out[0]_sky130_fd_sc_hd__dfrtp_2_Q_D_sky130_fd_sc_hd__xor2_2_X_A_sky130_fd_sc_hd__and3b_2_X_C_sky130_fd_sc_hd__a21o_2_X_B1_sky130_fd_sc_hd__a2bb2o_2_X_B1_sky130_fd_sc_hd__a2bb2o_2_X_B1_sky130_fd_sc_hd__or3_2_X_C_sky130_fd_sc_hd__o21a_2_X/B1 (sky130_fd_sc_hd__o21a_1)
     2    0.006786    0.099841    0.233994    7.494483 v filter.y_out[0]_sky130_fd_sc_hd__dfrtp_2_Q_D_sky130_fd_sc_hd__xor2_2_X_A_sky130_fd_sc_hd__and3b_2_X_C_sky130_fd_sc_hd__a21o_2_X_B1_sky130_fd_sc_hd__a2bb2o_2_X_B1_sky130_fd_sc_hd__a2bb2o_2_X_B1_sky130_fd_sc_hd__or3_2_X_C_sky130_fd_sc_hd__o21a_2_X/X (sky130_fd_sc_hd__o21a_1)
                                                         filter.y_out[0]_sky130_fd_sc_hd__dfrtp_2_Q_D_sky130_fd_sc_hd__xor2_2_X_A_sky130_fd_sc_hd__and3b_2_X_C_sky130_fd_sc_hd__a21o_2_X_B1_sky130_fd_sc_hd__a2bb2o_2_X_B1_sky130_fd_sc_hd__a2bb2o_2_X_B1_sky130_fd_sc_hd__or3_2_X_C (net)
                      0.099841    0.000459    7.494943 v filter.y_out[0]_sky130_fd_sc_hd__dfrtp_2_Q_D_sky130_fd_sc_hd__xor2_2_X_A_sky130_fd_sc_hd__and3b_2_X_C_sky130_fd_sc_hd__a21o_2_X_B1_sky130_fd_sc_hd__a2bb2o_2_X_B1_sky130_fd_sc_hd__a2bb2o_2_X_B1_sky130_fd_sc_hd__or3_2_X/C (sky130_fd_sc_hd__or3_1)
     1    0.002049    0.126999    0.705397    8.200339 v filter.y_out[0]_sky130_fd_sc_hd__dfrtp_2_Q_D_sky130_fd_sc_hd__xor2_2_X_A_sky130_fd_sc_hd__and3b_2_X_C_sky130_fd_sc_hd__a21o_2_X_B1_sky130_fd_sc_hd__a2bb2o_2_X_B1_sky130_fd_sc_hd__a2bb2o_2_X_B1_sky130_fd_sc_hd__or3_2_X/X (sky130_fd_sc_hd__or3_1)
                                                         filter.y_out[0]_sky130_fd_sc_hd__dfrtp_2_Q_D_sky130_fd_sc_hd__xor2_2_X_A_sky130_fd_sc_hd__and3b_2_X_C_sky130_fd_sc_hd__a21o_2_X_B1_sky130_fd_sc_hd__a2bb2o_2_X_B1_sky130_fd_sc_hd__a2bb2o_2_X_B1 (net)
                      0.126999    0.000146    8.200485 v filter.y_out[0]_sky130_fd_sc_hd__dfrtp_2_Q_D_sky130_fd_sc_hd__xor2_2_X_A_sky130_fd_sc_hd__and3b_2_X_C_sky130_fd_sc_hd__a21o_2_X_B1_sky130_fd_sc_hd__a2bb2o_2_X_B1_sky130_fd_sc_hd__a2bb2o_2_X/B1 (sky130_fd_sc_hd__a2bb2o_1)
     1    0.004046    0.111727    0.622048    8.822534 v filter.y_out[0]_sky130_fd_sc_hd__dfrtp_2_Q_D_sky130_fd_sc_hd__xor2_2_X_A_sky130_fd_sc_hd__and3b_2_X_C_sky130_fd_sc_hd__a21o_2_X_B1_sky130_fd_sc_hd__a2bb2o_2_X_B1_sky130_fd_sc_hd__a2bb2o_2_X/X (sky130_fd_sc_hd__a2bb2o_1)
                                                         filter.y_out[0]_sky130_fd_sc_hd__dfrtp_2_Q_D_sky130_fd_sc_hd__xor2_2_X_A_sky130_fd_sc_hd__and3b_2_X_C_sky130_fd_sc_hd__a21o_2_X_B1_sky130_fd_sc_hd__a2bb2o_2_X_B1 (net)
                      0.111727    0.000286    8.822819 v filter.y_out[0]_sky130_fd_sc_hd__dfrtp_2_Q_D_sky130_fd_sc_hd__xor2_2_X_A_sky130_fd_sc_hd__and3b_2_X_C_sky130_fd_sc_hd__a21o_2_X_B1_sky130_fd_sc_hd__a2bb2o_2_X/B1 (sky130_fd_sc_hd__a2bb2o_1)
     1    0.007669    0.142823    0.656093    9.478912 v filter.y_out[0]_sky130_fd_sc_hd__dfrtp_2_Q_D_sky130_fd_sc_hd__xor2_2_X_A_sky130_fd_sc_hd__and3b_2_X_C_sky130_fd_sc_hd__a21o_2_X_B1_sky130_fd_sc_hd__a2bb2o_2_X/X (sky130_fd_sc_hd__a2bb2o_1)
                                                         filter.y_out[0]_sky130_fd_sc_hd__dfrtp_2_Q_D_sky130_fd_sc_hd__xor2_2_X_A_sky130_fd_sc_hd__and3b_2_X_C_sky130_fd_sc_hd__a21o_2_X_B1 (net)
                      0.142823    0.000410    9.479322 v filter.y_out[0]_sky130_fd_sc_hd__dfrtp_2_Q_D_sky130_fd_sc_hd__xor2_2_X_A_sky130_fd_sc_hd__and3b_2_X_C_sky130_fd_sc_hd__a21o_2_X/B1 (sky130_fd_sc_hd__a21o_1)
     1    0.005249    0.079560    0.327132    9.806455 v filter.y_out[0]_sky130_fd_sc_hd__dfrtp_2_Q_D_sky130_fd_sc_hd__xor2_2_X_A_sky130_fd_sc_hd__and3b_2_X_C_sky130_fd_sc_hd__a21o_2_X/X (sky130_fd_sc_hd__a21o_1)
                                                         filter.y_out[0]_sky130_fd_sc_hd__dfrtp_2_Q_D_sky130_fd_sc_hd__xor2_2_X_A_sky130_fd_sc_hd__and3b_2_X_C (net)
                      0.079606    0.000414    9.806869 v filter.y_out[0]_sky130_fd_sc_hd__dfrtp_2_Q_D_sky130_fd_sc_hd__xor2_2_X_A_sky130_fd_sc_hd__and3b_2_X/C (sky130_fd_sc_hd__and3b_1)
     2    0.009057    0.121424    0.418030   10.224898 v filter.y_out[0]_sky130_fd_sc_hd__dfrtp_2_Q_D_sky130_fd_sc_hd__xor2_2_X_A_sky130_fd_sc_hd__and3b_2_X/X (sky130_fd_sc_hd__and3b_1)
                                                         filter.y_out[0]_sky130_fd_sc_hd__dfrtp_2_Q_D_sky130_fd_sc_hd__xor2_2_X_A (net)
                      0.121425    0.000584   10.225482 v filter.y_out[1]_sky130_fd_sc_hd__dfrtp_2_Q_D_sky130_fd_sc_hd__xor2_2_X_A_sky130_fd_sc_hd__a2bb2o_2_X/B2 (sky130_fd_sc_hd__a2bb2o_2)
     3    0.022072    0.163785    0.603590   10.829072 v filter.y_out[1]_sky130_fd_sc_hd__dfrtp_2_Q_D_sky130_fd_sc_hd__xor2_2_X_A_sky130_fd_sc_hd__a2bb2o_2_X/X (sky130_fd_sc_hd__a2bb2o_2)
                                                         filter.y_out[1]_sky130_fd_sc_hd__dfrtp_2_Q_D_sky130_fd_sc_hd__xor2_2_X_A (net)
                      0.163848    0.002954   10.832026 v filter.y_out[2]_sky130_fd_sc_hd__dfrtp_2_Q_D_sky130_fd_sc_hd__xor2_2_X_A_sky130_fd_sc_hd__a31o_2_A3/A1 (sky130_fd_sc_hd__a31o_1)
     3    0.018381    0.188127    0.480251   11.312277 v filter.y_out[2]_sky130_fd_sc_hd__dfrtp_2_Q_D_sky130_fd_sc_hd__xor2_2_X_A_sky130_fd_sc_hd__a31o_2_A3/X (sky130_fd_sc_hd__a31o_1)
                                                         filter.y_out[3]_sky130_fd_sc_hd__dfrtp_2_Q_D_sky130_fd_sc_hd__nor2_2_Y_A_sky130_fd_sc_hd__and2b_2_X_B (net)
                      0.188137    0.001582   11.313859 v filter.y_out[3]_sky130_fd_sc_hd__dfrtp_2_Q_D_sky130_fd_sc_hd__nor2_2_Y_A_sky130_fd_sc_hd__and2b_2_X/B (sky130_fd_sc_hd__and2b_1)
     2    0.006372    0.094574    0.407126   11.720984 v filter.y_out[3]_sky130_fd_sc_hd__dfrtp_2_Q_D_sky130_fd_sc_hd__nor2_2_Y_A_sky130_fd_sc_hd__and2b_2_X/X (sky130_fd_sc_hd__and2b_1)
                                                         filter.y_out[3]_sky130_fd_sc_hd__dfrtp_2_Q_D_sky130_fd_sc_hd__nor2_2_Y_A (net)
                      0.094574    0.000383   11.721367 v filter.y_out[4]_sky130_fd_sc_hd__dfrtp_2_Q_D_sky130_fd_sc_hd__xnor2_2_Y_B_sky130_fd_sc_hd__nor2_2_Y/B (sky130_fd_sc_hd__nor2_1)
     1    0.006597    0.232151    0.229528   11.950895 ^ filter.y_out[4]_sky130_fd_sc_hd__dfrtp_2_Q_D_sky130_fd_sc_hd__xnor2_2_Y_B_sky130_fd_sc_hd__nor2_2_Y/Y (sky130_fd_sc_hd__nor2_1)
                                                         filter.y_out[4]_sky130_fd_sc_hd__dfrtp_2_Q_D_sky130_fd_sc_hd__xnor2_2_Y_B (net)
                      0.232228    0.000522   11.951418 ^ filter.y_out[4]_sky130_fd_sc_hd__dfrtp_2_Q_D_sky130_fd_sc_hd__xnor2_2_Y/B (sky130_fd_sc_hd__xnor2_1)
     1    0.002974    0.093522    0.179033   12.130451 v filter.y_out[4]_sky130_fd_sc_hd__dfrtp_2_Q_D_sky130_fd_sc_hd__xnor2_2_Y/Y (sky130_fd_sc_hd__xnor2_1)
                                                         filter.y_out[4]_sky130_fd_sc_hd__dfrtp_2_Q_D (net)
                      0.093522    0.000192   12.130643 v filter.y_out[4]_sky130_fd_sc_hd__dfrtp_2_Q/D (sky130_fd_sc_hd__dfrtp_1)
                                             12.130643   data arrival time

                                 30.000000   30.000000   clock clk (rise edge)
                                  0.000000   30.000000   clock source latency
     1    0.042471    0.306377    0.217000   30.216999 ^ clk (in)
                                                         clk (net)
                      0.306741    0.000000   30.216999 ^ clkbuf_0_clk/A (sky130_fd_sc_hd__clkbuf_16)
     8    0.141131    0.236430    0.455319   30.672319 ^ clkbuf_0_clk/X (sky130_fd_sc_hd__clkbuf_16)
                                                         clknet_0_clk (net)
                      0.236930    0.009045   30.681364 ^ clkbuf_3_7__f_clk/A (sky130_fd_sc_hd__clkbuf_16)
     9    0.049760    0.106954    0.335429   31.016794 ^ clkbuf_3_7__f_clk/X (sky130_fd_sc_hd__clkbuf_16)
                                                         clknet_3_7__leaf_clk (net)
                      0.107000    0.002323   31.019117 ^ filter.y_out[4]_sky130_fd_sc_hd__dfrtp_2_Q/CLK (sky130_fd_sc_hd__dfrtp_1)
                                 -0.250000   30.769115   clock uncertainty
                                  0.000000   30.769115   clock reconvergence pessimism
                                 -0.276507   30.492609   library setup time
                                             30.492609   data required time
---------------------------------------------------------------------------------------------
                                             30.492609   data required time
                                            -12.130643   data arrival time
---------------------------------------------------------------------------------------------
                                             18.361967   slack (MET)


Startpoint: filter.y_out[2]_sky130_fd_sc_hd__dfrtp_2_Q
            (rising edge-triggered flip-flop clocked by clk)
Endpoint: filter.y_out[5]_sky130_fd_sc_hd__dfrtp_2_Q
          (rising edge-triggered flip-flop clocked by clk)
Path Group: clk
Path Type: max

Fanout         Cap        Slew       Delay        Time   Description
---------------------------------------------------------------------------------------------
                                  0.000000    0.000000   clock clk (rise edge)
                                  0.000000    0.000000   clock source latency
     1    0.042471    0.306377    0.216999    0.216999 ^ clk (in)
                                                         clk (net)
                      0.306741    0.000000    0.216999 ^ clkbuf_0_clk/A (sky130_fd_sc_hd__clkbuf_16)
     8    0.141131    0.236430    0.455319    0.672318 ^ clkbuf_0_clk/X (sky130_fd_sc_hd__clkbuf_16)
                                                         clknet_0_clk (net)
                      0.236864    0.008456    0.680773 ^ clkbuf_3_6__f_clk/A (sky130_fd_sc_hd__clkbuf_16)
     9    0.059836    0.120431    0.346696    1.027470 ^ clkbuf_3_6__f_clk/X (sky130_fd_sc_hd__clkbuf_16)
                                                         clknet_3_6__leaf_clk (net)
                      0.120525    0.003008    1.030478 ^ filter.y_out[2]_sky130_fd_sc_hd__dfrtp_2_Q/CLK (sky130_fd_sc_hd__dfrtp_4)
     6    0.071795    0.278885    1.203707    2.234185 v filter.y_out[2]_sky130_fd_sc_hd__dfrtp_2_Q/Q (sky130_fd_sc_hd__dfrtp_4)
                                                         filter.y_out[2] (net)
                      0.280155    0.016224    2.250408 v filter.y_out[2]_sky130_fd_sc_hd__xor2_2_A/A (sky130_fd_sc_hd__xor2_4)
     4    0.036535    0.454285    0.560629    2.811038 ^ filter.y_out[2]_sky130_fd_sc_hd__xor2_2_A/X (sky130_fd_sc_hd__xor2_4)
                                                         filter.x_in[2]_sky130_fd_sc_hd__inv_2_A_Y_sky130_fd_sc_hd__o2bb2ai_2_B2_A2_N_sky130_fd_sc_hd__a21o_2_B1_A2 (net)
                      0.454285    0.001167    2.812204 ^ filter.y_out[1]_sky130_fd_sc_hd__xor2_2_A/B (sky130_fd_sc_hd__xor2_4)
    10    0.051116    0.291351    0.418404    3.230608 v filter.y_out[1]_sky130_fd_sc_hd__xor2_2_A/X (sky130_fd_sc_hd__xor2_4)
                                                         filter.y_out[1]_sky130_fd_sc_hd__xor2_2_A_X (net)
                      0.291351    0.001168    3.231776 v filter.x_in[10]_sky130_fd_sc_hd__or2_2_A_B_sky130_fd_sc_hd__xor2_2_X_B_sky130_fd_sc_hd__a31o_2_X_A3_sky130_fd_sc_hd__xnor2_2_Y_A_sky130_fd_sc_hd__o21ai_2_B1_Y_sky130_fd_sc_hd__xnor2_2_A_B_sky130_fd_sc_hd__and3_2_X_B_sky130_fd_sc_hd__or3_2_X/B (sky130_fd_sc_hd__or3_2)
     5    0.021115    0.265376    1.306969    4.538744 v filter.x_in[10]_sky130_fd_sc_hd__or2_2_A_B_sky130_fd_sc_hd__xor2_2_X_B_sky130_fd_sc_hd__a31o_2_X_A3_sky130_fd_sc_hd__xnor2_2_Y_A_sky130_fd_sc_hd__o21ai_2_B1_Y_sky130_fd_sc_hd__xnor2_2_A_B_sky130_fd_sc_hd__and3_2_X_B_sky130_fd_sc_hd__or3_2_X/X (sky130_fd_sc_hd__or3_2)
                                                         filter.x_in[10]_sky130_fd_sc_hd__or2_2_A_B_sky130_fd_sc_hd__xor2_2_X_B_sky130_fd_sc_hd__a31o_2_X_A3_sky130_fd_sc_hd__xnor2_2_Y_A_sky130_fd_sc_hd__o21ai_2_B1_Y_sky130_fd_sc_hd__xnor2_2_A_B_sky130_fd_sc_hd__and3_2_X_B (net)
                      0.265376    0.002297    4.541042 v filter.x_in[10]_sky130_fd_sc_hd__or2_2_A_B_sky130_fd_sc_hd__xor2_2_X_B_sky130_fd_sc_hd__a31o_2_X_A3_sky130_fd_sc_hd__xnor2_2_Y_A_sky130_fd_sc_hd__o21ai_2_B1_Y_sky130_fd_sc_hd__xnor2_2_A_B_sky130_fd_sc_hd__and3_2_X/B (sky130_fd_sc_hd__and3_1)
     3    0.011413    0.142259    0.503826    5.044868 v filter.x_in[10]_sky130_fd_sc_hd__or2_2_A_B_sky130_fd_sc_hd__xor2_2_X_B_sky130_fd_sc_hd__a31o_2_X_A3_sky130_fd_sc_hd__xnor2_2_Y_A_sky130_fd_sc_hd__o21ai_2_B1_Y_sky130_fd_sc_hd__xnor2_2_A_B_sky130_fd_sc_hd__and3_2_X/X (sky130_fd_sc_hd__and3_1)
                                                         filter.x_in[10]_sky130_fd_sc_hd__or2_2_A_B_sky130_fd_sc_hd__xor2_2_X_B_sky130_fd_sc_hd__a31o_2_X_A3_sky130_fd_sc_hd__xnor2_2_Y_A_sky130_fd_sc_hd__o21ai_2_B1_Y_sky130_fd_sc_hd__xnor2_2_A_B (net)
                      0.142259    0.000608    5.045476 v filter.y_out[0]_sky130_fd_sc_hd__dfrtp_2_Q_D_sky130_fd_sc_hd__xor2_2_X_A_sky130_fd_sc_hd__and3b_2_X_C_sky130_fd_sc_hd__a21o_2_X_B1_sky130_fd_sc_hd__a2bb2o_2_X_A1_N_sky130_fd_sc_hd__o2bb2a_2_X_A1_N_sky130_fd_sc_hd__a32o_2_X_A2_sky130_fd_sc_hd__and4_2_B/C (sky130_fd_sc_hd__and4_1)
     4    0.013100    0.151682    0.505445    5.550920 v filter.y_out[0]_sky130_fd_sc_hd__dfrtp_2_Q_D_sky130_fd_sc_hd__xor2_2_X_A_sky130_fd_sc_hd__and3b_2_X_C_sky130_fd_sc_hd__a21o_2_X_B1_sky130_fd_sc_hd__a2bb2o_2_X_A1_N_sky130_fd_sc_hd__o2bb2a_2_X_A1_N_sky130_fd_sc_hd__a32o_2_X_A2_sky130_fd_sc_hd__and4_2_B/X (sky130_fd_sc_hd__and4_1)
                                                         filter.y_out[0]_sky130_fd_sc_hd__dfrtp_2_Q_D_sky130_fd_sc_hd__xor2_2_X_A_sky130_fd_sc_hd__and3b_2_X_C_sky130_fd_sc_hd__a21o_2_X_B1_sky130_fd_sc_hd__a2bb2o_2_X_A1_N_sky130_fd_sc_hd__o2bb2a_2_X_A1_N_sky130_fd_sc_hd__a32o_2_X_A2_sky130_fd_sc_hd__and4_2_B_X (net)
                      0.151682    0.000498    5.551419 v filter.y_out[0]_sky130_fd_sc_hd__dfrtp_2_Q_D_sky130_fd_sc_hd__xor2_2_X_A_sky130_fd_sc_hd__and3b_2_X_C_sky130_fd_sc_hd__a21o_2_X_B1_sky130_fd_sc_hd__a2bb2o_2_X_B1_sky130_fd_sc_hd__a2bb2o_2_X_B2_sky130_fd_sc_hd__o32a_2_X_A2_sky130_fd_sc_hd__nor3_2_Y/B (sky130_fd_sc_hd__nor3_1)
     3    0.009881    0.560982    0.562457    6.113875 ^ filter.y_out[0]_sky130_fd_sc_hd__dfrtp_2_Q_D_sky130_fd_sc_hd__xor2_2_X_A_sky130_fd_sc_hd__and3b_2_X_C_sky130_fd_sc_hd__a21o_2_X_B1_sky130_fd_sc_hd__a2bb2o_2_X_B1_sky130_fd_sc_hd__a2bb2o_2_X_B2_sky130_fd_sc_hd__o32a_2_X_A2_sky130_fd_sc_hd__nor3_2_Y/Y (sky130_fd_sc_hd__nor3_1)
                                                         filter.y_out[0]_sky130_fd_sc_hd__dfrtp_2_Q_D_sky130_fd_sc_hd__xor2_2_X_A_sky130_fd_sc_hd__and3b_2_X_C_sky130_fd_sc_hd__a21o_2_X_B1_sky130_fd_sc_hd__a2bb2o_2_X_B1_sky130_fd_sc_hd__a2bb2o_2_X_B2_sky130_fd_sc_hd__o32a_2_X_A2 (net)
                      0.560983    0.000686    6.114562 ^ filter.y_out[0]_sky130_fd_sc_hd__dfrtp_2_Q_D_sky130_fd_sc_hd__xor2_2_X_A_sky130_fd_sc_hd__and3b_2_X_C_sky130_fd_sc_hd__a21o_2_X_B1_sky130_fd_sc_hd__a2bb2o_2_X_B1_sky130_fd_sc_hd__a2bb2o_2_X_B2_sky130_fd_sc_hd__o32a_2_X_A2_sky130_fd_sc_hd__and2b_2_A_N/A_N (sky130_fd_sc_hd__and2b_1)
     2    0.006930    0.098946    0.558437    6.672999 v filter.y_out[0]_sky130_fd_sc_hd__dfrtp_2_Q_D_sky130_fd_sc_hd__xor2_2_X_A_sky130_fd_sc_hd__and3b_2_X_C_sky130_fd_sc_hd__a21o_2_X_B1_sky130_fd_sc_hd__a2bb2o_2_X_B1_sky130_fd_sc_hd__a2bb2o_2_X_B2_sky130_fd_sc_hd__o32a_2_X_A2_sky130_fd_sc_hd__and2b_2_A_N/X (sky130_fd_sc_hd__and2b_1)
                                                         filter.y_out[0]_sky130_fd_sc_hd__dfrtp_2_Q_D_sky130_fd_sc_hd__xor2_2_X_A_sky130_fd_sc_hd__and3b_2_X_C_sky130_fd_sc_hd__a21o_2_X_B1_sky130_fd_sc_hd__a2bb2o_2_X_B1_sky130_fd_sc_hd__a2bb2o_2_X_B1_sky130_fd_sc_hd__or3_2_X_C_sky130_fd_sc_hd__o21a_2_X_A1 (net)
                      0.098946    0.000451    6.673450 v filter.y_out[0]_sky130_fd_sc_hd__dfrtp_2_Q_D_sky130_fd_sc_hd__xor2_2_X_A_sky130_fd_sc_hd__and3b_2_X_C_sky130_fd_sc_hd__a21o_2_X_B1_sky130_fd_sc_hd__a2bb2o_2_X_B1_sky130_fd_sc_hd__a2bb2o_2_X_B1_sky130_fd_sc_hd__or3_2_X_C_sky130_fd_sc_hd__o21a_2_X_B1_sky130_fd_sc_hd__a221o_2_X/A1 (sky130_fd_sc_hd__a221o_1)
     1    0.002924    0.092938    0.586840    7.260290 v filter.y_out[0]_sky130_fd_sc_hd__dfrtp_2_Q_D_sky130_fd_sc_hd__xor2_2_X_A_sky130_fd_sc_hd__and3b_2_X_C_sky130_fd_sc_hd__a21o_2_X_B1_sky130_fd_sc_hd__a2bb2o_2_X_B1_sky130_fd_sc_hd__a2bb2o_2_X_B1_sky130_fd_sc_hd__or3_2_X_C_sky130_fd_sc_hd__o21a_2_X_B1_sky130_fd_sc_hd__a221o_2_X/X (sky130_fd_sc_hd__a221o_1)
                                                         filter.y_out[0]_sky130_fd_sc_hd__dfrtp_2_Q_D_sky130_fd_sc_hd__xor2_2_X_A_sky130_fd_sc_hd__and3b_2_X_C_sky130_fd_sc_hd__a21o_2_X_B1_sky130_fd_sc_hd__a2bb2o_2_X_B1_sky130_fd_sc_hd__a2bb2o_2_X_B1_sky130_fd_sc_hd__or3_2_X_C_sky130_fd_sc_hd__o21a_2_X_B1 (net)
                      0.092938    0.000199    7.260489 v filter.y_out[0]_sky130_fd_sc_hd__dfrtp_2_Q_D_sky130_fd_sc_hd__xor2_2_X_A_sky130_fd_sc_hd__and3b_2_X_C_sky130_fd_sc_hd__a21o_2_X_B1_sky130_fd_sc_hd__a2bb2o_2_X_B1_sky130_fd_sc_hd__a2bb2o_2_X_B1_sky130_fd_sc_hd__or3_2_X_C_sky130_fd_sc_hd__o21a_2_X/B1 (sky130_fd_sc_hd__o21a_1)
     2    0.006786    0.099841    0.233994    7.494483 v filter.y_out[0]_sky130_fd_sc_hd__dfrtp_2_Q_D_sky130_fd_sc_hd__xor2_2_X_A_sky130_fd_sc_hd__and3b_2_X_C_sky130_fd_sc_hd__a21o_2_X_B1_sky130_fd_sc_hd__a2bb2o_2_X_B1_sky130_fd_sc_hd__a2bb2o_2_X_B1_sky130_fd_sc_hd__or3_2_X_C_sky130_fd_sc_hd__o21a_2_X/X (sky130_fd_sc_hd__o21a_1)
                                                         filter.y_out[0]_sky130_fd_sc_hd__dfrtp_2_Q_D_sky130_fd_sc_hd__xor2_2_X_A_sky130_fd_sc_hd__and3b_2_X_C_sky130_fd_sc_hd__a21o_2_X_B1_sky130_fd_sc_hd__a2bb2o_2_X_B1_sky130_fd_sc_hd__a2bb2o_2_X_B1_sky130_fd_sc_hd__or3_2_X_C (net)
                      0.099841    0.000459    7.494943 v filter.y_out[0]_sky130_fd_sc_hd__dfrtp_2_Q_D_sky130_fd_sc_hd__xor2_2_X_A_sky130_fd_sc_hd__and3b_2_X_C_sky130_fd_sc_hd__a21o_2_X_B1_sky130_fd_sc_hd__a2bb2o_2_X_B1_sky130_fd_sc_hd__a2bb2o_2_X_B1_sky130_fd_sc_hd__or3_2_X/C (sky130_fd_sc_hd__or3_1)
     1    0.002049    0.126999    0.705397    8.200339 v filter.y_out[0]_sky130_fd_sc_hd__dfrtp_2_Q_D_sky130_fd_sc_hd__xor2_2_X_A_sky130_fd_sc_hd__and3b_2_X_C_sky130_fd_sc_hd__a21o_2_X_B1_sky130_fd_sc_hd__a2bb2o_2_X_B1_sky130_fd_sc_hd__a2bb2o_2_X_B1_sky130_fd_sc_hd__or3_2_X/X (sky130_fd_sc_hd__or3_1)
                                                         filter.y_out[0]_sky130_fd_sc_hd__dfrtp_2_Q_D_sky130_fd_sc_hd__xor2_2_X_A_sky130_fd_sc_hd__and3b_2_X_C_sky130_fd_sc_hd__a21o_2_X_B1_sky130_fd_sc_hd__a2bb2o_2_X_B1_sky130_fd_sc_hd__a2bb2o_2_X_B1 (net)
                      0.126999    0.000146    8.200485 v filter.y_out[0]_sky130_fd_sc_hd__dfrtp_2_Q_D_sky130_fd_sc_hd__xor2_2_X_A_sky130_fd_sc_hd__and3b_2_X_C_sky130_fd_sc_hd__a21o_2_X_B1_sky130_fd_sc_hd__a2bb2o_2_X_B1_sky130_fd_sc_hd__a2bb2o_2_X/B1 (sky130_fd_sc_hd__a2bb2o_1)
     1    0.004046    0.111727    0.622048    8.822534 v filter.y_out[0]_sky130_fd_sc_hd__dfrtp_2_Q_D_sky130_fd_sc_hd__xor2_2_X_A_sky130_fd_sc_hd__and3b_2_X_C_sky130_fd_sc_hd__a21o_2_X_B1_sky130_fd_sc_hd__a2bb2o_2_X_B1_sky130_fd_sc_hd__a2bb2o_2_X/X (sky130_fd_sc_hd__a2bb2o_1)
                                                         filter.y_out[0]_sky130_fd_sc_hd__dfrtp_2_Q_D_sky130_fd_sc_hd__xor2_2_X_A_sky130_fd_sc_hd__and3b_2_X_C_sky130_fd_sc_hd__a21o_2_X_B1_sky130_fd_sc_hd__a2bb2o_2_X_B1 (net)
                      0.111727    0.000286    8.822819 v filter.y_out[0]_sky130_fd_sc_hd__dfrtp_2_Q_D_sky130_fd_sc_hd__xor2_2_X_A_sky130_fd_sc_hd__and3b_2_X_C_sky130_fd_sc_hd__a21o_2_X_B1_sky130_fd_sc_hd__a2bb2o_2_X/B1 (sky130_fd_sc_hd__a2bb2o_1)
     1    0.007669    0.142823    0.656093    9.478912 v filter.y_out[0]_sky130_fd_sc_hd__dfrtp_2_Q_D_sky130_fd_sc_hd__xor2_2_X_A_sky130_fd_sc_hd__and3b_2_X_C_sky130_fd_sc_hd__a21o_2_X_B1_sky130_fd_sc_hd__a2bb2o_2_X/X (sky130_fd_sc_hd__a2bb2o_1)
                                                         filter.y_out[0]_sky130_fd_sc_hd__dfrtp_2_Q_D_sky130_fd_sc_hd__xor2_2_X_A_sky130_fd_sc_hd__and3b_2_X_C_sky130_fd_sc_hd__a21o_2_X_B1 (net)
                      0.142823    0.000410    9.479322 v filter.y_out[0]_sky130_fd_sc_hd__dfrtp_2_Q_D_sky130_fd_sc_hd__xor2_2_X_A_sky130_fd_sc_hd__and3b_2_X_C_sky130_fd_sc_hd__a21o_2_X/B1 (sky130_fd_sc_hd__a21o_1)
     1    0.005249    0.079560    0.327132    9.806455 v filter.y_out[0]_sky130_fd_sc_hd__dfrtp_2_Q_D_sky130_fd_sc_hd__xor2_2_X_A_sky130_fd_sc_hd__and3b_2_X_C_sky130_fd_sc_hd__a21o_2_X/X (sky130_fd_sc_hd__a21o_1)
                                                         filter.y_out[0]_sky130_fd_sc_hd__dfrtp_2_Q_D_sky130_fd_sc_hd__xor2_2_X_A_sky130_fd_sc_hd__and3b_2_X_C (net)
                      0.079606    0.000414    9.806869 v filter.y_out[0]_sky130_fd_sc_hd__dfrtp_2_Q_D_sky130_fd_sc_hd__xor2_2_X_A_sky130_fd_sc_hd__and3b_2_X/C (sky130_fd_sc_hd__and3b_1)
     2    0.009057    0.121424    0.418030   10.224898 v filter.y_out[0]_sky130_fd_sc_hd__dfrtp_2_Q_D_sky130_fd_sc_hd__xor2_2_X_A_sky130_fd_sc_hd__and3b_2_X/X (sky130_fd_sc_hd__and3b_1)
                                                         filter.y_out[0]_sky130_fd_sc_hd__dfrtp_2_Q_D_sky130_fd_sc_hd__xor2_2_X_A (net)
                      0.121425    0.000584   10.225482 v filter.y_out[1]_sky130_fd_sc_hd__dfrtp_2_Q_D_sky130_fd_sc_hd__xor2_2_X_A_sky130_fd_sc_hd__a2bb2o_2_X/B2 (sky130_fd_sc_hd__a2bb2o_2)
     3    0.022072    0.163785    0.603590   10.829072 v filter.y_out[1]_sky130_fd_sc_hd__dfrtp_2_Q_D_sky130_fd_sc_hd__xor2_2_X_A_sky130_fd_sc_hd__a2bb2o_2_X/X (sky130_fd_sc_hd__a2bb2o_2)
                                                         filter.y_out[1]_sky130_fd_sc_hd__dfrtp_2_Q_D_sky130_fd_sc_hd__xor2_2_X_A (net)
                      0.163848    0.002954   10.832026 v filter.y_out[2]_sky130_fd_sc_hd__dfrtp_2_Q_D_sky130_fd_sc_hd__xor2_2_X_A_sky130_fd_sc_hd__a31o_2_A3/A1 (sky130_fd_sc_hd__a31o_1)
     3    0.018381    0.188127    0.480251   11.312277 v filter.y_out[2]_sky130_fd_sc_hd__dfrtp_2_Q_D_sky130_fd_sc_hd__xor2_2_X_A_sky130_fd_sc_hd__a31o_2_A3/X (sky130_fd_sc_hd__a31o_1)
                                                         filter.y_out[3]_sky130_fd_sc_hd__dfrtp_2_Q_D_sky130_fd_sc_hd__nor2_2_Y_A_sky130_fd_sc_hd__and2b_2_X_B (net)
                      0.188137    0.001573   11.313849 v filter.y_out[5]_sky130_fd_sc_hd__dfrtp_2_Q_D_sky130_fd_sc_hd__xor2_2_X_A_sky130_fd_sc_hd__nor2_2_Y_A_sky130_fd_sc_hd__nor3b_2_Y/C_N (sky130_fd_sc_hd__nor3b_1)
     2    0.009598    0.143318    0.385785   11.699635 v filter.y_out[5]_sky130_fd_sc_hd__dfrtp_2_Q_D_sky130_fd_sc_hd__xor2_2_X_A_sky130_fd_sc_hd__nor2_2_Y_A_sky130_fd_sc_hd__nor3b_2_Y/Y (sky130_fd_sc_hd__nor3b_1)
                                                         filter.y_out[5]_sky130_fd_sc_hd__dfrtp_2_Q_D_sky130_fd_sc_hd__xor2_2_X_A_sky130_fd_sc_hd__nor2_2_Y_A (net)
                      0.143327    0.000752   11.700387 v filter.y_out[5]_sky130_fd_sc_hd__dfrtp_2_Q_D_sky130_fd_sc_hd__xor2_2_X_A_sky130_fd_sc_hd__nor2_2_Y/A (sky130_fd_sc_hd__nor2_1)
     1    0.005542    0.203042    0.251978   11.952365 ^ filter.y_out[5]_sky130_fd_sc_hd__dfrtp_2_Q_D_sky130_fd_sc_hd__xor2_2_X_A_sky130_fd_sc_hd__nor2_2_Y/Y (sky130_fd_sc_hd__nor2_1)
                                                         filter.y_out[5]_sky130_fd_sc_hd__dfrtp_2_Q_D_sky130_fd_sc_hd__xor2_2_X_A (net)
                      0.203042    0.000402   11.952767 ^ filter.y_out[5]_sky130_fd_sc_hd__dfrtp_2_Q_D_sky130_fd_sc_hd__xor2_2_X/A (sky130_fd_sc_hd__xor2_1)
     1    0.003463    0.107861    0.185346   12.138113 v filter.y_out[5]_sky130_fd_sc_hd__dfrtp_2_Q_D_sky130_fd_sc_hd__xor2_2_X/X (sky130_fd_sc_hd__xor2_1)
                                                         filter.y_out[5]_sky130_fd_sc_hd__dfrtp_2_Q_D (net)
                      0.107861    0.000255   12.138368 v filter.y_out[5]_sky130_fd_sc_hd__dfrtp_2_Q/D (sky130_fd_sc_hd__dfrtp_4)
                                             12.138368   data arrival time

                                 30.000000   30.000000   clock clk (rise edge)
                                  0.000000   30.000000   clock source latency
     1    0.042471    0.306377    0.217000   30.216999 ^ clk (in)
                                                         clk (net)
                      0.306741    0.000000   30.216999 ^ clkbuf_0_clk/A (sky130_fd_sc_hd__clkbuf_16)
     8    0.141131    0.236430    0.455319   30.672319 ^ clkbuf_0_clk/X (sky130_fd_sc_hd__clkbuf_16)
                                                         clknet_0_clk (net)
                      0.236864    0.008455   30.680775 ^ clkbuf_3_6__f_clk/A (sky130_fd_sc_hd__clkbuf_16)
     9    0.059836    0.120431    0.346695   31.027470 ^ clkbuf_3_6__f_clk/X (sky130_fd_sc_hd__clkbuf_16)
                                                         clknet_3_6__leaf_clk (net)
                      0.120496    0.002576   31.030045 ^ filter.y_out[5]_sky130_fd_sc_hd__dfrtp_2_Q/CLK (sky130_fd_sc_hd__dfrtp_4)
                                 -0.250000   30.780045   clock uncertainty
                                  0.000000   30.780045   clock reconvergence pessimism
                                 -0.277133   30.502911   library setup time
                                             30.502911   data required time
---------------------------------------------------------------------------------------------
                                             30.502911   data required time
                                            -12.138368   data arrival time
---------------------------------------------------------------------------------------------
                                             18.364542   slack (MET)


Startpoint: filter.y_out[2]_sky130_fd_sc_hd__dfrtp_2_Q
            (rising edge-triggered flip-flop clocked by clk)
Endpoint: filter.y_out[3]_sky130_fd_sc_hd__dfrtp_2_Q
          (rising edge-triggered flip-flop clocked by clk)
Path Group: clk
Path Type: max

Fanout         Cap        Slew       Delay        Time   Description
---------------------------------------------------------------------------------------------
                                  0.000000    0.000000   clock clk (rise edge)
                                  0.000000    0.000000   clock source latency
     1    0.042471    0.306377    0.216999    0.216999 ^ clk (in)
                                                         clk (net)
                      0.306741    0.000000    0.216999 ^ clkbuf_0_clk/A (sky130_fd_sc_hd__clkbuf_16)
     8    0.141131    0.236430    0.455319    0.672318 ^ clkbuf_0_clk/X (sky130_fd_sc_hd__clkbuf_16)
                                                         clknet_0_clk (net)
                      0.236864    0.008456    0.680773 ^ clkbuf_3_6__f_clk/A (sky130_fd_sc_hd__clkbuf_16)
     9    0.059836    0.120431    0.346696    1.027470 ^ clkbuf_3_6__f_clk/X (sky130_fd_sc_hd__clkbuf_16)
                                                         clknet_3_6__leaf_clk (net)
                      0.120525    0.003008    1.030478 ^ filter.y_out[2]_sky130_fd_sc_hd__dfrtp_2_Q/CLK (sky130_fd_sc_hd__dfrtp_4)
     6    0.071795    0.278885    1.203707    2.234185 v filter.y_out[2]_sky130_fd_sc_hd__dfrtp_2_Q/Q (sky130_fd_sc_hd__dfrtp_4)
                                                         filter.y_out[2] (net)
                      0.280155    0.016224    2.250408 v filter.y_out[2]_sky130_fd_sc_hd__xor2_2_A/A (sky130_fd_sc_hd__xor2_4)
     4    0.036535    0.454285    0.560629    2.811038 ^ filter.y_out[2]_sky130_fd_sc_hd__xor2_2_A/X (sky130_fd_sc_hd__xor2_4)
                                                         filter.x_in[2]_sky130_fd_sc_hd__inv_2_A_Y_sky130_fd_sc_hd__o2bb2ai_2_B2_A2_N_sky130_fd_sc_hd__a21o_2_B1_A2 (net)
                      0.454285    0.001167    2.812204 ^ filter.y_out[1]_sky130_fd_sc_hd__xor2_2_A/B (sky130_fd_sc_hd__xor2_4)
    10    0.051116    0.291351    0.418404    3.230608 v filter.y_out[1]_sky130_fd_sc_hd__xor2_2_A/X (sky130_fd_sc_hd__xor2_4)
                                                         filter.y_out[1]_sky130_fd_sc_hd__xor2_2_A_X (net)
                      0.291351    0.001168    3.231776 v filter.x_in[10]_sky130_fd_sc_hd__or2_2_A_B_sky130_fd_sc_hd__xor2_2_X_B_sky130_fd_sc_hd__a31o_2_X_A3_sky130_fd_sc_hd__xnor2_2_Y_A_sky130_fd_sc_hd__o21ai_2_B1_Y_sky130_fd_sc_hd__xnor2_2_A_B_sky130_fd_sc_hd__and3_2_X_B_sky130_fd_sc_hd__or3_2_X/B (sky130_fd_sc_hd__or3_2)
     5    0.021115    0.265376    1.306969    4.538744 v filter.x_in[10]_sky130_fd_sc_hd__or2_2_A_B_sky130_fd_sc_hd__xor2_2_X_B_sky130_fd_sc_hd__a31o_2_X_A3_sky130_fd_sc_hd__xnor2_2_Y_A_sky130_fd_sc_hd__o21ai_2_B1_Y_sky130_fd_sc_hd__xnor2_2_A_B_sky130_fd_sc_hd__and3_2_X_B_sky130_fd_sc_hd__or3_2_X/X (sky130_fd_sc_hd__or3_2)
                                                         filter.x_in[10]_sky130_fd_sc_hd__or2_2_A_B_sky130_fd_sc_hd__xor2_2_X_B_sky130_fd_sc_hd__a31o_2_X_A3_sky130_fd_sc_hd__xnor2_2_Y_A_sky130_fd_sc_hd__o21ai_2_B1_Y_sky130_fd_sc_hd__xnor2_2_A_B_sky130_fd_sc_hd__and3_2_X_B (net)
                      0.265376    0.002297    4.541042 v filter.x_in[10]_sky130_fd_sc_hd__or2_2_A_B_sky130_fd_sc_hd__xor2_2_X_B_sky130_fd_sc_hd__a31o_2_X_A3_sky130_fd_sc_hd__xnor2_2_Y_A_sky130_fd_sc_hd__o21ai_2_B1_Y_sky130_fd_sc_hd__xnor2_2_A_B_sky130_fd_sc_hd__and3_2_X/B (sky130_fd_sc_hd__and3_1)
     3    0.011413    0.142259    0.503826    5.044868 v filter.x_in[10]_sky130_fd_sc_hd__or2_2_A_B_sky130_fd_sc_hd__xor2_2_X_B_sky130_fd_sc_hd__a31o_2_X_A3_sky130_fd_sc_hd__xnor2_2_Y_A_sky130_fd_sc_hd__o21ai_2_B1_Y_sky130_fd_sc_hd__xnor2_2_A_B_sky130_fd_sc_hd__and3_2_X/X (sky130_fd_sc_hd__and3_1)
                                                         filter.x_in[10]_sky130_fd_sc_hd__or2_2_A_B_sky130_fd_sc_hd__xor2_2_X_B_sky130_fd_sc_hd__a31o_2_X_A3_sky130_fd_sc_hd__xnor2_2_Y_A_sky130_fd_sc_hd__o21ai_2_B1_Y_sky130_fd_sc_hd__xnor2_2_A_B (net)
                      0.142259    0.000608    5.045476 v filter.y_out[0]_sky130_fd_sc_hd__dfrtp_2_Q_D_sky130_fd_sc_hd__xor2_2_X_A_sky130_fd_sc_hd__and3b_2_X_C_sky130_fd_sc_hd__a21o_2_X_B1_sky130_fd_sc_hd__a2bb2o_2_X_A1_N_sky130_fd_sc_hd__o2bb2a_2_X_A1_N_sky130_fd_sc_hd__a32o_2_X_A2_sky130_fd_sc_hd__and4_2_B/C (sky130_fd_sc_hd__and4_1)
     4    0.013100    0.151682    0.505445    5.550920 v filter.y_out[0]_sky130_fd_sc_hd__dfrtp_2_Q_D_sky130_fd_sc_hd__xor2_2_X_A_sky130_fd_sc_hd__and3b_2_X_C_sky130_fd_sc_hd__a21o_2_X_B1_sky130_fd_sc_hd__a2bb2o_2_X_A1_N_sky130_fd_sc_hd__o2bb2a_2_X_A1_N_sky130_fd_sc_hd__a32o_2_X_A2_sky130_fd_sc_hd__and4_2_B/X (sky130_fd_sc_hd__and4_1)
                                                         filter.y_out[0]_sky130_fd_sc_hd__dfrtp_2_Q_D_sky130_fd_sc_hd__xor2_2_X_A_sky130_fd_sc_hd__and3b_2_X_C_sky130_fd_sc_hd__a21o_2_X_B1_sky130_fd_sc_hd__a2bb2o_2_X_A1_N_sky130_fd_sc_hd__o2bb2a_2_X_A1_N_sky130_fd_sc_hd__a32o_2_X_A2_sky130_fd_sc_hd__and4_2_B_X (net)
                      0.151682    0.000498    5.551419 v filter.y_out[0]_sky130_fd_sc_hd__dfrtp_2_Q_D_sky130_fd_sc_hd__xor2_2_X_A_sky130_fd_sc_hd__and3b_2_X_C_sky130_fd_sc_hd__a21o_2_X_B1_sky130_fd_sc_hd__a2bb2o_2_X_B1_sky130_fd_sc_hd__a2bb2o_2_X_B2_sky130_fd_sc_hd__o32a_2_X_A2_sky130_fd_sc_hd__nor3_2_Y/B (sky130_fd_sc_hd__nor3_1)
     3    0.009881    0.560982    0.562457    6.113875 ^ filter.y_out[0]_sky130_fd_sc_hd__dfrtp_2_Q_D_sky130_fd_sc_hd__xor2_2_X_A_sky130_fd_sc_hd__and3b_2_X_C_sky130_fd_sc_hd__a21o_2_X_B1_sky130_fd_sc_hd__a2bb2o_2_X_B1_sky130_fd_sc_hd__a2bb2o_2_X_B2_sky130_fd_sc_hd__o32a_2_X_A2_sky130_fd_sc_hd__nor3_2_Y/Y (sky130_fd_sc_hd__nor3_1)
                                                         filter.y_out[0]_sky130_fd_sc_hd__dfrtp_2_Q_D_sky130_fd_sc_hd__xor2_2_X_A_sky130_fd_sc_hd__and3b_2_X_C_sky130_fd_sc_hd__a21o_2_X_B1_sky130_fd_sc_hd__a2bb2o_2_X_B1_sky130_fd_sc_hd__a2bb2o_2_X_B2_sky130_fd_sc_hd__o32a_2_X_A2 (net)
                      0.560983    0.000686    6.114562 ^ filter.y_out[0]_sky130_fd_sc_hd__dfrtp_2_Q_D_sky130_fd_sc_hd__xor2_2_X_A_sky130_fd_sc_hd__and3b_2_X_C_sky130_fd_sc_hd__a21o_2_X_B1_sky130_fd_sc_hd__a2bb2o_2_X_B1_sky130_fd_sc_hd__a2bb2o_2_X_B2_sky130_fd_sc_hd__o32a_2_X_A2_sky130_fd_sc_hd__and2b_2_A_N/A_N (sky130_fd_sc_hd__and2b_1)
     2    0.006930    0.098946    0.558437    6.672999 v filter.y_out[0]_sky130_fd_sc_hd__dfrtp_2_Q_D_sky130_fd_sc_hd__xor2_2_X_A_sky130_fd_sc_hd__and3b_2_X_C_sky130_fd_sc_hd__a21o_2_X_B1_sky130_fd_sc_hd__a2bb2o_2_X_B1_sky130_fd_sc_hd__a2bb2o_2_X_B2_sky130_fd_sc_hd__o32a_2_X_A2_sky130_fd_sc_hd__and2b_2_A_N/X (sky130_fd_sc_hd__and2b_1)
                                                         filter.y_out[0]_sky130_fd_sc_hd__dfrtp_2_Q_D_sky130_fd_sc_hd__xor2_2_X_A_sky130_fd_sc_hd__and3b_2_X_C_sky130_fd_sc_hd__a21o_2_X_B1_sky130_fd_sc_hd__a2bb2o_2_X_B1_sky130_fd_sc_hd__a2bb2o_2_X_B1_sky130_fd_sc_hd__or3_2_X_C_sky130_fd_sc_hd__o21a_2_X_A1 (net)
                      0.098946    0.000451    6.673450 v filter.y_out[0]_sky130_fd_sc_hd__dfrtp_2_Q_D_sky130_fd_sc_hd__xor2_2_X_A_sky130_fd_sc_hd__and3b_2_X_C_sky130_fd_sc_hd__a21o_2_X_B1_sky130_fd_sc_hd__a2bb2o_2_X_B1_sky130_fd_sc_hd__a2bb2o_2_X_B1_sky130_fd_sc_hd__or3_2_X_C_sky130_fd_sc_hd__o21a_2_X_B1_sky130_fd_sc_hd__a221o_2_X/A1 (sky130_fd_sc_hd__a221o_1)
     1    0.002924    0.092938    0.586840    7.260290 v filter.y_out[0]_sky130_fd_sc_hd__dfrtp_2_Q_D_sky130_fd_sc_hd__xor2_2_X_A_sky130_fd_sc_hd__and3b_2_X_C_sky130_fd_sc_hd__a21o_2_X_B1_sky130_fd_sc_hd__a2bb2o_2_X_B1_sky130_fd_sc_hd__a2bb2o_2_X_B1_sky130_fd_sc_hd__or3_2_X_C_sky130_fd_sc_hd__o21a_2_X_B1_sky130_fd_sc_hd__a221o_2_X/X (sky130_fd_sc_hd__a221o_1)
                                                         filter.y_out[0]_sky130_fd_sc_hd__dfrtp_2_Q_D_sky130_fd_sc_hd__xor2_2_X_A_sky130_fd_sc_hd__and3b_2_X_C_sky130_fd_sc_hd__a21o_2_X_B1_sky130_fd_sc_hd__a2bb2o_2_X_B1_sky130_fd_sc_hd__a2bb2o_2_X_B1_sky130_fd_sc_hd__or3_2_X_C_sky130_fd_sc_hd__o21a_2_X_B1 (net)
                      0.092938    0.000199    7.260489 v filter.y_out[0]_sky130_fd_sc_hd__dfrtp_2_Q_D_sky130_fd_sc_hd__xor2_2_X_A_sky130_fd_sc_hd__and3b_2_X_C_sky130_fd_sc_hd__a21o_2_X_B1_sky130_fd_sc_hd__a2bb2o_2_X_B1_sky130_fd_sc_hd__a2bb2o_2_X_B1_sky130_fd_sc_hd__or3_2_X_C_sky130_fd_sc_hd__o21a_2_X/B1 (sky130_fd_sc_hd__o21a_1)
     2    0.006786    0.099841    0.233994    7.494483 v filter.y_out[0]_sky130_fd_sc_hd__dfrtp_2_Q_D_sky130_fd_sc_hd__xor2_2_X_A_sky130_fd_sc_hd__and3b_2_X_C_sky130_fd_sc_hd__a21o_2_X_B1_sky130_fd_sc_hd__a2bb2o_2_X_B1_sky130_fd_sc_hd__a2bb2o_2_X_B1_sky130_fd_sc_hd__or3_2_X_C_sky130_fd_sc_hd__o21a_2_X/X (sky130_fd_sc_hd__o21a_1)
                                                         filter.y_out[0]_sky130_fd_sc_hd__dfrtp_2_Q_D_sky130_fd_sc_hd__xor2_2_X_A_sky130_fd_sc_hd__and3b_2_X_C_sky130_fd_sc_hd__a21o_2_X_B1_sky130_fd_sc_hd__a2bb2o_2_X_B1_sky130_fd_sc_hd__a2bb2o_2_X_B1_sky130_fd_sc_hd__or3_2_X_C (net)
                      0.099841    0.000459    7.494943 v filter.y_out[0]_sky130_fd_sc_hd__dfrtp_2_Q_D_sky130_fd_sc_hd__xor2_2_X_A_sky130_fd_sc_hd__and3b_2_X_C_sky130_fd_sc_hd__a21o_2_X_B1_sky130_fd_sc_hd__a2bb2o_2_X_B1_sky130_fd_sc_hd__a2bb2o_2_X_B1_sky130_fd_sc_hd__or3_2_X/C (sky130_fd_sc_hd__or3_1)
     1    0.002049    0.126999    0.705397    8.200339 v filter.y_out[0]_sky130_fd_sc_hd__dfrtp_2_Q_D_sky130_fd_sc_hd__xor2_2_X_A_sky130_fd_sc_hd__and3b_2_X_C_sky130_fd_sc_hd__a21o_2_X_B1_sky130_fd_sc_hd__a2bb2o_2_X_B1_sky130_fd_sc_hd__a2bb2o_2_X_B1_sky130_fd_sc_hd__or3_2_X/X (sky130_fd_sc_hd__or3_1)
                                                         filter.y_out[0]_sky130_fd_sc_hd__dfrtp_2_Q_D_sky130_fd_sc_hd__xor2_2_X_A_sky130_fd_sc_hd__and3b_2_X_C_sky130_fd_sc_hd__a21o_2_X_B1_sky130_fd_sc_hd__a2bb2o_2_X_B1_sky130_fd_sc_hd__a2bb2o_2_X_B1 (net)
                      0.126999    0.000146    8.200485 v filter.y_out[0]_sky130_fd_sc_hd__dfrtp_2_Q_D_sky130_fd_sc_hd__xor2_2_X_A_sky130_fd_sc_hd__and3b_2_X_C_sky130_fd_sc_hd__a21o_2_X_B1_sky130_fd_sc_hd__a2bb2o_2_X_B1_sky130_fd_sc_hd__a2bb2o_2_X/B1 (sky130_fd_sc_hd__a2bb2o_1)
     1    0.004046    0.111727    0.622048    8.822534 v filter.y_out[0]_sky130_fd_sc_hd__dfrtp_2_Q_D_sky130_fd_sc_hd__xor2_2_X_A_sky130_fd_sc_hd__and3b_2_X_C_sky130_fd_sc_hd__a21o_2_X_B1_sky130_fd_sc_hd__a2bb2o_2_X_B1_sky130_fd_sc_hd__a2bb2o_2_X/X (sky130_fd_sc_hd__a2bb2o_1)
                                                         filter.y_out[0]_sky130_fd_sc_hd__dfrtp_2_Q_D_sky130_fd_sc_hd__xor2_2_X_A_sky130_fd_sc_hd__and3b_2_X_C_sky130_fd_sc_hd__a21o_2_X_B1_sky130_fd_sc_hd__a2bb2o_2_X_B1 (net)
                      0.111727    0.000286    8.822819 v filter.y_out[0]_sky130_fd_sc_hd__dfrtp_2_Q_D_sky130_fd_sc_hd__xor2_2_X_A_sky130_fd_sc_hd__and3b_2_X_C_sky130_fd_sc_hd__a21o_2_X_B1_sky130_fd_sc_hd__a2bb2o_2_X/B1 (sky130_fd_sc_hd__a2bb2o_1)
     1    0.007669    0.142823    0.656093    9.478912 v filter.y_out[0]_sky130_fd_sc_hd__dfrtp_2_Q_D_sky130_fd_sc_hd__xor2_2_X_A_sky130_fd_sc_hd__and3b_2_X_C_sky130_fd_sc_hd__a21o_2_X_B1_sky130_fd_sc_hd__a2bb2o_2_X/X (sky130_fd_sc_hd__a2bb2o_1)
                                                         filter.y_out[0]_sky130_fd_sc_hd__dfrtp_2_Q_D_sky130_fd_sc_hd__xor2_2_X_A_sky130_fd_sc_hd__and3b_2_X_C_sky130_fd_sc_hd__a21o_2_X_B1 (net)
                      0.142823    0.000410    9.479322 v filter.y_out[0]_sky130_fd_sc_hd__dfrtp_2_Q_D_sky130_fd_sc_hd__xor2_2_X_A_sky130_fd_sc_hd__and3b_2_X_C_sky130_fd_sc_hd__a21o_2_X/B1 (sky130_fd_sc_hd__a21o_1)
     1    0.005249    0.079560    0.327132    9.806455 v filter.y_out[0]_sky130_fd_sc_hd__dfrtp_2_Q_D_sky130_fd_sc_hd__xor2_2_X_A_sky130_fd_sc_hd__and3b_2_X_C_sky130_fd_sc_hd__a21o_2_X/X (sky130_fd_sc_hd__a21o_1)
                                                         filter.y_out[0]_sky130_fd_sc_hd__dfrtp_2_Q_D_sky130_fd_sc_hd__xor2_2_X_A_sky130_fd_sc_hd__and3b_2_X_C (net)
                      0.079606    0.000414    9.806869 v filter.y_out[0]_sky130_fd_sc_hd__dfrtp_2_Q_D_sky130_fd_sc_hd__xor2_2_X_A_sky130_fd_sc_hd__and3b_2_X/C (sky130_fd_sc_hd__and3b_1)
     2    0.009057    0.121424    0.418030   10.224898 v filter.y_out[0]_sky130_fd_sc_hd__dfrtp_2_Q_D_sky130_fd_sc_hd__xor2_2_X_A_sky130_fd_sc_hd__and3b_2_X/X (sky130_fd_sc_hd__and3b_1)
                                                         filter.y_out[0]_sky130_fd_sc_hd__dfrtp_2_Q_D_sky130_fd_sc_hd__xor2_2_X_A (net)
                      0.121425    0.000584   10.225482 v filter.y_out[1]_sky130_fd_sc_hd__dfrtp_2_Q_D_sky130_fd_sc_hd__xor2_2_X_A_sky130_fd_sc_hd__a2bb2o_2_X/B2 (sky130_fd_sc_hd__a2bb2o_2)
     3    0.022072    0.163785    0.603590   10.829072 v filter.y_out[1]_sky130_fd_sc_hd__dfrtp_2_Q_D_sky130_fd_sc_hd__xor2_2_X_A_sky130_fd_sc_hd__a2bb2o_2_X/X (sky130_fd_sc_hd__a2bb2o_2)
                                                         filter.y_out[1]_sky130_fd_sc_hd__dfrtp_2_Q_D_sky130_fd_sc_hd__xor2_2_X_A (net)
                      0.163848    0.002954   10.832026 v filter.y_out[2]_sky130_fd_sc_hd__dfrtp_2_Q_D_sky130_fd_sc_hd__xor2_2_X_A_sky130_fd_sc_hd__a31o_2_A3/A1 (sky130_fd_sc_hd__a31o_1)
     3    0.018381    0.188127    0.480251   11.312277 v filter.y_out[2]_sky130_fd_sc_hd__dfrtp_2_Q_D_sky130_fd_sc_hd__xor2_2_X_A_sky130_fd_sc_hd__a31o_2_A3/X (sky130_fd_sc_hd__a31o_1)
                                                         filter.y_out[3]_sky130_fd_sc_hd__dfrtp_2_Q_D_sky130_fd_sc_hd__nor2_2_Y_A_sky130_fd_sc_hd__and2b_2_X_B (net)
                      0.188136    0.001548   11.313825 v filter.y_out[3]_sky130_fd_sc_hd__dfrtp_2_Q_D_sky130_fd_sc_hd__nor2_2_Y_B_sky130_fd_sc_hd__and2b_2_X/A_N (sky130_fd_sc_hd__and2b_1)
     1    0.002951    0.075632    0.423156   11.736980 ^ filter.y_out[3]_sky130_fd_sc_hd__dfrtp_2_Q_D_sky130_fd_sc_hd__nor2_2_Y_B_sky130_fd_sc_hd__and2b_2_X/X (sky130_fd_sc_hd__and2b_1)
                                                         filter.y_out[3]_sky130_fd_sc_hd__dfrtp_2_Q_D_sky130_fd_sc_hd__nor2_2_Y_B (net)
                      0.075632    0.000216   11.737196 ^ filter.y_out[3]_sky130_fd_sc_hd__dfrtp_2_Q_D_sky130_fd_sc_hd__nor2_2_Y/B (sky130_fd_sc_hd__nor2_1)
     1    0.003728    0.057488    0.078067   11.815264 v filter.y_out[3]_sky130_fd_sc_hd__dfrtp_2_Q_D_sky130_fd_sc_hd__nor2_2_Y/Y (sky130_fd_sc_hd__nor2_1)
                                                         filter.y_out[3]_sky130_fd_sc_hd__dfrtp_2_Q_D (net)
                      0.057488    0.000283   11.815547 v filter.y_out[3]_sky130_fd_sc_hd__dfrtp_2_Q/D (sky130_fd_sc_hd__dfrtp_4)
                                             11.815547   data arrival time

                                 30.000000   30.000000   clock clk (rise edge)
                                  0.000000   30.000000   clock source latency
     1    0.042471    0.306377    0.217000   30.216999 ^ clk (in)
                                                         clk (net)
                      0.306741    0.000000   30.216999 ^ clkbuf_0_clk/A (sky130_fd_sc_hd__clkbuf_16)
     8    0.141131    0.236430    0.455319   30.672319 ^ clkbuf_0_clk/X (sky130_fd_sc_hd__clkbuf_16)
                                                         clknet_0_clk (net)
                      0.236930    0.009045   30.681364 ^ clkbuf_3_7__f_clk/A (sky130_fd_sc_hd__clkbuf_16)
     9    0.049760    0.106954    0.335429   31.016794 ^ clkbuf_3_7__f_clk/X (sky130_fd_sc_hd__clkbuf_16)
                                                         clknet_3_7__leaf_clk (net)
                      0.107125    0.003681   31.020473 ^ filter.y_out[3]_sky130_fd_sc_hd__dfrtp_2_Q/CLK (sky130_fd_sc_hd__dfrtp_4)
                                 -0.250000   30.770473   clock uncertainty
                                  0.000000   30.770473   clock reconvergence pessimism
                                 -0.259697   30.510777   library setup time
                                             30.510777   data required time
---------------------------------------------------------------------------------------------
                                             30.510777   data required time
                                            -11.815547   data arrival time
---------------------------------------------------------------------------------------------
                                             18.695229   slack (MET)


Startpoint: spi_sel (input port clocked by clk)
Endpoint: filter.x_in[2]_sky130_fd_sc_hd__dfrtp_2_Q
          (rising edge-triggered flip-flop clocked by clk)
Path Group: clk
Path Type: max

Fanout         Cap        Slew       Delay        Time   Description
---------------------------------------------------------------------------------------------
                                  0.000000    0.000000   clock clk (rise edge)
                                  0.000000    0.000000   clock network delay (propagated)
                                  6.000000    6.000000 v input external delay
     1    0.002732    0.018195    0.009064    6.009064 v spi_sel (in)
                                                         spi_sel (net)
                      0.018196    0.000000    6.009064 v input4/A (sky130_fd_sc_hd__buf_1)
     3    0.012989    0.155965    0.222081    6.231145 v input4/X (sky130_fd_sc_hd__buf_1)
                                                         net4 (net)
                      0.155967    0.000904    6.232049 v spi_sel_sky130_fd_sc_hd__nor3b_2_A/A (sky130_fd_sc_hd__nor3b_1)
     1    0.010654    0.632586    0.645716    6.877766 ^ spi_sel_sky130_fd_sc_hd__nor3b_2_A/Y (sky130_fd_sc_hd__nor3b_1)
                                                         spi_sel_sky130_fd_sc_hd__nor3b_2_A_Y (net)
                      0.632588    0.000977    6.878742 ^ fanout16/A (sky130_fd_sc_hd__clkbuf_8)
     9    0.088633    0.256280    0.595786    7.474528 ^ fanout16/X (sky130_fd_sc_hd__clkbuf_8)
                                                         net16 (net)
                      0.256315    0.002613    7.477141 ^ fanout15/A (sky130_fd_sc_hd__buf_4)
    10    0.070536    0.314905    0.470968    7.948109 ^ fanout15/X (sky130_fd_sc_hd__buf_4)
                                                         net15 (net)
                      0.315177    0.005990    7.954099 ^ spi_in.bit_cnt[1]_sky130_fd_sc_hd__and3_2_A/C (sky130_fd_sc_hd__and3_1)
     4    0.013990    0.235373    0.514292    8.468390 ^ spi_in.bit_cnt[1]_sky130_fd_sc_hd__and3_2_A/X (sky130_fd_sc_hd__and3_1)
                                                         spi_in.bit_cnt[1]_sky130_fd_sc_hd__and3_2_A_X (net)
                      0.235373    0.000548    8.468939 ^ spi_in.bit_cnt[3]_sky130_fd_sc_hd__and3_2_A/C (sky130_fd_sc_hd__and3_1)
     2    0.022730    0.359353    0.580820    9.049759 ^ spi_in.bit_cnt[3]_sky130_fd_sc_hd__and3_2_A/X (sky130_fd_sc_hd__and3_1)
                                                         spi_in.bit_cnt[3]_sky130_fd_sc_hd__and3_2_A_X (net)
                      0.359353    0.001117    9.050876 ^ fanout11/A (sky130_fd_sc_hd__buf_4)
     8    0.078758    0.349248    0.536260    9.587136 ^ fanout11/X (sky130_fd_sc_hd__buf_4)
                                                         net11 (net)
                      0.349969    0.011812    9.598948 ^ filter.x_in[2]_sky130_fd_sc_hd__mux2_1_A0/S (sky130_fd_sc_hd__mux2_1)
     1    0.002481    0.106703    0.783559   10.382506 v filter.x_in[2]_sky130_fd_sc_hd__mux2_1_A0/X (sky130_fd_sc_hd__mux2_1)
                                                         filter.x_in[2]_sky130_fd_sc_hd__dfrtp_2_Q_D (net)
                      0.106703    0.000170   10.382676 v hold24/A (sky130_fd_sc_hd__dlygate4sd3_1)
     1    0.002357    0.102254    1.133178   11.515855 v hold24/X (sky130_fd_sc_hd__dlygate4sd3_1)
                                                         net59 (net)
                      0.102254    0.000160   11.516014 v filter.x_in[2]_sky130_fd_sc_hd__dfrtp_2_Q/D (sky130_fd_sc_hd__dfrtp_1)
                                             11.516014   data arrival time

                                 30.000000   30.000000   clock clk (rise edge)
                                  0.000000   30.000000   clock source latency
     1    0.042471    0.306377    0.217000   30.216999 ^ clk (in)
                                                         clk (net)
                      0.306741    0.000000   30.216999 ^ clkbuf_0_clk/A (sky130_fd_sc_hd__clkbuf_16)
     8    0.141131    0.236430    0.455319   30.672319 ^ clkbuf_0_clk/X (sky130_fd_sc_hd__clkbuf_16)
                                                         clknet_0_clk (net)
                      0.236930    0.009045   30.681364 ^ clkbuf_3_7__f_clk/A (sky130_fd_sc_hd__clkbuf_16)
     9    0.049760    0.106954    0.335429   31.016794 ^ clkbuf_3_7__f_clk/X (sky130_fd_sc_hd__clkbuf_16)
                                                         clknet_3_7__leaf_clk (net)
                      0.107311    0.005169   31.021963 ^ filter.x_in[2]_sky130_fd_sc_hd__dfrtp_2_Q/CLK (sky130_fd_sc_hd__dfrtp_1)
                                 -0.250000   30.771961   clock uncertainty
                                  0.000000   30.771961   clock reconvergence pessimism
                                 -0.280064   30.491898   library setup time
                                             30.491898   data required time
---------------------------------------------------------------------------------------------
                                             30.491898   data required time
                                            -11.516014   data arrival time
---------------------------------------------------------------------------------------------
                                             18.975883   slack (MET)


Startpoint: spi_sel (input port clocked by clk)
Endpoint: filter.x_in[3]_sky130_fd_sc_hd__dfrtp_2_Q
          (rising edge-triggered flip-flop clocked by clk)
Path Group: clk
Path Type: max

Fanout         Cap        Slew       Delay        Time   Description
---------------------------------------------------------------------------------------------
                                  0.000000    0.000000   clock clk (rise edge)
                                  0.000000    0.000000   clock network delay (propagated)
                                  6.000000    6.000000 v input external delay
     1    0.002732    0.018195    0.009064    6.009064 v spi_sel (in)
                                                         spi_sel (net)
                      0.018196    0.000000    6.009064 v input4/A (sky130_fd_sc_hd__buf_1)
     3    0.012989    0.155965    0.222081    6.231145 v input4/X (sky130_fd_sc_hd__buf_1)
                                                         net4 (net)
                      0.155967    0.000904    6.232049 v spi_sel_sky130_fd_sc_hd__nor3b_2_A/A (sky130_fd_sc_hd__nor3b_1)
     1    0.010654    0.632586    0.645716    6.877766 ^ spi_sel_sky130_fd_sc_hd__nor3b_2_A/Y (sky130_fd_sc_hd__nor3b_1)
                                                         spi_sel_sky130_fd_sc_hd__nor3b_2_A_Y (net)
                      0.632588    0.000977    6.878742 ^ fanout16/A (sky130_fd_sc_hd__clkbuf_8)
     9    0.088633    0.256280    0.595786    7.474528 ^ fanout16/X (sky130_fd_sc_hd__clkbuf_8)
                                                         net16 (net)
                      0.256315    0.002613    7.477141 ^ fanout15/A (sky130_fd_sc_hd__buf_4)
    10    0.070536    0.314905    0.470968    7.948109 ^ fanout15/X (sky130_fd_sc_hd__buf_4)
                                                         net15 (net)
                      0.315177    0.005990    7.954099 ^ spi_in.bit_cnt[1]_sky130_fd_sc_hd__and3_2_A/C (sky130_fd_sc_hd__and3_1)
     4    0.013990    0.235373    0.514292    8.468390 ^ spi_in.bit_cnt[1]_sky130_fd_sc_hd__and3_2_A/X (sky130_fd_sc_hd__and3_1)
                                                         spi_in.bit_cnt[1]_sky130_fd_sc_hd__and3_2_A_X (net)
                      0.235373    0.000548    8.468939 ^ spi_in.bit_cnt[3]_sky130_fd_sc_hd__and3_2_A/C (sky130_fd_sc_hd__and3_1)
     2    0.022730    0.359353    0.580820    9.049759 ^ spi_in.bit_cnt[3]_sky130_fd_sc_hd__and3_2_A/X (sky130_fd_sc_hd__and3_1)
                                                         spi_in.bit_cnt[3]_sky130_fd_sc_hd__and3_2_A_X (net)
                      0.359353    0.001117    9.050876 ^ fanout11/A (sky130_fd_sc_hd__buf_4)
     8    0.078758    0.349248    0.536260    9.587136 ^ fanout11/X (sky130_fd_sc_hd__buf_4)
                                                         net11 (net)
                      0.349873    0.010826    9.597961 ^ filter.x_in[3]_sky130_fd_sc_hd__mux2_1_A0/S (sky130_fd_sc_hd__mux2_1)
     1    0.002141    0.103675    0.777700   10.375662 v filter.x_in[3]_sky130_fd_sc_hd__mux2_1_A0/X (sky130_fd_sc_hd__mux2_1)
                                                         filter.x_in[3]_sky130_fd_sc_hd__dfrtp_2_Q_D (net)
                      0.103675    0.000091   10.375752 v hold28/A (sky130_fd_sc_hd__dlygate4sd3_1)
     1    0.002428    0.102737    1.132908   11.508660 v hold28/X (sky130_fd_sc_hd__dlygate4sd3_1)
                                                         net63 (net)
                      0.102737    0.000174   11.508834 v filter.x_in[3]_sky130_fd_sc_hd__dfrtp_2_Q/D (sky130_fd_sc_hd__dfrtp_1)
                                             11.508834   data arrival time

                                 30.000000   30.000000   clock clk (rise edge)
                                  0.000000   30.000000   clock source latency
     1    0.042471    0.306377    0.217000   30.216999 ^ clk (in)
                                                         clk (net)
                      0.306741    0.000000   30.216999 ^ clkbuf_0_clk/A (sky130_fd_sc_hd__clkbuf_16)
     8    0.141131    0.236430    0.455319   30.672319 ^ clkbuf_0_clk/X (sky130_fd_sc_hd__clkbuf_16)
                                                         clknet_0_clk (net)
                      0.236930    0.009045   30.681364 ^ clkbuf_3_7__f_clk/A (sky130_fd_sc_hd__clkbuf_16)
     9    0.049760    0.106954    0.335429   31.016794 ^ clkbuf_3_7__f_clk/X (sky130_fd_sc_hd__clkbuf_16)
                                                         clknet_3_7__leaf_clk (net)
                      0.107154    0.003944   31.020737 ^ filter.x_in[3]_sky130_fd_sc_hd__dfrtp_2_Q/CLK (sky130_fd_sc_hd__dfrtp_1)
                                 -0.250000   30.770737   clock uncertainty
                                  0.000000   30.770737   clock reconvergence pessimism
                                 -0.280307   30.490431   library setup time
                                             30.490431   data required time
---------------------------------------------------------------------------------------------
                                             30.490431   data required time
                                            -11.508834   data arrival time
---------------------------------------------------------------------------------------------
                                             18.981596   slack (MET)


Startpoint: spi_sel (input port clocked by clk)
Endpoint: filter.x_in[6]_sky130_fd_sc_hd__dfrtp_2_Q
          (rising edge-triggered flip-flop clocked by clk)
Path Group: clk
Path Type: max

Fanout         Cap        Slew       Delay        Time   Description
---------------------------------------------------------------------------------------------
                                  0.000000    0.000000   clock clk (rise edge)
                                  0.000000    0.000000   clock network delay (propagated)
                                  6.000000    6.000000 v input external delay
     1    0.002732    0.018195    0.009064    6.009064 v spi_sel (in)
                                                         spi_sel (net)
                      0.018196    0.000000    6.009064 v input4/A (sky130_fd_sc_hd__buf_1)
     3    0.012989    0.155965    0.222081    6.231145 v input4/X (sky130_fd_sc_hd__buf_1)
                                                         net4 (net)
                      0.155967    0.000904    6.232049 v spi_sel_sky130_fd_sc_hd__nor3b_2_A/A (sky130_fd_sc_hd__nor3b_1)
     1    0.010654    0.632586    0.645716    6.877766 ^ spi_sel_sky130_fd_sc_hd__nor3b_2_A/Y (sky130_fd_sc_hd__nor3b_1)
                                                         spi_sel_sky130_fd_sc_hd__nor3b_2_A_Y (net)
                      0.632588    0.000977    6.878742 ^ fanout16/A (sky130_fd_sc_hd__clkbuf_8)
     9    0.088633    0.256280    0.595786    7.474528 ^ fanout16/X (sky130_fd_sc_hd__clkbuf_8)
                                                         net16 (net)
                      0.256315    0.002613    7.477141 ^ fanout15/A (sky130_fd_sc_hd__buf_4)
    10    0.070536    0.314905    0.470968    7.948109 ^ fanout15/X (sky130_fd_sc_hd__buf_4)
                                                         net15 (net)
                      0.315177    0.005990    7.954099 ^ spi_in.bit_cnt[1]_sky130_fd_sc_hd__and3_2_A/C (sky130_fd_sc_hd__and3_1)
     4    0.013990    0.235373    0.514292    8.468390 ^ spi_in.bit_cnt[1]_sky130_fd_sc_hd__and3_2_A/X (sky130_fd_sc_hd__and3_1)
                                                         spi_in.bit_cnt[1]_sky130_fd_sc_hd__and3_2_A_X (net)
                      0.235373    0.000548    8.468939 ^ spi_in.bit_cnt[3]_sky130_fd_sc_hd__and3_2_A/C (sky130_fd_sc_hd__and3_1)
     2    0.022730    0.359353    0.580820    9.049759 ^ spi_in.bit_cnt[3]_sky130_fd_sc_hd__and3_2_A/X (sky130_fd_sc_hd__and3_1)
                                                         spi_in.bit_cnt[3]_sky130_fd_sc_hd__and3_2_A_X (net)
                      0.359353    0.001117    9.050876 ^ fanout11/A (sky130_fd_sc_hd__buf_4)
     8    0.078758    0.349248    0.536260    9.587136 ^ fanout11/X (sky130_fd_sc_hd__buf_4)
                                                         net11 (net)
                      0.349448    0.004100    9.591235 ^ filter.x_in[6]_sky130_fd_sc_hd__mux2_1_A0/S (sky130_fd_sc_hd__mux2_1)
     1    0.002597    0.108004    0.785422   10.376658 v filter.x_in[6]_sky130_fd_sc_hd__mux2_1_A0/X (sky130_fd_sc_hd__mux2_1)
                                                         filter.x_in[6]_sky130_fd_sc_hd__dfrtp_2_Q_D (net)
                      0.108004    0.000175   10.376833 v hold30/A (sky130_fd_sc_hd__dlygate4sd3_1)
     1    0.002563    0.103739    1.137303   11.514135 v hold30/X (sky130_fd_sc_hd__dlygate4sd3_1)
                                                         net65 (net)
                      0.103739    0.000171   11.514307 v filter.x_in[6]_sky130_fd_sc_hd__dfrtp_2_Q/D (sky130_fd_sc_hd__dfrtp_1)
                                             11.514307   data arrival time

                                 30.000000   30.000000   clock clk (rise edge)
                                  0.000000   30.000000   clock source latency
     1    0.042471    0.306377    0.217000   30.216999 ^ clk (in)
                                                         clk (net)
                      0.306741    0.000000   30.216999 ^ clkbuf_0_clk/A (sky130_fd_sc_hd__clkbuf_16)
     8    0.141131    0.236430    0.455319   30.672319 ^ clkbuf_0_clk/X (sky130_fd_sc_hd__clkbuf_16)
                                                         clknet_0_clk (net)
                      0.238580    0.018154   30.690474 ^ clkbuf_3_5__f_clk/A (sky130_fd_sc_hd__clkbuf_16)
    13    0.053542    0.111953    0.340858   31.031332 ^ clkbuf_3_5__f_clk/X (sky130_fd_sc_hd__clkbuf_16)
                                                         clknet_3_5__leaf_clk (net)
                      0.111986    0.001837   31.033169 ^ filter.x_in[6]_sky130_fd_sc_hd__dfrtp_2_Q/CLK (sky130_fd_sc_hd__dfrtp_1)
                                 -0.250000   30.783167   clock uncertainty
                                  0.000000   30.783167   clock reconvergence pessimism
                                 -0.279436   30.503733   library setup time
                                             30.503733   data required time
---------------------------------------------------------------------------------------------
                                             30.503733   data required time
                                            -11.514307   data arrival time
---------------------------------------------------------------------------------------------
                                             18.989426   slack (MET)


Startpoint: filter.y_out[2]_sky130_fd_sc_hd__dfrtp_2_Q
            (rising edge-triggered flip-flop clocked by clk)
Endpoint: filter.y_out[2]_sky130_fd_sc_hd__dfrtp_2_Q
          (rising edge-triggered flip-flop clocked by clk)
Path Group: clk
Path Type: max

Fanout         Cap        Slew       Delay        Time   Description
---------------------------------------------------------------------------------------------
                                  0.000000    0.000000   clock clk (rise edge)
                                  0.000000    0.000000   clock source latency
     1    0.042471    0.306377    0.216999    0.216999 ^ clk (in)
                                                         clk (net)
                      0.306741    0.000000    0.216999 ^ clkbuf_0_clk/A (sky130_fd_sc_hd__clkbuf_16)
     8    0.141131    0.236430    0.455319    0.672318 ^ clkbuf_0_clk/X (sky130_fd_sc_hd__clkbuf_16)
                                                         clknet_0_clk (net)
                      0.236864    0.008456    0.680773 ^ clkbuf_3_6__f_clk/A (sky130_fd_sc_hd__clkbuf_16)
     9    0.059836    0.120431    0.346696    1.027470 ^ clkbuf_3_6__f_clk/X (sky130_fd_sc_hd__clkbuf_16)
                                                         clknet_3_6__leaf_clk (net)
                      0.120525    0.003008    1.030478 ^ filter.y_out[2]_sky130_fd_sc_hd__dfrtp_2_Q/CLK (sky130_fd_sc_hd__dfrtp_4)
     6    0.071795    0.278885    1.203707    2.234185 v filter.y_out[2]_sky130_fd_sc_hd__dfrtp_2_Q/Q (sky130_fd_sc_hd__dfrtp_4)
                                                         filter.y_out[2] (net)
                      0.280155    0.016224    2.250408 v filter.y_out[2]_sky130_fd_sc_hd__xor2_2_A/A (sky130_fd_sc_hd__xor2_4)
     4    0.036535    0.454285    0.560629    2.811038 ^ filter.y_out[2]_sky130_fd_sc_hd__xor2_2_A/X (sky130_fd_sc_hd__xor2_4)
                                                         filter.x_in[2]_sky130_fd_sc_hd__inv_2_A_Y_sky130_fd_sc_hd__o2bb2ai_2_B2_A2_N_sky130_fd_sc_hd__a21o_2_B1_A2 (net)
                      0.454285    0.001167    2.812204 ^ filter.y_out[1]_sky130_fd_sc_hd__xor2_2_A/B (sky130_fd_sc_hd__xor2_4)
    10    0.051116    0.291351    0.418404    3.230608 v filter.y_out[1]_sky130_fd_sc_hd__xor2_2_A/X (sky130_fd_sc_hd__xor2_4)
                                                         filter.y_out[1]_sky130_fd_sc_hd__xor2_2_A_X (net)
                      0.291351    0.001168    3.231776 v filter.x_in[10]_sky130_fd_sc_hd__or2_2_A_B_sky130_fd_sc_hd__xor2_2_X_B_sky130_fd_sc_hd__a31o_2_X_A3_sky130_fd_sc_hd__xnor2_2_Y_A_sky130_fd_sc_hd__o21ai_2_B1_Y_sky130_fd_sc_hd__xnor2_2_A_B_sky130_fd_sc_hd__and3_2_X_B_sky130_fd_sc_hd__or3_2_X/B (sky130_fd_sc_hd__or3_2)
     5    0.021115    0.265376    1.306969    4.538744 v filter.x_in[10]_sky130_fd_sc_hd__or2_2_A_B_sky130_fd_sc_hd__xor2_2_X_B_sky130_fd_sc_hd__a31o_2_X_A3_sky130_fd_sc_hd__xnor2_2_Y_A_sky130_fd_sc_hd__o21ai_2_B1_Y_sky130_fd_sc_hd__xnor2_2_A_B_sky130_fd_sc_hd__and3_2_X_B_sky130_fd_sc_hd__or3_2_X/X (sky130_fd_sc_hd__or3_2)
                                                         filter.x_in[10]_sky130_fd_sc_hd__or2_2_A_B_sky130_fd_sc_hd__xor2_2_X_B_sky130_fd_sc_hd__a31o_2_X_A3_sky130_fd_sc_hd__xnor2_2_Y_A_sky130_fd_sc_hd__o21ai_2_B1_Y_sky130_fd_sc_hd__xnor2_2_A_B_sky130_fd_sc_hd__and3_2_X_B (net)
                      0.265376    0.002297    4.541042 v filter.x_in[10]_sky130_fd_sc_hd__or2_2_A_B_sky130_fd_sc_hd__xor2_2_X_B_sky130_fd_sc_hd__a31o_2_X_A3_sky130_fd_sc_hd__xnor2_2_Y_A_sky130_fd_sc_hd__o21ai_2_B1_Y_sky130_fd_sc_hd__xnor2_2_A_B_sky130_fd_sc_hd__and3_2_X/B (sky130_fd_sc_hd__and3_1)
     3    0.011413    0.142259    0.503826    5.044868 v filter.x_in[10]_sky130_fd_sc_hd__or2_2_A_B_sky130_fd_sc_hd__xor2_2_X_B_sky130_fd_sc_hd__a31o_2_X_A3_sky130_fd_sc_hd__xnor2_2_Y_A_sky130_fd_sc_hd__o21ai_2_B1_Y_sky130_fd_sc_hd__xnor2_2_A_B_sky130_fd_sc_hd__and3_2_X/X (sky130_fd_sc_hd__and3_1)
                                                         filter.x_in[10]_sky130_fd_sc_hd__or2_2_A_B_sky130_fd_sc_hd__xor2_2_X_B_sky130_fd_sc_hd__a31o_2_X_A3_sky130_fd_sc_hd__xnor2_2_Y_A_sky130_fd_sc_hd__o21ai_2_B1_Y_sky130_fd_sc_hd__xnor2_2_A_B (net)
                      0.142259    0.000608    5.045476 v filter.y_out[0]_sky130_fd_sc_hd__dfrtp_2_Q_D_sky130_fd_sc_hd__xor2_2_X_A_sky130_fd_sc_hd__and3b_2_X_C_sky130_fd_sc_hd__a21o_2_X_B1_sky130_fd_sc_hd__a2bb2o_2_X_A1_N_sky130_fd_sc_hd__o2bb2a_2_X_A1_N_sky130_fd_sc_hd__a32o_2_X_A2_sky130_fd_sc_hd__and4_2_B/C (sky130_fd_sc_hd__and4_1)
     4    0.013100    0.151682    0.505445    5.550920 v filter.y_out[0]_sky130_fd_sc_hd__dfrtp_2_Q_D_sky130_fd_sc_hd__xor2_2_X_A_sky130_fd_sc_hd__and3b_2_X_C_sky130_fd_sc_hd__a21o_2_X_B1_sky130_fd_sc_hd__a2bb2o_2_X_A1_N_sky130_fd_sc_hd__o2bb2a_2_X_A1_N_sky130_fd_sc_hd__a32o_2_X_A2_sky130_fd_sc_hd__and4_2_B/X (sky130_fd_sc_hd__and4_1)
                                                         filter.y_out[0]_sky130_fd_sc_hd__dfrtp_2_Q_D_sky130_fd_sc_hd__xor2_2_X_A_sky130_fd_sc_hd__and3b_2_X_C_sky130_fd_sc_hd__a21o_2_X_B1_sky130_fd_sc_hd__a2bb2o_2_X_A1_N_sky130_fd_sc_hd__o2bb2a_2_X_A1_N_sky130_fd_sc_hd__a32o_2_X_A2_sky130_fd_sc_hd__and4_2_B_X (net)
                      0.151682    0.000498    5.551419 v filter.y_out[0]_sky130_fd_sc_hd__dfrtp_2_Q_D_sky130_fd_sc_hd__xor2_2_X_A_sky130_fd_sc_hd__and3b_2_X_C_sky130_fd_sc_hd__a21o_2_X_B1_sky130_fd_sc_hd__a2bb2o_2_X_B1_sky130_fd_sc_hd__a2bb2o_2_X_B2_sky130_fd_sc_hd__o32a_2_X_A2_sky130_fd_sc_hd__nor3_2_Y/B (sky130_fd_sc_hd__nor3_1)
     3    0.009881    0.560982    0.562457    6.113875 ^ filter.y_out[0]_sky130_fd_sc_hd__dfrtp_2_Q_D_sky130_fd_sc_hd__xor2_2_X_A_sky130_fd_sc_hd__and3b_2_X_C_sky130_fd_sc_hd__a21o_2_X_B1_sky130_fd_sc_hd__a2bb2o_2_X_B1_sky130_fd_sc_hd__a2bb2o_2_X_B2_sky130_fd_sc_hd__o32a_2_X_A2_sky130_fd_sc_hd__nor3_2_Y/Y (sky130_fd_sc_hd__nor3_1)
                                                         filter.y_out[0]_sky130_fd_sc_hd__dfrtp_2_Q_D_sky130_fd_sc_hd__xor2_2_X_A_sky130_fd_sc_hd__and3b_2_X_C_sky130_fd_sc_hd__a21o_2_X_B1_sky130_fd_sc_hd__a2bb2o_2_X_B1_sky130_fd_sc_hd__a2bb2o_2_X_B2_sky130_fd_sc_hd__o32a_2_X_A2 (net)
                      0.560983    0.000686    6.114562 ^ filter.y_out[0]_sky130_fd_sc_hd__dfrtp_2_Q_D_sky130_fd_sc_hd__xor2_2_X_A_sky130_fd_sc_hd__and3b_2_X_C_sky130_fd_sc_hd__a21o_2_X_B1_sky130_fd_sc_hd__a2bb2o_2_X_B1_sky130_fd_sc_hd__a2bb2o_2_X_B2_sky130_fd_sc_hd__o32a_2_X_A2_sky130_fd_sc_hd__and2b_2_A_N/A_N (sky130_fd_sc_hd__and2b_1)
     2    0.006930    0.098946    0.558437    6.672999 v filter.y_out[0]_sky130_fd_sc_hd__dfrtp_2_Q_D_sky130_fd_sc_hd__xor2_2_X_A_sky130_fd_sc_hd__and3b_2_X_C_sky130_fd_sc_hd__a21o_2_X_B1_sky130_fd_sc_hd__a2bb2o_2_X_B1_sky130_fd_sc_hd__a2bb2o_2_X_B2_sky130_fd_sc_hd__o32a_2_X_A2_sky130_fd_sc_hd__and2b_2_A_N/X (sky130_fd_sc_hd__and2b_1)
                                                         filter.y_out[0]_sky130_fd_sc_hd__dfrtp_2_Q_D_sky130_fd_sc_hd__xor2_2_X_A_sky130_fd_sc_hd__and3b_2_X_C_sky130_fd_sc_hd__a21o_2_X_B1_sky130_fd_sc_hd__a2bb2o_2_X_B1_sky130_fd_sc_hd__a2bb2o_2_X_B1_sky130_fd_sc_hd__or3_2_X_C_sky130_fd_sc_hd__o21a_2_X_A1 (net)
                      0.098946    0.000451    6.673450 v filter.y_out[0]_sky130_fd_sc_hd__dfrtp_2_Q_D_sky130_fd_sc_hd__xor2_2_X_A_sky130_fd_sc_hd__and3b_2_X_C_sky130_fd_sc_hd__a21o_2_X_B1_sky130_fd_sc_hd__a2bb2o_2_X_B1_sky130_fd_sc_hd__a2bb2o_2_X_B1_sky130_fd_sc_hd__or3_2_X_C_sky130_fd_sc_hd__o21a_2_X_B1_sky130_fd_sc_hd__a221o_2_X/A1 (sky130_fd_sc_hd__a221o_1)
     1    0.002924    0.092938    0.586840    7.260290 v filter.y_out[0]_sky130_fd_sc_hd__dfrtp_2_Q_D_sky130_fd_sc_hd__xor2_2_X_A_sky130_fd_sc_hd__and3b_2_X_C_sky130_fd_sc_hd__a21o_2_X_B1_sky130_fd_sc_hd__a2bb2o_2_X_B1_sky130_fd_sc_hd__a2bb2o_2_X_B1_sky130_fd_sc_hd__or3_2_X_C_sky130_fd_sc_hd__o21a_2_X_B1_sky130_fd_sc_hd__a221o_2_X/X (sky130_fd_sc_hd__a221o_1)
                                                         filter.y_out[0]_sky130_fd_sc_hd__dfrtp_2_Q_D_sky130_fd_sc_hd__xor2_2_X_A_sky130_fd_sc_hd__and3b_2_X_C_sky130_fd_sc_hd__a21o_2_X_B1_sky130_fd_sc_hd__a2bb2o_2_X_B1_sky130_fd_sc_hd__a2bb2o_2_X_B1_sky130_fd_sc_hd__or3_2_X_C_sky130_fd_sc_hd__o21a_2_X_B1 (net)
                      0.092938    0.000199    7.260489 v filter.y_out[0]_sky130_fd_sc_hd__dfrtp_2_Q_D_sky130_fd_sc_hd__xor2_2_X_A_sky130_fd_sc_hd__and3b_2_X_C_sky130_fd_sc_hd__a21o_2_X_B1_sky130_fd_sc_hd__a2bb2o_2_X_B1_sky130_fd_sc_hd__a2bb2o_2_X_B1_sky130_fd_sc_hd__or3_2_X_C_sky130_fd_sc_hd__o21a_2_X/B1 (sky130_fd_sc_hd__o21a_1)
     2    0.006786    0.099841    0.233994    7.494483 v filter.y_out[0]_sky130_fd_sc_hd__dfrtp_2_Q_D_sky130_fd_sc_hd__xor2_2_X_A_sky130_fd_sc_hd__and3b_2_X_C_sky130_fd_sc_hd__a21o_2_X_B1_sky130_fd_sc_hd__a2bb2o_2_X_B1_sky130_fd_sc_hd__a2bb2o_2_X_B1_sky130_fd_sc_hd__or3_2_X_C_sky130_fd_sc_hd__o21a_2_X/X (sky130_fd_sc_hd__o21a_1)
                                                         filter.y_out[0]_sky130_fd_sc_hd__dfrtp_2_Q_D_sky130_fd_sc_hd__xor2_2_X_A_sky130_fd_sc_hd__and3b_2_X_C_sky130_fd_sc_hd__a21o_2_X_B1_sky130_fd_sc_hd__a2bb2o_2_X_B1_sky130_fd_sc_hd__a2bb2o_2_X_B1_sky130_fd_sc_hd__or3_2_X_C (net)
                      0.099841    0.000459    7.494943 v filter.y_out[0]_sky130_fd_sc_hd__dfrtp_2_Q_D_sky130_fd_sc_hd__xor2_2_X_A_sky130_fd_sc_hd__and3b_2_X_C_sky130_fd_sc_hd__a21o_2_X_B1_sky130_fd_sc_hd__a2bb2o_2_X_B1_sky130_fd_sc_hd__a2bb2o_2_X_B1_sky130_fd_sc_hd__or3_2_X/C (sky130_fd_sc_hd__or3_1)
     1    0.002049    0.126999    0.705397    8.200339 v filter.y_out[0]_sky130_fd_sc_hd__dfrtp_2_Q_D_sky130_fd_sc_hd__xor2_2_X_A_sky130_fd_sc_hd__and3b_2_X_C_sky130_fd_sc_hd__a21o_2_X_B1_sky130_fd_sc_hd__a2bb2o_2_X_B1_sky130_fd_sc_hd__a2bb2o_2_X_B1_sky130_fd_sc_hd__or3_2_X/X (sky130_fd_sc_hd__or3_1)
                                                         filter.y_out[0]_sky130_fd_sc_hd__dfrtp_2_Q_D_sky130_fd_sc_hd__xor2_2_X_A_sky130_fd_sc_hd__and3b_2_X_C_sky130_fd_sc_hd__a21o_2_X_B1_sky130_fd_sc_hd__a2bb2o_2_X_B1_sky130_fd_sc_hd__a2bb2o_2_X_B1 (net)
                      0.126999    0.000146    8.200485 v filter.y_out[0]_sky130_fd_sc_hd__dfrtp_2_Q_D_sky130_fd_sc_hd__xor2_2_X_A_sky130_fd_sc_hd__and3b_2_X_C_sky130_fd_sc_hd__a21o_2_X_B1_sky130_fd_sc_hd__a2bb2o_2_X_B1_sky130_fd_sc_hd__a2bb2o_2_X/B1 (sky130_fd_sc_hd__a2bb2o_1)
     1    0.004046    0.111727    0.622048    8.822534 v filter.y_out[0]_sky130_fd_sc_hd__dfrtp_2_Q_D_sky130_fd_sc_hd__xor2_2_X_A_sky130_fd_sc_hd__and3b_2_X_C_sky130_fd_sc_hd__a21o_2_X_B1_sky130_fd_sc_hd__a2bb2o_2_X_B1_sky130_fd_sc_hd__a2bb2o_2_X/X (sky130_fd_sc_hd__a2bb2o_1)
                                                         filter.y_out[0]_sky130_fd_sc_hd__dfrtp_2_Q_D_sky130_fd_sc_hd__xor2_2_X_A_sky130_fd_sc_hd__and3b_2_X_C_sky130_fd_sc_hd__a21o_2_X_B1_sky130_fd_sc_hd__a2bb2o_2_X_B1 (net)
                      0.111727    0.000286    8.822819 v filter.y_out[0]_sky130_fd_sc_hd__dfrtp_2_Q_D_sky130_fd_sc_hd__xor2_2_X_A_sky130_fd_sc_hd__and3b_2_X_C_sky130_fd_sc_hd__a21o_2_X_B1_sky130_fd_sc_hd__a2bb2o_2_X/B1 (sky130_fd_sc_hd__a2bb2o_1)
     1    0.007669    0.142823    0.656093    9.478912 v filter.y_out[0]_sky130_fd_sc_hd__dfrtp_2_Q_D_sky130_fd_sc_hd__xor2_2_X_A_sky130_fd_sc_hd__and3b_2_X_C_sky130_fd_sc_hd__a21o_2_X_B1_sky130_fd_sc_hd__a2bb2o_2_X/X (sky130_fd_sc_hd__a2bb2o_1)
                                                         filter.y_out[0]_sky130_fd_sc_hd__dfrtp_2_Q_D_sky130_fd_sc_hd__xor2_2_X_A_sky130_fd_sc_hd__and3b_2_X_C_sky130_fd_sc_hd__a21o_2_X_B1 (net)
                      0.142823    0.000410    9.479322 v filter.y_out[0]_sky130_fd_sc_hd__dfrtp_2_Q_D_sky130_fd_sc_hd__xor2_2_X_A_sky130_fd_sc_hd__and3b_2_X_C_sky130_fd_sc_hd__a21o_2_X/B1 (sky130_fd_sc_hd__a21o_1)
     1    0.005249    0.079560    0.327132    9.806455 v filter.y_out[0]_sky130_fd_sc_hd__dfrtp_2_Q_D_sky130_fd_sc_hd__xor2_2_X_A_sky130_fd_sc_hd__and3b_2_X_C_sky130_fd_sc_hd__a21o_2_X/X (sky130_fd_sc_hd__a21o_1)
                                                         filter.y_out[0]_sky130_fd_sc_hd__dfrtp_2_Q_D_sky130_fd_sc_hd__xor2_2_X_A_sky130_fd_sc_hd__and3b_2_X_C (net)
                      0.079606    0.000414    9.806869 v filter.y_out[0]_sky130_fd_sc_hd__dfrtp_2_Q_D_sky130_fd_sc_hd__xor2_2_X_A_sky130_fd_sc_hd__and3b_2_X/C (sky130_fd_sc_hd__and3b_1)
     2    0.009057    0.121424    0.418030   10.224898 v filter.y_out[0]_sky130_fd_sc_hd__dfrtp_2_Q_D_sky130_fd_sc_hd__xor2_2_X_A_sky130_fd_sc_hd__and3b_2_X/X (sky130_fd_sc_hd__and3b_1)
                                                         filter.y_out[0]_sky130_fd_sc_hd__dfrtp_2_Q_D_sky130_fd_sc_hd__xor2_2_X_A (net)
                      0.121425    0.000584   10.225482 v filter.y_out[1]_sky130_fd_sc_hd__dfrtp_2_Q_D_sky130_fd_sc_hd__xor2_2_X_A_sky130_fd_sc_hd__a2bb2o_2_X/B2 (sky130_fd_sc_hd__a2bb2o_2)
     3    0.022072    0.163785    0.603590   10.829072 v filter.y_out[1]_sky130_fd_sc_hd__dfrtp_2_Q_D_sky130_fd_sc_hd__xor2_2_X_A_sky130_fd_sc_hd__a2bb2o_2_X/X (sky130_fd_sc_hd__a2bb2o_2)
                                                         filter.y_out[1]_sky130_fd_sc_hd__dfrtp_2_Q_D_sky130_fd_sc_hd__xor2_2_X_A (net)
                      0.163835    0.002683   10.831756 v filter.y_out[2]_sky130_fd_sc_hd__dfrtp_2_Q_D_sky130_fd_sc_hd__xor2_2_X_B_sky130_fd_sc_hd__a21bo_2_X/A1 (sky130_fd_sc_hd__a21bo_1)
     1    0.005284    0.082391    0.367145   11.198900 v filter.y_out[2]_sky130_fd_sc_hd__dfrtp_2_Q_D_sky130_fd_sc_hd__xor2_2_X_B_sky130_fd_sc_hd__a21bo_2_X/X (sky130_fd_sc_hd__a21bo_1)
                                                         filter.y_out[2]_sky130_fd_sc_hd__dfrtp_2_Q_D_sky130_fd_sc_hd__xor2_2_X_B (net)
                      0.082391    0.000243   11.199143 v filter.y_out[2]_sky130_fd_sc_hd__dfrtp_2_Q_D_sky130_fd_sc_hd__xor2_2_X/B (sky130_fd_sc_hd__xor2_1)
     1    0.005813    0.148310    0.291797   11.490940 v filter.y_out[2]_sky130_fd_sc_hd__dfrtp_2_Q_D_sky130_fd_sc_hd__xor2_2_X/X (sky130_fd_sc_hd__xor2_1)
                                                         filter.y_out[2]_sky130_fd_sc_hd__dfrtp_2_Q_D (net)
                      0.148310    0.000449   11.491388 v filter.y_out[2]_sky130_fd_sc_hd__dfrtp_2_Q/D (sky130_fd_sc_hd__dfrtp_4)
                                             11.491388   data arrival time

                                 30.000000   30.000000   clock clk (rise edge)
                                  0.000000   30.000000   clock source latency
     1    0.042471    0.306377    0.217000   30.216999 ^ clk (in)
                                                         clk (net)
                      0.306741    0.000000   30.216999 ^ clkbuf_0_clk/A (sky130_fd_sc_hd__clkbuf_16)
     8    0.141131    0.236430    0.455319   30.672319 ^ clkbuf_0_clk/X (sky130_fd_sc_hd__clkbuf_16)
                                                         clknet_0_clk (net)
                      0.236864    0.008455   30.680775 ^ clkbuf_3_6__f_clk/A (sky130_fd_sc_hd__clkbuf_16)
     9    0.059836    0.120431    0.346695   31.027470 ^ clkbuf_3_6__f_clk/X (sky130_fd_sc_hd__clkbuf_16)
                                                         clknet_3_6__leaf_clk (net)
                      0.120525    0.003009   31.030479 ^ filter.y_out[2]_sky130_fd_sc_hd__dfrtp_2_Q/CLK (sky130_fd_sc_hd__dfrtp_4)
                                 -0.250000   30.780478   clock uncertainty
                                  0.000000   30.780478   clock reconvergence pessimism
                                 -0.293980   30.486498   library setup time
                                             30.486498   data required time
---------------------------------------------------------------------------------------------
                                             30.486498   data required time
                                            -11.491388   data arrival time
---------------------------------------------------------------------------------------------
                                             18.995110   slack (MET)


Startpoint: spi_sel (input port clocked by clk)
Endpoint: filter.x_in[10]_sky130_fd_sc_hd__dfrtp_2_Q
          (rising edge-triggered flip-flop clocked by clk)
Path Group: clk
Path Type: max

Fanout         Cap        Slew       Delay        Time   Description
---------------------------------------------------------------------------------------------
                                  0.000000    0.000000   clock clk (rise edge)
                                  0.000000    0.000000   clock network delay (propagated)
                                  6.000000    6.000000 v input external delay
     1    0.002732    0.018195    0.009064    6.009064 v spi_sel (in)
                                                         spi_sel (net)
                      0.018196    0.000000    6.009064 v input4/A (sky130_fd_sc_hd__buf_1)
     3    0.012989    0.155965    0.222081    6.231145 v input4/X (sky130_fd_sc_hd__buf_1)
                                                         net4 (net)
                      0.155967    0.000904    6.232049 v spi_sel_sky130_fd_sc_hd__nor3b_2_A/A (sky130_fd_sc_hd__nor3b_1)
     1    0.010654    0.632586    0.645716    6.877766 ^ spi_sel_sky130_fd_sc_hd__nor3b_2_A/Y (sky130_fd_sc_hd__nor3b_1)
                                                         spi_sel_sky130_fd_sc_hd__nor3b_2_A_Y (net)
                      0.632588    0.000977    6.878742 ^ fanout16/A (sky130_fd_sc_hd__clkbuf_8)
     9    0.088633    0.256280    0.595786    7.474528 ^ fanout16/X (sky130_fd_sc_hd__clkbuf_8)
                                                         net16 (net)
                      0.256315    0.002613    7.477141 ^ fanout15/A (sky130_fd_sc_hd__buf_4)
    10    0.070536    0.314905    0.470968    7.948109 ^ fanout15/X (sky130_fd_sc_hd__buf_4)
                                                         net15 (net)
                      0.315177    0.005990    7.954099 ^ spi_in.bit_cnt[1]_sky130_fd_sc_hd__and3_2_A/C (sky130_fd_sc_hd__and3_1)
     4    0.013990    0.235373    0.514292    8.468390 ^ spi_in.bit_cnt[1]_sky130_fd_sc_hd__and3_2_A/X (sky130_fd_sc_hd__and3_1)
                                                         spi_in.bit_cnt[1]_sky130_fd_sc_hd__and3_2_A_X (net)
                      0.235373    0.000548    8.468939 ^ spi_in.bit_cnt[3]_sky130_fd_sc_hd__and3_2_A/C (sky130_fd_sc_hd__and3_1)
     2    0.022730    0.359353    0.580820    9.049759 ^ spi_in.bit_cnt[3]_sky130_fd_sc_hd__and3_2_A/X (sky130_fd_sc_hd__and3_1)
                                                         spi_in.bit_cnt[3]_sky130_fd_sc_hd__and3_2_A_X (net)
                      0.359371    0.002927    9.052685 ^ fanout10/A (sky130_fd_sc_hd__clkbuf_8)
    10    0.104245    0.289717    0.518031    9.570716 ^ fanout10/X (sky130_fd_sc_hd__clkbuf_8)
                                                         net10 (net)
                      0.290487    0.011149    9.581865 ^ filter.x_in[10]_sky130_fd_sc_hd__mux2_1_A0/S (sky130_fd_sc_hd__mux2_1)
     1    0.002275    0.105123    0.764221   10.346087 v filter.x_in[10]_sky130_fd_sc_hd__mux2_1_A0/X (sky130_fd_sc_hd__mux2_1)
                                                         filter.x_in[10]_sky130_fd_sc_hd__dfrtp_2_Q_D (net)
                      0.105123    0.000145   10.346231 v hold44/A (sky130_fd_sc_hd__dlygate4sd3_1)
     1    0.002663    0.104493    1.137597   11.483828 v hold44/X (sky130_fd_sc_hd__dlygate4sd3_1)
                                                         net79 (net)
                      0.104493    0.000171   11.483999 v filter.x_in[10]_sky130_fd_sc_hd__dfrtp_2_Q/D (sky130_fd_sc_hd__dfrtp_1)
                                             11.483999   data arrival time

                                 30.000000   30.000000   clock clk (rise edge)
                                  0.000000   30.000000   clock source latency
     1    0.042471    0.306377    0.217000   30.216999 ^ clk (in)
                                                         clk (net)
                      0.306741    0.000000   30.216999 ^ clkbuf_0_clk/A (sky130_fd_sc_hd__clkbuf_16)
     8    0.141131    0.236430    0.455319   30.672319 ^ clkbuf_0_clk/X (sky130_fd_sc_hd__clkbuf_16)
                                                         clknet_0_clk (net)
                      0.239060    0.020002   30.692320 ^ clkbuf_3_0__f_clk/A (sky130_fd_sc_hd__clkbuf_16)
    10    0.042464    0.097118    0.329216   31.021536 ^ clkbuf_3_0__f_clk/X (sky130_fd_sc_hd__clkbuf_16)
                                                         clknet_3_0__leaf_clk (net)
                      0.097200    0.001602   31.023138 ^ filter.x_in[10]_sky130_fd_sc_hd__dfrtp_2_Q/CLK (sky130_fd_sc_hd__dfrtp_1)
                                 -0.250000   30.773138   clock uncertainty
                                  0.000000   30.773138   clock reconvergence pessimism
                                 -0.283694   30.489443   library setup time
                                             30.489443   data required time
---------------------------------------------------------------------------------------------
                                             30.489443   data required time
                                            -11.483999   data arrival time
---------------------------------------------------------------------------------------------
                                             19.005445   slack (MET)


Startpoint: spi_sel (input port clocked by clk)
Endpoint: filter.x_in[5]_sky130_fd_sc_hd__dfrtp_2_Q
          (rising edge-triggered flip-flop clocked by clk)
Path Group: clk
Path Type: max

Fanout         Cap        Slew       Delay        Time   Description
---------------------------------------------------------------------------------------------
                                  0.000000    0.000000   clock clk (rise edge)
                                  0.000000    0.000000   clock network delay (propagated)
                                  6.000000    6.000000 v input external delay
     1    0.002732    0.018195    0.009064    6.009064 v spi_sel (in)
                                                         spi_sel (net)
                      0.018196    0.000000    6.009064 v input4/A (sky130_fd_sc_hd__buf_1)
     3    0.012989    0.155965    0.222081    6.231145 v input4/X (sky130_fd_sc_hd__buf_1)
                                                         net4 (net)
                      0.155967    0.000904    6.232049 v spi_sel_sky130_fd_sc_hd__nor3b_2_A/A (sky130_fd_sc_hd__nor3b_1)
     1    0.010654    0.632586    0.645716    6.877766 ^ spi_sel_sky130_fd_sc_hd__nor3b_2_A/Y (sky130_fd_sc_hd__nor3b_1)
                                                         spi_sel_sky130_fd_sc_hd__nor3b_2_A_Y (net)
                      0.632588    0.000977    6.878742 ^ fanout16/A (sky130_fd_sc_hd__clkbuf_8)
     9    0.088633    0.256280    0.595786    7.474528 ^ fanout16/X (sky130_fd_sc_hd__clkbuf_8)
                                                         net16 (net)
                      0.256315    0.002613    7.477141 ^ fanout15/A (sky130_fd_sc_hd__buf_4)
    10    0.070536    0.314905    0.470968    7.948109 ^ fanout15/X (sky130_fd_sc_hd__buf_4)
                                                         net15 (net)
                      0.315177    0.005990    7.954099 ^ spi_in.bit_cnt[1]_sky130_fd_sc_hd__and3_2_A/C (sky130_fd_sc_hd__and3_1)
     4    0.013990    0.235373    0.514292    8.468390 ^ spi_in.bit_cnt[1]_sky130_fd_sc_hd__and3_2_A/X (sky130_fd_sc_hd__and3_1)
                                                         spi_in.bit_cnt[1]_sky130_fd_sc_hd__and3_2_A_X (net)
                      0.235373    0.000548    8.468939 ^ spi_in.bit_cnt[3]_sky130_fd_sc_hd__and3_2_A/C (sky130_fd_sc_hd__and3_1)
     2    0.022730    0.359353    0.580820    9.049759 ^ spi_in.bit_cnt[3]_sky130_fd_sc_hd__and3_2_A/X (sky130_fd_sc_hd__and3_1)
                                                         spi_in.bit_cnt[3]_sky130_fd_sc_hd__and3_2_A_X (net)
                      0.359353    0.001117    9.050876 ^ fanout11/A (sky130_fd_sc_hd__buf_4)
     8    0.078758    0.349248    0.536260    9.587136 ^ fanout11/X (sky130_fd_sc_hd__buf_4)
                                                         net11 (net)
                      0.349527    0.005989    9.593124 ^ filter.x_in[5]_sky130_fd_sc_hd__mux2_1_A0/S (sky130_fd_sc_hd__mux2_1)
     1    0.001720    0.099575    0.770364   10.363489 v filter.x_in[5]_sky130_fd_sc_hd__mux2_1_A0/X (sky130_fd_sc_hd__mux2_1)
                                                         filter.x_in[5]_sky130_fd_sc_hd__dfrtp_2_Q_D (net)
                      0.099575    0.000078   10.363567 v hold33/A (sky130_fd_sc_hd__dlygate4sd3_1)
     1    0.002159    0.100405    1.126364   11.489931 v hold33/X (sky130_fd_sc_hd__dlygate4sd3_1)
                                                         net68 (net)
                      0.100405    0.000151   11.490082 v filter.x_in[5]_sky130_fd_sc_hd__dfrtp_2_Q/D (sky130_fd_sc_hd__dfrtp_1)
                                             11.490082   data arrival time

                                 30.000000   30.000000   clock clk (rise edge)
                                  0.000000   30.000000   clock source latency
     1    0.042471    0.306377    0.217000   30.216999 ^ clk (in)
                                                         clk (net)
                      0.306741    0.000000   30.216999 ^ clkbuf_0_clk/A (sky130_fd_sc_hd__clkbuf_16)
     8    0.141131    0.236430    0.455319   30.672319 ^ clkbuf_0_clk/X (sky130_fd_sc_hd__clkbuf_16)
                                                         clknet_0_clk (net)
                      0.238580    0.018154   30.690474 ^ clkbuf_3_5__f_clk/A (sky130_fd_sc_hd__clkbuf_16)
    13    0.053542    0.111953    0.340858   31.031332 ^ clkbuf_3_5__f_clk/X (sky130_fd_sc_hd__clkbuf_16)
                                                         clknet_3_5__leaf_clk (net)
                      0.112021    0.002455   31.033787 ^ filter.x_in[5]_sky130_fd_sc_hd__dfrtp_2_Q/CLK (sky130_fd_sc_hd__dfrtp_1)
                                 -0.250000   30.783785   clock uncertainty
                                  0.000000   30.783785   clock reconvergence pessimism
                                 -0.278037   30.505751   library setup time
                                             30.505751   data required time
---------------------------------------------------------------------------------------------
                                             30.505751   data required time
                                            -11.490082   data arrival time
---------------------------------------------------------------------------------------------
                                             19.015667   slack (MET)


Startpoint: spi_sel (input port clocked by clk)
Endpoint: filter.x_in[13]_sky130_fd_sc_hd__dfrtp_2_Q
          (rising edge-triggered flip-flop clocked by clk)
Path Group: clk
Path Type: max

Fanout         Cap        Slew       Delay        Time   Description
---------------------------------------------------------------------------------------------
                                  0.000000    0.000000   clock clk (rise edge)
                                  0.000000    0.000000   clock network delay (propagated)
                                  6.000000    6.000000 v input external delay
     1    0.002732    0.018195    0.009064    6.009064 v spi_sel (in)
                                                         spi_sel (net)
                      0.018196    0.000000    6.009064 v input4/A (sky130_fd_sc_hd__buf_1)
     3    0.012989    0.155965    0.222081    6.231145 v input4/X (sky130_fd_sc_hd__buf_1)
                                                         net4 (net)
                      0.155967    0.000904    6.232049 v spi_sel_sky130_fd_sc_hd__nor3b_2_A/A (sky130_fd_sc_hd__nor3b_1)
     1    0.010654    0.632586    0.645716    6.877766 ^ spi_sel_sky130_fd_sc_hd__nor3b_2_A/Y (sky130_fd_sc_hd__nor3b_1)
                                                         spi_sel_sky130_fd_sc_hd__nor3b_2_A_Y (net)
                      0.632588    0.000977    6.878742 ^ fanout16/A (sky130_fd_sc_hd__clkbuf_8)
     9    0.088633    0.256280    0.595786    7.474528 ^ fanout16/X (sky130_fd_sc_hd__clkbuf_8)
                                                         net16 (net)
                      0.256315    0.002613    7.477141 ^ fanout15/A (sky130_fd_sc_hd__buf_4)
    10    0.070536    0.314905    0.470968    7.948109 ^ fanout15/X (sky130_fd_sc_hd__buf_4)
                                                         net15 (net)
                      0.315177    0.005990    7.954099 ^ spi_in.bit_cnt[1]_sky130_fd_sc_hd__and3_2_A/C (sky130_fd_sc_hd__and3_1)
     4    0.013990    0.235373    0.514292    8.468390 ^ spi_in.bit_cnt[1]_sky130_fd_sc_hd__and3_2_A/X (sky130_fd_sc_hd__and3_1)
                                                         spi_in.bit_cnt[1]_sky130_fd_sc_hd__and3_2_A_X (net)
                      0.235373    0.000548    8.468939 ^ spi_in.bit_cnt[3]_sky130_fd_sc_hd__and3_2_A/C (sky130_fd_sc_hd__and3_1)
     2    0.022730    0.359353    0.580820    9.049759 ^ spi_in.bit_cnt[3]_sky130_fd_sc_hd__and3_2_A/X (sky130_fd_sc_hd__and3_1)
                                                         spi_in.bit_cnt[3]_sky130_fd_sc_hd__and3_2_A_X (net)
                      0.359371    0.002927    9.052685 ^ fanout10/A (sky130_fd_sc_hd__clkbuf_8)
    10    0.104245    0.289717    0.518031    9.570716 ^ fanout10/X (sky130_fd_sc_hd__clkbuf_8)
                                                         net10 (net)
                      0.290856    0.013921    9.584638 ^ filter.x_in[13]_sky130_fd_sc_hd__mux2_1_A0/S (sky130_fd_sc_hd__mux2_1)
     1    0.002458    0.106619    0.767460   10.352098 v filter.x_in[13]_sky130_fd_sc_hd__mux2_1_A0/X (sky130_fd_sc_hd__mux2_1)
                                                         filter.x_in[13]_sky130_fd_sc_hd__dfrtp_2_Q_D (net)
                      0.106619    0.000164   10.352262 v hold37/A (sky130_fd_sc_hd__dlygate4sd3_1)
     1    0.002216    0.100967    1.130748   11.483009 v hold37/X (sky130_fd_sc_hd__dlygate4sd3_1)
                                                         net72 (net)
                      0.100967    0.000155   11.483164 v filter.x_in[13]_sky130_fd_sc_hd__dfrtp_2_Q/D (sky130_fd_sc_hd__dfrtp_1)
                                             11.483164   data arrival time

                                 30.000000   30.000000   clock clk (rise edge)
                                  0.000000   30.000000   clock source latency
     1    0.042471    0.306377    0.217000   30.216999 ^ clk (in)
                                                         clk (net)
                      0.306741    0.000000   30.216999 ^ clkbuf_0_clk/A (sky130_fd_sc_hd__clkbuf_16)
     8    0.141131    0.236430    0.455319   30.672319 ^ clkbuf_0_clk/X (sky130_fd_sc_hd__clkbuf_16)
                                                         clknet_0_clk (net)
                      0.239769    0.022450   30.694769 ^ clkbuf_3_3__f_clk/A (sky130_fd_sc_hd__clkbuf_16)
     6    0.047673    0.104277    0.334929   31.029697 ^ clkbuf_3_3__f_clk/X (sky130_fd_sc_hd__clkbuf_16)
                                                         clknet_3_3__leaf_clk (net)
                      0.104453    0.003595   31.033293 ^ filter.x_in[13]_sky130_fd_sc_hd__dfrtp_2_Q/CLK (sky130_fd_sc_hd__dfrtp_1)
                                 -0.250000   30.783291   clock uncertainty
                                  0.000000   30.783291   clock reconvergence pessimism
                                 -0.280290   30.503004   library setup time
                                             30.503004   data required time
---------------------------------------------------------------------------------------------
                                             30.503004   data required time
                                            -11.483164   data arrival time
---------------------------------------------------------------------------------------------
                                             19.019840   slack (MET)


Startpoint: spi_sel (input port clocked by clk)
Endpoint: filter.x_in[14]_sky130_fd_sc_hd__dfrtp_2_Q
          (rising edge-triggered flip-flop clocked by clk)
Path Group: clk
Path Type: max

Fanout         Cap        Slew       Delay        Time   Description
---------------------------------------------------------------------------------------------
                                  0.000000    0.000000   clock clk (rise edge)
                                  0.000000    0.000000   clock network delay (propagated)
                                  6.000000    6.000000 v input external delay
     1    0.002732    0.018195    0.009064    6.009064 v spi_sel (in)
                                                         spi_sel (net)
                      0.018196    0.000000    6.009064 v input4/A (sky130_fd_sc_hd__buf_1)
     3    0.012989    0.155965    0.222081    6.231145 v input4/X (sky130_fd_sc_hd__buf_1)
                                                         net4 (net)
                      0.155967    0.000904    6.232049 v spi_sel_sky130_fd_sc_hd__nor3b_2_A/A (sky130_fd_sc_hd__nor3b_1)
     1    0.010654    0.632586    0.645716    6.877766 ^ spi_sel_sky130_fd_sc_hd__nor3b_2_A/Y (sky130_fd_sc_hd__nor3b_1)
                                                         spi_sel_sky130_fd_sc_hd__nor3b_2_A_Y (net)
                      0.632588    0.000977    6.878742 ^ fanout16/A (sky130_fd_sc_hd__clkbuf_8)
     9    0.088633    0.256280    0.595786    7.474528 ^ fanout16/X (sky130_fd_sc_hd__clkbuf_8)
                                                         net16 (net)
                      0.256315    0.002613    7.477141 ^ fanout15/A (sky130_fd_sc_hd__buf_4)
    10    0.070536    0.314905    0.470968    7.948109 ^ fanout15/X (sky130_fd_sc_hd__buf_4)
                                                         net15 (net)
                      0.315177    0.005990    7.954099 ^ spi_in.bit_cnt[1]_sky130_fd_sc_hd__and3_2_A/C (sky130_fd_sc_hd__and3_1)
     4    0.013990    0.235373    0.514292    8.468390 ^ spi_in.bit_cnt[1]_sky130_fd_sc_hd__and3_2_A/X (sky130_fd_sc_hd__and3_1)
                                                         spi_in.bit_cnt[1]_sky130_fd_sc_hd__and3_2_A_X (net)
                      0.235373    0.000548    8.468939 ^ spi_in.bit_cnt[3]_sky130_fd_sc_hd__and3_2_A/C (sky130_fd_sc_hd__and3_1)
     2    0.022730    0.359353    0.580820    9.049759 ^ spi_in.bit_cnt[3]_sky130_fd_sc_hd__and3_2_A/X (sky130_fd_sc_hd__and3_1)
                                                         spi_in.bit_cnt[3]_sky130_fd_sc_hd__and3_2_A_X (net)
                      0.359371    0.002927    9.052685 ^ fanout10/A (sky130_fd_sc_hd__clkbuf_8)
    10    0.104245    0.289717    0.518031    9.570716 ^ fanout10/X (sky130_fd_sc_hd__clkbuf_8)
                                                         net10 (net)
                      0.290898    0.014198    9.584913 ^ filter.x_in[14]_sky130_fd_sc_hd__mux2_1_A0/S (sky130_fd_sc_hd__mux2_1)
     1    0.002345    0.105547    0.765543   10.350457 v filter.x_in[14]_sky130_fd_sc_hd__mux2_1_A0/X (sky130_fd_sc_hd__mux2_1)
                                                         filter.x_in[14]_sky130_fd_sc_hd__dfrtp_2_Q_D (net)
                      0.105547    0.000146   10.350602 v hold26/A (sky130_fd_sc_hd__dlygate4sd3_1)
     1    0.002497    0.103239    1.134992   11.485594 v hold26/X (sky130_fd_sc_hd__dlygate4sd3_1)
                                                         net61 (net)
                      0.103239    0.000165   11.485760 v filter.x_in[14]_sky130_fd_sc_hd__dfrtp_2_Q/D (sky130_fd_sc_hd__dfrtp_1)
                                             11.485760   data arrival time

                                 30.000000   30.000000   clock clk (rise edge)
                                  0.000000   30.000000   clock source latency
     1    0.042471    0.306377    0.217000   30.216999 ^ clk (in)
                                                         clk (net)
                      0.306741    0.000000   30.216999 ^ clkbuf_0_clk/A (sky130_fd_sc_hd__clkbuf_16)
     8    0.141131    0.236430    0.455319   30.672319 ^ clkbuf_0_clk/X (sky130_fd_sc_hd__clkbuf_16)
                                                         clknet_0_clk (net)
                      0.239980    0.023128   30.695448 ^ clkbuf_3_2__f_clk/A (sky130_fd_sc_hd__clkbuf_16)
     9    0.050824    0.108508    0.338403   31.033850 ^ clkbuf_3_2__f_clk/X (sky130_fd_sc_hd__clkbuf_16)
                                                         clknet_3_2__leaf_clk (net)
                      0.108544    0.001975   31.035826 ^ filter.x_in[14]_sky130_fd_sc_hd__dfrtp_2_Q/CLK (sky130_fd_sc_hd__dfrtp_1)
                                 -0.250000   30.785824   clock uncertainty
                                  0.000000   30.785824   clock reconvergence pessimism
                                 -0.280145   30.505678   library setup time
                                             30.505678   data required time
---------------------------------------------------------------------------------------------
                                             30.505678   data required time
                                            -11.485760   data arrival time
---------------------------------------------------------------------------------------------
                                             19.019918   slack (MET)


Startpoint: filter.y_out[2]_sky130_fd_sc_hd__dfrtp_2_Q
            (rising edge-triggered flip-flop clocked by clk)
Endpoint: filter.y_out[1]_sky130_fd_sc_hd__dfrtp_2_Q
          (rising edge-triggered flip-flop clocked by clk)
Path Group: clk
Path Type: max

Fanout         Cap        Slew       Delay        Time   Description
---------------------------------------------------------------------------------------------
                                  0.000000    0.000000   clock clk (rise edge)
                                  0.000000    0.000000   clock source latency
     1    0.042471    0.306377    0.216999    0.216999 ^ clk (in)
                                                         clk (net)
                      0.306741    0.000000    0.216999 ^ clkbuf_0_clk/A (sky130_fd_sc_hd__clkbuf_16)
     8    0.141131    0.236430    0.455319    0.672318 ^ clkbuf_0_clk/X (sky130_fd_sc_hd__clkbuf_16)
                                                         clknet_0_clk (net)
                      0.236864    0.008456    0.680773 ^ clkbuf_3_6__f_clk/A (sky130_fd_sc_hd__clkbuf_16)
     9    0.059836    0.120431    0.346696    1.027470 ^ clkbuf_3_6__f_clk/X (sky130_fd_sc_hd__clkbuf_16)
                                                         clknet_3_6__leaf_clk (net)
                      0.120525    0.003008    1.030478 ^ filter.y_out[2]_sky130_fd_sc_hd__dfrtp_2_Q/CLK (sky130_fd_sc_hd__dfrtp_4)
     6    0.071795    0.278885    1.203707    2.234185 v filter.y_out[2]_sky130_fd_sc_hd__dfrtp_2_Q/Q (sky130_fd_sc_hd__dfrtp_4)
                                                         filter.y_out[2] (net)
                      0.280155    0.016224    2.250408 v filter.y_out[2]_sky130_fd_sc_hd__xor2_2_A/A (sky130_fd_sc_hd__xor2_4)
     4    0.036535    0.454285    0.560629    2.811038 ^ filter.y_out[2]_sky130_fd_sc_hd__xor2_2_A/X (sky130_fd_sc_hd__xor2_4)
                                                         filter.x_in[2]_sky130_fd_sc_hd__inv_2_A_Y_sky130_fd_sc_hd__o2bb2ai_2_B2_A2_N_sky130_fd_sc_hd__a21o_2_B1_A2 (net)
                      0.454285    0.001167    2.812204 ^ filter.y_out[1]_sky130_fd_sc_hd__xor2_2_A/B (sky130_fd_sc_hd__xor2_4)
    10    0.051116    0.291351    0.418404    3.230608 v filter.y_out[1]_sky130_fd_sc_hd__xor2_2_A/X (sky130_fd_sc_hd__xor2_4)
                                                         filter.y_out[1]_sky130_fd_sc_hd__xor2_2_A_X (net)
                      0.291351    0.001168    3.231776 v filter.x_in[10]_sky130_fd_sc_hd__or2_2_A_B_sky130_fd_sc_hd__xor2_2_X_B_sky130_fd_sc_hd__a31o_2_X_A3_sky130_fd_sc_hd__xnor2_2_Y_A_sky130_fd_sc_hd__o21ai_2_B1_Y_sky130_fd_sc_hd__xnor2_2_A_B_sky130_fd_sc_hd__and3_2_X_B_sky130_fd_sc_hd__or3_2_X/B (sky130_fd_sc_hd__or3_2)
     5    0.021115    0.265376    1.306969    4.538744 v filter.x_in[10]_sky130_fd_sc_hd__or2_2_A_B_sky130_fd_sc_hd__xor2_2_X_B_sky130_fd_sc_hd__a31o_2_X_A3_sky130_fd_sc_hd__xnor2_2_Y_A_sky130_fd_sc_hd__o21ai_2_B1_Y_sky130_fd_sc_hd__xnor2_2_A_B_sky130_fd_sc_hd__and3_2_X_B_sky130_fd_sc_hd__or3_2_X/X (sky130_fd_sc_hd__or3_2)
                                                         filter.x_in[10]_sky130_fd_sc_hd__or2_2_A_B_sky130_fd_sc_hd__xor2_2_X_B_sky130_fd_sc_hd__a31o_2_X_A3_sky130_fd_sc_hd__xnor2_2_Y_A_sky130_fd_sc_hd__o21ai_2_B1_Y_sky130_fd_sc_hd__xnor2_2_A_B_sky130_fd_sc_hd__and3_2_X_B (net)
                      0.265376    0.002297    4.541042 v filter.x_in[10]_sky130_fd_sc_hd__or2_2_A_B_sky130_fd_sc_hd__xor2_2_X_B_sky130_fd_sc_hd__a31o_2_X_A3_sky130_fd_sc_hd__xnor2_2_Y_A_sky130_fd_sc_hd__o21ai_2_B1_Y_sky130_fd_sc_hd__xnor2_2_A_B_sky130_fd_sc_hd__and3_2_X/B (sky130_fd_sc_hd__and3_1)
     3    0.011413    0.142259    0.503826    5.044868 v filter.x_in[10]_sky130_fd_sc_hd__or2_2_A_B_sky130_fd_sc_hd__xor2_2_X_B_sky130_fd_sc_hd__a31o_2_X_A3_sky130_fd_sc_hd__xnor2_2_Y_A_sky130_fd_sc_hd__o21ai_2_B1_Y_sky130_fd_sc_hd__xnor2_2_A_B_sky130_fd_sc_hd__and3_2_X/X (sky130_fd_sc_hd__and3_1)
                                                         filter.x_in[10]_sky130_fd_sc_hd__or2_2_A_B_sky130_fd_sc_hd__xor2_2_X_B_sky130_fd_sc_hd__a31o_2_X_A3_sky130_fd_sc_hd__xnor2_2_Y_A_sky130_fd_sc_hd__o21ai_2_B1_Y_sky130_fd_sc_hd__xnor2_2_A_B (net)
                      0.142259    0.000608    5.045476 v filter.y_out[0]_sky130_fd_sc_hd__dfrtp_2_Q_D_sky130_fd_sc_hd__xor2_2_X_A_sky130_fd_sc_hd__and3b_2_X_C_sky130_fd_sc_hd__a21o_2_X_B1_sky130_fd_sc_hd__a2bb2o_2_X_A1_N_sky130_fd_sc_hd__o2bb2a_2_X_A1_N_sky130_fd_sc_hd__a32o_2_X_A2_sky130_fd_sc_hd__and4_2_B/C (sky130_fd_sc_hd__and4_1)
     4    0.013100    0.151682    0.505445    5.550920 v filter.y_out[0]_sky130_fd_sc_hd__dfrtp_2_Q_D_sky130_fd_sc_hd__xor2_2_X_A_sky130_fd_sc_hd__and3b_2_X_C_sky130_fd_sc_hd__a21o_2_X_B1_sky130_fd_sc_hd__a2bb2o_2_X_A1_N_sky130_fd_sc_hd__o2bb2a_2_X_A1_N_sky130_fd_sc_hd__a32o_2_X_A2_sky130_fd_sc_hd__and4_2_B/X (sky130_fd_sc_hd__and4_1)
                                                         filter.y_out[0]_sky130_fd_sc_hd__dfrtp_2_Q_D_sky130_fd_sc_hd__xor2_2_X_A_sky130_fd_sc_hd__and3b_2_X_C_sky130_fd_sc_hd__a21o_2_X_B1_sky130_fd_sc_hd__a2bb2o_2_X_A1_N_sky130_fd_sc_hd__o2bb2a_2_X_A1_N_sky130_fd_sc_hd__a32o_2_X_A2_sky130_fd_sc_hd__and4_2_B_X (net)
                      0.151682    0.000498    5.551419 v filter.y_out[0]_sky130_fd_sc_hd__dfrtp_2_Q_D_sky130_fd_sc_hd__xor2_2_X_A_sky130_fd_sc_hd__and3b_2_X_C_sky130_fd_sc_hd__a21o_2_X_B1_sky130_fd_sc_hd__a2bb2o_2_X_B1_sky130_fd_sc_hd__a2bb2o_2_X_B2_sky130_fd_sc_hd__o32a_2_X_A2_sky130_fd_sc_hd__nor3_2_Y/B (sky130_fd_sc_hd__nor3_1)
     3    0.009881    0.560982    0.562457    6.113875 ^ filter.y_out[0]_sky130_fd_sc_hd__dfrtp_2_Q_D_sky130_fd_sc_hd__xor2_2_X_A_sky130_fd_sc_hd__and3b_2_X_C_sky130_fd_sc_hd__a21o_2_X_B1_sky130_fd_sc_hd__a2bb2o_2_X_B1_sky130_fd_sc_hd__a2bb2o_2_X_B2_sky130_fd_sc_hd__o32a_2_X_A2_sky130_fd_sc_hd__nor3_2_Y/Y (sky130_fd_sc_hd__nor3_1)
                                                         filter.y_out[0]_sky130_fd_sc_hd__dfrtp_2_Q_D_sky130_fd_sc_hd__xor2_2_X_A_sky130_fd_sc_hd__and3b_2_X_C_sky130_fd_sc_hd__a21o_2_X_B1_sky130_fd_sc_hd__a2bb2o_2_X_B1_sky130_fd_sc_hd__a2bb2o_2_X_B2_sky130_fd_sc_hd__o32a_2_X_A2 (net)
                      0.560983    0.000686    6.114562 ^ filter.y_out[0]_sky130_fd_sc_hd__dfrtp_2_Q_D_sky130_fd_sc_hd__xor2_2_X_A_sky130_fd_sc_hd__and3b_2_X_C_sky130_fd_sc_hd__a21o_2_X_B1_sky130_fd_sc_hd__a2bb2o_2_X_B1_sky130_fd_sc_hd__a2bb2o_2_X_B2_sky130_fd_sc_hd__o32a_2_X_A2_sky130_fd_sc_hd__and2b_2_A_N/A_N (sky130_fd_sc_hd__and2b_1)
     2    0.006930    0.098946    0.558437    6.672999 v filter.y_out[0]_sky130_fd_sc_hd__dfrtp_2_Q_D_sky130_fd_sc_hd__xor2_2_X_A_sky130_fd_sc_hd__and3b_2_X_C_sky130_fd_sc_hd__a21o_2_X_B1_sky130_fd_sc_hd__a2bb2o_2_X_B1_sky130_fd_sc_hd__a2bb2o_2_X_B2_sky130_fd_sc_hd__o32a_2_X_A2_sky130_fd_sc_hd__and2b_2_A_N/X (sky130_fd_sc_hd__and2b_1)
                                                         filter.y_out[0]_sky130_fd_sc_hd__dfrtp_2_Q_D_sky130_fd_sc_hd__xor2_2_X_A_sky130_fd_sc_hd__and3b_2_X_C_sky130_fd_sc_hd__a21o_2_X_B1_sky130_fd_sc_hd__a2bb2o_2_X_B1_sky130_fd_sc_hd__a2bb2o_2_X_B1_sky130_fd_sc_hd__or3_2_X_C_sky130_fd_sc_hd__o21a_2_X_A1 (net)
                      0.098946    0.000451    6.673450 v filter.y_out[0]_sky130_fd_sc_hd__dfrtp_2_Q_D_sky130_fd_sc_hd__xor2_2_X_A_sky130_fd_sc_hd__and3b_2_X_C_sky130_fd_sc_hd__a21o_2_X_B1_sky130_fd_sc_hd__a2bb2o_2_X_B1_sky130_fd_sc_hd__a2bb2o_2_X_B1_sky130_fd_sc_hd__or3_2_X_C_sky130_fd_sc_hd__o21a_2_X_B1_sky130_fd_sc_hd__a221o_2_X/A1 (sky130_fd_sc_hd__a221o_1)
     1    0.002924    0.092938    0.586840    7.260290 v filter.y_out[0]_sky130_fd_sc_hd__dfrtp_2_Q_D_sky130_fd_sc_hd__xor2_2_X_A_sky130_fd_sc_hd__and3b_2_X_C_sky130_fd_sc_hd__a21o_2_X_B1_sky130_fd_sc_hd__a2bb2o_2_X_B1_sky130_fd_sc_hd__a2bb2o_2_X_B1_sky130_fd_sc_hd__or3_2_X_C_sky130_fd_sc_hd__o21a_2_X_B1_sky130_fd_sc_hd__a221o_2_X/X (sky130_fd_sc_hd__a221o_1)
                                                         filter.y_out[0]_sky130_fd_sc_hd__dfrtp_2_Q_D_sky130_fd_sc_hd__xor2_2_X_A_sky130_fd_sc_hd__and3b_2_X_C_sky130_fd_sc_hd__a21o_2_X_B1_sky130_fd_sc_hd__a2bb2o_2_X_B1_sky130_fd_sc_hd__a2bb2o_2_X_B1_sky130_fd_sc_hd__or3_2_X_C_sky130_fd_sc_hd__o21a_2_X_B1 (net)
                      0.092938    0.000199    7.260489 v filter.y_out[0]_sky130_fd_sc_hd__dfrtp_2_Q_D_sky130_fd_sc_hd__xor2_2_X_A_sky130_fd_sc_hd__and3b_2_X_C_sky130_fd_sc_hd__a21o_2_X_B1_sky130_fd_sc_hd__a2bb2o_2_X_B1_sky130_fd_sc_hd__a2bb2o_2_X_B1_sky130_fd_sc_hd__or3_2_X_C_sky130_fd_sc_hd__o21a_2_X/B1 (sky130_fd_sc_hd__o21a_1)
     2    0.006786    0.099841    0.233994    7.494483 v filter.y_out[0]_sky130_fd_sc_hd__dfrtp_2_Q_D_sky130_fd_sc_hd__xor2_2_X_A_sky130_fd_sc_hd__and3b_2_X_C_sky130_fd_sc_hd__a21o_2_X_B1_sky130_fd_sc_hd__a2bb2o_2_X_B1_sky130_fd_sc_hd__a2bb2o_2_X_B1_sky130_fd_sc_hd__or3_2_X_C_sky130_fd_sc_hd__o21a_2_X/X (sky130_fd_sc_hd__o21a_1)
                                                         filter.y_out[0]_sky130_fd_sc_hd__dfrtp_2_Q_D_sky130_fd_sc_hd__xor2_2_X_A_sky130_fd_sc_hd__and3b_2_X_C_sky130_fd_sc_hd__a21o_2_X_B1_sky130_fd_sc_hd__a2bb2o_2_X_B1_sky130_fd_sc_hd__a2bb2o_2_X_B1_sky130_fd_sc_hd__or3_2_X_C (net)
                      0.099841    0.000459    7.494943 v filter.y_out[0]_sky130_fd_sc_hd__dfrtp_2_Q_D_sky130_fd_sc_hd__xor2_2_X_A_sky130_fd_sc_hd__and3b_2_X_C_sky130_fd_sc_hd__a21o_2_X_B1_sky130_fd_sc_hd__a2bb2o_2_X_B1_sky130_fd_sc_hd__a2bb2o_2_X_B1_sky130_fd_sc_hd__or3_2_X/C (sky130_fd_sc_hd__or3_1)
     1    0.002049    0.126999    0.705397    8.200339 v filter.y_out[0]_sky130_fd_sc_hd__dfrtp_2_Q_D_sky130_fd_sc_hd__xor2_2_X_A_sky130_fd_sc_hd__and3b_2_X_C_sky130_fd_sc_hd__a21o_2_X_B1_sky130_fd_sc_hd__a2bb2o_2_X_B1_sky130_fd_sc_hd__a2bb2o_2_X_B1_sky130_fd_sc_hd__or3_2_X/X (sky130_fd_sc_hd__or3_1)
                                                         filter.y_out[0]_sky130_fd_sc_hd__dfrtp_2_Q_D_sky130_fd_sc_hd__xor2_2_X_A_sky130_fd_sc_hd__and3b_2_X_C_sky130_fd_sc_hd__a21o_2_X_B1_sky130_fd_sc_hd__a2bb2o_2_X_B1_sky130_fd_sc_hd__a2bb2o_2_X_B1 (net)
                      0.126999    0.000146    8.200485 v filter.y_out[0]_sky130_fd_sc_hd__dfrtp_2_Q_D_sky130_fd_sc_hd__xor2_2_X_A_sky130_fd_sc_hd__and3b_2_X_C_sky130_fd_sc_hd__a21o_2_X_B1_sky130_fd_sc_hd__a2bb2o_2_X_B1_sky130_fd_sc_hd__a2bb2o_2_X/B1 (sky130_fd_sc_hd__a2bb2o_1)
     1    0.004046    0.111727    0.622048    8.822534 v filter.y_out[0]_sky130_fd_sc_hd__dfrtp_2_Q_D_sky130_fd_sc_hd__xor2_2_X_A_sky130_fd_sc_hd__and3b_2_X_C_sky130_fd_sc_hd__a21o_2_X_B1_sky130_fd_sc_hd__a2bb2o_2_X_B1_sky130_fd_sc_hd__a2bb2o_2_X/X (sky130_fd_sc_hd__a2bb2o_1)
                                                         filter.y_out[0]_sky130_fd_sc_hd__dfrtp_2_Q_D_sky130_fd_sc_hd__xor2_2_X_A_sky130_fd_sc_hd__and3b_2_X_C_sky130_fd_sc_hd__a21o_2_X_B1_sky130_fd_sc_hd__a2bb2o_2_X_B1 (net)
                      0.111727    0.000286    8.822819 v filter.y_out[0]_sky130_fd_sc_hd__dfrtp_2_Q_D_sky130_fd_sc_hd__xor2_2_X_A_sky130_fd_sc_hd__and3b_2_X_C_sky130_fd_sc_hd__a21o_2_X_B1_sky130_fd_sc_hd__a2bb2o_2_X/B1 (sky130_fd_sc_hd__a2bb2o_1)
     1    0.007669    0.142823    0.656093    9.478912 v filter.y_out[0]_sky130_fd_sc_hd__dfrtp_2_Q_D_sky130_fd_sc_hd__xor2_2_X_A_sky130_fd_sc_hd__and3b_2_X_C_sky130_fd_sc_hd__a21o_2_X_B1_sky130_fd_sc_hd__a2bb2o_2_X/X (sky130_fd_sc_hd__a2bb2o_1)
                                                         filter.y_out[0]_sky130_fd_sc_hd__dfrtp_2_Q_D_sky130_fd_sc_hd__xor2_2_X_A_sky130_fd_sc_hd__and3b_2_X_C_sky130_fd_sc_hd__a21o_2_X_B1 (net)
                      0.142823    0.000410    9.479322 v filter.y_out[0]_sky130_fd_sc_hd__dfrtp_2_Q_D_sky130_fd_sc_hd__xor2_2_X_A_sky130_fd_sc_hd__and3b_2_X_C_sky130_fd_sc_hd__a21o_2_X/B1 (sky130_fd_sc_hd__a21o_1)
     1    0.005249    0.079560    0.327132    9.806455 v filter.y_out[0]_sky130_fd_sc_hd__dfrtp_2_Q_D_sky130_fd_sc_hd__xor2_2_X_A_sky130_fd_sc_hd__and3b_2_X_C_sky130_fd_sc_hd__a21o_2_X/X (sky130_fd_sc_hd__a21o_1)
                                                         filter.y_out[0]_sky130_fd_sc_hd__dfrtp_2_Q_D_sky130_fd_sc_hd__xor2_2_X_A_sky130_fd_sc_hd__and3b_2_X_C (net)
                      0.079606    0.000414    9.806869 v filter.y_out[0]_sky130_fd_sc_hd__dfrtp_2_Q_D_sky130_fd_sc_hd__xor2_2_X_A_sky130_fd_sc_hd__and3b_2_X/C (sky130_fd_sc_hd__and3b_1)
     2    0.009057    0.121424    0.418030   10.224898 v filter.y_out[0]_sky130_fd_sc_hd__dfrtp_2_Q_D_sky130_fd_sc_hd__xor2_2_X_A_sky130_fd_sc_hd__and3b_2_X/X (sky130_fd_sc_hd__and3b_1)
                                                         filter.y_out[0]_sky130_fd_sc_hd__dfrtp_2_Q_D_sky130_fd_sc_hd__xor2_2_X_A (net)
                      0.121425    0.000584   10.225482 v filter.y_out[1]_sky130_fd_sc_hd__dfrtp_2_Q_D_sky130_fd_sc_hd__xor2_2_X_A_sky130_fd_sc_hd__a2bb2o_2_X/B2 (sky130_fd_sc_hd__a2bb2o_2)
     3    0.022072    0.163785    0.603590   10.829072 v filter.y_out[1]_sky130_fd_sc_hd__dfrtp_2_Q_D_sky130_fd_sc_hd__xor2_2_X_A_sky130_fd_sc_hd__a2bb2o_2_X/X (sky130_fd_sc_hd__a2bb2o_2)
                                                         filter.y_out[1]_sky130_fd_sc_hd__dfrtp_2_Q_D_sky130_fd_sc_hd__xor2_2_X_A (net)
                      0.163852    0.003023   10.832095 v filter.y_out[1]_sky130_fd_sc_hd__dfrtp_2_Q_D_sky130_fd_sc_hd__xor2_2_X/A (sky130_fd_sc_hd__xor2_1)
     1    0.003061    0.125551    0.333464   11.165560 v filter.y_out[1]_sky130_fd_sc_hd__dfrtp_2_Q_D_sky130_fd_sc_hd__xor2_2_X/X (sky130_fd_sc_hd__xor2_1)
                                                         filter.y_out[1]_sky130_fd_sc_hd__dfrtp_2_Q_D (net)
                      0.125551    0.000190   11.165750 v filter.y_out[1]_sky130_fd_sc_hd__dfrtp_2_Q/D (sky130_fd_sc_hd__dfrtp_4)
                                             11.165750   data arrival time

                                 30.000000   30.000000   clock clk (rise edge)
                                  0.000000   30.000000   clock source latency
     1    0.042471    0.306377    0.217000   30.216999 ^ clk (in)
                                                         clk (net)
                      0.306741    0.000000   30.216999 ^ clkbuf_0_clk/A (sky130_fd_sc_hd__clkbuf_16)
     8    0.141131    0.236430    0.455319   30.672319 ^ clkbuf_0_clk/X (sky130_fd_sc_hd__clkbuf_16)
                                                         clknet_0_clk (net)
                      0.236930    0.009045   30.681364 ^ clkbuf_3_7__f_clk/A (sky130_fd_sc_hd__clkbuf_16)
     9    0.049760    0.106954    0.335429   31.016794 ^ clkbuf_3_7__f_clk/X (sky130_fd_sc_hd__clkbuf_16)
                                                         clknet_3_7__leaf_clk (net)
                      0.107356    0.005482   31.022276 ^ filter.y_out[1]_sky130_fd_sc_hd__dfrtp_2_Q/CLK (sky130_fd_sc_hd__dfrtp_4)
                                 -0.250000   30.772274   clock uncertainty
                                  0.000000   30.772274   clock reconvergence pessimism
                                 -0.288002   30.484274   library setup time
                                             30.484274   data required time
---------------------------------------------------------------------------------------------
                                             30.484274   data required time
                                            -11.165750   data arrival time
---------------------------------------------------------------------------------------------
                                             19.318523   slack (MET)


Startpoint: filter.y_out[2]_sky130_fd_sc_hd__dfrtp_2_Q
            (rising edge-triggered flip-flop clocked by clk)
Endpoint: filter.y_out[0]_sky130_fd_sc_hd__dfrtp_2_Q
          (rising edge-triggered flip-flop clocked by clk)
Path Group: clk
Path Type: max

Fanout         Cap        Slew       Delay        Time   Description
---------------------------------------------------------------------------------------------
                                  0.000000    0.000000   clock clk (rise edge)
                                  0.000000    0.000000   clock source latency
     1    0.042471    0.306377    0.216999    0.216999 ^ clk (in)
                                                         clk (net)
                      0.306741    0.000000    0.216999 ^ clkbuf_0_clk/A (sky130_fd_sc_hd__clkbuf_16)
     8    0.141131    0.236430    0.455319    0.672318 ^ clkbuf_0_clk/X (sky130_fd_sc_hd__clkbuf_16)
                                                         clknet_0_clk (net)
                      0.236864    0.008456    0.680773 ^ clkbuf_3_6__f_clk/A (sky130_fd_sc_hd__clkbuf_16)
     9    0.059836    0.120431    0.346696    1.027470 ^ clkbuf_3_6__f_clk/X (sky130_fd_sc_hd__clkbuf_16)
                                                         clknet_3_6__leaf_clk (net)
                      0.120525    0.003008    1.030478 ^ filter.y_out[2]_sky130_fd_sc_hd__dfrtp_2_Q/CLK (sky130_fd_sc_hd__dfrtp_4)
     6    0.071795    0.278885    1.203707    2.234185 v filter.y_out[2]_sky130_fd_sc_hd__dfrtp_2_Q/Q (sky130_fd_sc_hd__dfrtp_4)
                                                         filter.y_out[2] (net)
                      0.280155    0.016224    2.250408 v filter.y_out[2]_sky130_fd_sc_hd__xor2_2_A/A (sky130_fd_sc_hd__xor2_4)
     4    0.036535    0.454285    0.560629    2.811038 ^ filter.y_out[2]_sky130_fd_sc_hd__xor2_2_A/X (sky130_fd_sc_hd__xor2_4)
                                                         filter.x_in[2]_sky130_fd_sc_hd__inv_2_A_Y_sky130_fd_sc_hd__o2bb2ai_2_B2_A2_N_sky130_fd_sc_hd__a21o_2_B1_A2 (net)
                      0.454285    0.001167    2.812204 ^ filter.y_out[1]_sky130_fd_sc_hd__xor2_2_A/B (sky130_fd_sc_hd__xor2_4)
    10    0.051116    0.291351    0.418404    3.230608 v filter.y_out[1]_sky130_fd_sc_hd__xor2_2_A/X (sky130_fd_sc_hd__xor2_4)
                                                         filter.y_out[1]_sky130_fd_sc_hd__xor2_2_A_X (net)
                      0.291351    0.001168    3.231776 v filter.x_in[10]_sky130_fd_sc_hd__or2_2_A_B_sky130_fd_sc_hd__xor2_2_X_B_sky130_fd_sc_hd__a31o_2_X_A3_sky130_fd_sc_hd__xnor2_2_Y_A_sky130_fd_sc_hd__o21ai_2_B1_Y_sky130_fd_sc_hd__xnor2_2_A_B_sky130_fd_sc_hd__and3_2_X_B_sky130_fd_sc_hd__or3_2_X/B (sky130_fd_sc_hd__or3_2)
     5    0.021115    0.265376    1.306969    4.538744 v filter.x_in[10]_sky130_fd_sc_hd__or2_2_A_B_sky130_fd_sc_hd__xor2_2_X_B_sky130_fd_sc_hd__a31o_2_X_A3_sky130_fd_sc_hd__xnor2_2_Y_A_sky130_fd_sc_hd__o21ai_2_B1_Y_sky130_fd_sc_hd__xnor2_2_A_B_sky130_fd_sc_hd__and3_2_X_B_sky130_fd_sc_hd__or3_2_X/X (sky130_fd_sc_hd__or3_2)
                                                         filter.x_in[10]_sky130_fd_sc_hd__or2_2_A_B_sky130_fd_sc_hd__xor2_2_X_B_sky130_fd_sc_hd__a31o_2_X_A3_sky130_fd_sc_hd__xnor2_2_Y_A_sky130_fd_sc_hd__o21ai_2_B1_Y_sky130_fd_sc_hd__xnor2_2_A_B_sky130_fd_sc_hd__and3_2_X_B (net)
                      0.265376    0.002297    4.541042 v filter.x_in[10]_sky130_fd_sc_hd__or2_2_A_B_sky130_fd_sc_hd__xor2_2_X_B_sky130_fd_sc_hd__a31o_2_X_A3_sky130_fd_sc_hd__xnor2_2_Y_A_sky130_fd_sc_hd__o21ai_2_B1_Y_sky130_fd_sc_hd__xnor2_2_A_B_sky130_fd_sc_hd__and3_2_X/B (sky130_fd_sc_hd__and3_1)
     3    0.011413    0.142259    0.503826    5.044868 v filter.x_in[10]_sky130_fd_sc_hd__or2_2_A_B_sky130_fd_sc_hd__xor2_2_X_B_sky130_fd_sc_hd__a31o_2_X_A3_sky130_fd_sc_hd__xnor2_2_Y_A_sky130_fd_sc_hd__o21ai_2_B1_Y_sky130_fd_sc_hd__xnor2_2_A_B_sky130_fd_sc_hd__and3_2_X/X (sky130_fd_sc_hd__and3_1)
                                                         filter.x_in[10]_sky130_fd_sc_hd__or2_2_A_B_sky130_fd_sc_hd__xor2_2_X_B_sky130_fd_sc_hd__a31o_2_X_A3_sky130_fd_sc_hd__xnor2_2_Y_A_sky130_fd_sc_hd__o21ai_2_B1_Y_sky130_fd_sc_hd__xnor2_2_A_B (net)
                      0.142259    0.000608    5.045476 v filter.y_out[0]_sky130_fd_sc_hd__dfrtp_2_Q_D_sky130_fd_sc_hd__xor2_2_X_A_sky130_fd_sc_hd__and3b_2_X_C_sky130_fd_sc_hd__a21o_2_X_B1_sky130_fd_sc_hd__a2bb2o_2_X_A1_N_sky130_fd_sc_hd__o2bb2a_2_X_A1_N_sky130_fd_sc_hd__a32o_2_X_A2_sky130_fd_sc_hd__and4_2_B/C (sky130_fd_sc_hd__and4_1)
     4    0.013100    0.151682    0.505445    5.550920 v filter.y_out[0]_sky130_fd_sc_hd__dfrtp_2_Q_D_sky130_fd_sc_hd__xor2_2_X_A_sky130_fd_sc_hd__and3b_2_X_C_sky130_fd_sc_hd__a21o_2_X_B1_sky130_fd_sc_hd__a2bb2o_2_X_A1_N_sky130_fd_sc_hd__o2bb2a_2_X_A1_N_sky130_fd_sc_hd__a32o_2_X_A2_sky130_fd_sc_hd__and4_2_B/X (sky130_fd_sc_hd__and4_1)
                                                         filter.y_out[0]_sky130_fd_sc_hd__dfrtp_2_Q_D_sky130_fd_sc_hd__xor2_2_X_A_sky130_fd_sc_hd__and3b_2_X_C_sky130_fd_sc_hd__a21o_2_X_B1_sky130_fd_sc_hd__a2bb2o_2_X_A1_N_sky130_fd_sc_hd__o2bb2a_2_X_A1_N_sky130_fd_sc_hd__a32o_2_X_A2_sky130_fd_sc_hd__and4_2_B_X (net)
                      0.151682    0.000498    5.551419 v filter.y_out[0]_sky130_fd_sc_hd__dfrtp_2_Q_D_sky130_fd_sc_hd__xor2_2_X_A_sky130_fd_sc_hd__and3b_2_X_C_sky130_fd_sc_hd__a21o_2_X_B1_sky130_fd_sc_hd__a2bb2o_2_X_B1_sky130_fd_sc_hd__a2bb2o_2_X_B2_sky130_fd_sc_hd__o32a_2_X_A2_sky130_fd_sc_hd__nor3_2_Y/B (sky130_fd_sc_hd__nor3_1)
     3    0.009881    0.560982    0.562457    6.113875 ^ filter.y_out[0]_sky130_fd_sc_hd__dfrtp_2_Q_D_sky130_fd_sc_hd__xor2_2_X_A_sky130_fd_sc_hd__and3b_2_X_C_sky130_fd_sc_hd__a21o_2_X_B1_sky130_fd_sc_hd__a2bb2o_2_X_B1_sky130_fd_sc_hd__a2bb2o_2_X_B2_sky130_fd_sc_hd__o32a_2_X_A2_sky130_fd_sc_hd__nor3_2_Y/Y (sky130_fd_sc_hd__nor3_1)
                                                         filter.y_out[0]_sky130_fd_sc_hd__dfrtp_2_Q_D_sky130_fd_sc_hd__xor2_2_X_A_sky130_fd_sc_hd__and3b_2_X_C_sky130_fd_sc_hd__a21o_2_X_B1_sky130_fd_sc_hd__a2bb2o_2_X_B1_sky130_fd_sc_hd__a2bb2o_2_X_B2_sky130_fd_sc_hd__o32a_2_X_A2 (net)
                      0.560983    0.000686    6.114562 ^ filter.y_out[0]_sky130_fd_sc_hd__dfrtp_2_Q_D_sky130_fd_sc_hd__xor2_2_X_A_sky130_fd_sc_hd__and3b_2_X_C_sky130_fd_sc_hd__a21o_2_X_B1_sky130_fd_sc_hd__a2bb2o_2_X_B1_sky130_fd_sc_hd__a2bb2o_2_X_B2_sky130_fd_sc_hd__o32a_2_X_A2_sky130_fd_sc_hd__and2b_2_A_N/A_N (sky130_fd_sc_hd__and2b_1)
     2    0.006930    0.098946    0.558437    6.672999 v filter.y_out[0]_sky130_fd_sc_hd__dfrtp_2_Q_D_sky130_fd_sc_hd__xor2_2_X_A_sky130_fd_sc_hd__and3b_2_X_C_sky130_fd_sc_hd__a21o_2_X_B1_sky130_fd_sc_hd__a2bb2o_2_X_B1_sky130_fd_sc_hd__a2bb2o_2_X_B2_sky130_fd_sc_hd__o32a_2_X_A2_sky130_fd_sc_hd__and2b_2_A_N/X (sky130_fd_sc_hd__and2b_1)
                                                         filter.y_out[0]_sky130_fd_sc_hd__dfrtp_2_Q_D_sky130_fd_sc_hd__xor2_2_X_A_sky130_fd_sc_hd__and3b_2_X_C_sky130_fd_sc_hd__a21o_2_X_B1_sky130_fd_sc_hd__a2bb2o_2_X_B1_sky130_fd_sc_hd__a2bb2o_2_X_B1_sky130_fd_sc_hd__or3_2_X_C_sky130_fd_sc_hd__o21a_2_X_A1 (net)
                      0.098946    0.000451    6.673450 v filter.y_out[0]_sky130_fd_sc_hd__dfrtp_2_Q_D_sky130_fd_sc_hd__xor2_2_X_A_sky130_fd_sc_hd__and3b_2_X_C_sky130_fd_sc_hd__a21o_2_X_B1_sky130_fd_sc_hd__a2bb2o_2_X_B1_sky130_fd_sc_hd__a2bb2o_2_X_B1_sky130_fd_sc_hd__or3_2_X_C_sky130_fd_sc_hd__o21a_2_X_B1_sky130_fd_sc_hd__a221o_2_X/A1 (sky130_fd_sc_hd__a221o_1)
     1    0.002924    0.092938    0.586840    7.260290 v filter.y_out[0]_sky130_fd_sc_hd__dfrtp_2_Q_D_sky130_fd_sc_hd__xor2_2_X_A_sky130_fd_sc_hd__and3b_2_X_C_sky130_fd_sc_hd__a21o_2_X_B1_sky130_fd_sc_hd__a2bb2o_2_X_B1_sky130_fd_sc_hd__a2bb2o_2_X_B1_sky130_fd_sc_hd__or3_2_X_C_sky130_fd_sc_hd__o21a_2_X_B1_sky130_fd_sc_hd__a221o_2_X/X (sky130_fd_sc_hd__a221o_1)
                                                         filter.y_out[0]_sky130_fd_sc_hd__dfrtp_2_Q_D_sky130_fd_sc_hd__xor2_2_X_A_sky130_fd_sc_hd__and3b_2_X_C_sky130_fd_sc_hd__a21o_2_X_B1_sky130_fd_sc_hd__a2bb2o_2_X_B1_sky130_fd_sc_hd__a2bb2o_2_X_B1_sky130_fd_sc_hd__or3_2_X_C_sky130_fd_sc_hd__o21a_2_X_B1 (net)
                      0.092938    0.000199    7.260489 v filter.y_out[0]_sky130_fd_sc_hd__dfrtp_2_Q_D_sky130_fd_sc_hd__xor2_2_X_A_sky130_fd_sc_hd__and3b_2_X_C_sky130_fd_sc_hd__a21o_2_X_B1_sky130_fd_sc_hd__a2bb2o_2_X_B1_sky130_fd_sc_hd__a2bb2o_2_X_B1_sky130_fd_sc_hd__or3_2_X_C_sky130_fd_sc_hd__o21a_2_X/B1 (sky130_fd_sc_hd__o21a_1)
     2    0.006786    0.099841    0.233994    7.494483 v filter.y_out[0]_sky130_fd_sc_hd__dfrtp_2_Q_D_sky130_fd_sc_hd__xor2_2_X_A_sky130_fd_sc_hd__and3b_2_X_C_sky130_fd_sc_hd__a21o_2_X_B1_sky130_fd_sc_hd__a2bb2o_2_X_B1_sky130_fd_sc_hd__a2bb2o_2_X_B1_sky130_fd_sc_hd__or3_2_X_C_sky130_fd_sc_hd__o21a_2_X/X (sky130_fd_sc_hd__o21a_1)
                                                         filter.y_out[0]_sky130_fd_sc_hd__dfrtp_2_Q_D_sky130_fd_sc_hd__xor2_2_X_A_sky130_fd_sc_hd__and3b_2_X_C_sky130_fd_sc_hd__a21o_2_X_B1_sky130_fd_sc_hd__a2bb2o_2_X_B1_sky130_fd_sc_hd__a2bb2o_2_X_B1_sky130_fd_sc_hd__or3_2_X_C (net)
                      0.099841    0.000459    7.494943 v filter.y_out[0]_sky130_fd_sc_hd__dfrtp_2_Q_D_sky130_fd_sc_hd__xor2_2_X_A_sky130_fd_sc_hd__and3b_2_X_C_sky130_fd_sc_hd__a21o_2_X_B1_sky130_fd_sc_hd__a2bb2o_2_X_B1_sky130_fd_sc_hd__a2bb2o_2_X_B1_sky130_fd_sc_hd__or3_2_X/C (sky130_fd_sc_hd__or3_1)
     1    0.002049    0.126999    0.705397    8.200339 v filter.y_out[0]_sky130_fd_sc_hd__dfrtp_2_Q_D_sky130_fd_sc_hd__xor2_2_X_A_sky130_fd_sc_hd__and3b_2_X_C_sky130_fd_sc_hd__a21o_2_X_B1_sky130_fd_sc_hd__a2bb2o_2_X_B1_sky130_fd_sc_hd__a2bb2o_2_X_B1_sky130_fd_sc_hd__or3_2_X/X (sky130_fd_sc_hd__or3_1)
                                                         filter.y_out[0]_sky130_fd_sc_hd__dfrtp_2_Q_D_sky130_fd_sc_hd__xor2_2_X_A_sky130_fd_sc_hd__and3b_2_X_C_sky130_fd_sc_hd__a21o_2_X_B1_sky130_fd_sc_hd__a2bb2o_2_X_B1_sky130_fd_sc_hd__a2bb2o_2_X_B1 (net)
                      0.126999    0.000146    8.200485 v filter.y_out[0]_sky130_fd_sc_hd__dfrtp_2_Q_D_sky130_fd_sc_hd__xor2_2_X_A_sky130_fd_sc_hd__and3b_2_X_C_sky130_fd_sc_hd__a21o_2_X_B1_sky130_fd_sc_hd__a2bb2o_2_X_B1_sky130_fd_sc_hd__a2bb2o_2_X/B1 (sky130_fd_sc_hd__a2bb2o_1)
     1    0.004046    0.111727    0.622048    8.822534 v filter.y_out[0]_sky130_fd_sc_hd__dfrtp_2_Q_D_sky130_fd_sc_hd__xor2_2_X_A_sky130_fd_sc_hd__and3b_2_X_C_sky130_fd_sc_hd__a21o_2_X_B1_sky130_fd_sc_hd__a2bb2o_2_X_B1_sky130_fd_sc_hd__a2bb2o_2_X/X (sky130_fd_sc_hd__a2bb2o_1)
                                                         filter.y_out[0]_sky130_fd_sc_hd__dfrtp_2_Q_D_sky130_fd_sc_hd__xor2_2_X_A_sky130_fd_sc_hd__and3b_2_X_C_sky130_fd_sc_hd__a21o_2_X_B1_sky130_fd_sc_hd__a2bb2o_2_X_B1 (net)
                      0.111727    0.000286    8.822819 v filter.y_out[0]_sky130_fd_sc_hd__dfrtp_2_Q_D_sky130_fd_sc_hd__xor2_2_X_A_sky130_fd_sc_hd__and3b_2_X_C_sky130_fd_sc_hd__a21o_2_X_B1_sky130_fd_sc_hd__a2bb2o_2_X/B1 (sky130_fd_sc_hd__a2bb2o_1)
     1    0.007669    0.142823    0.656093    9.478912 v filter.y_out[0]_sky130_fd_sc_hd__dfrtp_2_Q_D_sky130_fd_sc_hd__xor2_2_X_A_sky130_fd_sc_hd__and3b_2_X_C_sky130_fd_sc_hd__a21o_2_X_B1_sky130_fd_sc_hd__a2bb2o_2_X/X (sky130_fd_sc_hd__a2bb2o_1)
                                                         filter.y_out[0]_sky130_fd_sc_hd__dfrtp_2_Q_D_sky130_fd_sc_hd__xor2_2_X_A_sky130_fd_sc_hd__and3b_2_X_C_sky130_fd_sc_hd__a21o_2_X_B1 (net)
                      0.142823    0.000410    9.479322 v filter.y_out[0]_sky130_fd_sc_hd__dfrtp_2_Q_D_sky130_fd_sc_hd__xor2_2_X_A_sky130_fd_sc_hd__and3b_2_X_C_sky130_fd_sc_hd__a21o_2_X/B1 (sky130_fd_sc_hd__a21o_1)
     1    0.005249    0.079560    0.327132    9.806455 v filter.y_out[0]_sky130_fd_sc_hd__dfrtp_2_Q_D_sky130_fd_sc_hd__xor2_2_X_A_sky130_fd_sc_hd__and3b_2_X_C_sky130_fd_sc_hd__a21o_2_X/X (sky130_fd_sc_hd__a21o_1)
                                                         filter.y_out[0]_sky130_fd_sc_hd__dfrtp_2_Q_D_sky130_fd_sc_hd__xor2_2_X_A_sky130_fd_sc_hd__and3b_2_X_C (net)
                      0.079606    0.000414    9.806869 v filter.y_out[0]_sky130_fd_sc_hd__dfrtp_2_Q_D_sky130_fd_sc_hd__xor2_2_X_A_sky130_fd_sc_hd__and3b_2_X/C (sky130_fd_sc_hd__and3b_1)
     2    0.009057    0.121424    0.418030   10.224898 v filter.y_out[0]_sky130_fd_sc_hd__dfrtp_2_Q_D_sky130_fd_sc_hd__xor2_2_X_A_sky130_fd_sc_hd__and3b_2_X/X (sky130_fd_sc_hd__and3b_1)
                                                         filter.y_out[0]_sky130_fd_sc_hd__dfrtp_2_Q_D_sky130_fd_sc_hd__xor2_2_X_A (net)
                      0.121426    0.000706   10.225605 v filter.y_out[0]_sky130_fd_sc_hd__dfrtp_2_Q_D_sky130_fd_sc_hd__xor2_2_X/A (sky130_fd_sc_hd__xor2_1)
     1    0.002998    0.122299    0.314896   10.540501 v filter.y_out[0]_sky130_fd_sc_hd__dfrtp_2_Q_D_sky130_fd_sc_hd__xor2_2_X/X (sky130_fd_sc_hd__xor2_1)
                                                         filter.y_out[0]_sky130_fd_sc_hd__dfrtp_2_Q_D (net)
                      0.122299    0.000195   10.540696 v filter.y_out[0]_sky130_fd_sc_hd__dfrtp_2_Q/D (sky130_fd_sc_hd__dfrtp_4)
                                             10.540696   data arrival time

                                 30.000000   30.000000   clock clk (rise edge)
                                  0.000000   30.000000   clock source latency
     1    0.042471    0.306377    0.217000   30.216999 ^ clk (in)
                                                         clk (net)
                      0.306741    0.000000   30.216999 ^ clkbuf_0_clk/A (sky130_fd_sc_hd__clkbuf_16)
     8    0.141131    0.236430    0.455319   30.672319 ^ clkbuf_0_clk/X (sky130_fd_sc_hd__clkbuf_16)
                                                         clknet_0_clk (net)
                      0.236864    0.008455   30.680775 ^ clkbuf_3_6__f_clk/A (sky130_fd_sc_hd__clkbuf_16)
     9    0.059836    0.120431    0.346695   31.027470 ^ clkbuf_3_6__f_clk/X (sky130_fd_sc_hd__clkbuf_16)
                                                         clknet_3_6__leaf_clk (net)
                      0.120592    0.003794   31.031263 ^ filter.y_out[0]_sky130_fd_sc_hd__dfrtp_2_Q/CLK (sky130_fd_sc_hd__dfrtp_4)
                                 -0.250000   30.781263   clock uncertainty
                                  0.000000   30.781263   clock reconvergence pessimism
                                 -0.283124   30.498140   library setup time
                                             30.498140   data required time
---------------------------------------------------------------------------------------------
                                             30.498140   data required time
                                            -10.540696   data arrival time
---------------------------------------------------------------------------------------------
                                             19.957445   slack (MET)


Startpoint: spi_sel (input port clocked by clk)
Endpoint: filter.x_in[7]_sky130_fd_sc_hd__dfrtp_2_Q
          (rising edge-triggered flip-flop clocked by clk)
Path Group: clk
Path Type: max

Fanout         Cap        Slew       Delay        Time   Description
---------------------------------------------------------------------------------------------
                                  0.000000    0.000000   clock clk (rise edge)
                                  0.000000    0.000000   clock network delay (propagated)
                                  6.000000    6.000000 v input external delay
     1    0.002732    0.018195    0.009064    6.009064 v spi_sel (in)
                                                         spi_sel (net)
                      0.018196    0.000000    6.009064 v input4/A (sky130_fd_sc_hd__buf_1)
     3    0.012989    0.155965    0.222081    6.231145 v input4/X (sky130_fd_sc_hd__buf_1)
                                                         net4 (net)
                      0.155967    0.000904    6.232049 v spi_sel_sky130_fd_sc_hd__nor3b_2_A/A (sky130_fd_sc_hd__nor3b_1)
     1    0.010654    0.632586    0.645716    6.877766 ^ spi_sel_sky130_fd_sc_hd__nor3b_2_A/Y (sky130_fd_sc_hd__nor3b_1)
                                                         spi_sel_sky130_fd_sc_hd__nor3b_2_A_Y (net)
                      0.632588    0.000977    6.878742 ^ fanout16/A (sky130_fd_sc_hd__clkbuf_8)
     9    0.088633    0.256280    0.595786    7.474528 ^ fanout16/X (sky130_fd_sc_hd__clkbuf_8)
                                                         net16 (net)
                      0.256315    0.002613    7.477141 ^ fanout15/A (sky130_fd_sc_hd__buf_4)
    10    0.070536    0.314905    0.470968    7.948109 ^ fanout15/X (sky130_fd_sc_hd__buf_4)
                                                         net15 (net)
                      0.315177    0.005990    7.954099 ^ spi_in.bit_cnt[1]_sky130_fd_sc_hd__and3_2_A/C (sky130_fd_sc_hd__and3_1)
     4    0.013990    0.235373    0.514292    8.468390 ^ spi_in.bit_cnt[1]_sky130_fd_sc_hd__and3_2_A/X (sky130_fd_sc_hd__and3_1)
                                                         spi_in.bit_cnt[1]_sky130_fd_sc_hd__and3_2_A_X (net)
                      0.235373    0.000548    8.468939 ^ spi_in.bit_cnt[3]_sky130_fd_sc_hd__and3_2_A/C (sky130_fd_sc_hd__and3_1)
     2    0.022730    0.359353    0.580820    9.049759 ^ spi_in.bit_cnt[3]_sky130_fd_sc_hd__and3_2_A/X (sky130_fd_sc_hd__and3_1)
                                                         spi_in.bit_cnt[3]_sky130_fd_sc_hd__and3_2_A_X (net)
                      0.359353    0.001117    9.050876 ^ fanout11/A (sky130_fd_sc_hd__buf_4)
     8    0.078758    0.349248    0.536260    9.587136 ^ fanout11/X (sky130_fd_sc_hd__buf_4)
                                                         net11 (net)
                      0.349504    0.005518    9.592654 ^ filter.x_in[7]_sky130_fd_sc_hd__mux2_1_A0/S (sky130_fd_sc_hd__mux2_1)
     1    0.002852    0.110582    0.789820   10.382474 v filter.x_in[7]_sky130_fd_sc_hd__mux2_1_A0/X (sky130_fd_sc_hd__mux2_1)
                                                         filter.x_in[7]_sky130_fd_sc_hd__dfrtp_2_Q_D (net)
                      0.110582    0.000200   10.382673 v filter.x_in[7]_sky130_fd_sc_hd__dfrtp_2_Q/D (sky130_fd_sc_hd__dfrtp_1)
                                             10.382673   data arrival time

                                 30.000000   30.000000   clock clk (rise edge)
                                  0.000000   30.000000   clock source latency
     1    0.042471    0.306377    0.217000   30.216999 ^ clk (in)
                                                         clk (net)
                      0.306741    0.000000   30.216999 ^ clkbuf_0_clk/A (sky130_fd_sc_hd__clkbuf_16)
     8    0.141131    0.236430    0.455319   30.672319 ^ clkbuf_0_clk/X (sky130_fd_sc_hd__clkbuf_16)
                                                         clknet_0_clk (net)
                      0.238348    0.017188   30.689507 ^ clkbuf_3_4__f_clk/A (sky130_fd_sc_hd__clkbuf_16)
    13    0.057277    0.117206    0.344173   31.033680 ^ clkbuf_3_4__f_clk/X (sky130_fd_sc_hd__clkbuf_16)
                                                         clknet_3_4__leaf_clk (net)
                      0.117422    0.004377   31.038057 ^ filter.x_in[7]_sky130_fd_sc_hd__dfrtp_2_Q/CLK (sky130_fd_sc_hd__dfrtp_1)
                                 -0.250000   30.788055   clock uncertainty
                                  0.000000   30.788055   clock reconvergence pessimism
                                 -0.280837   30.507217   library setup time
                                             30.507217   data required time
---------------------------------------------------------------------------------------------
                                             30.507217   data required time
                                            -10.382673   data arrival time
---------------------------------------------------------------------------------------------
                                             20.124542   slack (MET)


Startpoint: spi_sel (input port clocked by clk)
Endpoint: filter.x_in[4]_sky130_fd_sc_hd__dfrtp_2_Q
          (rising edge-triggered flip-flop clocked by clk)
Path Group: clk
Path Type: max

Fanout         Cap        Slew       Delay        Time   Description
---------------------------------------------------------------------------------------------
                                  0.000000    0.000000   clock clk (rise edge)
                                  0.000000    0.000000   clock network delay (propagated)
                                  6.000000    6.000000 v input external delay
     1    0.002732    0.018195    0.009064    6.009064 v spi_sel (in)
                                                         spi_sel (net)
                      0.018196    0.000000    6.009064 v input4/A (sky130_fd_sc_hd__buf_1)
     3    0.012989    0.155965    0.222081    6.231145 v input4/X (sky130_fd_sc_hd__buf_1)
                                                         net4 (net)
                      0.155967    0.000904    6.232049 v spi_sel_sky130_fd_sc_hd__nor3b_2_A/A (sky130_fd_sc_hd__nor3b_1)
     1    0.010654    0.632586    0.645716    6.877766 ^ spi_sel_sky130_fd_sc_hd__nor3b_2_A/Y (sky130_fd_sc_hd__nor3b_1)
                                                         spi_sel_sky130_fd_sc_hd__nor3b_2_A_Y (net)
                      0.632588    0.000977    6.878742 ^ fanout16/A (sky130_fd_sc_hd__clkbuf_8)
     9    0.088633    0.256280    0.595786    7.474528 ^ fanout16/X (sky130_fd_sc_hd__clkbuf_8)
                                                         net16 (net)
                      0.256315    0.002613    7.477141 ^ fanout15/A (sky130_fd_sc_hd__buf_4)
    10    0.070536    0.314905    0.470968    7.948109 ^ fanout15/X (sky130_fd_sc_hd__buf_4)
                                                         net15 (net)
                      0.315177    0.005990    7.954099 ^ spi_in.bit_cnt[1]_sky130_fd_sc_hd__and3_2_A/C (sky130_fd_sc_hd__and3_1)
     4    0.013990    0.235373    0.514292    8.468390 ^ spi_in.bit_cnt[1]_sky130_fd_sc_hd__and3_2_A/X (sky130_fd_sc_hd__and3_1)
                                                         spi_in.bit_cnt[1]_sky130_fd_sc_hd__and3_2_A_X (net)
                      0.235373    0.000548    8.468939 ^ spi_in.bit_cnt[3]_sky130_fd_sc_hd__and3_2_A/C (sky130_fd_sc_hd__and3_1)
     2    0.022730    0.359353    0.580820    9.049759 ^ spi_in.bit_cnt[3]_sky130_fd_sc_hd__and3_2_A/X (sky130_fd_sc_hd__and3_1)
                                                         spi_in.bit_cnt[3]_sky130_fd_sc_hd__and3_2_A_X (net)
                      0.359353    0.001117    9.050876 ^ fanout11/A (sky130_fd_sc_hd__buf_4)
     8    0.078758    0.349248    0.536260    9.587136 ^ fanout11/X (sky130_fd_sc_hd__buf_4)
                                                         net11 (net)
                      0.349675    0.008431    9.595568 ^ filter.x_in[4]_sky130_fd_sc_hd__mux2_1_A0/S (sky130_fd_sc_hd__mux2_1)
     1    0.002372    0.105930    0.781622   10.377190 v filter.x_in[4]_sky130_fd_sc_hd__mux2_1_A0/X (sky130_fd_sc_hd__mux2_1)
                                                         filter.x_in[4]_sky130_fd_sc_hd__dfrtp_2_Q_D (net)
                      0.105930    0.000158   10.377347 v filter.x_in[4]_sky130_fd_sc_hd__dfrtp_2_Q/D (sky130_fd_sc_hd__dfrtp_1)
                                             10.377347   data arrival time

                                 30.000000   30.000000   clock clk (rise edge)
                                  0.000000   30.000000   clock source latency
     1    0.042471    0.306377    0.217000   30.216999 ^ clk (in)
                                                         clk (net)
                      0.306741    0.000000   30.216999 ^ clkbuf_0_clk/A (sky130_fd_sc_hd__clkbuf_16)
     8    0.141131    0.236430    0.455319   30.672319 ^ clkbuf_0_clk/X (sky130_fd_sc_hd__clkbuf_16)
                                                         clknet_0_clk (net)
                      0.238580    0.018154   30.690474 ^ clkbuf_3_5__f_clk/A (sky130_fd_sc_hd__clkbuf_16)
    13    0.053542    0.111953    0.340858   31.031332 ^ clkbuf_3_5__f_clk/X (sky130_fd_sc_hd__clkbuf_16)
                                                         clknet_3_5__leaf_clk (net)
                      0.112052    0.002874   31.034204 ^ filter.x_in[4]_sky130_fd_sc_hd__dfrtp_2_Q/CLK (sky130_fd_sc_hd__dfrtp_1)
                                 -0.250000   30.784204   clock uncertainty
                                  0.000000   30.784204   clock reconvergence pessimism
                                 -0.280331   30.503874   library setup time
                                             30.503874   data required time
---------------------------------------------------------------------------------------------
                                             30.503874   data required time
                                            -10.377347   data arrival time
---------------------------------------------------------------------------------------------
                                             20.126526   slack (MET)


Startpoint: spi_sel (input port clocked by clk)
Endpoint: filter.x_in[15]_sky130_fd_sc_hd__dfrtp_2_Q
          (rising edge-triggered flip-flop clocked by clk)
Path Group: clk
Path Type: max

Fanout         Cap        Slew       Delay        Time   Description
---------------------------------------------------------------------------------------------
                                  0.000000    0.000000   clock clk (rise edge)
                                  0.000000    0.000000   clock network delay (propagated)
                                  6.000000    6.000000 v input external delay
     1    0.002732    0.018195    0.009064    6.009064 v spi_sel (in)
                                                         spi_sel (net)
                      0.018196    0.000000    6.009064 v input4/A (sky130_fd_sc_hd__buf_1)
     3    0.012989    0.155965    0.222081    6.231145 v input4/X (sky130_fd_sc_hd__buf_1)
                                                         net4 (net)
                      0.155967    0.000904    6.232049 v spi_sel_sky130_fd_sc_hd__nor3b_2_A/A (sky130_fd_sc_hd__nor3b_1)
     1    0.010654    0.632586    0.645716    6.877766 ^ spi_sel_sky130_fd_sc_hd__nor3b_2_A/Y (sky130_fd_sc_hd__nor3b_1)
                                                         spi_sel_sky130_fd_sc_hd__nor3b_2_A_Y (net)
                      0.632588    0.000977    6.878742 ^ fanout16/A (sky130_fd_sc_hd__clkbuf_8)
     9    0.088633    0.256280    0.595786    7.474528 ^ fanout16/X (sky130_fd_sc_hd__clkbuf_8)
                                                         net16 (net)
                      0.256315    0.002613    7.477141 ^ fanout15/A (sky130_fd_sc_hd__buf_4)
    10    0.070536    0.314905    0.470968    7.948109 ^ fanout15/X (sky130_fd_sc_hd__buf_4)
                                                         net15 (net)
                      0.315177    0.005990    7.954099 ^ spi_in.bit_cnt[1]_sky130_fd_sc_hd__and3_2_A/C (sky130_fd_sc_hd__and3_1)
     4    0.013990    0.235373    0.514292    8.468390 ^ spi_in.bit_cnt[1]_sky130_fd_sc_hd__and3_2_A/X (sky130_fd_sc_hd__and3_1)
                                                         spi_in.bit_cnt[1]_sky130_fd_sc_hd__and3_2_A_X (net)
                      0.235373    0.000548    8.468939 ^ spi_in.bit_cnt[3]_sky130_fd_sc_hd__and3_2_A/C (sky130_fd_sc_hd__and3_1)
     2    0.022730    0.359353    0.580820    9.049759 ^ spi_in.bit_cnt[3]_sky130_fd_sc_hd__and3_2_A/X (sky130_fd_sc_hd__and3_1)
                                                         spi_in.bit_cnt[3]_sky130_fd_sc_hd__and3_2_A_X (net)
                      0.359371    0.002927    9.052685 ^ fanout10/A (sky130_fd_sc_hd__clkbuf_8)
    10    0.104245    0.289717    0.518031    9.570716 ^ fanout10/X (sky130_fd_sc_hd__clkbuf_8)
                                                         net10 (net)
                      0.290940    0.014476    9.585193 ^ spi_in.shift_reg[14]_sky130_fd_sc_hd__mux2_1_A1/S (sky130_fd_sc_hd__mux2_1)
     1    0.003362    0.115944    0.782936   10.368128 v spi_in.shift_reg[14]_sky130_fd_sc_hd__mux2_1_A1/X (sky130_fd_sc_hd__mux2_1)
                                                         filter.x_in[15]_sky130_fd_sc_hd__dfrtp_2_Q_D (net)
                      0.115944    0.000248   10.368376 v filter.x_in[15]_sky130_fd_sc_hd__dfrtp_2_Q/D (sky130_fd_sc_hd__dfrtp_4)
                                             10.368376   data arrival time

                                 30.000000   30.000000   clock clk (rise edge)
                                  0.000000   30.000000   clock source latency
     1    0.042471    0.306377    0.217000   30.216999 ^ clk (in)
                                                         clk (net)
                      0.306741    0.000000   30.216999 ^ clkbuf_0_clk/A (sky130_fd_sc_hd__clkbuf_16)
     8    0.141131    0.236430    0.455319   30.672319 ^ clkbuf_0_clk/X (sky130_fd_sc_hd__clkbuf_16)
                                                         clknet_0_clk (net)
                      0.239980    0.023128   30.695448 ^ clkbuf_3_2__f_clk/A (sky130_fd_sc_hd__clkbuf_16)
     9    0.050824    0.108508    0.338403   31.033850 ^ clkbuf_3_2__f_clk/X (sky130_fd_sc_hd__clkbuf_16)
                                                         clknet_3_2__leaf_clk (net)
                      0.108563    0.002288   31.036139 ^ filter.x_in[15]_sky130_fd_sc_hd__dfrtp_2_Q/CLK (sky130_fd_sc_hd__dfrtp_4)
                                 -0.250000   30.786137   clock uncertainty
                                  0.000000   30.786137   clock reconvergence pessimism
                                 -0.283677   30.502460   library setup time
                                             30.502460   data required time
---------------------------------------------------------------------------------------------
                                             30.502460   data required time
                                            -10.368376   data arrival time
---------------------------------------------------------------------------------------------
                                             20.134085   slack (MET)


Startpoint: spi_sel (input port clocked by clk)
Endpoint: filter.x_in[11]_sky130_fd_sc_hd__dfrtp_2_Q
          (rising edge-triggered flip-flop clocked by clk)
Path Group: clk
Path Type: max

Fanout         Cap        Slew       Delay        Time   Description
---------------------------------------------------------------------------------------------
                                  0.000000    0.000000   clock clk (rise edge)
                                  0.000000    0.000000   clock network delay (propagated)
                                  6.000000    6.000000 v input external delay
     1    0.002732    0.018195    0.009064    6.009064 v spi_sel (in)
                                                         spi_sel (net)
                      0.018196    0.000000    6.009064 v input4/A (sky130_fd_sc_hd__buf_1)
     3    0.012989    0.155965    0.222081    6.231145 v input4/X (sky130_fd_sc_hd__buf_1)
                                                         net4 (net)
                      0.155967    0.000904    6.232049 v spi_sel_sky130_fd_sc_hd__nor3b_2_A/A (sky130_fd_sc_hd__nor3b_1)
     1    0.010654    0.632586    0.645716    6.877766 ^ spi_sel_sky130_fd_sc_hd__nor3b_2_A/Y (sky130_fd_sc_hd__nor3b_1)
                                                         spi_sel_sky130_fd_sc_hd__nor3b_2_A_Y (net)
                      0.632588    0.000977    6.878742 ^ fanout16/A (sky130_fd_sc_hd__clkbuf_8)
     9    0.088633    0.256280    0.595786    7.474528 ^ fanout16/X (sky130_fd_sc_hd__clkbuf_8)
                                                         net16 (net)
                      0.256315    0.002613    7.477141 ^ fanout15/A (sky130_fd_sc_hd__buf_4)
    10    0.070536    0.314905    0.470968    7.948109 ^ fanout15/X (sky130_fd_sc_hd__buf_4)
                                                         net15 (net)
                      0.315177    0.005990    7.954099 ^ spi_in.bit_cnt[1]_sky130_fd_sc_hd__and3_2_A/C (sky130_fd_sc_hd__and3_1)
     4    0.013990    0.235373    0.514292    8.468390 ^ spi_in.bit_cnt[1]_sky130_fd_sc_hd__and3_2_A/X (sky130_fd_sc_hd__and3_1)
                                                         spi_in.bit_cnt[1]_sky130_fd_sc_hd__and3_2_A_X (net)
                      0.235373    0.000548    8.468939 ^ spi_in.bit_cnt[3]_sky130_fd_sc_hd__and3_2_A/C (sky130_fd_sc_hd__and3_1)
     2    0.022730    0.359353    0.580820    9.049759 ^ spi_in.bit_cnt[3]_sky130_fd_sc_hd__and3_2_A/X (sky130_fd_sc_hd__and3_1)
                                                         spi_in.bit_cnt[3]_sky130_fd_sc_hd__and3_2_A_X (net)
                      0.359371    0.002927    9.052685 ^ fanout10/A (sky130_fd_sc_hd__clkbuf_8)
    10    0.104245    0.289717    0.518031    9.570716 ^ fanout10/X (sky130_fd_sc_hd__clkbuf_8)
                                                         net10 (net)
                      0.290680    0.012681    9.583397 ^ filter.x_in[11]_sky130_fd_sc_hd__mux2_1_A0/S (sky130_fd_sc_hd__mux2_1)
     1    0.002014    0.102298    0.759806   10.343203 v filter.x_in[11]_sky130_fd_sc_hd__mux2_1_A0/X (sky130_fd_sc_hd__mux2_1)
                                                         filter.x_in[11]_sky130_fd_sc_hd__dfrtp_2_Q_D (net)
                      0.102298    0.000146   10.343349 v filter.x_in[11]_sky130_fd_sc_hd__dfrtp_2_Q/D (sky130_fd_sc_hd__dfrtp_1)
                                             10.343349   data arrival time

                                 30.000000   30.000000   clock clk (rise edge)
                                  0.000000   30.000000   clock source latency
     1    0.042471    0.306377    0.217000   30.216999 ^ clk (in)
                                                         clk (net)
                      0.306741    0.000000   30.216999 ^ clkbuf_0_clk/A (sky130_fd_sc_hd__clkbuf_16)
     8    0.141131    0.236430    0.455319   30.672319 ^ clkbuf_0_clk/X (sky130_fd_sc_hd__clkbuf_16)
                                                         clknet_0_clk (net)
                      0.239060    0.020002   30.692320 ^ clkbuf_3_0__f_clk/A (sky130_fd_sc_hd__clkbuf_16)
    10    0.042464    0.097118    0.329216   31.021536 ^ clkbuf_3_0__f_clk/X (sky130_fd_sc_hd__clkbuf_16)
                                                         clknet_3_0__leaf_clk (net)
                      0.097308    0.003009   31.024546 ^ filter.x_in[11]_sky130_fd_sc_hd__dfrtp_2_Q/CLK (sky130_fd_sc_hd__dfrtp_1)
                                 -0.250000   30.774544   clock uncertainty
                                  0.000000   30.774544   clock reconvergence pessimism
                                 -0.282750   30.491795   library setup time
                                             30.491795   data required time
---------------------------------------------------------------------------------------------
                                             30.491795   data required time
                                            -10.343349   data arrival time
---------------------------------------------------------------------------------------------
                                             20.148445   slack (MET)


Startpoint: spi_sel (input port clocked by clk)
Endpoint: filter.x_in[12]_sky130_fd_sc_hd__dfrtp_2_Q
          (rising edge-triggered flip-flop clocked by clk)
Path Group: clk
Path Type: max

Fanout         Cap        Slew       Delay        Time   Description
---------------------------------------------------------------------------------------------
                                  0.000000    0.000000   clock clk (rise edge)
                                  0.000000    0.000000   clock network delay (propagated)
                                  6.000000    6.000000 v input external delay
     1    0.002732    0.018195    0.009064    6.009064 v spi_sel (in)
                                                         spi_sel (net)
                      0.018196    0.000000    6.009064 v input4/A (sky130_fd_sc_hd__buf_1)
     3    0.012989    0.155965    0.222081    6.231145 v input4/X (sky130_fd_sc_hd__buf_1)
                                                         net4 (net)
                      0.155967    0.000904    6.232049 v spi_sel_sky130_fd_sc_hd__nor3b_2_A/A (sky130_fd_sc_hd__nor3b_1)
     1    0.010654    0.632586    0.645716    6.877766 ^ spi_sel_sky130_fd_sc_hd__nor3b_2_A/Y (sky130_fd_sc_hd__nor3b_1)
                                                         spi_sel_sky130_fd_sc_hd__nor3b_2_A_Y (net)
                      0.632588    0.000977    6.878742 ^ fanout16/A (sky130_fd_sc_hd__clkbuf_8)
     9    0.088633    0.256280    0.595786    7.474528 ^ fanout16/X (sky130_fd_sc_hd__clkbuf_8)
                                                         net16 (net)
                      0.256315    0.002613    7.477141 ^ fanout15/A (sky130_fd_sc_hd__buf_4)
    10    0.070536    0.314905    0.470968    7.948109 ^ fanout15/X (sky130_fd_sc_hd__buf_4)
                                                         net15 (net)
                      0.315177    0.005990    7.954099 ^ spi_in.bit_cnt[1]_sky130_fd_sc_hd__and3_2_A/C (sky130_fd_sc_hd__and3_1)
     4    0.013990    0.235373    0.514292    8.468390 ^ spi_in.bit_cnt[1]_sky130_fd_sc_hd__and3_2_A/X (sky130_fd_sc_hd__and3_1)
                                                         spi_in.bit_cnt[1]_sky130_fd_sc_hd__and3_2_A_X (net)
                      0.235373    0.000548    8.468939 ^ spi_in.bit_cnt[3]_sky130_fd_sc_hd__and3_2_A/C (sky130_fd_sc_hd__and3_1)
     2    0.022730    0.359353    0.580820    9.049759 ^ spi_in.bit_cnt[3]_sky130_fd_sc_hd__and3_2_A/X (sky130_fd_sc_hd__and3_1)
                                                         spi_in.bit_cnt[3]_sky130_fd_sc_hd__and3_2_A_X (net)
                      0.359371    0.002927    9.052685 ^ fanout10/A (sky130_fd_sc_hd__clkbuf_8)
    10    0.104245    0.289717    0.518031    9.570716 ^ fanout10/X (sky130_fd_sc_hd__clkbuf_8)
                                                         net10 (net)
                      0.290770    0.013332    9.584047 ^ filter.x_in[12]_sky130_fd_sc_hd__mux2_1_A0/S (sky130_fd_sc_hd__mux2_1)
     1    0.002324    0.105781    0.765129   10.349177 v filter.x_in[12]_sky130_fd_sc_hd__mux2_1_A0/X (sky130_fd_sc_hd__mux2_1)
                                                         filter.x_in[12]_sky130_fd_sc_hd__dfrtp_2_Q_D (net)
                      0.105781    0.000159   10.349336 v filter.x_in[12]_sky130_fd_sc_hd__dfrtp_2_Q/D (sky130_fd_sc_hd__dfrtp_1)
                                             10.349336   data arrival time

                                 30.000000   30.000000   clock clk (rise edge)
                                  0.000000   30.000000   clock source latency
     1    0.042471    0.306377    0.217000   30.216999 ^ clk (in)
                                                         clk (net)
                      0.306741    0.000000   30.216999 ^ clkbuf_0_clk/A (sky130_fd_sc_hd__clkbuf_16)
     8    0.141131    0.236430    0.455319   30.672319 ^ clkbuf_0_clk/X (sky130_fd_sc_hd__clkbuf_16)
                                                         clknet_0_clk (net)
                      0.239769    0.022450   30.694769 ^ clkbuf_3_3__f_clk/A (sky130_fd_sc_hd__clkbuf_16)
     6    0.047673    0.104277    0.334929   31.029697 ^ clkbuf_3_3__f_clk/X (sky130_fd_sc_hd__clkbuf_16)
                                                         clknet_3_3__leaf_clk (net)
                      0.104423    0.003286   31.032984 ^ filter.x_in[12]_sky130_fd_sc_hd__dfrtp_2_Q/CLK (sky130_fd_sc_hd__dfrtp_1)
                                 -0.250000   30.782982   clock uncertainty
                                  0.000000   30.782982   clock reconvergence pessimism
                                 -0.282304   30.500677   library setup time
                                             30.500677   data required time
---------------------------------------------------------------------------------------------
                                             30.500677   data required time
                                            -10.349336   data arrival time
---------------------------------------------------------------------------------------------
                                             20.151340   slack (MET)


Startpoint: spi_sel (input port clocked by clk)
Endpoint: filter.x_in[1]_sky130_fd_sc_hd__dfrtp_2_Q
          (rising edge-triggered flip-flop clocked by clk)
Path Group: clk
Path Type: max

Fanout         Cap        Slew       Delay        Time   Description
---------------------------------------------------------------------------------------------
                                  0.000000    0.000000   clock clk (rise edge)
                                  0.000000    0.000000   clock network delay (propagated)
                                  6.000000    6.000000 v input external delay
     1    0.002732    0.018195    0.009064    6.009064 v spi_sel (in)
                                                         spi_sel (net)
                      0.018196    0.000000    6.009064 v input4/A (sky130_fd_sc_hd__buf_1)
     3    0.012989    0.155965    0.222081    6.231145 v input4/X (sky130_fd_sc_hd__buf_1)
                                                         net4 (net)
                      0.155967    0.000904    6.232049 v spi_sel_sky130_fd_sc_hd__nor3b_2_A/A (sky130_fd_sc_hd__nor3b_1)
     1    0.010654    0.632586    0.645716    6.877766 ^ spi_sel_sky130_fd_sc_hd__nor3b_2_A/Y (sky130_fd_sc_hd__nor3b_1)
                                                         spi_sel_sky130_fd_sc_hd__nor3b_2_A_Y (net)
                      0.632588    0.000977    6.878742 ^ fanout16/A (sky130_fd_sc_hd__clkbuf_8)
     9    0.088633    0.256280    0.595786    7.474528 ^ fanout16/X (sky130_fd_sc_hd__clkbuf_8)
                                                         net16 (net)
                      0.256315    0.002613    7.477141 ^ fanout15/A (sky130_fd_sc_hd__buf_4)
    10    0.070536    0.314905    0.470968    7.948109 ^ fanout15/X (sky130_fd_sc_hd__buf_4)
                                                         net15 (net)
                      0.315177    0.005990    7.954099 ^ spi_in.bit_cnt[1]_sky130_fd_sc_hd__and3_2_A/C (sky130_fd_sc_hd__and3_1)
     4    0.013990    0.235373    0.514292    8.468390 ^ spi_in.bit_cnt[1]_sky130_fd_sc_hd__and3_2_A/X (sky130_fd_sc_hd__and3_1)
                                                         spi_in.bit_cnt[1]_sky130_fd_sc_hd__and3_2_A_X (net)
                      0.235373    0.000548    8.468939 ^ spi_in.bit_cnt[3]_sky130_fd_sc_hd__and3_2_A/C (sky130_fd_sc_hd__and3_1)
     2    0.022730    0.359353    0.580820    9.049759 ^ spi_in.bit_cnt[3]_sky130_fd_sc_hd__and3_2_A/X (sky130_fd_sc_hd__and3_1)
                                                         spi_in.bit_cnt[3]_sky130_fd_sc_hd__and3_2_A_X (net)
                      0.359371    0.002927    9.052685 ^ fanout10/A (sky130_fd_sc_hd__clkbuf_8)
    10    0.104245    0.289717    0.518031    9.570716 ^ fanout10/X (sky130_fd_sc_hd__clkbuf_8)
                                                         net10 (net)
                      0.290740    0.013118    9.583835 ^ spi_in.shift_reg[0]_sky130_fd_sc_hd__mux2_1_A1/S (sky130_fd_sc_hd__mux2_1)
     1    0.002187    0.104437    0.762770   10.346604 v spi_in.shift_reg[0]_sky130_fd_sc_hd__mux2_1_A1/X (sky130_fd_sc_hd__mux2_1)
                                                         filter.x_in[1]_sky130_fd_sc_hd__dfrtp_2_Q_D (net)
                      0.104437    0.000159   10.346764 v filter.x_in[1]_sky130_fd_sc_hd__dfrtp_2_Q/D (sky130_fd_sc_hd__dfrtp_1)
                                             10.346764   data arrival time

                                 30.000000   30.000000   clock clk (rise edge)
                                  0.000000   30.000000   clock source latency
     1    0.042471    0.306377    0.217000   30.216999 ^ clk (in)
                                                         clk (net)
                      0.306741    0.000000   30.216999 ^ clkbuf_0_clk/A (sky130_fd_sc_hd__clkbuf_16)
     8    0.141131    0.236430    0.455319   30.672319 ^ clkbuf_0_clk/X (sky130_fd_sc_hd__clkbuf_16)
                                                         clknet_0_clk (net)
                      0.236864    0.008455   30.680775 ^ clkbuf_3_6__f_clk/A (sky130_fd_sc_hd__clkbuf_16)
     9    0.059836    0.120431    0.346695   31.027470 ^ clkbuf_3_6__f_clk/X (sky130_fd_sc_hd__clkbuf_16)
                                                         clknet_3_6__leaf_clk (net)
                      0.120543    0.003247   31.030716 ^ filter.x_in[1]_sky130_fd_sc_hd__dfrtp_2_Q/CLK (sky130_fd_sc_hd__dfrtp_1)
                                 -0.250000   30.780716   clock uncertainty
                                  0.000000   30.780716   clock reconvergence pessimism
                                 -0.277444   30.503273   library setup time
                                             30.503273   data required time
---------------------------------------------------------------------------------------------
                                             30.503273   data required time
                                            -10.346764   data arrival time
---------------------------------------------------------------------------------------------
                                             20.156509   slack (MET)


Startpoint: spi_sel (input port clocked by clk)
Endpoint: filter.x_in[0]_sky130_fd_sc_hd__dfrtp_2_Q
          (rising edge-triggered flip-flop clocked by clk)
Path Group: clk
Path Type: max

Fanout         Cap        Slew       Delay        Time   Description
---------------------------------------------------------------------------------------------
                                  0.000000    0.000000   clock clk (rise edge)
                                  0.000000    0.000000   clock network delay (propagated)
                                  6.000000    6.000000 v input external delay
     1    0.002732    0.018195    0.009064    6.009064 v spi_sel (in)
                                                         spi_sel (net)
                      0.018196    0.000000    6.009064 v input4/A (sky130_fd_sc_hd__buf_1)
     3    0.012989    0.155965    0.222081    6.231145 v input4/X (sky130_fd_sc_hd__buf_1)
                                                         net4 (net)
                      0.155967    0.000904    6.232049 v spi_sel_sky130_fd_sc_hd__nor3b_2_A/A (sky130_fd_sc_hd__nor3b_1)
     1    0.010654    0.632586    0.645716    6.877766 ^ spi_sel_sky130_fd_sc_hd__nor3b_2_A/Y (sky130_fd_sc_hd__nor3b_1)
                                                         spi_sel_sky130_fd_sc_hd__nor3b_2_A_Y (net)
                      0.632588    0.000977    6.878742 ^ fanout16/A (sky130_fd_sc_hd__clkbuf_8)
     9    0.088633    0.256280    0.595786    7.474528 ^ fanout16/X (sky130_fd_sc_hd__clkbuf_8)
                                                         net16 (net)
                      0.256315    0.002613    7.477141 ^ fanout15/A (sky130_fd_sc_hd__buf_4)
    10    0.070536    0.314905    0.470968    7.948109 ^ fanout15/X (sky130_fd_sc_hd__buf_4)
                                                         net15 (net)
                      0.315177    0.005990    7.954099 ^ spi_in.bit_cnt[1]_sky130_fd_sc_hd__and3_2_A/C (sky130_fd_sc_hd__and3_1)
     4    0.013990    0.235373    0.514292    8.468390 ^ spi_in.bit_cnt[1]_sky130_fd_sc_hd__and3_2_A/X (sky130_fd_sc_hd__and3_1)
                                                         spi_in.bit_cnt[1]_sky130_fd_sc_hd__and3_2_A_X (net)
                      0.235373    0.000548    8.468939 ^ spi_in.bit_cnt[3]_sky130_fd_sc_hd__and3_2_A/C (sky130_fd_sc_hd__and3_1)
     2    0.022730    0.359353    0.580820    9.049759 ^ spi_in.bit_cnt[3]_sky130_fd_sc_hd__and3_2_A/X (sky130_fd_sc_hd__and3_1)
                                                         spi_in.bit_cnt[3]_sky130_fd_sc_hd__and3_2_A_X (net)
                      0.359371    0.002927    9.052685 ^ fanout10/A (sky130_fd_sc_hd__clkbuf_8)
    10    0.104245    0.289717    0.518031    9.570716 ^ fanout10/X (sky130_fd_sc_hd__clkbuf_8)
                                                         net10 (net)
                      0.290721    0.012987    9.583703 ^ spi_mosi_sky130_fd_sc_hd__mux2_1_A1_1/S (sky130_fd_sc_hd__mux2_1)
     1    0.002200    0.104126    0.763006   10.346708 v spi_mosi_sky130_fd_sc_hd__mux2_1_A1_1/X (sky130_fd_sc_hd__mux2_1)
                                                         filter.x_in[0]_sky130_fd_sc_hd__dfrtp_2_Q_D (net)
                      0.104126    0.000153   10.346862 v filter.x_in[0]_sky130_fd_sc_hd__dfrtp_2_Q/D (sky130_fd_sc_hd__dfrtp_1)
                                             10.346862   data arrival time

                                 30.000000   30.000000   clock clk (rise edge)
                                  0.000000   30.000000   clock source latency
     1    0.042471    0.306377    0.217000   30.216999 ^ clk (in)
                                                         clk (net)
                      0.306741    0.000000   30.216999 ^ clkbuf_0_clk/A (sky130_fd_sc_hd__clkbuf_16)
     8    0.141131    0.236430    0.455319   30.672319 ^ clkbuf_0_clk/X (sky130_fd_sc_hd__clkbuf_16)
                                                         clknet_0_clk (net)
                      0.236864    0.008455   30.680775 ^ clkbuf_3_6__f_clk/A (sky130_fd_sc_hd__clkbuf_16)
     9    0.059836    0.120431    0.346695   31.027470 ^ clkbuf_3_6__f_clk/X (sky130_fd_sc_hd__clkbuf_16)
                                                         clknet_3_6__leaf_clk (net)
                      0.120576    0.003631   31.031101 ^ filter.x_in[0]_sky130_fd_sc_hd__dfrtp_2_Q/CLK (sky130_fd_sc_hd__dfrtp_1)
                                 -0.250000   30.781099   clock uncertainty
                                  0.000000   30.781099   clock reconvergence pessimism
                                 -0.277305   30.503792   library setup time
                                             30.503792   data required time
---------------------------------------------------------------------------------------------
                                             30.503792   data required time
                                            -10.346862   data arrival time
---------------------------------------------------------------------------------------------
                                             20.156931   slack (MET)


Startpoint: spi_sel (input port clocked by clk)
Endpoint: filter.x_in[8]_sky130_fd_sc_hd__dfrtp_2_Q
          (rising edge-triggered flip-flop clocked by clk)
Path Group: clk
Path Type: max

Fanout         Cap        Slew       Delay        Time   Description
---------------------------------------------------------------------------------------------
                                  0.000000    0.000000   clock clk (rise edge)
                                  0.000000    0.000000   clock network delay (propagated)
                                  6.000000    6.000000 v input external delay
     1    0.002732    0.018195    0.009064    6.009064 v spi_sel (in)
                                                         spi_sel (net)
                      0.018196    0.000000    6.009064 v input4/A (sky130_fd_sc_hd__buf_1)
     3    0.012989    0.155965    0.222081    6.231145 v input4/X (sky130_fd_sc_hd__buf_1)
                                                         net4 (net)
                      0.155967    0.000904    6.232049 v spi_sel_sky130_fd_sc_hd__nor3b_2_A/A (sky130_fd_sc_hd__nor3b_1)
     1    0.010654    0.632586    0.645716    6.877766 ^ spi_sel_sky130_fd_sc_hd__nor3b_2_A/Y (sky130_fd_sc_hd__nor3b_1)
                                                         spi_sel_sky130_fd_sc_hd__nor3b_2_A_Y (net)
                      0.632588    0.000977    6.878742 ^ fanout16/A (sky130_fd_sc_hd__clkbuf_8)
     9    0.088633    0.256280    0.595786    7.474528 ^ fanout16/X (sky130_fd_sc_hd__clkbuf_8)
                                                         net16 (net)
                      0.256315    0.002613    7.477141 ^ fanout15/A (sky130_fd_sc_hd__buf_4)
    10    0.070536    0.314905    0.470968    7.948109 ^ fanout15/X (sky130_fd_sc_hd__buf_4)
                                                         net15 (net)
                      0.315177    0.005990    7.954099 ^ spi_in.bit_cnt[1]_sky130_fd_sc_hd__and3_2_A/C (sky130_fd_sc_hd__and3_1)
     4    0.013990    0.235373    0.514292    8.468390 ^ spi_in.bit_cnt[1]_sky130_fd_sc_hd__and3_2_A/X (sky130_fd_sc_hd__and3_1)
                                                         spi_in.bit_cnt[1]_sky130_fd_sc_hd__and3_2_A_X (net)
                      0.235373    0.000548    8.468939 ^ spi_in.bit_cnt[3]_sky130_fd_sc_hd__and3_2_A/C (sky130_fd_sc_hd__and3_1)
     2    0.022730    0.359353    0.580820    9.049759 ^ spi_in.bit_cnt[3]_sky130_fd_sc_hd__and3_2_A/X (sky130_fd_sc_hd__and3_1)
                                                         spi_in.bit_cnt[3]_sky130_fd_sc_hd__and3_2_A_X (net)
                      0.359371    0.002927    9.052685 ^ fanout10/A (sky130_fd_sc_hd__clkbuf_8)
    10    0.104245    0.289717    0.518031    9.570716 ^ fanout10/X (sky130_fd_sc_hd__clkbuf_8)
                                                         net10 (net)
                      0.289976    0.004981    9.575697 ^ filter.x_in[8]_sky130_fd_sc_hd__mux2_1_A0/S (sky130_fd_sc_hd__mux2_1)
     1    0.002759    0.109604    0.772378   10.348075 v filter.x_in[8]_sky130_fd_sc_hd__mux2_1_A0/X (sky130_fd_sc_hd__mux2_1)
                                                         filter.x_in[8]_sky130_fd_sc_hd__dfrtp_2_Q_D (net)
                      0.109604    0.000175   10.348249 v filter.x_in[8]_sky130_fd_sc_hd__dfrtp_2_Q/D (sky130_fd_sc_hd__dfrtp_1)
                                             10.348249   data arrival time

                                 30.000000   30.000000   clock clk (rise edge)
                                  0.000000   30.000000   clock source latency
     1    0.042471    0.306377    0.217000   30.216999 ^ clk (in)
                                                         clk (net)
                      0.306741    0.000000   30.216999 ^ clkbuf_0_clk/A (sky130_fd_sc_hd__clkbuf_16)
     8    0.141131    0.236430    0.455319   30.672319 ^ clkbuf_0_clk/X (sky130_fd_sc_hd__clkbuf_16)
                                                         clknet_0_clk (net)
                      0.238329    0.017106   30.689425 ^ clkbuf_3_1__f_clk/A (sky130_fd_sc_hd__clkbuf_16)
    12    0.058278    0.118607    0.344833   31.034258 ^ clkbuf_3_1__f_clk/X (sky130_fd_sc_hd__clkbuf_16)
                                                         clknet_3_1__leaf_clk (net)
                      0.118806    0.004231   31.038490 ^ filter.x_in[8]_sky130_fd_sc_hd__dfrtp_2_Q/CLK (sky130_fd_sc_hd__dfrtp_1)
                                 -0.250000   30.788488   clock uncertainty
                                  0.000000   30.788488   clock reconvergence pessimism
                                 -0.280060   30.508429   library setup time
                                             30.508429   data required time
---------------------------------------------------------------------------------------------
                                             30.508429   data required time
                                            -10.348249   data arrival time
---------------------------------------------------------------------------------------------
                                             20.160179   slack (MET)


Startpoint: spi_sel (input port clocked by clk)
Endpoint: filter.x_in[9]_sky130_fd_sc_hd__dfrtp_2_Q
          (rising edge-triggered flip-flop clocked by clk)
Path Group: clk
Path Type: max

Fanout         Cap        Slew       Delay        Time   Description
---------------------------------------------------------------------------------------------
                                  0.000000    0.000000   clock clk (rise edge)
                                  0.000000    0.000000   clock network delay (propagated)
                                  6.000000    6.000000 v input external delay
     1    0.002732    0.018195    0.009064    6.009064 v spi_sel (in)
                                                         spi_sel (net)
                      0.018196    0.000000    6.009064 v input4/A (sky130_fd_sc_hd__buf_1)
     3    0.012989    0.155965    0.222081    6.231145 v input4/X (sky130_fd_sc_hd__buf_1)
                                                         net4 (net)
                      0.155967    0.000904    6.232049 v spi_sel_sky130_fd_sc_hd__nor3b_2_A/A (sky130_fd_sc_hd__nor3b_1)
     1    0.010654    0.632586    0.645716    6.877766 ^ spi_sel_sky130_fd_sc_hd__nor3b_2_A/Y (sky130_fd_sc_hd__nor3b_1)
                                                         spi_sel_sky130_fd_sc_hd__nor3b_2_A_Y (net)
                      0.632588    0.000977    6.878742 ^ fanout16/A (sky130_fd_sc_hd__clkbuf_8)
     9    0.088633    0.256280    0.595786    7.474528 ^ fanout16/X (sky130_fd_sc_hd__clkbuf_8)
                                                         net16 (net)
                      0.256315    0.002613    7.477141 ^ fanout15/A (sky130_fd_sc_hd__buf_4)
    10    0.070536    0.314905    0.470968    7.948109 ^ fanout15/X (sky130_fd_sc_hd__buf_4)
                                                         net15 (net)
                      0.315177    0.005990    7.954099 ^ spi_in.bit_cnt[1]_sky130_fd_sc_hd__and3_2_A/C (sky130_fd_sc_hd__and3_1)
     4    0.013990    0.235373    0.514292    8.468390 ^ spi_in.bit_cnt[1]_sky130_fd_sc_hd__and3_2_A/X (sky130_fd_sc_hd__and3_1)
                                                         spi_in.bit_cnt[1]_sky130_fd_sc_hd__and3_2_A_X (net)
                      0.235373    0.000548    8.468939 ^ spi_in.bit_cnt[3]_sky130_fd_sc_hd__and3_2_A/C (sky130_fd_sc_hd__and3_1)
     2    0.022730    0.359353    0.580820    9.049759 ^ spi_in.bit_cnt[3]_sky130_fd_sc_hd__and3_2_A/X (sky130_fd_sc_hd__and3_1)
                                                         spi_in.bit_cnt[3]_sky130_fd_sc_hd__and3_2_A_X (net)
                      0.359371    0.002927    9.052685 ^ fanout10/A (sky130_fd_sc_hd__clkbuf_8)
    10    0.104245    0.289717    0.518031    9.570716 ^ fanout10/X (sky130_fd_sc_hd__clkbuf_8)
                                                         net10 (net)
                      0.290240    0.008775    9.579492 ^ filter.x_in[9]_sky130_fd_sc_hd__mux2_1_A0/S (sky130_fd_sc_hd__mux2_1)
     1    0.002045    0.103170    0.760219   10.339710 v filter.x_in[9]_sky130_fd_sc_hd__mux2_1_A0/X (sky130_fd_sc_hd__mux2_1)
                                                         filter.x_in[9]_sky130_fd_sc_hd__dfrtp_2_Q_D (net)
                      0.103170    0.000147   10.339857 v filter.x_in[9]_sky130_fd_sc_hd__dfrtp_2_Q/D (sky130_fd_sc_hd__dfrtp_1)
                                             10.339857   data arrival time

                                 30.000000   30.000000   clock clk (rise edge)
                                  0.000000   30.000000   clock source latency
     1    0.042471    0.306377    0.217000   30.216999 ^ clk (in)
                                                         clk (net)
                      0.306741    0.000000   30.216999 ^ clkbuf_0_clk/A (sky130_fd_sc_hd__clkbuf_16)
     8    0.141131    0.236430    0.455319   30.672319 ^ clkbuf_0_clk/X (sky130_fd_sc_hd__clkbuf_16)
                                                         clknet_0_clk (net)
                      0.238329    0.017106   30.689425 ^ clkbuf_3_1__f_clk/A (sky130_fd_sc_hd__clkbuf_16)
    12    0.058278    0.118607    0.344833   31.034258 ^ clkbuf_3_1__f_clk/X (sky130_fd_sc_hd__clkbuf_16)
                                                         clknet_3_1__leaf_clk (net)
                      0.118948    0.005379   31.039637 ^ filter.x_in[9]_sky130_fd_sc_hd__dfrtp_2_Q/CLK (sky130_fd_sc_hd__dfrtp_1)
                                 -0.250000   30.789637   clock uncertainty
                                  0.000000   30.789637   clock reconvergence pessimism
                                 -0.277342   30.512295   library setup time
                                             30.512295   data required time
---------------------------------------------------------------------------------------------
                                             30.512295   data required time
                                            -10.339857   data arrival time
---------------------------------------------------------------------------------------------
                                             20.172438   slack (MET)


Startpoint: spi_clk (input port clocked by clk)
Endpoint: spi_out.bit_cnt[4]_sky130_fd_sc_hd__dfrtp_2_Q
          (rising edge-triggered flip-flop clocked by clk)
Path Group: clk
Path Type: max

Fanout         Cap        Slew       Delay        Time   Description
---------------------------------------------------------------------------------------------
                                  0.000000    0.000000   clock clk (rise edge)
                                  0.000000    0.000000   clock network delay (propagated)
                                  6.000000    6.000000 v input external delay
     1    0.002665    0.017944    0.008852    6.008852 v spi_clk (in)
                                                         spi_clk (net)
                      0.017944    0.000000    6.008852 v input2/A (sky130_fd_sc_hd__clkbuf_1)
     3    0.007169    0.095091    0.174579    6.183431 v input2/X (sky130_fd_sc_hd__clkbuf_1)
                                                         net2 (net)
                      0.095091    0.000276    6.183707 v spi_clk_sky130_fd_sc_hd__or3b_2_A/A (sky130_fd_sc_hd__or3b_1)
     1    0.002762    0.136500    0.854920    7.038627 v spi_clk_sky130_fd_sc_hd__or3b_2_A/X (sky130_fd_sc_hd__or3b_1)
                                                         spi_clk_sky130_fd_sc_hd__or3b_2_A_X (net)
                      0.136500    0.000123    7.038749 v spi_sel_sky130_fd_sc_hd__a21oi_2_B1/A2 (sky130_fd_sc_hd__a21oi_1)
     2    0.014549    0.526786    0.527089    7.565838 ^ spi_sel_sky130_fd_sc_hd__a21oi_2_B1/Y (sky130_fd_sc_hd__a21oi_1)
                                                         spi_sel_sky130_fd_sc_hd__a21oi_2_B1_Y (net)
                      0.526788    0.000774    7.566612 ^ fanout7/A (sky130_fd_sc_hd__clkbuf_4)
     9    0.055779    0.275366    0.601112    8.167724 ^ fanout7/X (sky130_fd_sc_hd__clkbuf_4)
                                                         net7 (net)
                      0.275378    0.002126    8.169850 ^ spi_out.bit_cnt[1]_sky130_fd_sc_hd__and3_2_A/C (sky130_fd_sc_hd__and3_1)
     4    0.017219    0.280787    0.536148    8.705998 ^ spi_out.bit_cnt[1]_sky130_fd_sc_hd__and3_2_A/X (sky130_fd_sc_hd__and3_1)
                                                         spi_out.bit_cnt[1]_sky130_fd_sc_hd__and3_2_A_X (net)
                      0.280787    0.000773    8.706771 ^ spi_out.bit_cnt[3]_sky130_fd_sc_hd__and3_2_A/C (sky130_fd_sc_hd__and3_1)
     2    0.009418    0.175148    0.451977    9.158748 ^ spi_out.bit_cnt[3]_sky130_fd_sc_hd__and3_2_A/X (sky130_fd_sc_hd__and3_1)
                                                         spi_out.bit_cnt[3]_sky130_fd_sc_hd__and3_2_A_X (net)
                      0.175148    0.000649    9.159397 ^ spi_out.bit_cnt[4]_sky130_fd_sc_hd__dfrtp_2_Q_D_sky130_fd_sc_hd__mux2_1_X/S (sky130_fd_sc_hd__mux2_1)
     1    0.002962    0.111620    0.738088    9.897485 v spi_out.bit_cnt[4]_sky130_fd_sc_hd__dfrtp_2_Q_D_sky130_fd_sc_hd__mux2_1_X/X (sky130_fd_sc_hd__mux2_1)
                                                         spi_out.bit_cnt[4]_sky130_fd_sc_hd__dfrtp_2_Q_D (net)
                      0.111620    0.000188    9.897674 v spi_out.bit_cnt[4]_sky130_fd_sc_hd__dfrtp_2_Q/D (sky130_fd_sc_hd__dfrtp_1)
                                              9.897674   data arrival time

                                 30.000000   30.000000   clock clk (rise edge)
                                  0.000000   30.000000   clock source latency
     1    0.042471    0.306377    0.217000   30.216999 ^ clk (in)
                                                         clk (net)
                      0.306741    0.000000   30.216999 ^ clkbuf_0_clk/A (sky130_fd_sc_hd__clkbuf_16)
     8    0.141131    0.236430    0.455319   30.672319 ^ clkbuf_0_clk/X (sky130_fd_sc_hd__clkbuf_16)
                                                         clknet_0_clk (net)
                      0.238348    0.017188   30.689507 ^ clkbuf_3_4__f_clk/A (sky130_fd_sc_hd__clkbuf_16)
    13    0.057277    0.117206    0.344173   31.033680 ^ clkbuf_3_4__f_clk/X (sky130_fd_sc_hd__clkbuf_16)
                                                         clknet_3_4__leaf_clk (net)
                      0.117596    0.005731   31.039410 ^ spi_out.bit_cnt[4]_sky130_fd_sc_hd__dfrtp_2_Q/CLK (sky130_fd_sc_hd__dfrtp_1)
                                 -0.250000   30.789410   clock uncertainty
                                  0.000000   30.789410   clock reconvergence pessimism
                                 -0.281223   30.508186   library setup time
                                             30.508186   data required time
---------------------------------------------------------------------------------------------
                                             30.508186   data required time
                                             -9.897674   data arrival time
---------------------------------------------------------------------------------------------
                                             20.610516   slack (MET)


Startpoint: spi_sel (input port clocked by clk)
Endpoint: spi_in.shift_reg[10]_sky130_fd_sc_hd__dfrtp_2_Q
          (rising edge-triggered flip-flop clocked by clk)
Path Group: clk
Path Type: max

Fanout         Cap        Slew       Delay        Time   Description
---------------------------------------------------------------------------------------------
                                  0.000000    0.000000   clock clk (rise edge)
                                  0.000000    0.000000   clock network delay (propagated)
                                  6.000000    6.000000 v input external delay
     1    0.002732    0.018195    0.009064    6.009064 v spi_sel (in)
                                                         spi_sel (net)
                      0.018196    0.000000    6.009064 v input4/A (sky130_fd_sc_hd__buf_1)
     3    0.012989    0.155965    0.222081    6.231145 v input4/X (sky130_fd_sc_hd__buf_1)
                                                         net4 (net)
                      0.155967    0.000904    6.232049 v spi_sel_sky130_fd_sc_hd__nor3b_2_A/A (sky130_fd_sc_hd__nor3b_1)
     1    0.010654    0.632586    0.645716    6.877766 ^ spi_sel_sky130_fd_sc_hd__nor3b_2_A/Y (sky130_fd_sc_hd__nor3b_1)
                                                         spi_sel_sky130_fd_sc_hd__nor3b_2_A_Y (net)
                      0.632588    0.000977    6.878742 ^ fanout16/A (sky130_fd_sc_hd__clkbuf_8)
     9    0.088633    0.256280    0.595786    7.474528 ^ fanout16/X (sky130_fd_sc_hd__clkbuf_8)
                                                         net16 (net)
                      0.256315    0.002613    7.477141 ^ fanout15/A (sky130_fd_sc_hd__buf_4)
    10    0.070536    0.314905    0.470968    7.948109 ^ fanout15/X (sky130_fd_sc_hd__buf_4)
                                                         net15 (net)
                      0.315238    0.006997    7.955106 ^ spi_in.shift_reg[9]_sky130_fd_sc_hd__mux2_1_A1/S (sky130_fd_sc_hd__mux2_1)
     1    0.001626    0.098899    0.759671    8.714777 v spi_in.shift_reg[9]_sky130_fd_sc_hd__mux2_1_A1/X (sky130_fd_sc_hd__mux2_1)
                                                         spi_in.shift_reg[10]_sky130_fd_sc_hd__dfrtp_2_Q_D (net)
                      0.098899    0.000074    8.714850 v hold41/A (sky130_fd_sc_hd__dlygate4sd3_1)
     1    0.002159    0.100403    1.126034    9.840885 v hold41/X (sky130_fd_sc_hd__dlygate4sd3_1)
                                                         net76 (net)
                      0.100403    0.000151    9.841036 v spi_in.shift_reg[10]_sky130_fd_sc_hd__dfrtp_2_Q/D (sky130_fd_sc_hd__dfrtp_1)
                                              9.841036   data arrival time

                                 30.000000   30.000000   clock clk (rise edge)
                                  0.000000   30.000000   clock source latency
     1    0.042471    0.306377    0.217000   30.216999 ^ clk (in)
                                                         clk (net)
                      0.306741    0.000000   30.216999 ^ clkbuf_0_clk/A (sky130_fd_sc_hd__clkbuf_16)
     8    0.141131    0.236430    0.455319   30.672319 ^ clkbuf_0_clk/X (sky130_fd_sc_hd__clkbuf_16)
                                                         clknet_0_clk (net)
                      0.239060    0.020002   30.692320 ^ clkbuf_3_0__f_clk/A (sky130_fd_sc_hd__clkbuf_16)
    10    0.042464    0.097118    0.329216   31.021536 ^ clkbuf_3_0__f_clk/X (sky130_fd_sc_hd__clkbuf_16)
                                                         clknet_3_0__leaf_clk (net)
                      0.097205    0.001673   31.023211 ^ spi_in.shift_reg[10]_sky130_fd_sc_hd__dfrtp_2_Q/CLK (sky130_fd_sc_hd__dfrtp_1)
                                 -0.250000   30.773209   clock uncertainty
                                  0.000000   30.773209   clock reconvergence pessimism
                                 -0.281988   30.491219   library setup time
                                             30.491219   data required time
---------------------------------------------------------------------------------------------
                                             30.491219   data required time
                                             -9.841036   data arrival time
---------------------------------------------------------------------------------------------
                                             20.650185   slack (MET)


Startpoint: spi_sel (input port clocked by clk)
Endpoint: spi_in.shift_reg[14]_sky130_fd_sc_hd__dfrtp_2_Q
          (rising edge-triggered flip-flop clocked by clk)
Path Group: clk
Path Type: max

Fanout         Cap        Slew       Delay        Time   Description
---------------------------------------------------------------------------------------------
                                  0.000000    0.000000   clock clk (rise edge)
                                  0.000000    0.000000   clock network delay (propagated)
                                  6.000000    6.000000 v input external delay
     1    0.002732    0.018195    0.009064    6.009064 v spi_sel (in)
                                                         spi_sel (net)
                      0.018196    0.000000    6.009064 v input4/A (sky130_fd_sc_hd__buf_1)
     3    0.012989    0.155965    0.222081    6.231145 v input4/X (sky130_fd_sc_hd__buf_1)
                                                         net4 (net)
                      0.155967    0.000904    6.232049 v spi_sel_sky130_fd_sc_hd__nor3b_2_A/A (sky130_fd_sc_hd__nor3b_1)
     1    0.010654    0.632586    0.645716    6.877766 ^ spi_sel_sky130_fd_sc_hd__nor3b_2_A/Y (sky130_fd_sc_hd__nor3b_1)
                                                         spi_sel_sky130_fd_sc_hd__nor3b_2_A_Y (net)
                      0.632588    0.000977    6.878742 ^ fanout16/A (sky130_fd_sc_hd__clkbuf_8)
     9    0.088633    0.256280    0.595786    7.474528 ^ fanout16/X (sky130_fd_sc_hd__clkbuf_8)
                                                         net16 (net)
                      0.256315    0.002613    7.477141 ^ fanout15/A (sky130_fd_sc_hd__buf_4)
    10    0.070536    0.314905    0.470968    7.948109 ^ fanout15/X (sky130_fd_sc_hd__buf_4)
                                                         net15 (net)
                      0.315357    0.008604    7.956713 ^ spi_in.shift_reg[14]_sky130_fd_sc_hd__mux2_1_A0/S (sky130_fd_sc_hd__mux2_1)
     1    0.001626    0.098554    0.759703    8.716415 v spi_in.shift_reg[14]_sky130_fd_sc_hd__mux2_1_A0/X (sky130_fd_sc_hd__mux2_1)
                                                         spi_in.shift_reg[14]_sky130_fd_sc_hd__dfrtp_2_Q_D (net)
                      0.098554    0.000074    8.716489 v hold13/A (sky130_fd_sc_hd__dlygate4sd3_1)
     1    0.002500    0.103230    1.131630    9.848119 v hold13/X (sky130_fd_sc_hd__dlygate4sd3_1)
                                                         net48 (net)
                      0.103230    0.000173    9.848292 v spi_in.shift_reg[14]_sky130_fd_sc_hd__dfrtp_2_Q/D (sky130_fd_sc_hd__dfrtp_1)
                                              9.848292   data arrival time

                                 30.000000   30.000000   clock clk (rise edge)
                                  0.000000   30.000000   clock source latency
     1    0.042471    0.306377    0.217000   30.216999 ^ clk (in)
                                                         clk (net)
                      0.306741    0.000000   30.216999 ^ clkbuf_0_clk/A (sky130_fd_sc_hd__clkbuf_16)
     8    0.141131    0.236430    0.455319   30.672319 ^ clkbuf_0_clk/X (sky130_fd_sc_hd__clkbuf_16)
                                                         clknet_0_clk (net)
                      0.239980    0.023128   30.695448 ^ clkbuf_3_2__f_clk/A (sky130_fd_sc_hd__clkbuf_16)
     9    0.050824    0.108508    0.338403   31.033850 ^ clkbuf_3_2__f_clk/X (sky130_fd_sc_hd__clkbuf_16)
                                                         clknet_3_2__leaf_clk (net)
                      0.108564    0.002292   31.036142 ^ spi_in.shift_reg[14]_sky130_fd_sc_hd__dfrtp_2_Q/CLK (sky130_fd_sc_hd__dfrtp_1)
                                 -0.250000   30.786140   clock uncertainty
                                  0.000000   30.786140   clock reconvergence pessimism
                                 -0.280136   30.506006   library setup time
                                             30.506006   data required time
---------------------------------------------------------------------------------------------
                                             30.506006   data required time
                                             -9.848292   data arrival time
---------------------------------------------------------------------------------------------
                                             20.657713   slack (MET)


Startpoint: spi_sel (input port clocked by clk)
Endpoint: spi_in.bit_cnt[3]_sky130_fd_sc_hd__dfrtp_2_Q
          (rising edge-triggered flip-flop clocked by clk)
Path Group: clk
Path Type: max

Fanout         Cap        Slew       Delay        Time   Description
---------------------------------------------------------------------------------------------
                                  0.000000    0.000000   clock clk (rise edge)
                                  0.000000    0.000000   clock network delay (propagated)
                                  6.000000    6.000000 v input external delay
     1    0.002732    0.018195    0.009064    6.009064 v spi_sel (in)
                                                         spi_sel (net)
                      0.018196    0.000000    6.009064 v input4/A (sky130_fd_sc_hd__buf_1)
     3    0.012989    0.155965    0.222081    6.231145 v input4/X (sky130_fd_sc_hd__buf_1)
                                                         net4 (net)
                      0.155967    0.000904    6.232049 v spi_sel_sky130_fd_sc_hd__nor3b_2_A/A (sky130_fd_sc_hd__nor3b_1)
     1    0.010654    0.632586    0.645716    6.877766 ^ spi_sel_sky130_fd_sc_hd__nor3b_2_A/Y (sky130_fd_sc_hd__nor3b_1)
                                                         spi_sel_sky130_fd_sc_hd__nor3b_2_A_Y (net)
                      0.632588    0.000977    6.878742 ^ fanout16/A (sky130_fd_sc_hd__clkbuf_8)
     9    0.088633    0.256280    0.595786    7.474528 ^ fanout16/X (sky130_fd_sc_hd__clkbuf_8)
                                                         net16 (net)
                      0.256315    0.002613    7.477141 ^ fanout15/A (sky130_fd_sc_hd__buf_4)
    10    0.070536    0.314905    0.470968    7.948109 ^ fanout15/X (sky130_fd_sc_hd__buf_4)
                                                         net15 (net)
                      0.315177    0.005990    7.954099 ^ spi_in.bit_cnt[1]_sky130_fd_sc_hd__and3_2_A/C (sky130_fd_sc_hd__and3_1)
     4    0.013990    0.235373    0.514292    8.468390 ^ spi_in.bit_cnt[1]_sky130_fd_sc_hd__and3_2_A/X (sky130_fd_sc_hd__and3_1)
                                                         spi_in.bit_cnt[1]_sky130_fd_sc_hd__and3_2_A_X (net)
                      0.235373    0.000548    8.468939 ^ spi_in.bit_cnt[3]_sky130_fd_sc_hd__and3_2_A/C (sky130_fd_sc_hd__and3_1)
     2    0.022730    0.359353    0.580820    9.049759 ^ spi_in.bit_cnt[3]_sky130_fd_sc_hd__and3_2_A/X (sky130_fd_sc_hd__and3_1)
                                                         spi_in.bit_cnt[3]_sky130_fd_sc_hd__and3_2_A_X (net)
                      0.359353    0.001117    9.050876 ^ fanout11/A (sky130_fd_sc_hd__buf_4)
     8    0.078758    0.349248    0.536260    9.587136 ^ fanout11/X (sky130_fd_sc_hd__buf_4)
                                                         net11 (net)
                      0.349447    0.004063    9.591198 ^ spi_in.bit_cnt[3]_sky130_fd_sc_hd__dfrtp_2_Q_D_sky130_fd_sc_hd__nor2_2_Y/A (sky130_fd_sc_hd__nor2_1)
     1    0.002702    0.085743    0.179317    9.770515 v spi_in.bit_cnt[3]_sky130_fd_sc_hd__dfrtp_2_Q_D_sky130_fd_sc_hd__nor2_2_Y/Y (sky130_fd_sc_hd__nor2_1)
                                                         spi_in.bit_cnt[3]_sky130_fd_sc_hd__dfrtp_2_Q_D (net)
                      0.085743    0.000187    9.770701 v spi_in.bit_cnt[3]_sky130_fd_sc_hd__dfrtp_2_Q/D (sky130_fd_sc_hd__dfrtp_1)
                                              9.770701   data arrival time

                                 30.000000   30.000000   clock clk (rise edge)
                                  0.000000   30.000000   clock source latency
     1    0.042471    0.306377    0.217000   30.216999 ^ clk (in)
                                                         clk (net)
                      0.306741    0.000000   30.216999 ^ clkbuf_0_clk/A (sky130_fd_sc_hd__clkbuf_16)
     8    0.141131    0.236430    0.455319   30.672319 ^ clkbuf_0_clk/X (sky130_fd_sc_hd__clkbuf_16)
                                                         clknet_0_clk (net)
                      0.238580    0.018154   30.690474 ^ clkbuf_3_5__f_clk/A (sky130_fd_sc_hd__clkbuf_16)
    13    0.053542    0.111953    0.340858   31.031332 ^ clkbuf_3_5__f_clk/X (sky130_fd_sc_hd__clkbuf_16)
                                                         clknet_3_5__leaf_clk (net)
                      0.112001    0.002132   31.033463 ^ spi_in.bit_cnt[3]_sky130_fd_sc_hd__dfrtp_2_Q/CLK (sky130_fd_sc_hd__dfrtp_1)
                                 -0.250000   30.783463   clock uncertainty
                                  0.000000   30.783463   clock reconvergence pessimism
                                 -0.271932   30.511530   library setup time
                                             30.511530   data required time
---------------------------------------------------------------------------------------------
                                             30.511530   data required time
                                             -9.770701   data arrival time
---------------------------------------------------------------------------------------------
                                             20.740828   slack (MET)


Startpoint: spi_sel (input port clocked by clk)
Endpoint: spi_in.valid_out_sky130_fd_sc_hd__dfrtp_2_Q
          (rising edge-triggered flip-flop clocked by clk)
Path Group: clk
Path Type: max

Fanout         Cap        Slew       Delay        Time   Description
---------------------------------------------------------------------------------------------
                                  0.000000    0.000000   clock clk (rise edge)
                                  0.000000    0.000000   clock network delay (propagated)
                                  6.000000    6.000000 v input external delay
     1    0.002732    0.018195    0.009064    6.009064 v spi_sel (in)
                                                         spi_sel (net)
                      0.018196    0.000000    6.009064 v input4/A (sky130_fd_sc_hd__buf_1)
     3    0.012989    0.155965    0.222081    6.231145 v input4/X (sky130_fd_sc_hd__buf_1)
                                                         net4 (net)
                      0.155967    0.000904    6.232049 v spi_sel_sky130_fd_sc_hd__nor3b_2_A/A (sky130_fd_sc_hd__nor3b_1)
     1    0.010654    0.632586    0.645716    6.877766 ^ spi_sel_sky130_fd_sc_hd__nor3b_2_A/Y (sky130_fd_sc_hd__nor3b_1)
                                                         spi_sel_sky130_fd_sc_hd__nor3b_2_A_Y (net)
                      0.632588    0.000977    6.878742 ^ fanout16/A (sky130_fd_sc_hd__clkbuf_8)
     9    0.088633    0.256280    0.595786    7.474528 ^ fanout16/X (sky130_fd_sc_hd__clkbuf_8)
                                                         net16 (net)
                      0.256315    0.002613    7.477141 ^ fanout15/A (sky130_fd_sc_hd__buf_4)
    10    0.070536    0.314905    0.470968    7.948109 ^ fanout15/X (sky130_fd_sc_hd__buf_4)
                                                         net15 (net)
                      0.315177    0.005990    7.954099 ^ spi_in.bit_cnt[1]_sky130_fd_sc_hd__and3_2_A/C (sky130_fd_sc_hd__and3_1)
     4    0.013990    0.235373    0.514292    8.468390 ^ spi_in.bit_cnt[1]_sky130_fd_sc_hd__and3_2_A/X (sky130_fd_sc_hd__and3_1)
                                                         spi_in.bit_cnt[1]_sky130_fd_sc_hd__and3_2_A_X (net)
                      0.235373    0.000548    8.468939 ^ spi_in.bit_cnt[3]_sky130_fd_sc_hd__and3_2_A/C (sky130_fd_sc_hd__and3_1)
     2    0.022730    0.359353    0.580820    9.049759 ^ spi_in.bit_cnt[3]_sky130_fd_sc_hd__and3_2_A/X (sky130_fd_sc_hd__and3_1)
                                                         spi_in.bit_cnt[3]_sky130_fd_sc_hd__and3_2_A_X (net)
                      0.359353    0.001117    9.050876 ^ fanout11/A (sky130_fd_sc_hd__buf_4)
     8    0.078758    0.349248    0.536260    9.587136 ^ fanout11/X (sky130_fd_sc_hd__buf_4)
                                                         net11 (net)
                      0.349509    0.005626    9.592762 ^ spi_in.valid_out_sky130_fd_sc_hd__dfrtp_2_Q/D (sky130_fd_sc_hd__dfrtp_1)
                                              9.592762   data arrival time

                                 30.000000   30.000000   clock clk (rise edge)
                                  0.000000   30.000000   clock source latency
     1    0.042471    0.306377    0.217000   30.216999 ^ clk (in)
                                                         clk (net)
                      0.306741    0.000000   30.216999 ^ clkbuf_0_clk/A (sky130_fd_sc_hd__clkbuf_16)
     8    0.141131    0.236430    0.455319   30.672319 ^ clkbuf_0_clk/X (sky130_fd_sc_hd__clkbuf_16)
                                                         clknet_0_clk (net)
                      0.238348    0.017188   30.689507 ^ clkbuf_3_4__f_clk/A (sky130_fd_sc_hd__clkbuf_16)
    13    0.057277    0.117206    0.344173   31.033680 ^ clkbuf_3_4__f_clk/X (sky130_fd_sc_hd__clkbuf_16)
                                                         clknet_3_4__leaf_clk (net)
                      0.117522    0.005191   31.038870 ^ spi_in.valid_out_sky130_fd_sc_hd__dfrtp_2_Q/CLK (sky130_fd_sc_hd__dfrtp_1)
                                 -0.250000   30.788870   clock uncertainty
                                  0.000000   30.788870   clock reconvergence pessimism
                                 -0.195050   30.593819   library setup time
                                             30.593819   data required time
---------------------------------------------------------------------------------------------
                                             30.593819   data required time
                                             -9.592762   data arrival time
---------------------------------------------------------------------------------------------
                                             21.001057   slack (MET)


Startpoint: spi_sel (input port clocked by clk)
Endpoint: spi_in.shift_reg[5]_sky130_fd_sc_hd__dfrtp_2_Q
          (rising edge-triggered flip-flop clocked by clk)
Path Group: clk
Path Type: max

Fanout         Cap        Slew       Delay        Time   Description
---------------------------------------------------------------------------------------------
                                  0.000000    0.000000   clock clk (rise edge)
                                  0.000000    0.000000   clock network delay (propagated)
                                  6.000000    6.000000 v input external delay
     1    0.002732    0.018195    0.009064    6.009064 v spi_sel (in)
                                                         spi_sel (net)
                      0.018196    0.000000    6.009064 v input4/A (sky130_fd_sc_hd__buf_1)
     3    0.012989    0.155965    0.222081    6.231145 v input4/X (sky130_fd_sc_hd__buf_1)
                                                         net4 (net)
                      0.155967    0.000904    6.232049 v spi_sel_sky130_fd_sc_hd__nor3b_2_A/A (sky130_fd_sc_hd__nor3b_1)
     1    0.010654    0.632586    0.645716    6.877766 ^ spi_sel_sky130_fd_sc_hd__nor3b_2_A/Y (sky130_fd_sc_hd__nor3b_1)
                                                         spi_sel_sky130_fd_sc_hd__nor3b_2_A_Y (net)
                      0.632588    0.000977    6.878742 ^ fanout16/A (sky130_fd_sc_hd__clkbuf_8)
     9    0.088633    0.256280    0.595786    7.474528 ^ fanout16/X (sky130_fd_sc_hd__clkbuf_8)
                                                         net16 (net)
                      0.258824    0.020641    7.495169 ^ spi_in.shift_reg[5]_sky130_fd_sc_hd__mux2_1_A0/S (sky130_fd_sc_hd__mux2_1)
     1    0.002359    0.106006    0.757262    8.252431 v spi_in.shift_reg[5]_sky130_fd_sc_hd__mux2_1_A0/X (sky130_fd_sc_hd__mux2_1)
                                                         spi_in.shift_reg[5]_sky130_fd_sc_hd__dfrtp_2_Q_D (net)
                      0.106006    0.000144    8.252575 v hold47/A (sky130_fd_sc_hd__dlygate4sd3_1)
     1    0.002844    0.105965    1.141064    9.393639 v hold47/X (sky130_fd_sc_hd__dlygate4sd3_1)
                                                         net82 (net)
                      0.105965    0.000207    9.393846 v spi_in.shift_reg[5]_sky130_fd_sc_hd__dfrtp_2_Q/D (sky130_fd_sc_hd__dfrtp_1)
                                              9.393846   data arrival time

                                 30.000000   30.000000   clock clk (rise edge)
                                  0.000000   30.000000   clock source latency
     1    0.042471    0.306377    0.217000   30.216999 ^ clk (in)
                                                         clk (net)
                      0.306741    0.000000   30.216999 ^ clkbuf_0_clk/A (sky130_fd_sc_hd__clkbuf_16)
     8    0.141131    0.236430    0.455319   30.672319 ^ clkbuf_0_clk/X (sky130_fd_sc_hd__clkbuf_16)
                                                         clknet_0_clk (net)
                      0.238580    0.018154   30.690474 ^ clkbuf_3_5__f_clk/A (sky130_fd_sc_hd__clkbuf_16)
    13    0.053542    0.111953    0.340858   31.031332 ^ clkbuf_3_5__f_clk/X (sky130_fd_sc_hd__clkbuf_16)
                                                         clknet_3_5__leaf_clk (net)
                      0.112013    0.002323   31.033655 ^ spi_in.shift_reg[5]_sky130_fd_sc_hd__dfrtp_2_Q/CLK (sky130_fd_sc_hd__dfrtp_1)
                                 -0.250000   30.783653   clock uncertainty
                                  0.000000   30.783653   clock reconvergence pessimism
                                 -0.280356   30.503298   library setup time
                                             30.503298   data required time
---------------------------------------------------------------------------------------------
                                             30.503298   data required time
                                             -9.393846   data arrival time
---------------------------------------------------------------------------------------------
                                             21.109453   slack (MET)


Startpoint: spi_clk (input port clocked by clk)
Endpoint: spi_out.bit_cnt[3]_sky130_fd_sc_hd__dfrtp_2_Q
          (rising edge-triggered flip-flop clocked by clk)
Path Group: clk
Path Type: max

Fanout         Cap        Slew       Delay        Time   Description
---------------------------------------------------------------------------------------------
                                  0.000000    0.000000   clock clk (rise edge)
                                  0.000000    0.000000   clock network delay (propagated)
                                  6.000000    6.000000 v input external delay
     1    0.002665    0.017944    0.008852    6.008852 v spi_clk (in)
                                                         spi_clk (net)
                      0.017944    0.000000    6.008852 v input2/A (sky130_fd_sc_hd__clkbuf_1)
     3    0.007169    0.095091    0.174579    6.183431 v input2/X (sky130_fd_sc_hd__clkbuf_1)
                                                         net2 (net)
                      0.095091    0.000276    6.183707 v spi_clk_sky130_fd_sc_hd__or3b_2_A/A (sky130_fd_sc_hd__or3b_1)
     1    0.002762    0.136500    0.854920    7.038627 v spi_clk_sky130_fd_sc_hd__or3b_2_A/X (sky130_fd_sc_hd__or3b_1)
                                                         spi_clk_sky130_fd_sc_hd__or3b_2_A_X (net)
                      0.136500    0.000123    7.038749 v spi_sel_sky130_fd_sc_hd__a21oi_2_B1/A2 (sky130_fd_sc_hd__a21oi_1)
     2    0.014549    0.526786    0.527089    7.565838 ^ spi_sel_sky130_fd_sc_hd__a21oi_2_B1/Y (sky130_fd_sc_hd__a21oi_1)
                                                         spi_sel_sky130_fd_sc_hd__a21oi_2_B1_Y (net)
                      0.526788    0.000774    7.566612 ^ fanout7/A (sky130_fd_sc_hd__clkbuf_4)
     9    0.055779    0.275366    0.601112    8.167724 ^ fanout7/X (sky130_fd_sc_hd__clkbuf_4)
                                                         net7 (net)
                      0.275378    0.002126    8.169850 ^ spi_out.bit_cnt[1]_sky130_fd_sc_hd__and3_2_A/C (sky130_fd_sc_hd__and3_1)
     4    0.017219    0.280787    0.536148    8.705998 ^ spi_out.bit_cnt[1]_sky130_fd_sc_hd__and3_2_A/X (sky130_fd_sc_hd__and3_1)
                                                         spi_out.bit_cnt[1]_sky130_fd_sc_hd__and3_2_A_X (net)
                      0.280787    0.000773    8.706771 ^ spi_out.bit_cnt[3]_sky130_fd_sc_hd__and3_2_A/C (sky130_fd_sc_hd__and3_1)
     2    0.009418    0.175148    0.451977    9.158748 ^ spi_out.bit_cnt[3]_sky130_fd_sc_hd__and3_2_A/X (sky130_fd_sc_hd__and3_1)
                                                         spi_out.bit_cnt[3]_sky130_fd_sc_hd__and3_2_A_X (net)
                      0.175148    0.000518    9.159266 ^ spi_out.bit_cnt[3]_sky130_fd_sc_hd__dfrtp_2_Q_D_sky130_fd_sc_hd__nor2_2_Y/A (sky130_fd_sc_hd__nor2_1)
     1    0.003864    0.066388    0.132236    9.291502 v spi_out.bit_cnt[3]_sky130_fd_sc_hd__dfrtp_2_Q_D_sky130_fd_sc_hd__nor2_2_Y/Y (sky130_fd_sc_hd__nor2_1)
                                                         spi_out.bit_cnt[3]_sky130_fd_sc_hd__dfrtp_2_Q_D (net)
                      0.066388    0.000269    9.291771 v spi_out.bit_cnt[3]_sky130_fd_sc_hd__dfrtp_2_Q/D (sky130_fd_sc_hd__dfrtp_1)
                                              9.291771   data arrival time

                                 30.000000   30.000000   clock clk (rise edge)
                                  0.000000   30.000000   clock source latency
     1    0.042471    0.306377    0.217000   30.216999 ^ clk (in)
                                                         clk (net)
                      0.306741    0.000000   30.216999 ^ clkbuf_0_clk/A (sky130_fd_sc_hd__clkbuf_16)
     8    0.141131    0.236430    0.455319   30.672319 ^ clkbuf_0_clk/X (sky130_fd_sc_hd__clkbuf_16)
                                                         clknet_0_clk (net)
                      0.238580    0.018154   30.690474 ^ clkbuf_3_5__f_clk/A (sky130_fd_sc_hd__clkbuf_16)
    13    0.053542    0.111953    0.340858   31.031332 ^ clkbuf_3_5__f_clk/X (sky130_fd_sc_hd__clkbuf_16)
                                                         clknet_3_5__leaf_clk (net)
                      0.112070    0.003098   31.034430 ^ spi_out.bit_cnt[3]_sky130_fd_sc_hd__dfrtp_2_Q/CLK (sky130_fd_sc_hd__dfrtp_1)
                                 -0.250000   30.784428   clock uncertainty
                                  0.000000   30.784428   clock reconvergence pessimism
                                 -0.263848   30.520578   library setup time
                                             30.520578   data required time
---------------------------------------------------------------------------------------------
                                             30.520578   data required time
                                             -9.291771   data arrival time
---------------------------------------------------------------------------------------------
                                             21.228807   slack (MET)


Startpoint: spi_clk (input port clocked by clk)
Endpoint: spi_out.bit_cnt[0]_sky130_fd_sc_hd__dfrtp_2_Q
          (rising edge-triggered flip-flop clocked by clk)
Path Group: clk
Path Type: max

Fanout         Cap        Slew       Delay        Time   Description
---------------------------------------------------------------------------------------------
                                  0.000000    0.000000   clock clk (rise edge)
                                  0.000000    0.000000   clock network delay (propagated)
                                  6.000000    6.000000 v input external delay
     1    0.002665    0.017944    0.008852    6.008852 v spi_clk (in)
                                                         spi_clk (net)
                      0.017944    0.000000    6.008852 v input2/A (sky130_fd_sc_hd__clkbuf_1)
     3    0.007169    0.095091    0.174579    6.183431 v input2/X (sky130_fd_sc_hd__clkbuf_1)
                                                         net2 (net)
                      0.095091    0.000276    6.183707 v spi_clk_sky130_fd_sc_hd__or3b_2_A/A (sky130_fd_sc_hd__or3b_1)
     1    0.002762    0.136500    0.854920    7.038627 v spi_clk_sky130_fd_sc_hd__or3b_2_A/X (sky130_fd_sc_hd__or3b_1)
                                                         spi_clk_sky130_fd_sc_hd__or3b_2_A_X (net)
                      0.136500    0.000123    7.038749 v spi_sel_sky130_fd_sc_hd__a21oi_2_B1/A2 (sky130_fd_sc_hd__a21oi_1)
     2    0.014549    0.526786    0.527089    7.565838 ^ spi_sel_sky130_fd_sc_hd__a21oi_2_B1/Y (sky130_fd_sc_hd__a21oi_1)
                                                         spi_sel_sky130_fd_sc_hd__a21oi_2_B1_Y (net)
                      0.526788    0.000774    7.566612 ^ fanout7/A (sky130_fd_sc_hd__clkbuf_4)
     9    0.055779    0.275366    0.601112    8.167724 ^ fanout7/X (sky130_fd_sc_hd__clkbuf_4)
                                                         net7 (net)
                      0.275375    0.001991    8.169715 ^ spi_out.bit_cnt[4]_sky130_fd_sc_hd__o21a_2_B1_A2_sky130_fd_sc_hd__inv_2_Y/A (sky130_fd_sc_hd__inv_2)
     3    0.011418    0.086153    0.159358    8.329073 v spi_out.bit_cnt[4]_sky130_fd_sc_hd__o21a_2_B1_A2_sky130_fd_sc_hd__inv_2_Y/Y (sky130_fd_sc_hd__inv_2)
                                                         spi_out.bit_cnt[4]_sky130_fd_sc_hd__o21a_2_B1_A2 (net)
                      0.086155    0.000577    8.329650 v spi_out.bit_cnt[0]_sky130_fd_sc_hd__dfrtp_2_Q_D_sky130_fd_sc_hd__mux2_1_X/A1 (sky130_fd_sc_hd__mux2_1)
     1    0.002314    0.105165    0.647037    8.976687 v spi_out.bit_cnt[0]_sky130_fd_sc_hd__dfrtp_2_Q_D_sky130_fd_sc_hd__mux2_1_X/X (sky130_fd_sc_hd__mux2_1)
                                                         spi_out.bit_cnt[0]_sky130_fd_sc_hd__dfrtp_2_Q_D (net)
                      0.105165    0.000168    8.976855 v spi_out.bit_cnt[0]_sky130_fd_sc_hd__dfrtp_2_Q/D (sky130_fd_sc_hd__dfrtp_1)
                                              8.976855   data arrival time

                                 30.000000   30.000000   clock clk (rise edge)
                                  0.000000   30.000000   clock source latency
     1    0.042471    0.306377    0.217000   30.216999 ^ clk (in)
                                                         clk (net)
                      0.306741    0.000000   30.216999 ^ clkbuf_0_clk/A (sky130_fd_sc_hd__clkbuf_16)
     8    0.141131    0.236430    0.455319   30.672319 ^ clkbuf_0_clk/X (sky130_fd_sc_hd__clkbuf_16)
                                                         clknet_0_clk (net)
                      0.238348    0.017188   30.689507 ^ clkbuf_3_4__f_clk/A (sky130_fd_sc_hd__clkbuf_16)
    13    0.057277    0.117206    0.344173   31.033680 ^ clkbuf_3_4__f_clk/X (sky130_fd_sc_hd__clkbuf_16)
                                                         clknet_3_4__leaf_clk (net)
                      0.117235    0.002107   31.035786 ^ spi_out.bit_cnt[0]_sky130_fd_sc_hd__dfrtp_2_Q/CLK (sky130_fd_sc_hd__dfrtp_1)
                                 -0.250000   30.785786   clock uncertainty
                                  0.000000   30.785786   clock reconvergence pessimism
                                 -0.278629   30.507156   library setup time
                                             30.507156   data required time
---------------------------------------------------------------------------------------------
                                             30.507156   data required time
                                             -8.976855   data arrival time
---------------------------------------------------------------------------------------------
                                             21.530302   slack (MET)


Startpoint: spi_clk (input port clocked by clk)
Endpoint: spi_out.shift_reg[11]_sky130_fd_sc_hd__dfrtp_2_Q
          (rising edge-triggered flip-flop clocked by clk)
Path Group: clk
Path Type: max

Fanout         Cap        Slew       Delay        Time   Description
---------------------------------------------------------------------------------------------
                                  0.000000    0.000000   clock clk (rise edge)
                                  0.000000    0.000000   clock network delay (propagated)
                                  6.000000    6.000000 v input external delay
     1    0.002665    0.017944    0.008852    6.008852 v spi_clk (in)
                                                         spi_clk (net)
                      0.017944    0.000000    6.008852 v input2/A (sky130_fd_sc_hd__clkbuf_1)
     3    0.007169    0.095091    0.174579    6.183431 v input2/X (sky130_fd_sc_hd__clkbuf_1)
                                                         net2 (net)
                      0.095091    0.000276    6.183707 v spi_clk_sky130_fd_sc_hd__or3b_2_A/A (sky130_fd_sc_hd__or3b_1)
     1    0.002762    0.136500    0.854920    7.038627 v spi_clk_sky130_fd_sc_hd__or3b_2_A/X (sky130_fd_sc_hd__or3b_1)
                                                         spi_clk_sky130_fd_sc_hd__or3b_2_A_X (net)
                      0.136500    0.000123    7.038749 v spi_sel_sky130_fd_sc_hd__a21oi_2_B1/A2 (sky130_fd_sc_hd__a21oi_1)
     2    0.014549    0.526786    0.527089    7.565838 ^ spi_sel_sky130_fd_sc_hd__a21oi_2_B1/Y (sky130_fd_sc_hd__a21oi_1)
                                                         spi_sel_sky130_fd_sc_hd__a21oi_2_B1_Y (net)
                      0.526789    0.001011    7.566849 ^ fanout6/A (sky130_fd_sc_hd__buf_4)
    10    0.069097    0.310256    0.575978    8.142827 ^ fanout6/X (sky130_fd_sc_hd__buf_4)
                                                         net6 (net)
                      0.310483    0.007638    8.150465 ^ spi_out.shift_reg[11]_sky130_fd_sc_hd__mux2_1_A0/S (sky130_fd_sc_hd__mux2_1)
     1    0.003322    0.115278    0.787533    8.937998 v spi_out.shift_reg[11]_sky130_fd_sc_hd__mux2_1_A0/X (sky130_fd_sc_hd__mux2_1)
                                                         spi_out.shift_reg[11]_sky130_fd_sc_hd__dfrtp_2_Q_D (net)
                      0.115278    0.000127    8.938126 v spi_out.shift_reg[11]_sky130_fd_sc_hd__dfrtp_2_Q/D (sky130_fd_sc_hd__dfrtp_1)
                                              8.938126   data arrival time

                                 30.000000   30.000000   clock clk (rise edge)
                                  0.000000   30.000000   clock source latency
     1    0.042471    0.306377    0.217000   30.216999 ^ clk (in)
                                                         clk (net)
                      0.306741    0.000000   30.216999 ^ clkbuf_0_clk/A (sky130_fd_sc_hd__clkbuf_16)
     8    0.141131    0.236430    0.455319   30.672319 ^ clkbuf_0_clk/X (sky130_fd_sc_hd__clkbuf_16)
                                                         clknet_0_clk (net)
                      0.239060    0.020002   30.692320 ^ clkbuf_3_0__f_clk/A (sky130_fd_sc_hd__clkbuf_16)
    10    0.042464    0.097118    0.329216   31.021536 ^ clkbuf_3_0__f_clk/X (sky130_fd_sc_hd__clkbuf_16)
                                                         clknet_3_0__leaf_clk (net)
                      0.097194    0.001531   31.023067 ^ spi_out.shift_reg[11]_sky130_fd_sc_hd__dfrtp_2_Q/CLK (sky130_fd_sc_hd__dfrtp_1)
                                 -0.250000   30.773067   clock uncertainty
                                  0.000000   30.773067   clock reconvergence pessimism
                                 -0.288191   30.484875   library setup time
                                             30.484875   data required time
---------------------------------------------------------------------------------------------
                                             30.484875   data required time
                                             -8.938126   data arrival time
---------------------------------------------------------------------------------------------
                                             21.546749   slack (MET)


Startpoint: spi_clk (input port clocked by clk)
Endpoint: spi_out.shift_reg[4]_sky130_fd_sc_hd__dfrtp_2_Q
          (rising edge-triggered flip-flop clocked by clk)
Path Group: clk
Path Type: max

Fanout         Cap        Slew       Delay        Time   Description
---------------------------------------------------------------------------------------------
                                  0.000000    0.000000   clock clk (rise edge)
                                  0.000000    0.000000   clock network delay (propagated)
                                  6.000000    6.000000 v input external delay
     1    0.002665    0.017944    0.008852    6.008852 v spi_clk (in)
                                                         spi_clk (net)
                      0.017944    0.000000    6.008852 v input2/A (sky130_fd_sc_hd__clkbuf_1)
     3    0.007169    0.095091    0.174579    6.183431 v input2/X (sky130_fd_sc_hd__clkbuf_1)
                                                         net2 (net)
                      0.095091    0.000276    6.183707 v spi_clk_sky130_fd_sc_hd__or3b_2_A/A (sky130_fd_sc_hd__or3b_1)
     1    0.002762    0.136500    0.854920    7.038627 v spi_clk_sky130_fd_sc_hd__or3b_2_A/X (sky130_fd_sc_hd__or3b_1)
                                                         spi_clk_sky130_fd_sc_hd__or3b_2_A_X (net)
                      0.136500    0.000123    7.038749 v spi_sel_sky130_fd_sc_hd__a21oi_2_B1/A2 (sky130_fd_sc_hd__a21oi_1)
     2    0.014549    0.526786    0.527089    7.565838 ^ spi_sel_sky130_fd_sc_hd__a21oi_2_B1/Y (sky130_fd_sc_hd__a21oi_1)
                                                         spi_sel_sky130_fd_sc_hd__a21oi_2_B1_Y (net)
                      0.526788    0.000774    7.566612 ^ fanout7/A (sky130_fd_sc_hd__clkbuf_4)
     9    0.055779    0.275366    0.601112    8.167724 ^ fanout7/X (sky130_fd_sc_hd__clkbuf_4)
                                                         net7 (net)
                      0.275396    0.002982    8.170705 ^ spi_out.shift_reg[4]_sky130_fd_sc_hd__mux2_1_A0/S (sky130_fd_sc_hd__mux2_1)
     1    0.002947    0.111461    0.771701    8.942407 v spi_out.shift_reg[4]_sky130_fd_sc_hd__mux2_1_A0/X (sky130_fd_sc_hd__mux2_1)
                                                         spi_out.shift_reg[4]_sky130_fd_sc_hd__dfrtp_2_Q_D (net)
                      0.111461    0.000218    8.942625 v spi_out.shift_reg[4]_sky130_fd_sc_hd__dfrtp_2_Q/D (sky130_fd_sc_hd__dfrtp_1)
                                              8.942625   data arrival time

                                 30.000000   30.000000   clock clk (rise edge)
                                  0.000000   30.000000   clock source latency
     1    0.042471    0.306377    0.217000   30.216999 ^ clk (in)
                                                         clk (net)
                      0.306741    0.000000   30.216999 ^ clkbuf_0_clk/A (sky130_fd_sc_hd__clkbuf_16)
     8    0.141131    0.236430    0.455319   30.672319 ^ clkbuf_0_clk/X (sky130_fd_sc_hd__clkbuf_16)
                                                         clknet_0_clk (net)
                      0.238348    0.017188   30.689507 ^ clkbuf_3_4__f_clk/A (sky130_fd_sc_hd__clkbuf_16)
    13    0.057277    0.117206    0.344173   31.033680 ^ clkbuf_3_4__f_clk/X (sky130_fd_sc_hd__clkbuf_16)
                                                         clknet_3_4__leaf_clk (net)
                      0.117282    0.002895   31.036575 ^ spi_out.shift_reg[4]_sky130_fd_sc_hd__dfrtp_2_Q/CLK (sky130_fd_sc_hd__dfrtp_1)
                                 -0.250000   30.786573   clock uncertainty
                                  0.000000   30.786573   clock reconvergence pessimism
                                 -0.281241   30.505335   library setup time
                                             30.505335   data required time
---------------------------------------------------------------------------------------------
                                             30.505335   data required time
                                             -8.942625   data arrival time
---------------------------------------------------------------------------------------------
                                             21.562710   slack (MET)


Startpoint: spi_clk (input port clocked by clk)
Endpoint: spi_out.shift_reg[3]_sky130_fd_sc_hd__dfrtp_2_Q
          (rising edge-triggered flip-flop clocked by clk)
Path Group: clk
Path Type: max

Fanout         Cap        Slew       Delay        Time   Description
---------------------------------------------------------------------------------------------
                                  0.000000    0.000000   clock clk (rise edge)
                                  0.000000    0.000000   clock network delay (propagated)
                                  6.000000    6.000000 v input external delay
     1    0.002665    0.017944    0.008852    6.008852 v spi_clk (in)
                                                         spi_clk (net)
                      0.017944    0.000000    6.008852 v input2/A (sky130_fd_sc_hd__clkbuf_1)
     3    0.007169    0.095091    0.174579    6.183431 v input2/X (sky130_fd_sc_hd__clkbuf_1)
                                                         net2 (net)
                      0.095091    0.000276    6.183707 v spi_clk_sky130_fd_sc_hd__or3b_2_A/A (sky130_fd_sc_hd__or3b_1)
     1    0.002762    0.136500    0.854920    7.038627 v spi_clk_sky130_fd_sc_hd__or3b_2_A/X (sky130_fd_sc_hd__or3b_1)
                                                         spi_clk_sky130_fd_sc_hd__or3b_2_A_X (net)
                      0.136500    0.000123    7.038749 v spi_sel_sky130_fd_sc_hd__a21oi_2_B1/A2 (sky130_fd_sc_hd__a21oi_1)
     2    0.014549    0.526786    0.527089    7.565838 ^ spi_sel_sky130_fd_sc_hd__a21oi_2_B1/Y (sky130_fd_sc_hd__a21oi_1)
                                                         spi_sel_sky130_fd_sc_hd__a21oi_2_B1_Y (net)
                      0.526788    0.000774    7.566612 ^ fanout7/A (sky130_fd_sc_hd__clkbuf_4)
     9    0.055779    0.275366    0.601112    8.167724 ^ fanout7/X (sky130_fd_sc_hd__clkbuf_4)
                                                         net7 (net)
                      0.275396    0.002991    8.170715 ^ spi_out.shift_reg[3]_sky130_fd_sc_hd__mux2_1_A0/S (sky130_fd_sc_hd__mux2_1)
     1    0.002803    0.110034    0.769255    8.939970 v spi_out.shift_reg[3]_sky130_fd_sc_hd__mux2_1_A0/X (sky130_fd_sc_hd__mux2_1)
                                                         spi_out.shift_reg[3]_sky130_fd_sc_hd__dfrtp_2_Q_D (net)
                      0.110034    0.000178    8.940147 v spi_out.shift_reg[3]_sky130_fd_sc_hd__dfrtp_2_Q/D (sky130_fd_sc_hd__dfrtp_1)
                                              8.940147   data arrival time

                                 30.000000   30.000000   clock clk (rise edge)
                                  0.000000   30.000000   clock source latency
     1    0.042471    0.306377    0.217000   30.216999 ^ clk (in)
                                                         clk (net)
                      0.306741    0.000000   30.216999 ^ clkbuf_0_clk/A (sky130_fd_sc_hd__clkbuf_16)
     8    0.141131    0.236430    0.455319   30.672319 ^ clkbuf_0_clk/X (sky130_fd_sc_hd__clkbuf_16)
                                                         clknet_0_clk (net)
                      0.238348    0.017188   30.689507 ^ clkbuf_3_4__f_clk/A (sky130_fd_sc_hd__clkbuf_16)
    13    0.057277    0.117206    0.344173   31.033680 ^ clkbuf_3_4__f_clk/X (sky130_fd_sc_hd__clkbuf_16)
                                                         clknet_3_4__leaf_clk (net)
                      0.117258    0.002533   31.036213 ^ spi_out.shift_reg[3]_sky130_fd_sc_hd__dfrtp_2_Q/CLK (sky130_fd_sc_hd__dfrtp_1)
                                 -0.250000   30.786211   clock uncertainty
                                  0.000000   30.786211   clock reconvergence pessimism
                                 -0.280652   30.505558   library setup time
                                             30.505558   data required time
---------------------------------------------------------------------------------------------
                                             30.505558   data required time
                                             -8.940147   data arrival time
---------------------------------------------------------------------------------------------
                                             21.565409   slack (MET)


Startpoint: spi_clk (input port clocked by clk)
Endpoint: spi_out.shift_reg[9]_sky130_fd_sc_hd__dfrtp_2_Q
          (rising edge-triggered flip-flop clocked by clk)
Path Group: clk
Path Type: max

Fanout         Cap        Slew       Delay        Time   Description
---------------------------------------------------------------------------------------------
                                  0.000000    0.000000   clock clk (rise edge)
                                  0.000000    0.000000   clock network delay (propagated)
                                  6.000000    6.000000 v input external delay
     1    0.002665    0.017944    0.008852    6.008852 v spi_clk (in)
                                                         spi_clk (net)
                      0.017944    0.000000    6.008852 v input2/A (sky130_fd_sc_hd__clkbuf_1)
     3    0.007169    0.095091    0.174579    6.183431 v input2/X (sky130_fd_sc_hd__clkbuf_1)
                                                         net2 (net)
                      0.095091    0.000276    6.183707 v spi_clk_sky130_fd_sc_hd__or3b_2_A/A (sky130_fd_sc_hd__or3b_1)
     1    0.002762    0.136500    0.854920    7.038627 v spi_clk_sky130_fd_sc_hd__or3b_2_A/X (sky130_fd_sc_hd__or3b_1)
                                                         spi_clk_sky130_fd_sc_hd__or3b_2_A_X (net)
                      0.136500    0.000123    7.038749 v spi_sel_sky130_fd_sc_hd__a21oi_2_B1/A2 (sky130_fd_sc_hd__a21oi_1)
     2    0.014549    0.526786    0.527089    7.565838 ^ spi_sel_sky130_fd_sc_hd__a21oi_2_B1/Y (sky130_fd_sc_hd__a21oi_1)
                                                         spi_sel_sky130_fd_sc_hd__a21oi_2_B1_Y (net)
                      0.526789    0.001011    7.566849 ^ fanout6/A (sky130_fd_sc_hd__buf_4)
    10    0.069097    0.310256    0.575978    8.142827 ^ fanout6/X (sky130_fd_sc_hd__buf_4)
                                                         net6 (net)
                      0.310450    0.007129    8.149957 ^ spi_out.shift_reg[9]_sky130_fd_sc_hd__mux2_1_A0/S (sky130_fd_sc_hd__mux2_1)
     1    0.002485    0.106685    0.773126    8.923083 v spi_out.shift_reg[9]_sky130_fd_sc_hd__mux2_1_A0/X (sky130_fd_sc_hd__mux2_1)
                                                         spi_out.shift_reg[9]_sky130_fd_sc_hd__dfrtp_2_Q_D (net)
                      0.106685    0.000164    8.923247 v spi_out.shift_reg[9]_sky130_fd_sc_hd__dfrtp_2_Q/D (sky130_fd_sc_hd__dfrtp_1)
                                              8.923247   data arrival time

                                 30.000000   30.000000   clock clk (rise edge)
                                  0.000000   30.000000   clock source latency
     1    0.042471    0.306377    0.217000   30.216999 ^ clk (in)
                                                         clk (net)
                      0.306741    0.000000   30.216999 ^ clkbuf_0_clk/A (sky130_fd_sc_hd__clkbuf_16)
     8    0.141131    0.236430    0.455319   30.672319 ^ clkbuf_0_clk/X (sky130_fd_sc_hd__clkbuf_16)
                                                         clknet_0_clk (net)
                      0.239060    0.020002   30.692320 ^ clkbuf_3_0__f_clk/A (sky130_fd_sc_hd__clkbuf_16)
    10    0.042464    0.097118    0.329216   31.021536 ^ clkbuf_3_0__f_clk/X (sky130_fd_sc_hd__clkbuf_16)
                                                         clknet_3_0__leaf_clk (net)
                      0.097333    0.003297   31.024834 ^ spi_out.shift_reg[9]_sky130_fd_sc_hd__dfrtp_2_Q/CLK (sky130_fd_sc_hd__dfrtp_1)
                                 -0.250000   30.774832   clock uncertainty
                                  0.000000   30.774832   clock reconvergence pessimism
                                 -0.284572   30.490259   library setup time
                                             30.490259   data required time
---------------------------------------------------------------------------------------------
                                             30.490259   data required time
                                             -8.923247   data arrival time
---------------------------------------------------------------------------------------------
                                             21.567013   slack (MET)


Startpoint: spi_clk (input port clocked by clk)
Endpoint: spi_out.shift_reg[2]_sky130_fd_sc_hd__dfrtp_2_Q
          (rising edge-triggered flip-flop clocked by clk)
Path Group: clk
Path Type: max

Fanout         Cap        Slew       Delay        Time   Description
---------------------------------------------------------------------------------------------
                                  0.000000    0.000000   clock clk (rise edge)
                                  0.000000    0.000000   clock network delay (propagated)
                                  6.000000    6.000000 v input external delay
     1    0.002665    0.017944    0.008852    6.008852 v spi_clk (in)
                                                         spi_clk (net)
                      0.017944    0.000000    6.008852 v input2/A (sky130_fd_sc_hd__clkbuf_1)
     3    0.007169    0.095091    0.174579    6.183431 v input2/X (sky130_fd_sc_hd__clkbuf_1)
                                                         net2 (net)
                      0.095091    0.000276    6.183707 v spi_clk_sky130_fd_sc_hd__or3b_2_A/A (sky130_fd_sc_hd__or3b_1)
     1    0.002762    0.136500    0.854920    7.038627 v spi_clk_sky130_fd_sc_hd__or3b_2_A/X (sky130_fd_sc_hd__or3b_1)
                                                         spi_clk_sky130_fd_sc_hd__or3b_2_A_X (net)
                      0.136500    0.000123    7.038749 v spi_sel_sky130_fd_sc_hd__a21oi_2_B1/A2 (sky130_fd_sc_hd__a21oi_1)
     2    0.014549    0.526786    0.527089    7.565838 ^ spi_sel_sky130_fd_sc_hd__a21oi_2_B1/Y (sky130_fd_sc_hd__a21oi_1)
                                                         spi_sel_sky130_fd_sc_hd__a21oi_2_B1_Y (net)
                      0.526788    0.000774    7.566612 ^ fanout7/A (sky130_fd_sc_hd__clkbuf_4)
     9    0.055779    0.275366    0.601112    8.167724 ^ fanout7/X (sky130_fd_sc_hd__clkbuf_4)
                                                         net7 (net)
                      0.275405    0.003294    8.171018 ^ spi_out.shift_reg[2]_sky130_fd_sc_hd__mux2_1_A0/S (sky130_fd_sc_hd__mux2_1)
     1    0.002552    0.107541    0.764941    8.935959 v spi_out.shift_reg[2]_sky130_fd_sc_hd__mux2_1_A0/X (sky130_fd_sc_hd__mux2_1)
                                                         spi_out.shift_reg[2]_sky130_fd_sc_hd__dfrtp_2_Q_D (net)
                      0.107541    0.000184    8.936143 v spi_out.shift_reg[2]_sky130_fd_sc_hd__dfrtp_2_Q/D (sky130_fd_sc_hd__dfrtp_1)
                                              8.936143   data arrival time

                                 30.000000   30.000000   clock clk (rise edge)
                                  0.000000   30.000000   clock source latency
     1    0.042471    0.306377    0.217000   30.216999 ^ clk (in)
                                                         clk (net)
                      0.306741    0.000000   30.216999 ^ clkbuf_0_clk/A (sky130_fd_sc_hd__clkbuf_16)
     8    0.141131    0.236430    0.455319   30.672319 ^ clkbuf_0_clk/X (sky130_fd_sc_hd__clkbuf_16)
                                                         clknet_0_clk (net)
                      0.238348    0.017188   30.689507 ^ clkbuf_3_4__f_clk/A (sky130_fd_sc_hd__clkbuf_16)
    13    0.057277    0.117206    0.344173   31.033680 ^ clkbuf_3_4__f_clk/X (sky130_fd_sc_hd__clkbuf_16)
                                                         clknet_3_4__leaf_clk (net)
                      0.117223    0.001801   31.035480 ^ spi_out.shift_reg[2]_sky130_fd_sc_hd__dfrtp_2_Q/CLK (sky130_fd_sc_hd__dfrtp_1)
                                 -0.250000   30.785480   clock uncertainty
                                  0.000000   30.785480   clock reconvergence pessimism
                                 -0.279623   30.505856   library setup time
                                             30.505856   data required time
---------------------------------------------------------------------------------------------
                                             30.505856   data required time
                                             -8.936143   data arrival time
---------------------------------------------------------------------------------------------
                                             21.569714   slack (MET)


Startpoint: spi_clk (input port clocked by clk)
Endpoint: spi_out.shift_reg[10]_sky130_fd_sc_hd__dfrtp_2_Q
          (rising edge-triggered flip-flop clocked by clk)
Path Group: clk
Path Type: max

Fanout         Cap        Slew       Delay        Time   Description
---------------------------------------------------------------------------------------------
                                  0.000000    0.000000   clock clk (rise edge)
                                  0.000000    0.000000   clock network delay (propagated)
                                  6.000000    6.000000 v input external delay
     1    0.002665    0.017944    0.008852    6.008852 v spi_clk (in)
                                                         spi_clk (net)
                      0.017944    0.000000    6.008852 v input2/A (sky130_fd_sc_hd__clkbuf_1)
     3    0.007169    0.095091    0.174579    6.183431 v input2/X (sky130_fd_sc_hd__clkbuf_1)
                                                         net2 (net)
                      0.095091    0.000276    6.183707 v spi_clk_sky130_fd_sc_hd__or3b_2_A/A (sky130_fd_sc_hd__or3b_1)
     1    0.002762    0.136500    0.854920    7.038627 v spi_clk_sky130_fd_sc_hd__or3b_2_A/X (sky130_fd_sc_hd__or3b_1)
                                                         spi_clk_sky130_fd_sc_hd__or3b_2_A_X (net)
                      0.136500    0.000123    7.038749 v spi_sel_sky130_fd_sc_hd__a21oi_2_B1/A2 (sky130_fd_sc_hd__a21oi_1)
     2    0.014549    0.526786    0.527089    7.565838 ^ spi_sel_sky130_fd_sc_hd__a21oi_2_B1/Y (sky130_fd_sc_hd__a21oi_1)
                                                         spi_sel_sky130_fd_sc_hd__a21oi_2_B1_Y (net)
                      0.526789    0.001011    7.566849 ^ fanout6/A (sky130_fd_sc_hd__buf_4)
    10    0.069097    0.310256    0.575978    8.142827 ^ fanout6/X (sky130_fd_sc_hd__buf_4)
                                                         net6 (net)
                      0.310469    0.007424    8.150251 ^ spi_out.shift_reg[10]_sky130_fd_sc_hd__mux2_1_A0/S (sky130_fd_sc_hd__mux2_1)
     1    0.002323    0.105372    0.770355    8.920607 v spi_out.shift_reg[10]_sky130_fd_sc_hd__mux2_1_A0/X (sky130_fd_sc_hd__mux2_1)
                                                         spi_out.shift_reg[10]_sky130_fd_sc_hd__dfrtp_2_Q_D (net)
                      0.105372    0.000158    8.920765 v spi_out.shift_reg[10]_sky130_fd_sc_hd__dfrtp_2_Q/D (sky130_fd_sc_hd__dfrtp_1)
                                              8.920765   data arrival time

                                 30.000000   30.000000   clock clk (rise edge)
                                  0.000000   30.000000   clock source latency
     1    0.042471    0.306377    0.217000   30.216999 ^ clk (in)
                                                         clk (net)
                      0.306741    0.000000   30.216999 ^ clkbuf_0_clk/A (sky130_fd_sc_hd__clkbuf_16)
     8    0.141131    0.236430    0.455319   30.672319 ^ clkbuf_0_clk/X (sky130_fd_sc_hd__clkbuf_16)
                                                         clknet_0_clk (net)
                      0.239060    0.020002   30.692320 ^ clkbuf_3_0__f_clk/A (sky130_fd_sc_hd__clkbuf_16)
    10    0.042464    0.097118    0.329216   31.021536 ^ clkbuf_3_0__f_clk/X (sky130_fd_sc_hd__clkbuf_16)
                                                         clknet_3_0__leaf_clk (net)
                      0.097313    0.003066   31.024603 ^ spi_out.shift_reg[10]_sky130_fd_sc_hd__dfrtp_2_Q/CLK (sky130_fd_sc_hd__dfrtp_1)
                                 -0.250000   30.774601   clock uncertainty
                                  0.000000   30.774601   clock reconvergence pessimism
                                 -0.284031   30.490570   library setup time
                                             30.490570   data required time
---------------------------------------------------------------------------------------------
                                             30.490570   data required time
                                             -8.920765   data arrival time
---------------------------------------------------------------------------------------------
                                             21.569805   slack (MET)


Startpoint: spi_clk (input port clocked by clk)
Endpoint: spi_out.shift_reg[5]_sky130_fd_sc_hd__dfrtp_2_Q
          (rising edge-triggered flip-flop clocked by clk)
Path Group: clk
Path Type: max

Fanout         Cap        Slew       Delay        Time   Description
---------------------------------------------------------------------------------------------
                                  0.000000    0.000000   clock clk (rise edge)
                                  0.000000    0.000000   clock network delay (propagated)
                                  6.000000    6.000000 v input external delay
     1    0.002665    0.017944    0.008852    6.008852 v spi_clk (in)
                                                         spi_clk (net)
                      0.017944    0.000000    6.008852 v input2/A (sky130_fd_sc_hd__clkbuf_1)
     3    0.007169    0.095091    0.174579    6.183431 v input2/X (sky130_fd_sc_hd__clkbuf_1)
                                                         net2 (net)
                      0.095091    0.000276    6.183707 v spi_clk_sky130_fd_sc_hd__or3b_2_A/A (sky130_fd_sc_hd__or3b_1)
     1    0.002762    0.136500    0.854920    7.038627 v spi_clk_sky130_fd_sc_hd__or3b_2_A/X (sky130_fd_sc_hd__or3b_1)
                                                         spi_clk_sky130_fd_sc_hd__or3b_2_A_X (net)
                      0.136500    0.000123    7.038749 v spi_sel_sky130_fd_sc_hd__a21oi_2_B1/A2 (sky130_fd_sc_hd__a21oi_1)
     2    0.014549    0.526786    0.527089    7.565838 ^ spi_sel_sky130_fd_sc_hd__a21oi_2_B1/Y (sky130_fd_sc_hd__a21oi_1)
                                                         spi_sel_sky130_fd_sc_hd__a21oi_2_B1_Y (net)
                      0.526788    0.000774    7.566612 ^ fanout7/A (sky130_fd_sc_hd__clkbuf_4)
     9    0.055779    0.275366    0.601112    8.167724 ^ fanout7/X (sky130_fd_sc_hd__clkbuf_4)
                                                         net7 (net)
                      0.275403    0.003231    8.170955 ^ spi_out.shift_reg[5]_sky130_fd_sc_hd__mux2_1_A0/S (sky130_fd_sc_hd__mux2_1)
     1    0.002645    0.108486    0.766542    8.937497 v spi_out.shift_reg[5]_sky130_fd_sc_hd__mux2_1_A0/X (sky130_fd_sc_hd__mux2_1)
                                                         spi_out.shift_reg[5]_sky130_fd_sc_hd__dfrtp_2_Q_D (net)
                      0.108486    0.000171    8.937669 v spi_out.shift_reg[5]_sky130_fd_sc_hd__dfrtp_2_Q/D (sky130_fd_sc_hd__dfrtp_1)
                                              8.937669   data arrival time

                                 30.000000   30.000000   clock clk (rise edge)
                                  0.000000   30.000000   clock source latency
     1    0.042471    0.306377    0.217000   30.216999 ^ clk (in)
                                                         clk (net)
                      0.306741    0.000000   30.216999 ^ clkbuf_0_clk/A (sky130_fd_sc_hd__clkbuf_16)
     8    0.141131    0.236430    0.455319   30.672319 ^ clkbuf_0_clk/X (sky130_fd_sc_hd__clkbuf_16)
                                                         clknet_0_clk (net)
                      0.238348    0.017188   30.689507 ^ clkbuf_3_4__f_clk/A (sky130_fd_sc_hd__clkbuf_16)
    13    0.057277    0.117206    0.344173   31.033680 ^ clkbuf_3_4__f_clk/X (sky130_fd_sc_hd__clkbuf_16)
                                                         clknet_3_4__leaf_clk (net)
                      0.117362    0.003823   31.037502 ^ spi_out.shift_reg[5]_sky130_fd_sc_hd__dfrtp_2_Q/CLK (sky130_fd_sc_hd__dfrtp_1)
                                 -0.250000   30.787502   clock uncertainty
                                  0.000000   30.787502   clock reconvergence pessimism
                                 -0.279979   30.507523   library setup time
                                             30.507523   data required time
---------------------------------------------------------------------------------------------
                                             30.507523   data required time
                                             -8.937669   data arrival time
---------------------------------------------------------------------------------------------
                                             21.569855   slack (MET)


Startpoint: spi_miso_sky130_fd_sc_hd__dfrtp_2_Q
            (rising edge-triggered flip-flop clocked by clk)
Endpoint: spi_miso (output port clocked by clk)
Path Group: clk
Path Type: max

Fanout         Cap        Slew       Delay        Time   Description
---------------------------------------------------------------------------------------------
                                  0.000000    0.000000   clock clk (rise edge)
                                  0.000000    0.000000   clock source latency
     1    0.042471    0.306377    0.216999    0.216999 ^ clk (in)
                                                         clk (net)
                      0.306741    0.000000    0.216999 ^ clkbuf_0_clk/A (sky130_fd_sc_hd__clkbuf_16)
     8    0.141131    0.236430    0.455319    0.672318 ^ clkbuf_0_clk/X (sky130_fd_sc_hd__clkbuf_16)
                                                         clknet_0_clk (net)
                      0.238348    0.017191    0.689509 ^ clkbuf_3_4__f_clk/A (sky130_fd_sc_hd__clkbuf_16)
    13    0.057277    0.117206    0.344171    1.033680 ^ clkbuf_3_4__f_clk/X (sky130_fd_sc_hd__clkbuf_16)
                                                         clknet_3_4__leaf_clk (net)
                      0.117470    0.004790    1.038469 ^ spi_miso_sky130_fd_sc_hd__dfrtp_2_Q/CLK (sky130_fd_sc_hd__dfrtp_1)
     2    0.005260    0.097460    0.781391    1.819860 v spi_miso_sky130_fd_sc_hd__dfrtp_2_Q/Q (sky130_fd_sc_hd__dfrtp_1)
                                                         net5 (net)
                      0.097460    0.000315    1.820175 v output5/A (sky130_fd_sc_hd__buf_2)
     1    0.034233    0.166042    0.356751    2.176926 v output5/X (sky130_fd_sc_hd__buf_2)
                                                         spi_miso (net)
                      0.166058    0.001714    2.178640 v spi_miso (out)
                                              2.178640   data arrival time

                                 30.000000   30.000000   clock clk (rise edge)
                                  0.000000   30.000000   clock network delay (propagated)
                                 -0.250000   29.750000   clock uncertainty
                                  0.000000   29.750000   clock reconvergence pessimism
                                 -6.000000   23.750002   output external delay
                                             23.750002   data required time
---------------------------------------------------------------------------------------------
                                             23.750002   data required time
                                             -2.178640   data arrival time
---------------------------------------------------------------------------------------------
                                             21.571360   slack (MET)


Startpoint: spi_clk (input port clocked by clk)
Endpoint: spi_out.shift_reg[12]_sky130_fd_sc_hd__dfrtp_2_Q
          (rising edge-triggered flip-flop clocked by clk)
Path Group: clk
Path Type: max

Fanout         Cap        Slew       Delay        Time   Description
---------------------------------------------------------------------------------------------
                                  0.000000    0.000000   clock clk (rise edge)
                                  0.000000    0.000000   clock network delay (propagated)
                                  6.000000    6.000000 v input external delay
     1    0.002665    0.017944    0.008852    6.008852 v spi_clk (in)
                                                         spi_clk (net)
                      0.017944    0.000000    6.008852 v input2/A (sky130_fd_sc_hd__clkbuf_1)
     3    0.007169    0.095091    0.174579    6.183431 v input2/X (sky130_fd_sc_hd__clkbuf_1)
                                                         net2 (net)
                      0.095091    0.000276    6.183707 v spi_clk_sky130_fd_sc_hd__or3b_2_A/A (sky130_fd_sc_hd__or3b_1)
     1    0.002762    0.136500    0.854920    7.038627 v spi_clk_sky130_fd_sc_hd__or3b_2_A/X (sky130_fd_sc_hd__or3b_1)
                                                         spi_clk_sky130_fd_sc_hd__or3b_2_A_X (net)
                      0.136500    0.000123    7.038749 v spi_sel_sky130_fd_sc_hd__a21oi_2_B1/A2 (sky130_fd_sc_hd__a21oi_1)
     2    0.014549    0.526786    0.527089    7.565838 ^ spi_sel_sky130_fd_sc_hd__a21oi_2_B1/Y (sky130_fd_sc_hd__a21oi_1)
                                                         spi_sel_sky130_fd_sc_hd__a21oi_2_B1_Y (net)
                      0.526789    0.001011    7.566849 ^ fanout6/A (sky130_fd_sc_hd__buf_4)
    10    0.069097    0.310256    0.575978    8.142827 ^ fanout6/X (sky130_fd_sc_hd__buf_4)
                                                         net6 (net)
                      0.310441    0.006988    8.149816 ^ spi_out.shift_reg[12]_sky130_fd_sc_hd__mux2_1_A0/S (sky130_fd_sc_hd__mux2_1)
     1    0.003028    0.112271    0.782451    8.932267 v spi_out.shift_reg[12]_sky130_fd_sc_hd__mux2_1_A0/X (sky130_fd_sc_hd__mux2_1)
                                                         spi_out.shift_reg[12]_sky130_fd_sc_hd__dfrtp_2_Q_D (net)
                      0.112271    0.000187    8.932454 v spi_out.shift_reg[12]_sky130_fd_sc_hd__dfrtp_2_Q/D (sky130_fd_sc_hd__dfrtp_1)
                                              8.932454   data arrival time

                                 30.000000   30.000000   clock clk (rise edge)
                                  0.000000   30.000000   clock source latency
     1    0.042471    0.306377    0.217000   30.216999 ^ clk (in)
                                                         clk (net)
                      0.306741    0.000000   30.216999 ^ clkbuf_0_clk/A (sky130_fd_sc_hd__clkbuf_16)
     8    0.141131    0.236430    0.455319   30.672319 ^ clkbuf_0_clk/X (sky130_fd_sc_hd__clkbuf_16)
                                                         clknet_0_clk (net)
                      0.238329    0.017106   30.689425 ^ clkbuf_3_1__f_clk/A (sky130_fd_sc_hd__clkbuf_16)
    12    0.058278    0.118607    0.344833   31.034258 ^ clkbuf_3_1__f_clk/X (sky130_fd_sc_hd__clkbuf_16)
                                                         clknet_3_1__leaf_clk (net)
                      0.118662    0.002554   31.036814 ^ spi_out.shift_reg[12]_sky130_fd_sc_hd__dfrtp_2_Q/CLK (sky130_fd_sc_hd__dfrtp_1)
                                 -0.250000   30.786812   clock uncertainty
                                  0.000000   30.786812   clock reconvergence pessimism
                                 -0.281210   30.505604   library setup time
                                             30.505604   data required time
---------------------------------------------------------------------------------------------
                                             30.505604   data required time
                                             -8.932454   data arrival time
---------------------------------------------------------------------------------------------
                                             21.573151   slack (MET)


Startpoint: spi_clk (input port clocked by clk)
Endpoint: spi_out.shift_reg[13]_sky130_fd_sc_hd__dfrtp_2_Q
          (rising edge-triggered flip-flop clocked by clk)
Path Group: clk
Path Type: max

Fanout         Cap        Slew       Delay        Time   Description
---------------------------------------------------------------------------------------------
                                  0.000000    0.000000   clock clk (rise edge)
                                  0.000000    0.000000   clock network delay (propagated)
                                  6.000000    6.000000 v input external delay
     1    0.002665    0.017944    0.008852    6.008852 v spi_clk (in)
                                                         spi_clk (net)
                      0.017944    0.000000    6.008852 v input2/A (sky130_fd_sc_hd__clkbuf_1)
     3    0.007169    0.095091    0.174579    6.183431 v input2/X (sky130_fd_sc_hd__clkbuf_1)
                                                         net2 (net)
                      0.095091    0.000276    6.183707 v spi_clk_sky130_fd_sc_hd__or3b_2_A/A (sky130_fd_sc_hd__or3b_1)
     1    0.002762    0.136500    0.854920    7.038627 v spi_clk_sky130_fd_sc_hd__or3b_2_A/X (sky130_fd_sc_hd__or3b_1)
                                                         spi_clk_sky130_fd_sc_hd__or3b_2_A_X (net)
                      0.136500    0.000123    7.038749 v spi_sel_sky130_fd_sc_hd__a21oi_2_B1/A2 (sky130_fd_sc_hd__a21oi_1)
     2    0.014549    0.526786    0.527089    7.565838 ^ spi_sel_sky130_fd_sc_hd__a21oi_2_B1/Y (sky130_fd_sc_hd__a21oi_1)
                                                         spi_sel_sky130_fd_sc_hd__a21oi_2_B1_Y (net)
                      0.526789    0.001011    7.566849 ^ fanout6/A (sky130_fd_sc_hd__buf_4)
    10    0.069097    0.310256    0.575978    8.142827 ^ fanout6/X (sky130_fd_sc_hd__buf_4)
                                                         net6 (net)
                      0.310267    0.002391    8.145218 ^ spi_out.shift_reg[13]_sky130_fd_sc_hd__mux2_1_A0/S (sky130_fd_sc_hd__mux2_1)
     1    0.003035    0.112347    0.782494    8.927712 v spi_out.shift_reg[13]_sky130_fd_sc_hd__mux2_1_A0/X (sky130_fd_sc_hd__mux2_1)
                                                         spi_out.shift_reg[13]_sky130_fd_sc_hd__dfrtp_2_Q_D (net)
                      0.112347    0.000223    8.927935 v spi_out.shift_reg[13]_sky130_fd_sc_hd__dfrtp_2_Q/D (sky130_fd_sc_hd__dfrtp_1)
                                              8.927935   data arrival time

                                 30.000000   30.000000   clock clk (rise edge)
                                  0.000000   30.000000   clock source latency
     1    0.042471    0.306377    0.217000   30.216999 ^ clk (in)
                                                         clk (net)
                      0.306741    0.000000   30.216999 ^ clkbuf_0_clk/A (sky130_fd_sc_hd__clkbuf_16)
     8    0.141131    0.236430    0.455319   30.672319 ^ clkbuf_0_clk/X (sky130_fd_sc_hd__clkbuf_16)
                                                         clknet_0_clk (net)
                      0.238329    0.017106   30.689425 ^ clkbuf_3_1__f_clk/A (sky130_fd_sc_hd__clkbuf_16)
    12    0.058278    0.118607    0.344833   31.034258 ^ clkbuf_3_1__f_clk/X (sky130_fd_sc_hd__clkbuf_16)
                                                         clknet_3_1__leaf_clk (net)
                      0.118894    0.004970   31.039228 ^ spi_out.shift_reg[13]_sky130_fd_sc_hd__dfrtp_2_Q/CLK (sky130_fd_sc_hd__dfrtp_1)
                                 -0.250000   30.789228   clock uncertainty
                                  0.000000   30.789228   clock reconvergence pessimism
                                 -0.281180   30.508049   library setup time
                                             30.508049   data required time
---------------------------------------------------------------------------------------------
                                             30.508049   data required time
                                             -8.927935   data arrival time
---------------------------------------------------------------------------------------------
                                             21.580114   slack (MET)


Startpoint: spi_clk (input port clocked by clk)
Endpoint: spi_out.shift_reg[6]_sky130_fd_sc_hd__dfrtp_2_Q
          (rising edge-triggered flip-flop clocked by clk)
Path Group: clk
Path Type: max

Fanout         Cap        Slew       Delay        Time   Description
---------------------------------------------------------------------------------------------
                                  0.000000    0.000000   clock clk (rise edge)
                                  0.000000    0.000000   clock network delay (propagated)
                                  6.000000    6.000000 v input external delay
     1    0.002665    0.017944    0.008852    6.008852 v spi_clk (in)
                                                         spi_clk (net)
                      0.017944    0.000000    6.008852 v input2/A (sky130_fd_sc_hd__clkbuf_1)
     3    0.007169    0.095091    0.174579    6.183431 v input2/X (sky130_fd_sc_hd__clkbuf_1)
                                                         net2 (net)
                      0.095091    0.000276    6.183707 v spi_clk_sky130_fd_sc_hd__or3b_2_A/A (sky130_fd_sc_hd__or3b_1)
     1    0.002762    0.136500    0.854920    7.038627 v spi_clk_sky130_fd_sc_hd__or3b_2_A/X (sky130_fd_sc_hd__or3b_1)
                                                         spi_clk_sky130_fd_sc_hd__or3b_2_A_X (net)
                      0.136500    0.000123    7.038749 v spi_sel_sky130_fd_sc_hd__a21oi_2_B1/A2 (sky130_fd_sc_hd__a21oi_1)
     2    0.014549    0.526786    0.527089    7.565838 ^ spi_sel_sky130_fd_sc_hd__a21oi_2_B1/Y (sky130_fd_sc_hd__a21oi_1)
                                                         spi_sel_sky130_fd_sc_hd__a21oi_2_B1_Y (net)
                      0.526789    0.001011    7.566849 ^ fanout6/A (sky130_fd_sc_hd__buf_4)
    10    0.069097    0.310256    0.575978    8.142827 ^ fanout6/X (sky130_fd_sc_hd__buf_4)
                                                         net6 (net)
                      0.310337    0.004913    8.147740 ^ spi_out.shift_reg[6]_sky130_fd_sc_hd__mux2_1_A0/S (sky130_fd_sc_hd__mux2_1)
     1    0.002938    0.111372    0.780886    8.928627 v spi_out.shift_reg[6]_sky130_fd_sc_hd__mux2_1_A0/X (sky130_fd_sc_hd__mux2_1)
                                                         spi_out.shift_reg[6]_sky130_fd_sc_hd__dfrtp_2_Q_D (net)
                      0.111372    0.000123    8.928750 v spi_out.shift_reg[6]_sky130_fd_sc_hd__dfrtp_2_Q/D (sky130_fd_sc_hd__dfrtp_1)
                                              8.928750   data arrival time

                                 30.000000   30.000000   clock clk (rise edge)
                                  0.000000   30.000000   clock source latency
     1    0.042471    0.306377    0.217000   30.216999 ^ clk (in)
                                                         clk (net)
                      0.306741    0.000000   30.216999 ^ clkbuf_0_clk/A (sky130_fd_sc_hd__clkbuf_16)
     8    0.141131    0.236430    0.455319   30.672319 ^ clkbuf_0_clk/X (sky130_fd_sc_hd__clkbuf_16)
                                                         clknet_0_clk (net)
                      0.238329    0.017106   30.689425 ^ clkbuf_3_1__f_clk/A (sky130_fd_sc_hd__clkbuf_16)
    12    0.058278    0.118607    0.344833   31.034258 ^ clkbuf_3_1__f_clk/X (sky130_fd_sc_hd__clkbuf_16)
                                                         clknet_3_1__leaf_clk (net)
                      0.119028    0.005940   31.040199 ^ spi_out.shift_reg[6]_sky130_fd_sc_hd__dfrtp_2_Q/CLK (sky130_fd_sc_hd__dfrtp_1)
                                 -0.250000   30.790197   clock uncertainty
                                  0.000000   30.790197   clock reconvergence pessimism
                                 -0.280738   30.509459   library setup time
                                             30.509459   data required time
---------------------------------------------------------------------------------------------
                                             30.509459   data required time
                                             -8.928750   data arrival time
---------------------------------------------------------------------------------------------
                                             21.580708   slack (MET)


Startpoint: spi_clk (input port clocked by clk)
Endpoint: spi_out.shift_reg[7]_sky130_fd_sc_hd__dfrtp_2_Q
          (rising edge-triggered flip-flop clocked by clk)
Path Group: clk
Path Type: max

Fanout         Cap        Slew       Delay        Time   Description
---------------------------------------------------------------------------------------------
                                  0.000000    0.000000   clock clk (rise edge)
                                  0.000000    0.000000   clock network delay (propagated)
                                  6.000000    6.000000 v input external delay
     1    0.002665    0.017944    0.008852    6.008852 v spi_clk (in)
                                                         spi_clk (net)
                      0.017944    0.000000    6.008852 v input2/A (sky130_fd_sc_hd__clkbuf_1)
     3    0.007169    0.095091    0.174579    6.183431 v input2/X (sky130_fd_sc_hd__clkbuf_1)
                                                         net2 (net)
                      0.095091    0.000276    6.183707 v spi_clk_sky130_fd_sc_hd__or3b_2_A/A (sky130_fd_sc_hd__or3b_1)
     1    0.002762    0.136500    0.854920    7.038627 v spi_clk_sky130_fd_sc_hd__or3b_2_A/X (sky130_fd_sc_hd__or3b_1)
                                                         spi_clk_sky130_fd_sc_hd__or3b_2_A_X (net)
                      0.136500    0.000123    7.038749 v spi_sel_sky130_fd_sc_hd__a21oi_2_B1/A2 (sky130_fd_sc_hd__a21oi_1)
     2    0.014549    0.526786    0.527089    7.565838 ^ spi_sel_sky130_fd_sc_hd__a21oi_2_B1/Y (sky130_fd_sc_hd__a21oi_1)
                                                         spi_sel_sky130_fd_sc_hd__a21oi_2_B1_Y (net)
                      0.526789    0.001011    7.566849 ^ fanout6/A (sky130_fd_sc_hd__buf_4)
    10    0.069097    0.310256    0.575978    8.142827 ^ fanout6/X (sky130_fd_sc_hd__buf_4)
                                                         net6 (net)
                      0.310395    0.006162    8.148990 ^ spi_out.shift_reg[7]_sky130_fd_sc_hd__mux2_1_A0/S (sky130_fd_sc_hd__mux2_1)
     1    0.002801    0.110032    0.778556    8.927546 v spi_out.shift_reg[7]_sky130_fd_sc_hd__mux2_1_A0/X (sky130_fd_sc_hd__mux2_1)
                                                         spi_out.shift_reg[7]_sky130_fd_sc_hd__dfrtp_2_Q_D (net)
                      0.110032    0.000115    8.927661 v spi_out.shift_reg[7]_sky130_fd_sc_hd__dfrtp_2_Q/D (sky130_fd_sc_hd__dfrtp_1)
                                              8.927661   data arrival time

                                 30.000000   30.000000   clock clk (rise edge)
                                  0.000000   30.000000   clock source latency
     1    0.042471    0.306377    0.217000   30.216999 ^ clk (in)
                                                         clk (net)
                      0.306741    0.000000   30.216999 ^ clkbuf_0_clk/A (sky130_fd_sc_hd__clkbuf_16)
     8    0.141131    0.236430    0.455319   30.672319 ^ clkbuf_0_clk/X (sky130_fd_sc_hd__clkbuf_16)
                                                         clknet_0_clk (net)
                      0.238329    0.017106   30.689425 ^ clkbuf_3_1__f_clk/A (sky130_fd_sc_hd__clkbuf_16)
    12    0.058278    0.118607    0.344833   31.034258 ^ clkbuf_3_1__f_clk/X (sky130_fd_sc_hd__clkbuf_16)
                                                         clknet_3_1__leaf_clk (net)
                      0.118857    0.004679   31.038939 ^ spi_out.shift_reg[7]_sky130_fd_sc_hd__dfrtp_2_Q/CLK (sky130_fd_sc_hd__dfrtp_1)
                                 -0.250000   30.788937   clock uncertainty
                                  0.000000   30.788937   clock reconvergence pessimism
                                 -0.280225   30.508713   library setup time
                                             30.508713   data required time
---------------------------------------------------------------------------------------------
                                             30.508713   data required time
                                             -8.927661   data arrival time
---------------------------------------------------------------------------------------------
                                             21.581053   slack (MET)


Startpoint: spi_clk (input port clocked by clk)
Endpoint: spi_miso_sky130_fd_sc_hd__dfrtp_2_Q
          (rising edge-triggered flip-flop clocked by clk)
Path Group: clk
Path Type: max

Fanout         Cap        Slew       Delay        Time   Description
---------------------------------------------------------------------------------------------
                                  0.000000    0.000000   clock clk (rise edge)
                                  0.000000    0.000000   clock network delay (propagated)
                                  6.000000    6.000000 v input external delay
     1    0.002665    0.017944    0.008852    6.008852 v spi_clk (in)
                                                         spi_clk (net)
                      0.017944    0.000000    6.008852 v input2/A (sky130_fd_sc_hd__clkbuf_1)
     3    0.007169    0.095091    0.174579    6.183431 v input2/X (sky130_fd_sc_hd__clkbuf_1)
                                                         net2 (net)
                      0.095091    0.000276    6.183707 v spi_clk_sky130_fd_sc_hd__or3b_2_A/A (sky130_fd_sc_hd__or3b_1)
     1    0.002762    0.136500    0.854920    7.038627 v spi_clk_sky130_fd_sc_hd__or3b_2_A/X (sky130_fd_sc_hd__or3b_1)
                                                         spi_clk_sky130_fd_sc_hd__or3b_2_A_X (net)
                      0.136500    0.000123    7.038749 v spi_sel_sky130_fd_sc_hd__a21oi_2_B1/A2 (sky130_fd_sc_hd__a21oi_1)
     2    0.014549    0.526786    0.527089    7.565838 ^ spi_sel_sky130_fd_sc_hd__a21oi_2_B1/Y (sky130_fd_sc_hd__a21oi_1)
                                                         spi_sel_sky130_fd_sc_hd__a21oi_2_B1_Y (net)
                      0.526788    0.000774    7.566612 ^ fanout7/A (sky130_fd_sc_hd__clkbuf_4)
     9    0.055779    0.275366    0.601112    8.167724 ^ fanout7/X (sky130_fd_sc_hd__clkbuf_4)
                                                         net7 (net)
                      0.275382    0.002371    8.170095 ^ spi_miso_sky130_fd_sc_hd__mux2_1_A0/S (sky130_fd_sc_hd__mux2_1)
     1    0.002116    0.103257    0.757507    8.927602 v spi_miso_sky130_fd_sc_hd__mux2_1_A0/X (sky130_fd_sc_hd__mux2_1)
                                                         spi_miso_sky130_fd_sc_hd__dfrtp_2_Q_D (net)
                      0.103257    0.000097    8.927699 v spi_miso_sky130_fd_sc_hd__dfrtp_2_Q/D (sky130_fd_sc_hd__dfrtp_1)
                                              8.927699   data arrival time

                                 30.000000   30.000000   clock clk (rise edge)
                                  0.000000   30.000000   clock source latency
     1    0.042471    0.306377    0.217000   30.216999 ^ clk (in)
                                                         clk (net)
                      0.306741    0.000000   30.216999 ^ clkbuf_0_clk/A (sky130_fd_sc_hd__clkbuf_16)
     8    0.141131    0.236430    0.455319   30.672319 ^ clkbuf_0_clk/X (sky130_fd_sc_hd__clkbuf_16)
                                                         clknet_0_clk (net)
                      0.238348    0.017188   30.689507 ^ clkbuf_3_4__f_clk/A (sky130_fd_sc_hd__clkbuf_16)
    13    0.057277    0.117206    0.344173   31.033680 ^ clkbuf_3_4__f_clk/X (sky130_fd_sc_hd__clkbuf_16)
                                                         clknet_3_4__leaf_clk (net)
                      0.117470    0.004789   31.038469 ^ spi_miso_sky130_fd_sc_hd__dfrtp_2_Q/CLK (sky130_fd_sc_hd__dfrtp_1)
                                 -0.250000   30.788467   clock uncertainty
                                  0.000000   30.788467   clock reconvergence pessimism
                                 -0.277772   30.510695   library setup time
                                             30.510695   data required time
---------------------------------------------------------------------------------------------
                                             30.510695   data required time
                                             -8.927699   data arrival time
---------------------------------------------------------------------------------------------
                                             21.582996   slack (MET)


Startpoint: spi_clk (input port clocked by clk)
Endpoint: spi_out.shift_reg[8]_sky130_fd_sc_hd__dfrtp_2_Q
          (rising edge-triggered flip-flop clocked by clk)
Path Group: clk
Path Type: max

Fanout         Cap        Slew       Delay        Time   Description
---------------------------------------------------------------------------------------------
                                  0.000000    0.000000   clock clk (rise edge)
                                  0.000000    0.000000   clock network delay (propagated)
                                  6.000000    6.000000 v input external delay
     1    0.002665    0.017944    0.008852    6.008852 v spi_clk (in)
                                                         spi_clk (net)
                      0.017944    0.000000    6.008852 v input2/A (sky130_fd_sc_hd__clkbuf_1)
     3    0.007169    0.095091    0.174579    6.183431 v input2/X (sky130_fd_sc_hd__clkbuf_1)
                                                         net2 (net)
                      0.095091    0.000276    6.183707 v spi_clk_sky130_fd_sc_hd__or3b_2_A/A (sky130_fd_sc_hd__or3b_1)
     1    0.002762    0.136500    0.854920    7.038627 v spi_clk_sky130_fd_sc_hd__or3b_2_A/X (sky130_fd_sc_hd__or3b_1)
                                                         spi_clk_sky130_fd_sc_hd__or3b_2_A_X (net)
                      0.136500    0.000123    7.038749 v spi_sel_sky130_fd_sc_hd__a21oi_2_B1/A2 (sky130_fd_sc_hd__a21oi_1)
     2    0.014549    0.526786    0.527089    7.565838 ^ spi_sel_sky130_fd_sc_hd__a21oi_2_B1/Y (sky130_fd_sc_hd__a21oi_1)
                                                         spi_sel_sky130_fd_sc_hd__a21oi_2_B1_Y (net)
                      0.526789    0.001011    7.566849 ^ fanout6/A (sky130_fd_sc_hd__buf_4)
    10    0.069097    0.310256    0.575978    8.142827 ^ fanout6/X (sky130_fd_sc_hd__buf_4)
                                                         net6 (net)
                      0.310432    0.006824    8.149651 ^ spi_out.shift_reg[8]_sky130_fd_sc_hd__mux2_1_A0/S (sky130_fd_sc_hd__mux2_1)
     1    0.002401    0.106093    0.771675    8.921326 v spi_out.shift_reg[8]_sky130_fd_sc_hd__mux2_1_A0/X (sky130_fd_sc_hd__mux2_1)
                                                         spi_out.shift_reg[8]_sky130_fd_sc_hd__dfrtp_2_Q_D (net)
                      0.106093    0.000174    8.921500 v spi_out.shift_reg[8]_sky130_fd_sc_hd__dfrtp_2_Q/D (sky130_fd_sc_hd__dfrtp_1)
                                              8.921500   data arrival time

                                 30.000000   30.000000   clock clk (rise edge)
                                  0.000000   30.000000   clock source latency
     1    0.042471    0.306377    0.217000   30.216999 ^ clk (in)
                                                         clk (net)
                      0.306741    0.000000   30.216999 ^ clkbuf_0_clk/A (sky130_fd_sc_hd__clkbuf_16)
     8    0.141131    0.236430    0.455319   30.672319 ^ clkbuf_0_clk/X (sky130_fd_sc_hd__clkbuf_16)
                                                         clknet_0_clk (net)
                      0.238329    0.017106   30.689425 ^ clkbuf_3_1__f_clk/A (sky130_fd_sc_hd__clkbuf_16)
    12    0.058278    0.118607    0.344833   31.034258 ^ clkbuf_3_1__f_clk/X (sky130_fd_sc_hd__clkbuf_16)
                                                         clknet_3_1__leaf_clk (net)
                      0.118754    0.003727   31.037985 ^ spi_out.shift_reg[8]_sky130_fd_sc_hd__dfrtp_2_Q/CLK (sky130_fd_sc_hd__dfrtp_1)
                                 -0.250000   30.787985   clock uncertainty
                                  0.000000   30.787985   clock reconvergence pessimism
                                 -0.278611   30.509375   library setup time
                                             30.509375   data required time
---------------------------------------------------------------------------------------------
                                             30.509375   data required time
                                             -8.921500   data arrival time
---------------------------------------------------------------------------------------------
                                             21.587873   slack (MET)


Startpoint: spi_clk (input port clocked by clk)
Endpoint: spi_out.shift_reg[1]_sky130_fd_sc_hd__dfrtp_2_Q
          (rising edge-triggered flip-flop clocked by clk)
Path Group: clk
Path Type: max

Fanout         Cap        Slew       Delay        Time   Description
---------------------------------------------------------------------------------------------
                                  0.000000    0.000000   clock clk (rise edge)
                                  0.000000    0.000000   clock network delay (propagated)
                                  6.000000    6.000000 v input external delay
     1    0.002665    0.017944    0.008852    6.008852 v spi_clk (in)
                                                         spi_clk (net)
                      0.017944    0.000000    6.008852 v input2/A (sky130_fd_sc_hd__clkbuf_1)
     3    0.007169    0.095091    0.174579    6.183431 v input2/X (sky130_fd_sc_hd__clkbuf_1)
                                                         net2 (net)
                      0.095091    0.000276    6.183707 v spi_clk_sky130_fd_sc_hd__or3b_2_A/A (sky130_fd_sc_hd__or3b_1)
     1    0.002762    0.136500    0.854920    7.038627 v spi_clk_sky130_fd_sc_hd__or3b_2_A/X (sky130_fd_sc_hd__or3b_1)
                                                         spi_clk_sky130_fd_sc_hd__or3b_2_A_X (net)
                      0.136500    0.000123    7.038749 v spi_sel_sky130_fd_sc_hd__a21oi_2_B1/A2 (sky130_fd_sc_hd__a21oi_1)
     2    0.014549    0.526786    0.527089    7.565838 ^ spi_sel_sky130_fd_sc_hd__a21oi_2_B1/Y (sky130_fd_sc_hd__a21oi_1)
                                                         spi_sel_sky130_fd_sc_hd__a21oi_2_B1_Y (net)
                      0.526789    0.001011    7.566849 ^ fanout6/A (sky130_fd_sc_hd__buf_4)
    10    0.069097    0.310256    0.575978    8.142827 ^ fanout6/X (sky130_fd_sc_hd__buf_4)
                                                         net6 (net)
                      0.310314    0.004291    8.147118 ^ spi_out.shift_reg[1]_sky130_fd_sc_hd__mux2_1_A0/S (sky130_fd_sc_hd__mux2_1)
     1    0.002258    0.104736    0.769201    8.916319 v spi_out.shift_reg[1]_sky130_fd_sc_hd__mux2_1_A0/X (sky130_fd_sc_hd__mux2_1)
                                                         spi_out.shift_reg[1]_sky130_fd_sc_hd__dfrtp_2_Q_D (net)
                      0.104736    0.000154    8.916472 v spi_out.shift_reg[1]_sky130_fd_sc_hd__dfrtp_2_Q/D (sky130_fd_sc_hd__dfrtp_1)
                                              8.916472   data arrival time

                                 30.000000   30.000000   clock clk (rise edge)
                                  0.000000   30.000000   clock source latency
     1    0.042471    0.306377    0.217000   30.216999 ^ clk (in)
                                                         clk (net)
                      0.306741    0.000000   30.216999 ^ clkbuf_0_clk/A (sky130_fd_sc_hd__clkbuf_16)
     8    0.141131    0.236430    0.455319   30.672319 ^ clkbuf_0_clk/X (sky130_fd_sc_hd__clkbuf_16)
                                                         clknet_0_clk (net)
                      0.238348    0.017188   30.689507 ^ clkbuf_3_4__f_clk/A (sky130_fd_sc_hd__clkbuf_16)
    13    0.057277    0.117206    0.344173   31.033680 ^ clkbuf_3_4__f_clk/X (sky130_fd_sc_hd__clkbuf_16)
                                                         clknet_3_4__leaf_clk (net)
                      0.117226    0.001890   31.035570 ^ spi_out.shift_reg[1]_sky130_fd_sc_hd__dfrtp_2_Q/CLK (sky130_fd_sc_hd__dfrtp_1)
                                 -0.250000   30.785568   clock uncertainty
                                  0.000000   30.785568   clock reconvergence pessimism
                                 -0.278453   30.507114   library setup time
                                             30.507114   data required time
---------------------------------------------------------------------------------------------
                                             30.507114   data required time
                                             -8.916472   data arrival time
---------------------------------------------------------------------------------------------
                                             21.590641   slack (MET)


Startpoint: spi_clk (input port clocked by clk)
Endpoint: spi_out.shift_reg[14]_sky130_fd_sc_hd__dfrtp_2_Q
          (rising edge-triggered flip-flop clocked by clk)
Path Group: clk
Path Type: max

Fanout         Cap        Slew       Delay        Time   Description
---------------------------------------------------------------------------------------------
                                  0.000000    0.000000   clock clk (rise edge)
                                  0.000000    0.000000   clock network delay (propagated)
                                  6.000000    6.000000 v input external delay
     1    0.002665    0.017944    0.008852    6.008852 v spi_clk (in)
                                                         spi_clk (net)
                      0.017944    0.000000    6.008852 v input2/A (sky130_fd_sc_hd__clkbuf_1)
     3    0.007169    0.095091    0.174579    6.183431 v input2/X (sky130_fd_sc_hd__clkbuf_1)
                                                         net2 (net)
                      0.095091    0.000276    6.183707 v spi_clk_sky130_fd_sc_hd__or3b_2_A/A (sky130_fd_sc_hd__or3b_1)
     1    0.002762    0.136500    0.854920    7.038627 v spi_clk_sky130_fd_sc_hd__or3b_2_A/X (sky130_fd_sc_hd__or3b_1)
                                                         spi_clk_sky130_fd_sc_hd__or3b_2_A_X (net)
                      0.136500    0.000123    7.038749 v spi_sel_sky130_fd_sc_hd__a21oi_2_B1/A2 (sky130_fd_sc_hd__a21oi_1)
     2    0.014549    0.526786    0.527089    7.565838 ^ spi_sel_sky130_fd_sc_hd__a21oi_2_B1/Y (sky130_fd_sc_hd__a21oi_1)
                                                         spi_sel_sky130_fd_sc_hd__a21oi_2_B1_Y (net)
                      0.526789    0.001011    7.566849 ^ fanout6/A (sky130_fd_sc_hd__buf_4)
    10    0.069097    0.310256    0.575978    8.142827 ^ fanout6/X (sky130_fd_sc_hd__buf_4)
                                                         net6 (net)
                      0.310263    0.002115    8.144942 ^ spi_out.shift_reg[14]_sky130_fd_sc_hd__mux2_1_A0/S (sky130_fd_sc_hd__mux2_1)
     1    0.002575    0.107785    0.774614    8.919556 v spi_out.shift_reg[14]_sky130_fd_sc_hd__mux2_1_A0/X (sky130_fd_sc_hd__mux2_1)
                                                         spi_out.shift_reg[14]_sky130_fd_sc_hd__dfrtp_2_Q_D (net)
                      0.107785    0.000172    8.919728 v spi_out.shift_reg[14]_sky130_fd_sc_hd__dfrtp_2_Q/D (sky130_fd_sc_hd__dfrtp_1)
                                              8.919728   data arrival time

                                 30.000000   30.000000   clock clk (rise edge)
                                  0.000000   30.000000   clock source latency
     1    0.042471    0.306377    0.217000   30.216999 ^ clk (in)
                                                         clk (net)
                      0.306741    0.000000   30.216999 ^ clkbuf_0_clk/A (sky130_fd_sc_hd__clkbuf_16)
     8    0.141131    0.236430    0.455319   30.672319 ^ clkbuf_0_clk/X (sky130_fd_sc_hd__clkbuf_16)
                                                         clknet_0_clk (net)
                      0.238329    0.017106   30.689425 ^ clkbuf_3_1__f_clk/A (sky130_fd_sc_hd__clkbuf_16)
    12    0.058278    0.118607    0.344833   31.034258 ^ clkbuf_3_1__f_clk/X (sky130_fd_sc_hd__clkbuf_16)
                                                         clknet_3_1__leaf_clk (net)
                      0.118980    0.005613   31.039871 ^ spi_out.shift_reg[14]_sky130_fd_sc_hd__dfrtp_2_Q/CLK (sky130_fd_sc_hd__dfrtp_1)
                                 -0.250000   30.789871   clock uncertainty
                                  0.000000   30.789871   clock reconvergence pessimism
                                 -0.279256   30.510616   library setup time
                                             30.510616   data required time
---------------------------------------------------------------------------------------------
                                             30.510616   data required time
                                             -8.919728   data arrival time
---------------------------------------------------------------------------------------------
                                             21.590889   slack (MET)


Startpoint: spi_clk (input port clocked by clk)
Endpoint: spi_out.bit_cnt[2]_sky130_fd_sc_hd__dfrtp_2_Q
          (rising edge-triggered flip-flop clocked by clk)
Path Group: clk
Path Type: max

Fanout         Cap        Slew       Delay        Time   Description
---------------------------------------------------------------------------------------------
                                  0.000000    0.000000   clock clk (rise edge)
                                  0.000000    0.000000   clock network delay (propagated)
                                  6.000000    6.000000 v input external delay
     1    0.002665    0.017944    0.008852    6.008852 v spi_clk (in)
                                                         spi_clk (net)
                      0.017944    0.000000    6.008852 v input2/A (sky130_fd_sc_hd__clkbuf_1)
     3    0.007169    0.095091    0.174579    6.183431 v input2/X (sky130_fd_sc_hd__clkbuf_1)
                                                         net2 (net)
                      0.095091    0.000276    6.183707 v spi_clk_sky130_fd_sc_hd__or3b_2_A/A (sky130_fd_sc_hd__or3b_1)
     1    0.002762    0.136500    0.854920    7.038627 v spi_clk_sky130_fd_sc_hd__or3b_2_A/X (sky130_fd_sc_hd__or3b_1)
                                                         spi_clk_sky130_fd_sc_hd__or3b_2_A_X (net)
                      0.136500    0.000123    7.038749 v spi_sel_sky130_fd_sc_hd__a21oi_2_B1/A2 (sky130_fd_sc_hd__a21oi_1)
     2    0.014549    0.526786    0.527089    7.565838 ^ spi_sel_sky130_fd_sc_hd__a21oi_2_B1/Y (sky130_fd_sc_hd__a21oi_1)
                                                         spi_sel_sky130_fd_sc_hd__a21oi_2_B1_Y (net)
                      0.526788    0.000774    7.566612 ^ fanout7/A (sky130_fd_sc_hd__clkbuf_4)
     9    0.055779    0.275366    0.601112    8.167724 ^ fanout7/X (sky130_fd_sc_hd__clkbuf_4)
                                                         net7 (net)
                      0.275378    0.002126    8.169850 ^ spi_out.bit_cnt[1]_sky130_fd_sc_hd__and3_2_A/C (sky130_fd_sc_hd__and3_1)
     4    0.017219    0.280787    0.536148    8.705998 ^ spi_out.bit_cnt[1]_sky130_fd_sc_hd__and3_2_A/X (sky130_fd_sc_hd__and3_1)
                                                         spi_out.bit_cnt[1]_sky130_fd_sc_hd__and3_2_A_X (net)
                      0.280787    0.000993    8.706991 ^ spi_out.bit_cnt[2]_sky130_fd_sc_hd__dfrtp_2_Q_D_sky130_fd_sc_hd__xor2_2_X/B (sky130_fd_sc_hd__xor2_1)
     1    0.002074    0.103633    0.190805    8.897796 v spi_out.bit_cnt[2]_sky130_fd_sc_hd__dfrtp_2_Q_D_sky130_fd_sc_hd__xor2_2_X/X (sky130_fd_sc_hd__xor2_1)
                                                         spi_out.bit_cnt[2]_sky130_fd_sc_hd__dfrtp_2_Q_D (net)
                      0.103633    0.000150    8.897945 v spi_out.bit_cnt[2]_sky130_fd_sc_hd__dfrtp_2_Q/D (sky130_fd_sc_hd__dfrtp_1)
                                              8.897945   data arrival time

                                 30.000000   30.000000   clock clk (rise edge)
                                  0.000000   30.000000   clock source latency
     1    0.042471    0.306377    0.217000   30.216999 ^ clk (in)
                                                         clk (net)
                      0.306741    0.000000   30.216999 ^ clkbuf_0_clk/A (sky130_fd_sc_hd__clkbuf_16)
     8    0.141131    0.236430    0.455319   30.672319 ^ clkbuf_0_clk/X (sky130_fd_sc_hd__clkbuf_16)
                                                         clknet_0_clk (net)
                      0.238580    0.018154   30.690474 ^ clkbuf_3_5__f_clk/A (sky130_fd_sc_hd__clkbuf_16)
    13    0.053542    0.111953    0.340858   31.031332 ^ clkbuf_3_5__f_clk/X (sky130_fd_sc_hd__clkbuf_16)
                                                         clknet_3_5__leaf_clk (net)
                      0.112070    0.003102   31.034433 ^ spi_out.bit_cnt[2]_sky130_fd_sc_hd__dfrtp_2_Q/CLK (sky130_fd_sc_hd__dfrtp_1)
                                 -0.250000   30.784431   clock uncertainty
                                  0.000000   30.784431   clock reconvergence pessimism
                                 -0.279369   30.505064   library setup time
                                             30.505064   data required time
---------------------------------------------------------------------------------------------
                                             30.505064   data required time
                                             -8.897945   data arrival time
---------------------------------------------------------------------------------------------
                                             21.607119   slack (MET)


Startpoint: spi_clk (input port clocked by clk)
Endpoint: spi_out.bit_cnt[1]_sky130_fd_sc_hd__dfrtp_2_Q
          (rising edge-triggered flip-flop clocked by clk)
Path Group: clk
Path Type: max

Fanout         Cap        Slew       Delay        Time   Description
---------------------------------------------------------------------------------------------
                                  0.000000    0.000000   clock clk (rise edge)
                                  0.000000    0.000000   clock network delay (propagated)
                                  6.000000    6.000000 v input external delay
     1    0.002665    0.017944    0.008852    6.008852 v spi_clk (in)
                                                         spi_clk (net)
                      0.017944    0.000000    6.008852 v input2/A (sky130_fd_sc_hd__clkbuf_1)
     3    0.007169    0.095091    0.174579    6.183431 v input2/X (sky130_fd_sc_hd__clkbuf_1)
                                                         net2 (net)
                      0.095091    0.000276    6.183707 v spi_clk_sky130_fd_sc_hd__or3b_2_A/A (sky130_fd_sc_hd__or3b_1)
     1    0.002762    0.136500    0.854920    7.038627 v spi_clk_sky130_fd_sc_hd__or3b_2_A/X (sky130_fd_sc_hd__or3b_1)
                                                         spi_clk_sky130_fd_sc_hd__or3b_2_A_X (net)
                      0.136500    0.000123    7.038749 v spi_sel_sky130_fd_sc_hd__a21oi_2_B1/A2 (sky130_fd_sc_hd__a21oi_1)
     2    0.014549    0.526786    0.527089    7.565838 ^ spi_sel_sky130_fd_sc_hd__a21oi_2_B1/Y (sky130_fd_sc_hd__a21oi_1)
                                                         spi_sel_sky130_fd_sc_hd__a21oi_2_B1_Y (net)
                      0.526788    0.000774    7.566612 ^ fanout7/A (sky130_fd_sc_hd__clkbuf_4)
     9    0.055779    0.275366    0.601112    8.167724 ^ fanout7/X (sky130_fd_sc_hd__clkbuf_4)
                                                         net7 (net)
                      0.275378    0.002126    8.169850 ^ spi_out.bit_cnt[1]_sky130_fd_sc_hd__and3_2_A/C (sky130_fd_sc_hd__and3_1)
     4    0.017219    0.280787    0.536148    8.705998 ^ spi_out.bit_cnt[1]_sky130_fd_sc_hd__and3_2_A/X (sky130_fd_sc_hd__and3_1)
                                                         spi_out.bit_cnt[1]_sky130_fd_sc_hd__and3_2_A_X (net)
                      0.280787    0.000595    8.706593 ^ spi_out.bit_cnt[1]_sky130_fd_sc_hd__dfrtp_2_Q_D_sky130_fd_sc_hd__nor2_2_Y/A (sky130_fd_sc_hd__nor2_1)
     1    0.002443    0.073525    0.156872    8.863465 v spi_out.bit_cnt[1]_sky130_fd_sc_hd__dfrtp_2_Q_D_sky130_fd_sc_hd__nor2_2_Y/Y (sky130_fd_sc_hd__nor2_1)
                                                         spi_out.bit_cnt[1]_sky130_fd_sc_hd__dfrtp_2_Q_D (net)
                      0.073525    0.000161    8.863626 v spi_out.bit_cnt[1]_sky130_fd_sc_hd__dfrtp_2_Q/D (sky130_fd_sc_hd__dfrtp_1)
                                              8.863626   data arrival time

                                 30.000000   30.000000   clock clk (rise edge)
                                  0.000000   30.000000   clock source latency
     1    0.042471    0.306377    0.217000   30.216999 ^ clk (in)
                                                         clk (net)
                      0.306741    0.000000   30.216999 ^ clkbuf_0_clk/A (sky130_fd_sc_hd__clkbuf_16)
     8    0.141131    0.236430    0.455319   30.672319 ^ clkbuf_0_clk/X (sky130_fd_sc_hd__clkbuf_16)
                                                         clknet_0_clk (net)
                      0.238580    0.018154   30.690474 ^ clkbuf_3_5__f_clk/A (sky130_fd_sc_hd__clkbuf_16)
    13    0.053542    0.111953    0.340858   31.031332 ^ clkbuf_3_5__f_clk/X (sky130_fd_sc_hd__clkbuf_16)
                                                         clknet_3_5__leaf_clk (net)
                      0.112023    0.002476   31.033808 ^ spi_out.bit_cnt[1]_sky130_fd_sc_hd__dfrtp_2_Q/CLK (sky130_fd_sc_hd__dfrtp_1)
                                 -0.250000   30.783806   clock uncertainty
                                  0.000000   30.783806   clock reconvergence pessimism
                                 -0.266834   30.516973   library setup time
                                             30.516973   data required time
---------------------------------------------------------------------------------------------
                                             30.516973   data required time
                                             -8.863626   data arrival time
---------------------------------------------------------------------------------------------
                                             21.653347   slack (MET)


Startpoint: spi_sel (input port clocked by clk)
Endpoint: spi_in.shift_reg[11]_sky130_fd_sc_hd__dfrtp_2_Q
          (rising edge-triggered flip-flop clocked by clk)
Path Group: clk
Path Type: max

Fanout         Cap        Slew       Delay        Time   Description
---------------------------------------------------------------------------------------------
                                  0.000000    0.000000   clock clk (rise edge)
                                  0.000000    0.000000   clock network delay (propagated)
                                  6.000000    6.000000 v input external delay
     1    0.002732    0.018195    0.009064    6.009064 v spi_sel (in)
                                                         spi_sel (net)
                      0.018196    0.000000    6.009064 v input4/A (sky130_fd_sc_hd__buf_1)
     3    0.012989    0.155965    0.222081    6.231145 v input4/X (sky130_fd_sc_hd__buf_1)
                                                         net4 (net)
                      0.155967    0.000904    6.232049 v spi_sel_sky130_fd_sc_hd__nor3b_2_A/A (sky130_fd_sc_hd__nor3b_1)
     1    0.010654    0.632586    0.645716    6.877766 ^ spi_sel_sky130_fd_sc_hd__nor3b_2_A/Y (sky130_fd_sc_hd__nor3b_1)
                                                         spi_sel_sky130_fd_sc_hd__nor3b_2_A_Y (net)
                      0.632588    0.000977    6.878742 ^ fanout16/A (sky130_fd_sc_hd__clkbuf_8)
     9    0.088633    0.256280    0.595786    7.474528 ^ fanout16/X (sky130_fd_sc_hd__clkbuf_8)
                                                         net16 (net)
                      0.256315    0.002613    7.477141 ^ fanout15/A (sky130_fd_sc_hd__buf_4)
    10    0.070536    0.314905    0.470968    7.948109 ^ fanout15/X (sky130_fd_sc_hd__buf_4)
                                                         net15 (net)
                      0.315289    0.007736    7.955845 ^ spi_in.shift_reg[11]_sky130_fd_sc_hd__mux2_1_A0/S (sky130_fd_sc_hd__mux2_1)
     1    0.002975    0.112023    0.782825    8.738669 v spi_in.shift_reg[11]_sky130_fd_sc_hd__mux2_1_A0/X (sky130_fd_sc_hd__mux2_1)
                                                         spi_in.shift_reg[11]_sky130_fd_sc_hd__dfrtp_2_Q_D (net)
                      0.112023    0.000181    8.738851 v spi_in.shift_reg[11]_sky130_fd_sc_hd__dfrtp_2_Q/D (sky130_fd_sc_hd__dfrtp_1)
                                              8.738851   data arrival time

                                 30.000000   30.000000   clock clk (rise edge)
                                  0.000000   30.000000   clock source latency
     1    0.042471    0.306377    0.217000   30.216999 ^ clk (in)
                                                         clk (net)
                      0.306741    0.000000   30.216999 ^ clkbuf_0_clk/A (sky130_fd_sc_hd__clkbuf_16)
     8    0.141131    0.236430    0.455319   30.672319 ^ clkbuf_0_clk/X (sky130_fd_sc_hd__clkbuf_16)
                                                         clknet_0_clk (net)
                      0.239060    0.020002   30.692320 ^ clkbuf_3_0__f_clk/A (sky130_fd_sc_hd__clkbuf_16)
    10    0.042464    0.097118    0.329216   31.021536 ^ clkbuf_3_0__f_clk/X (sky130_fd_sc_hd__clkbuf_16)
                                                         clknet_3_0__leaf_clk (net)
                      0.097307    0.003002   31.024538 ^ spi_in.shift_reg[11]_sky130_fd_sc_hd__dfrtp_2_Q/CLK (sky130_fd_sc_hd__dfrtp_1)
                                 -0.250000   30.774538   clock uncertainty
                                  0.000000   30.774538   clock reconvergence pessimism
                                 -0.286804   30.487734   library setup time
                                             30.487734   data required time
---------------------------------------------------------------------------------------------
                                             30.487734   data required time
                                             -8.738851   data arrival time
---------------------------------------------------------------------------------------------
                                             21.748882   slack (MET)


Startpoint: spi_sel (input port clocked by clk)
Endpoint: spi_in.shift_reg[12]_sky130_fd_sc_hd__dfrtp_2_Q
          (rising edge-triggered flip-flop clocked by clk)
Path Group: clk
Path Type: max

Fanout         Cap        Slew       Delay        Time   Description
---------------------------------------------------------------------------------------------
                                  0.000000    0.000000   clock clk (rise edge)
                                  0.000000    0.000000   clock network delay (propagated)
                                  6.000000    6.000000 v input external delay
     1    0.002732    0.018195    0.009064    6.009064 v spi_sel (in)
                                                         spi_sel (net)
                      0.018196    0.000000    6.009064 v input4/A (sky130_fd_sc_hd__buf_1)
     3    0.012989    0.155965    0.222081    6.231145 v input4/X (sky130_fd_sc_hd__buf_1)
                                                         net4 (net)
                      0.155967    0.000904    6.232049 v spi_sel_sky130_fd_sc_hd__nor3b_2_A/A (sky130_fd_sc_hd__nor3b_1)
     1    0.010654    0.632586    0.645716    6.877766 ^ spi_sel_sky130_fd_sc_hd__nor3b_2_A/Y (sky130_fd_sc_hd__nor3b_1)
                                                         spi_sel_sky130_fd_sc_hd__nor3b_2_A_Y (net)
                      0.632588    0.000977    6.878742 ^ fanout16/A (sky130_fd_sc_hd__clkbuf_8)
     9    0.088633    0.256280    0.595786    7.474528 ^ fanout16/X (sky130_fd_sc_hd__clkbuf_8)
                                                         net16 (net)
                      0.256315    0.002613    7.477141 ^ fanout15/A (sky130_fd_sc_hd__buf_4)
    10    0.070536    0.314905    0.470968    7.948109 ^ fanout15/X (sky130_fd_sc_hd__buf_4)
                                                         net15 (net)
                      0.315325    0.008213    7.956322 ^ spi_in.shift_reg[12]_sky130_fd_sc_hd__mux2_1_A0/S (sky130_fd_sc_hd__mux2_1)
     1    0.002803    0.110375    0.779868    8.736190 v spi_in.shift_reg[12]_sky130_fd_sc_hd__mux2_1_A0/X (sky130_fd_sc_hd__mux2_1)
                                                         spi_in.shift_reg[12]_sky130_fd_sc_hd__dfrtp_2_Q_D (net)
                      0.110375    0.000202    8.736391 v spi_in.shift_reg[12]_sky130_fd_sc_hd__dfrtp_2_Q/D (sky130_fd_sc_hd__dfrtp_1)
                                              8.736391   data arrival time

                                 30.000000   30.000000   clock clk (rise edge)
                                  0.000000   30.000000   clock source latency
     1    0.042471    0.306377    0.217000   30.216999 ^ clk (in)
                                                         clk (net)
                      0.306741    0.000000   30.216999 ^ clkbuf_0_clk/A (sky130_fd_sc_hd__clkbuf_16)
     8    0.141131    0.236430    0.455319   30.672319 ^ clkbuf_0_clk/X (sky130_fd_sc_hd__clkbuf_16)
                                                         clknet_0_clk (net)
                      0.239060    0.020002   30.692320 ^ clkbuf_3_0__f_clk/A (sky130_fd_sc_hd__clkbuf_16)
    10    0.042464    0.097118    0.329216   31.021536 ^ clkbuf_3_0__f_clk/X (sky130_fd_sc_hd__clkbuf_16)
                                                         clknet_3_0__leaf_clk (net)
                      0.097208    0.001720   31.023256 ^ spi_in.shift_reg[12]_sky130_fd_sc_hd__dfrtp_2_Q/CLK (sky130_fd_sc_hd__dfrtp_1)
                                 -0.250000   30.773254   clock uncertainty
                                  0.000000   30.773254   clock reconvergence pessimism
                                 -0.286144   30.487112   library setup time
                                             30.487112   data required time
---------------------------------------------------------------------------------------------
                                             30.487112   data required time
                                             -8.736391   data arrival time
---------------------------------------------------------------------------------------------
                                             21.750721   slack (MET)


Startpoint: spi_sel (input port clocked by clk)
Endpoint: spi_in.shift_reg[9]_sky130_fd_sc_hd__dfrtp_2_Q
          (rising edge-triggered flip-flop clocked by clk)
Path Group: clk
Path Type: max

Fanout         Cap        Slew       Delay        Time   Description
---------------------------------------------------------------------------------------------
                                  0.000000    0.000000   clock clk (rise edge)
                                  0.000000    0.000000   clock network delay (propagated)
                                  6.000000    6.000000 v input external delay
     1    0.002732    0.018195    0.009064    6.009064 v spi_sel (in)
                                                         spi_sel (net)
                      0.018196    0.000000    6.009064 v input4/A (sky130_fd_sc_hd__buf_1)
     3    0.012989    0.155965    0.222081    6.231145 v input4/X (sky130_fd_sc_hd__buf_1)
                                                         net4 (net)
                      0.155967    0.000904    6.232049 v spi_sel_sky130_fd_sc_hd__nor3b_2_A/A (sky130_fd_sc_hd__nor3b_1)
     1    0.010654    0.632586    0.645716    6.877766 ^ spi_sel_sky130_fd_sc_hd__nor3b_2_A/Y (sky130_fd_sc_hd__nor3b_1)
                                                         spi_sel_sky130_fd_sc_hd__nor3b_2_A_Y (net)
                      0.632588    0.000977    6.878742 ^ fanout16/A (sky130_fd_sc_hd__clkbuf_8)
     9    0.088633    0.256280    0.595786    7.474528 ^ fanout16/X (sky130_fd_sc_hd__clkbuf_8)
                                                         net16 (net)
                      0.256315    0.002613    7.477141 ^ fanout15/A (sky130_fd_sc_hd__buf_4)
    10    0.070536    0.314905    0.470968    7.948109 ^ fanout15/X (sky130_fd_sc_hd__buf_4)
                                                         net15 (net)
                      0.315158    0.005648    7.953757 ^ spi_in.shift_reg[9]_sky130_fd_sc_hd__mux2_1_A0/S (sky130_fd_sc_hd__mux2_1)
     1    0.002897    0.111161    0.781440    8.735197 v spi_in.shift_reg[9]_sky130_fd_sc_hd__mux2_1_A0/X (sky130_fd_sc_hd__mux2_1)
                                                         spi_in.shift_reg[9]_sky130_fd_sc_hd__dfrtp_2_Q_D (net)
                      0.111161    0.000204    8.735401 v spi_in.shift_reg[9]_sky130_fd_sc_hd__dfrtp_2_Q/D (sky130_fd_sc_hd__dfrtp_1)
                                              8.735401   data arrival time

                                 30.000000   30.000000   clock clk (rise edge)
                                  0.000000   30.000000   clock source latency
     1    0.042471    0.306377    0.217000   30.216999 ^ clk (in)
                                                         clk (net)
                      0.306741    0.000000   30.216999 ^ clkbuf_0_clk/A (sky130_fd_sc_hd__clkbuf_16)
     8    0.141131    0.236430    0.455319   30.672319 ^ clkbuf_0_clk/X (sky130_fd_sc_hd__clkbuf_16)
                                                         clknet_0_clk (net)
                      0.239060    0.020002   30.692320 ^ clkbuf_3_0__f_clk/A (sky130_fd_sc_hd__clkbuf_16)
    10    0.042464    0.097118    0.329216   31.021536 ^ clkbuf_3_0__f_clk/X (sky130_fd_sc_hd__clkbuf_16)
                                                         clknet_3_0__leaf_clk (net)
                      0.097197    0.001563   31.023100 ^ spi_in.shift_reg[9]_sky130_fd_sc_hd__dfrtp_2_Q/CLK (sky130_fd_sc_hd__dfrtp_1)
                                 -0.250000   30.773098   clock uncertainty
                                  0.000000   30.773098   clock reconvergence pessimism
                                 -0.286475   30.486626   library setup time
                                             30.486626   data required time
---------------------------------------------------------------------------------------------
                                             30.486626   data required time
                                             -8.735401   data arrival time
---------------------------------------------------------------------------------------------
                                             21.751225   slack (MET)


Startpoint: spi_sel (input port clocked by clk)
Endpoint: spi_in.shift_reg[13]_sky130_fd_sc_hd__dfrtp_2_Q
          (rising edge-triggered flip-flop clocked by clk)
Path Group: clk
Path Type: max

Fanout         Cap        Slew       Delay        Time   Description
---------------------------------------------------------------------------------------------
                                  0.000000    0.000000   clock clk (rise edge)
                                  0.000000    0.000000   clock network delay (propagated)
                                  6.000000    6.000000 v input external delay
     1    0.002732    0.018195    0.009064    6.009064 v spi_sel (in)
                                                         spi_sel (net)
                      0.018196    0.000000    6.009064 v input4/A (sky130_fd_sc_hd__buf_1)
     3    0.012989    0.155965    0.222081    6.231145 v input4/X (sky130_fd_sc_hd__buf_1)
                                                         net4 (net)
                      0.155967    0.000904    6.232049 v spi_sel_sky130_fd_sc_hd__nor3b_2_A/A (sky130_fd_sc_hd__nor3b_1)
     1    0.010654    0.632586    0.645716    6.877766 ^ spi_sel_sky130_fd_sc_hd__nor3b_2_A/Y (sky130_fd_sc_hd__nor3b_1)
                                                         spi_sel_sky130_fd_sc_hd__nor3b_2_A_Y (net)
                      0.632588    0.000977    6.878742 ^ fanout16/A (sky130_fd_sc_hd__clkbuf_8)
     9    0.088633    0.256280    0.595786    7.474528 ^ fanout16/X (sky130_fd_sc_hd__clkbuf_8)
                                                         net16 (net)
                      0.256315    0.002613    7.477141 ^ fanout15/A (sky130_fd_sc_hd__buf_4)
    10    0.070536    0.314905    0.470968    7.948109 ^ fanout15/X (sky130_fd_sc_hd__buf_4)
                                                         net15 (net)
                      0.315349    0.008514    7.956623 ^ spi_in.shift_reg[13]_sky130_fd_sc_hd__mux2_1_A0/S (sky130_fd_sc_hd__mux2_1)
     1    0.002449    0.106441    0.773820    8.730443 v spi_in.shift_reg[13]_sky130_fd_sc_hd__mux2_1_A0/X (sky130_fd_sc_hd__mux2_1)
                                                         spi_in.shift_reg[13]_sky130_fd_sc_hd__dfrtp_2_Q_D (net)
                      0.106441    0.000164    8.730608 v spi_in.shift_reg[13]_sky130_fd_sc_hd__dfrtp_2_Q/D (sky130_fd_sc_hd__dfrtp_1)
                                              8.730608   data arrival time

                                 30.000000   30.000000   clock clk (rise edge)
                                  0.000000   30.000000   clock source latency
     1    0.042471    0.306377    0.217000   30.216999 ^ clk (in)
                                                         clk (net)
                      0.306741    0.000000   30.216999 ^ clkbuf_0_clk/A (sky130_fd_sc_hd__clkbuf_16)
     8    0.141131    0.236430    0.455319   30.672319 ^ clkbuf_0_clk/X (sky130_fd_sc_hd__clkbuf_16)
                                                         clknet_0_clk (net)
                      0.239769    0.022450   30.694769 ^ clkbuf_3_3__f_clk/A (sky130_fd_sc_hd__clkbuf_16)
     6    0.047673    0.104277    0.334929   31.029697 ^ clkbuf_3_3__f_clk/X (sky130_fd_sc_hd__clkbuf_16)
                                                         clknet_3_3__leaf_clk (net)
                      0.104457    0.003634   31.033331 ^ spi_in.shift_reg[13]_sky130_fd_sc_hd__dfrtp_2_Q/CLK (sky130_fd_sc_hd__dfrtp_1)
                                 -0.250000   30.783331   clock uncertainty
                                  0.000000   30.783331   clock reconvergence pessimism
                                 -0.282570   30.500761   library setup time
                                             30.500761   data required time
---------------------------------------------------------------------------------------------
                                             30.500761   data required time
                                             -8.730608   data arrival time
---------------------------------------------------------------------------------------------
                                             21.770155   slack (MET)


Startpoint: spi_sel (input port clocked by clk)
Endpoint: spi_in.shift_reg[8]_sky130_fd_sc_hd__dfrtp_2_Q
          (rising edge-triggered flip-flop clocked by clk)
Path Group: clk
Path Type: max

Fanout         Cap        Slew       Delay        Time   Description
---------------------------------------------------------------------------------------------
                                  0.000000    0.000000   clock clk (rise edge)
                                  0.000000    0.000000   clock network delay (propagated)
                                  6.000000    6.000000 v input external delay
     1    0.002732    0.018195    0.009064    6.009064 v spi_sel (in)
                                                         spi_sel (net)
                      0.018196    0.000000    6.009064 v input4/A (sky130_fd_sc_hd__buf_1)
     3    0.012989    0.155965    0.222081    6.231145 v input4/X (sky130_fd_sc_hd__buf_1)
                                                         net4 (net)
                      0.155967    0.000904    6.232049 v spi_sel_sky130_fd_sc_hd__nor3b_2_A/A (sky130_fd_sc_hd__nor3b_1)
     1    0.010654    0.632586    0.645716    6.877766 ^ spi_sel_sky130_fd_sc_hd__nor3b_2_A/Y (sky130_fd_sc_hd__nor3b_1)
                                                         spi_sel_sky130_fd_sc_hd__nor3b_2_A_Y (net)
                      0.632588    0.000977    6.878742 ^ fanout16/A (sky130_fd_sc_hd__clkbuf_8)
     9    0.088633    0.256280    0.595786    7.474528 ^ fanout16/X (sky130_fd_sc_hd__clkbuf_8)
                                                         net16 (net)
                      0.256315    0.002613    7.477141 ^ fanout15/A (sky130_fd_sc_hd__buf_4)
    10    0.070536    0.314905    0.470968    7.948109 ^ fanout15/X (sky130_fd_sc_hd__buf_4)
                                                         net15 (net)
                      0.314945    0.003681    7.951790 ^ spi_in.shift_reg[8]_sky130_fd_sc_hd__mux2_1_A0/S (sky130_fd_sc_hd__mux2_1)
     1    0.002344    0.105914    0.771908    8.723698 v spi_in.shift_reg[8]_sky130_fd_sc_hd__mux2_1_A0/X (sky130_fd_sc_hd__mux2_1)
                                                         spi_in.shift_reg[8]_sky130_fd_sc_hd__dfrtp_2_Q_D (net)
                      0.105914    0.000157    8.723855 v spi_in.shift_reg[8]_sky130_fd_sc_hd__dfrtp_2_Q/D (sky130_fd_sc_hd__dfrtp_1)
                                              8.723855   data arrival time

                                 30.000000   30.000000   clock clk (rise edge)
                                  0.000000   30.000000   clock source latency
     1    0.042471    0.306377    0.217000   30.216999 ^ clk (in)
                                                         clk (net)
                      0.306741    0.000000   30.216999 ^ clkbuf_0_clk/A (sky130_fd_sc_hd__clkbuf_16)
     8    0.141131    0.236430    0.455319   30.672319 ^ clkbuf_0_clk/X (sky130_fd_sc_hd__clkbuf_16)
                                                         clknet_0_clk (net)
                      0.238329    0.017106   30.689425 ^ clkbuf_3_1__f_clk/A (sky130_fd_sc_hd__clkbuf_16)
    12    0.058278    0.118607    0.344833   31.034258 ^ clkbuf_3_1__f_clk/X (sky130_fd_sc_hd__clkbuf_16)
                                                         clknet_3_1__leaf_clk (net)
                      0.118965    0.005507   31.039766 ^ spi_in.shift_reg[8]_sky130_fd_sc_hd__dfrtp_2_Q/CLK (sky130_fd_sc_hd__dfrtp_1)
                                 -0.250000   30.789764   clock uncertainty
                                  0.000000   30.789764   clock reconvergence pessimism
                                 -0.278480   30.511286   library setup time
                                             30.511286   data required time
---------------------------------------------------------------------------------------------
                                             30.511286   data required time
                                             -8.723855   data arrival time
---------------------------------------------------------------------------------------------
                                             21.787430   slack (MET)


Startpoint: spi_clk (input port clocked by clk)
Endpoint: spi_out.shift_reg[0]_sky130_fd_sc_hd__dfrtp_2_Q
          (rising edge-triggered flip-flop clocked by clk)
Path Group: clk
Path Type: max

Fanout         Cap        Slew       Delay        Time   Description
---------------------------------------------------------------------------------------------
                                  0.000000    0.000000   clock clk (rise edge)
                                  0.000000    0.000000   clock network delay (propagated)
                                  6.000000    6.000000 v input external delay
     1    0.002665    0.017944    0.008852    6.008852 v spi_clk (in)
                                                         spi_clk (net)
                      0.017944    0.000000    6.008852 v input2/A (sky130_fd_sc_hd__clkbuf_1)
     3    0.007169    0.095091    0.174579    6.183431 v input2/X (sky130_fd_sc_hd__clkbuf_1)
                                                         net2 (net)
                      0.095091    0.000276    6.183707 v spi_clk_sky130_fd_sc_hd__or3b_2_A/A (sky130_fd_sc_hd__or3b_1)
     1    0.002762    0.136500    0.854920    7.038627 v spi_clk_sky130_fd_sc_hd__or3b_2_A/X (sky130_fd_sc_hd__or3b_1)
                                                         spi_clk_sky130_fd_sc_hd__or3b_2_A_X (net)
                      0.136500    0.000123    7.038749 v spi_sel_sky130_fd_sc_hd__a21oi_2_B1/A2 (sky130_fd_sc_hd__a21oi_1)
     2    0.014549    0.526786    0.527089    7.565838 ^ spi_sel_sky130_fd_sc_hd__a21oi_2_B1/Y (sky130_fd_sc_hd__a21oi_1)
                                                         spi_sel_sky130_fd_sc_hd__a21oi_2_B1_Y (net)
                      0.526788    0.000774    7.566612 ^ fanout7/A (sky130_fd_sc_hd__clkbuf_4)
     9    0.055779    0.275366    0.601112    8.167724 ^ fanout7/X (sky130_fd_sc_hd__clkbuf_4)
                                                         net7 (net)
                      0.275375    0.001991    8.169715 ^ spi_out.bit_cnt[4]_sky130_fd_sc_hd__o21a_2_B1_A2_sky130_fd_sc_hd__inv_2_Y/A (sky130_fd_sc_hd__inv_2)
     3    0.011418    0.086153    0.159358    8.329073 v spi_out.bit_cnt[4]_sky130_fd_sc_hd__o21a_2_B1_A2_sky130_fd_sc_hd__inv_2_Y/Y (sky130_fd_sc_hd__inv_2)
                                                         spi_out.bit_cnt[4]_sky130_fd_sc_hd__o21a_2_B1_A2 (net)
                      0.086155    0.000598    8.329671 v spi_out.shift_reg[0]_sky130_fd_sc_hd__a22o_2_A1/A2 (sky130_fd_sc_hd__a22o_1)
     1    0.002309    0.066833    0.407199    8.736869 v spi_out.shift_reg[0]_sky130_fd_sc_hd__a22o_2_A1/X (sky130_fd_sc_hd__a22o_1)
                                                         spi_out.shift_reg[0]_sky130_fd_sc_hd__dfrtp_2_Q_D (net)
                      0.066833    0.000158    8.737027 v spi_out.shift_reg[0]_sky130_fd_sc_hd__dfrtp_2_Q/D (sky130_fd_sc_hd__dfrtp_1)
                                              8.737027   data arrival time

                                 30.000000   30.000000   clock clk (rise edge)
                                  0.000000   30.000000   clock source latency
     1    0.042471    0.306377    0.217000   30.216999 ^ clk (in)
                                                         clk (net)
                      0.306741    0.000000   30.216999 ^ clkbuf_0_clk/A (sky130_fd_sc_hd__clkbuf_16)
     8    0.141131    0.236430    0.455319   30.672319 ^ clkbuf_0_clk/X (sky130_fd_sc_hd__clkbuf_16)
                                                         clknet_0_clk (net)
                      0.238348    0.017188   30.689507 ^ clkbuf_3_4__f_clk/A (sky130_fd_sc_hd__clkbuf_16)
    13    0.057277    0.117206    0.344173   31.033680 ^ clkbuf_3_4__f_clk/X (sky130_fd_sc_hd__clkbuf_16)
                                                         clknet_3_4__leaf_clk (net)
                      0.117563    0.005496   31.039175 ^ spi_out.shift_reg[0]_sky130_fd_sc_hd__dfrtp_2_Q/CLK (sky130_fd_sc_hd__dfrtp_1)
                                 -0.250000   30.789175   clock uncertainty
                                  0.000000   30.789175   clock reconvergence pessimism
                                 -0.262569   30.526604   library setup time
                                             30.526604   data required time
---------------------------------------------------------------------------------------------
                                             30.526604   data required time
                                             -8.737027   data arrival time
---------------------------------------------------------------------------------------------
                                             21.789577   slack (MET)


Startpoint: spi_sel (input port clocked by clk)
Endpoint: spi_in.bit_cnt[2]_sky130_fd_sc_hd__dfrtp_2_Q
          (rising edge-triggered flip-flop clocked by clk)
Path Group: clk
Path Type: max

Fanout         Cap        Slew       Delay        Time   Description
---------------------------------------------------------------------------------------------
                                  0.000000    0.000000   clock clk (rise edge)
                                  0.000000    0.000000   clock network delay (propagated)
                                  6.000000    6.000000 v input external delay
     1    0.002732    0.018195    0.009064    6.009064 v spi_sel (in)
                                                         spi_sel (net)
                      0.018196    0.000000    6.009064 v input4/A (sky130_fd_sc_hd__buf_1)
     3    0.012989    0.155965    0.222081    6.231145 v input4/X (sky130_fd_sc_hd__buf_1)
                                                         net4 (net)
                      0.155967    0.000904    6.232049 v spi_sel_sky130_fd_sc_hd__nor3b_2_A/A (sky130_fd_sc_hd__nor3b_1)
     1    0.010654    0.632586    0.645716    6.877766 ^ spi_sel_sky130_fd_sc_hd__nor3b_2_A/Y (sky130_fd_sc_hd__nor3b_1)
                                                         spi_sel_sky130_fd_sc_hd__nor3b_2_A_Y (net)
                      0.632588    0.000977    6.878742 ^ fanout16/A (sky130_fd_sc_hd__clkbuf_8)
     9    0.088633    0.256280    0.595786    7.474528 ^ fanout16/X (sky130_fd_sc_hd__clkbuf_8)
                                                         net16 (net)
                      0.256315    0.002613    7.477141 ^ fanout15/A (sky130_fd_sc_hd__buf_4)
    10    0.070536    0.314905    0.470968    7.948109 ^ fanout15/X (sky130_fd_sc_hd__buf_4)
                                                         net15 (net)
                      0.315177    0.005990    7.954099 ^ spi_in.bit_cnt[1]_sky130_fd_sc_hd__and3_2_A/C (sky130_fd_sc_hd__and3_1)
     4    0.013990    0.235373    0.514292    8.468390 ^ spi_in.bit_cnt[1]_sky130_fd_sc_hd__and3_2_A/X (sky130_fd_sc_hd__and3_1)
                                                         spi_in.bit_cnt[1]_sky130_fd_sc_hd__and3_2_A_X (net)
                      0.235373    0.000763    8.469153 ^ spi_in.bit_cnt[2]_sky130_fd_sc_hd__xor2_2_A/B (sky130_fd_sc_hd__xor2_1)
     1    0.002073    0.096190    0.177130    8.646284 v spi_in.bit_cnt[2]_sky130_fd_sc_hd__xor2_2_A/X (sky130_fd_sc_hd__xor2_1)
                                                         spi_in.bit_cnt[2]_sky130_fd_sc_hd__dfrtp_2_Q_D (net)
                      0.096190    0.000094    8.646379 v spi_in.bit_cnt[2]_sky130_fd_sc_hd__dfrtp_2_Q/D (sky130_fd_sc_hd__dfrtp_1)
                                              8.646379   data arrival time

                                 30.000000   30.000000   clock clk (rise edge)
                                  0.000000   30.000000   clock source latency
     1    0.042471    0.306377    0.217000   30.216999 ^ clk (in)
                                                         clk (net)
                      0.306741    0.000000   30.216999 ^ clkbuf_0_clk/A (sky130_fd_sc_hd__clkbuf_16)
     8    0.141131    0.236430    0.455319   30.672319 ^ clkbuf_0_clk/X (sky130_fd_sc_hd__clkbuf_16)
                                                         clknet_0_clk (net)
                      0.238580    0.018154   30.690474 ^ clkbuf_3_5__f_clk/A (sky130_fd_sc_hd__clkbuf_16)
    13    0.053542    0.111953    0.340858   31.031332 ^ clkbuf_3_5__f_clk/X (sky130_fd_sc_hd__clkbuf_16)
                                                         clknet_3_5__leaf_clk (net)
                      0.112017    0.002398   31.033730 ^ spi_in.bit_cnt[2]_sky130_fd_sc_hd__dfrtp_2_Q/CLK (sky130_fd_sc_hd__dfrtp_1)
                                 -0.250000   30.783728   clock uncertainty
                                  0.000000   30.783728   clock reconvergence pessimism
                                 -0.276281   30.507448   library setup time
                                             30.507448   data required time
---------------------------------------------------------------------------------------------
                                             30.507448   data required time
                                             -8.646379   data arrival time
---------------------------------------------------------------------------------------------
                                             21.861071   slack (MET)


Startpoint: spi_sel (input port clocked by clk)
Endpoint: spi_in.bit_cnt[1]_sky130_fd_sc_hd__dfrtp_2_Q
          (rising edge-triggered flip-flop clocked by clk)
Path Group: clk
Path Type: max

Fanout         Cap        Slew       Delay        Time   Description
---------------------------------------------------------------------------------------------
                                  0.000000    0.000000   clock clk (rise edge)
                                  0.000000    0.000000   clock network delay (propagated)
                                  6.000000    6.000000 v input external delay
     1    0.002732    0.018195    0.009064    6.009064 v spi_sel (in)
                                                         spi_sel (net)
                      0.018196    0.000000    6.009064 v input4/A (sky130_fd_sc_hd__buf_1)
     3    0.012989    0.155965    0.222081    6.231145 v input4/X (sky130_fd_sc_hd__buf_1)
                                                         net4 (net)
                      0.155967    0.000904    6.232049 v spi_sel_sky130_fd_sc_hd__nor3b_2_A/A (sky130_fd_sc_hd__nor3b_1)
     1    0.010654    0.632586    0.645716    6.877766 ^ spi_sel_sky130_fd_sc_hd__nor3b_2_A/Y (sky130_fd_sc_hd__nor3b_1)
                                                         spi_sel_sky130_fd_sc_hd__nor3b_2_A_Y (net)
                      0.632588    0.000977    6.878742 ^ fanout16/A (sky130_fd_sc_hd__clkbuf_8)
     9    0.088633    0.256280    0.595786    7.474528 ^ fanout16/X (sky130_fd_sc_hd__clkbuf_8)
                                                         net16 (net)
                      0.256315    0.002613    7.477141 ^ fanout15/A (sky130_fd_sc_hd__buf_4)
    10    0.070536    0.314905    0.470968    7.948109 ^ fanout15/X (sky130_fd_sc_hd__buf_4)
                                                         net15 (net)
                      0.315177    0.005990    7.954099 ^ spi_in.bit_cnt[1]_sky130_fd_sc_hd__and3_2_A/C (sky130_fd_sc_hd__and3_1)
     4    0.013990    0.235373    0.514292    8.468390 ^ spi_in.bit_cnt[1]_sky130_fd_sc_hd__and3_2_A/X (sky130_fd_sc_hd__and3_1)
                                                         spi_in.bit_cnt[1]_sky130_fd_sc_hd__and3_2_A_X (net)
                      0.235373    0.000408    8.468799 ^ spi_in.bit_cnt[1]_sky130_fd_sc_hd__dfrtp_2_Q_D_sky130_fd_sc_hd__nor2_2_Y/A (sky130_fd_sc_hd__nor2_1)
     1    0.002245    0.065669    0.142118    8.610917 v spi_in.bit_cnt[1]_sky130_fd_sc_hd__dfrtp_2_Q_D_sky130_fd_sc_hd__nor2_2_Y/Y (sky130_fd_sc_hd__nor2_1)
                                                         spi_in.bit_cnt[1]_sky130_fd_sc_hd__dfrtp_2_Q_D (net)
                      0.065673    0.000160    8.611076 v spi_in.bit_cnt[1]_sky130_fd_sc_hd__dfrtp_2_Q/D (sky130_fd_sc_hd__dfrtp_1)
                                              8.611076   data arrival time

                                 30.000000   30.000000   clock clk (rise edge)
                                  0.000000   30.000000   clock source latency
     1    0.042471    0.306377    0.217000   30.216999 ^ clk (in)
                                                         clk (net)
                      0.306741    0.000000   30.216999 ^ clkbuf_0_clk/A (sky130_fd_sc_hd__clkbuf_16)
     8    0.141131    0.236430    0.455319   30.672319 ^ clkbuf_0_clk/X (sky130_fd_sc_hd__clkbuf_16)
                                                         clknet_0_clk (net)
                      0.238580    0.018154   30.690474 ^ clkbuf_3_5__f_clk/A (sky130_fd_sc_hd__clkbuf_16)
    13    0.053542    0.111953    0.340858   31.031332 ^ clkbuf_3_5__f_clk/X (sky130_fd_sc_hd__clkbuf_16)
                                                         clknet_3_5__leaf_clk (net)
                      0.112014    0.002348   31.033680 ^ spi_in.bit_cnt[1]_sky130_fd_sc_hd__dfrtp_2_Q/CLK (sky130_fd_sc_hd__dfrtp_1)
                                 -0.250000   30.783678   clock uncertainty
                                  0.000000   30.783678   clock reconvergence pessimism
                                 -0.263564   30.520113   library setup time
                                             30.520113   data required time
---------------------------------------------------------------------------------------------
                                             30.520113   data required time
                                             -8.611076   data arrival time
---------------------------------------------------------------------------------------------
                                             21.909037   slack (MET)


Startpoint: spi_sel (input port clocked by clk)
Endpoint: spi_in.shift_reg[0]_sky130_fd_sc_hd__dfrtp_2_Q
          (rising edge-triggered flip-flop clocked by clk)
Path Group: clk
Path Type: max

Fanout         Cap        Slew       Delay        Time   Description
---------------------------------------------------------------------------------------------
                                  0.000000    0.000000   clock clk (rise edge)
                                  0.000000    0.000000   clock network delay (propagated)
                                  6.000000    6.000000 v input external delay
     1    0.002732    0.018195    0.009064    6.009064 v spi_sel (in)
                                                         spi_sel (net)
                      0.018196    0.000000    6.009064 v input4/A (sky130_fd_sc_hd__buf_1)
     3    0.012989    0.155965    0.222081    6.231145 v input4/X (sky130_fd_sc_hd__buf_1)
                                                         net4 (net)
                      0.155967    0.000904    6.232049 v spi_sel_sky130_fd_sc_hd__nor3b_2_A/A (sky130_fd_sc_hd__nor3b_1)
     1    0.010654    0.632586    0.645716    6.877766 ^ spi_sel_sky130_fd_sc_hd__nor3b_2_A/Y (sky130_fd_sc_hd__nor3b_1)
                                                         spi_sel_sky130_fd_sc_hd__nor3b_2_A_Y (net)
                      0.632588    0.000977    6.878742 ^ fanout16/A (sky130_fd_sc_hd__clkbuf_8)
     9    0.088633    0.256280    0.595786    7.474528 ^ fanout16/X (sky130_fd_sc_hd__clkbuf_8)
                                                         net16 (net)
                      0.262439    0.031507    7.506035 ^ spi_mosi_sky130_fd_sc_hd__mux2_1_A1/S (sky130_fd_sc_hd__mux2_1)
     1    0.003324    0.115319    0.774719    8.280754 v spi_mosi_sky130_fd_sc_hd__mux2_1_A1/X (sky130_fd_sc_hd__mux2_1)
                                                         spi_in.shift_reg[0]_sky130_fd_sc_hd__dfrtp_2_Q_D (net)
                      0.115319    0.000205    8.280959 v spi_in.shift_reg[0]_sky130_fd_sc_hd__dfrtp_2_Q/D (sky130_fd_sc_hd__dfrtp_1)
                                              8.280959   data arrival time

                                 30.000000   30.000000   clock clk (rise edge)
                                  0.000000   30.000000   clock source latency
     1    0.042471    0.306377    0.217000   30.216999 ^ clk (in)
                                                         clk (net)
                      0.306741    0.000000   30.216999 ^ clkbuf_0_clk/A (sky130_fd_sc_hd__clkbuf_16)
     8    0.141131    0.236430    0.455319   30.672319 ^ clkbuf_0_clk/X (sky130_fd_sc_hd__clkbuf_16)
                                                         clknet_0_clk (net)
                      0.236864    0.008455   30.680775 ^ clkbuf_3_6__f_clk/A (sky130_fd_sc_hd__clkbuf_16)
     9    0.059836    0.120431    0.346695   31.027470 ^ clkbuf_3_6__f_clk/X (sky130_fd_sc_hd__clkbuf_16)
                                                         clknet_3_6__leaf_clk (net)
                      0.120552    0.003347   31.030817 ^ spi_in.shift_reg[0]_sky130_fd_sc_hd__dfrtp_2_Q/CLK (sky130_fd_sc_hd__dfrtp_1)
                                 -0.250000   30.780815   clock uncertainty
                                  0.000000   30.780815   clock reconvergence pessimism
                                 -0.281976   30.498840   library setup time
                                             30.498840   data required time
---------------------------------------------------------------------------------------------
                                             30.498840   data required time
                                             -8.280959   data arrival time
---------------------------------------------------------------------------------------------
                                             22.217880   slack (MET)


Startpoint: spi_sel (input port clocked by clk)
Endpoint: spi_in.shift_reg[1]_sky130_fd_sc_hd__dfrtp_2_Q
          (rising edge-triggered flip-flop clocked by clk)
Path Group: clk
Path Type: max

Fanout         Cap        Slew       Delay        Time   Description
---------------------------------------------------------------------------------------------
                                  0.000000    0.000000   clock clk (rise edge)
                                  0.000000    0.000000   clock network delay (propagated)
                                  6.000000    6.000000 v input external delay
     1    0.002732    0.018195    0.009064    6.009064 v spi_sel (in)
                                                         spi_sel (net)
                      0.018196    0.000000    6.009064 v input4/A (sky130_fd_sc_hd__buf_1)
     3    0.012989    0.155965    0.222081    6.231145 v input4/X (sky130_fd_sc_hd__buf_1)
                                                         net4 (net)
                      0.155967    0.000904    6.232049 v spi_sel_sky130_fd_sc_hd__nor3b_2_A/A (sky130_fd_sc_hd__nor3b_1)
     1    0.010654    0.632586    0.645716    6.877766 ^ spi_sel_sky130_fd_sc_hd__nor3b_2_A/Y (sky130_fd_sc_hd__nor3b_1)
                                                         spi_sel_sky130_fd_sc_hd__nor3b_2_A_Y (net)
                      0.632588    0.000977    6.878742 ^ fanout16/A (sky130_fd_sc_hd__clkbuf_8)
     9    0.088633    0.256280    0.595786    7.474528 ^ fanout16/X (sky130_fd_sc_hd__clkbuf_8)
                                                         net16 (net)
                      0.262072    0.030580    7.505108 ^ spi_in.shift_reg[1]_sky130_fd_sc_hd__mux2_1_A0/S (sky130_fd_sc_hd__mux2_1)
     1    0.002667    0.109005    0.763368    8.268476 v spi_in.shift_reg[1]_sky130_fd_sc_hd__mux2_1_A0/X (sky130_fd_sc_hd__mux2_1)
                                                         spi_in.shift_reg[1]_sky130_fd_sc_hd__dfrtp_2_Q_D (net)
                      0.109005    0.000173    8.268649 v spi_in.shift_reg[1]_sky130_fd_sc_hd__dfrtp_2_Q/D (sky130_fd_sc_hd__dfrtp_1)
                                              8.268649   data arrival time

                                 30.000000   30.000000   clock clk (rise edge)
                                  0.000000   30.000000   clock source latency
     1    0.042471    0.306377    0.217000   30.216999 ^ clk (in)
                                                         clk (net)
                      0.306741    0.000000   30.216999 ^ clkbuf_0_clk/A (sky130_fd_sc_hd__clkbuf_16)
     8    0.141131    0.236430    0.455319   30.672319 ^ clkbuf_0_clk/X (sky130_fd_sc_hd__clkbuf_16)
                                                         clknet_0_clk (net)
                      0.236930    0.009045   30.681364 ^ clkbuf_3_7__f_clk/A (sky130_fd_sc_hd__clkbuf_16)
     9    0.049760    0.106954    0.335429   31.016794 ^ clkbuf_3_7__f_clk/X (sky130_fd_sc_hd__clkbuf_16)
                                                         clknet_3_7__leaf_clk (net)
                      0.107360    0.005510   31.022305 ^ spi_in.shift_reg[1]_sky130_fd_sc_hd__dfrtp_2_Q/CLK (sky130_fd_sc_hd__dfrtp_1)
                                 -0.250000   30.772303   clock uncertainty
                                  0.000000   30.772303   clock reconvergence pessimism
                                 -0.282864   30.489439   library setup time
                                             30.489439   data required time
---------------------------------------------------------------------------------------------
                                             30.489439   data required time
                                             -8.268649   data arrival time
---------------------------------------------------------------------------------------------
                                             22.220789   slack (MET)


Startpoint: spi_sel (input port clocked by clk)
Endpoint: spi_in.shift_reg[3]_sky130_fd_sc_hd__dfrtp_2_Q
          (rising edge-triggered flip-flop clocked by clk)
Path Group: clk
Path Type: max

Fanout         Cap        Slew       Delay        Time   Description
---------------------------------------------------------------------------------------------
                                  0.000000    0.000000   clock clk (rise edge)
                                  0.000000    0.000000   clock network delay (propagated)
                                  6.000000    6.000000 v input external delay
     1    0.002732    0.018195    0.009064    6.009064 v spi_sel (in)
                                                         spi_sel (net)
                      0.018196    0.000000    6.009064 v input4/A (sky130_fd_sc_hd__buf_1)
     3    0.012989    0.155965    0.222081    6.231145 v input4/X (sky130_fd_sc_hd__buf_1)
                                                         net4 (net)
                      0.155967    0.000904    6.232049 v spi_sel_sky130_fd_sc_hd__nor3b_2_A/A (sky130_fd_sc_hd__nor3b_1)
     1    0.010654    0.632586    0.645716    6.877766 ^ spi_sel_sky130_fd_sc_hd__nor3b_2_A/Y (sky130_fd_sc_hd__nor3b_1)
                                                         spi_sel_sky130_fd_sc_hd__nor3b_2_A_Y (net)
                      0.632588    0.000977    6.878742 ^ fanout16/A (sky130_fd_sc_hd__clkbuf_8)
     9    0.088633    0.256280    0.595786    7.474528 ^ fanout16/X (sky130_fd_sc_hd__clkbuf_8)
                                                         net16 (net)
                      0.261310    0.028564    7.503092 ^ spi_in.shift_reg[3]_sky130_fd_sc_hd__mux2_1_A0/S (sky130_fd_sc_hd__mux2_1)
     1    0.002470    0.106996    0.759813    8.262904 v spi_in.shift_reg[3]_sky130_fd_sc_hd__mux2_1_A0/X (sky130_fd_sc_hd__mux2_1)
                                                         spi_in.shift_reg[3]_sky130_fd_sc_hd__dfrtp_2_Q_D (net)
                      0.106996    0.000165    8.263069 v spi_in.shift_reg[3]_sky130_fd_sc_hd__dfrtp_2_Q/D (sky130_fd_sc_hd__dfrtp_1)
                                              8.263069   data arrival time

                                 30.000000   30.000000   clock clk (rise edge)
                                  0.000000   30.000000   clock source latency
     1    0.042471    0.306377    0.217000   30.216999 ^ clk (in)
                                                         clk (net)
                      0.306741    0.000000   30.216999 ^ clkbuf_0_clk/A (sky130_fd_sc_hd__clkbuf_16)
     8    0.141131    0.236430    0.455319   30.672319 ^ clkbuf_0_clk/X (sky130_fd_sc_hd__clkbuf_16)
                                                         clknet_0_clk (net)
                      0.236930    0.009045   30.681364 ^ clkbuf_3_7__f_clk/A (sky130_fd_sc_hd__clkbuf_16)
     9    0.049760    0.106954    0.335429   31.016794 ^ clkbuf_3_7__f_clk/X (sky130_fd_sc_hd__clkbuf_16)
                                                         clknet_3_7__leaf_clk (net)
                      0.107142    0.003840   31.020634 ^ spi_in.shift_reg[3]_sky130_fd_sc_hd__dfrtp_2_Q/CLK (sky130_fd_sc_hd__dfrtp_1)
                                 -0.250000   30.770634   clock uncertainty
                                  0.000000   30.770634   clock reconvergence pessimism
                                 -0.282085   30.488548   library setup time
                                             30.488548   data required time
---------------------------------------------------------------------------------------------
                                             30.488548   data required time
                                             -8.263069   data arrival time
---------------------------------------------------------------------------------------------
                                             22.225479   slack (MET)


Startpoint: spi_sel (input port clocked by clk)
Endpoint: spi_in.shift_reg[2]_sky130_fd_sc_hd__dfrtp_2_Q
          (rising edge-triggered flip-flop clocked by clk)
Path Group: clk
Path Type: max

Fanout         Cap        Slew       Delay        Time   Description
---------------------------------------------------------------------------------------------
                                  0.000000    0.000000   clock clk (rise edge)
                                  0.000000    0.000000   clock network delay (propagated)
                                  6.000000    6.000000 v input external delay
     1    0.002732    0.018195    0.009064    6.009064 v spi_sel (in)
                                                         spi_sel (net)
                      0.018196    0.000000    6.009064 v input4/A (sky130_fd_sc_hd__buf_1)
     3    0.012989    0.155965    0.222081    6.231145 v input4/X (sky130_fd_sc_hd__buf_1)
                                                         net4 (net)
                      0.155967    0.000904    6.232049 v spi_sel_sky130_fd_sc_hd__nor3b_2_A/A (sky130_fd_sc_hd__nor3b_1)
     1    0.010654    0.632586    0.645716    6.877766 ^ spi_sel_sky130_fd_sc_hd__nor3b_2_A/Y (sky130_fd_sc_hd__nor3b_1)
                                                         spi_sel_sky130_fd_sc_hd__nor3b_2_A_Y (net)
                      0.632588    0.000977    6.878742 ^ fanout16/A (sky130_fd_sc_hd__clkbuf_8)
     9    0.088633    0.256280    0.595786    7.474528 ^ fanout16/X (sky130_fd_sc_hd__clkbuf_8)
                                                         net16 (net)
                      0.261593    0.029329    7.503857 ^ spi_in.shift_reg[2]_sky130_fd_sc_hd__mux2_1_A0/S (sky130_fd_sc_hd__mux2_1)
     1    0.002277    0.105111    0.756589    8.260447 v spi_in.shift_reg[2]_sky130_fd_sc_hd__mux2_1_A0/X (sky130_fd_sc_hd__mux2_1)
                                                         spi_in.shift_reg[2]_sky130_fd_sc_hd__dfrtp_2_Q_D (net)
                      0.105111    0.000102    8.260549 v spi_in.shift_reg[2]_sky130_fd_sc_hd__dfrtp_2_Q/D (sky130_fd_sc_hd__dfrtp_1)
                                              8.260549   data arrival time

                                 30.000000   30.000000   clock clk (rise edge)
                                  0.000000   30.000000   clock source latency
     1    0.042471    0.306377    0.217000   30.216999 ^ clk (in)
                                                         clk (net)
                      0.306741    0.000000   30.216999 ^ clkbuf_0_clk/A (sky130_fd_sc_hd__clkbuf_16)
     8    0.141131    0.236430    0.455319   30.672319 ^ clkbuf_0_clk/X (sky130_fd_sc_hd__clkbuf_16)
                                                         clknet_0_clk (net)
                      0.236930    0.009045   30.681364 ^ clkbuf_3_7__f_clk/A (sky130_fd_sc_hd__clkbuf_16)
     9    0.049760    0.106954    0.335429   31.016794 ^ clkbuf_3_7__f_clk/X (sky130_fd_sc_hd__clkbuf_16)
                                                         clknet_3_7__leaf_clk (net)
                      0.107230    0.004569   31.021362 ^ spi_in.shift_reg[2]_sky130_fd_sc_hd__dfrtp_2_Q/CLK (sky130_fd_sc_hd__dfrtp_1)
                                 -0.250000   30.771362   clock uncertainty
                                  0.000000   30.771362   clock reconvergence pessimism
                                 -0.281276   30.490086   library setup time
                                             30.490086   data required time
---------------------------------------------------------------------------------------------
                                             30.490086   data required time
                                             -8.260549   data arrival time
---------------------------------------------------------------------------------------------
                                             22.229536   slack (MET)


Startpoint: spi_sel (input port clocked by clk)
Endpoint: spi_in.shift_reg[4]_sky130_fd_sc_hd__dfrtp_2_Q
          (rising edge-triggered flip-flop clocked by clk)
Path Group: clk
Path Type: max

Fanout         Cap        Slew       Delay        Time   Description
---------------------------------------------------------------------------------------------
                                  0.000000    0.000000   clock clk (rise edge)
                                  0.000000    0.000000   clock network delay (propagated)
                                  6.000000    6.000000 v input external delay
     1    0.002732    0.018195    0.009064    6.009064 v spi_sel (in)
                                                         spi_sel (net)
                      0.018196    0.000000    6.009064 v input4/A (sky130_fd_sc_hd__buf_1)
     3    0.012989    0.155965    0.222081    6.231145 v input4/X (sky130_fd_sc_hd__buf_1)
                                                         net4 (net)
                      0.155967    0.000904    6.232049 v spi_sel_sky130_fd_sc_hd__nor3b_2_A/A (sky130_fd_sc_hd__nor3b_1)
     1    0.010654    0.632586    0.645716    6.877766 ^ spi_sel_sky130_fd_sc_hd__nor3b_2_A/Y (sky130_fd_sc_hd__nor3b_1)
                                                         spi_sel_sky130_fd_sc_hd__nor3b_2_A_Y (net)
                      0.632588    0.000977    6.878742 ^ fanout16/A (sky130_fd_sc_hd__clkbuf_8)
     9    0.088633    0.256280    0.595786    7.474528 ^ fanout16/X (sky130_fd_sc_hd__clkbuf_8)
                                                         net16 (net)
                      0.259872    0.024307    7.498835 ^ spi_in.shift_reg[4]_sky130_fd_sc_hd__mux2_1_A0/S (sky130_fd_sc_hd__mux2_1)
     1    0.002230    0.104379    0.755319    8.254153 v spi_in.shift_reg[4]_sky130_fd_sc_hd__mux2_1_A0/X (sky130_fd_sc_hd__mux2_1)
                                                         spi_in.shift_reg[4]_sky130_fd_sc_hd__dfrtp_2_Q_D (net)
                      0.104379    0.000155    8.254308 v spi_in.shift_reg[4]_sky130_fd_sc_hd__dfrtp_2_Q/D (sky130_fd_sc_hd__dfrtp_1)
                                              8.254308   data arrival time

                                 30.000000   30.000000   clock clk (rise edge)
                                  0.000000   30.000000   clock source latency
     1    0.042471    0.306377    0.217000   30.216999 ^ clk (in)
                                                         clk (net)
                      0.306741    0.000000   30.216999 ^ clkbuf_0_clk/A (sky130_fd_sc_hd__clkbuf_16)
     8    0.141131    0.236430    0.455319   30.672319 ^ clkbuf_0_clk/X (sky130_fd_sc_hd__clkbuf_16)
                                                         clknet_0_clk (net)
                      0.238580    0.018154   30.690474 ^ clkbuf_3_5__f_clk/A (sky130_fd_sc_hd__clkbuf_16)
    13    0.053542    0.111953    0.340858   31.031332 ^ clkbuf_3_5__f_clk/X (sky130_fd_sc_hd__clkbuf_16)
                                                         clknet_3_5__leaf_clk (net)
                      0.112045    0.002792   31.034124 ^ spi_in.shift_reg[4]_sky130_fd_sc_hd__dfrtp_2_Q/CLK (sky130_fd_sc_hd__dfrtp_1)
                                 -0.250000   30.784122   clock uncertainty
                                  0.000000   30.784122   clock reconvergence pessimism
                                 -0.279687   30.504435   library setup time
                                             30.504435   data required time
---------------------------------------------------------------------------------------------
                                             30.504435   data required time
                                             -8.254308   data arrival time
---------------------------------------------------------------------------------------------
                                             22.250128   slack (MET)


Startpoint: spi_sel (input port clocked by clk)
Endpoint: spi_in.shift_reg[6]_sky130_fd_sc_hd__dfrtp_2_Q
          (rising edge-triggered flip-flop clocked by clk)
Path Group: clk
Path Type: max

Fanout         Cap        Slew       Delay        Time   Description
---------------------------------------------------------------------------------------------
                                  0.000000    0.000000   clock clk (rise edge)
                                  0.000000    0.000000   clock network delay (propagated)
                                  6.000000    6.000000 v input external delay
     1    0.002732    0.018195    0.009064    6.009064 v spi_sel (in)
                                                         spi_sel (net)
                      0.018196    0.000000    6.009064 v input4/A (sky130_fd_sc_hd__buf_1)
     3    0.012989    0.155965    0.222081    6.231145 v input4/X (sky130_fd_sc_hd__buf_1)
                                                         net4 (net)
                      0.155967    0.000904    6.232049 v spi_sel_sky130_fd_sc_hd__nor3b_2_A/A (sky130_fd_sc_hd__nor3b_1)
     1    0.010654    0.632586    0.645716    6.877766 ^ spi_sel_sky130_fd_sc_hd__nor3b_2_A/Y (sky130_fd_sc_hd__nor3b_1)
                                                         spi_sel_sky130_fd_sc_hd__nor3b_2_A_Y (net)
                      0.632588    0.000977    6.878742 ^ fanout16/A (sky130_fd_sc_hd__clkbuf_8)
     9    0.088633    0.256280    0.595786    7.474528 ^ fanout16/X (sky130_fd_sc_hd__clkbuf_8)
                                                         net16 (net)
                      0.257928    0.016830    7.491358 ^ spi_in.shift_reg[6]_sky130_fd_sc_hd__mux2_1_A0/S (sky130_fd_sc_hd__mux2_1)
     1    0.002245    0.104953    0.755074    8.246432 v spi_in.shift_reg[6]_sky130_fd_sc_hd__mux2_1_A0/X (sky130_fd_sc_hd__mux2_1)
                                                         spi_in.shift_reg[6]_sky130_fd_sc_hd__dfrtp_2_Q_D (net)
                      0.104953    0.000107    8.246539 v spi_in.shift_reg[6]_sky130_fd_sc_hd__dfrtp_2_Q/D (sky130_fd_sc_hd__dfrtp_1)
                                              8.246539   data arrival time

                                 30.000000   30.000000   clock clk (rise edge)
                                  0.000000   30.000000   clock source latency
     1    0.042471    0.306377    0.217000   30.216999 ^ clk (in)
                                                         clk (net)
                      0.306741    0.000000   30.216999 ^ clkbuf_0_clk/A (sky130_fd_sc_hd__clkbuf_16)
     8    0.141131    0.236430    0.455319   30.672319 ^ clkbuf_0_clk/X (sky130_fd_sc_hd__clkbuf_16)
                                                         clknet_0_clk (net)
                      0.238580    0.018154   30.690474 ^ clkbuf_3_5__f_clk/A (sky130_fd_sc_hd__clkbuf_16)
    13    0.053542    0.111953    0.340858   31.031332 ^ clkbuf_3_5__f_clk/X (sky130_fd_sc_hd__clkbuf_16)
                                                         clknet_3_5__leaf_clk (net)
                      0.111983    0.001766   31.033096 ^ spi_in.shift_reg[6]_sky130_fd_sc_hd__dfrtp_2_Q/CLK (sky130_fd_sc_hd__dfrtp_1)
                                 -0.250000   30.783096   clock uncertainty
                                  0.000000   30.783096   clock reconvergence pessimism
                                 -0.279942   30.503153   library setup time
                                             30.503153   data required time
---------------------------------------------------------------------------------------------
                                             30.503153   data required time
                                             -8.246539   data arrival time
---------------------------------------------------------------------------------------------
                                             22.256615   slack (MET)


Startpoint: spi_sel (input port clocked by clk)
Endpoint: spi_in.shift_reg[7]_sky130_fd_sc_hd__dfrtp_2_Q
          (rising edge-triggered flip-flop clocked by clk)
Path Group: clk
Path Type: max

Fanout         Cap        Slew       Delay        Time   Description
---------------------------------------------------------------------------------------------
                                  0.000000    0.000000   clock clk (rise edge)
                                  0.000000    0.000000   clock network delay (propagated)
                                  6.000000    6.000000 v input external delay
     1    0.002732    0.018195    0.009064    6.009064 v spi_sel (in)
                                                         spi_sel (net)
                      0.018196    0.000000    6.009064 v input4/A (sky130_fd_sc_hd__buf_1)
     3    0.012989    0.155965    0.222081    6.231145 v input4/X (sky130_fd_sc_hd__buf_1)
                                                         net4 (net)
                      0.155967    0.000904    6.232049 v spi_sel_sky130_fd_sc_hd__nor3b_2_A/A (sky130_fd_sc_hd__nor3b_1)
     1    0.010654    0.632586    0.645716    6.877766 ^ spi_sel_sky130_fd_sc_hd__nor3b_2_A/Y (sky130_fd_sc_hd__nor3b_1)
                                                         spi_sel_sky130_fd_sc_hd__nor3b_2_A_Y (net)
                      0.632588    0.000977    6.878742 ^ fanout16/A (sky130_fd_sc_hd__clkbuf_8)
     9    0.088633    0.256280    0.595786    7.474528 ^ fanout16/X (sky130_fd_sc_hd__clkbuf_8)
                                                         net16 (net)
                      0.256630    0.008057    7.482584 ^ spi_in.shift_reg[7]_sky130_fd_sc_hd__mux2_1_A0/S (sky130_fd_sc_hd__mux2_1)
     1    0.002498    0.107136    0.759031    8.241615 v spi_in.shift_reg[7]_sky130_fd_sc_hd__mux2_1_A0/X (sky130_fd_sc_hd__mux2_1)
                                                         spi_in.shift_reg[7]_sky130_fd_sc_hd__dfrtp_2_Q_D (net)
                      0.107136    0.000169    8.241784 v spi_in.shift_reg[7]_sky130_fd_sc_hd__dfrtp_2_Q/D (sky130_fd_sc_hd__dfrtp_1)
                                              8.241784   data arrival time

                                 30.000000   30.000000   clock clk (rise edge)
                                  0.000000   30.000000   clock source latency
     1    0.042471    0.306377    0.217000   30.216999 ^ clk (in)
                                                         clk (net)
                      0.306741    0.000000   30.216999 ^ clkbuf_0_clk/A (sky130_fd_sc_hd__clkbuf_16)
     8    0.141131    0.236430    0.455319   30.672319 ^ clkbuf_0_clk/X (sky130_fd_sc_hd__clkbuf_16)
                                                         clknet_0_clk (net)
                      0.238329    0.017106   30.689425 ^ clkbuf_3_1__f_clk/A (sky130_fd_sc_hd__clkbuf_16)
    12    0.058278    0.118607    0.344833   31.034258 ^ clkbuf_3_1__f_clk/X (sky130_fd_sc_hd__clkbuf_16)
                                                         clknet_3_1__leaf_clk (net)
                      0.119022    0.005901   31.040159 ^ spi_in.shift_reg[7]_sky130_fd_sc_hd__dfrtp_2_Q/CLK (sky130_fd_sc_hd__dfrtp_1)
                                 -0.250000   30.790159   clock uncertainty
                                  0.000000   30.790159   clock reconvergence pessimism
                                 -0.278974   30.511185   library setup time
                                             30.511185   data required time
---------------------------------------------------------------------------------------------
                                             30.511185   data required time
                                             -8.241784   data arrival time
---------------------------------------------------------------------------------------------
                                             22.269402   slack (MET)


Startpoint: spi_sel (input port clocked by clk)
Endpoint: spi_in.bit_cnt[0]_sky130_fd_sc_hd__dfrtp_2_Q
          (rising edge-triggered flip-flop clocked by clk)
Path Group: clk
Path Type: max

Fanout         Cap        Slew       Delay        Time   Description
---------------------------------------------------------------------------------------------
                                  0.000000    0.000000   clock clk (rise edge)
                                  0.000000    0.000000   clock network delay (propagated)
                                  6.000000    6.000000 v input external delay
     1    0.002732    0.018195    0.009064    6.009064 v spi_sel (in)
                                                         spi_sel (net)
                      0.018196    0.000000    6.009064 v input4/A (sky130_fd_sc_hd__buf_1)
     3    0.012989    0.155965    0.222081    6.231145 v input4/X (sky130_fd_sc_hd__buf_1)
                                                         net4 (net)
                      0.155967    0.000904    6.232049 v spi_sel_sky130_fd_sc_hd__nor3b_2_A/A (sky130_fd_sc_hd__nor3b_1)
     1    0.010654    0.632586    0.645716    6.877766 ^ spi_sel_sky130_fd_sc_hd__nor3b_2_A/Y (sky130_fd_sc_hd__nor3b_1)
                                                         spi_sel_sky130_fd_sc_hd__nor3b_2_A_Y (net)
                      0.632588    0.000977    6.878742 ^ fanout16/A (sky130_fd_sc_hd__clkbuf_8)
     9    0.088633    0.256280    0.595786    7.474528 ^ fanout16/X (sky130_fd_sc_hd__clkbuf_8)
                                                         net16 (net)
                      0.256315    0.002613    7.477141 ^ fanout15/A (sky130_fd_sc_hd__buf_4)
    10    0.070536    0.314905    0.470968    7.948109 ^ fanout15/X (sky130_fd_sc_hd__buf_4)
                                                         net15 (net)
                      0.315169    0.005859    7.953969 ^ spi_in.bit_cnt[0]_sky130_fd_sc_hd__xor2_2_A/B (sky130_fd_sc_hd__xor2_1)
     1    0.002052    0.109012    0.200846    8.154815 v spi_in.bit_cnt[0]_sky130_fd_sc_hd__xor2_2_A/X (sky130_fd_sc_hd__xor2_1)
                                                         spi_in.bit_cnt[0]_sky130_fd_sc_hd__dfrtp_2_Q_D (net)
                      0.109012    0.000148    8.154963 v spi_in.bit_cnt[0]_sky130_fd_sc_hd__dfrtp_2_Q/D (sky130_fd_sc_hd__dfrtp_1)
                                              8.154963   data arrival time

                                 30.000000   30.000000   clock clk (rise edge)
                                  0.000000   30.000000   clock source latency
     1    0.042471    0.306377    0.217000   30.216999 ^ clk (in)
                                                         clk (net)
                      0.306741    0.000000   30.216999 ^ clkbuf_0_clk/A (sky130_fd_sc_hd__clkbuf_16)
     8    0.141131    0.236430    0.455319   30.672319 ^ clkbuf_0_clk/X (sky130_fd_sc_hd__clkbuf_16)
                                                         clknet_0_clk (net)
                      0.238580    0.018154   30.690474 ^ clkbuf_3_5__f_clk/A (sky130_fd_sc_hd__clkbuf_16)
    13    0.053542    0.111953    0.340858   31.031332 ^ clkbuf_3_5__f_clk/X (sky130_fd_sc_hd__clkbuf_16)
                                                         clknet_3_5__leaf_clk (net)
                      0.112075    0.003158   31.034491 ^ spi_in.bit_cnt[0]_sky130_fd_sc_hd__dfrtp_2_Q/CLK (sky130_fd_sc_hd__dfrtp_1)
                                 -0.250000   30.784489   clock uncertainty
                                  0.000000   30.784489   clock reconvergence pessimism
                                 -0.281609   30.502880   library setup time
                                             30.502880   data required time
---------------------------------------------------------------------------------------------
                                             30.502880   data required time
                                             -8.154963   data arrival time
---------------------------------------------------------------------------------------------
                                             22.347916   slack (MET)


Startpoint: reset (input port clocked by clk)
Endpoint: filter.x_in[11]_sky130_fd_sc_hd__dfrtp_2_Q
          (recovery check against rising-edge clock clk)
Path Group: asynchronous
Path Type: max

Fanout         Cap        Slew       Delay        Time   Description
---------------------------------------------------------------------------------------------
                                  0.000000    0.000000   clock clk (rise edge)
                                  0.000000    0.000000   clock network delay (propagated)
                                  6.000000    6.000000 v input external delay
     1    0.002619    0.017768    0.008709    6.008708 v reset (in)
                                                         reset (net)
                      0.017769    0.000000    6.008708 v input1/A (sky130_fd_sc_hd__clkbuf_1)
     1    0.003663    0.059049    0.145001    6.153710 v input1/X (sky130_fd_sc_hd__clkbuf_1)
                                                         net1 (net)
                      0.059049    0.000216    6.153926 v fanout35/A (sky130_fd_sc_hd__clkbuf_4)
     5    0.069151    0.249711    0.403822    6.557748 v fanout35/X (sky130_fd_sc_hd__clkbuf_4)
                                                         net35 (net)
                      0.249907    0.004095    6.561843 v fanout28/A (sky130_fd_sc_hd__clkbuf_4)
     5    0.059944    0.222988    0.467697    7.029540 v fanout28/X (sky130_fd_sc_hd__clkbuf_4)
                                                         net28 (net)
                      0.223015    0.002848    7.032387 v fanout27/A (sky130_fd_sc_hd__clkbuf_4)
     6    0.050734    0.191301    0.435564    7.467951 v fanout27/X (sky130_fd_sc_hd__clkbuf_4)
                                                         net27 (net)
                      0.191325    0.002354    7.470304 v fanout26/A (sky130_fd_sc_hd__buf_4)
    10    0.072522    0.180305    0.424058    7.894363 v fanout26/X (sky130_fd_sc_hd__buf_4)
                                                         net26 (net)
                      0.180654    0.006939    7.901302 v filter.x_in[11]_sky130_fd_sc_hd__dfrtp_2_Q_RESET_B_sky130_fd_sc_hd__inv_2_Y/A (sky130_fd_sc_hd__inv_2)
     1    0.004181    0.064650    0.116455    8.017757 ^ filter.x_in[11]_sky130_fd_sc_hd__dfrtp_2_Q_RESET_B_sky130_fd_sc_hd__inv_2_Y/Y (sky130_fd_sc_hd__inv_2)
                                                         filter.x_in[11]_sky130_fd_sc_hd__dfrtp_2_Q_RESET_B (net)
                      0.064650    0.000114    8.017871 ^ filter.x_in[11]_sky130_fd_sc_hd__dfrtp_2_Q/RESET_B (sky130_fd_sc_hd__dfrtp_1)
                                              8.017871   data arrival time

                                 30.000000   30.000000   clock clk (rise edge)
                                  0.000000   30.000000   clock source latency
     1    0.042471    0.306377    0.217000   30.216999 ^ clk (in)
                                                         clk (net)
                      0.306741    0.000000   30.216999 ^ clkbuf_0_clk/A (sky130_fd_sc_hd__clkbuf_16)
     8    0.141131    0.236430    0.455319   30.672319 ^ clkbuf_0_clk/X (sky130_fd_sc_hd__clkbuf_16)
                                                         clknet_0_clk (net)
                      0.239060    0.020002   30.692320 ^ clkbuf_3_0__f_clk/A (sky130_fd_sc_hd__clkbuf_16)
    10    0.042464    0.097118    0.329216   31.021536 ^ clkbuf_3_0__f_clk/X (sky130_fd_sc_hd__clkbuf_16)
                                                         clknet_3_0__leaf_clk (net)
                      0.097308    0.003009   31.024546 ^ filter.x_in[11]_sky130_fd_sc_hd__dfrtp_2_Q/CLK (sky130_fd_sc_hd__dfrtp_1)
                                 -0.250000   30.774544   clock uncertainty
                                  0.000000   30.774544   clock reconvergence pessimism
                                  0.473653   31.248196   library recovery time
                                             31.248196   data required time
---------------------------------------------------------------------------------------------
                                             31.248196   data required time
                                             -8.017871   data arrival time
---------------------------------------------------------------------------------------------
                                             23.230326   slack (MET)


Startpoint: reset (input port clocked by clk)
Endpoint: spi_out.shift_reg[11]_sky130_fd_sc_hd__dfrtp_2_Q
          (recovery check against rising-edge clock clk)
Path Group: asynchronous
Path Type: max

Fanout         Cap        Slew       Delay        Time   Description
---------------------------------------------------------------------------------------------
                                  0.000000    0.000000   clock clk (rise edge)
                                  0.000000    0.000000   clock network delay (propagated)
                                  6.000000    6.000000 v input external delay
     1    0.002619    0.017768    0.008709    6.008708 v reset (in)
                                                         reset (net)
                      0.017769    0.000000    6.008708 v input1/A (sky130_fd_sc_hd__clkbuf_1)
     1    0.003663    0.059049    0.145001    6.153710 v input1/X (sky130_fd_sc_hd__clkbuf_1)
                                                         net1 (net)
                      0.059049    0.000216    6.153926 v fanout35/A (sky130_fd_sc_hd__clkbuf_4)
     5    0.069151    0.249711    0.403822    6.557748 v fanout35/X (sky130_fd_sc_hd__clkbuf_4)
                                                         net35 (net)
                      0.249907    0.004095    6.561843 v fanout28/A (sky130_fd_sc_hd__clkbuf_4)
     5    0.059944    0.222988    0.467697    7.029540 v fanout28/X (sky130_fd_sc_hd__clkbuf_4)
                                                         net28 (net)
                      0.223015    0.002848    7.032387 v fanout27/A (sky130_fd_sc_hd__clkbuf_4)
     6    0.050734    0.191301    0.435564    7.467951 v fanout27/X (sky130_fd_sc_hd__clkbuf_4)
                                                         net27 (net)
                      0.191325    0.002354    7.470304 v fanout26/A (sky130_fd_sc_hd__buf_4)
    10    0.072522    0.180305    0.424058    7.894363 v fanout26/X (sky130_fd_sc_hd__buf_4)
                                                         net26 (net)
                      0.180511    0.005456    7.899819 v spi_out.shift_reg[11]_sky130_fd_sc_hd__dfrtp_2_Q_RESET_B_sky130_fd_sc_hd__inv_2_Y/A (sky130_fd_sc_hd__inv_2)
     1    0.004093    0.064114    0.115640    8.015459 ^ spi_out.shift_reg[11]_sky130_fd_sc_hd__dfrtp_2_Q_RESET_B_sky130_fd_sc_hd__inv_2_Y/Y (sky130_fd_sc_hd__inv_2)
                                                         spi_out.shift_reg[11]_sky130_fd_sc_hd__dfrtp_2_Q_RESET_B (net)
                      0.064114    0.000211    8.015670 ^ spi_out.shift_reg[11]_sky130_fd_sc_hd__dfrtp_2_Q/RESET_B (sky130_fd_sc_hd__dfrtp_1)
                                              8.015670   data arrival time

                                 30.000000   30.000000   clock clk (rise edge)
                                  0.000000   30.000000   clock source latency
     1    0.042471    0.306377    0.217000   30.216999 ^ clk (in)
                                                         clk (net)
                      0.306741    0.000000   30.216999 ^ clkbuf_0_clk/A (sky130_fd_sc_hd__clkbuf_16)
     8    0.141131    0.236430    0.455319   30.672319 ^ clkbuf_0_clk/X (sky130_fd_sc_hd__clkbuf_16)
                                                         clknet_0_clk (net)
                      0.239060    0.020002   30.692320 ^ clkbuf_3_0__f_clk/A (sky130_fd_sc_hd__clkbuf_16)
    10    0.042464    0.097118    0.329216   31.021536 ^ clkbuf_3_0__f_clk/X (sky130_fd_sc_hd__clkbuf_16)
                                                         clknet_3_0__leaf_clk (net)
                      0.097194    0.001531   31.023067 ^ spi_out.shift_reg[11]_sky130_fd_sc_hd__dfrtp_2_Q/CLK (sky130_fd_sc_hd__dfrtp_1)
                                 -0.250000   30.773067   clock uncertainty
                                  0.000000   30.773067   clock reconvergence pessimism
                                  0.473813   31.246881   library recovery time
                                             31.246881   data required time
---------------------------------------------------------------------------------------------
                                             31.246881   data required time
                                             -8.015670   data arrival time
---------------------------------------------------------------------------------------------
                                             23.231211   slack (MET)


Startpoint: reset (input port clocked by clk)
Endpoint: spi_out.shift_reg[10]_sky130_fd_sc_hd__dfrtp_2_Q
          (recovery check against rising-edge clock clk)
Path Group: asynchronous
Path Type: max

Fanout         Cap        Slew       Delay        Time   Description
---------------------------------------------------------------------------------------------
                                  0.000000    0.000000   clock clk (rise edge)
                                  0.000000    0.000000   clock network delay (propagated)
                                  6.000000    6.000000 v input external delay
     1    0.002619    0.017768    0.008709    6.008708 v reset (in)
                                                         reset (net)
                      0.017769    0.000000    6.008708 v input1/A (sky130_fd_sc_hd__clkbuf_1)
     1    0.003663    0.059049    0.145001    6.153710 v input1/X (sky130_fd_sc_hd__clkbuf_1)
                                                         net1 (net)
                      0.059049    0.000216    6.153926 v fanout35/A (sky130_fd_sc_hd__clkbuf_4)
     5    0.069151    0.249711    0.403822    6.557748 v fanout35/X (sky130_fd_sc_hd__clkbuf_4)
                                                         net35 (net)
                      0.249907    0.004095    6.561843 v fanout28/A (sky130_fd_sc_hd__clkbuf_4)
     5    0.059944    0.222988    0.467697    7.029540 v fanout28/X (sky130_fd_sc_hd__clkbuf_4)
                                                         net28 (net)
                      0.223015    0.002848    7.032387 v fanout27/A (sky130_fd_sc_hd__clkbuf_4)
     6    0.050734    0.191301    0.435564    7.467951 v fanout27/X (sky130_fd_sc_hd__clkbuf_4)
                                                         net27 (net)
                      0.191325    0.002354    7.470304 v fanout26/A (sky130_fd_sc_hd__buf_4)
    10    0.072522    0.180305    0.424058    7.894363 v fanout26/X (sky130_fd_sc_hd__buf_4)
                                                         net26 (net)
                      0.180609    0.006513    7.900876 v spi_out.shift_reg[10]_sky130_fd_sc_hd__dfrtp_2_Q_RESET_B_sky130_fd_sc_hd__inv_2_Y/A (sky130_fd_sc_hd__inv_2)
     1    0.003717    0.061892    0.112595    8.013471 ^ spi_out.shift_reg[10]_sky130_fd_sc_hd__dfrtp_2_Q_RESET_B_sky130_fd_sc_hd__inv_2_Y/Y (sky130_fd_sc_hd__inv_2)
                                                         spi_out.shift_reg[10]_sky130_fd_sc_hd__dfrtp_2_Q_RESET_B (net)
                      0.061892    0.000193    8.013663 ^ spi_out.shift_reg[10]_sky130_fd_sc_hd__dfrtp_2_Q/RESET_B (sky130_fd_sc_hd__dfrtp_1)
                                              8.013663   data arrival time

                                 30.000000   30.000000   clock clk (rise edge)
                                  0.000000   30.000000   clock source latency
     1    0.042471    0.306377    0.217000   30.216999 ^ clk (in)
                                                         clk (net)
                      0.306741    0.000000   30.216999 ^ clkbuf_0_clk/A (sky130_fd_sc_hd__clkbuf_16)
     8    0.141131    0.236430    0.455319   30.672319 ^ clkbuf_0_clk/X (sky130_fd_sc_hd__clkbuf_16)
                                                         clknet_0_clk (net)
                      0.239060    0.020002   30.692320 ^ clkbuf_3_0__f_clk/A (sky130_fd_sc_hd__clkbuf_16)
    10    0.042464    0.097118    0.329216   31.021536 ^ clkbuf_3_0__f_clk/X (sky130_fd_sc_hd__clkbuf_16)
                                                         clknet_3_0__leaf_clk (net)
                      0.097313    0.003066   31.024603 ^ spi_out.shift_reg[10]_sky130_fd_sc_hd__dfrtp_2_Q/CLK (sky130_fd_sc_hd__dfrtp_1)
                                 -0.250000   30.774601   clock uncertainty
                                  0.000000   30.774601   clock reconvergence pessimism
                                  0.474674   31.249275   library recovery time
                                             31.249275   data required time
---------------------------------------------------------------------------------------------
                                             31.249275   data required time
                                             -8.013663   data arrival time
---------------------------------------------------------------------------------------------
                                             23.235611   slack (MET)


Startpoint: reset (input port clocked by clk)
Endpoint: spi_in.shift_reg[10]_sky130_fd_sc_hd__dfrtp_2_Q
          (recovery check against rising-edge clock clk)
Path Group: asynchronous
Path Type: max

Fanout         Cap        Slew       Delay        Time   Description
---------------------------------------------------------------------------------------------
                                  0.000000    0.000000   clock clk (rise edge)
                                  0.000000    0.000000   clock network delay (propagated)
                                  6.000000    6.000000 v input external delay
     1    0.002619    0.017768    0.008709    6.008708 v reset (in)
                                                         reset (net)
                      0.017769    0.000000    6.008708 v input1/A (sky130_fd_sc_hd__clkbuf_1)
     1    0.003663    0.059049    0.145001    6.153710 v input1/X (sky130_fd_sc_hd__clkbuf_1)
                                                         net1 (net)
                      0.059049    0.000216    6.153926 v fanout35/A (sky130_fd_sc_hd__clkbuf_4)
     5    0.069151    0.249711    0.403822    6.557748 v fanout35/X (sky130_fd_sc_hd__clkbuf_4)
                                                         net35 (net)
                      0.249907    0.004095    6.561843 v fanout28/A (sky130_fd_sc_hd__clkbuf_4)
     5    0.059944    0.222988    0.467697    7.029540 v fanout28/X (sky130_fd_sc_hd__clkbuf_4)
                                                         net28 (net)
                      0.223015    0.002848    7.032387 v fanout27/A (sky130_fd_sc_hd__clkbuf_4)
     6    0.050734    0.191301    0.435564    7.467951 v fanout27/X (sky130_fd_sc_hd__clkbuf_4)
                                                         net27 (net)
                      0.191325    0.002354    7.470304 v fanout26/A (sky130_fd_sc_hd__buf_4)
    10    0.072522    0.180305    0.424058    7.894363 v fanout26/X (sky130_fd_sc_hd__buf_4)
                                                         net26 (net)
                      0.180641    0.006822    7.901185 v spi_in.shift_reg[10]_sky130_fd_sc_hd__dfrtp_2_Q_RESET_B_sky130_fd_sc_hd__inv_2_Y/A (sky130_fd_sc_hd__inv_2)
     1    0.003542    0.060912    0.111174    8.012359 ^ spi_in.shift_reg[10]_sky130_fd_sc_hd__dfrtp_2_Q_RESET_B_sky130_fd_sc_hd__inv_2_Y/Y (sky130_fd_sc_hd__inv_2)
                                                         spi_in.shift_reg[10]_sky130_fd_sc_hd__dfrtp_2_Q_RESET_B (net)
                      0.060912    0.000187    8.012547 ^ spi_in.shift_reg[10]_sky130_fd_sc_hd__dfrtp_2_Q/RESET_B (sky130_fd_sc_hd__dfrtp_1)
                                              8.012547   data arrival time

                                 30.000000   30.000000   clock clk (rise edge)
                                  0.000000   30.000000   clock source latency
     1    0.042471    0.306377    0.217000   30.216999 ^ clk (in)
                                                         clk (net)
                      0.306741    0.000000   30.216999 ^ clkbuf_0_clk/A (sky130_fd_sc_hd__clkbuf_16)
     8    0.141131    0.236430    0.455319   30.672319 ^ clkbuf_0_clk/X (sky130_fd_sc_hd__clkbuf_16)
                                                         clknet_0_clk (net)
                      0.239060    0.020002   30.692320 ^ clkbuf_3_0__f_clk/A (sky130_fd_sc_hd__clkbuf_16)
    10    0.042464    0.097118    0.329216   31.021536 ^ clkbuf_3_0__f_clk/X (sky130_fd_sc_hd__clkbuf_16)
                                                         clknet_3_0__leaf_clk (net)
                      0.097205    0.001673   31.023211 ^ spi_in.shift_reg[10]_sky130_fd_sc_hd__dfrtp_2_Q/CLK (sky130_fd_sc_hd__dfrtp_1)
                                 -0.250000   30.773209   clock uncertainty
                                  0.000000   30.773209   clock reconvergence pessimism
                                  0.475000   31.248211   library recovery time
                                             31.248211   data required time
---------------------------------------------------------------------------------------------
                                             31.248211   data required time
                                             -8.012547   data arrival time
---------------------------------------------------------------------------------------------
                                             23.235664   slack (MET)


Startpoint: reset (input port clocked by clk)
Endpoint: spi_out.shift_reg[9]_sky130_fd_sc_hd__dfrtp_2_Q
          (recovery check against rising-edge clock clk)
Path Group: asynchronous
Path Type: max

Fanout         Cap        Slew       Delay        Time   Description
---------------------------------------------------------------------------------------------
                                  0.000000    0.000000   clock clk (rise edge)
                                  0.000000    0.000000   clock network delay (propagated)
                                  6.000000    6.000000 v input external delay
     1    0.002619    0.017768    0.008709    6.008708 v reset (in)
                                                         reset (net)
                      0.017769    0.000000    6.008708 v input1/A (sky130_fd_sc_hd__clkbuf_1)
     1    0.003663    0.059049    0.145001    6.153710 v input1/X (sky130_fd_sc_hd__clkbuf_1)
                                                         net1 (net)
                      0.059049    0.000216    6.153926 v fanout35/A (sky130_fd_sc_hd__clkbuf_4)
     5    0.069151    0.249711    0.403822    6.557748 v fanout35/X (sky130_fd_sc_hd__clkbuf_4)
                                                         net35 (net)
                      0.249907    0.004095    6.561843 v fanout28/A (sky130_fd_sc_hd__clkbuf_4)
     5    0.059944    0.222988    0.467697    7.029540 v fanout28/X (sky130_fd_sc_hd__clkbuf_4)
                                                         net28 (net)
                      0.223015    0.002848    7.032387 v fanout27/A (sky130_fd_sc_hd__clkbuf_4)
     6    0.050734    0.191301    0.435564    7.467951 v fanout27/X (sky130_fd_sc_hd__clkbuf_4)
                                                         net27 (net)
                      0.191325    0.002354    7.470304 v fanout26/A (sky130_fd_sc_hd__buf_4)
    10    0.072522    0.180305    0.424058    7.894363 v fanout26/X (sky130_fd_sc_hd__buf_4)
                                                         net26 (net)
                      0.180567    0.006091    7.900454 v spi_out.shift_reg[9]_sky130_fd_sc_hd__dfrtp_2_Q_RESET_B_sky130_fd_sc_hd__inv_2_Y/A (sky130_fd_sc_hd__inv_2)
     1    0.003777    0.062236    0.113073    8.013527 ^ spi_out.shift_reg[9]_sky130_fd_sc_hd__dfrtp_2_Q_RESET_B_sky130_fd_sc_hd__inv_2_Y/Y (sky130_fd_sc_hd__inv_2)
                                                         spi_out.shift_reg[9]_sky130_fd_sc_hd__dfrtp_2_Q_RESET_B (net)
                      0.062236    0.000203    8.013729 ^ spi_out.shift_reg[9]_sky130_fd_sc_hd__dfrtp_2_Q/RESET_B (sky130_fd_sc_hd__dfrtp_1)
                                              8.013729   data arrival time

                                 30.000000   30.000000   clock clk (rise edge)
                                  0.000000   30.000000   clock source latency
     1    0.042471    0.306377    0.217000   30.216999 ^ clk (in)
                                                         clk (net)
                      0.306741    0.000000   30.216999 ^ clkbuf_0_clk/A (sky130_fd_sc_hd__clkbuf_16)
     8    0.141131    0.236430    0.455319   30.672319 ^ clkbuf_0_clk/X (sky130_fd_sc_hd__clkbuf_16)
                                                         clknet_0_clk (net)
                      0.239060    0.020002   30.692320 ^ clkbuf_3_0__f_clk/A (sky130_fd_sc_hd__clkbuf_16)
    10    0.042464    0.097118    0.329216   31.021536 ^ clkbuf_3_0__f_clk/X (sky130_fd_sc_hd__clkbuf_16)
                                                         clknet_3_0__leaf_clk (net)
                      0.097333    0.003297   31.024834 ^ spi_out.shift_reg[9]_sky130_fd_sc_hd__dfrtp_2_Q/CLK (sky130_fd_sc_hd__dfrtp_1)
                                 -0.250000   30.774832   clock uncertainty
                                  0.000000   30.774832   clock reconvergence pessimism
                                  0.474553   31.249386   library recovery time
                                             31.249386   data required time
---------------------------------------------------------------------------------------------
                                             31.249386   data required time
                                             -8.013729   data arrival time
---------------------------------------------------------------------------------------------
                                             23.235657   slack (MET)


Startpoint: reset (input port clocked by clk)
Endpoint: filter.x_in[10]_sky130_fd_sc_hd__dfrtp_2_Q
          (recovery check against rising-edge clock clk)
Path Group: asynchronous
Path Type: max

Fanout         Cap        Slew       Delay        Time   Description
---------------------------------------------------------------------------------------------
                                  0.000000    0.000000   clock clk (rise edge)
                                  0.000000    0.000000   clock network delay (propagated)
                                  6.000000    6.000000 v input external delay
     1    0.002619    0.017768    0.008709    6.008708 v reset (in)
                                                         reset (net)
                      0.017769    0.000000    6.008708 v input1/A (sky130_fd_sc_hd__clkbuf_1)
     1    0.003663    0.059049    0.145001    6.153710 v input1/X (sky130_fd_sc_hd__clkbuf_1)
                                                         net1 (net)
                      0.059049    0.000216    6.153926 v fanout35/A (sky130_fd_sc_hd__clkbuf_4)
     5    0.069151    0.249711    0.403822    6.557748 v fanout35/X (sky130_fd_sc_hd__clkbuf_4)
                                                         net35 (net)
                      0.249907    0.004095    6.561843 v fanout28/A (sky130_fd_sc_hd__clkbuf_4)
     5    0.059944    0.222988    0.467697    7.029540 v fanout28/X (sky130_fd_sc_hd__clkbuf_4)
                                                         net28 (net)
                      0.223015    0.002848    7.032387 v fanout27/A (sky130_fd_sc_hd__clkbuf_4)
     6    0.050734    0.191301    0.435564    7.467951 v fanout27/X (sky130_fd_sc_hd__clkbuf_4)
                                                         net27 (net)
                      0.191325    0.002354    7.470304 v fanout26/A (sky130_fd_sc_hd__buf_4)
    10    0.072522    0.180305    0.424058    7.894363 v fanout26/X (sky130_fd_sc_hd__buf_4)
                                                         net26 (net)
                      0.180607    0.006494    7.900857 v filter.x_in[10]_sky130_fd_sc_hd__dfrtp_2_Q_RESET_B_sky130_fd_sc_hd__inv_2_Y/A (sky130_fd_sc_hd__inv_2)
     1    0.003539    0.060889    0.111139    8.011995 ^ filter.x_in[10]_sky130_fd_sc_hd__dfrtp_2_Q_RESET_B_sky130_fd_sc_hd__inv_2_Y/Y (sky130_fd_sc_hd__inv_2)
                                                         filter.x_in[10]_sky130_fd_sc_hd__dfrtp_2_Q_RESET_B (net)
                      0.060889    0.000187    8.012183 ^ filter.x_in[10]_sky130_fd_sc_hd__dfrtp_2_Q/RESET_B (sky130_fd_sc_hd__dfrtp_1)
                                              8.012183   data arrival time

                                 30.000000   30.000000   clock clk (rise edge)
                                  0.000000   30.000000   clock source latency
     1    0.042471    0.306377    0.217000   30.216999 ^ clk (in)
                                                         clk (net)
                      0.306741    0.000000   30.216999 ^ clkbuf_0_clk/A (sky130_fd_sc_hd__clkbuf_16)
     8    0.141131    0.236430    0.455319   30.672319 ^ clkbuf_0_clk/X (sky130_fd_sc_hd__clkbuf_16)
                                                         clknet_0_clk (net)
                      0.239060    0.020002   30.692320 ^ clkbuf_3_0__f_clk/A (sky130_fd_sc_hd__clkbuf_16)
    10    0.042464    0.097118    0.329216   31.021536 ^ clkbuf_3_0__f_clk/X (sky130_fd_sc_hd__clkbuf_16)
                                                         clknet_3_0__leaf_clk (net)
                      0.097200    0.001602   31.023138 ^ filter.x_in[10]_sky130_fd_sc_hd__dfrtp_2_Q/CLK (sky130_fd_sc_hd__dfrtp_1)
                                 -0.250000   30.773138   clock uncertainty
                                  0.000000   30.773138   clock reconvergence pessimism
                                  0.475007   31.248146   library recovery time
                                             31.248146   data required time
---------------------------------------------------------------------------------------------
                                             31.248146   data required time
                                             -8.012183   data arrival time
---------------------------------------------------------------------------------------------
                                             23.235964   slack (MET)


Startpoint: reset (input port clocked by clk)
Endpoint: spi_in.shift_reg[11]_sky130_fd_sc_hd__dfrtp_2_Q
          (recovery check against rising-edge clock clk)
Path Group: asynchronous
Path Type: max

Fanout         Cap        Slew       Delay        Time   Description
---------------------------------------------------------------------------------------------
                                  0.000000    0.000000   clock clk (rise edge)
                                  0.000000    0.000000   clock network delay (propagated)
                                  6.000000    6.000000 v input external delay
     1    0.002619    0.017768    0.008709    6.008708 v reset (in)
                                                         reset (net)
                      0.017769    0.000000    6.008708 v input1/A (sky130_fd_sc_hd__clkbuf_1)
     1    0.003663    0.059049    0.145001    6.153710 v input1/X (sky130_fd_sc_hd__clkbuf_1)
                                                         net1 (net)
                      0.059049    0.000216    6.153926 v fanout35/A (sky130_fd_sc_hd__clkbuf_4)
     5    0.069151    0.249711    0.403822    6.557748 v fanout35/X (sky130_fd_sc_hd__clkbuf_4)
                                                         net35 (net)
                      0.249907    0.004095    6.561843 v fanout28/A (sky130_fd_sc_hd__clkbuf_4)
     5    0.059944    0.222988    0.467697    7.029540 v fanout28/X (sky130_fd_sc_hd__clkbuf_4)
                                                         net28 (net)
                      0.223015    0.002848    7.032387 v fanout27/A (sky130_fd_sc_hd__clkbuf_4)
     6    0.050734    0.191301    0.435564    7.467951 v fanout27/X (sky130_fd_sc_hd__clkbuf_4)
                                                         net27 (net)
                      0.191325    0.002354    7.470304 v fanout26/A (sky130_fd_sc_hd__buf_4)
    10    0.072522    0.180305    0.424058    7.894363 v fanout26/X (sky130_fd_sc_hd__buf_4)
                                                         net26 (net)
                      0.180633    0.006748    7.901111 v spi_in.shift_reg[11]_sky130_fd_sc_hd__dfrtp_2_Q_RESET_B_sky130_fd_sc_hd__inv_2_Y/A (sky130_fd_sc_hd__inv_2)
     1    0.003522    0.060800    0.111008    8.012119 ^ spi_in.shift_reg[11]_sky130_fd_sc_hd__dfrtp_2_Q_RESET_B_sky130_fd_sc_hd__inv_2_Y/Y (sky130_fd_sc_hd__inv_2)
                                                         spi_in.shift_reg[11]_sky130_fd_sc_hd__dfrtp_2_Q_RESET_B (net)
                      0.060800    0.000186    8.012305 ^ spi_in.shift_reg[11]_sky130_fd_sc_hd__dfrtp_2_Q/RESET_B (sky130_fd_sc_hd__dfrtp_1)
                                              8.012305   data arrival time

                                 30.000000   30.000000   clock clk (rise edge)
                                  0.000000   30.000000   clock source latency
     1    0.042471    0.306377    0.217000   30.216999 ^ clk (in)
                                                         clk (net)
                      0.306741    0.000000   30.216999 ^ clkbuf_0_clk/A (sky130_fd_sc_hd__clkbuf_16)
     8    0.141131    0.236430    0.455319   30.672319 ^ clkbuf_0_clk/X (sky130_fd_sc_hd__clkbuf_16)
                                                         clknet_0_clk (net)
                      0.239060    0.020002   30.692320 ^ clkbuf_3_0__f_clk/A (sky130_fd_sc_hd__clkbuf_16)
    10    0.042464    0.097118    0.329216   31.021536 ^ clkbuf_3_0__f_clk/X (sky130_fd_sc_hd__clkbuf_16)
                                                         clknet_3_0__leaf_clk (net)
                      0.097307    0.003002   31.024538 ^ spi_in.shift_reg[11]_sky130_fd_sc_hd__dfrtp_2_Q/CLK (sky130_fd_sc_hd__dfrtp_1)
                                 -0.250000   30.774538   clock uncertainty
                                  0.000000   30.774538   clock reconvergence pessimism
                                  0.475076   31.249613   library recovery time
                                             31.249613   data required time
---------------------------------------------------------------------------------------------
                                             31.249613   data required time
                                             -8.012305   data arrival time
---------------------------------------------------------------------------------------------
                                             23.237310   slack (MET)


Startpoint: reset (input port clocked by clk)
Endpoint: spi_in.shift_reg[9]_sky130_fd_sc_hd__dfrtp_2_Q
          (recovery check against rising-edge clock clk)
Path Group: asynchronous
Path Type: max

Fanout         Cap        Slew       Delay        Time   Description
---------------------------------------------------------------------------------------------
                                  0.000000    0.000000   clock clk (rise edge)
                                  0.000000    0.000000   clock network delay (propagated)
                                  6.000000    6.000000 v input external delay
     1    0.002619    0.017768    0.008709    6.008708 v reset (in)
                                                         reset (net)
                      0.017769    0.000000    6.008708 v input1/A (sky130_fd_sc_hd__clkbuf_1)
     1    0.003663    0.059049    0.145001    6.153710 v input1/X (sky130_fd_sc_hd__clkbuf_1)
                                                         net1 (net)
                      0.059049    0.000216    6.153926 v fanout35/A (sky130_fd_sc_hd__clkbuf_4)
     5    0.069151    0.249711    0.403822    6.557748 v fanout35/X (sky130_fd_sc_hd__clkbuf_4)
                                                         net35 (net)
                      0.249907    0.004095    6.561843 v fanout28/A (sky130_fd_sc_hd__clkbuf_4)
     5    0.059944    0.222988    0.467697    7.029540 v fanout28/X (sky130_fd_sc_hd__clkbuf_4)
                                                         net28 (net)
                      0.223015    0.002848    7.032387 v fanout27/A (sky130_fd_sc_hd__clkbuf_4)
     6    0.050734    0.191301    0.435564    7.467951 v fanout27/X (sky130_fd_sc_hd__clkbuf_4)
                                                         net27 (net)
                      0.191325    0.002354    7.470304 v fanout26/A (sky130_fd_sc_hd__buf_4)
    10    0.072522    0.180305    0.424058    7.894363 v fanout26/X (sky130_fd_sc_hd__buf_4)
                                                         net26 (net)
                      0.180446    0.004603    7.898965 v spi_in.shift_reg[9]_sky130_fd_sc_hd__dfrtp_2_Q_RESET_B_sky130_fd_sc_hd__inv_2_Y/A (sky130_fd_sc_hd__inv_2)
     1    0.003447    0.060353    0.110327    8.009292 ^ spi_in.shift_reg[9]_sky130_fd_sc_hd__dfrtp_2_Q_RESET_B_sky130_fd_sc_hd__inv_2_Y/Y (sky130_fd_sc_hd__inv_2)
                                                         spi_in.shift_reg[9]_sky130_fd_sc_hd__dfrtp_2_Q_RESET_B (net)
                      0.060353    0.000182    8.009474 ^ spi_in.shift_reg[9]_sky130_fd_sc_hd__dfrtp_2_Q/RESET_B (sky130_fd_sc_hd__dfrtp_1)
                                              8.009474   data arrival time

                                 30.000000   30.000000   clock clk (rise edge)
                                  0.000000   30.000000   clock source latency
     1    0.042471    0.306377    0.217000   30.216999 ^ clk (in)
                                                         clk (net)
                      0.306741    0.000000   30.216999 ^ clkbuf_0_clk/A (sky130_fd_sc_hd__clkbuf_16)
     8    0.141131    0.236430    0.455319   30.672319 ^ clkbuf_0_clk/X (sky130_fd_sc_hd__clkbuf_16)
                                                         clknet_0_clk (net)
                      0.239060    0.020002   30.692320 ^ clkbuf_3_0__f_clk/A (sky130_fd_sc_hd__clkbuf_16)
    10    0.042464    0.097118    0.329216   31.021536 ^ clkbuf_3_0__f_clk/X (sky130_fd_sc_hd__clkbuf_16)
                                                         clknet_3_0__leaf_clk (net)
                      0.097197    0.001563   31.023100 ^ spi_in.shift_reg[9]_sky130_fd_sc_hd__dfrtp_2_Q/CLK (sky130_fd_sc_hd__dfrtp_1)
                                 -0.250000   30.773098   clock uncertainty
                                  0.000000   30.773098   clock reconvergence pessimism
                                  0.475204   31.248302   library recovery time
                                             31.248302   data required time
---------------------------------------------------------------------------------------------
                                             31.248302   data required time
                                             -8.009474   data arrival time
---------------------------------------------------------------------------------------------
                                             23.238829   slack (MET)


Startpoint: reset (input port clocked by clk)
Endpoint: spi_out.shift_reg[12]_sky130_fd_sc_hd__dfrtp_2_Q
          (recovery check against rising-edge clock clk)
Path Group: asynchronous
Path Type: max

Fanout         Cap        Slew       Delay        Time   Description
---------------------------------------------------------------------------------------------
                                  0.000000    0.000000   clock clk (rise edge)
                                  0.000000    0.000000   clock network delay (propagated)
                                  6.000000    6.000000 v input external delay
     1    0.002619    0.017768    0.008709    6.008708 v reset (in)
                                                         reset (net)
                      0.017769    0.000000    6.008708 v input1/A (sky130_fd_sc_hd__clkbuf_1)
     1    0.003663    0.059049    0.145001    6.153710 v input1/X (sky130_fd_sc_hd__clkbuf_1)
                                                         net1 (net)
                      0.059049    0.000216    6.153926 v fanout35/A (sky130_fd_sc_hd__clkbuf_4)
     5    0.069151    0.249711    0.403822    6.557748 v fanout35/X (sky130_fd_sc_hd__clkbuf_4)
                                                         net35 (net)
                      0.249907    0.004095    6.561843 v fanout28/A (sky130_fd_sc_hd__clkbuf_4)
     5    0.059944    0.222988    0.467697    7.029540 v fanout28/X (sky130_fd_sc_hd__clkbuf_4)
                                                         net28 (net)
                      0.223015    0.002848    7.032387 v fanout27/A (sky130_fd_sc_hd__clkbuf_4)
     6    0.050734    0.191301    0.435564    7.467951 v fanout27/X (sky130_fd_sc_hd__clkbuf_4)
                                                         net27 (net)
                      0.191325    0.002354    7.470304 v fanout26/A (sky130_fd_sc_hd__buf_4)
    10    0.072522    0.180305    0.424058    7.894363 v fanout26/X (sky130_fd_sc_hd__buf_4)
                                                         net26 (net)
                      0.180422    0.004227    7.898590 v spi_out.shift_reg[12]_sky130_fd_sc_hd__dfrtp_2_Q_RESET_B_sky130_fd_sc_hd__inv_2_Y/A (sky130_fd_sc_hd__inv_2)
     1    0.004305    0.065369    0.117385    8.015975 ^ spi_out.shift_reg[12]_sky130_fd_sc_hd__dfrtp_2_Q_RESET_B_sky130_fd_sc_hd__inv_2_Y/Y (sky130_fd_sc_hd__inv_2)
                                                         spi_out.shift_reg[12]_sky130_fd_sc_hd__dfrtp_2_Q_RESET_B (net)
                      0.065369    0.000120    8.016094 ^ spi_out.shift_reg[12]_sky130_fd_sc_hd__dfrtp_2_Q/RESET_B (sky130_fd_sc_hd__dfrtp_1)
                                              8.016094   data arrival time

                                 30.000000   30.000000   clock clk (rise edge)
                                  0.000000   30.000000   clock source latency
     1    0.042471    0.306377    0.217000   30.216999 ^ clk (in)
                                                         clk (net)
                      0.306741    0.000000   30.216999 ^ clkbuf_0_clk/A (sky130_fd_sc_hd__clkbuf_16)
     8    0.141131    0.236430    0.455319   30.672319 ^ clkbuf_0_clk/X (sky130_fd_sc_hd__clkbuf_16)
                                                         clknet_0_clk (net)
                      0.238329    0.017106   30.689425 ^ clkbuf_3_1__f_clk/A (sky130_fd_sc_hd__clkbuf_16)
    12    0.058278    0.118607    0.344833   31.034258 ^ clkbuf_3_1__f_clk/X (sky130_fd_sc_hd__clkbuf_16)
                                                         clknet_3_1__leaf_clk (net)
                      0.118662    0.002554   31.036814 ^ spi_out.shift_reg[12]_sky130_fd_sc_hd__dfrtp_2_Q/CLK (sky130_fd_sc_hd__dfrtp_1)
                                 -0.250000   30.786812   clock uncertainty
                                  0.000000   30.786812   clock reconvergence pessimism
                                  0.480495   31.267305   library recovery time
                                             31.267305   data required time
---------------------------------------------------------------------------------------------
                                             31.267305   data required time
                                             -8.016094   data arrival time
---------------------------------------------------------------------------------------------
                                             23.251211   slack (MET)


Startpoint: reset (input port clocked by clk)
Endpoint: filter.x_in[9]_sky130_fd_sc_hd__dfrtp_2_Q
          (recovery check against rising-edge clock clk)
Path Group: asynchronous
Path Type: max

Fanout         Cap        Slew       Delay        Time   Description
---------------------------------------------------------------------------------------------
                                  0.000000    0.000000   clock clk (rise edge)
                                  0.000000    0.000000   clock network delay (propagated)
                                  6.000000    6.000000 v input external delay
     1    0.002619    0.017768    0.008709    6.008708 v reset (in)
                                                         reset (net)
                      0.017769    0.000000    6.008708 v input1/A (sky130_fd_sc_hd__clkbuf_1)
     1    0.003663    0.059049    0.145001    6.153710 v input1/X (sky130_fd_sc_hd__clkbuf_1)
                                                         net1 (net)
                      0.059049    0.000216    6.153926 v fanout35/A (sky130_fd_sc_hd__clkbuf_4)
     5    0.069151    0.249711    0.403822    6.557748 v fanout35/X (sky130_fd_sc_hd__clkbuf_4)
                                                         net35 (net)
                      0.249907    0.004095    6.561843 v fanout28/A (sky130_fd_sc_hd__clkbuf_4)
     5    0.059944    0.222988    0.467697    7.029540 v fanout28/X (sky130_fd_sc_hd__clkbuf_4)
                                                         net28 (net)
                      0.223015    0.002848    7.032387 v fanout27/A (sky130_fd_sc_hd__clkbuf_4)
     6    0.050734    0.191301    0.435564    7.467951 v fanout27/X (sky130_fd_sc_hd__clkbuf_4)
                                                         net27 (net)
                      0.191325    0.002354    7.470304 v fanout26/A (sky130_fd_sc_hd__buf_4)
    10    0.072522    0.180305    0.424058    7.894363 v fanout26/X (sky130_fd_sc_hd__buf_4)
                                                         net26 (net)
                      0.180400    0.003862    7.898224 v filter.x_in[9]_sky130_fd_sc_hd__dfrtp_2_Q_RESET_B_sky130_fd_sc_hd__inv_2_Y/A (sky130_fd_sc_hd__inv_2)
     1    0.003785    0.062245    0.113074    8.011298 ^ filter.x_in[9]_sky130_fd_sc_hd__dfrtp_2_Q_RESET_B_sky130_fd_sc_hd__inv_2_Y/Y (sky130_fd_sc_hd__inv_2)
                                                         filter.x_in[9]_sky130_fd_sc_hd__dfrtp_2_Q_RESET_B (net)
                      0.062245    0.000200    8.011498 ^ filter.x_in[9]_sky130_fd_sc_hd__dfrtp_2_Q/RESET_B (sky130_fd_sc_hd__dfrtp_1)
                                              8.011498   data arrival time

                                 30.000000   30.000000   clock clk (rise edge)
                                  0.000000   30.000000   clock source latency
     1    0.042471    0.306377    0.217000   30.216999 ^ clk (in)
                                                         clk (net)
                      0.306741    0.000000   30.216999 ^ clkbuf_0_clk/A (sky130_fd_sc_hd__clkbuf_16)
     8    0.141131    0.236430    0.455319   30.672319 ^ clkbuf_0_clk/X (sky130_fd_sc_hd__clkbuf_16)
                                                         clknet_0_clk (net)
                      0.238329    0.017106   30.689425 ^ clkbuf_3_1__f_clk/A (sky130_fd_sc_hd__clkbuf_16)
    12    0.058278    0.118607    0.344833   31.034258 ^ clkbuf_3_1__f_clk/X (sky130_fd_sc_hd__clkbuf_16)
                                                         clknet_3_1__leaf_clk (net)
                      0.118948    0.005379   31.039637 ^ filter.x_in[9]_sky130_fd_sc_hd__dfrtp_2_Q/CLK (sky130_fd_sc_hd__dfrtp_1)
                                 -0.250000   30.789637   clock uncertainty
                                  0.000000   30.789637   clock reconvergence pessimism
                                  0.481743   31.271381   library recovery time
                                             31.271381   data required time
---------------------------------------------------------------------------------------------
                                             31.271381   data required time
                                             -8.011498   data arrival time
---------------------------------------------------------------------------------------------
                                             23.259884   slack (MET)


Startpoint: reset (input port clocked by clk)
Endpoint: filter.y_out[9]_sky130_fd_sc_hd__dfrtp_2_Q
          (recovery check against rising-edge clock clk)
Path Group: asynchronous
Path Type: max

Fanout         Cap        Slew       Delay        Time   Description
---------------------------------------------------------------------------------------------
                                  0.000000    0.000000   clock clk (rise edge)
                                  0.000000    0.000000   clock network delay (propagated)
                                  6.000000    6.000000 v input external delay
     1    0.002619    0.017768    0.008709    6.008708 v reset (in)
                                                         reset (net)
                      0.017769    0.000000    6.008708 v input1/A (sky130_fd_sc_hd__clkbuf_1)
     1    0.003663    0.059049    0.145001    6.153710 v input1/X (sky130_fd_sc_hd__clkbuf_1)
                                                         net1 (net)
                      0.059049    0.000216    6.153926 v fanout35/A (sky130_fd_sc_hd__clkbuf_4)
     5    0.069151    0.249711    0.403822    6.557748 v fanout35/X (sky130_fd_sc_hd__clkbuf_4)
                                                         net35 (net)
                      0.249907    0.004095    6.561843 v fanout28/A (sky130_fd_sc_hd__clkbuf_4)
     5    0.059944    0.222988    0.467697    7.029540 v fanout28/X (sky130_fd_sc_hd__clkbuf_4)
                                                         net28 (net)
                      0.223015    0.002848    7.032387 v fanout27/A (sky130_fd_sc_hd__clkbuf_4)
     6    0.050734    0.191301    0.435564    7.467951 v fanout27/X (sky130_fd_sc_hd__clkbuf_4)
                                                         net27 (net)
                      0.191696    0.007623    7.475574 v filter.y_out[9]_sky130_fd_sc_hd__dfrtp_2_Q_RESET_B_sky130_fd_sc_hd__inv_2_Y/A (sky130_fd_sc_hd__inv_2)
     1    0.003722    0.064166    0.116708    7.592282 ^ filter.y_out[9]_sky130_fd_sc_hd__dfrtp_2_Q_RESET_B_sky130_fd_sc_hd__inv_2_Y/Y (sky130_fd_sc_hd__inv_2)
                                                         filter.y_out[9]_sky130_fd_sc_hd__dfrtp_2_Q_RESET_B (net)
                      0.064166    0.000194    7.592475 ^ filter.y_out[9]_sky130_fd_sc_hd__dfrtp_2_Q/RESET_B (sky130_fd_sc_hd__dfrtp_2)
                                              7.592475   data arrival time

                                 30.000000   30.000000   clock clk (rise edge)
                                  0.000000   30.000000   clock source latency
     1    0.042471    0.306377    0.217000   30.216999 ^ clk (in)
                                                         clk (net)
                      0.306741    0.000000   30.216999 ^ clkbuf_0_clk/A (sky130_fd_sc_hd__clkbuf_16)
     8    0.141131    0.236430    0.455319   30.672319 ^ clkbuf_0_clk/X (sky130_fd_sc_hd__clkbuf_16)
                                                         clknet_0_clk (net)
                      0.239769    0.022450   30.694769 ^ clkbuf_3_3__f_clk/A (sky130_fd_sc_hd__clkbuf_16)
     6    0.047673    0.104277    0.334929   31.029697 ^ clkbuf_3_3__f_clk/X (sky130_fd_sc_hd__clkbuf_16)
                                                         clknet_3_3__leaf_clk (net)
                      0.104359    0.002537   31.032234 ^ filter.y_out[9]_sky130_fd_sc_hd__dfrtp_2_Q/CLK (sky130_fd_sc_hd__dfrtp_2)
                                 -0.250000   30.782232   clock uncertainty
                                  0.000000   30.782232   clock reconvergence pessimism
                                  0.458523   31.240757   library recovery time
                                             31.240757   data required time
---------------------------------------------------------------------------------------------
                                             31.240757   data required time
                                             -7.592475   data arrival time
---------------------------------------------------------------------------------------------
                                             23.648281   slack (MET)


Startpoint: reset (input port clocked by clk)
Endpoint: filter.y_out[8]_sky130_fd_sc_hd__dfrtp_2_Q
          (recovery check against rising-edge clock clk)
Path Group: asynchronous
Path Type: max

Fanout         Cap        Slew       Delay        Time   Description
---------------------------------------------------------------------------------------------
                                  0.000000    0.000000   clock clk (rise edge)
                                  0.000000    0.000000   clock network delay (propagated)
                                  6.000000    6.000000 v input external delay
     1    0.002619    0.017768    0.008709    6.008708 v reset (in)
                                                         reset (net)
                      0.017769    0.000000    6.008708 v input1/A (sky130_fd_sc_hd__clkbuf_1)
     1    0.003663    0.059049    0.145001    6.153710 v input1/X (sky130_fd_sc_hd__clkbuf_1)
                                                         net1 (net)
                      0.059049    0.000216    6.153926 v fanout35/A (sky130_fd_sc_hd__clkbuf_4)
     5    0.069151    0.249711    0.403822    6.557748 v fanout35/X (sky130_fd_sc_hd__clkbuf_4)
                                                         net35 (net)
                      0.249907    0.004095    6.561843 v fanout28/A (sky130_fd_sc_hd__clkbuf_4)
     5    0.059944    0.222988    0.467697    7.029540 v fanout28/X (sky130_fd_sc_hd__clkbuf_4)
                                                         net28 (net)
                      0.223015    0.002848    7.032387 v fanout27/A (sky130_fd_sc_hd__clkbuf_4)
     6    0.050734    0.191301    0.435564    7.467951 v fanout27/X (sky130_fd_sc_hd__clkbuf_4)
                                                         net27 (net)
                      0.191662    0.007321    7.475272 v filter.y_out[8]_sky130_fd_sc_hd__dfrtp_2_Q_RESET_B_sky130_fd_sc_hd__inv_2_Y/A (sky130_fd_sc_hd__inv_2)
     1    0.003655    0.063772    0.116120    7.591392 ^ filter.y_out[8]_sky130_fd_sc_hd__dfrtp_2_Q_RESET_B_sky130_fd_sc_hd__inv_2_Y/Y (sky130_fd_sc_hd__inv_2)
                                                         filter.y_out[8]_sky130_fd_sc_hd__dfrtp_2_Q_RESET_B (net)
                      0.063772    0.000192    7.591584 ^ filter.y_out[8]_sky130_fd_sc_hd__dfrtp_2_Q/RESET_B (sky130_fd_sc_hd__dfrtp_4)
                                              7.591584   data arrival time

                                 30.000000   30.000000   clock clk (rise edge)
                                  0.000000   30.000000   clock source latency
     1    0.042471    0.306377    0.217000   30.216999 ^ clk (in)
                                                         clk (net)
                      0.306741    0.000000   30.216999 ^ clkbuf_0_clk/A (sky130_fd_sc_hd__clkbuf_16)
     8    0.141131    0.236430    0.455319   30.672319 ^ clkbuf_0_clk/X (sky130_fd_sc_hd__clkbuf_16)
                                                         clknet_0_clk (net)
                      0.238329    0.017106   30.689425 ^ clkbuf_3_1__f_clk/A (sky130_fd_sc_hd__clkbuf_16)
    12    0.058278    0.118607    0.344833   31.034258 ^ clkbuf_3_1__f_clk/X (sky130_fd_sc_hd__clkbuf_16)
                                                         clknet_3_1__leaf_clk (net)
                      0.118813    0.004292   31.038551 ^ filter.y_out[8]_sky130_fd_sc_hd__dfrtp_2_Q/CLK (sky130_fd_sc_hd__dfrtp_4)
                                 -0.250000   30.788549   clock uncertainty
                                  0.000000   30.788549   clock reconvergence pessimism
                                  0.463056   31.251606   library recovery time
                                             31.251606   data required time
---------------------------------------------------------------------------------------------
                                             31.251606   data required time
                                             -7.591584   data arrival time
---------------------------------------------------------------------------------------------
                                             23.660023   slack (MET)


Startpoint: reset (input port clocked by clk)
Endpoint: filter.y_out[12]_sky130_fd_sc_hd__dfrtp_2_Q
          (recovery check against rising-edge clock clk)
Path Group: asynchronous
Path Type: max

Fanout         Cap        Slew       Delay        Time   Description
---------------------------------------------------------------------------------------------
                                  0.000000    0.000000   clock clk (rise edge)
                                  0.000000    0.000000   clock network delay (propagated)
                                  6.000000    6.000000 v input external delay
     1    0.002619    0.017768    0.008709    6.008708 v reset (in)
                                                         reset (net)
                      0.017769    0.000000    6.008708 v input1/A (sky130_fd_sc_hd__clkbuf_1)
     1    0.003663    0.059049    0.145001    6.153710 v input1/X (sky130_fd_sc_hd__clkbuf_1)
                                                         net1 (net)
                      0.059049    0.000216    6.153926 v fanout35/A (sky130_fd_sc_hd__clkbuf_4)
     5    0.069151    0.249711    0.403822    6.557748 v fanout35/X (sky130_fd_sc_hd__clkbuf_4)
                                                         net35 (net)
                      0.249907    0.004095    6.561843 v fanout28/A (sky130_fd_sc_hd__clkbuf_4)
     5    0.059944    0.222988    0.467697    7.029540 v fanout28/X (sky130_fd_sc_hd__clkbuf_4)
                                                         net28 (net)
                      0.223439    0.007129    7.036668 v fanout25/A (sky130_fd_sc_hd__clkbuf_8)
    10    0.082540    0.167656    0.418646    7.455315 v fanout25/X (sky130_fd_sc_hd__clkbuf_8)
                                                         net25 (net)
                      0.168227    0.008446    7.463760 v filter.y_out[12]_sky130_fd_sc_hd__dfrtp_2_Q_RESET_B_sky130_fd_sc_hd__inv_2_Y/A (sky130_fd_sc_hd__inv_2)
     1    0.003617    0.058831    0.107274    7.571035 ^ filter.y_out[12]_sky130_fd_sc_hd__dfrtp_2_Q_RESET_B_sky130_fd_sc_hd__inv_2_Y/Y (sky130_fd_sc_hd__inv_2)
                                                         filter.y_out[12]_sky130_fd_sc_hd__dfrtp_2_Q_RESET_B (net)
                      0.058831    0.000192    7.571227 ^ filter.y_out[12]_sky130_fd_sc_hd__dfrtp_2_Q/RESET_B (sky130_fd_sc_hd__dfrtp_4)
                                              7.571227   data arrival time

                                 30.000000   30.000000   clock clk (rise edge)
                                  0.000000   30.000000   clock source latency
     1    0.042471    0.306377    0.217000   30.216999 ^ clk (in)
                                                         clk (net)
                      0.306741    0.000000   30.216999 ^ clkbuf_0_clk/A (sky130_fd_sc_hd__clkbuf_16)
     8    0.141131    0.236430    0.455319   30.672319 ^ clkbuf_0_clk/X (sky130_fd_sc_hd__clkbuf_16)
                                                         clknet_0_clk (net)
                      0.239980    0.023128   30.695448 ^ clkbuf_3_2__f_clk/A (sky130_fd_sc_hd__clkbuf_16)
     9    0.050824    0.108508    0.338403   31.033850 ^ clkbuf_3_2__f_clk/X (sky130_fd_sc_hd__clkbuf_16)
                                                         clknet_3_2__leaf_clk (net)
                      0.108735    0.004192   31.038042 ^ filter.y_out[12]_sky130_fd_sc_hd__dfrtp_2_Q/CLK (sky130_fd_sc_hd__dfrtp_4)
                                 -0.250000   30.788042   clock uncertainty
                                  0.000000   30.788042   clock reconvergence pessimism
                                  0.462008   31.250050   library recovery time
                                             31.250050   data required time
---------------------------------------------------------------------------------------------
                                             31.250050   data required time
                                             -7.571227   data arrival time
---------------------------------------------------------------------------------------------
                                             23.678823   slack (MET)


Startpoint: reset (input port clocked by clk)
Endpoint: spi_in.bit_cnt[1]_sky130_fd_sc_hd__dfrtp_2_Q
          (recovery check against rising-edge clock clk)
Path Group: asynchronous
Path Type: max

Fanout         Cap        Slew       Delay        Time   Description
---------------------------------------------------------------------------------------------
                                  0.000000    0.000000   clock clk (rise edge)
                                  0.000000    0.000000   clock network delay (propagated)
                                  6.000000    6.000000 v input external delay
     1    0.002619    0.017768    0.008709    6.008708 v reset (in)
                                                         reset (net)
                      0.017769    0.000000    6.008708 v input1/A (sky130_fd_sc_hd__clkbuf_1)
     1    0.003663    0.059049    0.145001    6.153710 v input1/X (sky130_fd_sc_hd__clkbuf_1)
                                                         net1 (net)
                      0.059049    0.000216    6.153926 v fanout35/A (sky130_fd_sc_hd__clkbuf_4)
     5    0.069151    0.249711    0.403822    6.557748 v fanout35/X (sky130_fd_sc_hd__clkbuf_4)
                                                         net35 (net)
                      0.249838    0.002164    6.559912 v fanout32/A (sky130_fd_sc_hd__clkbuf_4)
     8    0.053852    0.202698    0.454230    7.014143 v fanout32/X (sky130_fd_sc_hd__clkbuf_4)
                                                         net32 (net)
                      0.202716    0.002293    7.016435 v fanout31/A (sky130_fd_sc_hd__buf_4)
    10    0.077277    0.190520    0.436331    7.452766 v fanout31/X (sky130_fd_sc_hd__buf_4)
                                                         net31 (net)
                      0.190869    0.007177    7.459944 v spi_in.bit_cnt[1]_sky130_fd_sc_hd__dfrtp_2_Q_RESET_B_sky130_fd_sc_hd__inv_2_Y/A (sky130_fd_sc_hd__inv_2)
     1    0.004197    0.066869    0.120431    7.580375 ^ spi_in.bit_cnt[1]_sky130_fd_sc_hd__dfrtp_2_Q_RESET_B_sky130_fd_sc_hd__inv_2_Y/Y (sky130_fd_sc_hd__inv_2)
                                                         spi_in.bit_cnt[1]_sky130_fd_sc_hd__dfrtp_2_Q_RESET_B (net)
                      0.066869    0.000225    7.580599 ^ spi_in.bit_cnt[1]_sky130_fd_sc_hd__dfrtp_2_Q/RESET_B (sky130_fd_sc_hd__dfrtp_1)
                                              7.580599   data arrival time

                                 30.000000   30.000000   clock clk (rise edge)
                                  0.000000   30.000000   clock source latency
     1    0.042471    0.306377    0.217000   30.216999 ^ clk (in)
                                                         clk (net)
                      0.306741    0.000000   30.216999 ^ clkbuf_0_clk/A (sky130_fd_sc_hd__clkbuf_16)
     8    0.141131    0.236430    0.455319   30.672319 ^ clkbuf_0_clk/X (sky130_fd_sc_hd__clkbuf_16)
                                                         clknet_0_clk (net)
                      0.238580    0.018154   30.690474 ^ clkbuf_3_5__f_clk/A (sky130_fd_sc_hd__clkbuf_16)
    13    0.053542    0.111953    0.340858   31.031332 ^ clkbuf_3_5__f_clk/X (sky130_fd_sc_hd__clkbuf_16)
                                                         clknet_3_5__leaf_clk (net)
                      0.112014    0.002348   31.033680 ^ spi_in.bit_cnt[1]_sky130_fd_sc_hd__dfrtp_2_Q/CLK (sky130_fd_sc_hd__dfrtp_1)
                                 -0.250000   30.783678   clock uncertainty
                                  0.000000   30.783678   clock reconvergence pessimism
                                  0.477728   31.261406   library recovery time
                                             31.261406   data required time
---------------------------------------------------------------------------------------------
                                             31.261406   data required time
                                             -7.580599   data arrival time
---------------------------------------------------------------------------------------------
                                             23.680805   slack (MET)


Startpoint: reset (input port clocked by clk)
Endpoint: spi_in.shift_reg[6]_sky130_fd_sc_hd__dfrtp_2_Q
          (recovery check against rising-edge clock clk)
Path Group: asynchronous
Path Type: max

Fanout         Cap        Slew       Delay        Time   Description
---------------------------------------------------------------------------------------------
                                  0.000000    0.000000   clock clk (rise edge)
                                  0.000000    0.000000   clock network delay (propagated)
                                  6.000000    6.000000 v input external delay
     1    0.002619    0.017768    0.008709    6.008708 v reset (in)
                                                         reset (net)
                      0.017769    0.000000    6.008708 v input1/A (sky130_fd_sc_hd__clkbuf_1)
     1    0.003663    0.059049    0.145001    6.153710 v input1/X (sky130_fd_sc_hd__clkbuf_1)
                                                         net1 (net)
                      0.059049    0.000216    6.153926 v fanout35/A (sky130_fd_sc_hd__clkbuf_4)
     5    0.069151    0.249711    0.403822    6.557748 v fanout35/X (sky130_fd_sc_hd__clkbuf_4)
                                                         net35 (net)
                      0.249838    0.002164    6.559912 v fanout32/A (sky130_fd_sc_hd__clkbuf_4)
     8    0.053852    0.202698    0.454230    7.014143 v fanout32/X (sky130_fd_sc_hd__clkbuf_4)
                                                         net32 (net)
                      0.202716    0.002293    7.016435 v fanout31/A (sky130_fd_sc_hd__buf_4)
    10    0.077277    0.190520    0.436331    7.452766 v fanout31/X (sky130_fd_sc_hd__buf_4)
                                                         net31 (net)
                      0.191034    0.008573    7.461339 v spi_in.shift_reg[6]_sky130_fd_sc_hd__dfrtp_2_Q_RESET_B_sky130_fd_sc_hd__inv_2_Y/A (sky130_fd_sc_hd__inv_2)
     1    0.004006    0.065731    0.118873    7.580212 ^ spi_in.shift_reg[6]_sky130_fd_sc_hd__dfrtp_2_Q_RESET_B_sky130_fd_sc_hd__inv_2_Y/Y (sky130_fd_sc_hd__inv_2)
                                                         spi_in.shift_reg[6]_sky130_fd_sc_hd__dfrtp_2_Q_RESET_B (net)
                      0.065731    0.000212    7.580424 ^ spi_in.shift_reg[6]_sky130_fd_sc_hd__dfrtp_2_Q/RESET_B (sky130_fd_sc_hd__dfrtp_1)
                                              7.580424   data arrival time

                                 30.000000   30.000000   clock clk (rise edge)
                                  0.000000   30.000000   clock source latency
     1    0.042471    0.306377    0.217000   30.216999 ^ clk (in)
                                                         clk (net)
                      0.306741    0.000000   30.216999 ^ clkbuf_0_clk/A (sky130_fd_sc_hd__clkbuf_16)
     8    0.141131    0.236430    0.455319   30.672319 ^ clkbuf_0_clk/X (sky130_fd_sc_hd__clkbuf_16)
                                                         clknet_0_clk (net)
                      0.238580    0.018154   30.690474 ^ clkbuf_3_5__f_clk/A (sky130_fd_sc_hd__clkbuf_16)
    13    0.053542    0.111953    0.340858   31.031332 ^ clkbuf_3_5__f_clk/X (sky130_fd_sc_hd__clkbuf_16)
                                                         clknet_3_5__leaf_clk (net)
                      0.111983    0.001766   31.033096 ^ spi_in.shift_reg[6]_sky130_fd_sc_hd__dfrtp_2_Q/CLK (sky130_fd_sc_hd__dfrtp_1)
                                 -0.250000   30.783096   clock uncertainty
                                  0.000000   30.783096   clock reconvergence pessimism
                                  0.478137   31.261234   library recovery time
                                             31.261234   data required time
---------------------------------------------------------------------------------------------
                                             31.261234   data required time
                                             -7.580424   data arrival time
---------------------------------------------------------------------------------------------
                                             23.680809   slack (MET)


Startpoint: reset (input port clocked by clk)
Endpoint: filter.x_in[15]_sky130_fd_sc_hd__dfrtp_2_Q
          (recovery check against rising-edge clock clk)
Path Group: asynchronous
Path Type: max

Fanout         Cap        Slew       Delay        Time   Description
---------------------------------------------------------------------------------------------
                                  0.000000    0.000000   clock clk (rise edge)
                                  0.000000    0.000000   clock network delay (propagated)
                                  6.000000    6.000000 v input external delay
     1    0.002619    0.017768    0.008709    6.008708 v reset (in)
                                                         reset (net)
                      0.017769    0.000000    6.008708 v input1/A (sky130_fd_sc_hd__clkbuf_1)
     1    0.003663    0.059049    0.145001    6.153710 v input1/X (sky130_fd_sc_hd__clkbuf_1)
                                                         net1 (net)
                      0.059049    0.000216    6.153926 v fanout35/A (sky130_fd_sc_hd__clkbuf_4)
     5    0.069151    0.249711    0.403822    6.557748 v fanout35/X (sky130_fd_sc_hd__clkbuf_4)
                                                         net35 (net)
                      0.249907    0.004095    6.561843 v fanout28/A (sky130_fd_sc_hd__clkbuf_4)
     5    0.059944    0.222988    0.467697    7.029540 v fanout28/X (sky130_fd_sc_hd__clkbuf_4)
                                                         net28 (net)
                      0.223439    0.007129    7.036668 v fanout25/A (sky130_fd_sc_hd__clkbuf_8)
    10    0.082540    0.167656    0.418646    7.455315 v fanout25/X (sky130_fd_sc_hd__clkbuf_8)
                                                         net25 (net)
                      0.167712    0.003086    7.458401 v filter.x_in[15]_sky130_fd_sc_hd__dfrtp_2_Q_RESET_B_sky130_fd_sc_hd__inv_2_Y/A (sky130_fd_sc_hd__inv_2)
     1    0.003716    0.059283    0.107861    7.566263 ^ filter.x_in[15]_sky130_fd_sc_hd__dfrtp_2_Q_RESET_B_sky130_fd_sc_hd__inv_2_Y/Y (sky130_fd_sc_hd__inv_2)
                                                         filter.x_in[15]_sky130_fd_sc_hd__dfrtp_2_Q_RESET_B (net)
                      0.059283    0.000195    7.566458 ^ filter.x_in[15]_sky130_fd_sc_hd__dfrtp_2_Q/RESET_B (sky130_fd_sc_hd__dfrtp_4)
                                              7.566458   data arrival time

                                 30.000000   30.000000   clock clk (rise edge)
                                  0.000000   30.000000   clock source latency
     1    0.042471    0.306377    0.217000   30.216999 ^ clk (in)
                                                         clk (net)
                      0.306741    0.000000   30.216999 ^ clkbuf_0_clk/A (sky130_fd_sc_hd__clkbuf_16)
     8    0.141131    0.236430    0.455319   30.672319 ^ clkbuf_0_clk/X (sky130_fd_sc_hd__clkbuf_16)
                                                         clknet_0_clk (net)
                      0.239980    0.023128   30.695448 ^ clkbuf_3_2__f_clk/A (sky130_fd_sc_hd__clkbuf_16)
     9    0.050824    0.108508    0.338403   31.033850 ^ clkbuf_3_2__f_clk/X (sky130_fd_sc_hd__clkbuf_16)
                                                         clknet_3_2__leaf_clk (net)
                      0.108563    0.002288   31.036139 ^ filter.x_in[15]_sky130_fd_sc_hd__dfrtp_2_Q/CLK (sky130_fd_sc_hd__dfrtp_4)
                                 -0.250000   30.786137   clock uncertainty
                                  0.000000   30.786137   clock reconvergence pessimism
                                  0.461740   31.247877   library recovery time
                                             31.247877   data required time
---------------------------------------------------------------------------------------------
                                             31.247877   data required time
                                             -7.566458   data arrival time
---------------------------------------------------------------------------------------------
                                             23.681417   slack (MET)


Startpoint: reset (input port clocked by clk)
Endpoint: spi_out.shift_reg[8]_sky130_fd_sc_hd__dfrtp_2_Q
          (recovery check against rising-edge clock clk)
Path Group: asynchronous
Path Type: max

Fanout         Cap        Slew       Delay        Time   Description
---------------------------------------------------------------------------------------------
                                  0.000000    0.000000   clock clk (rise edge)
                                  0.000000    0.000000   clock network delay (propagated)
                                  6.000000    6.000000 v input external delay
     1    0.002619    0.017768    0.008709    6.008708 v reset (in)
                                                         reset (net)
                      0.017769    0.000000    6.008708 v input1/A (sky130_fd_sc_hd__clkbuf_1)
     1    0.003663    0.059049    0.145001    6.153710 v input1/X (sky130_fd_sc_hd__clkbuf_1)
                                                         net1 (net)
                      0.059049    0.000216    6.153926 v fanout35/A (sky130_fd_sc_hd__clkbuf_4)
     5    0.069151    0.249711    0.403822    6.557748 v fanout35/X (sky130_fd_sc_hd__clkbuf_4)
                                                         net35 (net)
                      0.249907    0.004095    6.561843 v fanout28/A (sky130_fd_sc_hd__clkbuf_4)
     5    0.059944    0.222988    0.467697    7.029540 v fanout28/X (sky130_fd_sc_hd__clkbuf_4)
                                                         net28 (net)
                      0.223015    0.002848    7.032387 v fanout27/A (sky130_fd_sc_hd__clkbuf_4)
     6    0.050734    0.191301    0.435564    7.467951 v fanout27/X (sky130_fd_sc_hd__clkbuf_4)
                                                         net27 (net)
                      0.191468    0.005196    7.473147 v spi_out.shift_reg[8]_sky130_fd_sc_hd__dfrtp_2_Q_RESET_B_sky130_fd_sc_hd__inv_2_Y/A (sky130_fd_sc_hd__inv_2)
     1    0.003446    0.062566    0.114273    7.587420 ^ spi_out.shift_reg[8]_sky130_fd_sc_hd__dfrtp_2_Q_RESET_B_sky130_fd_sc_hd__inv_2_Y/Y (sky130_fd_sc_hd__inv_2)
                                                         spi_out.shift_reg[8]_sky130_fd_sc_hd__dfrtp_2_Q_RESET_B (net)
                      0.062566    0.000182    7.587602 ^ spi_out.shift_reg[8]_sky130_fd_sc_hd__dfrtp_2_Q/RESET_B (sky130_fd_sc_hd__dfrtp_1)
                                              7.587602   data arrival time

                                 30.000000   30.000000   clock clk (rise edge)
                                  0.000000   30.000000   clock source latency
     1    0.042471    0.306377    0.217000   30.216999 ^ clk (in)
                                                         clk (net)
                      0.306741    0.000000   30.216999 ^ clkbuf_0_clk/A (sky130_fd_sc_hd__clkbuf_16)
     8    0.141131    0.236430    0.455319   30.672319 ^ clkbuf_0_clk/X (sky130_fd_sc_hd__clkbuf_16)
                                                         clknet_0_clk (net)
                      0.238329    0.017106   30.689425 ^ clkbuf_3_1__f_clk/A (sky130_fd_sc_hd__clkbuf_16)
    12    0.058278    0.118607    0.344833   31.034258 ^ clkbuf_3_1__f_clk/X (sky130_fd_sc_hd__clkbuf_16)
                                                         clknet_3_1__leaf_clk (net)
                      0.118754    0.003727   31.037985 ^ spi_out.shift_reg[8]_sky130_fd_sc_hd__dfrtp_2_Q/CLK (sky130_fd_sc_hd__dfrtp_1)
                                 -0.250000   30.787985   clock uncertainty
                                  0.000000   30.787985   clock reconvergence pessimism
                                  0.481560   31.269545   library recovery time
                                             31.269545   data required time
---------------------------------------------------------------------------------------------
                                             31.269545   data required time
                                             -7.587602   data arrival time
---------------------------------------------------------------------------------------------
                                             23.681942   slack (MET)


Startpoint: reset (input port clocked by clk)
Endpoint: spi_out.shift_reg[2]_sky130_fd_sc_hd__dfrtp_2_Q
          (recovery check against rising-edge clock clk)
Path Group: asynchronous
Path Type: max

Fanout         Cap        Slew       Delay        Time   Description
---------------------------------------------------------------------------------------------
                                  0.000000    0.000000   clock clk (rise edge)
                                  0.000000    0.000000   clock network delay (propagated)
                                  6.000000    6.000000 v input external delay
     1    0.002619    0.017768    0.008709    6.008708 v reset (in)
                                                         reset (net)
                      0.017769    0.000000    6.008708 v input1/A (sky130_fd_sc_hd__clkbuf_1)
     1    0.003663    0.059049    0.145001    6.153710 v input1/X (sky130_fd_sc_hd__clkbuf_1)
                                                         net1 (net)
                      0.059049    0.000216    6.153926 v fanout35/A (sky130_fd_sc_hd__clkbuf_4)
     5    0.069151    0.249711    0.403822    6.557748 v fanout35/X (sky130_fd_sc_hd__clkbuf_4)
                                                         net35 (net)
                      0.249838    0.002164    6.559912 v fanout32/A (sky130_fd_sc_hd__clkbuf_4)
     8    0.053852    0.202698    0.454230    7.014143 v fanout32/X (sky130_fd_sc_hd__clkbuf_4)
                                                         net32 (net)
                      0.202716    0.002293    7.016435 v fanout31/A (sky130_fd_sc_hd__buf_4)
    10    0.077277    0.190520    0.436331    7.452766 v fanout31/X (sky130_fd_sc_hd__buf_4)
                                                         net31 (net)
                      0.191028    0.008527    7.461293 v spi_out.shift_reg[2]_sky130_fd_sc_hd__dfrtp_2_Q_RESET_B_sky130_fd_sc_hd__inv_2_Y/A (sky130_fd_sc_hd__inv_2)
     1    0.004242    0.067188    0.120865    7.582158 ^ spi_out.shift_reg[2]_sky130_fd_sc_hd__dfrtp_2_Q_RESET_B_sky130_fd_sc_hd__inv_2_Y/Y (sky130_fd_sc_hd__inv_2)
                                                         spi_out.shift_reg[2]_sky130_fd_sc_hd__dfrtp_2_Q_RESET_B (net)
                      0.067188    0.000241    7.582399 ^ spi_out.shift_reg[2]_sky130_fd_sc_hd__dfrtp_2_Q/RESET_B (sky130_fd_sc_hd__dfrtp_1)
                                              7.582399   data arrival time

                                 30.000000   30.000000   clock clk (rise edge)
                                  0.000000   30.000000   clock source latency
     1    0.042471    0.306377    0.217000   30.216999 ^ clk (in)
                                                         clk (net)
                      0.306741    0.000000   30.216999 ^ clkbuf_0_clk/A (sky130_fd_sc_hd__clkbuf_16)
     8    0.141131    0.236430    0.455319   30.672319 ^ clkbuf_0_clk/X (sky130_fd_sc_hd__clkbuf_16)
                                                         clknet_0_clk (net)
                      0.238348    0.017188   30.689507 ^ clkbuf_3_4__f_clk/A (sky130_fd_sc_hd__clkbuf_16)
    13    0.057277    0.117206    0.344173   31.033680 ^ clkbuf_3_4__f_clk/X (sky130_fd_sc_hd__clkbuf_16)
                                                         clknet_3_4__leaf_clk (net)
                      0.117223    0.001801   31.035480 ^ spi_out.shift_reg[2]_sky130_fd_sc_hd__dfrtp_2_Q/CLK (sky130_fd_sc_hd__dfrtp_1)
                                 -0.250000   30.785480   clock uncertainty
                                  0.000000   30.785480   clock reconvergence pessimism
                                  0.479343   31.264822   library recovery time
                                             31.264822   data required time
---------------------------------------------------------------------------------------------
                                             31.264822   data required time
                                             -7.582399   data arrival time
---------------------------------------------------------------------------------------------
                                             23.682425   slack (MET)


Startpoint: reset (input port clocked by clk)
Endpoint: spi_out.shift_reg[7]_sky130_fd_sc_hd__dfrtp_2_Q
          (recovery check against rising-edge clock clk)
Path Group: asynchronous
Path Type: max

Fanout         Cap        Slew       Delay        Time   Description
---------------------------------------------------------------------------------------------
                                  0.000000    0.000000   clock clk (rise edge)
                                  0.000000    0.000000   clock network delay (propagated)
                                  6.000000    6.000000 v input external delay
     1    0.002619    0.017768    0.008709    6.008708 v reset (in)
                                                         reset (net)
                      0.017769    0.000000    6.008708 v input1/A (sky130_fd_sc_hd__clkbuf_1)
     1    0.003663    0.059049    0.145001    6.153710 v input1/X (sky130_fd_sc_hd__clkbuf_1)
                                                         net1 (net)
                      0.059049    0.000216    6.153926 v fanout35/A (sky130_fd_sc_hd__clkbuf_4)
     5    0.069151    0.249711    0.403822    6.557748 v fanout35/X (sky130_fd_sc_hd__clkbuf_4)
                                                         net35 (net)
                      0.249907    0.004095    6.561843 v fanout28/A (sky130_fd_sc_hd__clkbuf_4)
     5    0.059944    0.222988    0.467697    7.029540 v fanout28/X (sky130_fd_sc_hd__clkbuf_4)
                                                         net28 (net)
                      0.223015    0.002848    7.032387 v fanout27/A (sky130_fd_sc_hd__clkbuf_4)
     6    0.050734    0.191301    0.435564    7.467951 v fanout27/X (sky130_fd_sc_hd__clkbuf_4)
                                                         net27 (net)
                      0.191409    0.004295    7.472246 v spi_out.shift_reg[7]_sky130_fd_sc_hd__dfrtp_2_Q_RESET_B_sky130_fd_sc_hd__inv_2_Y/A (sky130_fd_sc_hd__inv_2)
     1    0.003441    0.062527    0.114211    7.586457 ^ spi_out.shift_reg[7]_sky130_fd_sc_hd__dfrtp_2_Q_RESET_B_sky130_fd_sc_hd__inv_2_Y/Y (sky130_fd_sc_hd__inv_2)
                                                         spi_out.shift_reg[7]_sky130_fd_sc_hd__dfrtp_2_Q_RESET_B (net)
                      0.062527    0.000181    7.586638 ^ spi_out.shift_reg[7]_sky130_fd_sc_hd__dfrtp_2_Q/RESET_B (sky130_fd_sc_hd__dfrtp_1)
                                              7.586638   data arrival time

                                 30.000000   30.000000   clock clk (rise edge)
                                  0.000000   30.000000   clock source latency
     1    0.042471    0.306377    0.217000   30.216999 ^ clk (in)
                                                         clk (net)
                      0.306741    0.000000   30.216999 ^ clkbuf_0_clk/A (sky130_fd_sc_hd__clkbuf_16)
     8    0.141131    0.236430    0.455319   30.672319 ^ clkbuf_0_clk/X (sky130_fd_sc_hd__clkbuf_16)
                                                         clknet_0_clk (net)
                      0.238329    0.017106   30.689425 ^ clkbuf_3_1__f_clk/A (sky130_fd_sc_hd__clkbuf_16)
    12    0.058278    0.118607    0.344833   31.034258 ^ clkbuf_3_1__f_clk/X (sky130_fd_sc_hd__clkbuf_16)
                                                         clknet_3_1__leaf_clk (net)
                      0.118857    0.004679   31.038939 ^ spi_out.shift_reg[7]_sky130_fd_sc_hd__dfrtp_2_Q/CLK (sky130_fd_sc_hd__dfrtp_1)
                                 -0.250000   30.788937   clock uncertainty
                                  0.000000   30.788937   clock reconvergence pessimism
                                  0.481609   31.270546   library recovery time
                                             31.270546   data required time
---------------------------------------------------------------------------------------------
                                             31.270546   data required time
                                             -7.586638   data arrival time
---------------------------------------------------------------------------------------------
                                             23.683907   slack (MET)


Startpoint: reset (input port clocked by clk)
Endpoint: filter.x_in[6]_sky130_fd_sc_hd__dfrtp_2_Q
          (recovery check against rising-edge clock clk)
Path Group: asynchronous
Path Type: max

Fanout         Cap        Slew       Delay        Time   Description
---------------------------------------------------------------------------------------------
                                  0.000000    0.000000   clock clk (rise edge)
                                  0.000000    0.000000   clock network delay (propagated)
                                  6.000000    6.000000 v input external delay
     1    0.002619    0.017768    0.008709    6.008708 v reset (in)
                                                         reset (net)
                      0.017769    0.000000    6.008708 v input1/A (sky130_fd_sc_hd__clkbuf_1)
     1    0.003663    0.059049    0.145001    6.153710 v input1/X (sky130_fd_sc_hd__clkbuf_1)
                                                         net1 (net)
                      0.059049    0.000216    6.153926 v fanout35/A (sky130_fd_sc_hd__clkbuf_4)
     5    0.069151    0.249711    0.403822    6.557748 v fanout35/X (sky130_fd_sc_hd__clkbuf_4)
                                                         net35 (net)
                      0.249838    0.002164    6.559912 v fanout32/A (sky130_fd_sc_hd__clkbuf_4)
     8    0.053852    0.202698    0.454230    7.014143 v fanout32/X (sky130_fd_sc_hd__clkbuf_4)
                                                         net32 (net)
                      0.202716    0.002293    7.016435 v fanout31/A (sky130_fd_sc_hd__buf_4)
    10    0.077277    0.190520    0.436331    7.452766 v fanout31/X (sky130_fd_sc_hd__buf_4)
                                                         net31 (net)
                      0.191085    0.008959    7.461726 v filter.x_in[6]_sky130_fd_sc_hd__dfrtp_2_Q_RESET_B_sky130_fd_sc_hd__inv_2_Y/A (sky130_fd_sc_hd__inv_2)
     1    0.003661    0.063690    0.115960    7.577685 ^ filter.x_in[6]_sky130_fd_sc_hd__dfrtp_2_Q_RESET_B_sky130_fd_sc_hd__inv_2_Y/Y (sky130_fd_sc_hd__inv_2)
                                                         filter.x_in[6]_sky130_fd_sc_hd__dfrtp_2_Q_RESET_B (net)
                      0.063690    0.000192    7.577877 ^ filter.x_in[6]_sky130_fd_sc_hd__dfrtp_2_Q/RESET_B (sky130_fd_sc_hd__dfrtp_1)
                                              7.577877   data arrival time

                                 30.000000   30.000000   clock clk (rise edge)
                                  0.000000   30.000000   clock source latency
     1    0.042471    0.306377    0.217000   30.216999 ^ clk (in)
                                                         clk (net)
                      0.306741    0.000000   30.216999 ^ clkbuf_0_clk/A (sky130_fd_sc_hd__clkbuf_16)
     8    0.141131    0.236430    0.455319   30.672319 ^ clkbuf_0_clk/X (sky130_fd_sc_hd__clkbuf_16)
                                                         clknet_0_clk (net)
                      0.238580    0.018154   30.690474 ^ clkbuf_3_5__f_clk/A (sky130_fd_sc_hd__clkbuf_16)
    13    0.053542    0.111953    0.340858   31.031332 ^ clkbuf_3_5__f_clk/X (sky130_fd_sc_hd__clkbuf_16)
                                                         clknet_3_5__leaf_clk (net)
                      0.111986    0.001837   31.033169 ^ filter.x_in[6]_sky130_fd_sc_hd__dfrtp_2_Q/CLK (sky130_fd_sc_hd__dfrtp_1)
                                 -0.250000   30.783167   clock uncertainty
                                  0.000000   30.783167   clock reconvergence pessimism
                                  0.478893   31.262058   library recovery time
                                             31.262058   data required time
---------------------------------------------------------------------------------------------
                                             31.262058   data required time
                                             -7.577877   data arrival time
---------------------------------------------------------------------------------------------
                                             23.684181   slack (MET)


Startpoint: reset (input port clocked by clk)
Endpoint: spi_in.shift_reg[12]_sky130_fd_sc_hd__dfrtp_2_Q
          (recovery check against rising-edge clock clk)
Path Group: asynchronous
Path Type: max

Fanout         Cap        Slew       Delay        Time   Description
---------------------------------------------------------------------------------------------
                                  0.000000    0.000000   clock clk (rise edge)
                                  0.000000    0.000000   clock network delay (propagated)
                                  6.000000    6.000000 v input external delay
     1    0.002619    0.017768    0.008709    6.008708 v reset (in)
                                                         reset (net)
                      0.017769    0.000000    6.008708 v input1/A (sky130_fd_sc_hd__clkbuf_1)
     1    0.003663    0.059049    0.145001    6.153710 v input1/X (sky130_fd_sc_hd__clkbuf_1)
                                                         net1 (net)
                      0.059049    0.000216    6.153926 v fanout35/A (sky130_fd_sc_hd__clkbuf_4)
     5    0.069151    0.249711    0.403822    6.557748 v fanout35/X (sky130_fd_sc_hd__clkbuf_4)
                                                         net35 (net)
                      0.249907    0.004095    6.561843 v fanout28/A (sky130_fd_sc_hd__clkbuf_4)
     5    0.059944    0.222988    0.467697    7.029540 v fanout28/X (sky130_fd_sc_hd__clkbuf_4)
                                                         net28 (net)
                      0.223439    0.007129    7.036668 v fanout25/A (sky130_fd_sc_hd__clkbuf_8)
    10    0.082540    0.167656    0.418646    7.455315 v fanout25/X (sky130_fd_sc_hd__clkbuf_8)
                                                         net25 (net)
                      0.167692    0.002580    7.457895 v spi_in.shift_reg[12]_sky130_fd_sc_hd__dfrtp_2_Q_RESET_B_sky130_fd_sc_hd__inv_2_Y/A (sky130_fd_sc_hd__inv_2)
     1    0.003554    0.058371    0.106590    7.564485 ^ spi_in.shift_reg[12]_sky130_fd_sc_hd__dfrtp_2_Q_RESET_B_sky130_fd_sc_hd__inv_2_Y/Y (sky130_fd_sc_hd__inv_2)
                                                         spi_in.shift_reg[12]_sky130_fd_sc_hd__dfrtp_2_Q_RESET_B (net)
                      0.058371    0.000187    7.564672 ^ spi_in.shift_reg[12]_sky130_fd_sc_hd__dfrtp_2_Q/RESET_B (sky130_fd_sc_hd__dfrtp_1)
                                              7.564672   data arrival time

                                 30.000000   30.000000   clock clk (rise edge)
                                  0.000000   30.000000   clock source latency
     1    0.042471    0.306377    0.217000   30.216999 ^ clk (in)
                                                         clk (net)
                      0.306741    0.000000   30.216999 ^ clkbuf_0_clk/A (sky130_fd_sc_hd__clkbuf_16)
     8    0.141131    0.236430    0.455319   30.672319 ^ clkbuf_0_clk/X (sky130_fd_sc_hd__clkbuf_16)
                                                         clknet_0_clk (net)
                      0.239060    0.020002   30.692320 ^ clkbuf_3_0__f_clk/A (sky130_fd_sc_hd__clkbuf_16)
    10    0.042464    0.097118    0.329216   31.021536 ^ clkbuf_3_0__f_clk/X (sky130_fd_sc_hd__clkbuf_16)
                                                         clknet_3_0__leaf_clk (net)
                      0.097208    0.001720   31.023256 ^ spi_in.shift_reg[12]_sky130_fd_sc_hd__dfrtp_2_Q/CLK (sky130_fd_sc_hd__dfrtp_1)
                                 -0.250000   30.773254   clock uncertainty
                                  0.000000   30.773254   clock reconvergence pessimism
                                  0.475941   31.249195   library recovery time
                                             31.249195   data required time
---------------------------------------------------------------------------------------------
                                             31.249195   data required time
                                             -7.564672   data arrival time
---------------------------------------------------------------------------------------------
                                             23.684523   slack (MET)


Startpoint: reset (input port clocked by clk)
Endpoint: spi_out.shift_reg[13]_sky130_fd_sc_hd__dfrtp_2_Q
          (recovery check against rising-edge clock clk)
Path Group: asynchronous
Path Type: max

Fanout         Cap        Slew       Delay        Time   Description
---------------------------------------------------------------------------------------------
                                  0.000000    0.000000   clock clk (rise edge)
                                  0.000000    0.000000   clock network delay (propagated)
                                  6.000000    6.000000 v input external delay
     1    0.002619    0.017768    0.008709    6.008708 v reset (in)
                                                         reset (net)
                      0.017769    0.000000    6.008708 v input1/A (sky130_fd_sc_hd__clkbuf_1)
     1    0.003663    0.059049    0.145001    6.153710 v input1/X (sky130_fd_sc_hd__clkbuf_1)
                                                         net1 (net)
                      0.059049    0.000216    6.153926 v fanout35/A (sky130_fd_sc_hd__clkbuf_4)
     5    0.069151    0.249711    0.403822    6.557748 v fanout35/X (sky130_fd_sc_hd__clkbuf_4)
                                                         net35 (net)
                      0.249907    0.004095    6.561843 v fanout28/A (sky130_fd_sc_hd__clkbuf_4)
     5    0.059944    0.222988    0.467697    7.029540 v fanout28/X (sky130_fd_sc_hd__clkbuf_4)
                                                         net28 (net)
                      0.223015    0.002848    7.032387 v fanout27/A (sky130_fd_sc_hd__clkbuf_4)
     6    0.050734    0.191301    0.435564    7.467951 v fanout27/X (sky130_fd_sc_hd__clkbuf_4)
                                                         net27 (net)
                      0.191345    0.002950    7.470901 v spi_out.shift_reg[13]_sky130_fd_sc_hd__dfrtp_2_Q_RESET_B_sky130_fd_sc_hd__inv_2_Y/A (sky130_fd_sc_hd__inv_2)
     1    0.003522    0.062959    0.114873    7.585774 ^ spi_out.shift_reg[13]_sky130_fd_sc_hd__dfrtp_2_Q_RESET_B_sky130_fd_sc_hd__inv_2_Y/Y (sky130_fd_sc_hd__inv_2)
                                                         spi_out.shift_reg[13]_sky130_fd_sc_hd__dfrtp_2_Q_RESET_B (net)
                      0.062959    0.000186    7.585959 ^ spi_out.shift_reg[13]_sky130_fd_sc_hd__dfrtp_2_Q/RESET_B (sky130_fd_sc_hd__dfrtp_1)
                                              7.585959   data arrival time

                                 30.000000   30.000000   clock clk (rise edge)
                                  0.000000   30.000000   clock source latency
     1    0.042471    0.306377    0.217000   30.216999 ^ clk (in)
                                                         clk (net)
                      0.306741    0.000000   30.216999 ^ clkbuf_0_clk/A (sky130_fd_sc_hd__clkbuf_16)
     8    0.141131    0.236430    0.455319   30.672319 ^ clkbuf_0_clk/X (sky130_fd_sc_hd__clkbuf_16)
                                                         clknet_0_clk (net)
                      0.238329    0.017106   30.689425 ^ clkbuf_3_1__f_clk/A (sky130_fd_sc_hd__clkbuf_16)
    12    0.058278    0.118607    0.344833   31.034258 ^ clkbuf_3_1__f_clk/X (sky130_fd_sc_hd__clkbuf_16)
                                                         clknet_3_1__leaf_clk (net)
                      0.118894    0.004970   31.039228 ^ spi_out.shift_reg[13]_sky130_fd_sc_hd__dfrtp_2_Q/CLK (sky130_fd_sc_hd__dfrtp_1)
                                 -0.250000   30.789228   clock uncertainty
                                  0.000000   30.789228   clock reconvergence pessimism
                                  0.481461   31.270689   library recovery time
                                             31.270689   data required time
---------------------------------------------------------------------------------------------
                                             31.270689   data required time
                                             -7.585959   data arrival time
---------------------------------------------------------------------------------------------
                                             23.684729   slack (MET)


Startpoint: reset (input port clocked by clk)
Endpoint: spi_in.bit_cnt[2]_sky130_fd_sc_hd__dfrtp_2_Q
          (recovery check against rising-edge clock clk)
Path Group: asynchronous
Path Type: max

Fanout         Cap        Slew       Delay        Time   Description
---------------------------------------------------------------------------------------------
                                  0.000000    0.000000   clock clk (rise edge)
                                  0.000000    0.000000   clock network delay (propagated)
                                  6.000000    6.000000 v input external delay
     1    0.002619    0.017768    0.008709    6.008708 v reset (in)
                                                         reset (net)
                      0.017769    0.000000    6.008708 v input1/A (sky130_fd_sc_hd__clkbuf_1)
     1    0.003663    0.059049    0.145001    6.153710 v input1/X (sky130_fd_sc_hd__clkbuf_1)
                                                         net1 (net)
                      0.059049    0.000216    6.153926 v fanout35/A (sky130_fd_sc_hd__clkbuf_4)
     5    0.069151    0.249711    0.403822    6.557748 v fanout35/X (sky130_fd_sc_hd__clkbuf_4)
                                                         net35 (net)
                      0.249838    0.002164    6.559912 v fanout32/A (sky130_fd_sc_hd__clkbuf_4)
     8    0.053852    0.202698    0.454230    7.014143 v fanout32/X (sky130_fd_sc_hd__clkbuf_4)
                                                         net32 (net)
                      0.202716    0.002293    7.016435 v fanout31/A (sky130_fd_sc_hd__buf_4)
    10    0.077277    0.190520    0.436331    7.452766 v fanout31/X (sky130_fd_sc_hd__buf_4)
                                                         net31 (net)
                      0.190901    0.007478    7.460244 v spi_in.bit_cnt[2]_sky130_fd_sc_hd__dfrtp_2_Q_RESET_B_sky130_fd_sc_hd__inv_2_Y/A (sky130_fd_sc_hd__inv_2)
     1    0.003601    0.063302    0.115429    7.575673 ^ spi_in.bit_cnt[2]_sky130_fd_sc_hd__dfrtp_2_Q_RESET_B_sky130_fd_sc_hd__inv_2_Y/Y (sky130_fd_sc_hd__inv_2)
                                                         spi_in.bit_cnt[2]_sky130_fd_sc_hd__dfrtp_2_Q_RESET_B (net)
                      0.063302    0.000089    7.575762 ^ spi_in.bit_cnt[2]_sky130_fd_sc_hd__dfrtp_2_Q/RESET_B (sky130_fd_sc_hd__dfrtp_1)
                                              7.575762   data arrival time

                                 30.000000   30.000000   clock clk (rise edge)
                                  0.000000   30.000000   clock source latency
     1    0.042471    0.306377    0.217000   30.216999 ^ clk (in)
                                                         clk (net)
                      0.306741    0.000000   30.216999 ^ clkbuf_0_clk/A (sky130_fd_sc_hd__clkbuf_16)
     8    0.141131    0.236430    0.455319   30.672319 ^ clkbuf_0_clk/X (sky130_fd_sc_hd__clkbuf_16)
                                                         clknet_0_clk (net)
                      0.238580    0.018154   30.690474 ^ clkbuf_3_5__f_clk/A (sky130_fd_sc_hd__clkbuf_16)
    13    0.053542    0.111953    0.340858   31.031332 ^ clkbuf_3_5__f_clk/X (sky130_fd_sc_hd__clkbuf_16)
                                                         clknet_3_5__leaf_clk (net)
                      0.112017    0.002398   31.033730 ^ spi_in.bit_cnt[2]_sky130_fd_sc_hd__dfrtp_2_Q/CLK (sky130_fd_sc_hd__dfrtp_1)
                                 -0.250000   30.783728   clock uncertainty
                                  0.000000   30.783728   clock reconvergence pessimism
                                  0.479046   31.262775   library recovery time
                                             31.262775   data required time
---------------------------------------------------------------------------------------------
                                             31.262775   data required time
                                             -7.575762   data arrival time
---------------------------------------------------------------------------------------------
                                             23.687016   slack (MET)


Startpoint: reset (input port clocked by clk)
Endpoint: spi_in.bit_cnt[0]_sky130_fd_sc_hd__dfrtp_2_Q
          (recovery check against rising-edge clock clk)
Path Group: asynchronous
Path Type: max

Fanout         Cap        Slew       Delay        Time   Description
---------------------------------------------------------------------------------------------
                                  0.000000    0.000000   clock clk (rise edge)
                                  0.000000    0.000000   clock network delay (propagated)
                                  6.000000    6.000000 v input external delay
     1    0.002619    0.017768    0.008709    6.008708 v reset (in)
                                                         reset (net)
                      0.017769    0.000000    6.008708 v input1/A (sky130_fd_sc_hd__clkbuf_1)
     1    0.003663    0.059049    0.145001    6.153710 v input1/X (sky130_fd_sc_hd__clkbuf_1)
                                                         net1 (net)
                      0.059049    0.000216    6.153926 v fanout35/A (sky130_fd_sc_hd__clkbuf_4)
     5    0.069151    0.249711    0.403822    6.557748 v fanout35/X (sky130_fd_sc_hd__clkbuf_4)
                                                         net35 (net)
                      0.249838    0.002164    6.559912 v fanout32/A (sky130_fd_sc_hd__clkbuf_4)
     8    0.053852    0.202698    0.454230    7.014143 v fanout32/X (sky130_fd_sc_hd__clkbuf_4)
                                                         net32 (net)
                      0.202716    0.002293    7.016435 v fanout31/A (sky130_fd_sc_hd__buf_4)
    10    0.077277    0.190520    0.436331    7.452766 v fanout31/X (sky130_fd_sc_hd__buf_4)
                                                         net31 (net)
                      0.190794    0.006427    7.459194 v spi_in.bit_cnt[0]_sky130_fd_sc_hd__dfrtp_2_Q_RESET_B_sky130_fd_sc_hd__inv_2_Y/A (sky130_fd_sc_hd__inv_2)
     1    0.003534    0.062914    0.114777    7.573970 ^ spi_in.bit_cnt[0]_sky130_fd_sc_hd__dfrtp_2_Q_RESET_B_sky130_fd_sc_hd__inv_2_Y/Y (sky130_fd_sc_hd__inv_2)
                                                         spi_in.bit_cnt[0]_sky130_fd_sc_hd__dfrtp_2_Q_RESET_B (net)
                      0.062914    0.000187    7.574158 ^ spi_in.bit_cnt[0]_sky130_fd_sc_hd__dfrtp_2_Q/RESET_B (sky130_fd_sc_hd__dfrtp_1)
                                              7.574158   data arrival time

                                 30.000000   30.000000   clock clk (rise edge)
                                  0.000000   30.000000   clock source latency
     1    0.042471    0.306377    0.217000   30.216999 ^ clk (in)
                                                         clk (net)
                      0.306741    0.000000   30.216999 ^ clkbuf_0_clk/A (sky130_fd_sc_hd__clkbuf_16)
     8    0.141131    0.236430    0.455319   30.672319 ^ clkbuf_0_clk/X (sky130_fd_sc_hd__clkbuf_16)
                                                         clknet_0_clk (net)
                      0.238580    0.018154   30.690474 ^ clkbuf_3_5__f_clk/A (sky130_fd_sc_hd__clkbuf_16)
    13    0.053542    0.111953    0.340858   31.031332 ^ clkbuf_3_5__f_clk/X (sky130_fd_sc_hd__clkbuf_16)
                                                         clknet_3_5__leaf_clk (net)
                      0.112075    0.003158   31.034491 ^ spi_in.bit_cnt[0]_sky130_fd_sc_hd__dfrtp_2_Q/CLK (sky130_fd_sc_hd__dfrtp_1)
                                 -0.250000   30.784489   clock uncertainty
                                  0.000000   30.784489   clock reconvergence pessimism
                                  0.479209   31.263697   library recovery time
                                             31.263697   data required time
---------------------------------------------------------------------------------------------
                                             31.263697   data required time
                                             -7.574158   data arrival time
---------------------------------------------------------------------------------------------
                                             23.689539   slack (MET)


Startpoint: reset (input port clocked by clk)
Endpoint: spi_out.bit_cnt[3]_sky130_fd_sc_hd__dfrtp_2_Q
          (recovery check against rising-edge clock clk)
Path Group: asynchronous
Path Type: max

Fanout         Cap        Slew       Delay        Time   Description
---------------------------------------------------------------------------------------------
                                  0.000000    0.000000   clock clk (rise edge)
                                  0.000000    0.000000   clock network delay (propagated)
                                  6.000000    6.000000 v input external delay
     1    0.002619    0.017768    0.008709    6.008708 v reset (in)
                                                         reset (net)
                      0.017769    0.000000    6.008708 v input1/A (sky130_fd_sc_hd__clkbuf_1)
     1    0.003663    0.059049    0.145001    6.153710 v input1/X (sky130_fd_sc_hd__clkbuf_1)
                                                         net1 (net)
                      0.059049    0.000216    6.153926 v fanout35/A (sky130_fd_sc_hd__clkbuf_4)
     5    0.069151    0.249711    0.403822    6.557748 v fanout35/X (sky130_fd_sc_hd__clkbuf_4)
                                                         net35 (net)
                      0.249838    0.002164    6.559912 v fanout32/A (sky130_fd_sc_hd__clkbuf_4)
     8    0.053852    0.202698    0.454230    7.014143 v fanout32/X (sky130_fd_sc_hd__clkbuf_4)
                                                         net32 (net)
                      0.202716    0.002293    7.016435 v fanout31/A (sky130_fd_sc_hd__buf_4)
    10    0.077277    0.190520    0.436331    7.452766 v fanout31/X (sky130_fd_sc_hd__buf_4)
                                                         net31 (net)
                      0.190664    0.004808    7.457574 v spi_out.bit_cnt[3]_sky130_fd_sc_hd__dfrtp_2_Q_RESET_B_sky130_fd_sc_hd__inv_2_Y/A (sky130_fd_sc_hd__inv_2)
     1    0.003680    0.063718    0.115973    7.573547 ^ spi_out.bit_cnt[3]_sky130_fd_sc_hd__dfrtp_2_Q_RESET_B_sky130_fd_sc_hd__inv_2_Y/Y (sky130_fd_sc_hd__inv_2)
                                                         spi_out.bit_cnt[3]_sky130_fd_sc_hd__dfrtp_2_Q_RESET_B (net)
                      0.063718    0.000192    7.573739 ^ spi_out.bit_cnt[3]_sky130_fd_sc_hd__dfrtp_2_Q/RESET_B (sky130_fd_sc_hd__dfrtp_1)
                                              7.573739   data arrival time

                                 30.000000   30.000000   clock clk (rise edge)
                                  0.000000   30.000000   clock source latency
     1    0.042471    0.306377    0.217000   30.216999 ^ clk (in)
                                                         clk (net)
                      0.306741    0.000000   30.216999 ^ clkbuf_0_clk/A (sky130_fd_sc_hd__clkbuf_16)
     8    0.141131    0.236430    0.455319   30.672319 ^ clkbuf_0_clk/X (sky130_fd_sc_hd__clkbuf_16)
                                                         clknet_0_clk (net)
                      0.238580    0.018154   30.690474 ^ clkbuf_3_5__f_clk/A (sky130_fd_sc_hd__clkbuf_16)
    13    0.053542    0.111953    0.340858   31.031332 ^ clkbuf_3_5__f_clk/X (sky130_fd_sc_hd__clkbuf_16)
                                                         clknet_3_5__leaf_clk (net)
                      0.112070    0.003098   31.034430 ^ spi_out.bit_cnt[3]_sky130_fd_sc_hd__dfrtp_2_Q/CLK (sky130_fd_sc_hd__dfrtp_1)
                                 -0.250000   30.784428   clock uncertainty
                                  0.000000   30.784428   clock reconvergence pessimism
                                  0.478910   31.263338   library recovery time
                                             31.263338   data required time
---------------------------------------------------------------------------------------------
                                             31.263338   data required time
                                             -7.573739   data arrival time
---------------------------------------------------------------------------------------------
                                             23.689598   slack (MET)


Startpoint: reset (input port clocked by clk)
Endpoint: spi_out.shift_reg[1]_sky130_fd_sc_hd__dfrtp_2_Q
          (recovery check against rising-edge clock clk)
Path Group: asynchronous
Path Type: max

Fanout         Cap        Slew       Delay        Time   Description
---------------------------------------------------------------------------------------------
                                  0.000000    0.000000   clock clk (rise edge)
                                  0.000000    0.000000   clock network delay (propagated)
                                  6.000000    6.000000 v input external delay
     1    0.002619    0.017768    0.008709    6.008708 v reset (in)
                                                         reset (net)
                      0.017769    0.000000    6.008708 v input1/A (sky130_fd_sc_hd__clkbuf_1)
     1    0.003663    0.059049    0.145001    6.153710 v input1/X (sky130_fd_sc_hd__clkbuf_1)
                                                         net1 (net)
                      0.059049    0.000216    6.153926 v fanout35/A (sky130_fd_sc_hd__clkbuf_4)
     5    0.069151    0.249711    0.403822    6.557748 v fanout35/X (sky130_fd_sc_hd__clkbuf_4)
                                                         net35 (net)
                      0.249838    0.002164    6.559912 v fanout32/A (sky130_fd_sc_hd__clkbuf_4)
     8    0.053852    0.202698    0.454230    7.014143 v fanout32/X (sky130_fd_sc_hd__clkbuf_4)
                                                         net32 (net)
                      0.202716    0.002293    7.016435 v fanout31/A (sky130_fd_sc_hd__buf_4)
    10    0.077277    0.190520    0.436331    7.452766 v fanout31/X (sky130_fd_sc_hd__buf_4)
                                                         net31 (net)
                      0.191003    0.008336    7.461103 v spi_out.shift_reg[1]_sky130_fd_sc_hd__dfrtp_2_Q_RESET_B_sky130_fd_sc_hd__inv_2_Y/A (sky130_fd_sc_hd__inv_2)
     1    0.003557    0.063086    0.115048    7.576151 ^ spi_out.shift_reg[1]_sky130_fd_sc_hd__dfrtp_2_Q_RESET_B_sky130_fd_sc_hd__inv_2_Y/Y (sky130_fd_sc_hd__inv_2)
                                                         spi_out.shift_reg[1]_sky130_fd_sc_hd__dfrtp_2_Q_RESET_B (net)
                      0.063086    0.000188    7.576340 ^ spi_out.shift_reg[1]_sky130_fd_sc_hd__dfrtp_2_Q/RESET_B (sky130_fd_sc_hd__dfrtp_1)
                                              7.576340   data arrival time

                                 30.000000   30.000000   clock clk (rise edge)
                                  0.000000   30.000000   clock source latency
     1    0.042471    0.306377    0.217000   30.216999 ^ clk (in)
                                                         clk (net)
                      0.306741    0.000000   30.216999 ^ clkbuf_0_clk/A (sky130_fd_sc_hd__clkbuf_16)
     8    0.141131    0.236430    0.455319   30.672319 ^ clkbuf_0_clk/X (sky130_fd_sc_hd__clkbuf_16)
                                                         clknet_0_clk (net)
                      0.238348    0.017188   30.689507 ^ clkbuf_3_4__f_clk/A (sky130_fd_sc_hd__clkbuf_16)
    13    0.057277    0.117206    0.344173   31.033680 ^ clkbuf_3_4__f_clk/X (sky130_fd_sc_hd__clkbuf_16)
                                                         clknet_3_4__leaf_clk (net)
                      0.117226    0.001890   31.035570 ^ spi_out.shift_reg[1]_sky130_fd_sc_hd__dfrtp_2_Q/CLK (sky130_fd_sc_hd__dfrtp_1)
                                 -0.250000   30.785568   clock uncertainty
                                  0.000000   30.785568   clock reconvergence pessimism
                                  0.480860   31.266428   library recovery time
                                             31.266428   data required time
---------------------------------------------------------------------------------------------
                                             31.266428   data required time
                                             -7.576340   data arrival time
---------------------------------------------------------------------------------------------
                                             23.690088   slack (MET)


Startpoint: reset (input port clocked by clk)
Endpoint: spi_out.bit_cnt[0]_sky130_fd_sc_hd__dfrtp_2_Q
          (recovery check against rising-edge clock clk)
Path Group: asynchronous
Path Type: max

Fanout         Cap        Slew       Delay        Time   Description
---------------------------------------------------------------------------------------------
                                  0.000000    0.000000   clock clk (rise edge)
                                  0.000000    0.000000   clock network delay (propagated)
                                  6.000000    6.000000 v input external delay
     1    0.002619    0.017768    0.008709    6.008708 v reset (in)
                                                         reset (net)
                      0.017769    0.000000    6.008708 v input1/A (sky130_fd_sc_hd__clkbuf_1)
     1    0.003663    0.059049    0.145001    6.153710 v input1/X (sky130_fd_sc_hd__clkbuf_1)
                                                         net1 (net)
                      0.059049    0.000216    6.153926 v fanout35/A (sky130_fd_sc_hd__clkbuf_4)
     5    0.069151    0.249711    0.403822    6.557748 v fanout35/X (sky130_fd_sc_hd__clkbuf_4)
                                                         net35 (net)
                      0.249838    0.002164    6.559912 v fanout32/A (sky130_fd_sc_hd__clkbuf_4)
     8    0.053852    0.202698    0.454230    7.014143 v fanout32/X (sky130_fd_sc_hd__clkbuf_4)
                                                         net32 (net)
                      0.202716    0.002293    7.016435 v fanout31/A (sky130_fd_sc_hd__buf_4)
    10    0.077277    0.190520    0.436331    7.452766 v fanout31/X (sky130_fd_sc_hd__buf_4)
                                                         net31 (net)
                      0.190899    0.007460    7.460227 v spi_out.bit_cnt[0]_sky130_fd_sc_hd__dfrtp_2_Q_RESET_B_sky130_fd_sc_hd__inv_2_Y/A (sky130_fd_sc_hd__inv_2)
     1    0.003667    0.063673    0.115982    7.576208 ^ spi_out.bit_cnt[0]_sky130_fd_sc_hd__dfrtp_2_Q_RESET_B_sky130_fd_sc_hd__inv_2_Y/Y (sky130_fd_sc_hd__inv_2)
                                                         spi_out.bit_cnt[0]_sky130_fd_sc_hd__dfrtp_2_Q_RESET_B (net)
                      0.063673    0.000091    7.576300 ^ spi_out.bit_cnt[0]_sky130_fd_sc_hd__dfrtp_2_Q/RESET_B (sky130_fd_sc_hd__dfrtp_1)
                                              7.576300   data arrival time

                                 30.000000   30.000000   clock clk (rise edge)
                                  0.000000   30.000000   clock source latency
     1    0.042471    0.306377    0.217000   30.216999 ^ clk (in)
                                                         clk (net)
                      0.306741    0.000000   30.216999 ^ clkbuf_0_clk/A (sky130_fd_sc_hd__clkbuf_16)
     8    0.141131    0.236430    0.455319   30.672319 ^ clkbuf_0_clk/X (sky130_fd_sc_hd__clkbuf_16)
                                                         clknet_0_clk (net)
                      0.238348    0.017188   30.689507 ^ clkbuf_3_4__f_clk/A (sky130_fd_sc_hd__clkbuf_16)
    13    0.057277    0.117206    0.344173   31.033680 ^ clkbuf_3_4__f_clk/X (sky130_fd_sc_hd__clkbuf_16)
                                                         clknet_3_4__leaf_clk (net)
                      0.117235    0.002107   31.035786 ^ spi_out.bit_cnt[0]_sky130_fd_sc_hd__dfrtp_2_Q/CLK (sky130_fd_sc_hd__dfrtp_1)
                                 -0.250000   30.785786   clock uncertainty
                                  0.000000   30.785786   clock reconvergence pessimism
                                  0.480646   31.266432   library recovery time
                                             31.266432   data required time
---------------------------------------------------------------------------------------------
                                             31.266432   data required time
                                             -7.576300   data arrival time
---------------------------------------------------------------------------------------------
                                             23.690132   slack (MET)


Startpoint: reset (input port clocked by clk)
Endpoint: filter.y_out[10]_sky130_fd_sc_hd__dfrtp_2_Q
          (recovery check against rising-edge clock clk)
Path Group: asynchronous
Path Type: max

Fanout         Cap        Slew       Delay        Time   Description
---------------------------------------------------------------------------------------------
                                  0.000000    0.000000   clock clk (rise edge)
                                  0.000000    0.000000   clock network delay (propagated)
                                  6.000000    6.000000 v input external delay
     1    0.002619    0.017768    0.008709    6.008708 v reset (in)
                                                         reset (net)
                      0.017769    0.000000    6.008708 v input1/A (sky130_fd_sc_hd__clkbuf_1)
     1    0.003663    0.059049    0.145001    6.153710 v input1/X (sky130_fd_sc_hd__clkbuf_1)
                                                         net1 (net)
                      0.059049    0.000216    6.153926 v fanout35/A (sky130_fd_sc_hd__clkbuf_4)
     5    0.069151    0.249711    0.403822    6.557748 v fanout35/X (sky130_fd_sc_hd__clkbuf_4)
                                                         net35 (net)
                      0.249907    0.004095    6.561843 v fanout28/A (sky130_fd_sc_hd__clkbuf_4)
     5    0.059944    0.222988    0.467697    7.029540 v fanout28/X (sky130_fd_sc_hd__clkbuf_4)
                                                         net28 (net)
                      0.223439    0.007129    7.036668 v fanout25/A (sky130_fd_sc_hd__clkbuf_8)
    10    0.082540    0.167656    0.418646    7.455315 v fanout25/X (sky130_fd_sc_hd__clkbuf_8)
                                                         net25 (net)
                      0.168057    0.007199    7.462513 v filter.y_out[10]_sky130_fd_sc_hd__dfrtp_2_Q_RESET_B_sky130_fd_sc_hd__inv_2_Y/A (sky130_fd_sc_hd__inv_2)
     1    0.003585    0.058613    0.106958    7.569471 ^ filter.y_out[10]_sky130_fd_sc_hd__dfrtp_2_Q_RESET_B_sky130_fd_sc_hd__inv_2_Y/Y (sky130_fd_sc_hd__inv_2)
                                                         filter.y_out[10]_sky130_fd_sc_hd__dfrtp_2_Q_RESET_B (net)
                      0.058613    0.000190    7.569662 ^ filter.y_out[10]_sky130_fd_sc_hd__dfrtp_2_Q/RESET_B (sky130_fd_sc_hd__dfrtp_1)
                                              7.569662   data arrival time

                                 30.000000   30.000000   clock clk (rise edge)
                                  0.000000   30.000000   clock source latency
     1    0.042471    0.306377    0.217000   30.216999 ^ clk (in)
                                                         clk (net)
                      0.306741    0.000000   30.216999 ^ clkbuf_0_clk/A (sky130_fd_sc_hd__clkbuf_16)
     8    0.141131    0.236430    0.455319   30.672319 ^ clkbuf_0_clk/X (sky130_fd_sc_hd__clkbuf_16)
                                                         clknet_0_clk (net)
                      0.239769    0.022450   30.694769 ^ clkbuf_3_3__f_clk/A (sky130_fd_sc_hd__clkbuf_16)
     6    0.047673    0.104277    0.334929   31.029697 ^ clkbuf_3_3__f_clk/X (sky130_fd_sc_hd__clkbuf_16)
                                                         clknet_3_3__leaf_clk (net)
                      0.104332    0.002164   31.031860 ^ filter.y_out[10]_sky130_fd_sc_hd__dfrtp_2_Q/CLK (sky130_fd_sc_hd__dfrtp_1)
                                 -0.250000   30.781860   clock uncertainty
                                  0.000000   30.781860   clock reconvergence pessimism
                                  0.478221   31.260080   library recovery time
                                             31.260080   data required time
---------------------------------------------------------------------------------------------
                                             31.260080   data required time
                                             -7.569662   data arrival time
---------------------------------------------------------------------------------------------
                                             23.690418   slack (MET)


Startpoint: reset (input port clocked by clk)
Endpoint: filter.x_in[13]_sky130_fd_sc_hd__dfrtp_2_Q
          (recovery check against rising-edge clock clk)
Path Group: asynchronous
Path Type: max

Fanout         Cap        Slew       Delay        Time   Description
---------------------------------------------------------------------------------------------
                                  0.000000    0.000000   clock clk (rise edge)
                                  0.000000    0.000000   clock network delay (propagated)
                                  6.000000    6.000000 v input external delay
     1    0.002619    0.017768    0.008709    6.008708 v reset (in)
                                                         reset (net)
                      0.017769    0.000000    6.008708 v input1/A (sky130_fd_sc_hd__clkbuf_1)
     1    0.003663    0.059049    0.145001    6.153710 v input1/X (sky130_fd_sc_hd__clkbuf_1)
                                                         net1 (net)
                      0.059049    0.000216    6.153926 v fanout35/A (sky130_fd_sc_hd__clkbuf_4)
     5    0.069151    0.249711    0.403822    6.557748 v fanout35/X (sky130_fd_sc_hd__clkbuf_4)
                                                         net35 (net)
                      0.249907    0.004095    6.561843 v fanout28/A (sky130_fd_sc_hd__clkbuf_4)
     5    0.059944    0.222988    0.467697    7.029540 v fanout28/X (sky130_fd_sc_hd__clkbuf_4)
                                                         net28 (net)
                      0.223439    0.007129    7.036668 v fanout25/A (sky130_fd_sc_hd__clkbuf_8)
    10    0.082540    0.167656    0.418646    7.455315 v fanout25/X (sky130_fd_sc_hd__clkbuf_8)
                                                         net25 (net)
                      0.167766    0.004086    7.459401 v filter.x_in[13]_sky130_fd_sc_hd__dfrtp_2_Q_RESET_B_sky130_fd_sc_hd__inv_2_Y/A (sky130_fd_sc_hd__inv_2)
     1    0.003653    0.058935    0.107384    7.566785 ^ filter.x_in[13]_sky130_fd_sc_hd__dfrtp_2_Q_RESET_B_sky130_fd_sc_hd__inv_2_Y/Y (sky130_fd_sc_hd__inv_2)
                                                         filter.x_in[13]_sky130_fd_sc_hd__dfrtp_2_Q_RESET_B (net)
                      0.058935    0.000191    7.566976 ^ filter.x_in[13]_sky130_fd_sc_hd__dfrtp_2_Q/RESET_B (sky130_fd_sc_hd__dfrtp_1)
                                              7.566976   data arrival time

                                 30.000000   30.000000   clock clk (rise edge)
                                  0.000000   30.000000   clock source latency
     1    0.042471    0.306377    0.217000   30.216999 ^ clk (in)
                                                         clk (net)
                      0.306741    0.000000   30.216999 ^ clkbuf_0_clk/A (sky130_fd_sc_hd__clkbuf_16)
     8    0.141131    0.236430    0.455319   30.672319 ^ clkbuf_0_clk/X (sky130_fd_sc_hd__clkbuf_16)
                                                         clknet_0_clk (net)
                      0.239769    0.022450   30.694769 ^ clkbuf_3_3__f_clk/A (sky130_fd_sc_hd__clkbuf_16)
     6    0.047673    0.104277    0.334929   31.029697 ^ clkbuf_3_3__f_clk/X (sky130_fd_sc_hd__clkbuf_16)
                                                         clknet_3_3__leaf_clk (net)
                      0.104453    0.003595   31.033293 ^ filter.x_in[13]_sky130_fd_sc_hd__dfrtp_2_Q/CLK (sky130_fd_sc_hd__dfrtp_1)
                                 -0.250000   30.783291   clock uncertainty
                                  0.000000   30.783291   clock reconvergence pessimism
                                  0.478143   31.261433   library recovery time
                                             31.261433   data required time
---------------------------------------------------------------------------------------------
                                             31.261433   data required time
                                             -7.566976   data arrival time
---------------------------------------------------------------------------------------------
                                             23.694458   slack (MET)


Startpoint: reset (input port clocked by clk)
Endpoint: filter.x_in[12]_sky130_fd_sc_hd__dfrtp_2_Q
          (recovery check against rising-edge clock clk)
Path Group: asynchronous
Path Type: max

Fanout         Cap        Slew       Delay        Time   Description
---------------------------------------------------------------------------------------------
                                  0.000000    0.000000   clock clk (rise edge)
                                  0.000000    0.000000   clock network delay (propagated)
                                  6.000000    6.000000 v input external delay
     1    0.002619    0.017768    0.008709    6.008708 v reset (in)
                                                         reset (net)
                      0.017769    0.000000    6.008708 v input1/A (sky130_fd_sc_hd__clkbuf_1)
     1    0.003663    0.059049    0.145001    6.153710 v input1/X (sky130_fd_sc_hd__clkbuf_1)
                                                         net1 (net)
                      0.059049    0.000216    6.153926 v fanout35/A (sky130_fd_sc_hd__clkbuf_4)
     5    0.069151    0.249711    0.403822    6.557748 v fanout35/X (sky130_fd_sc_hd__clkbuf_4)
                                                         net35 (net)
                      0.249907    0.004095    6.561843 v fanout28/A (sky130_fd_sc_hd__clkbuf_4)
     5    0.059944    0.222988    0.467697    7.029540 v fanout28/X (sky130_fd_sc_hd__clkbuf_4)
                                                         net28 (net)
                      0.223439    0.007129    7.036668 v fanout25/A (sky130_fd_sc_hd__clkbuf_8)
    10    0.082540    0.167656    0.418646    7.455315 v fanout25/X (sky130_fd_sc_hd__clkbuf_8)
                                                         net25 (net)
                      0.167796    0.004520    7.459835 v filter.x_in[12]_sky130_fd_sc_hd__dfrtp_2_Q_RESET_B_sky130_fd_sc_hd__inv_2_Y/A (sky130_fd_sc_hd__inv_2)
     1    0.003528    0.058239    0.106418    7.566253 ^ filter.x_in[12]_sky130_fd_sc_hd__dfrtp_2_Q_RESET_B_sky130_fd_sc_hd__inv_2_Y/Y (sky130_fd_sc_hd__inv_2)
                                                         filter.x_in[12]_sky130_fd_sc_hd__dfrtp_2_Q_RESET_B (net)
                      0.058244    0.000186    7.566438 ^ filter.x_in[12]_sky130_fd_sc_hd__dfrtp_2_Q/RESET_B (sky130_fd_sc_hd__dfrtp_1)
                                              7.566438   data arrival time

                                 30.000000   30.000000   clock clk (rise edge)
                                  0.000000   30.000000   clock source latency
     1    0.042471    0.306377    0.217000   30.216999 ^ clk (in)
                                                         clk (net)
                      0.306741    0.000000   30.216999 ^ clkbuf_0_clk/A (sky130_fd_sc_hd__clkbuf_16)
     8    0.141131    0.236430    0.455319   30.672319 ^ clkbuf_0_clk/X (sky130_fd_sc_hd__clkbuf_16)
                                                         clknet_0_clk (net)
                      0.239769    0.022450   30.694769 ^ clkbuf_3_3__f_clk/A (sky130_fd_sc_hd__clkbuf_16)
     6    0.047673    0.104277    0.334929   31.029697 ^ clkbuf_3_3__f_clk/X (sky130_fd_sc_hd__clkbuf_16)
                                                         clknet_3_3__leaf_clk (net)
                      0.104423    0.003286   31.032984 ^ filter.x_in[12]_sky130_fd_sc_hd__dfrtp_2_Q/CLK (sky130_fd_sc_hd__dfrtp_1)
                                 -0.250000   30.782982   clock uncertainty
                                  0.000000   30.782982   clock reconvergence pessimism
                                  0.478388   31.261370   library recovery time
                                             31.261370   data required time
---------------------------------------------------------------------------------------------
                                             31.261370   data required time
                                             -7.566438   data arrival time
---------------------------------------------------------------------------------------------
                                             23.694931   slack (MET)


Startpoint: reset (input port clocked by clk)
Endpoint: spi_in.shift_reg[13]_sky130_fd_sc_hd__dfrtp_2_Q
          (recovery check against rising-edge clock clk)
Path Group: asynchronous
Path Type: max

Fanout         Cap        Slew       Delay        Time   Description
---------------------------------------------------------------------------------------------
                                  0.000000    0.000000   clock clk (rise edge)
                                  0.000000    0.000000   clock network delay (propagated)
                                  6.000000    6.000000 v input external delay
     1    0.002619    0.017768    0.008709    6.008708 v reset (in)
                                                         reset (net)
                      0.017769    0.000000    6.008708 v input1/A (sky130_fd_sc_hd__clkbuf_1)
     1    0.003663    0.059049    0.145001    6.153710 v input1/X (sky130_fd_sc_hd__clkbuf_1)
                                                         net1 (net)
                      0.059049    0.000216    6.153926 v fanout35/A (sky130_fd_sc_hd__clkbuf_4)
     5    0.069151    0.249711    0.403822    6.557748 v fanout35/X (sky130_fd_sc_hd__clkbuf_4)
                                                         net35 (net)
                      0.249907    0.004095    6.561843 v fanout28/A (sky130_fd_sc_hd__clkbuf_4)
     5    0.059944    0.222988    0.467697    7.029540 v fanout28/X (sky130_fd_sc_hd__clkbuf_4)
                                                         net28 (net)
                      0.223439    0.007129    7.036668 v fanout25/A (sky130_fd_sc_hd__clkbuf_8)
    10    0.082540    0.167656    0.418646    7.455315 v fanout25/X (sky130_fd_sc_hd__clkbuf_8)
                                                         net25 (net)
                      0.167697    0.002723    7.458038 v spi_in.shift_reg[13]_sky130_fd_sc_hd__dfrtp_2_Q_RESET_B_sky130_fd_sc_hd__inv_2_Y/A (sky130_fd_sc_hd__inv_2)
     1    0.003729    0.059352    0.107955    7.565992 ^ spi_in.shift_reg[13]_sky130_fd_sc_hd__dfrtp_2_Q_RESET_B_sky130_fd_sc_hd__inv_2_Y/Y (sky130_fd_sc_hd__inv_2)
                                                         spi_in.shift_reg[13]_sky130_fd_sc_hd__dfrtp_2_Q_RESET_B (net)
                      0.059352    0.000197    7.566190 ^ spi_in.shift_reg[13]_sky130_fd_sc_hd__dfrtp_2_Q/RESET_B (sky130_fd_sc_hd__dfrtp_1)
                                              7.566190   data arrival time

                                 30.000000   30.000000   clock clk (rise edge)
                                  0.000000   30.000000   clock source latency
     1    0.042471    0.306377    0.217000   30.216999 ^ clk (in)
                                                         clk (net)
                      0.306741    0.000000   30.216999 ^ clkbuf_0_clk/A (sky130_fd_sc_hd__clkbuf_16)
     8    0.141131    0.236430    0.455319   30.672319 ^ clkbuf_0_clk/X (sky130_fd_sc_hd__clkbuf_16)
                                                         clknet_0_clk (net)
                      0.239769    0.022450   30.694769 ^ clkbuf_3_3__f_clk/A (sky130_fd_sc_hd__clkbuf_16)
     6    0.047673    0.104277    0.334929   31.029697 ^ clkbuf_3_3__f_clk/X (sky130_fd_sc_hd__clkbuf_16)
                                                         clknet_3_3__leaf_clk (net)
                      0.104457    0.003634   31.033331 ^ spi_in.shift_reg[13]_sky130_fd_sc_hd__dfrtp_2_Q/CLK (sky130_fd_sc_hd__dfrtp_1)
                                 -0.250000   30.783331   clock uncertainty
                                  0.000000   30.783331   clock reconvergence pessimism
                                  0.477990   31.261320   library recovery time
                                             31.261320   data required time
---------------------------------------------------------------------------------------------
                                             31.261320   data required time
                                             -7.566190   data arrival time
---------------------------------------------------------------------------------------------
                                             23.695129   slack (MET)


Startpoint: reset (input port clocked by clk)
Endpoint: filter.y_out[13]_sky130_fd_sc_hd__dfrtp_2_Q
          (recovery check against rising-edge clock clk)
Path Group: asynchronous
Path Type: max

Fanout         Cap        Slew       Delay        Time   Description
---------------------------------------------------------------------------------------------
                                  0.000000    0.000000   clock clk (rise edge)
                                  0.000000    0.000000   clock network delay (propagated)
                                  6.000000    6.000000 v input external delay
     1    0.002619    0.017768    0.008709    6.008708 v reset (in)
                                                         reset (net)
                      0.017769    0.000000    6.008708 v input1/A (sky130_fd_sc_hd__clkbuf_1)
     1    0.003663    0.059049    0.145001    6.153710 v input1/X (sky130_fd_sc_hd__clkbuf_1)
                                                         net1 (net)
                      0.059049    0.000216    6.153926 v fanout35/A (sky130_fd_sc_hd__clkbuf_4)
     5    0.069151    0.249711    0.403822    6.557748 v fanout35/X (sky130_fd_sc_hd__clkbuf_4)
                                                         net35 (net)
                      0.249907    0.004095    6.561843 v fanout28/A (sky130_fd_sc_hd__clkbuf_4)
     5    0.059944    0.222988    0.467697    7.029540 v fanout28/X (sky130_fd_sc_hd__clkbuf_4)
                                                         net28 (net)
                      0.223439    0.007129    7.036668 v fanout25/A (sky130_fd_sc_hd__clkbuf_8)
    10    0.082540    0.167656    0.418646    7.455315 v fanout25/X (sky130_fd_sc_hd__clkbuf_8)
                                                         net25 (net)
                      0.168246    0.008569    7.463884 v filter.y_out[13]_sky130_fd_sc_hd__dfrtp_2_Q_RESET_B_sky130_fd_sc_hd__inv_2_Y/A (sky130_fd_sc_hd__inv_2)
     1    0.003563    0.058520    0.106897    7.570781 ^ filter.y_out[13]_sky130_fd_sc_hd__dfrtp_2_Q_RESET_B_sky130_fd_sc_hd__inv_2_Y/Y (sky130_fd_sc_hd__inv_2)
                                                         filter.y_out[13]_sky130_fd_sc_hd__dfrtp_2_Q_RESET_B (net)
                      0.058520    0.000088    7.570868 ^ filter.y_out[13]_sky130_fd_sc_hd__dfrtp_2_Q/RESET_B (sky130_fd_sc_hd__dfrtp_1)
                                              7.570868   data arrival time

                                 30.000000   30.000000   clock clk (rise edge)
                                  0.000000   30.000000   clock source latency
     1    0.042471    0.306377    0.217000   30.216999 ^ clk (in)
                                                         clk (net)
                      0.306741    0.000000   30.216999 ^ clkbuf_0_clk/A (sky130_fd_sc_hd__clkbuf_16)
     8    0.141131    0.236430    0.455319   30.672319 ^ clkbuf_0_clk/X (sky130_fd_sc_hd__clkbuf_16)
                                                         clknet_0_clk (net)
                      0.239980    0.023128   30.695448 ^ clkbuf_3_2__f_clk/A (sky130_fd_sc_hd__clkbuf_16)
     9    0.050824    0.108508    0.338403   31.033850 ^ clkbuf_3_2__f_clk/X (sky130_fd_sc_hd__clkbuf_16)
                                                         clknet_3_2__leaf_clk (net)
                      0.108692    0.003791   31.037642 ^ filter.y_out[13]_sky130_fd_sc_hd__dfrtp_2_Q/CLK (sky130_fd_sc_hd__dfrtp_1)
                                 -0.250000   30.787640   clock uncertainty
                                  0.000000   30.787640   clock reconvergence pessimism
                                  0.479706   31.267345   library recovery time
                                             31.267345   data required time
---------------------------------------------------------------------------------------------
                                             31.267345   data required time
                                             -7.570868   data arrival time
---------------------------------------------------------------------------------------------
                                             23.696476   slack (MET)


Startpoint: reset (input port clocked by clk)
Endpoint: spi_out.bit_cnt[4]_sky130_fd_sc_hd__dfrtp_2_Q
          (recovery check against rising-edge clock clk)
Path Group: asynchronous
Path Type: max

Fanout         Cap        Slew       Delay        Time   Description
---------------------------------------------------------------------------------------------
                                  0.000000    0.000000   clock clk (rise edge)
                                  0.000000    0.000000   clock network delay (propagated)
                                  6.000000    6.000000 v input external delay
     1    0.002619    0.017768    0.008709    6.008708 v reset (in)
                                                         reset (net)
                      0.017769    0.000000    6.008708 v input1/A (sky130_fd_sc_hd__clkbuf_1)
     1    0.003663    0.059049    0.145001    6.153710 v input1/X (sky130_fd_sc_hd__clkbuf_1)
                                                         net1 (net)
                      0.059049    0.000216    6.153926 v fanout35/A (sky130_fd_sc_hd__clkbuf_4)
     5    0.069151    0.249711    0.403822    6.557748 v fanout35/X (sky130_fd_sc_hd__clkbuf_4)
                                                         net35 (net)
                      0.249838    0.002164    6.559912 v fanout32/A (sky130_fd_sc_hd__clkbuf_4)
     8    0.053852    0.202698    0.454230    7.014143 v fanout32/X (sky130_fd_sc_hd__clkbuf_4)
                                                         net32 (net)
                      0.202716    0.002293    7.016435 v fanout31/A (sky130_fd_sc_hd__buf_4)
    10    0.077277    0.190520    0.436331    7.452766 v fanout31/X (sky130_fd_sc_hd__buf_4)
                                                         net31 (net)
                      0.190757    0.006014    7.458780 v spi_out.bit_cnt[4]_sky130_fd_sc_hd__dfrtp_2_Q_RESET_B_sky130_fd_sc_hd__inv_2_Y/A (sky130_fd_sc_hd__inv_2)
     1    0.003503    0.062729    0.114497    7.573277 ^ spi_out.bit_cnt[4]_sky130_fd_sc_hd__dfrtp_2_Q_RESET_B_sky130_fd_sc_hd__inv_2_Y/Y (sky130_fd_sc_hd__inv_2)
                                                         spi_out.bit_cnt[4]_sky130_fd_sc_hd__dfrtp_2_Q_RESET_B (net)
                      0.062732    0.000185    7.573462 ^ spi_out.bit_cnt[4]_sky130_fd_sc_hd__dfrtp_2_Q/RESET_B (sky130_fd_sc_hd__dfrtp_1)
                                              7.573462   data arrival time

                                 30.000000   30.000000   clock clk (rise edge)
                                  0.000000   30.000000   clock source latency
     1    0.042471    0.306377    0.217000   30.216999 ^ clk (in)
                                                         clk (net)
                      0.306741    0.000000   30.216999 ^ clkbuf_0_clk/A (sky130_fd_sc_hd__clkbuf_16)
     8    0.141131    0.236430    0.455319   30.672319 ^ clkbuf_0_clk/X (sky130_fd_sc_hd__clkbuf_16)
                                                         clknet_0_clk (net)
                      0.238348    0.017188   30.689507 ^ clkbuf_3_4__f_clk/A (sky130_fd_sc_hd__clkbuf_16)
    13    0.057277    0.117206    0.344173   31.033680 ^ clkbuf_3_4__f_clk/X (sky130_fd_sc_hd__clkbuf_16)
                                                         clknet_3_4__leaf_clk (net)
                      0.117596    0.005731   31.039410 ^ spi_out.bit_cnt[4]_sky130_fd_sc_hd__dfrtp_2_Q/CLK (sky130_fd_sc_hd__dfrtp_1)
                                 -0.250000   30.789410   clock uncertainty
                                  0.000000   30.789410   clock reconvergence pessimism
                                  0.481113   31.270521   library recovery time
                                             31.270521   data required time
---------------------------------------------------------------------------------------------
                                             31.270521   data required time
                                             -7.573462   data arrival time
---------------------------------------------------------------------------------------------
                                             23.697060   slack (MET)


Startpoint: reset (input port clocked by clk)
Endpoint: filter.x_in[14]_sky130_fd_sc_hd__dfrtp_2_Q
          (recovery check against rising-edge clock clk)
Path Group: asynchronous
Path Type: max

Fanout         Cap        Slew       Delay        Time   Description
---------------------------------------------------------------------------------------------
                                  0.000000    0.000000   clock clk (rise edge)
                                  0.000000    0.000000   clock network delay (propagated)
                                  6.000000    6.000000 v input external delay
     1    0.002619    0.017768    0.008709    6.008708 v reset (in)
                                                         reset (net)
                      0.017769    0.000000    6.008708 v input1/A (sky130_fd_sc_hd__clkbuf_1)
     1    0.003663    0.059049    0.145001    6.153710 v input1/X (sky130_fd_sc_hd__clkbuf_1)
                                                         net1 (net)
                      0.059049    0.000216    6.153926 v fanout35/A (sky130_fd_sc_hd__clkbuf_4)
     5    0.069151    0.249711    0.403822    6.557748 v fanout35/X (sky130_fd_sc_hd__clkbuf_4)
                                                         net35 (net)
                      0.249907    0.004095    6.561843 v fanout28/A (sky130_fd_sc_hd__clkbuf_4)
     5    0.059944    0.222988    0.467697    7.029540 v fanout28/X (sky130_fd_sc_hd__clkbuf_4)
                                                         net28 (net)
                      0.223439    0.007129    7.036668 v fanout25/A (sky130_fd_sc_hd__clkbuf_8)
    10    0.082540    0.167656    0.418646    7.455315 v fanout25/X (sky130_fd_sc_hd__clkbuf_8)
                                                         net25 (net)
                      0.167779    0.004278    7.459593 v filter.x_in[14]_sky130_fd_sc_hd__dfrtp_2_Q_RESET_B_sky130_fd_sc_hd__inv_2_Y/A (sky130_fd_sc_hd__inv_2)
     1    0.003568    0.058464    0.106729    7.566322 ^ filter.x_in[14]_sky130_fd_sc_hd__dfrtp_2_Q_RESET_B_sky130_fd_sc_hd__inv_2_Y/Y (sky130_fd_sc_hd__inv_2)
                                                         filter.x_in[14]_sky130_fd_sc_hd__dfrtp_2_Q_RESET_B (net)
                      0.058464    0.000187    7.566508 ^ filter.x_in[14]_sky130_fd_sc_hd__dfrtp_2_Q/RESET_B (sky130_fd_sc_hd__dfrtp_1)
                                              7.566508   data arrival time

                                 30.000000   30.000000   clock clk (rise edge)
                                  0.000000   30.000000   clock source latency
     1    0.042471    0.306377    0.217000   30.216999 ^ clk (in)
                                                         clk (net)
                      0.306741    0.000000   30.216999 ^ clkbuf_0_clk/A (sky130_fd_sc_hd__clkbuf_16)
     8    0.141131    0.236430    0.455319   30.672319 ^ clkbuf_0_clk/X (sky130_fd_sc_hd__clkbuf_16)
                                                         clknet_0_clk (net)
                      0.239980    0.023128   30.695448 ^ clkbuf_3_2__f_clk/A (sky130_fd_sc_hd__clkbuf_16)
     9    0.050824    0.108508    0.338403   31.033850 ^ clkbuf_3_2__f_clk/X (sky130_fd_sc_hd__clkbuf_16)
                                                         clknet_3_2__leaf_clk (net)
                      0.108544    0.001975   31.035826 ^ filter.x_in[14]_sky130_fd_sc_hd__dfrtp_2_Q/CLK (sky130_fd_sc_hd__dfrtp_1)
                                 -0.250000   30.785824   clock uncertainty
                                  0.000000   30.785824   clock reconvergence pessimism
                                  0.479678   31.265501   library recovery time
                                             31.265501   data required time
---------------------------------------------------------------------------------------------
                                             31.265501   data required time
                                             -7.566508   data arrival time
---------------------------------------------------------------------------------------------
                                             23.698992   slack (MET)


Startpoint: reset (input port clocked by clk)
Endpoint: spi_in.shift_reg[14]_sky130_fd_sc_hd__dfrtp_2_Q
          (recovery check against rising-edge clock clk)
Path Group: asynchronous
Path Type: max

Fanout         Cap        Slew       Delay        Time   Description
---------------------------------------------------------------------------------------------
                                  0.000000    0.000000   clock clk (rise edge)
                                  0.000000    0.000000   clock network delay (propagated)
                                  6.000000    6.000000 v input external delay
     1    0.002619    0.017768    0.008709    6.008708 v reset (in)
                                                         reset (net)
                      0.017769    0.000000    6.008708 v input1/A (sky130_fd_sc_hd__clkbuf_1)
     1    0.003663    0.059049    0.145001    6.153710 v input1/X (sky130_fd_sc_hd__clkbuf_1)
                                                         net1 (net)
                      0.059049    0.000216    6.153926 v fanout35/A (sky130_fd_sc_hd__clkbuf_4)
     5    0.069151    0.249711    0.403822    6.557748 v fanout35/X (sky130_fd_sc_hd__clkbuf_4)
                                                         net35 (net)
                      0.249907    0.004095    6.561843 v fanout28/A (sky130_fd_sc_hd__clkbuf_4)
     5    0.059944    0.222988    0.467697    7.029540 v fanout28/X (sky130_fd_sc_hd__clkbuf_4)
                                                         net28 (net)
                      0.223439    0.007129    7.036668 v fanout25/A (sky130_fd_sc_hd__clkbuf_8)
    10    0.082540    0.167656    0.418646    7.455315 v fanout25/X (sky130_fd_sc_hd__clkbuf_8)
                                                         net25 (net)
                      0.167707    0.002959    7.458274 v spi_in.shift_reg[14]_sky130_fd_sc_hd__dfrtp_2_Q_RESET_B_sky130_fd_sc_hd__inv_2_Y/A (sky130_fd_sc_hd__inv_2)
     1    0.003637    0.058822    0.107279    7.565553 ^ spi_in.shift_reg[14]_sky130_fd_sc_hd__dfrtp_2_Q_RESET_B_sky130_fd_sc_hd__inv_2_Y/Y (sky130_fd_sc_hd__inv_2)
                                                         spi_in.shift_reg[14]_sky130_fd_sc_hd__dfrtp_2_Q_RESET_B (net)
                      0.058822    0.000090    7.565642 ^ spi_in.shift_reg[14]_sky130_fd_sc_hd__dfrtp_2_Q/RESET_B (sky130_fd_sc_hd__dfrtp_1)
                                              7.565642   data arrival time

                                 30.000000   30.000000   clock clk (rise edge)
                                  0.000000   30.000000   clock source latency
     1    0.042471    0.306377    0.217000   30.216999 ^ clk (in)
                                                         clk (net)
                      0.306741    0.000000   30.216999 ^ clkbuf_0_clk/A (sky130_fd_sc_hd__clkbuf_16)
     8    0.141131    0.236430    0.455319   30.672319 ^ clkbuf_0_clk/X (sky130_fd_sc_hd__clkbuf_16)
                                                         clknet_0_clk (net)
                      0.239980    0.023128   30.695448 ^ clkbuf_3_2__f_clk/A (sky130_fd_sc_hd__clkbuf_16)
     9    0.050824    0.108508    0.338403   31.033850 ^ clkbuf_3_2__f_clk/X (sky130_fd_sc_hd__clkbuf_16)
                                                         clknet_3_2__leaf_clk (net)
                      0.108564    0.002292   31.036142 ^ spi_in.shift_reg[14]_sky130_fd_sc_hd__dfrtp_2_Q/CLK (sky130_fd_sc_hd__dfrtp_1)
                                 -0.250000   30.786140   clock uncertainty
                                  0.000000   30.786140   clock reconvergence pessimism
                                  0.479552   31.265694   library recovery time
                                             31.265694   data required time
---------------------------------------------------------------------------------------------
                                             31.265694   data required time
                                             -7.565642   data arrival time
---------------------------------------------------------------------------------------------
                                             23.700050   slack (MET)


Startpoint: reset (input port clocked by clk)
Endpoint: spi_miso_sky130_fd_sc_hd__dfrtp_2_Q
          (recovery check against rising-edge clock clk)
Path Group: asynchronous
Path Type: max

Fanout         Cap        Slew       Delay        Time   Description
---------------------------------------------------------------------------------------------
                                  0.000000    0.000000   clock clk (rise edge)
                                  0.000000    0.000000   clock network delay (propagated)
                                  6.000000    6.000000 v input external delay
     1    0.002619    0.017768    0.008709    6.008708 v reset (in)
                                                         reset (net)
                      0.017769    0.000000    6.008708 v input1/A (sky130_fd_sc_hd__clkbuf_1)
     1    0.003663    0.059049    0.145001    6.153710 v input1/X (sky130_fd_sc_hd__clkbuf_1)
                                                         net1 (net)
                      0.059049    0.000216    6.153926 v fanout35/A (sky130_fd_sc_hd__clkbuf_4)
     5    0.069151    0.249711    0.403822    6.557748 v fanout35/X (sky130_fd_sc_hd__clkbuf_4)
                                                         net35 (net)
                      0.249862    0.002975    6.560723 v fanout30/A (sky130_fd_sc_hd__clkbuf_4)
     5    0.048204    0.184551    0.440664    7.001387 v fanout30/X (sky130_fd_sc_hd__clkbuf_4)
                                                         net30 (net)
                      0.184593    0.002874    7.004261 v fanout29/A (sky130_fd_sc_hd__buf_4)
    10    0.066586    0.168194    0.410971    7.415232 v fanout29/X (sky130_fd_sc_hd__buf_4)
                                                         net29 (net)
                      0.168557    0.006823    7.422055 v spi_miso_sky130_fd_sc_hd__dfrtp_2_Q_RESET_B_sky130_fd_sc_hd__inv_2_Y/A (sky130_fd_sc_hd__inv_2)
     1    0.003596    0.058776    0.107228    7.529283 ^ spi_miso_sky130_fd_sc_hd__dfrtp_2_Q_RESET_B_sky130_fd_sc_hd__inv_2_Y/Y (sky130_fd_sc_hd__inv_2)
                                                         spi_miso_sky130_fd_sc_hd__dfrtp_2_Q_RESET_B (net)
                      0.058776    0.000191    7.529474 ^ spi_miso_sky130_fd_sc_hd__dfrtp_2_Q/RESET_B (sky130_fd_sc_hd__dfrtp_1)
                                              7.529474   data arrival time

                                 30.000000   30.000000   clock clk (rise edge)
                                  0.000000   30.000000   clock source latency
     1    0.042471    0.306377    0.217000   30.216999 ^ clk (in)
                                                         clk (net)
                      0.306741    0.000000   30.216999 ^ clkbuf_0_clk/A (sky130_fd_sc_hd__clkbuf_16)
     8    0.141131    0.236430    0.455319   30.672319 ^ clkbuf_0_clk/X (sky130_fd_sc_hd__clkbuf_16)
                                                         clknet_0_clk (net)
                      0.238348    0.017188   30.689507 ^ clkbuf_3_4__f_clk/A (sky130_fd_sc_hd__clkbuf_16)
    13    0.057277    0.117206    0.344173   31.033680 ^ clkbuf_3_4__f_clk/X (sky130_fd_sc_hd__clkbuf_16)
                                                         clknet_3_4__leaf_clk (net)
                      0.117470    0.004789   31.038469 ^ spi_miso_sky130_fd_sc_hd__dfrtp_2_Q/CLK (sky130_fd_sc_hd__dfrtp_1)
                                 -0.250000   30.788467   clock uncertainty
                                  0.000000   30.788467   clock reconvergence pessimism
                                  0.482532   31.271002   library recovery time
                                             31.271002   data required time
---------------------------------------------------------------------------------------------
                                             31.271002   data required time
                                             -7.529474   data arrival time
---------------------------------------------------------------------------------------------
                                             23.741528   slack (MET)


Startpoint: reset (input port clocked by clk)
Endpoint: filter.x_in[7]_sky130_fd_sc_hd__dfrtp_2_Q
          (recovery check against rising-edge clock clk)
Path Group: asynchronous
Path Type: max

Fanout         Cap        Slew       Delay        Time   Description
---------------------------------------------------------------------------------------------
                                  0.000000    0.000000   clock clk (rise edge)
                                  0.000000    0.000000   clock network delay (propagated)
                                  6.000000    6.000000 v input external delay
     1    0.002619    0.017768    0.008709    6.008708 v reset (in)
                                                         reset (net)
                      0.017769    0.000000    6.008708 v input1/A (sky130_fd_sc_hd__clkbuf_1)
     1    0.003663    0.059049    0.145001    6.153710 v input1/X (sky130_fd_sc_hd__clkbuf_1)
                                                         net1 (net)
                      0.059049    0.000216    6.153926 v fanout35/A (sky130_fd_sc_hd__clkbuf_4)
     5    0.069151    0.249711    0.403822    6.557748 v fanout35/X (sky130_fd_sc_hd__clkbuf_4)
                                                         net35 (net)
                      0.249862    0.002975    6.560723 v fanout30/A (sky130_fd_sc_hd__clkbuf_4)
     5    0.048204    0.184551    0.440664    7.001387 v fanout30/X (sky130_fd_sc_hd__clkbuf_4)
                                                         net30 (net)
                      0.184593    0.002874    7.004261 v fanout29/A (sky130_fd_sc_hd__buf_4)
    10    0.066586    0.168194    0.410971    7.415232 v fanout29/X (sky130_fd_sc_hd__buf_4)
                                                         net29 (net)
                      0.168402    0.005290    7.420522 v filter.x_in[7]_sky130_fd_sc_hd__dfrtp_2_Q_RESET_B_sky130_fd_sc_hd__inv_2_Y/A (sky130_fd_sc_hd__inv_2)
     1    0.003583    0.058671    0.107066    7.527588 ^ filter.x_in[7]_sky130_fd_sc_hd__dfrtp_2_Q_RESET_B_sky130_fd_sc_hd__inv_2_Y/Y (sky130_fd_sc_hd__inv_2)
                                                         filter.x_in[7]_sky130_fd_sc_hd__dfrtp_2_Q_RESET_B (net)
                      0.058671    0.000189    7.527777 ^ filter.x_in[7]_sky130_fd_sc_hd__dfrtp_2_Q/RESET_B (sky130_fd_sc_hd__dfrtp_1)
                                              7.527777   data arrival time

                                 30.000000   30.000000   clock clk (rise edge)
                                  0.000000   30.000000   clock source latency
     1    0.042471    0.306377    0.217000   30.216999 ^ clk (in)
                                                         clk (net)
                      0.306741    0.000000   30.216999 ^ clkbuf_0_clk/A (sky130_fd_sc_hd__clkbuf_16)
     8    0.141131    0.236430    0.455319   30.672319 ^ clkbuf_0_clk/X (sky130_fd_sc_hd__clkbuf_16)
                                                         clknet_0_clk (net)
                      0.238348    0.017188   30.689507 ^ clkbuf_3_4__f_clk/A (sky130_fd_sc_hd__clkbuf_16)
    13    0.057277    0.117206    0.344173   31.033680 ^ clkbuf_3_4__f_clk/X (sky130_fd_sc_hd__clkbuf_16)
                                                         clknet_3_4__leaf_clk (net)
                      0.117422    0.004377   31.038057 ^ filter.x_in[7]_sky130_fd_sc_hd__dfrtp_2_Q/CLK (sky130_fd_sc_hd__dfrtp_1)
                                 -0.250000   30.788055   clock uncertainty
                                  0.000000   30.788055   clock reconvergence pessimism
                                  0.482555   31.270611   library recovery time
                                             31.270611   data required time
---------------------------------------------------------------------------------------------
                                             31.270611   data required time
                                             -7.527777   data arrival time
---------------------------------------------------------------------------------------------
                                             23.742832   slack (MET)


Startpoint: reset (input port clocked by clk)
Endpoint: filter.x_in[8]_sky130_fd_sc_hd__dfrtp_2_Q
          (recovery check against rising-edge clock clk)
Path Group: asynchronous
Path Type: max

Fanout         Cap        Slew       Delay        Time   Description
---------------------------------------------------------------------------------------------
                                  0.000000    0.000000   clock clk (rise edge)
                                  0.000000    0.000000   clock network delay (propagated)
                                  6.000000    6.000000 v input external delay
     1    0.002619    0.017768    0.008709    6.008708 v reset (in)
                                                         reset (net)
                      0.017769    0.000000    6.008708 v input1/A (sky130_fd_sc_hd__clkbuf_1)
     1    0.003663    0.059049    0.145001    6.153710 v input1/X (sky130_fd_sc_hd__clkbuf_1)
                                                         net1 (net)
                      0.059049    0.000216    6.153926 v fanout35/A (sky130_fd_sc_hd__clkbuf_4)
     5    0.069151    0.249711    0.403822    6.557748 v fanout35/X (sky130_fd_sc_hd__clkbuf_4)
                                                         net35 (net)
                      0.249862    0.002975    6.560723 v fanout30/A (sky130_fd_sc_hd__clkbuf_4)
     5    0.048204    0.184551    0.440664    7.001387 v fanout30/X (sky130_fd_sc_hd__clkbuf_4)
                                                         net30 (net)
                      0.184593    0.002874    7.004261 v fanout29/A (sky130_fd_sc_hd__buf_4)
    10    0.066586    0.168194    0.410971    7.415232 v fanout29/X (sky130_fd_sc_hd__buf_4)
                                                         net29 (net)
                      0.168478    0.006094    7.421326 v filter.x_in[8]_sky130_fd_sc_hd__dfrtp_2_Q_RESET_B_sky130_fd_sc_hd__inv_2_Y/A (sky130_fd_sc_hd__inv_2)
     1    0.003543    0.058466    0.106785    7.528111 ^ filter.x_in[8]_sky130_fd_sc_hd__dfrtp_2_Q_RESET_B_sky130_fd_sc_hd__inv_2_Y/Y (sky130_fd_sc_hd__inv_2)
                                                         filter.x_in[8]_sky130_fd_sc_hd__dfrtp_2_Q_RESET_B (net)
                      0.058467    0.000188    7.528299 ^ filter.x_in[8]_sky130_fd_sc_hd__dfrtp_2_Q/RESET_B (sky130_fd_sc_hd__dfrtp_1)
                                              7.528299   data arrival time

                                 30.000000   30.000000   clock clk (rise edge)
                                  0.000000   30.000000   clock source latency
     1    0.042471    0.306377    0.217000   30.216999 ^ clk (in)
                                                         clk (net)
                      0.306741    0.000000   30.216999 ^ clkbuf_0_clk/A (sky130_fd_sc_hd__clkbuf_16)
     8    0.141131    0.236430    0.455319   30.672319 ^ clkbuf_0_clk/X (sky130_fd_sc_hd__clkbuf_16)
                                                         clknet_0_clk (net)
                      0.238329    0.017106   30.689425 ^ clkbuf_3_1__f_clk/A (sky130_fd_sc_hd__clkbuf_16)
    12    0.058278    0.118607    0.344833   31.034258 ^ clkbuf_3_1__f_clk/X (sky130_fd_sc_hd__clkbuf_16)
                                                         clknet_3_1__leaf_clk (net)
                      0.118806    0.004231   31.038490 ^ filter.x_in[8]_sky130_fd_sc_hd__dfrtp_2_Q/CLK (sky130_fd_sc_hd__dfrtp_1)
                                 -0.250000   30.788488   clock uncertainty
                                  0.000000   30.788488   clock reconvergence pessimism
                                  0.483091   31.271580   library recovery time
                                             31.271580   data required time
---------------------------------------------------------------------------------------------
                                             31.271580   data required time
                                             -7.528299   data arrival time
---------------------------------------------------------------------------------------------
                                             23.743280   slack (MET)


Startpoint: reset (input port clocked by clk)
Endpoint: spi_in.valid_out_sky130_fd_sc_hd__dfrtp_2_Q
          (recovery check against rising-edge clock clk)
Path Group: asynchronous
Path Type: max

Fanout         Cap        Slew       Delay        Time   Description
---------------------------------------------------------------------------------------------
                                  0.000000    0.000000   clock clk (rise edge)
                                  0.000000    0.000000   clock network delay (propagated)
                                  6.000000    6.000000 v input external delay
     1    0.002619    0.017768    0.008709    6.008708 v reset (in)
                                                         reset (net)
                      0.017769    0.000000    6.008708 v input1/A (sky130_fd_sc_hd__clkbuf_1)
     1    0.003663    0.059049    0.145001    6.153710 v input1/X (sky130_fd_sc_hd__clkbuf_1)
                                                         net1 (net)
                      0.059049    0.000216    6.153926 v fanout35/A (sky130_fd_sc_hd__clkbuf_4)
     5    0.069151    0.249711    0.403822    6.557748 v fanout35/X (sky130_fd_sc_hd__clkbuf_4)
                                                         net35 (net)
                      0.249862    0.002975    6.560723 v fanout30/A (sky130_fd_sc_hd__clkbuf_4)
     5    0.048204    0.184551    0.440664    7.001387 v fanout30/X (sky130_fd_sc_hd__clkbuf_4)
                                                         net30 (net)
                      0.184593    0.002874    7.004261 v fanout29/A (sky130_fd_sc_hd__buf_4)
    10    0.066586    0.168194    0.410971    7.415232 v fanout29/X (sky130_fd_sc_hd__buf_4)
                                                         net29 (net)
                      0.168390    0.005160    7.420393 v spi_in.valid_out_sky130_fd_sc_hd__dfrtp_2_Q_RESET_B_sky130_fd_sc_hd__inv_2_Y/A (sky130_fd_sc_hd__inv_2)
     1    0.003630    0.058925    0.107478    7.527870 ^ spi_in.valid_out_sky130_fd_sc_hd__dfrtp_2_Q_RESET_B_sky130_fd_sc_hd__inv_2_Y/Y (sky130_fd_sc_hd__inv_2)
                                                         spi_in.valid_out_sky130_fd_sc_hd__dfrtp_2_Q_RESET_B (net)
                      0.058925    0.000090    7.527960 ^ spi_in.valid_out_sky130_fd_sc_hd__dfrtp_2_Q/RESET_B (sky130_fd_sc_hd__dfrtp_1)
                                              7.527960   data arrival time

                                 30.000000   30.000000   clock clk (rise edge)
                                  0.000000   30.000000   clock source latency
     1    0.042471    0.306377    0.217000   30.216999 ^ clk (in)
                                                         clk (net)
                      0.306741    0.000000   30.216999 ^ clkbuf_0_clk/A (sky130_fd_sc_hd__clkbuf_16)
     8    0.141131    0.236430    0.455319   30.672319 ^ clkbuf_0_clk/X (sky130_fd_sc_hd__clkbuf_16)
                                                         clknet_0_clk (net)
                      0.238348    0.017188   30.689507 ^ clkbuf_3_4__f_clk/A (sky130_fd_sc_hd__clkbuf_16)
    13    0.057277    0.117206    0.344173   31.033680 ^ clkbuf_3_4__f_clk/X (sky130_fd_sc_hd__clkbuf_16)
                                                         clknet_3_4__leaf_clk (net)
                      0.117522    0.005191   31.038870 ^ spi_in.valid_out_sky130_fd_sc_hd__dfrtp_2_Q/CLK (sky130_fd_sc_hd__dfrtp_1)
                                 -0.250000   30.788870   clock uncertainty
                                  0.000000   30.788870   clock reconvergence pessimism
                                  0.482494   31.271364   library recovery time
                                             31.271364   data required time
---------------------------------------------------------------------------------------------
                                             31.271364   data required time
                                             -7.527960   data arrival time
---------------------------------------------------------------------------------------------
                                             23.743404   slack (MET)


Startpoint: reset (input port clocked by clk)
Endpoint: spi_in.shift_reg[8]_sky130_fd_sc_hd__dfrtp_2_Q
          (recovery check against rising-edge clock clk)
Path Group: asynchronous
Path Type: max

Fanout         Cap        Slew       Delay        Time   Description
---------------------------------------------------------------------------------------------
                                  0.000000    0.000000   clock clk (rise edge)
                                  0.000000    0.000000   clock network delay (propagated)
                                  6.000000    6.000000 v input external delay
     1    0.002619    0.017768    0.008709    6.008708 v reset (in)
                                                         reset (net)
                      0.017769    0.000000    6.008708 v input1/A (sky130_fd_sc_hd__clkbuf_1)
     1    0.003663    0.059049    0.145001    6.153710 v input1/X (sky130_fd_sc_hd__clkbuf_1)
                                                         net1 (net)
                      0.059049    0.000216    6.153926 v fanout35/A (sky130_fd_sc_hd__clkbuf_4)
     5    0.069151    0.249711    0.403822    6.557748 v fanout35/X (sky130_fd_sc_hd__clkbuf_4)
                                                         net35 (net)
                      0.249862    0.002975    6.560723 v fanout30/A (sky130_fd_sc_hd__clkbuf_4)
     5    0.048204    0.184551    0.440664    7.001387 v fanout30/X (sky130_fd_sc_hd__clkbuf_4)
                                                         net30 (net)
                      0.184593    0.002874    7.004261 v fanout29/A (sky130_fd_sc_hd__buf_4)
    10    0.066586    0.168194    0.410971    7.415232 v fanout29/X (sky130_fd_sc_hd__buf_4)
                                                         net29 (net)
                      0.168564    0.006879    7.422112 v spi_in.shift_reg[8]_sky130_fd_sc_hd__dfrtp_2_Q_RESET_B_sky130_fd_sc_hd__inv_2_Y/A (sky130_fd_sc_hd__inv_2)
     1    0.003508    0.058289    0.106543    7.528655 ^ spi_in.shift_reg[8]_sky130_fd_sc_hd__dfrtp_2_Q_RESET_B_sky130_fd_sc_hd__inv_2_Y/Y (sky130_fd_sc_hd__inv_2)
                                                         spi_in.shift_reg[8]_sky130_fd_sc_hd__dfrtp_2_Q_RESET_B (net)
                      0.058291    0.000185    7.528839 ^ spi_in.shift_reg[8]_sky130_fd_sc_hd__dfrtp_2_Q/RESET_B (sky130_fd_sc_hd__dfrtp_1)
                                              7.528839   data arrival time

                                 30.000000   30.000000   clock clk (rise edge)
                                  0.000000   30.000000   clock source latency
     1    0.042471    0.306377    0.217000   30.216999 ^ clk (in)
                                                         clk (net)
                      0.306741    0.000000   30.216999 ^ clkbuf_0_clk/A (sky130_fd_sc_hd__clkbuf_16)
     8    0.141131    0.236430    0.455319   30.672319 ^ clkbuf_0_clk/X (sky130_fd_sc_hd__clkbuf_16)
                                                         clknet_0_clk (net)
                      0.238329    0.017106   30.689425 ^ clkbuf_3_1__f_clk/A (sky130_fd_sc_hd__clkbuf_16)
    12    0.058278    0.118607    0.344833   31.034258 ^ clkbuf_3_1__f_clk/X (sky130_fd_sc_hd__clkbuf_16)
                                                         clknet_3_1__leaf_clk (net)
                      0.118965    0.005507   31.039766 ^ spi_in.shift_reg[8]_sky130_fd_sc_hd__dfrtp_2_Q/CLK (sky130_fd_sc_hd__dfrtp_1)
                                 -0.250000   30.789764   clock uncertainty
                                  0.000000   30.789764   clock reconvergence pessimism
                                  0.483209   31.272972   library recovery time
                                             31.272972   data required time
---------------------------------------------------------------------------------------------
                                             31.272972   data required time
                                             -7.528839   data arrival time
---------------------------------------------------------------------------------------------
                                             23.744133   slack (MET)


Startpoint: reset (input port clocked by clk)
Endpoint: spi_out.shift_reg[14]_sky130_fd_sc_hd__dfrtp_2_Q
          (recovery check against rising-edge clock clk)
Path Group: asynchronous
Path Type: max

Fanout         Cap        Slew       Delay        Time   Description
---------------------------------------------------------------------------------------------
                                  0.000000    0.000000   clock clk (rise edge)
                                  0.000000    0.000000   clock network delay (propagated)
                                  6.000000    6.000000 v input external delay
     1    0.002619    0.017768    0.008709    6.008708 v reset (in)
                                                         reset (net)
                      0.017769    0.000000    6.008708 v input1/A (sky130_fd_sc_hd__clkbuf_1)
     1    0.003663    0.059049    0.145001    6.153710 v input1/X (sky130_fd_sc_hd__clkbuf_1)
                                                         net1 (net)
                      0.059049    0.000216    6.153926 v fanout35/A (sky130_fd_sc_hd__clkbuf_4)
     5    0.069151    0.249711    0.403822    6.557748 v fanout35/X (sky130_fd_sc_hd__clkbuf_4)
                                                         net35 (net)
                      0.249862    0.002975    6.560723 v fanout30/A (sky130_fd_sc_hd__clkbuf_4)
     5    0.048204    0.184551    0.440664    7.001387 v fanout30/X (sky130_fd_sc_hd__clkbuf_4)
                                                         net30 (net)
                      0.184593    0.002874    7.004261 v fanout29/A (sky130_fd_sc_hd__buf_4)
    10    0.066586    0.168194    0.410971    7.415232 v fanout29/X (sky130_fd_sc_hd__buf_4)
                                                         net29 (net)
                      0.168506    0.006360    7.421592 v spi_out.shift_reg[14]_sky130_fd_sc_hd__dfrtp_2_Q_RESET_B_sky130_fd_sc_hd__inv_2_Y/A (sky130_fd_sc_hd__inv_2)
     1    0.003534    0.058416    0.106725    7.528318 ^ spi_out.shift_reg[14]_sky130_fd_sc_hd__dfrtp_2_Q_RESET_B_sky130_fd_sc_hd__inv_2_Y/Y (sky130_fd_sc_hd__inv_2)
                                                         spi_out.shift_reg[14]_sky130_fd_sc_hd__dfrtp_2_Q_RESET_B (net)
                      0.058422    0.000187    7.528505 ^ spi_out.shift_reg[14]_sky130_fd_sc_hd__dfrtp_2_Q/RESET_B (sky130_fd_sc_hd__dfrtp_1)
                                              7.528505   data arrival time

                                 30.000000   30.000000   clock clk (rise edge)
                                  0.000000   30.000000   clock source latency
     1    0.042471    0.306377    0.217000   30.216999 ^ clk (in)
                                                         clk (net)
                      0.306741    0.000000   30.216999 ^ clkbuf_0_clk/A (sky130_fd_sc_hd__clkbuf_16)
     8    0.141131    0.236430    0.455319   30.672319 ^ clkbuf_0_clk/X (sky130_fd_sc_hd__clkbuf_16)
                                                         clknet_0_clk (net)
                      0.238329    0.017106   30.689425 ^ clkbuf_3_1__f_clk/A (sky130_fd_sc_hd__clkbuf_16)
    12    0.058278    0.118607    0.344833   31.034258 ^ clkbuf_3_1__f_clk/X (sky130_fd_sc_hd__clkbuf_16)
                                                         clknet_3_1__leaf_clk (net)
                      0.118980    0.005613   31.039871 ^ spi_out.shift_reg[14]_sky130_fd_sc_hd__dfrtp_2_Q/CLK (sky130_fd_sc_hd__dfrtp_1)
                                 -0.250000   30.789871   clock uncertainty
                                  0.000000   30.789871   clock reconvergence pessimism
                                  0.483165   31.273037   library recovery time
                                             31.273037   data required time
---------------------------------------------------------------------------------------------
                                             31.273037   data required time
                                             -7.528505   data arrival time
---------------------------------------------------------------------------------------------
                                             23.744530   slack (MET)


Startpoint: reset (input port clocked by clk)
Endpoint: spi_out.shift_reg[6]_sky130_fd_sc_hd__dfrtp_2_Q
          (recovery check against rising-edge clock clk)
Path Group: asynchronous
Path Type: max

Fanout         Cap        Slew       Delay        Time   Description
---------------------------------------------------------------------------------------------
                                  0.000000    0.000000   clock clk (rise edge)
                                  0.000000    0.000000   clock network delay (propagated)
                                  6.000000    6.000000 v input external delay
     1    0.002619    0.017768    0.008709    6.008708 v reset (in)
                                                         reset (net)
                      0.017769    0.000000    6.008708 v input1/A (sky130_fd_sc_hd__clkbuf_1)
     1    0.003663    0.059049    0.145001    6.153710 v input1/X (sky130_fd_sc_hd__clkbuf_1)
                                                         net1 (net)
                      0.059049    0.000216    6.153926 v fanout35/A (sky130_fd_sc_hd__clkbuf_4)
     5    0.069151    0.249711    0.403822    6.557748 v fanout35/X (sky130_fd_sc_hd__clkbuf_4)
                                                         net35 (net)
                      0.249862    0.002975    6.560723 v fanout30/A (sky130_fd_sc_hd__clkbuf_4)
     5    0.048204    0.184551    0.440664    7.001387 v fanout30/X (sky130_fd_sc_hd__clkbuf_4)
                                                         net30 (net)
                      0.184593    0.002874    7.004261 v fanout29/A (sky130_fd_sc_hd__buf_4)
    10    0.066586    0.168194    0.410971    7.415232 v fanout29/X (sky130_fd_sc_hd__buf_4)
                                                         net29 (net)
                      0.168478    0.006099    7.421331 v spi_out.shift_reg[6]_sky130_fd_sc_hd__dfrtp_2_Q_RESET_B_sky130_fd_sc_hd__inv_2_Y/A (sky130_fd_sc_hd__inv_2)
     1    0.003554    0.058528    0.106874    7.528205 ^ spi_out.shift_reg[6]_sky130_fd_sc_hd__dfrtp_2_Q_RESET_B_sky130_fd_sc_hd__inv_2_Y/Y (sky130_fd_sc_hd__inv_2)
                                                         spi_out.shift_reg[6]_sky130_fd_sc_hd__dfrtp_2_Q_RESET_B (net)
                      0.058528    0.000187    7.528392 ^ spi_out.shift_reg[6]_sky130_fd_sc_hd__dfrtp_2_Q/RESET_B (sky130_fd_sc_hd__dfrtp_1)
                                              7.528392   data arrival time

                                 30.000000   30.000000   clock clk (rise edge)
                                  0.000000   30.000000   clock source latency
     1    0.042471    0.306377    0.217000   30.216999 ^ clk (in)
                                                         clk (net)
                      0.306741    0.000000   30.216999 ^ clkbuf_0_clk/A (sky130_fd_sc_hd__clkbuf_16)
     8    0.141131    0.236430    0.455319   30.672319 ^ clkbuf_0_clk/X (sky130_fd_sc_hd__clkbuf_16)
                                                         clknet_0_clk (net)
                      0.238329    0.017106   30.689425 ^ clkbuf_3_1__f_clk/A (sky130_fd_sc_hd__clkbuf_16)
    12    0.058278    0.118607    0.344833   31.034258 ^ clkbuf_3_1__f_clk/X (sky130_fd_sc_hd__clkbuf_16)
                                                         clknet_3_1__leaf_clk (net)
                      0.119028    0.005940   31.040199 ^ spi_out.shift_reg[6]_sky130_fd_sc_hd__dfrtp_2_Q/CLK (sky130_fd_sc_hd__dfrtp_1)
                                 -0.250000   30.790197   clock uncertainty
                                  0.000000   30.790197   clock reconvergence pessimism
                                  0.483142   31.273338   library recovery time
                                             31.273338   data required time
---------------------------------------------------------------------------------------------
                                             31.273338   data required time
                                             -7.528392   data arrival time
---------------------------------------------------------------------------------------------
                                             23.744946   slack (MET)


Startpoint: reset (input port clocked by clk)
Endpoint: spi_in.shift_reg[7]_sky130_fd_sc_hd__dfrtp_2_Q
          (recovery check against rising-edge clock clk)
Path Group: asynchronous
Path Type: max

Fanout         Cap        Slew       Delay        Time   Description
---------------------------------------------------------------------------------------------
                                  0.000000    0.000000   clock clk (rise edge)
                                  0.000000    0.000000   clock network delay (propagated)
                                  6.000000    6.000000 v input external delay
     1    0.002619    0.017768    0.008709    6.008708 v reset (in)
                                                         reset (net)
                      0.017769    0.000000    6.008708 v input1/A (sky130_fd_sc_hd__clkbuf_1)
     1    0.003663    0.059049    0.145001    6.153710 v input1/X (sky130_fd_sc_hd__clkbuf_1)
                                                         net1 (net)
                      0.059049    0.000216    6.153926 v fanout35/A (sky130_fd_sc_hd__clkbuf_4)
     5    0.069151    0.249711    0.403822    6.557748 v fanout35/X (sky130_fd_sc_hd__clkbuf_4)
                                                         net35 (net)
                      0.249862    0.002975    6.560723 v fanout30/A (sky130_fd_sc_hd__clkbuf_4)
     5    0.048204    0.184551    0.440664    7.001387 v fanout30/X (sky130_fd_sc_hd__clkbuf_4)
                                                         net30 (net)
                      0.184593    0.002874    7.004261 v fanout29/A (sky130_fd_sc_hd__buf_4)
    10    0.066586    0.168194    0.410971    7.415232 v fanout29/X (sky130_fd_sc_hd__buf_4)
                                                         net29 (net)
                      0.168458    0.005903    7.421135 v spi_in.shift_reg[7]_sky130_fd_sc_hd__dfrtp_2_Q_RESET_B_sky130_fd_sc_hd__inv_2_Y/A (sky130_fd_sc_hd__inv_2)
     1    0.003522    0.058343    0.106614    7.527750 ^ spi_in.shift_reg[7]_sky130_fd_sc_hd__dfrtp_2_Q_RESET_B_sky130_fd_sc_hd__inv_2_Y/Y (sky130_fd_sc_hd__inv_2)
                                                         spi_in.shift_reg[7]_sky130_fd_sc_hd__dfrtp_2_Q_RESET_B (net)
                      0.058347    0.000186    7.527935 ^ spi_in.shift_reg[7]_sky130_fd_sc_hd__dfrtp_2_Q/RESET_B (sky130_fd_sc_hd__dfrtp_1)
                                              7.527935   data arrival time

                                 30.000000   30.000000   clock clk (rise edge)
                                  0.000000   30.000000   clock source latency
     1    0.042471    0.306377    0.217000   30.216999 ^ clk (in)
                                                         clk (net)
                      0.306741    0.000000   30.216999 ^ clkbuf_0_clk/A (sky130_fd_sc_hd__clkbuf_16)
     8    0.141131    0.236430    0.455319   30.672319 ^ clkbuf_0_clk/X (sky130_fd_sc_hd__clkbuf_16)
                                                         clknet_0_clk (net)
                      0.238329    0.017106   30.689425 ^ clkbuf_3_1__f_clk/A (sky130_fd_sc_hd__clkbuf_16)
    12    0.058278    0.118607    0.344833   31.034258 ^ clkbuf_3_1__f_clk/X (sky130_fd_sc_hd__clkbuf_16)
                                                         clknet_3_1__leaf_clk (net)
                      0.119022    0.005901   31.040159 ^ spi_in.shift_reg[7]_sky130_fd_sc_hd__dfrtp_2_Q/CLK (sky130_fd_sc_hd__dfrtp_1)
                                 -0.250000   30.790159   clock uncertainty
                                  0.000000   30.790159   clock reconvergence pessimism
                                  0.483207   31.273367   library recovery time
                                             31.273367   data required time
---------------------------------------------------------------------------------------------
                                             31.273367   data required time
                                             -7.527935   data arrival time
---------------------------------------------------------------------------------------------
                                             23.745434   slack (MET)


Startpoint: reset (input port clocked by clk)
Endpoint: spi_out.shift_reg[0]_sky130_fd_sc_hd__dfrtp_2_Q
          (recovery check against rising-edge clock clk)
Path Group: asynchronous
Path Type: max

Fanout         Cap        Slew       Delay        Time   Description
---------------------------------------------------------------------------------------------
                                  0.000000    0.000000   clock clk (rise edge)
                                  0.000000    0.000000   clock network delay (propagated)
                                  6.000000    6.000000 v input external delay
     1    0.002619    0.017768    0.008709    6.008708 v reset (in)
                                                         reset (net)
                      0.017769    0.000000    6.008708 v input1/A (sky130_fd_sc_hd__clkbuf_1)
     1    0.003663    0.059049    0.145001    6.153710 v input1/X (sky130_fd_sc_hd__clkbuf_1)
                                                         net1 (net)
                      0.059049    0.000216    6.153926 v fanout35/A (sky130_fd_sc_hd__clkbuf_4)
     5    0.069151    0.249711    0.403822    6.557748 v fanout35/X (sky130_fd_sc_hd__clkbuf_4)
                                                         net35 (net)
                      0.249862    0.002975    6.560723 v fanout30/A (sky130_fd_sc_hd__clkbuf_4)
     5    0.048204    0.184551    0.440664    7.001387 v fanout30/X (sky130_fd_sc_hd__clkbuf_4)
                                                         net30 (net)
                      0.184593    0.002874    7.004261 v fanout29/A (sky130_fd_sc_hd__buf_4)
    10    0.066586    0.168194    0.410971    7.415232 v fanout29/X (sky130_fd_sc_hd__buf_4)
                                                         net29 (net)
                      0.168342    0.004542    7.419775 v spi_out.shift_reg[0]_sky130_fd_sc_hd__dfrtp_2_Q_RESET_B_sky130_fd_sc_hd__inv_2_Y/A (sky130_fd_sc_hd__inv_2)
     1    0.003472    0.058052    0.106183    7.525957 ^ spi_out.shift_reg[0]_sky130_fd_sc_hd__dfrtp_2_Q_RESET_B_sky130_fd_sc_hd__inv_2_Y/Y (sky130_fd_sc_hd__inv_2)
                                                         spi_out.shift_reg[0]_sky130_fd_sc_hd__dfrtp_2_Q_RESET_B (net)
                      0.058052    0.000183    7.526140 ^ spi_out.shift_reg[0]_sky130_fd_sc_hd__dfrtp_2_Q/RESET_B (sky130_fd_sc_hd__dfrtp_1)
                                              7.526140   data arrival time

                                 30.000000   30.000000   clock clk (rise edge)
                                  0.000000   30.000000   clock source latency
     1    0.042471    0.306377    0.217000   30.216999 ^ clk (in)
                                                         clk (net)
                      0.306741    0.000000   30.216999 ^ clkbuf_0_clk/A (sky130_fd_sc_hd__clkbuf_16)
     8    0.141131    0.236430    0.455319   30.672319 ^ clkbuf_0_clk/X (sky130_fd_sc_hd__clkbuf_16)
                                                         clknet_0_clk (net)
                      0.238348    0.017188   30.689507 ^ clkbuf_3_4__f_clk/A (sky130_fd_sc_hd__clkbuf_16)
    13    0.057277    0.117206    0.344173   31.033680 ^ clkbuf_3_4__f_clk/X (sky130_fd_sc_hd__clkbuf_16)
                                                         clknet_3_4__leaf_clk (net)
                      0.117563    0.005496   31.039175 ^ spi_out.shift_reg[0]_sky130_fd_sc_hd__dfrtp_2_Q/CLK (sky130_fd_sc_hd__dfrtp_1)
                                 -0.250000   30.789175   clock uncertainty
                                  0.000000   30.789175   clock reconvergence pessimism
                                  0.482831   31.272007   library recovery time
                                             31.272007   data required time
---------------------------------------------------------------------------------------------
                                             31.272007   data required time
                                             -7.526140   data arrival time
---------------------------------------------------------------------------------------------
                                             23.745867   slack (MET)


Startpoint: reset (input port clocked by clk)
Endpoint: spi_in.sclk_prev_sky130_fd_sc_hd__dfrtp_2_Q
          (recovery check against rising-edge clock clk)
Path Group: asynchronous
Path Type: max

Fanout         Cap        Slew       Delay        Time   Description
---------------------------------------------------------------------------------------------
                                  0.000000    0.000000   clock clk (rise edge)
                                  0.000000    0.000000   clock network delay (propagated)
                                  6.000000    6.000000 v input external delay
     1    0.002619    0.017768    0.008709    6.008708 v reset (in)
                                                         reset (net)
                      0.017769    0.000000    6.008708 v input1/A (sky130_fd_sc_hd__clkbuf_1)
     1    0.003663    0.059049    0.145001    6.153710 v input1/X (sky130_fd_sc_hd__clkbuf_1)
                                                         net1 (net)
                      0.059049    0.000216    6.153926 v fanout35/A (sky130_fd_sc_hd__clkbuf_4)
     5    0.069151    0.249711    0.403822    6.557748 v fanout35/X (sky130_fd_sc_hd__clkbuf_4)
                                                         net35 (net)
                      0.249862    0.002975    6.560723 v fanout30/A (sky130_fd_sc_hd__clkbuf_4)
     5    0.048204    0.184551    0.440664    7.001387 v fanout30/X (sky130_fd_sc_hd__clkbuf_4)
                                                         net30 (net)
                      0.184593    0.002874    7.004261 v fanout29/A (sky130_fd_sc_hd__buf_4)
    10    0.066586    0.168194    0.410971    7.415232 v fanout29/X (sky130_fd_sc_hd__buf_4)
                                                         net29 (net)
                      0.168211    0.001826    7.417058 v spi_in.sclk_prev_sky130_fd_sc_hd__dfrtp_2_Q_RESET_B_sky130_fd_sc_hd__inv_2_Y/A (sky130_fd_sc_hd__inv_2)
     1    0.003687    0.059220    0.107812    7.524871 ^ spi_in.sclk_prev_sky130_fd_sc_hd__dfrtp_2_Q_RESET_B_sky130_fd_sc_hd__inv_2_Y/Y (sky130_fd_sc_hd__inv_2)
                                                         spi_in.sclk_prev_sky130_fd_sc_hd__dfrtp_2_Q_RESET_B (net)
                      0.059220    0.000198    7.525069 ^ spi_in.sclk_prev_sky130_fd_sc_hd__dfrtp_2_Q/RESET_B (sky130_fd_sc_hd__dfrtp_1)
                                              7.525069   data arrival time

                                 30.000000   30.000000   clock clk (rise edge)
                                  0.000000   30.000000   clock source latency
     1    0.042471    0.306377    0.217000   30.216999 ^ clk (in)
                                                         clk (net)
                      0.306741    0.000000   30.216999 ^ clkbuf_0_clk/A (sky130_fd_sc_hd__clkbuf_16)
     8    0.141131    0.236430    0.455319   30.672319 ^ clkbuf_0_clk/X (sky130_fd_sc_hd__clkbuf_16)
                                                         clknet_0_clk (net)
                      0.238348    0.017188   30.689507 ^ clkbuf_3_4__f_clk/A (sky130_fd_sc_hd__clkbuf_16)
    13    0.057277    0.117206    0.344173   31.033680 ^ clkbuf_3_4__f_clk/X (sky130_fd_sc_hd__clkbuf_16)
                                                         clknet_3_4__leaf_clk (net)
                      0.117576    0.005588   31.039268 ^ spi_in.sclk_prev_sky130_fd_sc_hd__dfrtp_2_Q/CLK (sky130_fd_sc_hd__dfrtp_1)
                                 -0.250000   30.789267   clock uncertainty
                                  0.000000   30.789267   clock reconvergence pessimism
                                  0.482404   31.271673   library recovery time
                                             31.271673   data required time
---------------------------------------------------------------------------------------------
                                             31.271673   data required time
                                             -7.525069   data arrival time
---------------------------------------------------------------------------------------------
                                             23.746603   slack (MET)


Startpoint: reset (input port clocked by clk)
Endpoint: filter.y_out[11]_sky130_fd_sc_hd__dfrtp_2_Q
          (recovery check against rising-edge clock clk)
Path Group: asynchronous
Path Type: max

Fanout         Cap        Slew       Delay        Time   Description
---------------------------------------------------------------------------------------------
                                  0.000000    0.000000   clock clk (rise edge)
                                  0.000000    0.000000   clock network delay (propagated)
                                  6.000000    6.000000 v input external delay
     1    0.002619    0.017768    0.008709    6.008708 v reset (in)
                                                         reset (net)
                      0.017769    0.000000    6.008708 v input1/A (sky130_fd_sc_hd__clkbuf_1)
     1    0.003663    0.059049    0.145001    6.153710 v input1/X (sky130_fd_sc_hd__clkbuf_1)
                                                         net1 (net)
                      0.059049    0.000216    6.153926 v fanout35/A (sky130_fd_sc_hd__clkbuf_4)
     5    0.069151    0.249711    0.403822    6.557748 v fanout35/X (sky130_fd_sc_hd__clkbuf_4)
                                                         net35 (net)
                      0.249907    0.004095    6.561843 v fanout28/A (sky130_fd_sc_hd__clkbuf_4)
     5    0.059944    0.222988    0.467697    7.029540 v fanout28/X (sky130_fd_sc_hd__clkbuf_4)
                                                         net28 (net)
                      0.224491    0.014259    7.043798 v filter.y_out[11]_sky130_fd_sc_hd__dfrtp_2_Q_RESET_B_sky130_fd_sc_hd__inv_2_Y/A (sky130_fd_sc_hd__inv_2)
     1    0.003677    0.070495    0.128172    7.171970 ^ filter.y_out[11]_sky130_fd_sc_hd__dfrtp_2_Q_RESET_B_sky130_fd_sc_hd__inv_2_Y/Y (sky130_fd_sc_hd__inv_2)
                                                         filter.y_out[11]_sky130_fd_sc_hd__dfrtp_2_Q_RESET_B (net)
                      0.070495    0.000194    7.172164 ^ filter.y_out[11]_sky130_fd_sc_hd__dfrtp_2_Q/RESET_B (sky130_fd_sc_hd__dfrtp_2)
                                              7.172164   data arrival time

                                 30.000000   30.000000   clock clk (rise edge)
                                  0.000000   30.000000   clock source latency
     1    0.042471    0.306377    0.217000   30.216999 ^ clk (in)
                                                         clk (net)
                      0.306741    0.000000   30.216999 ^ clkbuf_0_clk/A (sky130_fd_sc_hd__clkbuf_16)
     8    0.141131    0.236430    0.455319   30.672319 ^ clkbuf_0_clk/X (sky130_fd_sc_hd__clkbuf_16)
                                                         clknet_0_clk (net)
                      0.239980    0.023128   30.695448 ^ clkbuf_3_2__f_clk/A (sky130_fd_sc_hd__clkbuf_16)
     9    0.050824    0.108508    0.338403   31.033850 ^ clkbuf_3_2__f_clk/X (sky130_fd_sc_hd__clkbuf_16)
                                                         clknet_3_2__leaf_clk (net)
                      0.108752    0.004345   31.038195 ^ filter.y_out[11]_sky130_fd_sc_hd__dfrtp_2_Q/CLK (sky130_fd_sc_hd__dfrtp_2)
                                 -0.250000   30.788195   clock uncertainty
                                  0.000000   30.788195   clock reconvergence pessimism
                                  0.457292   31.245485   library recovery time
                                             31.245485   data required time
---------------------------------------------------------------------------------------------
                                             31.245485   data required time
                                             -7.172164   data arrival time
---------------------------------------------------------------------------------------------
                                             24.073320   slack (MET)


Startpoint: reset (input port clocked by clk)
Endpoint: filter.y_out[14]_sky130_fd_sc_hd__dfrtp_2_Q
          (recovery check against rising-edge clock clk)
Path Group: asynchronous
Path Type: max

Fanout         Cap        Slew       Delay        Time   Description
---------------------------------------------------------------------------------------------
                                  0.000000    0.000000   clock clk (rise edge)
                                  0.000000    0.000000   clock network delay (propagated)
                                  6.000000    6.000000 v input external delay
     1    0.002619    0.017768    0.008709    6.008708 v reset (in)
                                                         reset (net)
                      0.017769    0.000000    6.008708 v input1/A (sky130_fd_sc_hd__clkbuf_1)
     1    0.003663    0.059049    0.145001    6.153710 v input1/X (sky130_fd_sc_hd__clkbuf_1)
                                                         net1 (net)
                      0.059049    0.000216    6.153926 v fanout35/A (sky130_fd_sc_hd__clkbuf_4)
     5    0.069151    0.249711    0.403822    6.557748 v fanout35/X (sky130_fd_sc_hd__clkbuf_4)
                                                         net35 (net)
                      0.249907    0.004095    6.561843 v fanout28/A (sky130_fd_sc_hd__clkbuf_4)
     5    0.059944    0.222988    0.467697    7.029540 v fanout28/X (sky130_fd_sc_hd__clkbuf_4)
                                                         net28 (net)
                      0.224379    0.013694    7.043234 v filter.y_out[14]_sky130_fd_sc_hd__dfrtp_2_Q_RESET_B_sky130_fd_sc_hd__inv_2_Y/A (sky130_fd_sc_hd__inv_2)
     1    0.003504    0.069483    0.126513    7.169746 ^ filter.y_out[14]_sky130_fd_sc_hd__dfrtp_2_Q_RESET_B_sky130_fd_sc_hd__inv_2_Y/Y (sky130_fd_sc_hd__inv_2)
                                                         filter.y_out[14]_sky130_fd_sc_hd__dfrtp_2_Q_RESET_B (net)
                      0.069483    0.000185    7.169931 ^ filter.y_out[14]_sky130_fd_sc_hd__dfrtp_2_Q/RESET_B (sky130_fd_sc_hd__dfrtp_4)
                                              7.169931   data arrival time

                                 30.000000   30.000000   clock clk (rise edge)
                                  0.000000   30.000000   clock source latency
     1    0.042471    0.306377    0.217000   30.216999 ^ clk (in)
                                                         clk (net)
                      0.306741    0.000000   30.216999 ^ clkbuf_0_clk/A (sky130_fd_sc_hd__clkbuf_16)
     8    0.141131    0.236430    0.455319   30.672319 ^ clkbuf_0_clk/X (sky130_fd_sc_hd__clkbuf_16)
                                                         clknet_0_clk (net)
                      0.239980    0.023128   30.695448 ^ clkbuf_3_2__f_clk/A (sky130_fd_sc_hd__clkbuf_16)
     9    0.050824    0.108508    0.338403   31.033850 ^ clkbuf_3_2__f_clk/X (sky130_fd_sc_hd__clkbuf_16)
                                                         clknet_3_2__leaf_clk (net)
                      0.108668    0.003546   31.037395 ^ filter.y_out[14]_sky130_fd_sc_hd__dfrtp_2_Q/CLK (sky130_fd_sc_hd__dfrtp_4)
                                 -0.250000   30.787395   clock uncertainty
                                  0.000000   30.787395   clock reconvergence pessimism
                                  0.457007   31.244402   library recovery time
                                             31.244402   data required time
---------------------------------------------------------------------------------------------
                                             31.244402   data required time
                                             -7.169931   data arrival time
---------------------------------------------------------------------------------------------
                                             24.074471   slack (MET)


Startpoint: reset (input port clocked by clk)
Endpoint: filter.y_out[15]_sky130_fd_sc_hd__dfrtp_2_Q
          (recovery check against rising-edge clock clk)
Path Group: asynchronous
Path Type: max

Fanout         Cap        Slew       Delay        Time   Description
---------------------------------------------------------------------------------------------
                                  0.000000    0.000000   clock clk (rise edge)
                                  0.000000    0.000000   clock network delay (propagated)
                                  6.000000    6.000000 v input external delay
     1    0.002619    0.017768    0.008709    6.008708 v reset (in)
                                                         reset (net)
                      0.017769    0.000000    6.008708 v input1/A (sky130_fd_sc_hd__clkbuf_1)
     1    0.003663    0.059049    0.145001    6.153710 v input1/X (sky130_fd_sc_hd__clkbuf_1)
                                                         net1 (net)
                      0.059049    0.000216    6.153926 v fanout35/A (sky130_fd_sc_hd__clkbuf_4)
     5    0.069151    0.249711    0.403822    6.557748 v fanout35/X (sky130_fd_sc_hd__clkbuf_4)
                                                         net35 (net)
                      0.249907    0.004095    6.561843 v fanout28/A (sky130_fd_sc_hd__clkbuf_4)
     5    0.059944    0.222988    0.467697    7.029540 v fanout28/X (sky130_fd_sc_hd__clkbuf_4)
                                                         net28 (net)
                      0.224119    0.012265    7.041805 v filter.y_out[15]_sky130_fd_sc_hd__dfrtp_2_Q_RESET_B_sky130_fd_sc_hd__inv_2_Y/A (sky130_fd_sc_hd__inv_2)
     1    0.003463    0.069202    0.126064    7.167869 ^ filter.y_out[15]_sky130_fd_sc_hd__dfrtp_2_Q_RESET_B_sky130_fd_sc_hd__inv_2_Y/Y (sky130_fd_sc_hd__inv_2)
                                                         filter.y_out[15]_sky130_fd_sc_hd__dfrtp_2_Q_RESET_B (net)
                      0.069207    0.000182    7.168051 ^ filter.y_out[15]_sky130_fd_sc_hd__dfrtp_2_Q/RESET_B (sky130_fd_sc_hd__dfrtp_4)
                                              7.168051   data arrival time

                                 30.000000   30.000000   clock clk (rise edge)
                                  0.000000   30.000000   clock source latency
     1    0.042471    0.306377    0.217000   30.216999 ^ clk (in)
                                                         clk (net)
                      0.306741    0.000000   30.216999 ^ clkbuf_0_clk/A (sky130_fd_sc_hd__clkbuf_16)
     8    0.141131    0.236430    0.455319   30.672319 ^ clkbuf_0_clk/X (sky130_fd_sc_hd__clkbuf_16)
                                                         clknet_0_clk (net)
                      0.239980    0.023128   30.695448 ^ clkbuf_3_2__f_clk/A (sky130_fd_sc_hd__clkbuf_16)
     9    0.050824    0.108508    0.338403   31.033850 ^ clkbuf_3_2__f_clk/X (sky130_fd_sc_hd__clkbuf_16)
                                                         clknet_3_2__leaf_clk (net)
                      0.108564    0.002299   31.036148 ^ filter.y_out[15]_sky130_fd_sc_hd__dfrtp_2_Q/CLK (sky130_fd_sc_hd__dfrtp_4)
                                 -0.250000   30.786148   clock uncertainty
                                  0.000000   30.786148   clock reconvergence pessimism
                                  0.457101   31.243250   library recovery time
                                             31.243250   data required time
---------------------------------------------------------------------------------------------
                                             31.243250   data required time
                                             -7.168051   data arrival time
---------------------------------------------------------------------------------------------
                                             24.075199   slack (MET)


Startpoint: reset (input port clocked by clk)
Endpoint: filter.y_out[1]_sky130_fd_sc_hd__dfrtp_2_Q
          (recovery check against rising-edge clock clk)
Path Group: asynchronous
Path Type: max

Fanout         Cap        Slew       Delay        Time   Description
---------------------------------------------------------------------------------------------
                                  0.000000    0.000000   clock clk (rise edge)
                                  0.000000    0.000000   clock network delay (propagated)
                                  6.000000    6.000000 v input external delay
     1    0.002619    0.017768    0.008709    6.008708 v reset (in)
                                                         reset (net)
                      0.017769    0.000000    6.008708 v input1/A (sky130_fd_sc_hd__clkbuf_1)
     1    0.003663    0.059049    0.145001    6.153710 v input1/X (sky130_fd_sc_hd__clkbuf_1)
                                                         net1 (net)
                      0.059049    0.000216    6.153926 v fanout35/A (sky130_fd_sc_hd__clkbuf_4)
     5    0.069151    0.249711    0.403822    6.557748 v fanout35/X (sky130_fd_sc_hd__clkbuf_4)
                                                         net35 (net)
                      0.250331    0.009409    6.567157 v fanout33/A (sky130_fd_sc_hd__clkbuf_8)
    10    0.088047    0.178124    0.435193    7.002350 v fanout33/X (sky130_fd_sc_hd__clkbuf_8)
                                                         net33 (net)
                      0.179231    0.010736    7.013086 v filter.y_out[1]_sky130_fd_sc_hd__dfrtp_2_Q_RESET_B_sky130_fd_sc_hd__inv_2_Y/A (sky130_fd_sc_hd__inv_2)
     1    0.003664    0.061317    0.111660    7.124746 ^ filter.y_out[1]_sky130_fd_sc_hd__dfrtp_2_Q_RESET_B_sky130_fd_sc_hd__inv_2_Y/Y (sky130_fd_sc_hd__inv_2)
                                                         filter.y_out[1]_sky130_fd_sc_hd__dfrtp_2_Q_RESET_B (net)
                      0.061317    0.000194    7.124940 ^ filter.y_out[1]_sky130_fd_sc_hd__dfrtp_2_Q/RESET_B (sky130_fd_sc_hd__dfrtp_4)
                                              7.124940   data arrival time

                                 30.000000   30.000000   clock clk (rise edge)
                                  0.000000   30.000000   clock source latency
     1    0.042471    0.306377    0.217000   30.216999 ^ clk (in)
                                                         clk (net)
                      0.306741    0.000000   30.216999 ^ clkbuf_0_clk/A (sky130_fd_sc_hd__clkbuf_16)
     8    0.141131    0.236430    0.455319   30.672319 ^ clkbuf_0_clk/X (sky130_fd_sc_hd__clkbuf_16)
                                                         clknet_0_clk (net)
                      0.236930    0.009045   30.681364 ^ clkbuf_3_7__f_clk/A (sky130_fd_sc_hd__clkbuf_16)
     9    0.049760    0.106954    0.335429   31.016794 ^ clkbuf_3_7__f_clk/X (sky130_fd_sc_hd__clkbuf_16)
                                                         clknet_3_7__leaf_clk (net)
                      0.107356    0.005482   31.022276 ^ filter.y_out[1]_sky130_fd_sc_hd__dfrtp_2_Q/CLK (sky130_fd_sc_hd__dfrtp_4)
                                 -0.250000   30.772274   clock uncertainty
                                  0.000000   30.772274   clock reconvergence pessimism
                                  0.460387   31.232660   library recovery time
                                             31.232660   data required time
---------------------------------------------------------------------------------------------
                                             31.232660   data required time
                                             -7.124940   data arrival time
---------------------------------------------------------------------------------------------
                                             24.107721   slack (MET)


Startpoint: reset (input port clocked by clk)
Endpoint: filter.y_out[3]_sky130_fd_sc_hd__dfrtp_2_Q
          (recovery check against rising-edge clock clk)
Path Group: asynchronous
Path Type: max

Fanout         Cap        Slew       Delay        Time   Description
---------------------------------------------------------------------------------------------
                                  0.000000    0.000000   clock clk (rise edge)
                                  0.000000    0.000000   clock network delay (propagated)
                                  6.000000    6.000000 v input external delay
     1    0.002619    0.017768    0.008709    6.008708 v reset (in)
                                                         reset (net)
                      0.017769    0.000000    6.008708 v input1/A (sky130_fd_sc_hd__clkbuf_1)
     1    0.003663    0.059049    0.145001    6.153710 v input1/X (sky130_fd_sc_hd__clkbuf_1)
                                                         net1 (net)
                      0.059049    0.000216    6.153926 v fanout35/A (sky130_fd_sc_hd__clkbuf_4)
     5    0.069151    0.249711    0.403822    6.557748 v fanout35/X (sky130_fd_sc_hd__clkbuf_4)
                                                         net35 (net)
                      0.250331    0.009409    6.567157 v fanout33/A (sky130_fd_sc_hd__clkbuf_8)
    10    0.088047    0.178124    0.435193    7.002350 v fanout33/X (sky130_fd_sc_hd__clkbuf_8)
                                                         net33 (net)
                      0.178641    0.006858    7.009208 v filter.y_out[3]_sky130_fd_sc_hd__dfrtp_2_Q_RESET_B_sky130_fd_sc_hd__inv_2_Y/A (sky130_fd_sc_hd__inv_2)
     1    0.003597    0.060817    0.110899    7.120107 ^ filter.y_out[3]_sky130_fd_sc_hd__dfrtp_2_Q_RESET_B_sky130_fd_sc_hd__inv_2_Y/Y (sky130_fd_sc_hd__inv_2)
                                                         filter.y_out[3]_sky130_fd_sc_hd__dfrtp_2_Q_RESET_B (net)
                      0.060817    0.000188    7.120295 ^ filter.y_out[3]_sky130_fd_sc_hd__dfrtp_2_Q/RESET_B (sky130_fd_sc_hd__dfrtp_4)
                                              7.120295   data arrival time

                                 30.000000   30.000000   clock clk (rise edge)
                                  0.000000   30.000000   clock source latency
     1    0.042471    0.306377    0.217000   30.216999 ^ clk (in)
                                                         clk (net)
                      0.306741    0.000000   30.216999 ^ clkbuf_0_clk/A (sky130_fd_sc_hd__clkbuf_16)
     8    0.141131    0.236430    0.455319   30.672319 ^ clkbuf_0_clk/X (sky130_fd_sc_hd__clkbuf_16)
                                                         clknet_0_clk (net)
                      0.236930    0.009045   30.681364 ^ clkbuf_3_7__f_clk/A (sky130_fd_sc_hd__clkbuf_16)
     9    0.049760    0.106954    0.335429   31.016794 ^ clkbuf_3_7__f_clk/X (sky130_fd_sc_hd__clkbuf_16)
                                                         clknet_3_7__leaf_clk (net)
                      0.107125    0.003681   31.020473 ^ filter.y_out[3]_sky130_fd_sc_hd__dfrtp_2_Q/CLK (sky130_fd_sc_hd__dfrtp_4)
                                 -0.250000   30.770473   clock uncertainty
                                  0.000000   30.770473   clock reconvergence pessimism
                                  0.460544   31.231014   library recovery time
                                             31.231014   data required time
---------------------------------------------------------------------------------------------
                                             31.231014   data required time
                                             -7.120295   data arrival time
---------------------------------------------------------------------------------------------
                                             24.110720   slack (MET)


Startpoint: reset (input port clocked by clk)
Endpoint: spi_in.shift_reg[5]_sky130_fd_sc_hd__dfrtp_2_Q
          (recovery check against rising-edge clock clk)
Path Group: asynchronous
Path Type: max

Fanout         Cap        Slew       Delay        Time   Description
---------------------------------------------------------------------------------------------
                                  0.000000    0.000000   clock clk (rise edge)
                                  0.000000    0.000000   clock network delay (propagated)
                                  6.000000    6.000000 v input external delay
     1    0.002619    0.017768    0.008709    6.008708 v reset (in)
                                                         reset (net)
                      0.017769    0.000000    6.008708 v input1/A (sky130_fd_sc_hd__clkbuf_1)
     1    0.003663    0.059049    0.145001    6.153710 v input1/X (sky130_fd_sc_hd__clkbuf_1)
                                                         net1 (net)
                      0.059049    0.000216    6.153926 v fanout35/A (sky130_fd_sc_hd__clkbuf_4)
     5    0.069151    0.249711    0.403822    6.557748 v fanout35/X (sky130_fd_sc_hd__clkbuf_4)
                                                         net35 (net)
                      0.249838    0.002164    6.559912 v fanout32/A (sky130_fd_sc_hd__clkbuf_4)
     8    0.053852    0.202698    0.454230    7.014143 v fanout32/X (sky130_fd_sc_hd__clkbuf_4)
                                                         net32 (net)
                      0.203450    0.009362    7.023505 v spi_in.shift_reg[5]_sky130_fd_sc_hd__dfrtp_2_Q_RESET_B_sky130_fd_sc_hd__inv_2_Y/A (sky130_fd_sc_hd__inv_2)
     1    0.004242    0.069691    0.125671    7.149176 ^ spi_in.shift_reg[5]_sky130_fd_sc_hd__dfrtp_2_Q_RESET_B_sky130_fd_sc_hd__inv_2_Y/Y (sky130_fd_sc_hd__inv_2)
                                                         spi_in.shift_reg[5]_sky130_fd_sc_hd__dfrtp_2_Q_RESET_B (net)
                      0.069691    0.000111    7.149287 ^ spi_in.shift_reg[5]_sky130_fd_sc_hd__dfrtp_2_Q/RESET_B (sky130_fd_sc_hd__dfrtp_1)
                                              7.149287   data arrival time

                                 30.000000   30.000000   clock clk (rise edge)
                                  0.000000   30.000000   clock source latency
     1    0.042471    0.306377    0.217000   30.216999 ^ clk (in)
                                                         clk (net)
                      0.306741    0.000000   30.216999 ^ clkbuf_0_clk/A (sky130_fd_sc_hd__clkbuf_16)
     8    0.141131    0.236430    0.455319   30.672319 ^ clkbuf_0_clk/X (sky130_fd_sc_hd__clkbuf_16)
                                                         clknet_0_clk (net)
                      0.238580    0.018154   30.690474 ^ clkbuf_3_5__f_clk/A (sky130_fd_sc_hd__clkbuf_16)
    13    0.053542    0.111953    0.340858   31.031332 ^ clkbuf_3_5__f_clk/X (sky130_fd_sc_hd__clkbuf_16)
                                                         clknet_3_5__leaf_clk (net)
                      0.112013    0.002323   31.033655 ^ spi_in.shift_reg[5]_sky130_fd_sc_hd__dfrtp_2_Q/CLK (sky130_fd_sc_hd__dfrtp_1)
                                 -0.250000   30.783653   clock uncertainty
                                  0.000000   30.783653   clock reconvergence pessimism
                                  0.476685   31.260340   library recovery time
                                             31.260340   data required time
---------------------------------------------------------------------------------------------
                                             31.260340   data required time
                                             -7.149287   data arrival time
---------------------------------------------------------------------------------------------
                                             24.111053   slack (MET)


Startpoint: reset (input port clocked by clk)
Endpoint: filter.x_in[5]_sky130_fd_sc_hd__dfrtp_2_Q
          (recovery check against rising-edge clock clk)
Path Group: asynchronous
Path Type: max

Fanout         Cap        Slew       Delay        Time   Description
---------------------------------------------------------------------------------------------
                                  0.000000    0.000000   clock clk (rise edge)
                                  0.000000    0.000000   clock network delay (propagated)
                                  6.000000    6.000000 v input external delay
     1    0.002619    0.017768    0.008709    6.008708 v reset (in)
                                                         reset (net)
                      0.017769    0.000000    6.008708 v input1/A (sky130_fd_sc_hd__clkbuf_1)
     1    0.003663    0.059049    0.145001    6.153710 v input1/X (sky130_fd_sc_hd__clkbuf_1)
                                                         net1 (net)
                      0.059049    0.000216    6.153926 v fanout35/A (sky130_fd_sc_hd__clkbuf_4)
     5    0.069151    0.249711    0.403822    6.557748 v fanout35/X (sky130_fd_sc_hd__clkbuf_4)
                                                         net35 (net)
                      0.249838    0.002164    6.559912 v fanout32/A (sky130_fd_sc_hd__clkbuf_4)
     8    0.053852    0.202698    0.454230    7.014143 v fanout32/X (sky130_fd_sc_hd__clkbuf_4)
                                                         net32 (net)
                      0.203593    0.010312    7.024455 v filter.x_in[5]_sky130_fd_sc_hd__dfrtp_2_Q_RESET_B_sky130_fd_sc_hd__inv_2_Y/A (sky130_fd_sc_hd__inv_2)
     1    0.003788    0.066961    0.121659    7.146114 ^ filter.x_in[5]_sky130_fd_sc_hd__dfrtp_2_Q_RESET_B_sky130_fd_sc_hd__inv_2_Y/Y (sky130_fd_sc_hd__inv_2)
                                                         filter.x_in[5]_sky130_fd_sc_hd__dfrtp_2_Q_RESET_B (net)
                      0.066961    0.000200    7.146314 ^ filter.x_in[5]_sky130_fd_sc_hd__dfrtp_2_Q/RESET_B (sky130_fd_sc_hd__dfrtp_1)
                                              7.146314   data arrival time

                                 30.000000   30.000000   clock clk (rise edge)
                                  0.000000   30.000000   clock source latency
     1    0.042471    0.306377    0.217000   30.216999 ^ clk (in)
                                                         clk (net)
                      0.306741    0.000000   30.216999 ^ clkbuf_0_clk/A (sky130_fd_sc_hd__clkbuf_16)
     8    0.141131    0.236430    0.455319   30.672319 ^ clkbuf_0_clk/X (sky130_fd_sc_hd__clkbuf_16)
                                                         clknet_0_clk (net)
                      0.238580    0.018154   30.690474 ^ clkbuf_3_5__f_clk/A (sky130_fd_sc_hd__clkbuf_16)
    13    0.053542    0.111953    0.340858   31.031332 ^ clkbuf_3_5__f_clk/X (sky130_fd_sc_hd__clkbuf_16)
                                                         clknet_3_5__leaf_clk (net)
                      0.112021    0.002455   31.033787 ^ filter.x_in[5]_sky130_fd_sc_hd__dfrtp_2_Q/CLK (sky130_fd_sc_hd__dfrtp_1)
                                 -0.250000   30.783785   clock uncertainty
                                  0.000000   30.783785   clock reconvergence pessimism
                                  0.477696   31.261480   library recovery time
                                             31.261480   data required time
---------------------------------------------------------------------------------------------
                                             31.261480   data required time
                                             -7.146314   data arrival time
---------------------------------------------------------------------------------------------
                                             24.115166   slack (MET)


Startpoint: reset (input port clocked by clk)
Endpoint: filter.y_out[2]_sky130_fd_sc_hd__dfrtp_2_Q
          (recovery check against rising-edge clock clk)
Path Group: asynchronous
Path Type: max

Fanout         Cap        Slew       Delay        Time   Description
---------------------------------------------------------------------------------------------
                                  0.000000    0.000000   clock clk (rise edge)
                                  0.000000    0.000000   clock network delay (propagated)
                                  6.000000    6.000000 v input external delay
     1    0.002619    0.017768    0.008709    6.008708 v reset (in)
                                                         reset (net)
                      0.017769    0.000000    6.008708 v input1/A (sky130_fd_sc_hd__clkbuf_1)
     1    0.003663    0.059049    0.145001    6.153710 v input1/X (sky130_fd_sc_hd__clkbuf_1)
                                                         net1 (net)
                      0.059049    0.000216    6.153926 v fanout35/A (sky130_fd_sc_hd__clkbuf_4)
     5    0.069151    0.249711    0.403822    6.557748 v fanout35/X (sky130_fd_sc_hd__clkbuf_4)
                                                         net35 (net)
                      0.250331    0.009409    6.567157 v fanout33/A (sky130_fd_sc_hd__clkbuf_8)
    10    0.088047    0.178124    0.435193    7.002350 v fanout33/X (sky130_fd_sc_hd__clkbuf_8)
                                                         net33 (net)
                      0.179803    0.013399    7.015749 v filter.y_out[2]_sky130_fd_sc_hd__dfrtp_2_Q_RESET_B_sky130_fd_sc_hd__inv_2_Y/A (sky130_fd_sc_hd__inv_2)
     1    0.003805    0.062242    0.113019    7.128768 ^ filter.y_out[2]_sky130_fd_sc_hd__dfrtp_2_Q_RESET_B_sky130_fd_sc_hd__inv_2_Y/Y (sky130_fd_sc_hd__inv_2)
                                                         filter.y_out[2]_sky130_fd_sc_hd__dfrtp_2_Q_RESET_B (net)
                      0.062242    0.000201    7.128970 ^ filter.y_out[2]_sky130_fd_sc_hd__dfrtp_2_Q/RESET_B (sky130_fd_sc_hd__dfrtp_4)
                                              7.128970   data arrival time

                                 30.000000   30.000000   clock clk (rise edge)
                                  0.000000   30.000000   clock source latency
     1    0.042471    0.306377    0.217000   30.216999 ^ clk (in)
                                                         clk (net)
                      0.306741    0.000000   30.216999 ^ clkbuf_0_clk/A (sky130_fd_sc_hd__clkbuf_16)
     8    0.141131    0.236430    0.455319   30.672319 ^ clkbuf_0_clk/X (sky130_fd_sc_hd__clkbuf_16)
                                                         clknet_0_clk (net)
                      0.236864    0.008455   30.680775 ^ clkbuf_3_6__f_clk/A (sky130_fd_sc_hd__clkbuf_16)
     9    0.059836    0.120431    0.346695   31.027470 ^ clkbuf_3_6__f_clk/X (sky130_fd_sc_hd__clkbuf_16)
                                                         clknet_3_6__leaf_clk (net)
                      0.120525    0.003009   31.030479 ^ filter.y_out[2]_sky130_fd_sc_hd__dfrtp_2_Q/CLK (sky130_fd_sc_hd__dfrtp_4)
                                 -0.250000   30.780478   clock uncertainty
                                  0.000000   30.780478   clock reconvergence pessimism
                                  0.464341   31.244818   library recovery time
                                             31.244818   data required time
---------------------------------------------------------------------------------------------
                                             31.244818   data required time
                                             -7.128970   data arrival time
---------------------------------------------------------------------------------------------
                                             24.115849   slack (MET)


Startpoint: reset (input port clocked by clk)
Endpoint: spi_in.shift_reg[4]_sky130_fd_sc_hd__dfrtp_2_Q
          (recovery check against rising-edge clock clk)
Path Group: asynchronous
Path Type: max

Fanout         Cap        Slew       Delay        Time   Description
---------------------------------------------------------------------------------------------
                                  0.000000    0.000000   clock clk (rise edge)
                                  0.000000    0.000000   clock network delay (propagated)
                                  6.000000    6.000000 v input external delay
     1    0.002619    0.017768    0.008709    6.008708 v reset (in)
                                                         reset (net)
                      0.017769    0.000000    6.008708 v input1/A (sky130_fd_sc_hd__clkbuf_1)
     1    0.003663    0.059049    0.145001    6.153710 v input1/X (sky130_fd_sc_hd__clkbuf_1)
                                                         net1 (net)
                      0.059049    0.000216    6.153926 v fanout35/A (sky130_fd_sc_hd__clkbuf_4)
     5    0.069151    0.249711    0.403822    6.557748 v fanout35/X (sky130_fd_sc_hd__clkbuf_4)
                                                         net35 (net)
                      0.249838    0.002164    6.559912 v fanout32/A (sky130_fd_sc_hd__clkbuf_4)
     8    0.053852    0.202698    0.454230    7.014143 v fanout32/X (sky130_fd_sc_hd__clkbuf_4)
                                                         net32 (net)
                      0.203705    0.010992    7.025134 v spi_in.shift_reg[4]_sky130_fd_sc_hd__dfrtp_2_Q_RESET_B_sky130_fd_sc_hd__inv_2_Y/A (sky130_fd_sc_hd__inv_2)
     1    0.003566    0.065697    0.119723    7.144857 ^ spi_in.shift_reg[4]_sky130_fd_sc_hd__dfrtp_2_Q_RESET_B_sky130_fd_sc_hd__inv_2_Y/Y (sky130_fd_sc_hd__inv_2)
                                                         spi_in.shift_reg[4]_sky130_fd_sc_hd__dfrtp_2_Q_RESET_B (net)
                      0.065697    0.000190    7.145047 ^ spi_in.shift_reg[4]_sky130_fd_sc_hd__dfrtp_2_Q/RESET_B (sky130_fd_sc_hd__dfrtp_1)
                                              7.145047   data arrival time

                                 30.000000   30.000000   clock clk (rise edge)
                                  0.000000   30.000000   clock source latency
     1    0.042471    0.306377    0.217000   30.216999 ^ clk (in)
                                                         clk (net)
                      0.306741    0.000000   30.216999 ^ clkbuf_0_clk/A (sky130_fd_sc_hd__clkbuf_16)
     8    0.141131    0.236430    0.455319   30.672319 ^ clkbuf_0_clk/X (sky130_fd_sc_hd__clkbuf_16)
                                                         clknet_0_clk (net)
                      0.238580    0.018154   30.690474 ^ clkbuf_3_5__f_clk/A (sky130_fd_sc_hd__clkbuf_16)
    13    0.053542    0.111953    0.340858   31.031332 ^ clkbuf_3_5__f_clk/X (sky130_fd_sc_hd__clkbuf_16)
                                                         clknet_3_5__leaf_clk (net)
                      0.112045    0.002792   31.034124 ^ spi_in.shift_reg[4]_sky130_fd_sc_hd__dfrtp_2_Q/CLK (sky130_fd_sc_hd__dfrtp_1)
                                 -0.250000   30.784122   clock uncertainty
                                  0.000000   30.784122   clock reconvergence pessimism
                                  0.478171   31.262293   library recovery time
                                             31.262293   data required time
---------------------------------------------------------------------------------------------
                                             31.262293   data required time
                                             -7.145047   data arrival time
---------------------------------------------------------------------------------------------
                                             24.117247   slack (MET)


Startpoint: reset (input port clocked by clk)
Endpoint: filter.y_out[0]_sky130_fd_sc_hd__dfrtp_2_Q
          (recovery check against rising-edge clock clk)
Path Group: asynchronous
Path Type: max

Fanout         Cap        Slew       Delay        Time   Description
---------------------------------------------------------------------------------------------
                                  0.000000    0.000000   clock clk (rise edge)
                                  0.000000    0.000000   clock network delay (propagated)
                                  6.000000    6.000000 v input external delay
     1    0.002619    0.017768    0.008709    6.008708 v reset (in)
                                                         reset (net)
                      0.017769    0.000000    6.008708 v input1/A (sky130_fd_sc_hd__clkbuf_1)
     1    0.003663    0.059049    0.145001    6.153710 v input1/X (sky130_fd_sc_hd__clkbuf_1)
                                                         net1 (net)
                      0.059049    0.000216    6.153926 v fanout35/A (sky130_fd_sc_hd__clkbuf_4)
     5    0.069151    0.249711    0.403822    6.557748 v fanout35/X (sky130_fd_sc_hd__clkbuf_4)
                                                         net35 (net)
                      0.250331    0.009409    6.567157 v fanout33/A (sky130_fd_sc_hd__clkbuf_8)
    10    0.088047    0.178124    0.435193    7.002350 v fanout33/X (sky130_fd_sc_hd__clkbuf_8)
                                                         net33 (net)
                      0.180168    0.014840    7.017190 v filter.y_out[0]_sky130_fd_sc_hd__dfrtp_2_Q_RESET_B_sky130_fd_sc_hd__inv_2_Y/A (sky130_fd_sc_hd__inv_2)
     1    0.003535    0.060778    0.110946    7.128137 ^ filter.y_out[0]_sky130_fd_sc_hd__dfrtp_2_Q_RESET_B_sky130_fd_sc_hd__inv_2_Y/Y (sky130_fd_sc_hd__inv_2)
                                                         filter.y_out[0]_sky130_fd_sc_hd__dfrtp_2_Q_RESET_B (net)
                      0.060778    0.000187    7.128324 ^ filter.y_out[0]_sky130_fd_sc_hd__dfrtp_2_Q/RESET_B (sky130_fd_sc_hd__dfrtp_4)
                                              7.128324   data arrival time

                                 30.000000   30.000000   clock clk (rise edge)
                                  0.000000   30.000000   clock source latency
     1    0.042471    0.306377    0.217000   30.216999 ^ clk (in)
                                                         clk (net)
                      0.306741    0.000000   30.216999 ^ clkbuf_0_clk/A (sky130_fd_sc_hd__clkbuf_16)
     8    0.141131    0.236430    0.455319   30.672319 ^ clkbuf_0_clk/X (sky130_fd_sc_hd__clkbuf_16)
                                                         clknet_0_clk (net)
                      0.236864    0.008455   30.680775 ^ clkbuf_3_6__f_clk/A (sky130_fd_sc_hd__clkbuf_16)
     9    0.059836    0.120431    0.346695   31.027470 ^ clkbuf_3_6__f_clk/X (sky130_fd_sc_hd__clkbuf_16)
                                                         clknet_3_6__leaf_clk (net)
                      0.120592    0.003794   31.031263 ^ filter.y_out[0]_sky130_fd_sc_hd__dfrtp_2_Q/CLK (sky130_fd_sc_hd__dfrtp_4)
                                 -0.250000   30.781263   clock uncertainty
                                  0.000000   30.781263   clock reconvergence pessimism
                                  0.465047   31.246309   library recovery time
                                             31.246309   data required time
---------------------------------------------------------------------------------------------
                                             31.246309   data required time
                                             -7.128324   data arrival time
---------------------------------------------------------------------------------------------
                                             24.117987   slack (MET)


Startpoint: reset (input port clocked by clk)
Endpoint: spi_in.bit_cnt[3]_sky130_fd_sc_hd__dfrtp_2_Q
          (recovery check against rising-edge clock clk)
Path Group: asynchronous
Path Type: max

Fanout         Cap        Slew       Delay        Time   Description
---------------------------------------------------------------------------------------------
                                  0.000000    0.000000   clock clk (rise edge)
                                  0.000000    0.000000   clock network delay (propagated)
                                  6.000000    6.000000 v input external delay
     1    0.002619    0.017768    0.008709    6.008708 v reset (in)
                                                         reset (net)
                      0.017769    0.000000    6.008708 v input1/A (sky130_fd_sc_hd__clkbuf_1)
     1    0.003663    0.059049    0.145001    6.153710 v input1/X (sky130_fd_sc_hd__clkbuf_1)
                                                         net1 (net)
                      0.059049    0.000216    6.153926 v fanout35/A (sky130_fd_sc_hd__clkbuf_4)
     5    0.069151    0.249711    0.403822    6.557748 v fanout35/X (sky130_fd_sc_hd__clkbuf_4)
                                                         net35 (net)
                      0.249838    0.002164    6.559912 v fanout32/A (sky130_fd_sc_hd__clkbuf_4)
     8    0.053852    0.202698    0.454230    7.014143 v fanout32/X (sky130_fd_sc_hd__clkbuf_4)
                                                         net32 (net)
                      0.203155    0.006960    7.021102 v spi_in.bit_cnt[3]_sky130_fd_sc_hd__dfrtp_2_Q_RESET_B_sky130_fd_sc_hd__inv_2_Y/A (sky130_fd_sc_hd__inv_2)
     1    0.003799    0.066934    0.121586    7.142689 ^ spi_in.bit_cnt[3]_sky130_fd_sc_hd__dfrtp_2_Q_RESET_B_sky130_fd_sc_hd__inv_2_Y/Y (sky130_fd_sc_hd__inv_2)
                                                         spi_in.bit_cnt[3]_sky130_fd_sc_hd__dfrtp_2_Q_RESET_B (net)
                      0.066934    0.000201    7.142890 ^ spi_in.bit_cnt[3]_sky130_fd_sc_hd__dfrtp_2_Q/RESET_B (sky130_fd_sc_hd__dfrtp_1)
                                              7.142890   data arrival time

                                 30.000000   30.000000   clock clk (rise edge)
                                  0.000000   30.000000   clock source latency
     1    0.042471    0.306377    0.217000   30.216999 ^ clk (in)
                                                         clk (net)
                      0.306741    0.000000   30.216999 ^ clkbuf_0_clk/A (sky130_fd_sc_hd__clkbuf_16)
     8    0.141131    0.236430    0.455319   30.672319 ^ clkbuf_0_clk/X (sky130_fd_sc_hd__clkbuf_16)
                                                         clknet_0_clk (net)
                      0.238580    0.018154   30.690474 ^ clkbuf_3_5__f_clk/A (sky130_fd_sc_hd__clkbuf_16)
    13    0.053542    0.111953    0.340858   31.031332 ^ clkbuf_3_5__f_clk/X (sky130_fd_sc_hd__clkbuf_16)
                                                         clknet_3_5__leaf_clk (net)
                      0.112001    0.002132   31.033463 ^ spi_in.bit_cnt[3]_sky130_fd_sc_hd__dfrtp_2_Q/CLK (sky130_fd_sc_hd__dfrtp_1)
                                 -0.250000   30.783463   clock uncertainty
                                  0.000000   30.783463   clock reconvergence pessimism
                                  0.477699   31.261160   library recovery time
                                             31.261160   data required time
---------------------------------------------------------------------------------------------
                                             31.261160   data required time
                                             -7.142890   data arrival time
---------------------------------------------------------------------------------------------
                                             24.118269   slack (MET)


Startpoint: reset (input port clocked by clk)
Endpoint: filter.x_in[4]_sky130_fd_sc_hd__dfrtp_2_Q
          (recovery check against rising-edge clock clk)
Path Group: asynchronous
Path Type: max

Fanout         Cap        Slew       Delay        Time   Description
---------------------------------------------------------------------------------------------
                                  0.000000    0.000000   clock clk (rise edge)
                                  0.000000    0.000000   clock network delay (propagated)
                                  6.000000    6.000000 v input external delay
     1    0.002619    0.017768    0.008709    6.008708 v reset (in)
                                                         reset (net)
                      0.017769    0.000000    6.008708 v input1/A (sky130_fd_sc_hd__clkbuf_1)
     1    0.003663    0.059049    0.145001    6.153710 v input1/X (sky130_fd_sc_hd__clkbuf_1)
                                                         net1 (net)
                      0.059049    0.000216    6.153926 v fanout35/A (sky130_fd_sc_hd__clkbuf_4)
     5    0.069151    0.249711    0.403822    6.557748 v fanout35/X (sky130_fd_sc_hd__clkbuf_4)
                                                         net35 (net)
                      0.249838    0.002164    6.559912 v fanout32/A (sky130_fd_sc_hd__clkbuf_4)
     8    0.053852    0.202698    0.454230    7.014143 v fanout32/X (sky130_fd_sc_hd__clkbuf_4)
                                                         net32 (net)
                      0.203746    0.011231    7.025373 v filter.x_in[4]_sky130_fd_sc_hd__dfrtp_2_Q_RESET_B_sky130_fd_sc_hd__inv_2_Y/A (sky130_fd_sc_hd__inv_2)
     1    0.003441    0.065009    0.118633    7.144006 ^ filter.x_in[4]_sky130_fd_sc_hd__dfrtp_2_Q_RESET_B_sky130_fd_sc_hd__inv_2_Y/Y (sky130_fd_sc_hd__inv_2)
                                                         filter.x_in[4]_sky130_fd_sc_hd__dfrtp_2_Q_RESET_B (net)
                      0.065009    0.000182    7.144187 ^ filter.x_in[4]_sky130_fd_sc_hd__dfrtp_2_Q/RESET_B (sky130_fd_sc_hd__dfrtp_1)
                                              7.144187   data arrival time

                                 30.000000   30.000000   clock clk (rise edge)
                                  0.000000   30.000000   clock source latency
     1    0.042471    0.306377    0.217000   30.216999 ^ clk (in)
                                                         clk (net)
                      0.306741    0.000000   30.216999 ^ clkbuf_0_clk/A (sky130_fd_sc_hd__clkbuf_16)
     8    0.141131    0.236430    0.455319   30.672319 ^ clkbuf_0_clk/X (sky130_fd_sc_hd__clkbuf_16)
                                                         clknet_0_clk (net)
                      0.238580    0.018154   30.690474 ^ clkbuf_3_5__f_clk/A (sky130_fd_sc_hd__clkbuf_16)
    13    0.053542    0.111953    0.340858   31.031332 ^ clkbuf_3_5__f_clk/X (sky130_fd_sc_hd__clkbuf_16)
                                                         clknet_3_5__leaf_clk (net)
                      0.112052    0.002874   31.034204 ^ filter.x_in[4]_sky130_fd_sc_hd__dfrtp_2_Q/CLK (sky130_fd_sc_hd__dfrtp_1)
                                 -0.250000   30.784204   clock uncertainty
                                  0.000000   30.784204   clock reconvergence pessimism
                                  0.478427   31.262630   library recovery time
                                             31.262630   data required time
---------------------------------------------------------------------------------------------
                                             31.262630   data required time
                                             -7.144187   data arrival time
---------------------------------------------------------------------------------------------
                                             24.118443   slack (MET)


Startpoint: reset (input port clocked by clk)
Endpoint: spi_out.bit_cnt[1]_sky130_fd_sc_hd__dfrtp_2_Q
          (recovery check against rising-edge clock clk)
Path Group: asynchronous
Path Type: max

Fanout         Cap        Slew       Delay        Time   Description
---------------------------------------------------------------------------------------------
                                  0.000000    0.000000   clock clk (rise edge)
                                  0.000000    0.000000   clock network delay (propagated)
                                  6.000000    6.000000 v input external delay
     1    0.002619    0.017768    0.008709    6.008708 v reset (in)
                                                         reset (net)
                      0.017769    0.000000    6.008708 v input1/A (sky130_fd_sc_hd__clkbuf_1)
     1    0.003663    0.059049    0.145001    6.153710 v input1/X (sky130_fd_sc_hd__clkbuf_1)
                                                         net1 (net)
                      0.059049    0.000216    6.153926 v fanout35/A (sky130_fd_sc_hd__clkbuf_4)
     5    0.069151    0.249711    0.403822    6.557748 v fanout35/X (sky130_fd_sc_hd__clkbuf_4)
                                                         net35 (net)
                      0.249838    0.002164    6.559912 v fanout32/A (sky130_fd_sc_hd__clkbuf_4)
     8    0.053852    0.202698    0.454230    7.014143 v fanout32/X (sky130_fd_sc_hd__clkbuf_4)
                                                         net32 (net)
                      0.202898    0.005911    7.020053 v spi_out.bit_cnt[1]_sky130_fd_sc_hd__dfrtp_2_Q_RESET_B_sky130_fd_sc_hd__inv_2_Y/A (sky130_fd_sc_hd__inv_2)
     1    0.003712    0.066375    0.120725    7.140778 ^ spi_out.bit_cnt[1]_sky130_fd_sc_hd__dfrtp_2_Q_RESET_B_sky130_fd_sc_hd__inv_2_Y/Y (sky130_fd_sc_hd__inv_2)
                                                         spi_out.bit_cnt[1]_sky130_fd_sc_hd__dfrtp_2_Q_RESET_B (net)
                      0.066375    0.000199    7.140977 ^ spi_out.bit_cnt[1]_sky130_fd_sc_hd__dfrtp_2_Q/RESET_B (sky130_fd_sc_hd__dfrtp_1)
                                              7.140977   data arrival time

                                 30.000000   30.000000   clock clk (rise edge)
                                  0.000000   30.000000   clock source latency
     1    0.042471    0.306377    0.217000   30.216999 ^ clk (in)
                                                         clk (net)
                      0.306741    0.000000   30.216999 ^ clkbuf_0_clk/A (sky130_fd_sc_hd__clkbuf_16)
     8    0.141131    0.236430    0.455319   30.672319 ^ clkbuf_0_clk/X (sky130_fd_sc_hd__clkbuf_16)
                                                         clknet_0_clk (net)
                      0.238580    0.018154   30.690474 ^ clkbuf_3_5__f_clk/A (sky130_fd_sc_hd__clkbuf_16)
    13    0.053542    0.111953    0.340858   31.031332 ^ clkbuf_3_5__f_clk/X (sky130_fd_sc_hd__clkbuf_16)
                                                         clknet_3_5__leaf_clk (net)
                      0.112023    0.002476   31.033808 ^ spi_out.bit_cnt[1]_sky130_fd_sc_hd__dfrtp_2_Q/CLK (sky130_fd_sc_hd__dfrtp_1)
                                 -0.250000   30.783806   clock uncertainty
                                  0.000000   30.783806   clock reconvergence pessimism
                                  0.477913   31.261717   library recovery time
                                             31.261717   data required time
---------------------------------------------------------------------------------------------
                                             31.261717   data required time
                                             -7.140977   data arrival time
---------------------------------------------------------------------------------------------
                                             24.120739   slack (MET)


Startpoint: reset (input port clocked by clk)
Endpoint: filter.y_out[7]_sky130_fd_sc_hd__dfrtp_2_Q
          (recovery check against rising-edge clock clk)
Path Group: asynchronous
Path Type: max

Fanout         Cap        Slew       Delay        Time   Description
---------------------------------------------------------------------------------------------
                                  0.000000    0.000000   clock clk (rise edge)
                                  0.000000    0.000000   clock network delay (propagated)
                                  6.000000    6.000000 v input external delay
     1    0.002619    0.017768    0.008709    6.008708 v reset (in)
                                                         reset (net)
                      0.017769    0.000000    6.008708 v input1/A (sky130_fd_sc_hd__clkbuf_1)
     1    0.003663    0.059049    0.145001    6.153710 v input1/X (sky130_fd_sc_hd__clkbuf_1)
                                                         net1 (net)
                      0.059049    0.000216    6.153926 v fanout35/A (sky130_fd_sc_hd__clkbuf_4)
     5    0.069151    0.249711    0.403822    6.557748 v fanout35/X (sky130_fd_sc_hd__clkbuf_4)
                                                         net35 (net)
                      0.249862    0.002975    6.560723 v fanout30/A (sky130_fd_sc_hd__clkbuf_4)
     5    0.048204    0.184551    0.440664    7.001387 v fanout30/X (sky130_fd_sc_hd__clkbuf_4)
                                                         net30 (net)
                      0.185157    0.009120    7.010507 v filter.y_out[7]_sky130_fd_sc_hd__dfrtp_2_Q_RESET_B_sky130_fd_sc_hd__inv_2_Y/A (sky130_fd_sc_hd__inv_2)
     1    0.003648    0.062419    0.113686    7.124193 ^ filter.y_out[7]_sky130_fd_sc_hd__dfrtp_2_Q_RESET_B_sky130_fd_sc_hd__inv_2_Y/Y (sky130_fd_sc_hd__inv_2)
                                                         filter.y_out[7]_sky130_fd_sc_hd__dfrtp_2_Q_RESET_B (net)
                      0.062419    0.000193    7.124386 ^ filter.y_out[7]_sky130_fd_sc_hd__dfrtp_2_Q/RESET_B (sky130_fd_sc_hd__dfrtp_4)
                                              7.124386   data arrival time

                                 30.000000   30.000000   clock clk (rise edge)
                                  0.000000   30.000000   clock source latency
     1    0.042471    0.306377    0.217000   30.216999 ^ clk (in)
                                                         clk (net)
                      0.306741    0.000000   30.216999 ^ clkbuf_0_clk/A (sky130_fd_sc_hd__clkbuf_16)
     8    0.141131    0.236430    0.455319   30.672319 ^ clkbuf_0_clk/X (sky130_fd_sc_hd__clkbuf_16)
                                                         clknet_0_clk (net)
                      0.236864    0.008455   30.680775 ^ clkbuf_3_6__f_clk/A (sky130_fd_sc_hd__clkbuf_16)
     9    0.059836    0.120431    0.346695   31.027470 ^ clkbuf_3_6__f_clk/X (sky130_fd_sc_hd__clkbuf_16)
                                                         clknet_3_6__leaf_clk (net)
                      0.120611    0.003997   31.031466 ^ filter.y_out[7]_sky130_fd_sc_hd__dfrtp_2_Q/CLK (sky130_fd_sc_hd__dfrtp_4)
                                 -0.250000   30.781466   clock uncertainty
                                  0.000000   30.781466   clock reconvergence pessimism
                                  0.464287   31.245752   library recovery time
                                             31.245752   data required time
---------------------------------------------------------------------------------------------
                                             31.245752   data required time
                                             -7.124386   data arrival time
---------------------------------------------------------------------------------------------
                                             24.121367   slack (MET)


Startpoint: reset (input port clocked by clk)
Endpoint: spi_out.bit_cnt[2]_sky130_fd_sc_hd__dfrtp_2_Q
          (recovery check against rising-edge clock clk)
Path Group: asynchronous
Path Type: max

Fanout         Cap        Slew       Delay        Time   Description
---------------------------------------------------------------------------------------------
                                  0.000000    0.000000   clock clk (rise edge)
                                  0.000000    0.000000   clock network delay (propagated)
                                  6.000000    6.000000 v input external delay
     1    0.002619    0.017768    0.008709    6.008708 v reset (in)
                                                         reset (net)
                      0.017769    0.000000    6.008708 v input1/A (sky130_fd_sc_hd__clkbuf_1)
     1    0.003663    0.059049    0.145001    6.153710 v input1/X (sky130_fd_sc_hd__clkbuf_1)
                                                         net1 (net)
                      0.059049    0.000216    6.153926 v fanout35/A (sky130_fd_sc_hd__clkbuf_4)
     5    0.069151    0.249711    0.403822    6.557748 v fanout35/X (sky130_fd_sc_hd__clkbuf_4)
                                                         net35 (net)
                      0.249838    0.002164    6.559912 v fanout32/A (sky130_fd_sc_hd__clkbuf_4)
     8    0.053852    0.202698    0.454230    7.014143 v fanout32/X (sky130_fd_sc_hd__clkbuf_4)
                                                         net32 (net)
                      0.202787    0.004186    7.018328 v spi_out.bit_cnt[2]_sky130_fd_sc_hd__dfrtp_2_Q_RESET_B_sky130_fd_sc_hd__inv_2_Y/A (sky130_fd_sc_hd__inv_2)
     1    0.003506    0.065172    0.118856    7.137184 ^ spi_out.bit_cnt[2]_sky130_fd_sc_hd__dfrtp_2_Q_RESET_B_sky130_fd_sc_hd__inv_2_Y/Y (sky130_fd_sc_hd__inv_2)
                                                         spi_out.bit_cnt[2]_sky130_fd_sc_hd__dfrtp_2_Q_RESET_B (net)
                      0.065172    0.000185    7.137370 ^ spi_out.bit_cnt[2]_sky130_fd_sc_hd__dfrtp_2_Q/RESET_B (sky130_fd_sc_hd__dfrtp_1)
                                              7.137370   data arrival time

                                 30.000000   30.000000   clock clk (rise edge)
                                  0.000000   30.000000   clock source latency
     1    0.042471    0.306377    0.217000   30.216999 ^ clk (in)
                                                         clk (net)
                      0.306741    0.000000   30.216999 ^ clkbuf_0_clk/A (sky130_fd_sc_hd__clkbuf_16)
     8    0.141131    0.236430    0.455319   30.672319 ^ clkbuf_0_clk/X (sky130_fd_sc_hd__clkbuf_16)
                                                         clknet_0_clk (net)
                      0.238580    0.018154   30.690474 ^ clkbuf_3_5__f_clk/A (sky130_fd_sc_hd__clkbuf_16)
    13    0.053542    0.111953    0.340858   31.031332 ^ clkbuf_3_5__f_clk/X (sky130_fd_sc_hd__clkbuf_16)
                                                         clknet_3_5__leaf_clk (net)
                      0.112070    0.003102   31.034433 ^ spi_out.bit_cnt[2]_sky130_fd_sc_hd__dfrtp_2_Q/CLK (sky130_fd_sc_hd__dfrtp_1)
                                 -0.250000   30.784431   clock uncertainty
                                  0.000000   30.784431   clock reconvergence pessimism
                                  0.478373   31.262804   library recovery time
                                             31.262804   data required time
---------------------------------------------------------------------------------------------
                                             31.262804   data required time
                                             -7.137370   data arrival time
---------------------------------------------------------------------------------------------
                                             24.125435   slack (MET)


Startpoint: reset (input port clocked by clk)
Endpoint: filter.x_in[3]_sky130_fd_sc_hd__dfrtp_2_Q
          (recovery check against rising-edge clock clk)
Path Group: asynchronous
Path Type: max

Fanout         Cap        Slew       Delay        Time   Description
---------------------------------------------------------------------------------------------
                                  0.000000    0.000000   clock clk (rise edge)
                                  0.000000    0.000000   clock network delay (propagated)
                                  6.000000    6.000000 v input external delay
     1    0.002619    0.017768    0.008709    6.008708 v reset (in)
                                                         reset (net)
                      0.017769    0.000000    6.008708 v input1/A (sky130_fd_sc_hd__clkbuf_1)
     1    0.003663    0.059049    0.145001    6.153710 v input1/X (sky130_fd_sc_hd__clkbuf_1)
                                                         net1 (net)
                      0.059049    0.000216    6.153926 v fanout35/A (sky130_fd_sc_hd__clkbuf_4)
     5    0.069151    0.249711    0.403822    6.557748 v fanout35/X (sky130_fd_sc_hd__clkbuf_4)
                                                         net35 (net)
                      0.250331    0.009409    6.567157 v fanout33/A (sky130_fd_sc_hd__clkbuf_8)
    10    0.088047    0.178124    0.435193    7.002350 v fanout33/X (sky130_fd_sc_hd__clkbuf_8)
                                                         net33 (net)
                      0.178380    0.003905    7.006255 v filter.x_in[3]_sky130_fd_sc_hd__dfrtp_2_Q_RESET_B_sky130_fd_sc_hd__inv_2_Y/A (sky130_fd_sc_hd__inv_2)
     1    0.004109    0.063749    0.115009    7.121264 ^ filter.x_in[3]_sky130_fd_sc_hd__dfrtp_2_Q_RESET_B_sky130_fd_sc_hd__inv_2_Y/Y (sky130_fd_sc_hd__inv_2)
                                                         filter.x_in[3]_sky130_fd_sc_hd__dfrtp_2_Q_RESET_B (net)
                      0.063749    0.000110    7.121374 ^ filter.x_in[3]_sky130_fd_sc_hd__dfrtp_2_Q/RESET_B (sky130_fd_sc_hd__dfrtp_1)
                                              7.121374   data arrival time

                                 30.000000   30.000000   clock clk (rise edge)
                                  0.000000   30.000000   clock source latency
     1    0.042471    0.306377    0.217000   30.216999 ^ clk (in)
                                                         clk (net)
                      0.306741    0.000000   30.216999 ^ clkbuf_0_clk/A (sky130_fd_sc_hd__clkbuf_16)
     8    0.141131    0.236430    0.455319   30.672319 ^ clkbuf_0_clk/X (sky130_fd_sc_hd__clkbuf_16)
                                                         clknet_0_clk (net)
                      0.236930    0.009045   30.681364 ^ clkbuf_3_7__f_clk/A (sky130_fd_sc_hd__clkbuf_16)
     9    0.049760    0.106954    0.335429   31.016794 ^ clkbuf_3_7__f_clk/X (sky130_fd_sc_hd__clkbuf_16)
                                                         clknet_3_7__leaf_clk (net)
                      0.107154    0.003944   31.020737 ^ filter.x_in[3]_sky130_fd_sc_hd__dfrtp_2_Q/CLK (sky130_fd_sc_hd__dfrtp_1)
                                 -0.250000   30.770737   clock uncertainty
                                  0.000000   30.770737   clock reconvergence pessimism
                                  0.477262   31.247997   library recovery time
                                             31.247997   data required time
---------------------------------------------------------------------------------------------
                                             31.247997   data required time
                                             -7.121374   data arrival time
---------------------------------------------------------------------------------------------
                                             24.126623   slack (MET)


Startpoint: reset (input port clocked by clk)
Endpoint: filter.x_in[2]_sky130_fd_sc_hd__dfrtp_2_Q
          (recovery check against rising-edge clock clk)
Path Group: asynchronous
Path Type: max

Fanout         Cap        Slew       Delay        Time   Description
---------------------------------------------------------------------------------------------
                                  0.000000    0.000000   clock clk (rise edge)
                                  0.000000    0.000000   clock network delay (propagated)
                                  6.000000    6.000000 v input external delay
     1    0.002619    0.017768    0.008709    6.008708 v reset (in)
                                                         reset (net)
                      0.017769    0.000000    6.008708 v input1/A (sky130_fd_sc_hd__clkbuf_1)
     1    0.003663    0.059049    0.145001    6.153710 v input1/X (sky130_fd_sc_hd__clkbuf_1)
                                                         net1 (net)
                      0.059049    0.000216    6.153926 v fanout35/A (sky130_fd_sc_hd__clkbuf_4)
     5    0.069151    0.249711    0.403822    6.557748 v fanout35/X (sky130_fd_sc_hd__clkbuf_4)
                                                         net35 (net)
                      0.250331    0.009409    6.567157 v fanout33/A (sky130_fd_sc_hd__clkbuf_8)
    10    0.088047    0.178124    0.435193    7.002350 v fanout33/X (sky130_fd_sc_hd__clkbuf_8)
                                                         net33 (net)
                      0.178985    0.009338    7.011688 v filter.x_in[2]_sky130_fd_sc_hd__dfrtp_2_Q_RESET_B_sky130_fd_sc_hd__inv_2_Y/A (sky130_fd_sc_hd__inv_2)
     1    0.003631    0.061067    0.111342    7.123030 ^ filter.x_in[2]_sky130_fd_sc_hd__dfrtp_2_Q_RESET_B_sky130_fd_sc_hd__inv_2_Y/Y (sky130_fd_sc_hd__inv_2)
                                                         filter.x_in[2]_sky130_fd_sc_hd__dfrtp_2_Q_RESET_B (net)
                      0.061067    0.000090    7.123120 ^ filter.x_in[2]_sky130_fd_sc_hd__dfrtp_2_Q/RESET_B (sky130_fd_sc_hd__dfrtp_1)
                                              7.123120   data arrival time

                                 30.000000   30.000000   clock clk (rise edge)
                                  0.000000   30.000000   clock source latency
     1    0.042471    0.306377    0.217000   30.216999 ^ clk (in)
                                                         clk (net)
                      0.306741    0.000000   30.216999 ^ clkbuf_0_clk/A (sky130_fd_sc_hd__clkbuf_16)
     8    0.141131    0.236430    0.455319   30.672319 ^ clkbuf_0_clk/X (sky130_fd_sc_hd__clkbuf_16)
                                                         clknet_0_clk (net)
                      0.236930    0.009045   30.681364 ^ clkbuf_3_7__f_clk/A (sky130_fd_sc_hd__clkbuf_16)
     9    0.049760    0.106954    0.335429   31.016794 ^ clkbuf_3_7__f_clk/X (sky130_fd_sc_hd__clkbuf_16)
                                                         clknet_3_7__leaf_clk (net)
                      0.107311    0.005169   31.021963 ^ filter.x_in[2]_sky130_fd_sc_hd__dfrtp_2_Q/CLK (sky130_fd_sc_hd__dfrtp_1)
                                 -0.250000   30.771961   clock uncertainty
                                  0.000000   30.771961   clock reconvergence pessimism
                                  0.478306   31.250267   library recovery time
                                             31.250267   data required time
---------------------------------------------------------------------------------------------
                                             31.250267   data required time
                                             -7.123120   data arrival time
---------------------------------------------------------------------------------------------
                                             24.127148   slack (MET)


Startpoint: reset (input port clocked by clk)
Endpoint: filter.x_in[0]_sky130_fd_sc_hd__dfrtp_2_Q
          (recovery check against rising-edge clock clk)
Path Group: asynchronous
Path Type: max

Fanout         Cap        Slew       Delay        Time   Description
---------------------------------------------------------------------------------------------
                                  0.000000    0.000000   clock clk (rise edge)
                                  0.000000    0.000000   clock network delay (propagated)
                                  6.000000    6.000000 v input external delay
     1    0.002619    0.017768    0.008709    6.008708 v reset (in)
                                                         reset (net)
                      0.017769    0.000000    6.008708 v input1/A (sky130_fd_sc_hd__clkbuf_1)
     1    0.003663    0.059049    0.145001    6.153710 v input1/X (sky130_fd_sc_hd__clkbuf_1)
                                                         net1 (net)
                      0.059049    0.000216    6.153926 v fanout35/A (sky130_fd_sc_hd__clkbuf_4)
     5    0.069151    0.249711    0.403822    6.557748 v fanout35/X (sky130_fd_sc_hd__clkbuf_4)
                                                         net35 (net)
                      0.250331    0.009409    6.567157 v fanout33/A (sky130_fd_sc_hd__clkbuf_8)
    10    0.088047    0.178124    0.435193    7.002350 v fanout33/X (sky130_fd_sc_hd__clkbuf_8)
                                                         net33 (net)
                      0.180161    0.014814    7.017164 v filter.x_in[0]_sky130_fd_sc_hd__dfrtp_2_Q_RESET_B_sky130_fd_sc_hd__inv_2_Y/A (sky130_fd_sc_hd__inv_2)
     1    0.004218    0.064779    0.116576    7.133740 ^ filter.x_in[0]_sky130_fd_sc_hd__dfrtp_2_Q_RESET_B_sky130_fd_sc_hd__inv_2_Y/Y (sky130_fd_sc_hd__inv_2)
                                                         filter.x_in[0]_sky130_fd_sc_hd__dfrtp_2_Q_RESET_B (net)
                      0.064779    0.000115    7.133855 ^ filter.x_in[0]_sky130_fd_sc_hd__dfrtp_2_Q/RESET_B (sky130_fd_sc_hd__dfrtp_1)
                                              7.133855   data arrival time

                                 30.000000   30.000000   clock clk (rise edge)
                                  0.000000   30.000000   clock source latency
     1    0.042471    0.306377    0.217000   30.216999 ^ clk (in)
                                                         clk (net)
                      0.306741    0.000000   30.216999 ^ clkbuf_0_clk/A (sky130_fd_sc_hd__clkbuf_16)
     8    0.141131    0.236430    0.455319   30.672319 ^ clkbuf_0_clk/X (sky130_fd_sc_hd__clkbuf_16)
                                                         clknet_0_clk (net)
                      0.236864    0.008455   30.680775 ^ clkbuf_3_6__f_clk/A (sky130_fd_sc_hd__clkbuf_16)
     9    0.059836    0.120431    0.346695   31.027470 ^ clkbuf_3_6__f_clk/X (sky130_fd_sc_hd__clkbuf_16)
                                                         clknet_3_6__leaf_clk (net)
                      0.120576    0.003631   31.031101 ^ filter.x_in[0]_sky130_fd_sc_hd__dfrtp_2_Q/CLK (sky130_fd_sc_hd__dfrtp_1)
                                 -0.250000   30.781099   clock uncertainty
                                  0.000000   30.781099   clock reconvergence pessimism
                                  0.481349   31.262449   library recovery time
                                             31.262449   data required time
---------------------------------------------------------------------------------------------
                                             31.262449   data required time
                                             -7.133855   data arrival time
---------------------------------------------------------------------------------------------
                                             24.128595   slack (MET)


Startpoint: reset (input port clocked by clk)
Endpoint: filter.x_in[1]_sky130_fd_sc_hd__dfrtp_2_Q
          (recovery check against rising-edge clock clk)
Path Group: asynchronous
Path Type: max

Fanout         Cap        Slew       Delay        Time   Description
---------------------------------------------------------------------------------------------
                                  0.000000    0.000000   clock clk (rise edge)
                                  0.000000    0.000000   clock network delay (propagated)
                                  6.000000    6.000000 v input external delay
     1    0.002619    0.017768    0.008709    6.008708 v reset (in)
                                                         reset (net)
                      0.017769    0.000000    6.008708 v input1/A (sky130_fd_sc_hd__clkbuf_1)
     1    0.003663    0.059049    0.145001    6.153710 v input1/X (sky130_fd_sc_hd__clkbuf_1)
                                                         net1 (net)
                      0.059049    0.000216    6.153926 v fanout35/A (sky130_fd_sc_hd__clkbuf_4)
     5    0.069151    0.249711    0.403822    6.557748 v fanout35/X (sky130_fd_sc_hd__clkbuf_4)
                                                         net35 (net)
                      0.250331    0.009409    6.567157 v fanout33/A (sky130_fd_sc_hd__clkbuf_8)
    10    0.088047    0.178124    0.435193    7.002350 v fanout33/X (sky130_fd_sc_hd__clkbuf_8)
                                                         net33 (net)
                      0.180098    0.014575    7.016924 v filter.x_in[1]_sky130_fd_sc_hd__dfrtp_2_Q_RESET_B_sky130_fd_sc_hd__inv_2_Y/A (sky130_fd_sc_hd__inv_2)
     1    0.003647    0.061392    0.111833    7.128757 ^ filter.x_in[1]_sky130_fd_sc_hd__dfrtp_2_Q_RESET_B_sky130_fd_sc_hd__inv_2_Y/Y (sky130_fd_sc_hd__inv_2)
                                                         filter.x_in[1]_sky130_fd_sc_hd__dfrtp_2_Q_RESET_B (net)
                      0.061392    0.000193    7.128951 ^ filter.x_in[1]_sky130_fd_sc_hd__dfrtp_2_Q/RESET_B (sky130_fd_sc_hd__dfrtp_1)
                                              7.128951   data arrival time

                                 30.000000   30.000000   clock clk (rise edge)
                                  0.000000   30.000000   clock source latency
     1    0.042471    0.306377    0.217000   30.216999 ^ clk (in)
                                                         clk (net)
                      0.306741    0.000000   30.216999 ^ clkbuf_0_clk/A (sky130_fd_sc_hd__clkbuf_16)
     8    0.141131    0.236430    0.455319   30.672319 ^ clkbuf_0_clk/X (sky130_fd_sc_hd__clkbuf_16)
                                                         clknet_0_clk (net)
                      0.236864    0.008455   30.680775 ^ clkbuf_3_6__f_clk/A (sky130_fd_sc_hd__clkbuf_16)
     9    0.059836    0.120431    0.346695   31.027470 ^ clkbuf_3_6__f_clk/X (sky130_fd_sc_hd__clkbuf_16)
                                                         clknet_3_6__leaf_clk (net)
                      0.120543    0.003247   31.030716 ^ filter.x_in[1]_sky130_fd_sc_hd__dfrtp_2_Q/CLK (sky130_fd_sc_hd__dfrtp_1)
                                 -0.250000   30.780716   clock uncertainty
                                  0.000000   30.780716   clock reconvergence pessimism
                                  0.482589   31.263306   library recovery time
                                             31.263306   data required time
---------------------------------------------------------------------------------------------
                                             31.263306   data required time
                                             -7.128951   data arrival time
---------------------------------------------------------------------------------------------
                                             24.134356   slack (MET)


Startpoint: reset (input port clocked by clk)
Endpoint: spi_in.shift_reg[0]_sky130_fd_sc_hd__dfrtp_2_Q
          (recovery check against rising-edge clock clk)
Path Group: asynchronous
Path Type: max

Fanout         Cap        Slew       Delay        Time   Description
---------------------------------------------------------------------------------------------
                                  0.000000    0.000000   clock clk (rise edge)
                                  0.000000    0.000000   clock network delay (propagated)
                                  6.000000    6.000000 v input external delay
     1    0.002619    0.017768    0.008709    6.008708 v reset (in)
                                                         reset (net)
                      0.017769    0.000000    6.008708 v input1/A (sky130_fd_sc_hd__clkbuf_1)
     1    0.003663    0.059049    0.145001    6.153710 v input1/X (sky130_fd_sc_hd__clkbuf_1)
                                                         net1 (net)
                      0.059049    0.000216    6.153926 v fanout35/A (sky130_fd_sc_hd__clkbuf_4)
     5    0.069151    0.249711    0.403822    6.557748 v fanout35/X (sky130_fd_sc_hd__clkbuf_4)
                                                         net35 (net)
                      0.250331    0.009409    6.567157 v fanout33/A (sky130_fd_sc_hd__clkbuf_8)
    10    0.088047    0.178124    0.435193    7.002350 v fanout33/X (sky130_fd_sc_hd__clkbuf_8)
                                                         net33 (net)
                      0.180085    0.014525    7.016875 v spi_in.shift_reg[0]_sky130_fd_sc_hd__dfrtp_2_Q_RESET_B_sky130_fd_sc_hd__inv_2_Y/A (sky130_fd_sc_hd__inv_2)
     1    0.003570    0.060955    0.111198    7.128073 ^ spi_in.shift_reg[0]_sky130_fd_sc_hd__dfrtp_2_Q_RESET_B_sky130_fd_sc_hd__inv_2_Y/Y (sky130_fd_sc_hd__inv_2)
                                                         spi_in.shift_reg[0]_sky130_fd_sc_hd__dfrtp_2_Q_RESET_B (net)
                      0.060955    0.000189    7.128262 ^ spi_in.shift_reg[0]_sky130_fd_sc_hd__dfrtp_2_Q/RESET_B (sky130_fd_sc_hd__dfrtp_1)
                                              7.128262   data arrival time

                                 30.000000   30.000000   clock clk (rise edge)
                                  0.000000   30.000000   clock source latency
     1    0.042471    0.306377    0.217000   30.216999 ^ clk (in)
                                                         clk (net)
                      0.306741    0.000000   30.216999 ^ clkbuf_0_clk/A (sky130_fd_sc_hd__clkbuf_16)
     8    0.141131    0.236430    0.455319   30.672319 ^ clkbuf_0_clk/X (sky130_fd_sc_hd__clkbuf_16)
                                                         clknet_0_clk (net)
                      0.236864    0.008455   30.680775 ^ clkbuf_3_6__f_clk/A (sky130_fd_sc_hd__clkbuf_16)
     9    0.059836    0.120431    0.346695   31.027470 ^ clkbuf_3_6__f_clk/X (sky130_fd_sc_hd__clkbuf_16)
                                                         clknet_3_6__leaf_clk (net)
                      0.120552    0.003347   31.030817 ^ spi_in.shift_reg[0]_sky130_fd_sc_hd__dfrtp_2_Q/CLK (sky130_fd_sc_hd__dfrtp_1)
                                 -0.250000   30.780815   clock uncertainty
                                  0.000000   30.780815   clock reconvergence pessimism
                                  0.482753   31.263569   library recovery time
                                             31.263569   data required time
---------------------------------------------------------------------------------------------
                                             31.263569   data required time
                                             -7.128262   data arrival time
---------------------------------------------------------------------------------------------
                                             24.135307   slack (MET)


Startpoint: reset (input port clocked by clk)
Endpoint: spi_in.shift_reg[1]_sky130_fd_sc_hd__dfrtp_2_Q
          (recovery check against rising-edge clock clk)
Path Group: asynchronous
Path Type: max

Fanout         Cap        Slew       Delay        Time   Description
---------------------------------------------------------------------------------------------
                                  0.000000    0.000000   clock clk (rise edge)
                                  0.000000    0.000000   clock network delay (propagated)
                                  6.000000    6.000000 v input external delay
     1    0.002619    0.017768    0.008709    6.008708 v reset (in)
                                                         reset (net)
                      0.017769    0.000000    6.008708 v input1/A (sky130_fd_sc_hd__clkbuf_1)
     1    0.003663    0.059049    0.145001    6.153710 v input1/X (sky130_fd_sc_hd__clkbuf_1)
                                                         net1 (net)
                      0.059049    0.000216    6.153926 v fanout35/A (sky130_fd_sc_hd__clkbuf_4)
     5    0.069151    0.249711    0.403822    6.557748 v fanout35/X (sky130_fd_sc_hd__clkbuf_4)
                                                         net35 (net)
                      0.250317    0.009284    6.567032 v fanout34/A (sky130_fd_sc_hd__clkbuf_4)
     5    0.043331    0.167754    0.431702    6.998734 v fanout34/X (sky130_fd_sc_hd__clkbuf_4)
                                                         net34 (net)
                      0.167825    0.003225    7.001960 v spi_in.shift_reg[1]_sky130_fd_sc_hd__dfrtp_2_Q_RESET_B_sky130_fd_sc_hd__inv_2_Y/A (sky130_fd_sc_hd__inv_2)
     1    0.004192    0.062130    0.111610    7.113570 ^ spi_in.shift_reg[1]_sky130_fd_sc_hd__dfrtp_2_Q_RESET_B_sky130_fd_sc_hd__inv_2_Y/Y (sky130_fd_sc_hd__inv_2)
                                                         spi_in.shift_reg[1]_sky130_fd_sc_hd__dfrtp_2_Q_RESET_B (net)
                      0.062130    0.000236    7.113806 ^ spi_in.shift_reg[1]_sky130_fd_sc_hd__dfrtp_2_Q/RESET_B (sky130_fd_sc_hd__dfrtp_1)
                                              7.113806   data arrival time

                                 30.000000   30.000000   clock clk (rise edge)
                                  0.000000   30.000000   clock source latency
     1    0.042471    0.306377    0.217000   30.216999 ^ clk (in)
                                                         clk (net)
                      0.306741    0.000000   30.216999 ^ clkbuf_0_clk/A (sky130_fd_sc_hd__clkbuf_16)
     8    0.141131    0.236430    0.455319   30.672319 ^ clkbuf_0_clk/X (sky130_fd_sc_hd__clkbuf_16)
                                                         clknet_0_clk (net)
                      0.236930    0.009045   30.681364 ^ clkbuf_3_7__f_clk/A (sky130_fd_sc_hd__clkbuf_16)
     9    0.049760    0.106954    0.335429   31.016794 ^ clkbuf_3_7__f_clk/X (sky130_fd_sc_hd__clkbuf_16)
                                                         clknet_3_7__leaf_clk (net)
                      0.107360    0.005510   31.022305 ^ spi_in.shift_reg[1]_sky130_fd_sc_hd__dfrtp_2_Q/CLK (sky130_fd_sc_hd__dfrtp_1)
                                 -0.250000   30.772303   clock uncertainty
                                  0.000000   30.772303   clock reconvergence pessimism
                                  0.477929   31.250231   library recovery time
                                             31.250231   data required time
---------------------------------------------------------------------------------------------
                                             31.250231   data required time
                                             -7.113806   data arrival time
---------------------------------------------------------------------------------------------
                                             24.136425   slack (MET)


Startpoint: reset (input port clocked by clk)
Endpoint: filter.y_out[4]_sky130_fd_sc_hd__dfrtp_2_Q
          (recovery check against rising-edge clock clk)
Path Group: asynchronous
Path Type: max

Fanout         Cap        Slew       Delay        Time   Description
---------------------------------------------------------------------------------------------
                                  0.000000    0.000000   clock clk (rise edge)
                                  0.000000    0.000000   clock network delay (propagated)
                                  6.000000    6.000000 v input external delay
     1    0.002619    0.017768    0.008709    6.008708 v reset (in)
                                                         reset (net)
                      0.017769    0.000000    6.008708 v input1/A (sky130_fd_sc_hd__clkbuf_1)
     1    0.003663    0.059049    0.145001    6.153710 v input1/X (sky130_fd_sc_hd__clkbuf_1)
                                                         net1 (net)
                      0.059049    0.000216    6.153926 v fanout35/A (sky130_fd_sc_hd__clkbuf_4)
     5    0.069151    0.249711    0.403822    6.557748 v fanout35/X (sky130_fd_sc_hd__clkbuf_4)
                                                         net35 (net)
                      0.250317    0.009284    6.567032 v fanout34/A (sky130_fd_sc_hd__clkbuf_4)
     5    0.043331    0.167754    0.431702    6.998734 v fanout34/X (sky130_fd_sc_hd__clkbuf_4)
                                                         net34 (net)
                      0.167767    0.001629    7.000364 v filter.y_out[4]_sky130_fd_sc_hd__dfrtp_2_Q_RESET_B_sky130_fd_sc_hd__inv_2_Y/A (sky130_fd_sc_hd__inv_2)
     1    0.003980    0.060822    0.109941    7.110305 ^ filter.y_out[4]_sky130_fd_sc_hd__dfrtp_2_Q_RESET_B_sky130_fd_sc_hd__inv_2_Y/Y (sky130_fd_sc_hd__inv_2)
                                                         filter.y_out[4]_sky130_fd_sc_hd__dfrtp_2_Q_RESET_B (net)
                      0.060822    0.000209    7.110514 ^ filter.y_out[4]_sky130_fd_sc_hd__dfrtp_2_Q/RESET_B (sky130_fd_sc_hd__dfrtp_1)
                                              7.110514   data arrival time

                                 30.000000   30.000000   clock clk (rise edge)
                                  0.000000   30.000000   clock source latency
     1    0.042471    0.306377    0.217000   30.216999 ^ clk (in)
                                                         clk (net)
                      0.306741    0.000000   30.216999 ^ clkbuf_0_clk/A (sky130_fd_sc_hd__clkbuf_16)
     8    0.141131    0.236430    0.455319   30.672319 ^ clkbuf_0_clk/X (sky130_fd_sc_hd__clkbuf_16)
                                                         clknet_0_clk (net)
                      0.236930    0.009045   30.681364 ^ clkbuf_3_7__f_clk/A (sky130_fd_sc_hd__clkbuf_16)
     9    0.049760    0.106954    0.335429   31.016794 ^ clkbuf_3_7__f_clk/X (sky130_fd_sc_hd__clkbuf_16)
                                                         clknet_3_7__leaf_clk (net)
                      0.107000    0.002323   31.019117 ^ filter.y_out[4]_sky130_fd_sc_hd__dfrtp_2_Q/CLK (sky130_fd_sc_hd__dfrtp_1)
                                 -0.250000   30.769115   clock uncertainty
                                  0.000000   30.769115   clock reconvergence pessimism
                                  0.478293   31.247412   library recovery time
                                             31.247412   data required time
---------------------------------------------------------------------------------------------
                                             31.247412   data required time
                                             -7.110514   data arrival time
---------------------------------------------------------------------------------------------
                                             24.136896   slack (MET)


Startpoint: reset (input port clocked by clk)
Endpoint: filter.y_out[5]_sky130_fd_sc_hd__dfrtp_2_Q
          (recovery check against rising-edge clock clk)
Path Group: asynchronous
Path Type: max

Fanout         Cap        Slew       Delay        Time   Description
---------------------------------------------------------------------------------------------
                                  0.000000    0.000000   clock clk (rise edge)
                                  0.000000    0.000000   clock network delay (propagated)
                                  6.000000    6.000000 v input external delay
     1    0.002619    0.017768    0.008709    6.008708 v reset (in)
                                                         reset (net)
                      0.017769    0.000000    6.008708 v input1/A (sky130_fd_sc_hd__clkbuf_1)
     1    0.003663    0.059049    0.145001    6.153710 v input1/X (sky130_fd_sc_hd__clkbuf_1)
                                                         net1 (net)
                      0.059049    0.000216    6.153926 v fanout35/A (sky130_fd_sc_hd__clkbuf_4)
     5    0.069151    0.249711    0.403822    6.557748 v fanout35/X (sky130_fd_sc_hd__clkbuf_4)
                                                         net35 (net)
                      0.250317    0.009284    6.567032 v fanout34/A (sky130_fd_sc_hd__clkbuf_4)
     5    0.043331    0.167754    0.431702    6.998734 v fanout34/X (sky130_fd_sc_hd__clkbuf_4)
                                                         net34 (net)
                      0.167780    0.002115    7.000850 v filter.y_out[5]_sky130_fd_sc_hd__dfrtp_2_Q_RESET_B_sky130_fd_sc_hd__inv_2_Y/A (sky130_fd_sc_hd__inv_2)
     1    0.003639    0.058860    0.107282    7.108132 ^ filter.y_out[5]_sky130_fd_sc_hd__dfrtp_2_Q_RESET_B_sky130_fd_sc_hd__inv_2_Y/Y (sky130_fd_sc_hd__inv_2)
                                                         filter.y_out[5]_sky130_fd_sc_hd__dfrtp_2_Q_RESET_B (net)
                      0.058860    0.000191    7.108324 ^ filter.y_out[5]_sky130_fd_sc_hd__dfrtp_2_Q/RESET_B (sky130_fd_sc_hd__dfrtp_4)
                                              7.108324   data arrival time

                                 30.000000   30.000000   clock clk (rise edge)
                                  0.000000   30.000000   clock source latency
     1    0.042471    0.306377    0.217000   30.216999 ^ clk (in)
                                                         clk (net)
                      0.306741    0.000000   30.216999 ^ clkbuf_0_clk/A (sky130_fd_sc_hd__clkbuf_16)
     8    0.141131    0.236430    0.455319   30.672319 ^ clkbuf_0_clk/X (sky130_fd_sc_hd__clkbuf_16)
                                                         clknet_0_clk (net)
                      0.236864    0.008455   30.680775 ^ clkbuf_3_6__f_clk/A (sky130_fd_sc_hd__clkbuf_16)
     9    0.059836    0.120431    0.346695   31.027470 ^ clkbuf_3_6__f_clk/X (sky130_fd_sc_hd__clkbuf_16)
                                                         clknet_3_6__leaf_clk (net)
                      0.120496    0.002576   31.030045 ^ filter.y_out[5]_sky130_fd_sc_hd__dfrtp_2_Q/CLK (sky130_fd_sc_hd__dfrtp_4)
                                 -0.250000   30.780045   clock uncertainty
                                  0.000000   30.780045   clock reconvergence pessimism
                                  0.465911   31.245955   library recovery time
                                             31.245955   data required time
---------------------------------------------------------------------------------------------
                                             31.245955   data required time
                                             -7.108324   data arrival time
---------------------------------------------------------------------------------------------
                                             24.137630   slack (MET)


Startpoint: reset (input port clocked by clk)
Endpoint: spi_in.shift_reg[3]_sky130_fd_sc_hd__dfrtp_2_Q
          (recovery check against rising-edge clock clk)
Path Group: asynchronous
Path Type: max

Fanout         Cap        Slew       Delay        Time   Description
---------------------------------------------------------------------------------------------
                                  0.000000    0.000000   clock clk (rise edge)
                                  0.000000    0.000000   clock network delay (propagated)
                                  6.000000    6.000000 v input external delay
     1    0.002619    0.017768    0.008709    6.008708 v reset (in)
                                                         reset (net)
                      0.017769    0.000000    6.008708 v input1/A (sky130_fd_sc_hd__clkbuf_1)
     1    0.003663    0.059049    0.145001    6.153710 v input1/X (sky130_fd_sc_hd__clkbuf_1)
                                                         net1 (net)
                      0.059049    0.000216    6.153926 v fanout35/A (sky130_fd_sc_hd__clkbuf_4)
     5    0.069151    0.249711    0.403822    6.557748 v fanout35/X (sky130_fd_sc_hd__clkbuf_4)
                                                         net35 (net)
                      0.250317    0.009284    6.567032 v fanout34/A (sky130_fd_sc_hd__clkbuf_4)
     5    0.043331    0.167754    0.431702    6.998734 v fanout34/X (sky130_fd_sc_hd__clkbuf_4)
                                                         net34 (net)
                      0.167841    0.003531    7.002265 v spi_in.shift_reg[3]_sky130_fd_sc_hd__dfrtp_2_Q_RESET_B_sky130_fd_sc_hd__inv_2_Y/A (sky130_fd_sc_hd__inv_2)
     1    0.003878    0.060224    0.109213    7.111479 ^ spi_in.shift_reg[3]_sky130_fd_sc_hd__dfrtp_2_Q_RESET_B_sky130_fd_sc_hd__inv_2_Y/Y (sky130_fd_sc_hd__inv_2)
                                                         spi_in.shift_reg[3]_sky130_fd_sc_hd__dfrtp_2_Q_RESET_B (net)
                      0.060224    0.000101    7.111579 ^ spi_in.shift_reg[3]_sky130_fd_sc_hd__dfrtp_2_Q/RESET_B (sky130_fd_sc_hd__dfrtp_1)
                                              7.111579   data arrival time

                                 30.000000   30.000000   clock clk (rise edge)
                                  0.000000   30.000000   clock source latency
     1    0.042471    0.306377    0.217000   30.216999 ^ clk (in)
                                                         clk (net)
                      0.306741    0.000000   30.216999 ^ clkbuf_0_clk/A (sky130_fd_sc_hd__clkbuf_16)
     8    0.141131    0.236430    0.455319   30.672319 ^ clkbuf_0_clk/X (sky130_fd_sc_hd__clkbuf_16)
                                                         clknet_0_clk (net)
                      0.236930    0.009045   30.681364 ^ clkbuf_3_7__f_clk/A (sky130_fd_sc_hd__clkbuf_16)
     9    0.049760    0.106954    0.335429   31.016794 ^ clkbuf_3_7__f_clk/X (sky130_fd_sc_hd__clkbuf_16)
                                                         clknet_3_7__leaf_clk (net)
                      0.107142    0.003840   31.020634 ^ spi_in.shift_reg[3]_sky130_fd_sc_hd__dfrtp_2_Q/CLK (sky130_fd_sc_hd__dfrtp_1)
                                 -0.250000   30.770634   clock uncertainty
                                  0.000000   30.770634   clock reconvergence pessimism
                                  0.478561   31.249195   library recovery time
                                             31.249195   data required time
---------------------------------------------------------------------------------------------
                                             31.249195   data required time
                                             -7.111579   data arrival time
---------------------------------------------------------------------------------------------
                                             24.137615   slack (MET)


Startpoint: reset (input port clocked by clk)
Endpoint: spi_in.shift_reg[2]_sky130_fd_sc_hd__dfrtp_2_Q
          (recovery check against rising-edge clock clk)
Path Group: asynchronous
Path Type: max

Fanout         Cap        Slew       Delay        Time   Description
---------------------------------------------------------------------------------------------
                                  0.000000    0.000000   clock clk (rise edge)
                                  0.000000    0.000000   clock network delay (propagated)
                                  6.000000    6.000000 v input external delay
     1    0.002619    0.017768    0.008709    6.008708 v reset (in)
                                                         reset (net)
                      0.017769    0.000000    6.008708 v input1/A (sky130_fd_sc_hd__clkbuf_1)
     1    0.003663    0.059049    0.145001    6.153710 v input1/X (sky130_fd_sc_hd__clkbuf_1)
                                                         net1 (net)
                      0.059049    0.000216    6.153926 v fanout35/A (sky130_fd_sc_hd__clkbuf_4)
     5    0.069151    0.249711    0.403822    6.557748 v fanout35/X (sky130_fd_sc_hd__clkbuf_4)
                                                         net35 (net)
                      0.250317    0.009284    6.567032 v fanout34/A (sky130_fd_sc_hd__clkbuf_4)
     5    0.043331    0.167754    0.431702    6.998734 v fanout34/X (sky130_fd_sc_hd__clkbuf_4)
                                                         net34 (net)
                      0.167817    0.003072    7.001806 v spi_in.shift_reg[2]_sky130_fd_sc_hd__dfrtp_2_Q_RESET_B_sky130_fd_sc_hd__inv_2_Y/A (sky130_fd_sc_hd__inv_2)
     1    0.003977    0.060818    0.109934    7.111741 ^ spi_in.shift_reg[2]_sky130_fd_sc_hd__dfrtp_2_Q_RESET_B_sky130_fd_sc_hd__inv_2_Y/Y (sky130_fd_sc_hd__inv_2)
                                                         spi_in.shift_reg[2]_sky130_fd_sc_hd__dfrtp_2_Q_RESET_B (net)
                      0.060818    0.000215    7.111956 ^ spi_in.shift_reg[2]_sky130_fd_sc_hd__dfrtp_2_Q/RESET_B (sky130_fd_sc_hd__dfrtp_1)
                                              7.111956   data arrival time

                                 30.000000   30.000000   clock clk (rise edge)
                                  0.000000   30.000000   clock source latency
     1    0.042471    0.306377    0.217000   30.216999 ^ clk (in)
                                                         clk (net)
                      0.306741    0.000000   30.216999 ^ clkbuf_0_clk/A (sky130_fd_sc_hd__clkbuf_16)
     8    0.141131    0.236430    0.455319   30.672319 ^ clkbuf_0_clk/X (sky130_fd_sc_hd__clkbuf_16)
                                                         clknet_0_clk (net)
                      0.236930    0.009045   30.681364 ^ clkbuf_3_7__f_clk/A (sky130_fd_sc_hd__clkbuf_16)
     9    0.049760    0.106954    0.335429   31.016794 ^ clkbuf_3_7__f_clk/X (sky130_fd_sc_hd__clkbuf_16)
                                                         clknet_3_7__leaf_clk (net)
                      0.107230    0.004569   31.021362 ^ spi_in.shift_reg[2]_sky130_fd_sc_hd__dfrtp_2_Q/CLK (sky130_fd_sc_hd__dfrtp_1)
                                 -0.250000   30.771362   clock uncertainty
                                  0.000000   30.771362   clock reconvergence pessimism
                                  0.478371   31.249731   library recovery time
                                             31.249731   data required time
---------------------------------------------------------------------------------------------
                                             31.249731   data required time
                                             -7.111956   data arrival time
---------------------------------------------------------------------------------------------
                                             24.137775   slack (MET)


Startpoint: reset (input port clocked by clk)
Endpoint: spi_out.shift_reg[3]_sky130_fd_sc_hd__dfrtp_2_Q
          (recovery check against rising-edge clock clk)
Path Group: asynchronous
Path Type: max

Fanout         Cap        Slew       Delay        Time   Description
---------------------------------------------------------------------------------------------
                                  0.000000    0.000000   clock clk (rise edge)
                                  0.000000    0.000000   clock network delay (propagated)
                                  6.000000    6.000000 v input external delay
     1    0.002619    0.017768    0.008709    6.008708 v reset (in)
                                                         reset (net)
                      0.017769    0.000000    6.008708 v input1/A (sky130_fd_sc_hd__clkbuf_1)
     1    0.003663    0.059049    0.145001    6.153710 v input1/X (sky130_fd_sc_hd__clkbuf_1)
                                                         net1 (net)
                      0.059049    0.000216    6.153926 v fanout35/A (sky130_fd_sc_hd__clkbuf_4)
     5    0.069151    0.249711    0.403822    6.557748 v fanout35/X (sky130_fd_sc_hd__clkbuf_4)
                                                         net35 (net)
                      0.249862    0.002975    6.560723 v fanout30/A (sky130_fd_sc_hd__clkbuf_4)
     5    0.048204    0.184551    0.440664    7.001387 v fanout30/X (sky130_fd_sc_hd__clkbuf_4)
                                                         net30 (net)
                      0.184912    0.007210    7.008597 v spi_out.shift_reg[3]_sky130_fd_sc_hd__dfrtp_2_Q_RESET_B_sky130_fd_sc_hd__inv_2_Y/A (sky130_fd_sc_hd__inv_2)
     1    0.003786    0.063147    0.114789    7.123385 ^ spi_out.shift_reg[3]_sky130_fd_sc_hd__dfrtp_2_Q_RESET_B_sky130_fd_sc_hd__inv_2_Y/Y (sky130_fd_sc_hd__inv_2)
                                                         spi_out.shift_reg[3]_sky130_fd_sc_hd__dfrtp_2_Q_RESET_B (net)
                      0.063147    0.000094    7.123479 ^ spi_out.shift_reg[3]_sky130_fd_sc_hd__dfrtp_2_Q/RESET_B (sky130_fd_sc_hd__dfrtp_1)
                                              7.123479   data arrival time

                                 30.000000   30.000000   clock clk (rise edge)
                                  0.000000   30.000000   clock source latency
     1    0.042471    0.306377    0.217000   30.216999 ^ clk (in)
                                                         clk (net)
                      0.306741    0.000000   30.216999 ^ clkbuf_0_clk/A (sky130_fd_sc_hd__clkbuf_16)
     8    0.141131    0.236430    0.455319   30.672319 ^ clkbuf_0_clk/X (sky130_fd_sc_hd__clkbuf_16)
                                                         clknet_0_clk (net)
                      0.238348    0.017188   30.689507 ^ clkbuf_3_4__f_clk/A (sky130_fd_sc_hd__clkbuf_16)
    13    0.057277    0.117206    0.344173   31.033680 ^ clkbuf_3_4__f_clk/X (sky130_fd_sc_hd__clkbuf_16)
                                                         clknet_3_4__leaf_clk (net)
                      0.117258    0.002533   31.036213 ^ spi_out.shift_reg[3]_sky130_fd_sc_hd__dfrtp_2_Q/CLK (sky130_fd_sc_hd__dfrtp_1)
                                 -0.250000   30.786211   clock uncertainty
                                  0.000000   30.786211   clock reconvergence pessimism
                                  0.480848   31.267061   library recovery time
                                             31.267061   data required time
---------------------------------------------------------------------------------------------
                                             31.267061   data required time
                                             -7.123479   data arrival time
---------------------------------------------------------------------------------------------
                                             24.143581   slack (MET)


Startpoint: reset (input port clocked by clk)
Endpoint: filter.y_out[6]_sky130_fd_sc_hd__dfrtp_2_Q
          (recovery check against rising-edge clock clk)
Path Group: asynchronous
Path Type: max

Fanout         Cap        Slew       Delay        Time   Description
---------------------------------------------------------------------------------------------
                                  0.000000    0.000000   clock clk (rise edge)
                                  0.000000    0.000000   clock network delay (propagated)
                                  6.000000    6.000000 v input external delay
     1    0.002619    0.017768    0.008709    6.008708 v reset (in)
                                                         reset (net)
                      0.017769    0.000000    6.008708 v input1/A (sky130_fd_sc_hd__clkbuf_1)
     1    0.003663    0.059049    0.145001    6.153710 v input1/X (sky130_fd_sc_hd__clkbuf_1)
                                                         net1 (net)
                      0.059049    0.000216    6.153926 v fanout35/A (sky130_fd_sc_hd__clkbuf_4)
     5    0.069151    0.249711    0.403822    6.557748 v fanout35/X (sky130_fd_sc_hd__clkbuf_4)
                                                         net35 (net)
                      0.250331    0.009409    6.567157 v fanout33/A (sky130_fd_sc_hd__clkbuf_8)
    10    0.088047    0.178124    0.435193    7.002350 v fanout33/X (sky130_fd_sc_hd__clkbuf_8)
                                                         net33 (net)
                      0.178557    0.006079    7.008429 v filter.y_out[6]_sky130_fd_sc_hd__dfrtp_2_Q_RESET_B_sky130_fd_sc_hd__inv_2_Y/A (sky130_fd_sc_hd__inv_2)
     1    0.003597    0.060789    0.110910    7.119339 ^ filter.y_out[6]_sky130_fd_sc_hd__dfrtp_2_Q_RESET_B_sky130_fd_sc_hd__inv_2_Y/Y (sky130_fd_sc_hd__inv_2)
                                                         filter.y_out[6]_sky130_fd_sc_hd__dfrtp_2_Q_RESET_B (net)
                      0.060789    0.000088    7.119428 ^ filter.y_out[6]_sky130_fd_sc_hd__dfrtp_2_Q/RESET_B (sky130_fd_sc_hd__dfrtp_1)
                                              7.119428   data arrival time

                                 30.000000   30.000000   clock clk (rise edge)
                                  0.000000   30.000000   clock source latency
     1    0.042471    0.306377    0.217000   30.216999 ^ clk (in)
                                                         clk (net)
                      0.306741    0.000000   30.216999 ^ clkbuf_0_clk/A (sky130_fd_sc_hd__clkbuf_16)
     8    0.141131    0.236430    0.455319   30.672319 ^ clkbuf_0_clk/X (sky130_fd_sc_hd__clkbuf_16)
                                                         clknet_0_clk (net)
                      0.236864    0.008455   30.680775 ^ clkbuf_3_6__f_clk/A (sky130_fd_sc_hd__clkbuf_16)
     9    0.059836    0.120431    0.346695   31.027470 ^ clkbuf_3_6__f_clk/X (sky130_fd_sc_hd__clkbuf_16)
                                                         clknet_3_6__leaf_clk (net)
                      0.120598    0.003858   31.031328 ^ filter.y_out[6]_sky130_fd_sc_hd__dfrtp_2_Q/CLK (sky130_fd_sc_hd__dfrtp_1)
                                 -0.250000   30.781326   clock uncertainty
                                  0.000000   30.781326   clock reconvergence pessimism
                                  0.482830   31.264154   library recovery time
                                             31.264154   data required time
---------------------------------------------------------------------------------------------
                                             31.264154   data required time
                                             -7.119428   data arrival time
---------------------------------------------------------------------------------------------
                                             24.144728   slack (MET)


Startpoint: reset (input port clocked by clk)
Endpoint: spi_out.shift_reg[5]_sky130_fd_sc_hd__dfrtp_2_Q
          (recovery check against rising-edge clock clk)
Path Group: asynchronous
Path Type: max

Fanout         Cap        Slew       Delay        Time   Description
---------------------------------------------------------------------------------------------
                                  0.000000    0.000000   clock clk (rise edge)
                                  0.000000    0.000000   clock network delay (propagated)
                                  6.000000    6.000000 v input external delay
     1    0.002619    0.017768    0.008709    6.008708 v reset (in)
                                                         reset (net)
                      0.017769    0.000000    6.008708 v input1/A (sky130_fd_sc_hd__clkbuf_1)
     1    0.003663    0.059049    0.145001    6.153710 v input1/X (sky130_fd_sc_hd__clkbuf_1)
                                                         net1 (net)
                      0.059049    0.000216    6.153926 v fanout35/A (sky130_fd_sc_hd__clkbuf_4)
     5    0.069151    0.249711    0.403822    6.557748 v fanout35/X (sky130_fd_sc_hd__clkbuf_4)
                                                         net35 (net)
                      0.249862    0.002975    6.560723 v fanout30/A (sky130_fd_sc_hd__clkbuf_4)
     5    0.048204    0.184551    0.440664    7.001387 v fanout30/X (sky130_fd_sc_hd__clkbuf_4)
                                                         net30 (net)
                      0.184985    0.007838    7.009225 v spi_out.shift_reg[5]_sky130_fd_sc_hd__dfrtp_2_Q_RESET_B_sky130_fd_sc_hd__inv_2_Y/A (sky130_fd_sc_hd__inv_2)
     1    0.003596    0.062090    0.113192    7.122417 ^ spi_out.shift_reg[5]_sky130_fd_sc_hd__dfrtp_2_Q_RESET_B_sky130_fd_sc_hd__inv_2_Y/Y (sky130_fd_sc_hd__inv_2)
                                                         spi_out.shift_reg[5]_sky130_fd_sc_hd__dfrtp_2_Q_RESET_B (net)
                      0.062090    0.000191    7.122608 ^ spi_out.shift_reg[5]_sky130_fd_sc_hd__dfrtp_2_Q/RESET_B (sky130_fd_sc_hd__dfrtp_1)
                                              7.122608   data arrival time

                                 30.000000   30.000000   clock clk (rise edge)
                                  0.000000   30.000000   clock source latency
     1    0.042471    0.306377    0.217000   30.216999 ^ clk (in)
                                                         clk (net)
                      0.306741    0.000000   30.216999 ^ clkbuf_0_clk/A (sky130_fd_sc_hd__clkbuf_16)
     8    0.141131    0.236430    0.455319   30.672319 ^ clkbuf_0_clk/X (sky130_fd_sc_hd__clkbuf_16)
                                                         clknet_0_clk (net)
                      0.238348    0.017188   30.689507 ^ clkbuf_3_4__f_clk/A (sky130_fd_sc_hd__clkbuf_16)
    13    0.057277    0.117206    0.344173   31.033680 ^ clkbuf_3_4__f_clk/X (sky130_fd_sc_hd__clkbuf_16)
                                                         clknet_3_4__leaf_clk (net)
                      0.117362    0.003823   31.037502 ^ spi_out.shift_reg[5]_sky130_fd_sc_hd__dfrtp_2_Q/CLK (sky130_fd_sc_hd__dfrtp_1)
                                 -0.250000   30.787502   clock uncertainty
                                  0.000000   30.787502   clock reconvergence pessimism
                                  0.481273   31.268774   library recovery time
                                             31.268774   data required time
---------------------------------------------------------------------------------------------
                                             31.268774   data required time
                                             -7.122608   data arrival time
---------------------------------------------------------------------------------------------
                                             24.146164   slack (MET)


Startpoint: reset (input port clocked by clk)
Endpoint: spi_out.shift_reg[4]_sky130_fd_sc_hd__dfrtp_2_Q
          (recovery check against rising-edge clock clk)
Path Group: asynchronous
Path Type: max

Fanout         Cap        Slew       Delay        Time   Description
---------------------------------------------------------------------------------------------
                                  0.000000    0.000000   clock clk (rise edge)
                                  0.000000    0.000000   clock network delay (propagated)
                                  6.000000    6.000000 v input external delay
     1    0.002619    0.017768    0.008709    6.008708 v reset (in)
                                                         reset (net)
                      0.017769    0.000000    6.008708 v input1/A (sky130_fd_sc_hd__clkbuf_1)
     1    0.003663    0.059049    0.145001    6.153710 v input1/X (sky130_fd_sc_hd__clkbuf_1)
                                                         net1 (net)
                      0.059049    0.000216    6.153926 v fanout35/A (sky130_fd_sc_hd__clkbuf_4)
     5    0.069151    0.249711    0.403822    6.557748 v fanout35/X (sky130_fd_sc_hd__clkbuf_4)
                                                         net35 (net)
                      0.249862    0.002975    6.560723 v fanout30/A (sky130_fd_sc_hd__clkbuf_4)
     5    0.048204    0.184551    0.440664    7.001387 v fanout30/X (sky130_fd_sc_hd__clkbuf_4)
                                                         net30 (net)
                      0.184778    0.005862    7.007248 v spi_out.shift_reg[4]_sky130_fd_sc_hd__dfrtp_2_Q_RESET_B_sky130_fd_sc_hd__inv_2_Y/A (sky130_fd_sc_hd__inv_2)
     1    0.003661    0.062417    0.113656    7.120904 ^ spi_out.shift_reg[4]_sky130_fd_sc_hd__dfrtp_2_Q_RESET_B_sky130_fd_sc_hd__inv_2_Y/Y (sky130_fd_sc_hd__inv_2)
                                                         spi_out.shift_reg[4]_sky130_fd_sc_hd__dfrtp_2_Q_RESET_B (net)
                      0.062417    0.000194    7.121098 ^ spi_out.shift_reg[4]_sky130_fd_sc_hd__dfrtp_2_Q/RESET_B (sky130_fd_sc_hd__dfrtp_1)
                                              7.121098   data arrival time

                                 30.000000   30.000000   clock clk (rise edge)
                                  0.000000   30.000000   clock source latency
     1    0.042471    0.306377    0.217000   30.216999 ^ clk (in)
                                                         clk (net)
                      0.306741    0.000000   30.216999 ^ clkbuf_0_clk/A (sky130_fd_sc_hd__clkbuf_16)
     8    0.141131    0.236430    0.455319   30.672319 ^ clkbuf_0_clk/X (sky130_fd_sc_hd__clkbuf_16)
                                                         clknet_0_clk (net)
                      0.238348    0.017188   30.689507 ^ clkbuf_3_4__f_clk/A (sky130_fd_sc_hd__clkbuf_16)
    13    0.057277    0.117206    0.344173   31.033680 ^ clkbuf_3_4__f_clk/X (sky130_fd_sc_hd__clkbuf_16)
                                                         clknet_3_4__leaf_clk (net)
                      0.117282    0.002895   31.036575 ^ spi_out.shift_reg[4]_sky130_fd_sc_hd__dfrtp_2_Q/CLK (sky130_fd_sc_hd__dfrtp_1)
                                 -0.250000   30.786573   clock uncertainty
                                  0.000000   30.786573   clock reconvergence pessimism
                                  0.481125   31.267700   library recovery time
                                             31.267700   data required time
---------------------------------------------------------------------------------------------
                                             31.267700   data required time
                                             -7.121098   data arrival time
---------------------------------------------------------------------------------------------
                                             24.146603   slack (MET)


Startpoint: spi_clk (input port clocked by clk)
Endpoint: spi_in.sclk_prev_sky130_fd_sc_hd__dfrtp_2_Q
          (rising edge-triggered flip-flop clocked by clk)
Path Group: clk
Path Type: max

Fanout         Cap        Slew       Delay        Time   Description
---------------------------------------------------------------------------------------------
                                  0.000000    0.000000   clock clk (rise edge)
                                  0.000000    0.000000   clock network delay (propagated)
                                  6.000000    6.000000 v input external delay
     1    0.002665    0.017944    0.008852    6.008852 v spi_clk (in)
                                                         spi_clk (net)
                      0.017944    0.000000    6.008852 v input2/A (sky130_fd_sc_hd__clkbuf_1)
     3    0.007169    0.095091    0.174579    6.183431 v input2/X (sky130_fd_sc_hd__clkbuf_1)
                                                         net2 (net)
                      0.095091    0.000287    6.183719 v spi_in.sclk_prev_sky130_fd_sc_hd__dfrtp_2_Q/D (sky130_fd_sc_hd__dfrtp_1)
                                              6.183719   data arrival time

                                 30.000000   30.000000   clock clk (rise edge)
                                  0.000000   30.000000   clock source latency
     1    0.042471    0.306377    0.217000   30.216999 ^ clk (in)
                                                         clk (net)
                      0.306741    0.000000   30.216999 ^ clkbuf_0_clk/A (sky130_fd_sc_hd__clkbuf_16)
     8    0.141131    0.236430    0.455319   30.672319 ^ clkbuf_0_clk/X (sky130_fd_sc_hd__clkbuf_16)
                                                         clknet_0_clk (net)
                      0.238348    0.017188   30.689507 ^ clkbuf_3_4__f_clk/A (sky130_fd_sc_hd__clkbuf_16)
    13    0.057277    0.117206    0.344173   31.033680 ^ clkbuf_3_4__f_clk/X (sky130_fd_sc_hd__clkbuf_16)
                                                         clknet_3_4__leaf_clk (net)
                      0.117576    0.005588   31.039268 ^ spi_in.sclk_prev_sky130_fd_sc_hd__dfrtp_2_Q/CLK (sky130_fd_sc_hd__dfrtp_1)
                                 -0.250000   30.789267   clock uncertainty
                                  0.000000   30.789267   clock reconvergence pessimism
                                 -0.274341   30.514927   library setup time
                                             30.514927   data required time
---------------------------------------------------------------------------------------------
                                             30.514927   data required time
                                             -6.183719   data arrival time
---------------------------------------------------------------------------------------------
                                             24.331207   slack (MET)



