
===========================================================================
report_checks -path_delay min (Hold)
============================================================================
======================= nom_tt_025C_1v80 Corner ===================================

Startpoint: spi_out.bit_cnt[0]_sky130_fd_sc_hd__dfrtp_2_Q
            (rising edge-triggered flip-flop clocked by clk)
Endpoint: spi_out.bit_cnt[0]_sky130_fd_sc_hd__dfrtp_2_Q
          (rising edge-triggered flip-flop clocked by clk)
Path Group: clk
Path Type: min

Fanout         Cap        Slew       Delay        Time   Description
---------------------------------------------------------------------------------------------
                                  0.000000    0.000000   clock clk (rise edge)
                                  0.000000    0.000000   clock source latency
     1    0.041337    0.190682    0.135170    0.135170 ^ clk (in)
                                                         clk (net)
                      0.191051    0.000000    0.135170 ^ clkbuf_0_clk/A (sky130_fd_sc_hd__clkbuf_16)
     8    0.135034    0.148108    0.254199    0.389369 ^ clkbuf_0_clk/X (sky130_fd_sc_hd__clkbuf_16)
                                                         clknet_0_clk (net)
                      0.149617    0.011890    0.401258 ^ clkbuf_3_4__f_clk/A (sky130_fd_sc_hd__clkbuf_16)
    13    0.055819    0.074782    0.189471    0.590730 ^ clkbuf_3_4__f_clk/X (sky130_fd_sc_hd__clkbuf_16)
                                                         clknet_3_4__leaf_clk (net)
                      0.074787    0.000930    0.591659 ^ spi_out.bit_cnt[0]_sky130_fd_sc_hd__dfrtp_2_Q/CLK (sky130_fd_sc_hd__dfrtp_1)
     4    0.013913    0.132356    0.397864    0.989523 ^ spi_out.bit_cnt[0]_sky130_fd_sc_hd__dfrtp_2_Q/Q (sky130_fd_sc_hd__dfrtp_1)
                                                         spi_out.bit_cnt[0] (net)
                      0.132356    0.000333    0.989857 ^ spi_out.bit_cnt[0]_sky130_fd_sc_hd__dfrtp_2_Q_D_sky130_fd_sc_hd__mux2_1_X/S (sky130_fd_sc_hd__mux2_1)
     1    0.002437    0.038560    0.145466    1.135322 ^ spi_out.bit_cnt[0]_sky130_fd_sc_hd__dfrtp_2_Q_D_sky130_fd_sc_hd__mux2_1_X/X (sky130_fd_sc_hd__mux2_1)
                                                         spi_out.bit_cnt[0]_sky130_fd_sc_hd__dfrtp_2_Q_D (net)
                      0.038560    0.000070    1.135392 ^ spi_out.bit_cnt[0]_sky130_fd_sc_hd__dfrtp_2_Q/D (sky130_fd_sc_hd__dfrtp_1)
                                              1.135392   data arrival time

                                  0.000000    0.000000   clock clk (rise edge)
                                  0.000000    0.000000   clock source latency
     1    0.041337    0.190682    0.135170    0.135170 ^ clk (in)
                                                         clk (net)
                      0.191051    0.000000    0.135170 ^ clkbuf_0_clk/A (sky130_fd_sc_hd__clkbuf_16)
     8    0.135034    0.148108    0.254199    0.389369 ^ clkbuf_0_clk/X (sky130_fd_sc_hd__clkbuf_16)
                                                         clknet_0_clk (net)
                      0.149617    0.011890    0.401258 ^ clkbuf_3_4__f_clk/A (sky130_fd_sc_hd__clkbuf_16)
    13    0.055819    0.074782    0.189471    0.590730 ^ clkbuf_3_4__f_clk/X (sky130_fd_sc_hd__clkbuf_16)
                                                         clknet_3_4__leaf_clk (net)
                      0.074787    0.000930    0.591659 ^ spi_out.bit_cnt[0]_sky130_fd_sc_hd__dfrtp_2_Q/CLK (sky130_fd_sc_hd__dfrtp_1)
                                  0.250000    0.841659   clock uncertainty
                                  0.000000    0.841659   clock reconvergence pessimism
                                 -0.029349    0.812310   library hold time
                                              0.812310   data required time
---------------------------------------------------------------------------------------------
                                              0.812310   data required time
                                             -1.135392   data arrival time
---------------------------------------------------------------------------------------------
                                              0.323082   slack (MET)


Startpoint: spi_in.shift_reg[6]_sky130_fd_sc_hd__dfrtp_2_Q
            (rising edge-triggered flip-flop clocked by clk)
Endpoint: spi_in.shift_reg[6]_sky130_fd_sc_hd__dfrtp_2_Q
          (rising edge-triggered flip-flop clocked by clk)
Path Group: clk
Path Type: min

Fanout         Cap        Slew       Delay        Time   Description
---------------------------------------------------------------------------------------------
                                  0.000000    0.000000   clock clk (rise edge)
                                  0.000000    0.000000   clock source latency
     1    0.041337    0.190682    0.135170    0.135170 ^ clk (in)
                                                         clk (net)
                      0.191051    0.000000    0.135170 ^ clkbuf_0_clk/A (sky130_fd_sc_hd__clkbuf_16)
     8    0.135034    0.148108    0.254199    0.389369 ^ clkbuf_0_clk/X (sky130_fd_sc_hd__clkbuf_16)
                                                         clknet_0_clk (net)
                      0.149795    0.012557    0.401926 ^ clkbuf_3_5__f_clk/A (sky130_fd_sc_hd__clkbuf_16)
    13    0.053061    0.072094    0.187922    0.589848 ^ clkbuf_3_5__f_clk/X (sky130_fd_sc_hd__clkbuf_16)
                                                         clknet_3_5__leaf_clk (net)
                      0.072102    0.000837    0.590685 ^ spi_in.shift_reg[6]_sky130_fd_sc_hd__dfrtp_2_Q/CLK (sky130_fd_sc_hd__dfrtp_1)
     3    0.016053    0.149986    0.409696    1.000381 ^ spi_in.shift_reg[6]_sky130_fd_sc_hd__dfrtp_2_Q/Q (sky130_fd_sc_hd__dfrtp_1)
                                                         spi_in.shift_reg[6] (net)
                      0.149986    0.000205    1.000587 ^ spi_in.shift_reg[6]_sky130_fd_sc_hd__mux2_1_A0/A0 (sky130_fd_sc_hd__mux2_1)
     1    0.002392    0.038237    0.144496    1.145082 ^ spi_in.shift_reg[6]_sky130_fd_sc_hd__mux2_1_A0/X (sky130_fd_sc_hd__mux2_1)
                                                         spi_in.shift_reg[6]_sky130_fd_sc_hd__dfrtp_2_Q_D (net)
                      0.038237    0.000049    1.145132 ^ spi_in.shift_reg[6]_sky130_fd_sc_hd__dfrtp_2_Q/D (sky130_fd_sc_hd__dfrtp_1)
                                              1.145132   data arrival time

                                  0.000000    0.000000   clock clk (rise edge)
                                  0.000000    0.000000   clock source latency
     1    0.041337    0.190682    0.135170    0.135170 ^ clk (in)
                                                         clk (net)
                      0.191051    0.000000    0.135170 ^ clkbuf_0_clk/A (sky130_fd_sc_hd__clkbuf_16)
     8    0.135034    0.148108    0.254199    0.389369 ^ clkbuf_0_clk/X (sky130_fd_sc_hd__clkbuf_16)
                                                         clknet_0_clk (net)
                      0.149795    0.012557    0.401926 ^ clkbuf_3_5__f_clk/A (sky130_fd_sc_hd__clkbuf_16)
    13    0.053061    0.072094    0.187922    0.589848 ^ clkbuf_3_5__f_clk/X (sky130_fd_sc_hd__clkbuf_16)
                                                         clknet_3_5__leaf_clk (net)
                      0.072102    0.000837    0.590685 ^ spi_in.shift_reg[6]_sky130_fd_sc_hd__dfrtp_2_Q/CLK (sky130_fd_sc_hd__dfrtp_1)
                                  0.250000    0.840685   clock uncertainty
                                  0.000000    0.840685   clock reconvergence pessimism
                                 -0.029648    0.811037   library hold time
                                              0.811037   data required time
---------------------------------------------------------------------------------------------
                                              0.811037   data required time
                                             -1.145132   data arrival time
---------------------------------------------------------------------------------------------
                                              0.334094   slack (MET)


Startpoint: spi_in.shift_reg[0]_sky130_fd_sc_hd__dfrtp_2_Q
            (rising edge-triggered flip-flop clocked by clk)
Endpoint: spi_in.shift_reg[1]_sky130_fd_sc_hd__dfrtp_2_Q
          (rising edge-triggered flip-flop clocked by clk)
Path Group: clk
Path Type: min

Fanout         Cap        Slew       Delay        Time   Description
---------------------------------------------------------------------------------------------
                                  0.000000    0.000000   clock clk (rise edge)
                                  0.000000    0.000000   clock source latency
     1    0.041337    0.190682    0.135170    0.135170 ^ clk (in)
                                                         clk (net)
                      0.191051    0.000000    0.135170 ^ clkbuf_0_clk/A (sky130_fd_sc_hd__clkbuf_16)
     8    0.135034    0.148108    0.254199    0.389369 ^ clkbuf_0_clk/X (sky130_fd_sc_hd__clkbuf_16)
                                                         clknet_0_clk (net)
                      0.148356    0.005020    0.394388 ^ clkbuf_3_6__f_clk/A (sky130_fd_sc_hd__clkbuf_16)
     9    0.058206    0.076772    0.191067    0.585455 ^ clkbuf_3_6__f_clk/X (sky130_fd_sc_hd__clkbuf_16)
                                                         clknet_3_6__leaf_clk (net)
                      0.076830    0.001905    0.587361 ^ spi_in.shift_reg[0]_sky130_fd_sc_hd__dfrtp_2_Q/CLK (sky130_fd_sc_hd__dfrtp_1)
     3    0.014279    0.135389    0.400705    0.988066 ^ spi_in.shift_reg[0]_sky130_fd_sc_hd__dfrtp_2_Q/Q (sky130_fd_sc_hd__dfrtp_1)
                                                         spi_in.shift_reg[0] (net)
                      0.135391    0.000795    0.988861 ^ spi_in.shift_reg[1]_sky130_fd_sc_hd__mux2_1_A0/A1 (sky130_fd_sc_hd__mux2_1)
     1    0.002791    0.041220    0.146645    1.135506 ^ spi_in.shift_reg[1]_sky130_fd_sc_hd__mux2_1_A0/X (sky130_fd_sc_hd__mux2_1)
                                                         spi_in.shift_reg[1]_sky130_fd_sc_hd__dfrtp_2_Q_D (net)
                      0.041220    0.000081    1.135587 ^ spi_in.shift_reg[1]_sky130_fd_sc_hd__dfrtp_2_Q/D (sky130_fd_sc_hd__dfrtp_1)
                                              1.135587   data arrival time

                                  0.000000    0.000000   clock clk (rise edge)
                                  0.000000    0.000000   clock source latency
     1    0.041337    0.190682    0.135170    0.135170 ^ clk (in)
                                                         clk (net)
                      0.191051    0.000000    0.135170 ^ clkbuf_0_clk/A (sky130_fd_sc_hd__clkbuf_16)
     8    0.135034    0.148108    0.254199    0.389369 ^ clkbuf_0_clk/X (sky130_fd_sc_hd__clkbuf_16)
                                                         clknet_0_clk (net)
                      0.148397    0.005399    0.394767 ^ clkbuf_3_7__f_clk/A (sky130_fd_sc_hd__clkbuf_16)
     9    0.048903    0.068416    0.183895    0.578663 ^ clkbuf_3_7__f_clk/X (sky130_fd_sc_hd__clkbuf_16)
                                                         clknet_3_7__leaf_clk (net)
                      0.068737    0.003321    0.581983 ^ spi_in.shift_reg[1]_sky130_fd_sc_hd__dfrtp_2_Q/CLK (sky130_fd_sc_hd__dfrtp_1)
                                  0.250000    0.831983   clock uncertainty
                                  0.000000    0.831983   clock reconvergence pessimism
                                 -0.030731    0.801252   library hold time
                                              0.801252   data required time
---------------------------------------------------------------------------------------------
                                              0.801252   data required time
                                             -1.135587   data arrival time
---------------------------------------------------------------------------------------------
                                              0.334334   slack (MET)


Startpoint: spi_in.shift_reg[6]_sky130_fd_sc_hd__dfrtp_2_Q
            (rising edge-triggered flip-flop clocked by clk)
Endpoint: spi_in.shift_reg[7]_sky130_fd_sc_hd__dfrtp_2_Q
          (rising edge-triggered flip-flop clocked by clk)
Path Group: clk
Path Type: min

Fanout         Cap        Slew       Delay        Time   Description
---------------------------------------------------------------------------------------------
                                  0.000000    0.000000   clock clk (rise edge)
                                  0.000000    0.000000   clock source latency
     1    0.041337    0.190682    0.135170    0.135170 ^ clk (in)
                                                         clk (net)
                      0.191051    0.000000    0.135170 ^ clkbuf_0_clk/A (sky130_fd_sc_hd__clkbuf_16)
     8    0.135034    0.148108    0.254199    0.389369 ^ clkbuf_0_clk/X (sky130_fd_sc_hd__clkbuf_16)
                                                         clknet_0_clk (net)
                      0.149795    0.012557    0.401926 ^ clkbuf_3_5__f_clk/A (sky130_fd_sc_hd__clkbuf_16)
    13    0.053061    0.072094    0.187922    0.589848 ^ clkbuf_3_5__f_clk/X (sky130_fd_sc_hd__clkbuf_16)
                                                         clknet_3_5__leaf_clk (net)
                      0.072102    0.000837    0.590685 ^ spi_in.shift_reg[6]_sky130_fd_sc_hd__dfrtp_2_Q/CLK (sky130_fd_sc_hd__dfrtp_1)
     3    0.016053    0.149986    0.409696    1.000381 ^ spi_in.shift_reg[6]_sky130_fd_sc_hd__dfrtp_2_Q/Q (sky130_fd_sc_hd__dfrtp_1)
                                                         spi_in.shift_reg[6] (net)
                      0.149988    0.000861    1.001243 ^ spi_in.shift_reg[7]_sky130_fd_sc_hd__mux2_1_A0/A1 (sky130_fd_sc_hd__mux2_1)
     1    0.002620    0.039925    0.148873    1.150116 ^ spi_in.shift_reg[7]_sky130_fd_sc_hd__mux2_1_A0/X (sky130_fd_sc_hd__mux2_1)
                                                         spi_in.shift_reg[7]_sky130_fd_sc_hd__dfrtp_2_Q_D (net)
                      0.039925    0.000075    1.150191 ^ spi_in.shift_reg[7]_sky130_fd_sc_hd__dfrtp_2_Q/D (sky130_fd_sc_hd__dfrtp_1)
                                              1.150191   data arrival time

                                  0.000000    0.000000   clock clk (rise edge)
                                  0.000000    0.000000   clock source latency
     1    0.041337    0.190682    0.135170    0.135170 ^ clk (in)
                                                         clk (net)
                      0.191051    0.000000    0.135170 ^ clkbuf_0_clk/A (sky130_fd_sc_hd__clkbuf_16)
     8    0.135034    0.148108    0.254199    0.389369 ^ clkbuf_0_clk/X (sky130_fd_sc_hd__clkbuf_16)
                                                         clknet_0_clk (net)
                      0.149539    0.011588    0.400956 ^ clkbuf_3_1__f_clk/A (sky130_fd_sc_hd__clkbuf_16)
    12    0.057231    0.076120    0.190515    0.591471 ^ clkbuf_3_1__f_clk/X (sky130_fd_sc_hd__clkbuf_16)
                                                         clknet_3_1__leaf_clk (net)
                      0.076253    0.002737    0.594208 ^ spi_in.shift_reg[7]_sky130_fd_sc_hd__dfrtp_2_Q/CLK (sky130_fd_sc_hd__dfrtp_1)
                                  0.250000    0.844208   clock uncertainty
                                  0.000000    0.844208   clock reconvergence pessimism
                                 -0.029434    0.814774   library hold time
                                              0.814774   data required time
---------------------------------------------------------------------------------------------
                                              0.814774   data required time
                                             -1.150191   data arrival time
---------------------------------------------------------------------------------------------
                                              0.335417   slack (MET)


Startpoint: spi_out.bit_cnt[0]_sky130_fd_sc_hd__dfrtp_2_Q
            (rising edge-triggered flip-flop clocked by clk)
Endpoint: spi_out.bit_cnt[1]_sky130_fd_sc_hd__dfrtp_2_Q
          (rising edge-triggered flip-flop clocked by clk)
Path Group: clk
Path Type: min

Fanout         Cap        Slew       Delay        Time   Description
---------------------------------------------------------------------------------------------
                                  0.000000    0.000000   clock clk (rise edge)
                                  0.000000    0.000000   clock source latency
     1    0.041337    0.190682    0.135170    0.135170 ^ clk (in)
                                                         clk (net)
                      0.191051    0.000000    0.135170 ^ clkbuf_0_clk/A (sky130_fd_sc_hd__clkbuf_16)
     8    0.135034    0.148108    0.254199    0.389369 ^ clkbuf_0_clk/X (sky130_fd_sc_hd__clkbuf_16)
                                                         clknet_0_clk (net)
                      0.149617    0.011890    0.401258 ^ clkbuf_3_4__f_clk/A (sky130_fd_sc_hd__clkbuf_16)
    13    0.055819    0.074782    0.189471    0.590730 ^ clkbuf_3_4__f_clk/X (sky130_fd_sc_hd__clkbuf_16)
                                                         clknet_3_4__leaf_clk (net)
                      0.074787    0.000930    0.591659 ^ spi_out.bit_cnt[0]_sky130_fd_sc_hd__dfrtp_2_Q/CLK (sky130_fd_sc_hd__dfrtp_1)
     4    0.013913    0.132356    0.397864    0.989523 ^ spi_out.bit_cnt[0]_sky130_fd_sc_hd__dfrtp_2_Q/Q (sky130_fd_sc_hd__dfrtp_1)
                                                         spi_out.bit_cnt[0] (net)
                      0.132356    0.000394    0.989918 ^ spi_out.bit_cnt[1]_sky130_fd_sc_hd__a21oi_2_B1/A1 (sky130_fd_sc_hd__a21oi_1)
     1    0.002717    0.027386    0.079619    1.069537 v spi_out.bit_cnt[1]_sky130_fd_sc_hd__a21oi_2_B1/Y (sky130_fd_sc_hd__a21oi_1)
                                                         spi_out.bit_cnt[1]_sky130_fd_sc_hd__a21oi_2_B1_Y (net)
                      0.027386    0.000076    1.069613 v spi_out.bit_cnt[1]_sky130_fd_sc_hd__dfrtp_2_Q_D_sky130_fd_sc_hd__nor2_2_Y/B (sky130_fd_sc_hd__nor2_1)
     1    0.002569    0.072141    0.072422    1.142035 ^ spi_out.bit_cnt[1]_sky130_fd_sc_hd__dfrtp_2_Q_D_sky130_fd_sc_hd__nor2_2_Y/Y (sky130_fd_sc_hd__nor2_1)
                                                         spi_out.bit_cnt[1]_sky130_fd_sc_hd__dfrtp_2_Q_D (net)
                      0.072141    0.000072    1.142107 ^ spi_out.bit_cnt[1]_sky130_fd_sc_hd__dfrtp_2_Q/D (sky130_fd_sc_hd__dfrtp_1)
                                              1.142107   data arrival time

                                  0.000000    0.000000   clock clk (rise edge)
                                  0.000000    0.000000   clock source latency
     1    0.041337    0.190682    0.135170    0.135170 ^ clk (in)
                                                         clk (net)
                      0.191051    0.000000    0.135170 ^ clkbuf_0_clk/A (sky130_fd_sc_hd__clkbuf_16)
     8    0.135034    0.148108    0.254199    0.389369 ^ clkbuf_0_clk/X (sky130_fd_sc_hd__clkbuf_16)
                                                         clknet_0_clk (net)
                      0.149795    0.012557    0.401926 ^ clkbuf_3_5__f_clk/A (sky130_fd_sc_hd__clkbuf_16)
    13    0.053061    0.072094    0.187922    0.589848 ^ clkbuf_3_5__f_clk/X (sky130_fd_sc_hd__clkbuf_16)
                                                         clknet_3_5__leaf_clk (net)
                      0.072115    0.001180    0.591028 ^ spi_out.bit_cnt[1]_sky130_fd_sc_hd__dfrtp_2_Q/CLK (sky130_fd_sc_hd__dfrtp_1)
                                  0.250000    0.841028   clock uncertainty
                                  0.000000    0.841028   clock reconvergence pessimism
                                 -0.036729    0.804299   library hold time
                                              0.804299   data required time
---------------------------------------------------------------------------------------------
                                              0.804299   data required time
                                             -1.142107   data arrival time
---------------------------------------------------------------------------------------------
                                              0.337808   slack (MET)


Startpoint: spi_in.shift_reg[6]_sky130_fd_sc_hd__dfrtp_2_Q
            (rising edge-triggered flip-flop clocked by clk)
Endpoint: filter.x_in[7]_sky130_fd_sc_hd__dfrtp_2_Q
          (rising edge-triggered flip-flop clocked by clk)
Path Group: clk
Path Type: min

Fanout         Cap        Slew       Delay        Time   Description
---------------------------------------------------------------------------------------------
                                  0.000000    0.000000   clock clk (rise edge)
                                  0.000000    0.000000   clock source latency
     1    0.041337    0.190682    0.135170    0.135170 ^ clk (in)
                                                         clk (net)
                      0.191051    0.000000    0.135170 ^ clkbuf_0_clk/A (sky130_fd_sc_hd__clkbuf_16)
     8    0.135034    0.148108    0.254199    0.389369 ^ clkbuf_0_clk/X (sky130_fd_sc_hd__clkbuf_16)
                                                         clknet_0_clk (net)
                      0.149795    0.012557    0.401926 ^ clkbuf_3_5__f_clk/A (sky130_fd_sc_hd__clkbuf_16)
    13    0.053061    0.072094    0.187922    0.589848 ^ clkbuf_3_5__f_clk/X (sky130_fd_sc_hd__clkbuf_16)
                                                         clknet_3_5__leaf_clk (net)
                      0.072102    0.000837    0.590685 ^ spi_in.shift_reg[6]_sky130_fd_sc_hd__dfrtp_2_Q/CLK (sky130_fd_sc_hd__dfrtp_1)
     3    0.016053    0.149986    0.409696    1.000381 ^ spi_in.shift_reg[6]_sky130_fd_sc_hd__dfrtp_2_Q/Q (sky130_fd_sc_hd__dfrtp_1)
                                                         spi_in.shift_reg[6] (net)
                      0.149988    0.000791    1.001172 ^ filter.x_in[7]_sky130_fd_sc_hd__mux2_1_A0/A1 (sky130_fd_sc_hd__mux2_1)
     1    0.002930    0.042276    0.151374    1.152546 ^ filter.x_in[7]_sky130_fd_sc_hd__mux2_1_A0/X (sky130_fd_sc_hd__mux2_1)
                                                         filter.x_in[7]_sky130_fd_sc_hd__dfrtp_2_Q_D (net)
                      0.042276    0.000088    1.152634 ^ filter.x_in[7]_sky130_fd_sc_hd__dfrtp_2_Q/D (sky130_fd_sc_hd__dfrtp_1)
                                              1.152634   data arrival time

                                  0.000000    0.000000   clock clk (rise edge)
                                  0.000000    0.000000   clock source latency
     1    0.041337    0.190682    0.135170    0.135170 ^ clk (in)
                                                         clk (net)
                      0.191051    0.000000    0.135170 ^ clkbuf_0_clk/A (sky130_fd_sc_hd__clkbuf_16)
     8    0.135034    0.148108    0.254199    0.389369 ^ clkbuf_0_clk/X (sky130_fd_sc_hd__clkbuf_16)
                                                         clknet_0_clk (net)
                      0.149617    0.011890    0.401258 ^ clkbuf_3_4__f_clk/A (sky130_fd_sc_hd__clkbuf_16)
    13    0.055819    0.074782    0.189471    0.590730 ^ clkbuf_3_4__f_clk/X (sky130_fd_sc_hd__clkbuf_16)
                                                         clknet_3_4__leaf_clk (net)
                      0.074979    0.002472    0.593202 ^ filter.x_in[7]_sky130_fd_sc_hd__dfrtp_2_Q/CLK (sky130_fd_sc_hd__dfrtp_1)
                                  0.250000    0.843202   clock uncertainty
                                  0.000000    0.843202   clock reconvergence pessimism
                                 -0.030099    0.813103   library hold time
                                              0.813103   data required time
---------------------------------------------------------------------------------------------
                                              0.813103   data required time
                                             -1.152634   data arrival time
---------------------------------------------------------------------------------------------
                                              0.339532   slack (MET)


Startpoint: spi_out.bit_cnt[2]_sky130_fd_sc_hd__dfrtp_2_Q
            (rising edge-triggered flip-flop clocked by clk)
Endpoint: spi_out.bit_cnt[3]_sky130_fd_sc_hd__dfrtp_2_Q
          (rising edge-triggered flip-flop clocked by clk)
Path Group: clk
Path Type: min

Fanout         Cap        Slew       Delay        Time   Description
---------------------------------------------------------------------------------------------
                                  0.000000    0.000000   clock clk (rise edge)
                                  0.000000    0.000000   clock source latency
     1    0.041337    0.190682    0.135170    0.135170 ^ clk (in)
                                                         clk (net)
                      0.191051    0.000000    0.135170 ^ clkbuf_0_clk/A (sky130_fd_sc_hd__clkbuf_16)
     8    0.135034    0.148108    0.254199    0.389369 ^ clkbuf_0_clk/X (sky130_fd_sc_hd__clkbuf_16)
                                                         clknet_0_clk (net)
                      0.149795    0.012557    0.401926 ^ clkbuf_3_5__f_clk/A (sky130_fd_sc_hd__clkbuf_16)
    13    0.053061    0.072094    0.187922    0.589848 ^ clkbuf_3_5__f_clk/X (sky130_fd_sc_hd__clkbuf_16)
                                                         clknet_3_5__leaf_clk (net)
                      0.072138    0.001601    0.591449 ^ spi_out.bit_cnt[2]_sky130_fd_sc_hd__dfrtp_2_Q/CLK (sky130_fd_sc_hd__dfrtp_1)
     4    0.011503    0.112588    0.382290    0.973739 ^ spi_out.bit_cnt[2]_sky130_fd_sc_hd__dfrtp_2_Q/Q (sky130_fd_sc_hd__dfrtp_1)
                                                         spi_out.bit_cnt[2] (net)
                      0.112588    0.000372    0.974111 ^ spi_out.bit_cnt[3]_sky130_fd_sc_hd__a21oi_2_B1/A1 (sky130_fd_sc_hd__a21oi_1)
     1    0.003608    0.029879    0.080088    1.054200 v spi_out.bit_cnt[3]_sky130_fd_sc_hd__a21oi_2_B1/Y (sky130_fd_sc_hd__a21oi_1)
                                                         spi_out.bit_cnt[3]_sky130_fd_sc_hd__a21oi_2_B1_Y (net)
                      0.029879    0.000113    1.054313 v spi_out.bit_cnt[3]_sky130_fd_sc_hd__dfrtp_2_Q_D_sky130_fd_sc_hd__nor2_2_Y/B (sky130_fd_sc_hd__nor2_1)
     1    0.003873    0.092762    0.089581    1.143894 ^ spi_out.bit_cnt[3]_sky130_fd_sc_hd__dfrtp_2_Q_D_sky130_fd_sc_hd__nor2_2_Y/Y (sky130_fd_sc_hd__nor2_1)
                                                         spi_out.bit_cnt[3]_sky130_fd_sc_hd__dfrtp_2_Q_D (net)
                      0.092762    0.000119    1.144013 ^ spi_out.bit_cnt[3]_sky130_fd_sc_hd__dfrtp_2_Q/D (sky130_fd_sc_hd__dfrtp_1)
                                              1.144013   data arrival time

                                  0.000000    0.000000   clock clk (rise edge)
                                  0.000000    0.000000   clock source latency
     1    0.041337    0.190682    0.135170    0.135170 ^ clk (in)
                                                         clk (net)
                      0.191051    0.000000    0.135170 ^ clkbuf_0_clk/A (sky130_fd_sc_hd__clkbuf_16)
     8    0.135034    0.148108    0.254199    0.389369 ^ clkbuf_0_clk/X (sky130_fd_sc_hd__clkbuf_16)
                                                         clknet_0_clk (net)
                      0.149795    0.012557    0.401926 ^ clkbuf_3_5__f_clk/A (sky130_fd_sc_hd__clkbuf_16)
    13    0.053061    0.072094    0.187922    0.589848 ^ clkbuf_3_5__f_clk/X (sky130_fd_sc_hd__clkbuf_16)
                                                         clknet_3_5__leaf_clk (net)
                      0.072138    0.001599    0.591447 ^ spi_out.bit_cnt[3]_sky130_fd_sc_hd__dfrtp_2_Q/CLK (sky130_fd_sc_hd__dfrtp_1)
                                  0.250000    0.841447   clock uncertainty
                                  0.000000    0.841447   clock reconvergence pessimism
                                 -0.041034    0.800413   library hold time
                                              0.800413   data required time
---------------------------------------------------------------------------------------------
                                              0.800413   data required time
                                             -1.144013   data arrival time
---------------------------------------------------------------------------------------------
                                              0.343600   slack (MET)


Startpoint: filter.x_in[1]_sky130_fd_sc_hd__dfrtp_2_Q
            (rising edge-triggered flip-flop clocked by clk)
Endpoint: filter.x_in[1]_sky130_fd_sc_hd__dfrtp_2_Q
          (rising edge-triggered flip-flop clocked by clk)
Path Group: clk
Path Type: min

Fanout         Cap        Slew       Delay        Time   Description
---------------------------------------------------------------------------------------------
                                  0.000000    0.000000   clock clk (rise edge)
                                  0.000000    0.000000   clock source latency
     1    0.041337    0.190682    0.135170    0.135170 ^ clk (in)
                                                         clk (net)
                      0.191051    0.000000    0.135170 ^ clkbuf_0_clk/A (sky130_fd_sc_hd__clkbuf_16)
     8    0.135034    0.148108    0.254199    0.389369 ^ clkbuf_0_clk/X (sky130_fd_sc_hd__clkbuf_16)
                                                         clknet_0_clk (net)
                      0.148356    0.005020    0.394388 ^ clkbuf_3_6__f_clk/A (sky130_fd_sc_hd__clkbuf_16)
     9    0.058206    0.076772    0.191067    0.585455 ^ clkbuf_3_6__f_clk/X (sky130_fd_sc_hd__clkbuf_16)
                                                         clknet_3_6__leaf_clk (net)
                      0.076825    0.001830    0.587285 ^ filter.x_in[1]_sky130_fd_sc_hd__dfrtp_2_Q/CLK (sky130_fd_sc_hd__dfrtp_1)
     4    0.017692    0.163498    0.421338    1.008623 ^ filter.x_in[1]_sky130_fd_sc_hd__dfrtp_2_Q/Q (sky130_fd_sc_hd__dfrtp_1)
                                                         filter.x_in[1] (net)
                      0.163498    0.000412    1.009036 ^ spi_in.shift_reg[0]_sky130_fd_sc_hd__mux2_1_A1/A0 (sky130_fd_sc_hd__mux2_1)
     1    0.002325    0.037751    0.147229    1.156265 ^ spi_in.shift_reg[0]_sky130_fd_sc_hd__mux2_1_A1/X (sky130_fd_sc_hd__mux2_1)
                                                         filter.x_in[1]_sky130_fd_sc_hd__dfrtp_2_Q_D (net)
                      0.037751    0.000065    1.156330 ^ filter.x_in[1]_sky130_fd_sc_hd__dfrtp_2_Q/D (sky130_fd_sc_hd__dfrtp_1)
                                              1.156330   data arrival time

                                  0.000000    0.000000   clock clk (rise edge)
                                  0.000000    0.000000   clock source latency
     1    0.041337    0.190682    0.135170    0.135170 ^ clk (in)
                                                         clk (net)
                      0.191051    0.000000    0.135170 ^ clkbuf_0_clk/A (sky130_fd_sc_hd__clkbuf_16)
     8    0.135034    0.148108    0.254199    0.389369 ^ clkbuf_0_clk/X (sky130_fd_sc_hd__clkbuf_16)
                                                         clknet_0_clk (net)
                      0.148356    0.005020    0.394388 ^ clkbuf_3_6__f_clk/A (sky130_fd_sc_hd__clkbuf_16)
     9    0.058206    0.076772    0.191067    0.585455 ^ clkbuf_3_6__f_clk/X (sky130_fd_sc_hd__clkbuf_16)
                                                         clknet_3_6__leaf_clk (net)
                      0.076825    0.001830    0.587285 ^ filter.x_in[1]_sky130_fd_sc_hd__dfrtp_2_Q/CLK (sky130_fd_sc_hd__dfrtp_1)
                                  0.250000    0.837285   clock uncertainty
                                  0.000000    0.837285   clock reconvergence pessimism
                                 -0.028902    0.808383   library hold time
                                              0.808383   data required time
---------------------------------------------------------------------------------------------
                                              0.808383   data required time
                                             -1.156330   data arrival time
---------------------------------------------------------------------------------------------
                                              0.347947   slack (MET)


Startpoint: filter.x_in[12]_sky130_fd_sc_hd__dfrtp_2_Q
            (rising edge-triggered flip-flop clocked by clk)
Endpoint: filter.x_in[12]_sky130_fd_sc_hd__dfrtp_2_Q
          (rising edge-triggered flip-flop clocked by clk)
Path Group: clk
Path Type: min

Fanout         Cap        Slew       Delay        Time   Description
---------------------------------------------------------------------------------------------
                                  0.000000    0.000000   clock clk (rise edge)
                                  0.000000    0.000000   clock source latency
     1    0.041337    0.190682    0.135170    0.135170 ^ clk (in)
                                                         clk (net)
                      0.191051    0.000000    0.135170 ^ clkbuf_0_clk/A (sky130_fd_sc_hd__clkbuf_16)
     8    0.135034    0.148108    0.254199    0.389369 ^ clkbuf_0_clk/X (sky130_fd_sc_hd__clkbuf_16)
                                                         clknet_0_clk (net)
                      0.150554    0.015081    0.404449 ^ clkbuf_3_3__f_clk/A (sky130_fd_sc_hd__clkbuf_16)
     6    0.046972    0.066577    0.183586    0.588036 ^ clkbuf_3_3__f_clk/X (sky130_fd_sc_hd__clkbuf_16)
                                                         clknet_3_3__leaf_clk (net)
                      0.066627    0.001603    0.589639 ^ filter.x_in[12]_sky130_fd_sc_hd__dfrtp_2_Q/CLK (sky130_fd_sc_hd__dfrtp_1)
     3    0.018173    0.167506    0.420329    1.009968 ^ filter.x_in[12]_sky130_fd_sc_hd__dfrtp_2_Q/Q (sky130_fd_sc_hd__dfrtp_1)
                                                         filter.x_in[12] (net)
                      0.167506    0.000392    1.010360 ^ filter.x_in[12]_sky130_fd_sc_hd__mux2_1_A0/A0 (sky130_fd_sc_hd__mux2_1)
     1    0.002444    0.038609    0.149171    1.159531 ^ filter.x_in[12]_sky130_fd_sc_hd__mux2_1_A0/X (sky130_fd_sc_hd__mux2_1)
                                                         filter.x_in[12]_sky130_fd_sc_hd__dfrtp_2_Q_D (net)
                      0.038609    0.000069    1.159601 ^ filter.x_in[12]_sky130_fd_sc_hd__dfrtp_2_Q/D (sky130_fd_sc_hd__dfrtp_1)
                                              1.159601   data arrival time

                                  0.000000    0.000000   clock clk (rise edge)
                                  0.000000    0.000000   clock source latency
     1    0.041337    0.190682    0.135170    0.135170 ^ clk (in)
                                                         clk (net)
                      0.191051    0.000000    0.135170 ^ clkbuf_0_clk/A (sky130_fd_sc_hd__clkbuf_16)
     8    0.135034    0.148108    0.254199    0.389369 ^ clkbuf_0_clk/X (sky130_fd_sc_hd__clkbuf_16)
                                                         clknet_0_clk (net)
                      0.150554    0.015081    0.404449 ^ clkbuf_3_3__f_clk/A (sky130_fd_sc_hd__clkbuf_16)
     6    0.046972    0.066577    0.183586    0.588036 ^ clkbuf_3_3__f_clk/X (sky130_fd_sc_hd__clkbuf_16)
                                                         clknet_3_3__leaf_clk (net)
                      0.066627    0.001603    0.589639 ^ filter.x_in[12]_sky130_fd_sc_hd__dfrtp_2_Q/CLK (sky130_fd_sc_hd__dfrtp_1)
                                  0.250000    0.839639   clock uncertainty
                                  0.000000    0.839639   clock reconvergence pessimism
                                 -0.030473    0.809166   library hold time
                                              0.809166   data required time
---------------------------------------------------------------------------------------------
                                              0.809166   data required time
                                             -1.159601   data arrival time
---------------------------------------------------------------------------------------------
                                              0.350435   slack (MET)


Startpoint: spi_in.shift_reg[3]_sky130_fd_sc_hd__dfrtp_2_Q
            (rising edge-triggered flip-flop clocked by clk)
Endpoint: spi_in.shift_reg[4]_sky130_fd_sc_hd__dfrtp_2_Q
          (rising edge-triggered flip-flop clocked by clk)
Path Group: clk
Path Type: min

Fanout         Cap        Slew       Delay        Time   Description
---------------------------------------------------------------------------------------------
                                  0.000000    0.000000   clock clk (rise edge)
                                  0.000000    0.000000   clock source latency
     1    0.041337    0.190682    0.135170    0.135170 ^ clk (in)
                                                         clk (net)
                      0.191051    0.000000    0.135170 ^ clkbuf_0_clk/A (sky130_fd_sc_hd__clkbuf_16)
     8    0.135034    0.148108    0.254199    0.389369 ^ clkbuf_0_clk/X (sky130_fd_sc_hd__clkbuf_16)
                                                         clknet_0_clk (net)
                      0.148397    0.005399    0.394767 ^ clkbuf_3_7__f_clk/A (sky130_fd_sc_hd__clkbuf_16)
     9    0.048903    0.068416    0.183895    0.578663 ^ clkbuf_3_7__f_clk/X (sky130_fd_sc_hd__clkbuf_16)
                                                         clknet_3_7__leaf_clk (net)
                      0.068510    0.002258    0.580921 ^ spi_in.shift_reg[3]_sky130_fd_sc_hd__dfrtp_2_Q/CLK (sky130_fd_sc_hd__dfrtp_1)
     3    0.020317    0.185248    0.433847    1.014768 ^ spi_in.shift_reg[3]_sky130_fd_sc_hd__dfrtp_2_Q/Q (sky130_fd_sc_hd__dfrtp_1)
                                                         spi_in.shift_reg[3] (net)
                      0.185256    0.001459    1.016227 ^ spi_in.shift_reg[4]_sky130_fd_sc_hd__mux2_1_A0/A1 (sky130_fd_sc_hd__mux2_1)
     1    0.002360    0.038005    0.155438    1.171665 ^ spi_in.shift_reg[4]_sky130_fd_sc_hd__mux2_1_A0/X (sky130_fd_sc_hd__mux2_1)
                                                         spi_in.shift_reg[4]_sky130_fd_sc_hd__dfrtp_2_Q_D (net)
                      0.038005    0.000067    1.171731 ^ spi_in.shift_reg[4]_sky130_fd_sc_hd__dfrtp_2_Q/D (sky130_fd_sc_hd__dfrtp_1)
                                              1.171731   data arrival time

                                  0.000000    0.000000   clock clk (rise edge)
                                  0.000000    0.000000   clock source latency
     1    0.041337    0.190682    0.135170    0.135170 ^ clk (in)
                                                         clk (net)
                      0.191051    0.000000    0.135170 ^ clkbuf_0_clk/A (sky130_fd_sc_hd__clkbuf_16)
     8    0.135034    0.148108    0.254199    0.389369 ^ clkbuf_0_clk/X (sky130_fd_sc_hd__clkbuf_16)
                                                         clknet_0_clk (net)
                      0.149795    0.012557    0.401926 ^ clkbuf_3_5__f_clk/A (sky130_fd_sc_hd__clkbuf_16)
    13    0.053061    0.072094    0.187922    0.589848 ^ clkbuf_3_5__f_clk/X (sky130_fd_sc_hd__clkbuf_16)
                                                         clknet_3_5__leaf_clk (net)
                      0.072128    0.001427    0.591275 ^ spi_in.shift_reg[4]_sky130_fd_sc_hd__dfrtp_2_Q/CLK (sky130_fd_sc_hd__dfrtp_1)
                                  0.250000    0.841275   clock uncertainty
                                  0.000000    0.841275   clock reconvergence pessimism
                                 -0.029596    0.811679   library hold time
                                              0.811679   data required time
---------------------------------------------------------------------------------------------
                                              0.811679   data required time
                                             -1.171731   data arrival time
---------------------------------------------------------------------------------------------
                                              0.360053   slack (MET)


Startpoint: spi_out.shift_reg[11]_sky130_fd_sc_hd__dfrtp_2_Q
            (rising edge-triggered flip-flop clocked by clk)
Endpoint: spi_out.shift_reg[12]_sky130_fd_sc_hd__dfrtp_2_Q
          (rising edge-triggered flip-flop clocked by clk)
Path Group: clk
Path Type: min

Fanout         Cap        Slew       Delay        Time   Description
---------------------------------------------------------------------------------------------
                                  0.000000    0.000000   clock clk (rise edge)
                                  0.000000    0.000000   clock source latency
     1    0.041337    0.190682    0.135170    0.135170 ^ clk (in)
                                                         clk (net)
                      0.191051    0.000000    0.135170 ^ clkbuf_0_clk/A (sky130_fd_sc_hd__clkbuf_16)
     8    0.135034    0.148108    0.254199    0.389369 ^ clkbuf_0_clk/X (sky130_fd_sc_hd__clkbuf_16)
                                                         clknet_0_clk (net)
                      0.150014    0.013331    0.402700 ^ clkbuf_3_0__f_clk/A (sky130_fd_sc_hd__clkbuf_16)
    10    0.041890    0.062027    0.179810    0.582510 ^ clkbuf_3_0__f_clk/X (sky130_fd_sc_hd__clkbuf_16)
                                                         clknet_3_0__leaf_clk (net)
                      0.062031    0.000602    0.583111 ^ spi_out.shift_reg[11]_sky130_fd_sc_hd__dfrtp_2_Q/CLK (sky130_fd_sc_hd__dfrtp_1)
     2    0.005706    0.067236    0.340959    0.924071 ^ spi_out.shift_reg[11]_sky130_fd_sc_hd__dfrtp_2_Q/Q (sky130_fd_sc_hd__dfrtp_1)
                                                         spi_out.shift_reg[11] (net)
                      0.067236    0.000152    0.924223 ^ spi_out.shift_reg[11]_sky130_fd_sc_hd__mux2_1_A1/A1 (sky130_fd_sc_hd__mux2_1)
     1    0.003271    0.044874    0.128491    1.052714 ^ spi_out.shift_reg[11]_sky130_fd_sc_hd__mux2_1_A1/X (sky130_fd_sc_hd__mux2_1)
                                                         spi_out.shift_reg[11]_sky130_fd_sc_hd__mux2_1_A1_X (net)
                      0.044874    0.000103    1.052817 ^ spi_out.shift_reg[12]_sky130_fd_sc_hd__mux2_1_A0/A1 (sky130_fd_sc_hd__mux2_1)
     1    0.003133    0.043820    0.119764    1.172581 ^ spi_out.shift_reg[12]_sky130_fd_sc_hd__mux2_1_A0/X (sky130_fd_sc_hd__mux2_1)
                                                         spi_out.shift_reg[12]_sky130_fd_sc_hd__dfrtp_2_Q_D (net)
                      0.043820    0.000092    1.172673 ^ spi_out.shift_reg[12]_sky130_fd_sc_hd__dfrtp_2_Q/D (sky130_fd_sc_hd__dfrtp_1)
                                              1.172673   data arrival time

                                  0.000000    0.000000   clock clk (rise edge)
                                  0.000000    0.000000   clock source latency
     1    0.041337    0.190682    0.135170    0.135170 ^ clk (in)
                                                         clk (net)
                      0.191051    0.000000    0.135170 ^ clkbuf_0_clk/A (sky130_fd_sc_hd__clkbuf_16)
     8    0.135034    0.148108    0.254199    0.389369 ^ clkbuf_0_clk/X (sky130_fd_sc_hd__clkbuf_16)
                                                         clknet_0_clk (net)
                      0.149539    0.011588    0.400956 ^ clkbuf_3_1__f_clk/A (sky130_fd_sc_hd__clkbuf_16)
    12    0.057231    0.076120    0.190515    0.591471 ^ clkbuf_3_1__f_clk/X (sky130_fd_sc_hd__clkbuf_16)
                                                         clknet_3_1__leaf_clk (net)
                      0.076132    0.001044    0.592515 ^ spi_out.shift_reg[12]_sky130_fd_sc_hd__dfrtp_2_Q/CLK (sky130_fd_sc_hd__dfrtp_1)
                                  0.250000    0.842515   clock uncertainty
                                  0.000000    0.842515   clock reconvergence pessimism
                                 -0.030264    0.812251   library hold time
                                              0.812251   data required time
---------------------------------------------------------------------------------------------
                                              0.812251   data required time
                                             -1.172673   data arrival time
---------------------------------------------------------------------------------------------
                                              0.360422   slack (MET)


Startpoint: spi_in.shift_reg[3]_sky130_fd_sc_hd__dfrtp_2_Q
            (rising edge-triggered flip-flop clocked by clk)
Endpoint: filter.x_in[4]_sky130_fd_sc_hd__dfrtp_2_Q
          (rising edge-triggered flip-flop clocked by clk)
Path Group: clk
Path Type: min

Fanout         Cap        Slew       Delay        Time   Description
---------------------------------------------------------------------------------------------
                                  0.000000    0.000000   clock clk (rise edge)
                                  0.000000    0.000000   clock source latency
     1    0.041337    0.190682    0.135170    0.135170 ^ clk (in)
                                                         clk (net)
                      0.191051    0.000000    0.135170 ^ clkbuf_0_clk/A (sky130_fd_sc_hd__clkbuf_16)
     8    0.135034    0.148108    0.254199    0.389369 ^ clkbuf_0_clk/X (sky130_fd_sc_hd__clkbuf_16)
                                                         clknet_0_clk (net)
                      0.148397    0.005399    0.394767 ^ clkbuf_3_7__f_clk/A (sky130_fd_sc_hd__clkbuf_16)
     9    0.048903    0.068416    0.183895    0.578663 ^ clkbuf_3_7__f_clk/X (sky130_fd_sc_hd__clkbuf_16)
                                                         clknet_3_7__leaf_clk (net)
                      0.068510    0.002258    0.580921 ^ spi_in.shift_reg[3]_sky130_fd_sc_hd__dfrtp_2_Q/CLK (sky130_fd_sc_hd__dfrtp_1)
     3    0.020317    0.185248    0.433847    1.014768 ^ spi_in.shift_reg[3]_sky130_fd_sc_hd__dfrtp_2_Q/Q (sky130_fd_sc_hd__dfrtp_1)
                                                         spi_in.shift_reg[3] (net)
                      0.185255    0.001347    1.016115 ^ filter.x_in[4]_sky130_fd_sc_hd__mux2_1_A0/A1 (sky130_fd_sc_hd__mux2_1)
     1    0.002507    0.039069    0.156639    1.172754 ^ filter.x_in[4]_sky130_fd_sc_hd__mux2_1_A0/X (sky130_fd_sc_hd__mux2_1)
                                                         filter.x_in[4]_sky130_fd_sc_hd__dfrtp_2_Q_D (net)
                      0.039069    0.000070    1.172824 ^ filter.x_in[4]_sky130_fd_sc_hd__dfrtp_2_Q/D (sky130_fd_sc_hd__dfrtp_1)
                                              1.172824   data arrival time

                                  0.000000    0.000000   clock clk (rise edge)
                                  0.000000    0.000000   clock source latency
     1    0.041337    0.190682    0.135170    0.135170 ^ clk (in)
                                                         clk (net)
                      0.191051    0.000000    0.135170 ^ clkbuf_0_clk/A (sky130_fd_sc_hd__clkbuf_16)
     8    0.135034    0.148108    0.254199    0.389369 ^ clkbuf_0_clk/X (sky130_fd_sc_hd__clkbuf_16)
                                                         clknet_0_clk (net)
                      0.149795    0.012557    0.401926 ^ clkbuf_3_5__f_clk/A (sky130_fd_sc_hd__clkbuf_16)
    13    0.053061    0.072094    0.187922    0.589848 ^ clkbuf_3_5__f_clk/X (sky130_fd_sc_hd__clkbuf_16)
                                                         clknet_3_5__leaf_clk (net)
                      0.072132    0.001497    0.591345 ^ filter.x_in[4]_sky130_fd_sc_hd__dfrtp_2_Q/CLK (sky130_fd_sc_hd__dfrtp_1)
                                  0.250000    0.841345   clock uncertainty
                                  0.000000    0.841345   clock reconvergence pessimism
                                 -0.029818    0.811528   library hold time
                                              0.811528   data required time
---------------------------------------------------------------------------------------------
                                              0.811528   data required time
                                             -1.172824   data arrival time
---------------------------------------------------------------------------------------------
                                              0.361296   slack (MET)


Startpoint: spi_out.shift_reg[7]_sky130_fd_sc_hd__dfrtp_2_Q
            (rising edge-triggered flip-flop clocked by clk)
Endpoint: spi_out.shift_reg[8]_sky130_fd_sc_hd__dfrtp_2_Q
          (rising edge-triggered flip-flop clocked by clk)
Path Group: clk
Path Type: min

Fanout         Cap        Slew       Delay        Time   Description
---------------------------------------------------------------------------------------------
                                  0.000000    0.000000   clock clk (rise edge)
                                  0.000000    0.000000   clock source latency
     1    0.041337    0.190682    0.135170    0.135170 ^ clk (in)
                                                         clk (net)
                      0.191051    0.000000    0.135170 ^ clkbuf_0_clk/A (sky130_fd_sc_hd__clkbuf_16)
     8    0.135034    0.148108    0.254199    0.389369 ^ clkbuf_0_clk/X (sky130_fd_sc_hd__clkbuf_16)
                                                         clknet_0_clk (net)
                      0.149539    0.011588    0.400956 ^ clkbuf_3_1__f_clk/A (sky130_fd_sc_hd__clkbuf_16)
    12    0.057231    0.076120    0.190515    0.591471 ^ clkbuf_3_1__f_clk/X (sky130_fd_sc_hd__clkbuf_16)
                                                         clknet_3_1__leaf_clk (net)
                      0.076178    0.001909    0.593380 ^ spi_out.shift_reg[7]_sky130_fd_sc_hd__dfrtp_2_Q/CLK (sky130_fd_sc_hd__dfrtp_1)
     2    0.004804    0.060248    0.340152    0.933532 ^ spi_out.shift_reg[7]_sky130_fd_sc_hd__dfrtp_2_Q/Q (sky130_fd_sc_hd__dfrtp_1)
                                                         spi_out.shift_reg[7] (net)
                      0.060248    0.000153    0.933685 ^ spi_out.shift_reg[7]_sky130_fd_sc_hd__mux2_1_A1/A1 (sky130_fd_sc_hd__mux2_1)
     1    0.003536    0.046906    0.128196    1.061882 ^ spi_out.shift_reg[7]_sky130_fd_sc_hd__mux2_1_A1/X (sky130_fd_sc_hd__mux2_1)
                                                         spi_out.shift_reg[7]_sky130_fd_sc_hd__mux2_1_A1_X (net)
                      0.046906    0.000115    1.061996 ^ spi_out.shift_reg[8]_sky130_fd_sc_hd__mux2_1_A0/A1 (sky130_fd_sc_hd__mux2_1)
     1    0.002521    0.039175    0.115598    1.177594 ^ spi_out.shift_reg[8]_sky130_fd_sc_hd__mux2_1_A0/X (sky130_fd_sc_hd__mux2_1)
                                                         spi_out.shift_reg[8]_sky130_fd_sc_hd__dfrtp_2_Q_D (net)
                      0.039175    0.000072    1.177666 ^ spi_out.shift_reg[8]_sky130_fd_sc_hd__dfrtp_2_Q/D (sky130_fd_sc_hd__dfrtp_1)
                                              1.177666   data arrival time

                                  0.000000    0.000000   clock clk (rise edge)
                                  0.000000    0.000000   clock source latency
     1    0.041337    0.190682    0.135170    0.135170 ^ clk (in)
                                                         clk (net)
                      0.191051    0.000000    0.135170 ^ clkbuf_0_clk/A (sky130_fd_sc_hd__clkbuf_16)
     8    0.135034    0.148108    0.254199    0.389369 ^ clkbuf_0_clk/X (sky130_fd_sc_hd__clkbuf_16)
                                                         clknet_0_clk (net)
                      0.149539    0.011588    0.400956 ^ clkbuf_3_1__f_clk/A (sky130_fd_sc_hd__clkbuf_16)
    12    0.057231    0.076120    0.190515    0.591471 ^ clkbuf_3_1__f_clk/X (sky130_fd_sc_hd__clkbuf_16)
                                                         clknet_3_1__leaf_clk (net)
                      0.076156    0.001576    0.593047 ^ spi_out.shift_reg[8]_sky130_fd_sc_hd__dfrtp_2_Q/CLK (sky130_fd_sc_hd__dfrtp_1)
                                  0.250000    0.843047   clock uncertainty
                                  0.000000    0.843047   clock reconvergence pessimism
                                 -0.029291    0.813756   library hold time
                                              0.813756   data required time
---------------------------------------------------------------------------------------------
                                              0.813756   data required time
                                             -1.177666   data arrival time
---------------------------------------------------------------------------------------------
                                              0.363910   slack (MET)


Startpoint: spi_out.bit_cnt[4]_sky130_fd_sc_hd__dfrtp_2_Q
            (rising edge-triggered flip-flop clocked by clk)
Endpoint: spi_out.bit_cnt[4]_sky130_fd_sc_hd__dfrtp_2_Q
          (rising edge-triggered flip-flop clocked by clk)
Path Group: clk
Path Type: min

Fanout         Cap        Slew       Delay        Time   Description
---------------------------------------------------------------------------------------------
                                  0.000000    0.000000   clock clk (rise edge)
                                  0.000000    0.000000   clock source latency
     1    0.041337    0.190682    0.135170    0.135170 ^ clk (in)
                                                         clk (net)
                      0.191051    0.000000    0.135170 ^ clkbuf_0_clk/A (sky130_fd_sc_hd__clkbuf_16)
     8    0.135034    0.148108    0.254199    0.389369 ^ clkbuf_0_clk/X (sky130_fd_sc_hd__clkbuf_16)
                                                         clknet_0_clk (net)
                      0.149617    0.011890    0.401258 ^ clkbuf_3_4__f_clk/A (sky130_fd_sc_hd__clkbuf_16)
    13    0.055819    0.074782    0.189471    0.590730 ^ clkbuf_3_4__f_clk/X (sky130_fd_sc_hd__clkbuf_16)
                                                         clknet_3_4__leaf_clk (net)
                      0.075094    0.003374    0.594104 ^ spi_out.bit_cnt[4]_sky130_fd_sc_hd__dfrtp_2_Q/CLK (sky130_fd_sc_hd__dfrtp_1)
     3    0.010673    0.073367    0.405554    0.999658 v spi_out.bit_cnt[4]_sky130_fd_sc_hd__dfrtp_2_Q/Q (sky130_fd_sc_hd__dfrtp_1)
                                                         spi_out.bit_cnt[4] (net)
                      0.073367    0.000267    0.999925 v spi_out.bit_cnt[4]_sky130_fd_sc_hd__inv_2_A/A (sky130_fd_sc_hd__inv_2)
     2    0.005967    0.039125    0.062136    1.062060 ^ spi_out.bit_cnt[4]_sky130_fd_sc_hd__inv_2_A/Y (sky130_fd_sc_hd__inv_2)
                                                         spi_out.bit_cnt[4]_sky130_fd_sc_hd__inv_2_A_Y (net)
                      0.039125    0.000090    1.062150 ^ spi_out.bit_cnt[4]_sky130_fd_sc_hd__dfrtp_2_Q_D_sky130_fd_sc_hd__mux2_1_X/A1 (sky130_fd_sc_hd__mux2_1)
     1    0.003047    0.043164    0.117110    1.179261 ^ spi_out.bit_cnt[4]_sky130_fd_sc_hd__dfrtp_2_Q_D_sky130_fd_sc_hd__mux2_1_X/X (sky130_fd_sc_hd__mux2_1)
                                                         spi_out.bit_cnt[4]_sky130_fd_sc_hd__dfrtp_2_Q_D (net)
                      0.043164    0.000087    1.179348 ^ spi_out.bit_cnt[4]_sky130_fd_sc_hd__dfrtp_2_Q/D (sky130_fd_sc_hd__dfrtp_1)
                                              1.179348   data arrival time

                                  0.000000    0.000000   clock clk (rise edge)
                                  0.000000    0.000000   clock source latency
     1    0.041337    0.190682    0.135170    0.135170 ^ clk (in)
                                                         clk (net)
                      0.191051    0.000000    0.135170 ^ clkbuf_0_clk/A (sky130_fd_sc_hd__clkbuf_16)
     8    0.135034    0.148108    0.254199    0.389369 ^ clkbuf_0_clk/X (sky130_fd_sc_hd__clkbuf_16)
                                                         clknet_0_clk (net)
                      0.149617    0.011890    0.401258 ^ clkbuf_3_4__f_clk/A (sky130_fd_sc_hd__clkbuf_16)
    13    0.055819    0.074782    0.189471    0.590730 ^ clkbuf_3_4__f_clk/X (sky130_fd_sc_hd__clkbuf_16)
                                                         clknet_3_4__leaf_clk (net)
                      0.075094    0.003374    0.594104 ^ spi_out.bit_cnt[4]_sky130_fd_sc_hd__dfrtp_2_Q/CLK (sky130_fd_sc_hd__dfrtp_1)
                                  0.250000    0.844104   clock uncertainty
                                  0.000000    0.844104   clock reconvergence pessimism
                                 -0.030269    0.813835   library hold time
                                              0.813835   data required time
---------------------------------------------------------------------------------------------
                                              0.813835   data required time
                                             -1.179348   data arrival time
---------------------------------------------------------------------------------------------
                                              0.365513   slack (MET)


Startpoint: filter.x_in[9]_sky130_fd_sc_hd__dfrtp_2_Q
            (rising edge-triggered flip-flop clocked by clk)
Endpoint: filter.x_in[9]_sky130_fd_sc_hd__dfrtp_2_Q
          (rising edge-triggered flip-flop clocked by clk)
Path Group: clk
Path Type: min

Fanout         Cap        Slew       Delay        Time   Description
---------------------------------------------------------------------------------------------
                                  0.000000    0.000000   clock clk (rise edge)
                                  0.000000    0.000000   clock source latency
     1    0.041337    0.190682    0.135170    0.135170 ^ clk (in)
                                                         clk (net)
                      0.191051    0.000000    0.135170 ^ clkbuf_0_clk/A (sky130_fd_sc_hd__clkbuf_16)
     8    0.135034    0.148108    0.254199    0.389369 ^ clkbuf_0_clk/X (sky130_fd_sc_hd__clkbuf_16)
                                                         clknet_0_clk (net)
                      0.149539    0.011588    0.400956 ^ clkbuf_3_1__f_clk/A (sky130_fd_sc_hd__clkbuf_16)
    12    0.057231    0.076120    0.190515    0.591471 ^ clkbuf_3_1__f_clk/X (sky130_fd_sc_hd__clkbuf_16)
                                                         clknet_3_1__leaf_clk (net)
                      0.076213    0.002337    0.593808 ^ filter.x_in[9]_sky130_fd_sc_hd__dfrtp_2_Q/CLK (sky130_fd_sc_hd__dfrtp_1)
     3    0.020089    0.183301    0.435508    1.029316 ^ filter.x_in[9]_sky130_fd_sc_hd__dfrtp_2_Q/Q (sky130_fd_sc_hd__dfrtp_1)
                                                         filter.x_in[9] (net)
                      0.183301    0.000247    1.029563 ^ filter.x_in[9]_sky130_fd_sc_hd__mux2_1_A0/A0 (sky130_fd_sc_hd__mux2_1)
     1    0.002193    0.036800    0.150950    1.180513 ^ filter.x_in[9]_sky130_fd_sc_hd__mux2_1_A0/X (sky130_fd_sc_hd__mux2_1)
                                                         filter.x_in[9]_sky130_fd_sc_hd__dfrtp_2_Q_D (net)
                      0.036800    0.000061    1.180575 ^ filter.x_in[9]_sky130_fd_sc_hd__dfrtp_2_Q/D (sky130_fd_sc_hd__dfrtp_1)
                                              1.180575   data arrival time

                                  0.000000    0.000000   clock clk (rise edge)
                                  0.000000    0.000000   clock source latency
     1    0.041337    0.190682    0.135170    0.135170 ^ clk (in)
                                                         clk (net)
                      0.191051    0.000000    0.135170 ^ clkbuf_0_clk/A (sky130_fd_sc_hd__clkbuf_16)
     8    0.135034    0.148108    0.254199    0.389369 ^ clkbuf_0_clk/X (sky130_fd_sc_hd__clkbuf_16)
                                                         clknet_0_clk (net)
                      0.149539    0.011588    0.400956 ^ clkbuf_3_1__f_clk/A (sky130_fd_sc_hd__clkbuf_16)
    12    0.057231    0.076120    0.190515    0.591471 ^ clkbuf_3_1__f_clk/X (sky130_fd_sc_hd__clkbuf_16)
                                                         clknet_3_1__leaf_clk (net)
                      0.076213    0.002337    0.593808 ^ filter.x_in[9]_sky130_fd_sc_hd__dfrtp_2_Q/CLK (sky130_fd_sc_hd__dfrtp_1)
                                  0.250000    0.843808   clock uncertainty
                                  0.000000    0.843808   clock reconvergence pessimism
                                 -0.028787    0.815021   library hold time
                                              0.815021   data required time
---------------------------------------------------------------------------------------------
                                              0.815021   data required time
                                             -1.180575   data arrival time
---------------------------------------------------------------------------------------------
                                              0.365554   slack (MET)


Startpoint: spi_out.shift_reg[4]_sky130_fd_sc_hd__dfrtp_2_Q
            (rising edge-triggered flip-flop clocked by clk)
Endpoint: spi_out.shift_reg[5]_sky130_fd_sc_hd__dfrtp_2_Q
          (rising edge-triggered flip-flop clocked by clk)
Path Group: clk
Path Type: min

Fanout         Cap        Slew       Delay        Time   Description
---------------------------------------------------------------------------------------------
                                  0.000000    0.000000   clock clk (rise edge)
                                  0.000000    0.000000   clock source latency
     1    0.041337    0.190682    0.135170    0.135170 ^ clk (in)
                                                         clk (net)
                      0.191051    0.000000    0.135170 ^ clkbuf_0_clk/A (sky130_fd_sc_hd__clkbuf_16)
     8    0.135034    0.148108    0.254199    0.389369 ^ clkbuf_0_clk/X (sky130_fd_sc_hd__clkbuf_16)
                                                         clknet_0_clk (net)
                      0.149617    0.011890    0.401258 ^ clkbuf_3_4__f_clk/A (sky130_fd_sc_hd__clkbuf_16)
    13    0.055819    0.074782    0.189471    0.590730 ^ clkbuf_3_4__f_clk/X (sky130_fd_sc_hd__clkbuf_16)
                                                         clknet_3_4__leaf_clk (net)
                      0.074808    0.001472    0.592201 ^ spi_out.shift_reg[4]_sky130_fd_sc_hd__dfrtp_2_Q/CLK (sky130_fd_sc_hd__dfrtp_1)
     2    0.006333    0.072143    0.349950    0.942151 ^ spi_out.shift_reg[4]_sky130_fd_sc_hd__dfrtp_2_Q/Q (sky130_fd_sc_hd__dfrtp_1)
                                                         spi_out.shift_reg[4] (net)
                      0.072143    0.000191    0.942342 ^ spi_out.shift_reg[4]_sky130_fd_sc_hd__mux2_1_A1/A1 (sky130_fd_sc_hd__mux2_1)
     1    0.002586    0.039670    0.124719    1.067062 ^ spi_out.shift_reg[4]_sky130_fd_sc_hd__mux2_1_A1/X (sky130_fd_sc_hd__mux2_1)
                                                         spi_out.shift_reg[4]_sky130_fd_sc_hd__mux2_1_A1_X (net)
                      0.039670    0.000077    1.067139 ^ spi_out.shift_reg[5]_sky130_fd_sc_hd__mux2_1_A0/A1 (sky130_fd_sc_hd__mux2_1)
     1    0.002753    0.040934    0.114961    1.182100 ^ spi_out.shift_reg[5]_sky130_fd_sc_hd__mux2_1_A0/X (sky130_fd_sc_hd__mux2_1)
                                                         spi_out.shift_reg[5]_sky130_fd_sc_hd__dfrtp_2_Q_D (net)
                      0.040934    0.000079    1.182179 ^ spi_out.shift_reg[5]_sky130_fd_sc_hd__dfrtp_2_Q/D (sky130_fd_sc_hd__dfrtp_1)
                                              1.182179   data arrival time

                                  0.000000    0.000000   clock clk (rise edge)
                                  0.000000    0.000000   clock source latency
     1    0.041337    0.190682    0.135170    0.135170 ^ clk (in)
                                                         clk (net)
                      0.191051    0.000000    0.135170 ^ clkbuf_0_clk/A (sky130_fd_sc_hd__clkbuf_16)
     8    0.135034    0.148108    0.254199    0.389369 ^ clkbuf_0_clk/X (sky130_fd_sc_hd__clkbuf_16)
                                                         clknet_0_clk (net)
                      0.149617    0.011890    0.401258 ^ clkbuf_3_4__f_clk/A (sky130_fd_sc_hd__clkbuf_16)
    13    0.055819    0.074782    0.189471    0.590730 ^ clkbuf_3_4__f_clk/X (sky130_fd_sc_hd__clkbuf_16)
                                                         clknet_3_4__leaf_clk (net)
                      0.074932    0.002002    0.592731 ^ spi_out.shift_reg[5]_sky130_fd_sc_hd__dfrtp_2_Q/CLK (sky130_fd_sc_hd__dfrtp_1)
                                  0.250000    0.842731   clock uncertainty
                                  0.000000    0.842731   clock reconvergence pessimism
                                 -0.029825    0.812906   library hold time
                                              0.812906   data required time
---------------------------------------------------------------------------------------------
                                              0.812906   data required time
                                             -1.182179   data arrival time
---------------------------------------------------------------------------------------------
                                              0.369273   slack (MET)


Startpoint: spi_out.shift_reg[1]_sky130_fd_sc_hd__dfrtp_2_Q
            (rising edge-triggered flip-flop clocked by clk)
Endpoint: spi_out.shift_reg[2]_sky130_fd_sc_hd__dfrtp_2_Q
          (rising edge-triggered flip-flop clocked by clk)
Path Group: clk
Path Type: min

Fanout         Cap        Slew       Delay        Time   Description
---------------------------------------------------------------------------------------------
                                  0.000000    0.000000   clock clk (rise edge)
                                  0.000000    0.000000   clock source latency
     1    0.041337    0.190682    0.135170    0.135170 ^ clk (in)
                                                         clk (net)
                      0.191051    0.000000    0.135170 ^ clkbuf_0_clk/A (sky130_fd_sc_hd__clkbuf_16)
     8    0.135034    0.148108    0.254199    0.389369 ^ clkbuf_0_clk/X (sky130_fd_sc_hd__clkbuf_16)
                                                         clknet_0_clk (net)
                      0.149617    0.011890    0.401258 ^ clkbuf_3_4__f_clk/A (sky130_fd_sc_hd__clkbuf_16)
    13    0.055819    0.074782    0.189471    0.590730 ^ clkbuf_3_4__f_clk/X (sky130_fd_sc_hd__clkbuf_16)
                                                         clknet_3_4__leaf_clk (net)
                      0.074785    0.000813    0.591543 ^ spi_out.shift_reg[1]_sky130_fd_sc_hd__dfrtp_2_Q/CLK (sky130_fd_sc_hd__dfrtp_1)
     2    0.006110    0.070397    0.348446    0.939989 ^ spi_out.shift_reg[1]_sky130_fd_sc_hd__dfrtp_2_Q/Q (sky130_fd_sc_hd__dfrtp_1)
                                                         spi_out.shift_reg[1] (net)
                      0.070397    0.000178    0.940167 ^ spi_out.shift_reg[1]_sky130_fd_sc_hd__mux2_1_A1/A1 (sky130_fd_sc_hd__mux2_1)
     1    0.002829    0.041509    0.126057    1.066224 ^ spi_out.shift_reg[1]_sky130_fd_sc_hd__mux2_1_A1/X (sky130_fd_sc_hd__mux2_1)
                                                         spi_out.shift_reg[1]_sky130_fd_sc_hd__mux2_1_A1_X (net)
                      0.041509    0.000083    1.066307 ^ spi_out.shift_reg[2]_sky130_fd_sc_hd__mux2_1_A0/A1 (sky130_fd_sc_hd__mux2_1)
     1    0.002647    0.040126    0.114746    1.181053 ^ spi_out.shift_reg[2]_sky130_fd_sc_hd__mux2_1_A0/X (sky130_fd_sc_hd__mux2_1)
                                                         spi_out.shift_reg[2]_sky130_fd_sc_hd__dfrtp_2_Q_D (net)
                      0.040126    0.000077    1.181130 ^ spi_out.shift_reg[2]_sky130_fd_sc_hd__dfrtp_2_Q/D (sky130_fd_sc_hd__dfrtp_1)
                                              1.181130   data arrival time

                                  0.000000    0.000000   clock clk (rise edge)
                                  0.000000    0.000000   clock source latency
     1    0.041337    0.190682    0.135170    0.135170 ^ clk (in)
                                                         clk (net)
                      0.191051    0.000000    0.135170 ^ clkbuf_0_clk/A (sky130_fd_sc_hd__clkbuf_16)
     8    0.135034    0.148108    0.254199    0.389369 ^ clkbuf_0_clk/X (sky130_fd_sc_hd__clkbuf_16)
                                                         clknet_0_clk (net)
                      0.149617    0.011890    0.401258 ^ clkbuf_3_4__f_clk/A (sky130_fd_sc_hd__clkbuf_16)
    13    0.055819    0.074782    0.189471    0.590730 ^ clkbuf_3_4__f_clk/X (sky130_fd_sc_hd__clkbuf_16)
                                                         clknet_3_4__leaf_clk (net)
                      0.074784    0.000765    0.591495 ^ spi_out.shift_reg[2]_sky130_fd_sc_hd__dfrtp_2_Q/CLK (sky130_fd_sc_hd__dfrtp_1)
                                  0.250000    0.841494   clock uncertainty
                                  0.000000    0.841494   clock reconvergence pessimism
                                 -0.029677    0.811818   library hold time
                                              0.811818   data required time
---------------------------------------------------------------------------------------------
                                              0.811818   data required time
                                             -1.181130   data arrival time
---------------------------------------------------------------------------------------------
                                              0.369312   slack (MET)


Startpoint: spi_in.shift_reg[3]_sky130_fd_sc_hd__dfrtp_2_Q
            (rising edge-triggered flip-flop clocked by clk)
Endpoint: spi_in.shift_reg[3]_sky130_fd_sc_hd__dfrtp_2_Q
          (rising edge-triggered flip-flop clocked by clk)
Path Group: clk
Path Type: min

Fanout         Cap        Slew       Delay        Time   Description
---------------------------------------------------------------------------------------------
                                  0.000000    0.000000   clock clk (rise edge)
                                  0.000000    0.000000   clock source latency
     1    0.041337    0.190682    0.135170    0.135170 ^ clk (in)
                                                         clk (net)
                      0.191051    0.000000    0.135170 ^ clkbuf_0_clk/A (sky130_fd_sc_hd__clkbuf_16)
     8    0.135034    0.148108    0.254199    0.389369 ^ clkbuf_0_clk/X (sky130_fd_sc_hd__clkbuf_16)
                                                         clknet_0_clk (net)
                      0.148397    0.005399    0.394767 ^ clkbuf_3_7__f_clk/A (sky130_fd_sc_hd__clkbuf_16)
     9    0.048903    0.068416    0.183895    0.578663 ^ clkbuf_3_7__f_clk/X (sky130_fd_sc_hd__clkbuf_16)
                                                         clknet_3_7__leaf_clk (net)
                      0.068510    0.002258    0.580921 ^ spi_in.shift_reg[3]_sky130_fd_sc_hd__dfrtp_2_Q/CLK (sky130_fd_sc_hd__dfrtp_1)
     3    0.020317    0.185248    0.433847    1.014768 ^ spi_in.shift_reg[3]_sky130_fd_sc_hd__dfrtp_2_Q/Q (sky130_fd_sc_hd__dfrtp_1)
                                                         spi_in.shift_reg[3] (net)
                      0.185248    0.000440    1.015208 ^ spi_in.shift_reg[3]_sky130_fd_sc_hd__mux2_1_A0/A0 (sky130_fd_sc_hd__mux2_1)
     1    0.002581    0.039631    0.154615    1.169823 ^ spi_in.shift_reg[3]_sky130_fd_sc_hd__mux2_1_A0/X (sky130_fd_sc_hd__mux2_1)
                                                         spi_in.shift_reg[3]_sky130_fd_sc_hd__dfrtp_2_Q_D (net)
                      0.039631    0.000075    1.169898 ^ spi_in.shift_reg[3]_sky130_fd_sc_hd__dfrtp_2_Q/D (sky130_fd_sc_hd__dfrtp_1)
                                              1.169898   data arrival time

                                  0.000000    0.000000   clock clk (rise edge)
                                  0.000000    0.000000   clock source latency
     1    0.041337    0.190682    0.135170    0.135170 ^ clk (in)
                                                         clk (net)
                      0.191051    0.000000    0.135170 ^ clkbuf_0_clk/A (sky130_fd_sc_hd__clkbuf_16)
     8    0.135034    0.148108    0.254199    0.389369 ^ clkbuf_0_clk/X (sky130_fd_sc_hd__clkbuf_16)
                                                         clknet_0_clk (net)
                      0.148397    0.005399    0.394767 ^ clkbuf_3_7__f_clk/A (sky130_fd_sc_hd__clkbuf_16)
     9    0.048903    0.068416    0.183895    0.578663 ^ clkbuf_3_7__f_clk/X (sky130_fd_sc_hd__clkbuf_16)
                                                         clknet_3_7__leaf_clk (net)
                      0.068510    0.002258    0.580921 ^ spi_in.shift_reg[3]_sky130_fd_sc_hd__dfrtp_2_Q/CLK (sky130_fd_sc_hd__dfrtp_1)
                                  0.250000    0.830921   clock uncertainty
                                  0.000000    0.830921   clock reconvergence pessimism
                                 -0.030430    0.800491   library hold time
                                              0.800491   data required time
---------------------------------------------------------------------------------------------
                                              0.800491   data required time
                                             -1.169898   data arrival time
---------------------------------------------------------------------------------------------
                                              0.369406   slack (MET)


Startpoint: spi_out.shift_reg[2]_sky130_fd_sc_hd__dfrtp_2_Q
            (rising edge-triggered flip-flop clocked by clk)
Endpoint: spi_out.shift_reg[3]_sky130_fd_sc_hd__dfrtp_2_Q
          (rising edge-triggered flip-flop clocked by clk)
Path Group: clk
Path Type: min

Fanout         Cap        Slew       Delay        Time   Description
---------------------------------------------------------------------------------------------
                                  0.000000    0.000000   clock clk (rise edge)
                                  0.000000    0.000000   clock source latency
     1    0.041337    0.190682    0.135170    0.135170 ^ clk (in)
                                                         clk (net)
                      0.191051    0.000000    0.135170 ^ clkbuf_0_clk/A (sky130_fd_sc_hd__clkbuf_16)
     8    0.135034    0.148108    0.254199    0.389369 ^ clkbuf_0_clk/X (sky130_fd_sc_hd__clkbuf_16)
                                                         clknet_0_clk (net)
                      0.149617    0.011890    0.401258 ^ clkbuf_3_4__f_clk/A (sky130_fd_sc_hd__clkbuf_16)
    13    0.055819    0.074782    0.189471    0.590730 ^ clkbuf_3_4__f_clk/X (sky130_fd_sc_hd__clkbuf_16)
                                                         clknet_3_4__leaf_clk (net)
                      0.074784    0.000765    0.591495 ^ spi_out.shift_reg[2]_sky130_fd_sc_hd__dfrtp_2_Q/CLK (sky130_fd_sc_hd__dfrtp_1)
     2    0.005665    0.066922    0.345455    0.936949 ^ spi_out.shift_reg[2]_sky130_fd_sc_hd__dfrtp_2_Q/Q (sky130_fd_sc_hd__dfrtp_1)
                                                         spi_out.shift_reg[2] (net)
                      0.066922    0.000127    0.937076 ^ spi_out.shift_reg[2]_sky130_fd_sc_hd__mux2_1_A1/A1 (sky130_fd_sc_hd__mux2_1)
     1    0.003175    0.044140    0.127619    1.064695 ^ spi_out.shift_reg[2]_sky130_fd_sc_hd__mux2_1_A1/X (sky130_fd_sc_hd__mux2_1)
                                                         spi_out.shift_reg[2]_sky130_fd_sc_hd__mux2_1_A1_X (net)
                      0.044140    0.000098    1.064793 ^ spi_out.shift_reg[3]_sky130_fd_sc_hd__mux2_1_A0/A1 (sky130_fd_sc_hd__mux2_1)
     1    0.002928    0.042261    0.117887    1.182679 ^ spi_out.shift_reg[3]_sky130_fd_sc_hd__mux2_1_A0/X (sky130_fd_sc_hd__mux2_1)
                                                         spi_out.shift_reg[3]_sky130_fd_sc_hd__dfrtp_2_Q_D (net)
                      0.042261    0.000084    1.182764 ^ spi_out.shift_reg[3]_sky130_fd_sc_hd__dfrtp_2_Q/D (sky130_fd_sc_hd__dfrtp_1)
                                              1.182764   data arrival time

                                  0.000000    0.000000   clock clk (rise edge)
                                  0.000000    0.000000   clock source latency
     1    0.041337    0.190682    0.135170    0.135170 ^ clk (in)
                                                         clk (net)
                      0.191051    0.000000    0.135170 ^ clkbuf_0_clk/A (sky130_fd_sc_hd__clkbuf_16)
     8    0.135034    0.148108    0.254199    0.389369 ^ clkbuf_0_clk/X (sky130_fd_sc_hd__clkbuf_16)
                                                         clknet_0_clk (net)
                      0.149617    0.011890    0.401258 ^ clkbuf_3_4__f_clk/A (sky130_fd_sc_hd__clkbuf_16)
    13    0.055819    0.074782    0.189471    0.590730 ^ clkbuf_3_4__f_clk/X (sky130_fd_sc_hd__clkbuf_16)
                                                         clknet_3_4__leaf_clk (net)
                      0.074794    0.001162    0.591892 ^ spi_out.shift_reg[3]_sky130_fd_sc_hd__dfrtp_2_Q/CLK (sky130_fd_sc_hd__dfrtp_1)
                                  0.250000    0.841892   clock uncertainty
                                  0.000000    0.841892   clock reconvergence pessimism
                                 -0.030121    0.811771   library hold time
                                              0.811771   data required time
---------------------------------------------------------------------------------------------
                                              0.811771   data required time
                                             -1.182764   data arrival time
---------------------------------------------------------------------------------------------
                                              0.370993   slack (MET)


Startpoint: spi_out.shift_reg[0]_sky130_fd_sc_hd__dfrtp_2_Q
            (rising edge-triggered flip-flop clocked by clk)
Endpoint: spi_out.shift_reg[1]_sky130_fd_sc_hd__dfrtp_2_Q
          (rising edge-triggered flip-flop clocked by clk)
Path Group: clk
Path Type: min

Fanout         Cap        Slew       Delay        Time   Description
---------------------------------------------------------------------------------------------
                                  0.000000    0.000000   clock clk (rise edge)
                                  0.000000    0.000000   clock source latency
     1    0.041337    0.190682    0.135170    0.135170 ^ clk (in)
                                                         clk (net)
                      0.191051    0.000000    0.135170 ^ clkbuf_0_clk/A (sky130_fd_sc_hd__clkbuf_16)
     8    0.135034    0.148108    0.254199    0.389369 ^ clkbuf_0_clk/X (sky130_fd_sc_hd__clkbuf_16)
                                                         clknet_0_clk (net)
                      0.149617    0.011890    0.401258 ^ clkbuf_3_4__f_clk/A (sky130_fd_sc_hd__clkbuf_16)
    13    0.055819    0.074782    0.189471    0.590730 ^ clkbuf_3_4__f_clk/X (sky130_fd_sc_hd__clkbuf_16)
                                                         clknet_3_4__leaf_clk (net)
                      0.075077    0.003256    0.593986 ^ spi_out.shift_reg[0]_sky130_fd_sc_hd__dfrtp_2_Q/CLK (sky130_fd_sc_hd__dfrtp_1)
     2    0.005767    0.067722    0.346225    0.940211 ^ spi_out.shift_reg[0]_sky130_fd_sc_hd__dfrtp_2_Q/Q (sky130_fd_sc_hd__dfrtp_1)
                                                         spi_out.shift_reg[0] (net)
                      0.067722    0.000176    0.940386 ^ spi_out.shift_reg[0]_sky130_fd_sc_hd__mux2_1_A1/A1 (sky130_fd_sc_hd__mux2_1)
     1    0.003346    0.045452    0.129252    1.069639 ^ spi_out.shift_reg[0]_sky130_fd_sc_hd__mux2_1_A1/X (sky130_fd_sc_hd__mux2_1)
                                                         spi_out.shift_reg[0]_sky130_fd_sc_hd__mux2_1_A1_X (net)
                      0.045452    0.000106    1.069745 ^ spi_out.shift_reg[1]_sky130_fd_sc_hd__mux2_1_A0/A1 (sky130_fd_sc_hd__mux2_1)
     1    0.002399    0.038285    0.114131    1.183875 ^ spi_out.shift_reg[1]_sky130_fd_sc_hd__mux2_1_A0/X (sky130_fd_sc_hd__mux2_1)
                                                         spi_out.shift_reg[1]_sky130_fd_sc_hd__dfrtp_2_Q_D (net)
                      0.038285    0.000067    1.183942 ^ spi_out.shift_reg[1]_sky130_fd_sc_hd__dfrtp_2_Q/D (sky130_fd_sc_hd__dfrtp_1)
                                              1.183942   data arrival time

                                  0.000000    0.000000   clock clk (rise edge)
                                  0.000000    0.000000   clock source latency
     1    0.041337    0.190682    0.135170    0.135170 ^ clk (in)
                                                         clk (net)
                      0.191051    0.000000    0.135170 ^ clkbuf_0_clk/A (sky130_fd_sc_hd__clkbuf_16)
     8    0.135034    0.148108    0.254199    0.389369 ^ clkbuf_0_clk/X (sky130_fd_sc_hd__clkbuf_16)
                                                         clknet_0_clk (net)
                      0.149617    0.011890    0.401258 ^ clkbuf_3_4__f_clk/A (sky130_fd_sc_hd__clkbuf_16)
    13    0.055819    0.074782    0.189471    0.590730 ^ clkbuf_3_4__f_clk/X (sky130_fd_sc_hd__clkbuf_16)
                                                         clknet_3_4__leaf_clk (net)
                      0.074785    0.000813    0.591543 ^ spi_out.shift_reg[1]_sky130_fd_sc_hd__dfrtp_2_Q/CLK (sky130_fd_sc_hd__dfrtp_1)
                                  0.250000    0.841543   clock uncertainty
                                  0.000000    0.841543   clock reconvergence pessimism
                                 -0.029292    0.812251   library hold time
                                              0.812251   data required time
---------------------------------------------------------------------------------------------
                                              0.812251   data required time
                                             -1.183942   data arrival time
---------------------------------------------------------------------------------------------
                                              0.371691   slack (MET)


Startpoint: spi_out.shift_reg[14]_sky130_fd_sc_hd__dfrtp_2_Q
            (rising edge-triggered flip-flop clocked by clk)
Endpoint: spi_miso_sky130_fd_sc_hd__dfrtp_2_Q
          (rising edge-triggered flip-flop clocked by clk)
Path Group: clk
Path Type: min

Fanout         Cap        Slew       Delay        Time   Description
---------------------------------------------------------------------------------------------
                                  0.000000    0.000000   clock clk (rise edge)
                                  0.000000    0.000000   clock source latency
     1    0.041337    0.190682    0.135170    0.135170 ^ clk (in)
                                                         clk (net)
                      0.191051    0.000000    0.135170 ^ clkbuf_0_clk/A (sky130_fd_sc_hd__clkbuf_16)
     8    0.135034    0.148108    0.254199    0.389369 ^ clkbuf_0_clk/X (sky130_fd_sc_hd__clkbuf_16)
                                                         clknet_0_clk (net)
                      0.149539    0.011588    0.400956 ^ clkbuf_3_1__f_clk/A (sky130_fd_sc_hd__clkbuf_16)
    12    0.057231    0.076120    0.190515    0.591471 ^ clkbuf_3_1__f_clk/X (sky130_fd_sc_hd__clkbuf_16)
                                                         clknet_3_1__leaf_clk (net)
                      0.076232    0.002531    0.594001 ^ spi_out.shift_reg[14]_sky130_fd_sc_hd__dfrtp_2_Q/CLK (sky130_fd_sc_hd__dfrtp_1)
     2    0.005553    0.066048    0.345241    0.939242 ^ spi_out.shift_reg[14]_sky130_fd_sc_hd__dfrtp_2_Q/Q (sky130_fd_sc_hd__dfrtp_1)
                                                         spi_out.shift_reg[14] (net)
                      0.066048    0.000127    0.939370 ^ spi_out.shift_reg[14]_sky130_fd_sc_hd__mux2_1_A1/A1 (sky130_fd_sc_hd__mux2_1)
     1    0.004015    0.050606    0.133313    1.072683 ^ spi_out.shift_reg[14]_sky130_fd_sc_hd__mux2_1_A1/X (sky130_fd_sc_hd__mux2_1)
                                                         spi_out.shift_reg[14]_sky130_fd_sc_hd__mux2_1_A1_X (net)
                      0.050606    0.000141    1.072824 ^ spi_miso_sky130_fd_sc_hd__mux2_1_A0/A1 (sky130_fd_sc_hd__mux2_1)
     1    0.002272    0.037372    0.114903    1.187728 ^ spi_miso_sky130_fd_sc_hd__mux2_1_A0/X (sky130_fd_sc_hd__mux2_1)
                                                         spi_miso_sky130_fd_sc_hd__dfrtp_2_Q_D (net)
                      0.037372    0.000045    1.187773 ^ spi_miso_sky130_fd_sc_hd__dfrtp_2_Q/D (sky130_fd_sc_hd__dfrtp_1)
                                              1.187773   data arrival time

                                  0.000000    0.000000   clock clk (rise edge)
                                  0.000000    0.000000   clock source latency
     1    0.041337    0.190682    0.135170    0.135170 ^ clk (in)
                                                         clk (net)
                      0.191051    0.000000    0.135170 ^ clkbuf_0_clk/A (sky130_fd_sc_hd__clkbuf_16)
     8    0.135034    0.148108    0.254199    0.389369 ^ clkbuf_0_clk/X (sky130_fd_sc_hd__clkbuf_16)
                                                         clknet_0_clk (net)
                      0.149617    0.011890    0.401258 ^ clkbuf_3_4__f_clk/A (sky130_fd_sc_hd__clkbuf_16)
    13    0.055819    0.074782    0.189471    0.590730 ^ clkbuf_3_4__f_clk/X (sky130_fd_sc_hd__clkbuf_16)
                                                         clknet_3_4__leaf_clk (net)
                      0.075019    0.002814    0.593544 ^ spi_miso_sky130_fd_sc_hd__dfrtp_2_Q/CLK (sky130_fd_sc_hd__dfrtp_1)
                                  0.250000    0.843544   clock uncertainty
                                  0.000000    0.843544   clock reconvergence pessimism
                                 -0.029069    0.814475   library hold time
                                              0.814475   data required time
---------------------------------------------------------------------------------------------
                                              0.814475   data required time
                                             -1.187773   data arrival time
---------------------------------------------------------------------------------------------
                                              0.373298   slack (MET)


Startpoint: spi_out.shift_reg[8]_sky130_fd_sc_hd__dfrtp_2_Q
            (rising edge-triggered flip-flop clocked by clk)
Endpoint: spi_out.shift_reg[9]_sky130_fd_sc_hd__dfrtp_2_Q
          (rising edge-triggered flip-flop clocked by clk)
Path Group: clk
Path Type: min

Fanout         Cap        Slew       Delay        Time   Description
---------------------------------------------------------------------------------------------
                                  0.000000    0.000000   clock clk (rise edge)
                                  0.000000    0.000000   clock source latency
     1    0.041337    0.190682    0.135170    0.135170 ^ clk (in)
                                                         clk (net)
                      0.191051    0.000000    0.135170 ^ clkbuf_0_clk/A (sky130_fd_sc_hd__clkbuf_16)
     8    0.135034    0.148108    0.254199    0.389369 ^ clkbuf_0_clk/X (sky130_fd_sc_hd__clkbuf_16)
                                                         clknet_0_clk (net)
                      0.149539    0.011588    0.400956 ^ clkbuf_3_1__f_clk/A (sky130_fd_sc_hd__clkbuf_16)
    12    0.057231    0.076120    0.190515    0.591471 ^ clkbuf_3_1__f_clk/X (sky130_fd_sc_hd__clkbuf_16)
                                                         clknet_3_1__leaf_clk (net)
                      0.076156    0.001576    0.593047 ^ spi_out.shift_reg[8]_sky130_fd_sc_hd__dfrtp_2_Q/CLK (sky130_fd_sc_hd__dfrtp_1)
     2    0.004551    0.058331    0.338462    0.931509 ^ spi_out.shift_reg[8]_sky130_fd_sc_hd__dfrtp_2_Q/Q (sky130_fd_sc_hd__dfrtp_1)
                                                         spi_out.shift_reg[8] (net)
                      0.058331    0.000103    0.931612 ^ spi_out.shift_reg[8]_sky130_fd_sc_hd__mux2_1_A1/A1 (sky130_fd_sc_hd__mux2_1)
     1    0.003759    0.048629    0.129000    1.060612 ^ spi_out.shift_reg[8]_sky130_fd_sc_hd__mux2_1_A1/X (sky130_fd_sc_hd__mux2_1)
                                                         spi_out.shift_reg[8]_sky130_fd_sc_hd__mux2_1_A1_X (net)
                      0.048629    0.000135    1.060747 ^ spi_out.shift_reg[9]_sky130_fd_sc_hd__mux2_1_A0/A1 (sky130_fd_sc_hd__mux2_1)
     1    0.002624    0.039954    0.117009    1.177756 ^ spi_out.shift_reg[9]_sky130_fd_sc_hd__mux2_1_A0/X (sky130_fd_sc_hd__mux2_1)
                                                         spi_out.shift_reg[9]_sky130_fd_sc_hd__dfrtp_2_Q_D (net)
                      0.039954    0.000075    1.177831 ^ spi_out.shift_reg[9]_sky130_fd_sc_hd__dfrtp_2_Q/D (sky130_fd_sc_hd__dfrtp_1)
                                              1.177831   data arrival time

                                  0.000000    0.000000   clock clk (rise edge)
                                  0.000000    0.000000   clock source latency
     1    0.041337    0.190682    0.135170    0.135170 ^ clk (in)
                                                         clk (net)
                      0.191051    0.000000    0.135170 ^ clkbuf_0_clk/A (sky130_fd_sc_hd__clkbuf_16)
     8    0.135034    0.148108    0.254199    0.389369 ^ clkbuf_0_clk/X (sky130_fd_sc_hd__clkbuf_16)
                                                         clknet_0_clk (net)
                      0.150014    0.013331    0.402700 ^ clkbuf_3_0__f_clk/A (sky130_fd_sc_hd__clkbuf_16)
    10    0.041890    0.062027    0.179810    0.582510 ^ clkbuf_3_0__f_clk/X (sky130_fd_sc_hd__clkbuf_16)
                                                         clknet_3_0__leaf_clk (net)
                      0.062072    0.001436    0.583946 ^ spi_out.shift_reg[9]_sky130_fd_sc_hd__dfrtp_2_Q/CLK (sky130_fd_sc_hd__dfrtp_1)
                                  0.250000    0.833946   clock uncertainty
                                  0.000000    0.833946   clock reconvergence pessimism
                                 -0.031376    0.802570   library hold time
                                              0.802570   data required time
---------------------------------------------------------------------------------------------
                                              0.802570   data required time
                                             -1.177831   data arrival time
---------------------------------------------------------------------------------------------
                                              0.375261   slack (MET)


Startpoint: spi_in.bit_cnt[2]_sky130_fd_sc_hd__dfrtp_2_Q
            (rising edge-triggered flip-flop clocked by clk)
Endpoint: spi_in.bit_cnt[3]_sky130_fd_sc_hd__dfrtp_2_Q
          (rising edge-triggered flip-flop clocked by clk)
Path Group: clk
Path Type: min

Fanout         Cap        Slew       Delay        Time   Description
---------------------------------------------------------------------------------------------
                                  0.000000    0.000000   clock clk (rise edge)
                                  0.000000    0.000000   clock source latency
     1    0.041337    0.190682    0.135170    0.135170 ^ clk (in)
                                                         clk (net)
                      0.191051    0.000000    0.135170 ^ clkbuf_0_clk/A (sky130_fd_sc_hd__clkbuf_16)
     8    0.135034    0.148108    0.254199    0.389369 ^ clkbuf_0_clk/X (sky130_fd_sc_hd__clkbuf_16)
                                                         clknet_0_clk (net)
                      0.149795    0.012557    0.401926 ^ clkbuf_3_5__f_clk/A (sky130_fd_sc_hd__clkbuf_16)
    13    0.053061    0.072094    0.187922    0.589848 ^ clkbuf_3_5__f_clk/X (sky130_fd_sc_hd__clkbuf_16)
                                                         clknet_3_5__leaf_clk (net)
                      0.072114    0.001158    0.591007 ^ spi_in.bit_cnt[2]_sky130_fd_sc_hd__dfrtp_2_Q/CLK (sky130_fd_sc_hd__dfrtp_1)
     3    0.006280    0.071731    0.348599    0.939605 ^ spi_in.bit_cnt[2]_sky130_fd_sc_hd__dfrtp_2_Q/Q (sky130_fd_sc_hd__dfrtp_1)
                                                         spi_in.bit_cnt[2] (net)
                      0.071731    0.000137    0.939742 ^ spi_in.bit_cnt[2]_sky130_fd_sc_hd__and2_2_A/A (sky130_fd_sc_hd__and2_1)
     1    0.003910    0.055475    0.127106    1.066848 ^ spi_in.bit_cnt[2]_sky130_fd_sc_hd__and2_2_A/X (sky130_fd_sc_hd__and2_1)
                                                         spi_in.bit_cnt[2]_sky130_fd_sc_hd__and2_2_A_X (net)
                      0.055475    0.000133    1.066981 ^ spi_in.bit_cnt[3]_sky130_fd_sc_hd__nor2_2_A/B (sky130_fd_sc_hd__nor2_1)
     1    0.002587    0.022147    0.038401    1.105382 v spi_in.bit_cnt[3]_sky130_fd_sc_hd__nor2_2_A/Y (sky130_fd_sc_hd__nor2_1)
                                                         spi_in.bit_cnt[3]_sky130_fd_sc_hd__nor2_2_A_Y (net)
                      0.022147    0.000074    1.105456 v spi_in.bit_cnt[3]_sky130_fd_sc_hd__dfrtp_2_Q_D_sky130_fd_sc_hd__nor2_2_Y/B (sky130_fd_sc_hd__nor2_1)
     1    0.002792    0.075691    0.073633    1.179089 ^ spi_in.bit_cnt[3]_sky130_fd_sc_hd__dfrtp_2_Q_D_sky130_fd_sc_hd__nor2_2_Y/Y (sky130_fd_sc_hd__nor2_1)
                                                         spi_in.bit_cnt[3]_sky130_fd_sc_hd__dfrtp_2_Q_D (net)
                      0.075691    0.000084    1.179173 ^ spi_in.bit_cnt[3]_sky130_fd_sc_hd__dfrtp_2_Q/D (sky130_fd_sc_hd__dfrtp_1)
                                              1.179173   data arrival time

                                  0.000000    0.000000   clock clk (rise edge)
                                  0.000000    0.000000   clock source latency
     1    0.041337    0.190682    0.135170    0.135170 ^ clk (in)
                                                         clk (net)
                      0.191051    0.000000    0.135170 ^ clkbuf_0_clk/A (sky130_fd_sc_hd__clkbuf_16)
     8    0.135034    0.148108    0.254199    0.389369 ^ clkbuf_0_clk/X (sky130_fd_sc_hd__clkbuf_16)
                                                         clknet_0_clk (net)
                      0.149795    0.012557    0.401926 ^ clkbuf_3_5__f_clk/A (sky130_fd_sc_hd__clkbuf_16)
    13    0.053061    0.072094    0.187922    0.589848 ^ clkbuf_3_5__f_clk/X (sky130_fd_sc_hd__clkbuf_16)
                                                         clknet_3_5__leaf_clk (net)
                      0.072108    0.001007    0.590855 ^ spi_in.bit_cnt[3]_sky130_fd_sc_hd__dfrtp_2_Q/CLK (sky130_fd_sc_hd__dfrtp_1)
                                  0.250000    0.840856   clock uncertainty
                                  0.000000    0.840856   clock reconvergence pessimism
                                 -0.037472    0.803384   library hold time
                                              0.803384   data required time
---------------------------------------------------------------------------------------------
                                              0.803384   data required time
                                             -1.179173   data arrival time
---------------------------------------------------------------------------------------------
                                              0.375789   slack (MET)


Startpoint: spi_out.shift_reg[6]_sky130_fd_sc_hd__dfrtp_2_Q
            (rising edge-triggered flip-flop clocked by clk)
Endpoint: spi_out.shift_reg[7]_sky130_fd_sc_hd__dfrtp_2_Q
          (rising edge-triggered flip-flop clocked by clk)
Path Group: clk
Path Type: min

Fanout         Cap        Slew       Delay        Time   Description
---------------------------------------------------------------------------------------------
                                  0.000000    0.000000   clock clk (rise edge)
                                  0.000000    0.000000   clock source latency
     1    0.041337    0.190682    0.135170    0.135170 ^ clk (in)
                                                         clk (net)
                      0.191051    0.000000    0.135170 ^ clkbuf_0_clk/A (sky130_fd_sc_hd__clkbuf_16)
     8    0.135034    0.148108    0.254199    0.389369 ^ clkbuf_0_clk/X (sky130_fd_sc_hd__clkbuf_16)
                                                         clknet_0_clk (net)
                      0.149539    0.011588    0.400956 ^ clkbuf_3_1__f_clk/A (sky130_fd_sc_hd__clkbuf_16)
    12    0.057231    0.076120    0.190515    0.591471 ^ clkbuf_3_1__f_clk/X (sky130_fd_sc_hd__clkbuf_16)
                                                         clknet_3_1__leaf_clk (net)
                      0.076256    0.002765    0.594235 ^ spi_out.shift_reg[6]_sky130_fd_sc_hd__dfrtp_2_Q/CLK (sky130_fd_sc_hd__dfrtp_1)
     2    0.006124    0.070507    0.349083    0.943319 ^ spi_out.shift_reg[6]_sky130_fd_sc_hd__dfrtp_2_Q/Q (sky130_fd_sc_hd__dfrtp_1)
                                                         spi_out.shift_reg[6] (net)
                      0.070507    0.000154    0.943473 ^ spi_out.shift_reg[6]_sky130_fd_sc_hd__mux2_1_A1/A1 (sky130_fd_sc_hd__mux2_1)
     1    0.003167    0.044082    0.128776    1.072249 ^ spi_out.shift_reg[6]_sky130_fd_sc_hd__mux2_1_A1/X (sky130_fd_sc_hd__mux2_1)
                                                         spi_out.shift_reg[6]_sky130_fd_sc_hd__mux2_1_A1_X (net)
                      0.044082    0.000101    1.072350 ^ spi_out.shift_reg[7]_sky130_fd_sc_hd__mux2_1_A0/A1 (sky130_fd_sc_hd__mux2_1)
     1    0.002914    0.042158    0.117766    1.190116 ^ spi_out.shift_reg[7]_sky130_fd_sc_hd__mux2_1_A0/X (sky130_fd_sc_hd__mux2_1)
                                                         spi_out.shift_reg[7]_sky130_fd_sc_hd__dfrtp_2_Q_D (net)
                      0.042158    0.000064    1.190181 ^ spi_out.shift_reg[7]_sky130_fd_sc_hd__dfrtp_2_Q/D (sky130_fd_sc_hd__dfrtp_1)
                                              1.190181   data arrival time

                                  0.000000    0.000000   clock clk (rise edge)
                                  0.000000    0.000000   clock source latency
     1    0.041337    0.190682    0.135170    0.135170 ^ clk (in)
                                                         clk (net)
                      0.191051    0.000000    0.135170 ^ clkbuf_0_clk/A (sky130_fd_sc_hd__clkbuf_16)
     8    0.135034    0.148108    0.254199    0.389369 ^ clkbuf_0_clk/X (sky130_fd_sc_hd__clkbuf_16)
                                                         clknet_0_clk (net)
                      0.149539    0.011588    0.400956 ^ clkbuf_3_1__f_clk/A (sky130_fd_sc_hd__clkbuf_16)
    12    0.057231    0.076120    0.190515    0.591471 ^ clkbuf_3_1__f_clk/X (sky130_fd_sc_hd__clkbuf_16)
                                                         clknet_3_1__leaf_clk (net)
                      0.076178    0.001909    0.593380 ^ spi_out.shift_reg[7]_sky130_fd_sc_hd__dfrtp_2_Q/CLK (sky130_fd_sc_hd__dfrtp_1)
                                  0.250000    0.843380   clock uncertainty
                                  0.000000    0.843380   clock reconvergence pessimism
                                 -0.029911    0.813470   library hold time
                                              0.813470   data required time
---------------------------------------------------------------------------------------------
                                              0.813470   data required time
                                             -1.190181   data arrival time
---------------------------------------------------------------------------------------------
                                              0.376711   slack (MET)


Startpoint: spi_out.shift_reg[10]_sky130_fd_sc_hd__dfrtp_2_Q
            (rising edge-triggered flip-flop clocked by clk)
Endpoint: spi_out.shift_reg[11]_sky130_fd_sc_hd__dfrtp_2_Q
          (rising edge-triggered flip-flop clocked by clk)
Path Group: clk
Path Type: min

Fanout         Cap        Slew       Delay        Time   Description
---------------------------------------------------------------------------------------------
                                  0.000000    0.000000   clock clk (rise edge)
                                  0.000000    0.000000   clock source latency
     1    0.041337    0.190682    0.135170    0.135170 ^ clk (in)
                                                         clk (net)
                      0.191051    0.000000    0.135170 ^ clkbuf_0_clk/A (sky130_fd_sc_hd__clkbuf_16)
     8    0.135034    0.148108    0.254199    0.389369 ^ clkbuf_0_clk/X (sky130_fd_sc_hd__clkbuf_16)
                                                         clknet_0_clk (net)
                      0.150014    0.013331    0.402700 ^ clkbuf_3_0__f_clk/A (sky130_fd_sc_hd__clkbuf_16)
    10    0.041890    0.062027    0.179810    0.582510 ^ clkbuf_3_0__f_clk/X (sky130_fd_sc_hd__clkbuf_16)
                                                         clknet_3_0__leaf_clk (net)
                      0.062063    0.001299    0.583808 ^ spi_out.shift_reg[10]_sky130_fd_sc_hd__dfrtp_2_Q/CLK (sky130_fd_sc_hd__dfrtp_1)
     2    0.005636    0.066699    0.340498    0.924306 ^ spi_out.shift_reg[10]_sky130_fd_sc_hd__dfrtp_2_Q/Q (sky130_fd_sc_hd__dfrtp_1)
                                                         spi_out.shift_reg[10] (net)
                      0.066699    0.000152    0.924458 ^ spi_out.shift_reg[10]_sky130_fd_sc_hd__mux2_1_A1/A1 (sky130_fd_sc_hd__mux2_1)
     1    0.003554    0.047045    0.130515    1.054973 ^ spi_out.shift_reg[10]_sky130_fd_sc_hd__mux2_1_A1/X (sky130_fd_sc_hd__mux2_1)
                                                         spi_out.shift_reg[10]_sky130_fd_sc_hd__mux2_1_A1_X (net)
                      0.047045    0.000087    1.055060 ^ spi_out.shift_reg[11]_sky130_fd_sc_hd__mux2_1_A0/A1 (sky130_fd_sc_hd__mux2_1)
     1    0.003433    0.046117    0.122908    1.177968 ^ spi_out.shift_reg[11]_sky130_fd_sc_hd__mux2_1_A0/X (sky130_fd_sc_hd__mux2_1)
                                                         spi_out.shift_reg[11]_sky130_fd_sc_hd__dfrtp_2_Q_D (net)
                      0.046117    0.000073    1.178042 ^ spi_out.shift_reg[11]_sky130_fd_sc_hd__dfrtp_2_Q/D (sky130_fd_sc_hd__dfrtp_1)
                                              1.178042   data arrival time

                                  0.000000    0.000000   clock clk (rise edge)
                                  0.000000    0.000000   clock source latency
     1    0.041337    0.190682    0.135170    0.135170 ^ clk (in)
                                                         clk (net)
                      0.191051    0.000000    0.135170 ^ clkbuf_0_clk/A (sky130_fd_sc_hd__clkbuf_16)
     8    0.135034    0.148108    0.254199    0.389369 ^ clkbuf_0_clk/X (sky130_fd_sc_hd__clkbuf_16)
                                                         clknet_0_clk (net)
                      0.150014    0.013331    0.402700 ^ clkbuf_3_0__f_clk/A (sky130_fd_sc_hd__clkbuf_16)
    10    0.041890    0.062027    0.179810    0.582510 ^ clkbuf_3_0__f_clk/X (sky130_fd_sc_hd__clkbuf_16)
                                                         clknet_3_0__leaf_clk (net)
                      0.062031    0.000602    0.583111 ^ spi_out.shift_reg[11]_sky130_fd_sc_hd__dfrtp_2_Q/CLK (sky130_fd_sc_hd__dfrtp_1)
                                  0.250000    0.833111   clock uncertainty
                                  0.000000    0.833111   clock reconvergence pessimism
                                 -0.032671    0.800440   library hold time
                                              0.800440   data required time
---------------------------------------------------------------------------------------------
                                              0.800440   data required time
                                             -1.178042   data arrival time
---------------------------------------------------------------------------------------------
                                              0.377601   slack (MET)


Startpoint: spi_out.shift_reg[5]_sky130_fd_sc_hd__dfrtp_2_Q
            (rising edge-triggered flip-flop clocked by clk)
Endpoint: spi_out.shift_reg[6]_sky130_fd_sc_hd__dfrtp_2_Q
          (rising edge-triggered flip-flop clocked by clk)
Path Group: clk
Path Type: min

Fanout         Cap        Slew       Delay        Time   Description
---------------------------------------------------------------------------------------------
                                  0.000000    0.000000   clock clk (rise edge)
                                  0.000000    0.000000   clock source latency
     1    0.041337    0.190682    0.135170    0.135170 ^ clk (in)
                                                         clk (net)
                      0.191051    0.000000    0.135170 ^ clkbuf_0_clk/A (sky130_fd_sc_hd__clkbuf_16)
     8    0.135034    0.148108    0.254199    0.389369 ^ clkbuf_0_clk/X (sky130_fd_sc_hd__clkbuf_16)
                                                         clknet_0_clk (net)
                      0.149617    0.011890    0.401258 ^ clkbuf_3_4__f_clk/A (sky130_fd_sc_hd__clkbuf_16)
    13    0.055819    0.074782    0.189471    0.590730 ^ clkbuf_3_4__f_clk/X (sky130_fd_sc_hd__clkbuf_16)
                                                         clknet_3_4__leaf_clk (net)
                      0.074932    0.002002    0.592731 ^ spi_out.shift_reg[5]_sky130_fd_sc_hd__dfrtp_2_Q/CLK (sky130_fd_sc_hd__dfrtp_1)
     2    0.006200    0.071102    0.349101    0.941832 ^ spi_out.shift_reg[5]_sky130_fd_sc_hd__dfrtp_2_Q/Q (sky130_fd_sc_hd__dfrtp_1)
                                                         spi_out.shift_reg[5] (net)
                      0.071102    0.000164    0.941996 ^ spi_out.shift_reg[5]_sky130_fd_sc_hd__mux2_1_A1/A1 (sky130_fd_sc_hd__mux2_1)
     1    0.003371    0.045642    0.130600    1.072596 ^ spi_out.shift_reg[5]_sky130_fd_sc_hd__mux2_1_A1/X (sky130_fd_sc_hd__mux2_1)
                                                         spi_out.shift_reg[5]_sky130_fd_sc_hd__mux2_1_A1_X (net)
                      0.045642    0.000104    1.072700 ^ spi_out.shift_reg[6]_sky130_fd_sc_hd__mux2_1_A0/A1 (sky130_fd_sc_hd__mux2_1)
     1    0.003036    0.043085    0.119268    1.191968 ^ spi_out.shift_reg[6]_sky130_fd_sc_hd__mux2_1_A0/X (sky130_fd_sc_hd__mux2_1)
                                                         spi_out.shift_reg[6]_sky130_fd_sc_hd__dfrtp_2_Q_D (net)
                      0.043085    0.000070    1.192038 ^ spi_out.shift_reg[6]_sky130_fd_sc_hd__dfrtp_2_Q/D (sky130_fd_sc_hd__dfrtp_1)
                                              1.192038   data arrival time

                                  0.000000    0.000000   clock clk (rise edge)
                                  0.000000    0.000000   clock source latency
     1    0.041337    0.190682    0.135170    0.135170 ^ clk (in)
                                                         clk (net)
                      0.191051    0.000000    0.135170 ^ clkbuf_0_clk/A (sky130_fd_sc_hd__clkbuf_16)
     8    0.135034    0.148108    0.254199    0.389369 ^ clkbuf_0_clk/X (sky130_fd_sc_hd__clkbuf_16)
                                                         clknet_0_clk (net)
                      0.149539    0.011588    0.400956 ^ clkbuf_3_1__f_clk/A (sky130_fd_sc_hd__clkbuf_16)
    12    0.057231    0.076120    0.190515    0.591471 ^ clkbuf_3_1__f_clk/X (sky130_fd_sc_hd__clkbuf_16)
                                                         clknet_3_1__leaf_clk (net)
                      0.076256    0.002765    0.594235 ^ spi_out.shift_reg[6]_sky130_fd_sc_hd__dfrtp_2_Q/CLK (sky130_fd_sc_hd__dfrtp_1)
                                  0.250000    0.844235   clock uncertainty
                                  0.000000    0.844235   clock reconvergence pessimism
                                 -0.030094    0.814142   library hold time
                                              0.814142   data required time
---------------------------------------------------------------------------------------------
                                              0.814142   data required time
                                             -1.192038   data arrival time
---------------------------------------------------------------------------------------------
                                              0.377896   slack (MET)


Startpoint: spi_out.shift_reg[9]_sky130_fd_sc_hd__dfrtp_2_Q
            (rising edge-triggered flip-flop clocked by clk)
Endpoint: spi_out.shift_reg[10]_sky130_fd_sc_hd__dfrtp_2_Q
          (rising edge-triggered flip-flop clocked by clk)
Path Group: clk
Path Type: min

Fanout         Cap        Slew       Delay        Time   Description
---------------------------------------------------------------------------------------------
                                  0.000000    0.000000   clock clk (rise edge)
                                  0.000000    0.000000   clock source latency
     1    0.041337    0.190682    0.135170    0.135170 ^ clk (in)
                                                         clk (net)
                      0.191051    0.000000    0.135170 ^ clkbuf_0_clk/A (sky130_fd_sc_hd__clkbuf_16)
     8    0.135034    0.148108    0.254199    0.389369 ^ clkbuf_0_clk/X (sky130_fd_sc_hd__clkbuf_16)
                                                         clknet_0_clk (net)
                      0.150014    0.013331    0.402700 ^ clkbuf_3_0__f_clk/A (sky130_fd_sc_hd__clkbuf_16)
    10    0.041890    0.062027    0.179810    0.582510 ^ clkbuf_3_0__f_clk/X (sky130_fd_sc_hd__clkbuf_16)
                                                         clknet_3_0__leaf_clk (net)
                      0.062072    0.001436    0.583946 ^ spi_out.shift_reg[9]_sky130_fd_sc_hd__dfrtp_2_Q/CLK (sky130_fd_sc_hd__dfrtp_1)
     2    0.005215    0.063439    0.337681    0.921626 ^ spi_out.shift_reg[9]_sky130_fd_sc_hd__dfrtp_2_Q/Q (sky130_fd_sc_hd__dfrtp_1)
                                                         spi_out.shift_reg[9] (net)
                      0.063439    0.000117    0.921743 ^ spi_out.shift_reg[9]_sky130_fd_sc_hd__mux2_1_A1/A1 (sky130_fd_sc_hd__mux2_1)
     1    0.005537    0.062630    0.142477    1.064220 ^ spi_out.shift_reg[9]_sky130_fd_sc_hd__mux2_1_A1/X (sky130_fd_sc_hd__mux2_1)
                                                         spi_out.shift_reg[9]_sky130_fd_sc_hd__mux2_1_A1_X (net)
                      0.062630    0.000152    1.064372 ^ spi_out.shift_reg[10]_sky130_fd_sc_hd__mux2_1_A0/A1 (sky130_fd_sc_hd__mux2_1)
     1    0.002450    0.038653    0.120402    1.184774 ^ spi_out.shift_reg[10]_sky130_fd_sc_hd__mux2_1_A0/X (sky130_fd_sc_hd__mux2_1)
                                                         spi_out.shift_reg[10]_sky130_fd_sc_hd__dfrtp_2_Q_D (net)
                      0.038653    0.000069    1.184842 ^ spi_out.shift_reg[10]_sky130_fd_sc_hd__dfrtp_2_Q/D (sky130_fd_sc_hd__dfrtp_1)
                                              1.184842   data arrival time

                                  0.000000    0.000000   clock clk (rise edge)
                                  0.000000    0.000000   clock source latency
     1    0.041337    0.190682    0.135170    0.135170 ^ clk (in)
                                                         clk (net)
                      0.191051    0.000000    0.135170 ^ clkbuf_0_clk/A (sky130_fd_sc_hd__clkbuf_16)
     8    0.135034    0.148108    0.254199    0.389369 ^ clkbuf_0_clk/X (sky130_fd_sc_hd__clkbuf_16)
                                                         clknet_0_clk (net)
                      0.150014    0.013331    0.402700 ^ clkbuf_3_0__f_clk/A (sky130_fd_sc_hd__clkbuf_16)
    10    0.041890    0.062027    0.179810    0.582510 ^ clkbuf_3_0__f_clk/X (sky130_fd_sc_hd__clkbuf_16)
                                                         clknet_3_0__leaf_clk (net)
                      0.062063    0.001299    0.583808 ^ spi_out.shift_reg[10]_sky130_fd_sc_hd__dfrtp_2_Q/CLK (sky130_fd_sc_hd__dfrtp_1)
                                  0.250000    0.833808   clock uncertainty
                                  0.000000    0.833808   clock reconvergence pessimism
                                 -0.031105    0.802703   library hold time
                                              0.802703   data required time
---------------------------------------------------------------------------------------------
                                              0.802703   data required time
                                             -1.184842   data arrival time
---------------------------------------------------------------------------------------------
                                              0.382139   slack (MET)


Startpoint: spi_out.shift_reg[13]_sky130_fd_sc_hd__dfrtp_2_Q
            (rising edge-triggered flip-flop clocked by clk)
Endpoint: spi_out.shift_reg[14]_sky130_fd_sc_hd__dfrtp_2_Q
          (rising edge-triggered flip-flop clocked by clk)
Path Group: clk
Path Type: min

Fanout         Cap        Slew       Delay        Time   Description
---------------------------------------------------------------------------------------------
                                  0.000000    0.000000   clock clk (rise edge)
                                  0.000000    0.000000   clock source latency
     1    0.041337    0.190682    0.135170    0.135170 ^ clk (in)
                                                         clk (net)
                      0.191051    0.000000    0.135170 ^ clkbuf_0_clk/A (sky130_fd_sc_hd__clkbuf_16)
     8    0.135034    0.148108    0.254199    0.389369 ^ clkbuf_0_clk/X (sky130_fd_sc_hd__clkbuf_16)
                                                         clknet_0_clk (net)
                      0.149539    0.011588    0.400956 ^ clkbuf_3_1__f_clk/A (sky130_fd_sc_hd__clkbuf_16)
    12    0.057231    0.076120    0.190515    0.591471 ^ clkbuf_3_1__f_clk/X (sky130_fd_sc_hd__clkbuf_16)
                                                         clknet_3_1__leaf_clk (net)
                      0.076199    0.002172    0.593643 ^ spi_out.shift_reg[13]_sky130_fd_sc_hd__dfrtp_2_Q/CLK (sky130_fd_sc_hd__dfrtp_1)
     2    0.005093    0.062449    0.342119    0.935762 ^ spi_out.shift_reg[13]_sky130_fd_sc_hd__dfrtp_2_Q/Q (sky130_fd_sc_hd__dfrtp_1)
                                                         spi_out.shift_reg[13] (net)
                      0.062449    0.000117    0.935878 ^ spi_out.shift_reg[13]_sky130_fd_sc_hd__mux2_1_A1/A1 (sky130_fd_sc_hd__mux2_1)
     1    0.005167    0.059688    0.139672    1.075550 ^ spi_out.shift_reg[13]_sky130_fd_sc_hd__mux2_1_A1/X (sky130_fd_sc_hd__mux2_1)
                                                         spi_out.shift_reg[13]_sky130_fd_sc_hd__mux2_1_A1_X (net)
                      0.059688    0.000205    1.075755 ^ spi_out.shift_reg[14]_sky130_fd_sc_hd__mux2_1_A0/A1 (sky130_fd_sc_hd__mux2_1)
     1    0.002686    0.040423    0.121276    1.197030 ^ spi_out.shift_reg[14]_sky130_fd_sc_hd__mux2_1_A0/X (sky130_fd_sc_hd__mux2_1)
                                                         spi_out.shift_reg[14]_sky130_fd_sc_hd__dfrtp_2_Q_D (net)
                      0.040423    0.000081    1.197111 ^ spi_out.shift_reg[14]_sky130_fd_sc_hd__dfrtp_2_Q/D (sky130_fd_sc_hd__dfrtp_1)
                                              1.197111   data arrival time

                                  0.000000    0.000000   clock clk (rise edge)
                                  0.000000    0.000000   clock source latency
     1    0.041337    0.190682    0.135170    0.135170 ^ clk (in)
                                                         clk (net)
                      0.191051    0.000000    0.135170 ^ clkbuf_0_clk/A (sky130_fd_sc_hd__clkbuf_16)
     8    0.135034    0.148108    0.254199    0.389369 ^ clkbuf_0_clk/X (sky130_fd_sc_hd__clkbuf_16)
                                                         clknet_0_clk (net)
                      0.149539    0.011588    0.400956 ^ clkbuf_3_1__f_clk/A (sky130_fd_sc_hd__clkbuf_16)
    12    0.057231    0.076120    0.190515    0.591471 ^ clkbuf_3_1__f_clk/X (sky130_fd_sc_hd__clkbuf_16)
                                                         clknet_3_1__leaf_clk (net)
                      0.076232    0.002531    0.594001 ^ spi_out.shift_reg[14]_sky130_fd_sc_hd__dfrtp_2_Q/CLK (sky130_fd_sc_hd__dfrtp_1)
                                  0.250000    0.844001   clock uncertainty
                                  0.000000    0.844001   clock reconvergence pessimism
                                 -0.029541    0.814460   library hold time
                                              0.814460   data required time
---------------------------------------------------------------------------------------------
                                              0.814460   data required time
                                             -1.197111   data arrival time
---------------------------------------------------------------------------------------------
                                              0.382651   slack (MET)


Startpoint: spi_out.shift_reg[3]_sky130_fd_sc_hd__dfrtp_2_Q
            (rising edge-triggered flip-flop clocked by clk)
Endpoint: spi_out.shift_reg[4]_sky130_fd_sc_hd__dfrtp_2_Q
          (rising edge-triggered flip-flop clocked by clk)
Path Group: clk
Path Type: min

Fanout         Cap        Slew       Delay        Time   Description
---------------------------------------------------------------------------------------------
                                  0.000000    0.000000   clock clk (rise edge)
                                  0.000000    0.000000   clock source latency
     1    0.041337    0.190682    0.135170    0.135170 ^ clk (in)
                                                         clk (net)
                      0.191051    0.000000    0.135170 ^ clkbuf_0_clk/A (sky130_fd_sc_hd__clkbuf_16)
     8    0.135034    0.148108    0.254199    0.389369 ^ clkbuf_0_clk/X (sky130_fd_sc_hd__clkbuf_16)
                                                         clknet_0_clk (net)
                      0.149617    0.011890    0.401258 ^ clkbuf_3_4__f_clk/A (sky130_fd_sc_hd__clkbuf_16)
    13    0.055819    0.074782    0.189471    0.590730 ^ clkbuf_3_4__f_clk/X (sky130_fd_sc_hd__clkbuf_16)
                                                         clknet_3_4__leaf_clk (net)
                      0.074794    0.001162    0.591892 ^ spi_out.shift_reg[3]_sky130_fd_sc_hd__dfrtp_2_Q/CLK (sky130_fd_sc_hd__dfrtp_1)
     2    0.004926    0.061173    0.340469    0.932361 ^ spi_out.shift_reg[3]_sky130_fd_sc_hd__dfrtp_2_Q/Q (sky130_fd_sc_hd__dfrtp_1)
                                                         spi_out.shift_reg[3] (net)
                      0.061173    0.000107    0.932468 ^ spi_out.shift_reg[3]_sky130_fd_sc_hd__mux2_1_A1/A1 (sky130_fd_sc_hd__mux2_1)
     1    0.005238    0.060242    0.139717    1.072185 ^ spi_out.shift_reg[3]_sky130_fd_sc_hd__mux2_1_A1/X (sky130_fd_sc_hd__mux2_1)
                                                         spi_out.shift_reg[3]_sky130_fd_sc_hd__mux2_1_A1_X (net)
                      0.060242    0.000187    1.072372 ^ spi_out.shift_reg[4]_sky130_fd_sc_hd__mux2_1_A0/A1 (sky130_fd_sc_hd__mux2_1)
     1    0.003007    0.042863    0.124016    1.196388 ^ spi_out.shift_reg[4]_sky130_fd_sc_hd__mux2_1_A0/X (sky130_fd_sc_hd__mux2_1)
                                                         spi_out.shift_reg[4]_sky130_fd_sc_hd__dfrtp_2_Q_D (net)
                      0.042863    0.000093    1.196481 ^ spi_out.shift_reg[4]_sky130_fd_sc_hd__dfrtp_2_Q/D (sky130_fd_sc_hd__dfrtp_1)
                                              1.196481   data arrival time

                                  0.000000    0.000000   clock clk (rise edge)
                                  0.000000    0.000000   clock source latency
     1    0.041337    0.190682    0.135170    0.135170 ^ clk (in)
                                                         clk (net)
                      0.191051    0.000000    0.135170 ^ clkbuf_0_clk/A (sky130_fd_sc_hd__clkbuf_16)
     8    0.135034    0.148108    0.254199    0.389369 ^ clkbuf_0_clk/X (sky130_fd_sc_hd__clkbuf_16)
                                                         clknet_0_clk (net)
                      0.149617    0.011890    0.401258 ^ clkbuf_3_4__f_clk/A (sky130_fd_sc_hd__clkbuf_16)
    13    0.055819    0.074782    0.189471    0.590730 ^ clkbuf_3_4__f_clk/X (sky130_fd_sc_hd__clkbuf_16)
                                                         clknet_3_4__leaf_clk (net)
                      0.074808    0.001472    0.592201 ^ spi_out.shift_reg[4]_sky130_fd_sc_hd__dfrtp_2_Q/CLK (sky130_fd_sc_hd__dfrtp_1)
                                  0.250000    0.842201   clock uncertainty
                                  0.000000    0.842201   clock reconvergence pessimism
                                 -0.030245    0.811956   library hold time
                                              0.811956   data required time
---------------------------------------------------------------------------------------------
                                              0.811956   data required time
                                             -1.196481   data arrival time
---------------------------------------------------------------------------------------------
                                              0.384524   slack (MET)


Startpoint: filter.x_in[15]_sky130_fd_sc_hd__dfrtp_2_Q
            (rising edge-triggered flip-flop clocked by clk)
Endpoint: filter.x_in[15]_sky130_fd_sc_hd__dfrtp_2_Q
          (rising edge-triggered flip-flop clocked by clk)
Path Group: clk
Path Type: min

Fanout         Cap        Slew       Delay        Time   Description
---------------------------------------------------------------------------------------------
                                  0.000000    0.000000   clock clk (rise edge)
                                  0.000000    0.000000   clock source latency
     1    0.041337    0.190682    0.135170    0.135170 ^ clk (in)
                                                         clk (net)
                      0.191051    0.000000    0.135170 ^ clkbuf_0_clk/A (sky130_fd_sc_hd__clkbuf_16)
     8    0.135034    0.148108    0.254199    0.389369 ^ clkbuf_0_clk/X (sky130_fd_sc_hd__clkbuf_16)
                                                         clknet_0_clk (net)
                      0.150741    0.015647    0.405016 ^ clkbuf_3_2__f_clk/A (sky130_fd_sc_hd__clkbuf_16)
     9    0.049866    0.069185    0.185749    0.590765 ^ clkbuf_3_2__f_clk/X (sky130_fd_sc_hd__clkbuf_16)
                                                         clknet_3_2__leaf_clk (net)
                      0.069212    0.001318    0.592083 ^ filter.x_in[15]_sky130_fd_sc_hd__dfrtp_2_Q/CLK (sky130_fd_sc_hd__dfrtp_4)
     6    0.030124    0.114224    0.465842    1.057924 ^ filter.x_in[15]_sky130_fd_sc_hd__dfrtp_2_Q/Q (sky130_fd_sc_hd__dfrtp_4)
                                                         filter.x_in[15] (net)
                      0.114224    0.000490    1.058415 ^ spi_in.shift_reg[14]_sky130_fd_sc_hd__mux2_1_A1/A0 (sky130_fd_sc_hd__mux2_1)
     1    0.003429    0.046090    0.143226    1.201641 ^ spi_in.shift_reg[14]_sky130_fd_sc_hd__mux2_1_A1/X (sky130_fd_sc_hd__mux2_1)
                                                         filter.x_in[15]_sky130_fd_sc_hd__dfrtp_2_Q_D (net)
                      0.046090    0.000110    1.201751 ^ filter.x_in[15]_sky130_fd_sc_hd__dfrtp_2_Q/D (sky130_fd_sc_hd__dfrtp_4)
                                              1.201751   data arrival time

                                  0.000000    0.000000   clock clk (rise edge)
                                  0.000000    0.000000   clock source latency
     1    0.041337    0.190682    0.135170    0.135170 ^ clk (in)
                                                         clk (net)
                      0.191051    0.000000    0.135170 ^ clkbuf_0_clk/A (sky130_fd_sc_hd__clkbuf_16)
     8    0.135034    0.148108    0.254199    0.389369 ^ clkbuf_0_clk/X (sky130_fd_sc_hd__clkbuf_16)
                                                         clknet_0_clk (net)
                      0.150741    0.015647    0.405016 ^ clkbuf_3_2__f_clk/A (sky130_fd_sc_hd__clkbuf_16)
     9    0.049866    0.069185    0.185749    0.590765 ^ clkbuf_3_2__f_clk/X (sky130_fd_sc_hd__clkbuf_16)
                                                         clknet_3_2__leaf_clk (net)
                      0.069212    0.001318    0.592083 ^ filter.x_in[15]_sky130_fd_sc_hd__dfrtp_2_Q/CLK (sky130_fd_sc_hd__dfrtp_4)
                                  0.250000    0.842083   clock uncertainty
                                  0.000000    0.842083   clock reconvergence pessimism
                                 -0.031684    0.810399   library hold time
                                              0.810399   data required time
---------------------------------------------------------------------------------------------
                                              0.810399   data required time
                                             -1.201751   data arrival time
---------------------------------------------------------------------------------------------
                                              0.391352   slack (MET)


Startpoint: spi_out.shift_reg[12]_sky130_fd_sc_hd__dfrtp_2_Q
            (rising edge-triggered flip-flop clocked by clk)
Endpoint: spi_out.shift_reg[13]_sky130_fd_sc_hd__dfrtp_2_Q
          (rising edge-triggered flip-flop clocked by clk)
Path Group: clk
Path Type: min

Fanout         Cap        Slew       Delay        Time   Description
---------------------------------------------------------------------------------------------
                                  0.000000    0.000000   clock clk (rise edge)
                                  0.000000    0.000000   clock source latency
     1    0.041337    0.190682    0.135170    0.135170 ^ clk (in)
                                                         clk (net)
                      0.191051    0.000000    0.135170 ^ clkbuf_0_clk/A (sky130_fd_sc_hd__clkbuf_16)
     8    0.135034    0.148108    0.254199    0.389369 ^ clkbuf_0_clk/X (sky130_fd_sc_hd__clkbuf_16)
                                                         clknet_0_clk (net)
                      0.149539    0.011588    0.400956 ^ clkbuf_3_1__f_clk/A (sky130_fd_sc_hd__clkbuf_16)
    12    0.057231    0.076120    0.190515    0.591471 ^ clkbuf_3_1__f_clk/X (sky130_fd_sc_hd__clkbuf_16)
                                                         clknet_3_1__leaf_clk (net)
                      0.076132    0.001044    0.592515 ^ spi_out.shift_reg[12]_sky130_fd_sc_hd__dfrtp_2_Q/CLK (sky130_fd_sc_hd__dfrtp_1)
     2    0.006637    0.074540    0.352497    0.945012 ^ spi_out.shift_reg[12]_sky130_fd_sc_hd__dfrtp_2_Q/Q (sky130_fd_sc_hd__dfrtp_1)
                                                         spi_out.shift_reg[12] (net)
                      0.074540    0.000171    0.945183 ^ spi_out.shift_reg[12]_sky130_fd_sc_hd__mux2_1_A1/A1 (sky130_fd_sc_hd__mux2_1)
     1    0.004345    0.053192    0.138378    1.083560 ^ spi_out.shift_reg[12]_sky130_fd_sc_hd__mux2_1_A1/X (sky130_fd_sc_hd__mux2_1)
                                                         spi_out.shift_reg[12]_sky130_fd_sc_hd__mux2_1_A1_X (net)
                      0.053192    0.000155    1.083715 ^ spi_out.shift_reg[13]_sky130_fd_sc_hd__mux2_1_A0/A1 (sky130_fd_sc_hd__mux2_1)
     1    0.003119    0.043718    0.122513    1.206229 ^ spi_out.shift_reg[13]_sky130_fd_sc_hd__mux2_1_A0/X (sky130_fd_sc_hd__mux2_1)
                                                         spi_out.shift_reg[13]_sky130_fd_sc_hd__dfrtp_2_Q_D (net)
                      0.043718    0.000091    1.206319 ^ spi_out.shift_reg[13]_sky130_fd_sc_hd__dfrtp_2_Q/D (sky130_fd_sc_hd__dfrtp_1)
                                              1.206319   data arrival time

                                  0.000000    0.000000   clock clk (rise edge)
                                  0.000000    0.000000   clock source latency
     1    0.041337    0.190682    0.135170    0.135170 ^ clk (in)
                                                         clk (net)
                      0.191051    0.000000    0.135170 ^ clkbuf_0_clk/A (sky130_fd_sc_hd__clkbuf_16)
     8    0.135034    0.148108    0.254199    0.389369 ^ clkbuf_0_clk/X (sky130_fd_sc_hd__clkbuf_16)
                                                         clknet_0_clk (net)
                      0.149539    0.011588    0.400956 ^ clkbuf_3_1__f_clk/A (sky130_fd_sc_hd__clkbuf_16)
    12    0.057231    0.076120    0.190515    0.591471 ^ clkbuf_3_1__f_clk/X (sky130_fd_sc_hd__clkbuf_16)
                                                         clknet_3_1__leaf_clk (net)
                      0.076199    0.002172    0.593643 ^ spi_out.shift_reg[13]_sky130_fd_sc_hd__dfrtp_2_Q/CLK (sky130_fd_sc_hd__dfrtp_1)
                                  0.250000    0.843643   clock uncertainty
                                  0.000000    0.843643   clock reconvergence pessimism
                                 -0.030234    0.813409   library hold time
                                              0.813409   data required time
---------------------------------------------------------------------------------------------
                                              0.813409   data required time
                                             -1.206319   data arrival time
---------------------------------------------------------------------------------------------
                                              0.392910   slack (MET)


Startpoint: spi_in.bit_cnt[1]_sky130_fd_sc_hd__dfrtp_2_Q
            (rising edge-triggered flip-flop clocked by clk)
Endpoint: spi_in.bit_cnt[1]_sky130_fd_sc_hd__dfrtp_2_Q
          (rising edge-triggered flip-flop clocked by clk)
Path Group: clk
Path Type: min

Fanout         Cap        Slew       Delay        Time   Description
---------------------------------------------------------------------------------------------
                                  0.000000    0.000000   clock clk (rise edge)
                                  0.000000    0.000000   clock source latency
     1    0.041337    0.190682    0.135170    0.135170 ^ clk (in)
                                                         clk (net)
                      0.191051    0.000000    0.135170 ^ clkbuf_0_clk/A (sky130_fd_sc_hd__clkbuf_16)
     8    0.135034    0.148108    0.254199    0.389369 ^ clkbuf_0_clk/X (sky130_fd_sc_hd__clkbuf_16)
                                                         clknet_0_clk (net)
                      0.149795    0.012557    0.401926 ^ clkbuf_3_5__f_clk/A (sky130_fd_sc_hd__clkbuf_16)
    13    0.053061    0.072094    0.187922    0.589848 ^ clkbuf_3_5__f_clk/X (sky130_fd_sc_hd__clkbuf_16)
                                                         clknet_3_5__leaf_clk (net)
                      0.072113    0.001143    0.590991 ^ spi_in.bit_cnt[1]_sky130_fd_sc_hd__dfrtp_2_Q/CLK (sky130_fd_sc_hd__dfrtp_1)
     2    0.004753    0.059860    0.338306    0.929297 ^ spi_in.bit_cnt[1]_sky130_fd_sc_hd__dfrtp_2_Q/Q (sky130_fd_sc_hd__dfrtp_1)
                                                         spi_in.bit_cnt[1] (net)
                      0.059860    0.000103    0.929400 ^ spi_in.bit_cnt[1]_sky130_fd_sc_hd__and3_2_A/A (sky130_fd_sc_hd__and3_1)
     4    0.013898    0.146537    0.217721    1.147121 ^ spi_in.bit_cnt[1]_sky130_fd_sc_hd__and3_2_A/X (sky130_fd_sc_hd__and3_1)
                                                         spi_in.bit_cnt[1]_sky130_fd_sc_hd__and3_2_A_X (net)
                      0.146537    0.000178    1.147299 ^ spi_in.bit_cnt[1]_sky130_fd_sc_hd__dfrtp_2_Q_D_sky130_fd_sc_hd__nor2_2_Y/A (sky130_fd_sc_hd__nor2_1)
     1    0.002303    0.028638    0.062724    1.210023 v spi_in.bit_cnt[1]_sky130_fd_sc_hd__dfrtp_2_Q_D_sky130_fd_sc_hd__nor2_2_Y/Y (sky130_fd_sc_hd__nor2_1)
                                                         spi_in.bit_cnt[1]_sky130_fd_sc_hd__dfrtp_2_Q_D (net)
                      0.028638    0.000066    1.210089 v spi_in.bit_cnt[1]_sky130_fd_sc_hd__dfrtp_2_Q/D (sky130_fd_sc_hd__dfrtp_1)
                                              1.210089   data arrival time

                                  0.000000    0.000000   clock clk (rise edge)
                                  0.000000    0.000000   clock source latency
     1    0.041337    0.190682    0.135170    0.135170 ^ clk (in)
                                                         clk (net)
                      0.191051    0.000000    0.135170 ^ clkbuf_0_clk/A (sky130_fd_sc_hd__clkbuf_16)
     8    0.135034    0.148108    0.254199    0.389369 ^ clkbuf_0_clk/X (sky130_fd_sc_hd__clkbuf_16)
                                                         clknet_0_clk (net)
                      0.149795    0.012557    0.401926 ^ clkbuf_3_5__f_clk/A (sky130_fd_sc_hd__clkbuf_16)
    13    0.053061    0.072094    0.187922    0.589848 ^ clkbuf_3_5__f_clk/X (sky130_fd_sc_hd__clkbuf_16)
                                                         clknet_3_5__leaf_clk (net)
                      0.072113    0.001143    0.590991 ^ spi_in.bit_cnt[1]_sky130_fd_sc_hd__dfrtp_2_Q/CLK (sky130_fd_sc_hd__dfrtp_1)
                                  0.250000    0.840991   clock uncertainty
                                  0.000000    0.840991   clock reconvergence pessimism
                                 -0.032932    0.808060   library hold time
                                              0.808060   data required time
---------------------------------------------------------------------------------------------
                                              0.808060   data required time
                                             -1.210089   data arrival time
---------------------------------------------------------------------------------------------
                                              0.402029   slack (MET)


Startpoint: spi_in.bit_cnt[1]_sky130_fd_sc_hd__dfrtp_2_Q
            (rising edge-triggered flip-flop clocked by clk)
Endpoint: spi_in.bit_cnt[2]_sky130_fd_sc_hd__dfrtp_2_Q
          (rising edge-triggered flip-flop clocked by clk)
Path Group: clk
Path Type: min

Fanout         Cap        Slew       Delay        Time   Description
---------------------------------------------------------------------------------------------
                                  0.000000    0.000000   clock clk (rise edge)
                                  0.000000    0.000000   clock source latency
     1    0.041337    0.190682    0.135170    0.135170 ^ clk (in)
                                                         clk (net)
                      0.191051    0.000000    0.135170 ^ clkbuf_0_clk/A (sky130_fd_sc_hd__clkbuf_16)
     8    0.135034    0.148108    0.254199    0.389369 ^ clkbuf_0_clk/X (sky130_fd_sc_hd__clkbuf_16)
                                                         clknet_0_clk (net)
                      0.149795    0.012557    0.401926 ^ clkbuf_3_5__f_clk/A (sky130_fd_sc_hd__clkbuf_16)
    13    0.053061    0.072094    0.187922    0.589848 ^ clkbuf_3_5__f_clk/X (sky130_fd_sc_hd__clkbuf_16)
                                                         clknet_3_5__leaf_clk (net)
                      0.072113    0.001143    0.590991 ^ spi_in.bit_cnt[1]_sky130_fd_sc_hd__dfrtp_2_Q/CLK (sky130_fd_sc_hd__dfrtp_1)
     2    0.004753    0.059860    0.338306    0.929297 ^ spi_in.bit_cnt[1]_sky130_fd_sc_hd__dfrtp_2_Q/Q (sky130_fd_sc_hd__dfrtp_1)
                                                         spi_in.bit_cnt[1] (net)
                      0.059860    0.000103    0.929400 ^ spi_in.bit_cnt[1]_sky130_fd_sc_hd__and3_2_A/A (sky130_fd_sc_hd__and3_1)
     4    0.013898    0.146537    0.217721    1.147121 ^ spi_in.bit_cnt[1]_sky130_fd_sc_hd__and3_2_A/X (sky130_fd_sc_hd__and3_1)
                                                         spi_in.bit_cnt[1]_sky130_fd_sc_hd__and3_2_A_X (net)
                      0.146537    0.000381    1.147502 ^ spi_in.bit_cnt[2]_sky130_fd_sc_hd__xor2_2_A/B (sky130_fd_sc_hd__xor2_1)
     1    0.002168    0.033620    0.078594    1.226096 v spi_in.bit_cnt[2]_sky130_fd_sc_hd__xor2_2_A/X (sky130_fd_sc_hd__xor2_1)
                                                         spi_in.bit_cnt[2]_sky130_fd_sc_hd__dfrtp_2_Q_D (net)
                      0.033620    0.000042    1.226138 v spi_in.bit_cnt[2]_sky130_fd_sc_hd__dfrtp_2_Q/D (sky130_fd_sc_hd__dfrtp_1)
                                              1.226138   data arrival time

                                  0.000000    0.000000   clock clk (rise edge)
                                  0.000000    0.000000   clock source latency
     1    0.041337    0.190682    0.135170    0.135170 ^ clk (in)
                                                         clk (net)
                      0.191051    0.000000    0.135170 ^ clkbuf_0_clk/A (sky130_fd_sc_hd__clkbuf_16)
     8    0.135034    0.148108    0.254199    0.389369 ^ clkbuf_0_clk/X (sky130_fd_sc_hd__clkbuf_16)
                                                         clknet_0_clk (net)
                      0.149795    0.012557    0.401926 ^ clkbuf_3_5__f_clk/A (sky130_fd_sc_hd__clkbuf_16)
    13    0.053061    0.072094    0.187922    0.589848 ^ clkbuf_3_5__f_clk/X (sky130_fd_sc_hd__clkbuf_16)
                                                         clknet_3_5__leaf_clk (net)
                      0.072114    0.001158    0.591007 ^ spi_in.bit_cnt[2]_sky130_fd_sc_hd__dfrtp_2_Q/CLK (sky130_fd_sc_hd__dfrtp_1)
                                  0.250000    0.841007   clock uncertainty
                                  0.000000    0.841007   clock reconvergence pessimism
                                 -0.034959    0.806048   library hold time
                                              0.806048   data required time
---------------------------------------------------------------------------------------------
                                              0.806048   data required time
                                             -1.226138   data arrival time
---------------------------------------------------------------------------------------------
                                              0.420091   slack (MET)


Startpoint: spi_out.bit_cnt[1]_sky130_fd_sc_hd__dfrtp_2_Q
            (rising edge-triggered flip-flop clocked by clk)
Endpoint: spi_out.bit_cnt[2]_sky130_fd_sc_hd__dfrtp_2_Q
          (rising edge-triggered flip-flop clocked by clk)
Path Group: clk
Path Type: min

Fanout         Cap        Slew       Delay        Time   Description
---------------------------------------------------------------------------------------------
                                  0.000000    0.000000   clock clk (rise edge)
                                  0.000000    0.000000   clock source latency
     1    0.041337    0.190682    0.135170    0.135170 ^ clk (in)
                                                         clk (net)
                      0.191051    0.000000    0.135170 ^ clkbuf_0_clk/A (sky130_fd_sc_hd__clkbuf_16)
     8    0.135034    0.148108    0.254199    0.389369 ^ clkbuf_0_clk/X (sky130_fd_sc_hd__clkbuf_16)
                                                         clknet_0_clk (net)
                      0.149795    0.012557    0.401926 ^ clkbuf_3_5__f_clk/A (sky130_fd_sc_hd__clkbuf_16)
    13    0.053061    0.072094    0.187922    0.589848 ^ clkbuf_3_5__f_clk/X (sky130_fd_sc_hd__clkbuf_16)
                                                         clknet_3_5__leaf_clk (net)
                      0.072115    0.001180    0.591028 ^ spi_out.bit_cnt[1]_sky130_fd_sc_hd__dfrtp_2_Q/CLK (sky130_fd_sc_hd__dfrtp_1)
     3    0.006981    0.077264    0.353301    0.944329 ^ spi_out.bit_cnt[1]_sky130_fd_sc_hd__dfrtp_2_Q/Q (sky130_fd_sc_hd__dfrtp_1)
                                                         spi_out.bit_cnt[1] (net)
                      0.077264    0.000171    0.944501 ^ spi_out.bit_cnt[1]_sky130_fd_sc_hd__and3_2_A/A (sky130_fd_sc_hd__and3_1)
     4    0.016821    0.173439    0.243073    1.187573 ^ spi_out.bit_cnt[1]_sky130_fd_sc_hd__and3_2_A/X (sky130_fd_sc_hd__and3_1)
                                                         spi_out.bit_cnt[1]_sky130_fd_sc_hd__and3_2_A_X (net)
                      0.173439    0.000506    1.188079 ^ spi_out.bit_cnt[2]_sky130_fd_sc_hd__dfrtp_2_Q_D_sky130_fd_sc_hd__xor2_2_X/B (sky130_fd_sc_hd__xor2_1)
     1    0.002160    0.033588    0.082874    1.270952 v spi_out.bit_cnt[2]_sky130_fd_sc_hd__dfrtp_2_Q_D_sky130_fd_sc_hd__xor2_2_X/X (sky130_fd_sc_hd__xor2_1)
                                                         spi_out.bit_cnt[2]_sky130_fd_sc_hd__dfrtp_2_Q_D (net)
                      0.033588    0.000062    1.271014 v spi_out.bit_cnt[2]_sky130_fd_sc_hd__dfrtp_2_Q/D (sky130_fd_sc_hd__dfrtp_1)
                                              1.271014   data arrival time

                                  0.000000    0.000000   clock clk (rise edge)
                                  0.000000    0.000000   clock source latency
     1    0.041337    0.190682    0.135170    0.135170 ^ clk (in)
                                                         clk (net)
                      0.191051    0.000000    0.135170 ^ clkbuf_0_clk/A (sky130_fd_sc_hd__clkbuf_16)
     8    0.135034    0.148108    0.254199    0.389369 ^ clkbuf_0_clk/X (sky130_fd_sc_hd__clkbuf_16)
                                                         clknet_0_clk (net)
                      0.149795    0.012557    0.401926 ^ clkbuf_3_5__f_clk/A (sky130_fd_sc_hd__clkbuf_16)
    13    0.053061    0.072094    0.187922    0.589848 ^ clkbuf_3_5__f_clk/X (sky130_fd_sc_hd__clkbuf_16)
                                                         clknet_3_5__leaf_clk (net)
                      0.072138    0.001601    0.591449 ^ spi_out.bit_cnt[2]_sky130_fd_sc_hd__dfrtp_2_Q/CLK (sky130_fd_sc_hd__dfrtp_1)
                                  0.250000    0.841449   clock uncertainty
                                  0.000000    0.841449   clock reconvergence pessimism
                                 -0.034940    0.806509   library hold time
                                              0.806509   data required time
---------------------------------------------------------------------------------------------
                                              0.806509   data required time
                                             -1.271014   data arrival time
---------------------------------------------------------------------------------------------
                                              0.464505   slack (MET)


Startpoint: filter.y_out[0]_sky130_fd_sc_hd__dfrtp_2_Q
            (rising edge-triggered flip-flop clocked by clk)
Endpoint: spi_out.shift_reg[0]_sky130_fd_sc_hd__dfrtp_2_Q
          (rising edge-triggered flip-flop clocked by clk)
Path Group: clk
Path Type: min

Fanout         Cap        Slew       Delay        Time   Description
---------------------------------------------------------------------------------------------
                                  0.000000    0.000000   clock clk (rise edge)
                                  0.000000    0.000000   clock source latency
     1    0.041337    0.190682    0.135170    0.135170 ^ clk (in)
                                                         clk (net)
                      0.191051    0.000000    0.135170 ^ clkbuf_0_clk/A (sky130_fd_sc_hd__clkbuf_16)
     8    0.135034    0.148108    0.254199    0.389369 ^ clkbuf_0_clk/X (sky130_fd_sc_hd__clkbuf_16)
                                                         clknet_0_clk (net)
                      0.148356    0.005020    0.394388 ^ clkbuf_3_6__f_clk/A (sky130_fd_sc_hd__clkbuf_16)
     9    0.058206    0.076772    0.191067    0.585455 ^ clkbuf_3_6__f_clk/X (sky130_fd_sc_hd__clkbuf_16)
                                                         clknet_3_6__leaf_clk (net)
                      0.076849    0.002147    0.587602 ^ filter.y_out[0]_sky130_fd_sc_hd__dfrtp_2_Q/CLK (sky130_fd_sc_hd__dfrtp_4)
     9    0.075146    0.227097    0.557960    1.145562 ^ filter.y_out[0]_sky130_fd_sc_hd__dfrtp_2_Q/Q (sky130_fd_sc_hd__dfrtp_4)
                                                         filter.y_out[0] (net)
                      0.228265    0.012244    1.157806 ^ spi_out.shift_reg[0]_sky130_fd_sc_hd__a22o_2_A1/B2 (sky130_fd_sc_hd__a22o_1)
     1    0.002431    0.040187    0.157163    1.314970 ^ spi_out.shift_reg[0]_sky130_fd_sc_hd__a22o_2_A1/X (sky130_fd_sc_hd__a22o_1)
                                                         spi_out.shift_reg[0]_sky130_fd_sc_hd__dfrtp_2_Q_D (net)
                      0.040187    0.000070    1.315039 ^ spi_out.shift_reg[0]_sky130_fd_sc_hd__dfrtp_2_Q/D (sky130_fd_sc_hd__dfrtp_1)
                                              1.315039   data arrival time

                                  0.000000    0.000000   clock clk (rise edge)
                                  0.000000    0.000000   clock source latency
     1    0.041337    0.190682    0.135170    0.135170 ^ clk (in)
                                                         clk (net)
                      0.191051    0.000000    0.135170 ^ clkbuf_0_clk/A (sky130_fd_sc_hd__clkbuf_16)
     8    0.135034    0.148108    0.254199    0.389369 ^ clkbuf_0_clk/X (sky130_fd_sc_hd__clkbuf_16)
                                                         clknet_0_clk (net)
                      0.149617    0.011890    0.401258 ^ clkbuf_3_4__f_clk/A (sky130_fd_sc_hd__clkbuf_16)
    13    0.055819    0.074782    0.189471    0.590730 ^ clkbuf_3_4__f_clk/X (sky130_fd_sc_hd__clkbuf_16)
                                                         clknet_3_4__leaf_clk (net)
                      0.075077    0.003256    0.593986 ^ spi_out.shift_reg[0]_sky130_fd_sc_hd__dfrtp_2_Q/CLK (sky130_fd_sc_hd__dfrtp_1)
                                  0.250000    0.843986   clock uncertainty
                                  0.000000    0.843986   clock reconvergence pessimism
                                 -0.029649    0.814336   library hold time
                                              0.814336   data required time
---------------------------------------------------------------------------------------------
                                              0.814336   data required time
                                             -1.315039   data arrival time
---------------------------------------------------------------------------------------------
                                              0.500703   slack (MET)


Startpoint: spi_in.sclk_prev_sky130_fd_sc_hd__dfrtp_2_Q
            (rising edge-triggered flip-flop clocked by clk)
Endpoint: spi_in.shift_reg[2]_sky130_fd_sc_hd__dfrtp_2_Q
          (rising edge-triggered flip-flop clocked by clk)
Path Group: clk
Path Type: min

Fanout         Cap        Slew       Delay        Time   Description
---------------------------------------------------------------------------------------------
                                  0.000000    0.000000   clock clk (rise edge)
                                  0.000000    0.000000   clock source latency
     1    0.041337    0.190682    0.135170    0.135170 ^ clk (in)
                                                         clk (net)
                      0.191051    0.000000    0.135170 ^ clkbuf_0_clk/A (sky130_fd_sc_hd__clkbuf_16)
     8    0.135034    0.148108    0.254199    0.389369 ^ clkbuf_0_clk/X (sky130_fd_sc_hd__clkbuf_16)
                                                         clknet_0_clk (net)
                      0.149617    0.011890    0.401258 ^ clkbuf_3_4__f_clk/A (sky130_fd_sc_hd__clkbuf_16)
    13    0.055819    0.074782    0.189471    0.590730 ^ clkbuf_3_4__f_clk/X (sky130_fd_sc_hd__clkbuf_16)
                                                         clknet_3_4__leaf_clk (net)
                      0.075082    0.003291    0.594021 ^ spi_in.sclk_prev_sky130_fd_sc_hd__dfrtp_2_Q/CLK (sky130_fd_sc_hd__dfrtp_1)
     2    0.005368    0.064622    0.343545    0.937566 ^ spi_in.sclk_prev_sky130_fd_sc_hd__dfrtp_2_Q/Q (sky130_fd_sc_hd__dfrtp_1)
                                                         spi_in.sclk_prev (net)
                      0.064622    0.000145    0.937711 ^ spi_sel_sky130_fd_sc_hd__nor3b_2_A/B (sky130_fd_sc_hd__nor3b_1)
     1    0.009483    0.054882    0.071198    1.008909 v spi_sel_sky130_fd_sc_hd__nor3b_2_A/Y (sky130_fd_sc_hd__nor3b_1)
                                                         spi_sel_sky130_fd_sc_hd__nor3b_2_A_Y (net)
                      0.054911    0.000516    1.009425 v fanout16/A (sky130_fd_sc_hd__clkbuf_8)
     9    0.083755    0.097835    0.195523    1.204948 v fanout16/X (sky130_fd_sc_hd__clkbuf_8)
                                                         net16 (net)
                      0.103781    0.018673    1.223621 v spi_in.shift_reg[2]_sky130_fd_sc_hd__mux2_1_A0/S (sky130_fd_sc_hd__mux2_1)
     1    0.002420    0.038437    0.213300    1.436921 ^ spi_in.shift_reg[2]_sky130_fd_sc_hd__mux2_1_A0/X (sky130_fd_sc_hd__mux2_1)
                                                         spi_in.shift_reg[2]_sky130_fd_sc_hd__dfrtp_2_Q_D (net)
                      0.038437    0.000047    1.436968 ^ spi_in.shift_reg[2]_sky130_fd_sc_hd__dfrtp_2_Q/D (sky130_fd_sc_hd__dfrtp_1)
                                              1.436968   data arrival time

                                  0.000000    0.000000   clock clk (rise edge)
                                  0.000000    0.000000   clock source latency
     1    0.041337    0.190682    0.135170    0.135170 ^ clk (in)
                                                         clk (net)
                      0.191051    0.000000    0.135170 ^ clkbuf_0_clk/A (sky130_fd_sc_hd__clkbuf_16)
     8    0.135034    0.148108    0.254199    0.389369 ^ clkbuf_0_clk/X (sky130_fd_sc_hd__clkbuf_16)
                                                         clknet_0_clk (net)
                      0.148397    0.005399    0.394767 ^ clkbuf_3_7__f_clk/A (sky130_fd_sc_hd__clkbuf_16)
     9    0.048903    0.068416    0.183895    0.578663 ^ clkbuf_3_7__f_clk/X (sky130_fd_sc_hd__clkbuf_16)
                                                         clknet_3_7__leaf_clk (net)
                      0.068657    0.002747    0.581409 ^ spi_in.shift_reg[2]_sky130_fd_sc_hd__dfrtp_2_Q/CLK (sky130_fd_sc_hd__dfrtp_1)
                                  0.250000    0.831409   clock uncertainty
                                  0.000000    0.831409   clock reconvergence pessimism
                                 -0.030160    0.801249   library hold time
                                              0.801249   data required time
---------------------------------------------------------------------------------------------
                                              0.801249   data required time
                                             -1.436968   data arrival time
---------------------------------------------------------------------------------------------
                                              0.635719   slack (MET)


Startpoint: spi_in.bit_cnt[3]_sky130_fd_sc_hd__dfrtp_2_Q
            (rising edge-triggered flip-flop clocked by clk)
Endpoint: spi_in.valid_out_sky130_fd_sc_hd__dfrtp_2_Q
          (rising edge-triggered flip-flop clocked by clk)
Path Group: clk
Path Type: min

Fanout         Cap        Slew       Delay        Time   Description
---------------------------------------------------------------------------------------------
                                  0.000000    0.000000   clock clk (rise edge)
                                  0.000000    0.000000   clock source latency
     1    0.041337    0.190682    0.135170    0.135170 ^ clk (in)
                                                         clk (net)
                      0.191051    0.000000    0.135170 ^ clkbuf_0_clk/A (sky130_fd_sc_hd__clkbuf_16)
     8    0.135034    0.148108    0.254199    0.389369 ^ clkbuf_0_clk/X (sky130_fd_sc_hd__clkbuf_16)
                                                         clknet_0_clk (net)
                      0.149795    0.012557    0.401926 ^ clkbuf_3_5__f_clk/A (sky130_fd_sc_hd__clkbuf_16)
    13    0.053061    0.072094    0.187922    0.589848 ^ clkbuf_3_5__f_clk/X (sky130_fd_sc_hd__clkbuf_16)
                                                         clknet_3_5__leaf_clk (net)
                      0.072108    0.001007    0.590855 ^ spi_in.bit_cnt[3]_sky130_fd_sc_hd__dfrtp_2_Q/CLK (sky130_fd_sc_hd__dfrtp_1)
     2    0.005045    0.049305    0.375919    0.966775 v spi_in.bit_cnt[3]_sky130_fd_sc_hd__dfrtp_2_Q/Q (sky130_fd_sc_hd__dfrtp_1)
                                                         spi_in.bit_cnt[3] (net)
                      0.049305    0.000178    0.966953 v spi_in.bit_cnt[3]_sky130_fd_sc_hd__and3_2_A/A (sky130_fd_sc_hd__and3_1)
     2    0.020481    0.108806    0.212653    1.179606 v spi_in.bit_cnt[3]_sky130_fd_sc_hd__and3_2_A/X (sky130_fd_sc_hd__and3_1)
                                                         spi_in.bit_cnt[3]_sky130_fd_sc_hd__and3_2_A_X (net)
                      0.108806    0.000442    1.180048 v fanout11/A (sky130_fd_sc_hd__buf_4)
     8    0.075230    0.101616    0.234460    1.414508 v fanout11/X (sky130_fd_sc_hd__buf_4)
                                                         net11 (net)
                      0.101829    0.003005    1.417513 v spi_in.valid_out_sky130_fd_sc_hd__dfrtp_2_Q/D (sky130_fd_sc_hd__dfrtp_1)
                                              1.417513   data arrival time

                                  0.000000    0.000000   clock clk (rise edge)
                                  0.000000    0.000000   clock source latency
     1    0.041337    0.190682    0.135170    0.135170 ^ clk (in)
                                                         clk (net)
                      0.191051    0.000000    0.135170 ^ clkbuf_0_clk/A (sky130_fd_sc_hd__clkbuf_16)
     8    0.135034    0.148108    0.254199    0.389369 ^ clkbuf_0_clk/X (sky130_fd_sc_hd__clkbuf_16)
                                                         clknet_0_clk (net)
                      0.149617    0.011890    0.401258 ^ clkbuf_3_4__f_clk/A (sky130_fd_sc_hd__clkbuf_16)
    13    0.055819    0.074782    0.189471    0.590730 ^ clkbuf_3_4__f_clk/X (sky130_fd_sc_hd__clkbuf_16)
                                                         clknet_3_4__leaf_clk (net)
                      0.075042    0.002999    0.593728 ^ spi_in.valid_out_sky130_fd_sc_hd__dfrtp_2_Q/CLK (sky130_fd_sc_hd__dfrtp_1)
                                  0.250000    0.843728   clock uncertainty
                                  0.000000    0.843728   clock reconvergence pessimism
                                 -0.062050    0.781678   library hold time
                                              0.781678   data required time
---------------------------------------------------------------------------------------------
                                              0.781678   data required time
                                             -1.417513   data arrival time
---------------------------------------------------------------------------------------------
                                              0.635835   slack (MET)


Startpoint: spi_in.sclk_prev_sky130_fd_sc_hd__dfrtp_2_Q
            (rising edge-triggered flip-flop clocked by clk)
Endpoint: spi_in.shift_reg[0]_sky130_fd_sc_hd__dfrtp_2_Q
          (rising edge-triggered flip-flop clocked by clk)
Path Group: clk
Path Type: min

Fanout         Cap        Slew       Delay        Time   Description
---------------------------------------------------------------------------------------------
                                  0.000000    0.000000   clock clk (rise edge)
                                  0.000000    0.000000   clock source latency
     1    0.041337    0.190682    0.135170    0.135170 ^ clk (in)
                                                         clk (net)
                      0.191051    0.000000    0.135170 ^ clkbuf_0_clk/A (sky130_fd_sc_hd__clkbuf_16)
     8    0.135034    0.148108    0.254199    0.389369 ^ clkbuf_0_clk/X (sky130_fd_sc_hd__clkbuf_16)
                                                         clknet_0_clk (net)
                      0.149617    0.011890    0.401258 ^ clkbuf_3_4__f_clk/A (sky130_fd_sc_hd__clkbuf_16)
    13    0.055819    0.074782    0.189471    0.590730 ^ clkbuf_3_4__f_clk/X (sky130_fd_sc_hd__clkbuf_16)
                                                         clknet_3_4__leaf_clk (net)
                      0.075082    0.003291    0.594021 ^ spi_in.sclk_prev_sky130_fd_sc_hd__dfrtp_2_Q/CLK (sky130_fd_sc_hd__dfrtp_1)
     2    0.005368    0.064622    0.343545    0.937566 ^ spi_in.sclk_prev_sky130_fd_sc_hd__dfrtp_2_Q/Q (sky130_fd_sc_hd__dfrtp_1)
                                                         spi_in.sclk_prev (net)
                      0.064622    0.000145    0.937711 ^ spi_sel_sky130_fd_sc_hd__nor3b_2_A/B (sky130_fd_sc_hd__nor3b_1)
     1    0.009483    0.054882    0.071198    1.008909 v spi_sel_sky130_fd_sc_hd__nor3b_2_A/Y (sky130_fd_sc_hd__nor3b_1)
                                                         spi_sel_sky130_fd_sc_hd__nor3b_2_A_Y (net)
                      0.054911    0.000516    1.009425 v fanout16/A (sky130_fd_sc_hd__clkbuf_8)
     9    0.083755    0.097835    0.195523    1.204948 v fanout16/X (sky130_fd_sc_hd__clkbuf_8)
                                                         net16 (net)
                      0.104696    0.020088    1.225036 v spi_mosi_sky130_fd_sc_hd__mux2_1_A1/S (sky130_fd_sc_hd__mux2_1)
     1    0.003359    0.045552    0.220806    1.445842 ^ spi_mosi_sky130_fd_sc_hd__mux2_1_A1/X (sky130_fd_sc_hd__mux2_1)
                                                         spi_in.shift_reg[0]_sky130_fd_sc_hd__dfrtp_2_Q_D (net)
                      0.045552    0.000106    1.445948 ^ spi_in.shift_reg[0]_sky130_fd_sc_hd__dfrtp_2_Q/D (sky130_fd_sc_hd__dfrtp_1)
                                              1.445948   data arrival time

                                  0.000000    0.000000   clock clk (rise edge)
                                  0.000000    0.000000   clock source latency
     1    0.041337    0.190682    0.135170    0.135170 ^ clk (in)
                                                         clk (net)
                      0.191051    0.000000    0.135170 ^ clkbuf_0_clk/A (sky130_fd_sc_hd__clkbuf_16)
     8    0.135034    0.148108    0.254199    0.389369 ^ clkbuf_0_clk/X (sky130_fd_sc_hd__clkbuf_16)
                                                         clknet_0_clk (net)
                      0.148356    0.005020    0.394388 ^ clkbuf_3_6__f_clk/A (sky130_fd_sc_hd__clkbuf_16)
     9    0.058206    0.076772    0.191067    0.585455 ^ clkbuf_3_6__f_clk/X (sky130_fd_sc_hd__clkbuf_16)
                                                         clknet_3_6__leaf_clk (net)
                      0.076830    0.001905    0.587361 ^ spi_in.shift_reg[0]_sky130_fd_sc_hd__dfrtp_2_Q/CLK (sky130_fd_sc_hd__dfrtp_1)
                                  0.250000    0.837361   clock uncertainty
                                  0.000000    0.837361   clock reconvergence pessimism
                                 -0.030530    0.806830   library hold time
                                              0.806830   data required time
---------------------------------------------------------------------------------------------
                                              0.806830   data required time
                                             -1.445948   data arrival time
---------------------------------------------------------------------------------------------
                                              0.639118   slack (MET)


Startpoint: filter.x_in[15]_sky130_fd_sc_hd__dfrtp_2_Q
            (rising edge-triggered flip-flop clocked by clk)
Endpoint: filter.y_out[15]_sky130_fd_sc_hd__dfrtp_2_Q
          (rising edge-triggered flip-flop clocked by clk)
Path Group: clk
Path Type: min

Fanout         Cap        Slew       Delay        Time   Description
---------------------------------------------------------------------------------------------
                                  0.000000    0.000000   clock clk (rise edge)
                                  0.000000    0.000000   clock source latency
     1    0.041337    0.190682    0.135170    0.135170 ^ clk (in)
                                                         clk (net)
                      0.191051    0.000000    0.135170 ^ clkbuf_0_clk/A (sky130_fd_sc_hd__clkbuf_16)
     8    0.135034    0.148108    0.254199    0.389369 ^ clkbuf_0_clk/X (sky130_fd_sc_hd__clkbuf_16)
                                                         clknet_0_clk (net)
                      0.150741    0.015647    0.405016 ^ clkbuf_3_2__f_clk/A (sky130_fd_sc_hd__clkbuf_16)
     9    0.049866    0.069185    0.185749    0.590765 ^ clkbuf_3_2__f_clk/X (sky130_fd_sc_hd__clkbuf_16)
                                                         clknet_3_2__leaf_clk (net)
                      0.069212    0.001318    0.592083 ^ filter.x_in[15]_sky130_fd_sc_hd__dfrtp_2_Q/CLK (sky130_fd_sc_hd__dfrtp_4)
     6    0.030124    0.114224    0.465842    1.057924 ^ filter.x_in[15]_sky130_fd_sc_hd__dfrtp_2_Q/Q (sky130_fd_sc_hd__dfrtp_4)
                                                         filter.x_in[15] (net)
                      0.114231    0.001053    1.058977 ^ filter.y_out[15]_sky130_fd_sc_hd__dfrtp_2_Q_D_sky130_fd_sc_hd__and3_2_X_B_sky130_fd_sc_hd__a21boi_2_Y_A1_sky130_fd_sc_hd__a22oi_2_Y/A1 (sky130_fd_sc_hd__a22oi_2)
     2    0.011309    0.068510    0.109434    1.168411 v filter.y_out[15]_sky130_fd_sc_hd__dfrtp_2_Q_D_sky130_fd_sc_hd__and3_2_X_B_sky130_fd_sc_hd__a21boi_2_Y_A1_sky130_fd_sc_hd__a22oi_2_Y/Y (sky130_fd_sc_hd__a22oi_2)
                                                         filter.y_out[15]_sky130_fd_sc_hd__dfrtp_2_Q_D_sky130_fd_sc_hd__and3_2_X_B_sky130_fd_sc_hd__a21boi_2_Y_A1 (net)
                      0.068511    0.000497    1.168908 v filter.y_out[15]_sky130_fd_sc_hd__dfrtp_2_Q_D_sky130_fd_sc_hd__and3_2_X_B_sky130_fd_sc_hd__a21boi_2_Y/A1 (sky130_fd_sc_hd__a21boi_1)
     1    0.004445    0.115007    0.147917    1.316826 ^ filter.y_out[15]_sky130_fd_sc_hd__dfrtp_2_Q_D_sky130_fd_sc_hd__and3_2_X_B_sky130_fd_sc_hd__a21boi_2_Y/Y (sky130_fd_sc_hd__a21boi_1)
                                                         filter.y_out[15]_sky130_fd_sc_hd__dfrtp_2_Q_D_sky130_fd_sc_hd__and3_2_X_B (net)
                      0.115007    0.000144    1.316970 ^ filter.y_out[15]_sky130_fd_sc_hd__dfrtp_2_Q_D_sky130_fd_sc_hd__and3_2_X/B (sky130_fd_sc_hd__and3_1)
     1    0.002354    0.045519    0.156701    1.473671 ^ filter.y_out[15]_sky130_fd_sc_hd__dfrtp_2_Q_D_sky130_fd_sc_hd__and3_2_X/X (sky130_fd_sc_hd__and3_1)
                                                         filter.y_out[15]_sky130_fd_sc_hd__dfrtp_2_Q_D (net)
                      0.045519    0.000066    1.473738 ^ filter.y_out[15]_sky130_fd_sc_hd__dfrtp_2_Q/D (sky130_fd_sc_hd__dfrtp_4)
                                              1.473738   data arrival time

                                  0.000000    0.000000   clock clk (rise edge)
                                  0.000000    0.000000   clock source latency
     1    0.041337    0.190682    0.135170    0.135170 ^ clk (in)
                                                         clk (net)
                      0.191051    0.000000    0.135170 ^ clkbuf_0_clk/A (sky130_fd_sc_hd__clkbuf_16)
     8    0.135034    0.148108    0.254199    0.389369 ^ clkbuf_0_clk/X (sky130_fd_sc_hd__clkbuf_16)
                                                         clknet_0_clk (net)
                      0.150741    0.015647    0.405016 ^ clkbuf_3_2__f_clk/A (sky130_fd_sc_hd__clkbuf_16)
     9    0.049866    0.069185    0.185749    0.590765 ^ clkbuf_3_2__f_clk/X (sky130_fd_sc_hd__clkbuf_16)
                                                         clknet_3_2__leaf_clk (net)
                      0.069201    0.001092    0.591857 ^ filter.y_out[15]_sky130_fd_sc_hd__dfrtp_2_Q/CLK (sky130_fd_sc_hd__dfrtp_4)
                                  0.250000    0.841857   clock uncertainty
                                  0.000000    0.841857   clock reconvergence pessimism
                                 -0.031566    0.810291   library hold time
                                              0.810291   data required time
---------------------------------------------------------------------------------------------
                                              0.810291   data required time
                                             -1.473738   data arrival time
---------------------------------------------------------------------------------------------
                                              0.663447   slack (MET)


Startpoint: spi_in.sclk_prev_sky130_fd_sc_hd__dfrtp_2_Q
            (rising edge-triggered flip-flop clocked by clk)
Endpoint: spi_in.bit_cnt[0]_sky130_fd_sc_hd__dfrtp_2_Q
          (rising edge-triggered flip-flop clocked by clk)
Path Group: clk
Path Type: min

Fanout         Cap        Slew       Delay        Time   Description
---------------------------------------------------------------------------------------------
                                  0.000000    0.000000   clock clk (rise edge)
                                  0.000000    0.000000   clock source latency
     1    0.041337    0.190682    0.135170    0.135170 ^ clk (in)
                                                         clk (net)
                      0.191051    0.000000    0.135170 ^ clkbuf_0_clk/A (sky130_fd_sc_hd__clkbuf_16)
     8    0.135034    0.148108    0.254199    0.389369 ^ clkbuf_0_clk/X (sky130_fd_sc_hd__clkbuf_16)
                                                         clknet_0_clk (net)
                      0.149617    0.011890    0.401258 ^ clkbuf_3_4__f_clk/A (sky130_fd_sc_hd__clkbuf_16)
    13    0.055819    0.074782    0.189471    0.590730 ^ clkbuf_3_4__f_clk/X (sky130_fd_sc_hd__clkbuf_16)
                                                         clknet_3_4__leaf_clk (net)
                      0.075082    0.003291    0.594021 ^ spi_in.sclk_prev_sky130_fd_sc_hd__dfrtp_2_Q/CLK (sky130_fd_sc_hd__dfrtp_1)
     2    0.005368    0.064622    0.343545    0.937566 ^ spi_in.sclk_prev_sky130_fd_sc_hd__dfrtp_2_Q/Q (sky130_fd_sc_hd__dfrtp_1)
                                                         spi_in.sclk_prev (net)
                      0.064622    0.000145    0.937711 ^ spi_sel_sky130_fd_sc_hd__nor3b_2_A/B (sky130_fd_sc_hd__nor3b_1)
     1    0.009483    0.054882    0.071198    1.008909 v spi_sel_sky130_fd_sc_hd__nor3b_2_A/Y (sky130_fd_sc_hd__nor3b_1)
                                                         spi_sel_sky130_fd_sc_hd__nor3b_2_A_Y (net)
                      0.054911    0.000516    1.009425 v fanout16/A (sky130_fd_sc_hd__clkbuf_8)
     9    0.083755    0.097835    0.195523    1.204948 v fanout16/X (sky130_fd_sc_hd__clkbuf_8)
                                                         net16 (net)
                      0.097858    0.001181    1.206129 v fanout15/A (sky130_fd_sc_hd__buf_4)
    10    0.066159    0.091708    0.222306    1.428435 v fanout15/X (sky130_fd_sc_hd__buf_4)
                                                         net15 (net)
                      0.091863    0.003362    1.431797 v spi_in.bit_cnt[0]_sky130_fd_sc_hd__xor2_2_A/B (sky130_fd_sc_hd__xor2_1)
     1    0.002198    0.086120    0.132216    1.564013 ^ spi_in.bit_cnt[0]_sky130_fd_sc_hd__xor2_2_A/X (sky130_fd_sc_hd__xor2_1)
                                                         spi_in.bit_cnt[0]_sky130_fd_sc_hd__dfrtp_2_Q_D (net)
                      0.086120    0.000062    1.564075 ^ spi_in.bit_cnt[0]_sky130_fd_sc_hd__dfrtp_2_Q/D (sky130_fd_sc_hd__dfrtp_1)
                                              1.564075   data arrival time

                                  0.000000    0.000000   clock clk (rise edge)
                                  0.000000    0.000000   clock source latency
     1    0.041337    0.190682    0.135170    0.135170 ^ clk (in)
                                                         clk (net)
                      0.191051    0.000000    0.135170 ^ clkbuf_0_clk/A (sky130_fd_sc_hd__clkbuf_16)
     8    0.135034    0.148108    0.254199    0.389369 ^ clkbuf_0_clk/X (sky130_fd_sc_hd__clkbuf_16)
                                                         clknet_0_clk (net)
                      0.149795    0.012557    0.401926 ^ clkbuf_3_5__f_clk/A (sky130_fd_sc_hd__clkbuf_16)
    13    0.053061    0.072094    0.187922    0.589848 ^ clkbuf_3_5__f_clk/X (sky130_fd_sc_hd__clkbuf_16)
                                                         clknet_3_5__leaf_clk (net)
                      0.072142    0.001651    0.591499 ^ spi_in.bit_cnt[0]_sky130_fd_sc_hd__dfrtp_2_Q/CLK (sky130_fd_sc_hd__dfrtp_1)
                                  0.250000    0.841499   clock uncertainty
                                  0.000000    0.841499   clock reconvergence pessimism
                                 -0.039646    0.801853   library hold time
                                              0.801853   data required time
---------------------------------------------------------------------------------------------
                                              0.801853   data required time
                                             -1.564075   data arrival time
---------------------------------------------------------------------------------------------
                                              0.762222   slack (MET)


Startpoint: spi_in.shift_reg[9]_sky130_fd_sc_hd__dfrtp_2_Q
            (rising edge-triggered flip-flop clocked by clk)
Endpoint: spi_in.shift_reg[10]_sky130_fd_sc_hd__dfrtp_2_Q
          (rising edge-triggered flip-flop clocked by clk)
Path Group: clk
Path Type: min

Fanout         Cap        Slew       Delay        Time   Description
---------------------------------------------------------------------------------------------
                                  0.000000    0.000000   clock clk (rise edge)
                                  0.000000    0.000000   clock source latency
     1    0.041337    0.190682    0.135170    0.135170 ^ clk (in)
                                                         clk (net)
                      0.191051    0.000000    0.135170 ^ clkbuf_0_clk/A (sky130_fd_sc_hd__clkbuf_16)
     8    0.135034    0.148108    0.254199    0.389369 ^ clkbuf_0_clk/X (sky130_fd_sc_hd__clkbuf_16)
                                                         clknet_0_clk (net)
                      0.150014    0.013331    0.402700 ^ clkbuf_3_0__f_clk/A (sky130_fd_sc_hd__clkbuf_16)
    10    0.041890    0.062027    0.179810    0.582510 ^ clkbuf_3_0__f_clk/X (sky130_fd_sc_hd__clkbuf_16)
                                                         clknet_3_0__leaf_clk (net)
                      0.062035    0.000736    0.583245 ^ spi_in.shift_reg[9]_sky130_fd_sc_hd__dfrtp_2_Q/CLK (sky130_fd_sc_hd__dfrtp_1)
     2    0.007019    0.077577    0.349782    0.933027 ^ spi_in.shift_reg[9]_sky130_fd_sc_hd__dfrtp_2_Q/Q (sky130_fd_sc_hd__dfrtp_1)
                                                         spi_in.shift_reg[9] (net)
                      0.077577    0.000244    0.933271 ^ spi_in.shift_reg[9]_sky130_fd_sc_hd__mux2_1_A1/A1 (sky130_fd_sc_hd__mux2_1)
     1    0.001837    0.034147    0.120617    1.053888 ^ spi_in.shift_reg[9]_sky130_fd_sc_hd__mux2_1_A1/X (sky130_fd_sc_hd__mux2_1)
                                                         spi_in.shift_reg[10]_sky130_fd_sc_hd__dfrtp_2_Q_D (net)
                      0.034147    0.000035    1.053923 ^ hold41/A (sky130_fd_sc_hd__dlygate4sd3_1)
     1    0.002292    0.048711    0.526525    1.580449 ^ hold41/X (sky130_fd_sc_hd__dlygate4sd3_1)
                                                         net76 (net)
                      0.048711    0.000064    1.580513 ^ spi_in.shift_reg[10]_sky130_fd_sc_hd__dfrtp_2_Q/D (sky130_fd_sc_hd__dfrtp_1)
                                              1.580513   data arrival time

                                  0.000000    0.000000   clock clk (rise edge)
                                  0.000000    0.000000   clock source latency
     1    0.041337    0.190682    0.135170    0.135170 ^ clk (in)
                                                         clk (net)
                      0.191051    0.000000    0.135170 ^ clkbuf_0_clk/A (sky130_fd_sc_hd__clkbuf_16)
     8    0.135034    0.148108    0.254199    0.389369 ^ clkbuf_0_clk/X (sky130_fd_sc_hd__clkbuf_16)
                                                         clknet_0_clk (net)
                      0.150014    0.013331    0.402700 ^ clkbuf_3_0__f_clk/A (sky130_fd_sc_hd__clkbuf_16)
    10    0.041890    0.062027    0.179810    0.582510 ^ clkbuf_3_0__f_clk/X (sky130_fd_sc_hd__clkbuf_16)
                                                         clknet_3_0__leaf_clk (net)
                      0.062038    0.000827    0.583336 ^ spi_in.shift_reg[10]_sky130_fd_sc_hd__dfrtp_2_Q/CLK (sky130_fd_sc_hd__dfrtp_1)
                                  0.250000    0.833336   clock uncertainty
                                  0.000000    0.833336   clock reconvergence pessimism
                                 -0.033212    0.800124   library hold time
                                              0.800124   data required time
---------------------------------------------------------------------------------------------
                                              0.800124   data required time
                                             -1.580513   data arrival time
---------------------------------------------------------------------------------------------
                                              0.780389   slack (MET)


Startpoint: spi_in.shift_reg[1]_sky130_fd_sc_hd__dfrtp_2_Q
            (rising edge-triggered flip-flop clocked by clk)
Endpoint: filter.x_in[2]_sky130_fd_sc_hd__dfrtp_2_Q
          (rising edge-triggered flip-flop clocked by clk)
Path Group: clk
Path Type: min

Fanout         Cap        Slew       Delay        Time   Description
---------------------------------------------------------------------------------------------
                                  0.000000    0.000000   clock clk (rise edge)
                                  0.000000    0.000000   clock source latency
     1    0.041337    0.190682    0.135170    0.135170 ^ clk (in)
                                                         clk (net)
                      0.191051    0.000000    0.135170 ^ clkbuf_0_clk/A (sky130_fd_sc_hd__clkbuf_16)
     8    0.135034    0.148108    0.254199    0.389369 ^ clkbuf_0_clk/X (sky130_fd_sc_hd__clkbuf_16)
                                                         clknet_0_clk (net)
                      0.148397    0.005399    0.394767 ^ clkbuf_3_7__f_clk/A (sky130_fd_sc_hd__clkbuf_16)
     9    0.048903    0.068416    0.183895    0.578663 ^ clkbuf_3_7__f_clk/X (sky130_fd_sc_hd__clkbuf_16)
                                                         clknet_3_7__leaf_clk (net)
                      0.068737    0.003321    0.581983 ^ spi_in.shift_reg[1]_sky130_fd_sc_hd__dfrtp_2_Q/CLK (sky130_fd_sc_hd__dfrtp_1)
     2    0.007271    0.079563    0.354018    0.936002 ^ spi_in.shift_reg[1]_sky130_fd_sc_hd__dfrtp_2_Q/Q (sky130_fd_sc_hd__dfrtp_1)
                                                         spi_in.shift_reg[1] (net)
                      0.079563    0.000178    0.936179 ^ filter.x_in[2]_sky130_fd_sc_hd__mux2_1_A0/A1 (sky130_fd_sc_hd__mux2_1)
     1    0.002617    0.039904    0.127488    1.063667 ^ filter.x_in[2]_sky130_fd_sc_hd__mux2_1_A0/X (sky130_fd_sc_hd__mux2_1)
                                                         filter.x_in[2]_sky130_fd_sc_hd__dfrtp_2_Q_D (net)
                      0.039904    0.000078    1.063745 ^ hold24/A (sky130_fd_sc_hd__dlygate4sd3_1)
     1    0.002472    0.050129    0.530093    1.593839 ^ hold24/X (sky130_fd_sc_hd__dlygate4sd3_1)
                                                         net59 (net)
                      0.050129    0.000071    1.593910 ^ filter.x_in[2]_sky130_fd_sc_hd__dfrtp_2_Q/D (sky130_fd_sc_hd__dfrtp_1)
                                              1.593910   data arrival time

                                  0.000000    0.000000   clock clk (rise edge)
                                  0.000000    0.000000   clock source latency
     1    0.041337    0.190682    0.135170    0.135170 ^ clk (in)
                                                         clk (net)
                      0.191051    0.000000    0.135170 ^ clkbuf_0_clk/A (sky130_fd_sc_hd__clkbuf_16)
     8    0.135034    0.148108    0.254199    0.389369 ^ clkbuf_0_clk/X (sky130_fd_sc_hd__clkbuf_16)
                                                         clknet_0_clk (net)
                      0.148397    0.005399    0.394767 ^ clkbuf_3_7__f_clk/A (sky130_fd_sc_hd__clkbuf_16)
     9    0.048903    0.068416    0.183895    0.578663 ^ clkbuf_3_7__f_clk/X (sky130_fd_sc_hd__clkbuf_16)
                                                         clknet_3_7__leaf_clk (net)
                      0.068700    0.003065    0.581728 ^ filter.x_in[2]_sky130_fd_sc_hd__dfrtp_2_Q/CLK (sky130_fd_sc_hd__dfrtp_1)
                                  0.250000    0.831728   clock uncertainty
                                  0.000000    0.831728   clock reconvergence pessimism
                                 -0.032598    0.799130   library hold time
                                              0.799130   data required time
---------------------------------------------------------------------------------------------
                                              0.799130   data required time
                                             -1.593910   data arrival time
---------------------------------------------------------------------------------------------
                                              0.794780   slack (MET)


Startpoint: spi_in.shift_reg[5]_sky130_fd_sc_hd__dfrtp_2_Q
            (rising edge-triggered flip-flop clocked by clk)
Endpoint: filter.x_in[6]_sky130_fd_sc_hd__dfrtp_2_Q
          (rising edge-triggered flip-flop clocked by clk)
Path Group: clk
Path Type: min

Fanout         Cap        Slew       Delay        Time   Description
---------------------------------------------------------------------------------------------
                                  0.000000    0.000000   clock clk (rise edge)
                                  0.000000    0.000000   clock source latency
     1    0.041337    0.190682    0.135170    0.135170 ^ clk (in)
                                                         clk (net)
                      0.191051    0.000000    0.135170 ^ clkbuf_0_clk/A (sky130_fd_sc_hd__clkbuf_16)
     8    0.135034    0.148108    0.254199    0.389369 ^ clkbuf_0_clk/X (sky130_fd_sc_hd__clkbuf_16)
                                                         clknet_0_clk (net)
                      0.149795    0.012557    0.401926 ^ clkbuf_3_5__f_clk/A (sky130_fd_sc_hd__clkbuf_16)
    13    0.053061    0.072094    0.187922    0.589848 ^ clkbuf_3_5__f_clk/X (sky130_fd_sc_hd__clkbuf_16)
                                                         clknet_3_5__leaf_clk (net)
                      0.072112    0.001100    0.590948 ^ spi_in.shift_reg[5]_sky130_fd_sc_hd__dfrtp_2_Q/CLK (sky130_fd_sc_hd__dfrtp_1)
     2    0.008254    0.087425    0.361888    0.952837 ^ spi_in.shift_reg[5]_sky130_fd_sc_hd__dfrtp_2_Q/Q (sky130_fd_sc_hd__dfrtp_1)
                                                         spi_in.shift_reg[5] (net)
                      0.087425    0.000196    0.953033 ^ filter.x_in[6]_sky130_fd_sc_hd__mux2_1_A0/A1 (sky130_fd_sc_hd__mux2_1)
     1    0.002706    0.040572    0.130861    1.083893 ^ filter.x_in[6]_sky130_fd_sc_hd__mux2_1_A0/X (sky130_fd_sc_hd__mux2_1)
                                                         filter.x_in[6]_sky130_fd_sc_hd__dfrtp_2_Q_D (net)
                      0.040572    0.000082    1.083976 ^ hold30/A (sky130_fd_sc_hd__dlygate4sd3_1)
     1    0.002654    0.051658    0.532018    1.615994 ^ hold30/X (sky130_fd_sc_hd__dlygate4sd3_1)
                                                         net65 (net)
                      0.051658    0.000076    1.616069 ^ filter.x_in[6]_sky130_fd_sc_hd__dfrtp_2_Q/D (sky130_fd_sc_hd__dfrtp_1)
                                              1.616069   data arrival time

                                  0.000000    0.000000   clock clk (rise edge)
                                  0.000000    0.000000   clock source latency
     1    0.041337    0.190682    0.135170    0.135170 ^ clk (in)
                                                         clk (net)
                      0.191051    0.000000    0.135170 ^ clkbuf_0_clk/A (sky130_fd_sc_hd__clkbuf_16)
     8    0.135034    0.148108    0.254199    0.389369 ^ clkbuf_0_clk/X (sky130_fd_sc_hd__clkbuf_16)
                                                         clknet_0_clk (net)
                      0.149795    0.012557    0.401926 ^ clkbuf_3_5__f_clk/A (sky130_fd_sc_hd__clkbuf_16)
    13    0.053061    0.072094    0.187922    0.589848 ^ clkbuf_3_5__f_clk/X (sky130_fd_sc_hd__clkbuf_16)
                                                         clknet_3_5__leaf_clk (net)
                      0.072104    0.000883    0.590731 ^ filter.x_in[6]_sky130_fd_sc_hd__dfrtp_2_Q/CLK (sky130_fd_sc_hd__dfrtp_1)
                                  0.250000    0.840731   clock uncertainty
                                  0.000000    0.840731   clock reconvergence pessimism
                                 -0.032452    0.808280   library hold time
                                              0.808280   data required time
---------------------------------------------------------------------------------------------
                                              0.808280   data required time
                                             -1.616069   data arrival time
---------------------------------------------------------------------------------------------
                                              0.807790   slack (MET)


Startpoint: spi_in.shift_reg[13]_sky130_fd_sc_hd__dfrtp_2_Q
            (rising edge-triggered flip-flop clocked by clk)
Endpoint: spi_in.shift_reg[13]_sky130_fd_sc_hd__dfrtp_2_Q
          (rising edge-triggered flip-flop clocked by clk)
Path Group: clk
Path Type: min

Fanout         Cap        Slew       Delay        Time   Description
---------------------------------------------------------------------------------------------
                                  0.000000    0.000000   clock clk (rise edge)
                                  0.000000    0.000000   clock source latency
     1    0.041337    0.190682    0.135170    0.135170 ^ clk (in)
                                                         clk (net)
                      0.191051    0.000000    0.135170 ^ clkbuf_0_clk/A (sky130_fd_sc_hd__clkbuf_16)
     8    0.135034    0.148108    0.254199    0.389369 ^ clkbuf_0_clk/X (sky130_fd_sc_hd__clkbuf_16)
                                                         clknet_0_clk (net)
                      0.150554    0.015081    0.404449 ^ clkbuf_3_3__f_clk/A (sky130_fd_sc_hd__clkbuf_16)
     6    0.046972    0.066577    0.183586    0.588036 ^ clkbuf_3_3__f_clk/X (sky130_fd_sc_hd__clkbuf_16)
                                                         clknet_3_3__leaf_clk (net)
                      0.066641    0.001786    0.589821 ^ spi_in.shift_reg[13]_sky130_fd_sc_hd__dfrtp_2_Q/CLK (sky130_fd_sc_hd__dfrtp_1)
     3    0.010607    0.105262    0.374828    0.964649 ^ spi_in.shift_reg[13]_sky130_fd_sc_hd__dfrtp_2_Q/Q (sky130_fd_sc_hd__dfrtp_1)
                                                         spi_in.shift_reg[13] (net)
                      0.105262    0.000160    0.964809 ^ hold38/A (sky130_fd_sc_hd__dlygate4sd3_1)
     1    0.002024    0.046832    0.545246    1.510055 ^ hold38/X (sky130_fd_sc_hd__dlygate4sd3_1)
                                                         net73 (net)
                      0.046832    0.000040    1.510095 ^ spi_in.shift_reg[13]_sky130_fd_sc_hd__mux2_1_A0/A0 (sky130_fd_sc_hd__mux2_1)
     1    0.002567    0.039526    0.113163    1.623258 ^ spi_in.shift_reg[13]_sky130_fd_sc_hd__mux2_1_A0/X (sky130_fd_sc_hd__mux2_1)
                                                         spi_in.shift_reg[13]_sky130_fd_sc_hd__dfrtp_2_Q_D (net)
                      0.039526    0.000073    1.623331 ^ spi_in.shift_reg[13]_sky130_fd_sc_hd__dfrtp_2_Q/D (sky130_fd_sc_hd__dfrtp_1)
                                              1.623331   data arrival time

                                  0.000000    0.000000   clock clk (rise edge)
                                  0.000000    0.000000   clock source latency
     1    0.041337    0.190682    0.135170    0.135170 ^ clk (in)
                                                         clk (net)
                      0.191051    0.000000    0.135170 ^ clkbuf_0_clk/A (sky130_fd_sc_hd__clkbuf_16)
     8    0.135034    0.148108    0.254199    0.389369 ^ clkbuf_0_clk/X (sky130_fd_sc_hd__clkbuf_16)
                                                         clknet_0_clk (net)
                      0.150554    0.015081    0.404449 ^ clkbuf_3_3__f_clk/A (sky130_fd_sc_hd__clkbuf_16)
     6    0.046972    0.066577    0.183586    0.588036 ^ clkbuf_3_3__f_clk/X (sky130_fd_sc_hd__clkbuf_16)
                                                         clknet_3_3__leaf_clk (net)
                      0.066641    0.001786    0.589821 ^ spi_in.shift_reg[13]_sky130_fd_sc_hd__dfrtp_2_Q/CLK (sky130_fd_sc_hd__dfrtp_1)
                                  0.250000    0.839821   clock uncertainty
                                  0.000000    0.839821   clock reconvergence pessimism
                                 -0.030663    0.809159   library hold time
                                              0.809159   data required time
---------------------------------------------------------------------------------------------
                                              0.809159   data required time
                                             -1.623331   data arrival time
---------------------------------------------------------------------------------------------
                                              0.814173   slack (MET)


Startpoint: spi_in.shift_reg[13]_sky130_fd_sc_hd__dfrtp_2_Q
            (rising edge-triggered flip-flop clocked by clk)
Endpoint: spi_in.shift_reg[14]_sky130_fd_sc_hd__dfrtp_2_Q
          (rising edge-triggered flip-flop clocked by clk)
Path Group: clk
Path Type: min

Fanout         Cap        Slew       Delay        Time   Description
---------------------------------------------------------------------------------------------
                                  0.000000    0.000000   clock clk (rise edge)
                                  0.000000    0.000000   clock source latency
     1    0.041337    0.190682    0.135170    0.135170 ^ clk (in)
                                                         clk (net)
                      0.191051    0.000000    0.135170 ^ clkbuf_0_clk/A (sky130_fd_sc_hd__clkbuf_16)
     8    0.135034    0.148108    0.254199    0.389369 ^ clkbuf_0_clk/X (sky130_fd_sc_hd__clkbuf_16)
                                                         clknet_0_clk (net)
                      0.150554    0.015081    0.404449 ^ clkbuf_3_3__f_clk/A (sky130_fd_sc_hd__clkbuf_16)
     6    0.046972    0.066577    0.183586    0.588036 ^ clkbuf_3_3__f_clk/X (sky130_fd_sc_hd__clkbuf_16)
                                                         clknet_3_3__leaf_clk (net)
                      0.066641    0.001786    0.589821 ^ spi_in.shift_reg[13]_sky130_fd_sc_hd__dfrtp_2_Q/CLK (sky130_fd_sc_hd__dfrtp_1)
     3    0.010607    0.105262    0.374828    0.964649 ^ spi_in.shift_reg[13]_sky130_fd_sc_hd__dfrtp_2_Q/Q (sky130_fd_sc_hd__dfrtp_1)
                                                         spi_in.shift_reg[13] (net)
                      0.105262    0.000272    0.964921 ^ spi_in.shift_reg[14]_sky130_fd_sc_hd__mux2_1_A0/A1 (sky130_fd_sc_hd__mux2_1)
     1    0.001837    0.034147    0.130016    1.094938 ^ spi_in.shift_reg[14]_sky130_fd_sc_hd__mux2_1_A0/X (sky130_fd_sc_hd__mux2_1)
                                                         spi_in.shift_reg[14]_sky130_fd_sc_hd__dfrtp_2_Q_D (net)
                      0.034147    0.000035    1.094973 ^ hold13/A (sky130_fd_sc_hd__dlygate4sd3_1)
     1    0.002605    0.051239    0.529467    1.624439 ^ hold13/X (sky130_fd_sc_hd__dlygate4sd3_1)
                                                         net48 (net)
                      0.051239    0.000074    1.624514 ^ spi_in.shift_reg[14]_sky130_fd_sc_hd__dfrtp_2_Q/D (sky130_fd_sc_hd__dfrtp_1)
                                              1.624514   data arrival time

                                  0.000000    0.000000   clock clk (rise edge)
                                  0.000000    0.000000   clock source latency
     1    0.041337    0.190682    0.135170    0.135170 ^ clk (in)
                                                         clk (net)
                      0.191051    0.000000    0.135170 ^ clkbuf_0_clk/A (sky130_fd_sc_hd__clkbuf_16)
     8    0.135034    0.148108    0.254199    0.389369 ^ clkbuf_0_clk/X (sky130_fd_sc_hd__clkbuf_16)
                                                         clknet_0_clk (net)
                      0.150741    0.015647    0.405016 ^ clkbuf_3_2__f_clk/A (sky130_fd_sc_hd__clkbuf_16)
     9    0.049866    0.069185    0.185749    0.590765 ^ clkbuf_3_2__f_clk/X (sky130_fd_sc_hd__clkbuf_16)
                                                         clknet_3_2__leaf_clk (net)
                      0.069212    0.001309    0.592074 ^ spi_in.shift_reg[14]_sky130_fd_sc_hd__dfrtp_2_Q/CLK (sky130_fd_sc_hd__dfrtp_1)
                                  0.250000    0.842074   clock uncertainty
                                  0.000000    0.842074   clock reconvergence pessimism
                                 -0.032760    0.809314   library hold time
                                              0.809314   data required time
---------------------------------------------------------------------------------------------
                                              0.809314   data required time
                                             -1.624514   data arrival time
---------------------------------------------------------------------------------------------
                                              0.815200   slack (MET)


Startpoint: spi_in.shift_reg[13]_sky130_fd_sc_hd__dfrtp_2_Q
            (rising edge-triggered flip-flop clocked by clk)
Endpoint: filter.x_in[14]_sky130_fd_sc_hd__dfrtp_2_Q
          (rising edge-triggered flip-flop clocked by clk)
Path Group: clk
Path Type: min

Fanout         Cap        Slew       Delay        Time   Description
---------------------------------------------------------------------------------------------
                                  0.000000    0.000000   clock clk (rise edge)
                                  0.000000    0.000000   clock source latency
     1    0.041337    0.190682    0.135170    0.135170 ^ clk (in)
                                                         clk (net)
                      0.191051    0.000000    0.135170 ^ clkbuf_0_clk/A (sky130_fd_sc_hd__clkbuf_16)
     8    0.135034    0.148108    0.254199    0.389369 ^ clkbuf_0_clk/X (sky130_fd_sc_hd__clkbuf_16)
                                                         clknet_0_clk (net)
                      0.150554    0.015081    0.404449 ^ clkbuf_3_3__f_clk/A (sky130_fd_sc_hd__clkbuf_16)
     6    0.046972    0.066577    0.183586    0.588036 ^ clkbuf_3_3__f_clk/X (sky130_fd_sc_hd__clkbuf_16)
                                                         clknet_3_3__leaf_clk (net)
                      0.066641    0.001786    0.589821 ^ spi_in.shift_reg[13]_sky130_fd_sc_hd__dfrtp_2_Q/CLK (sky130_fd_sc_hd__dfrtp_1)
     3    0.010607    0.105262    0.374828    0.964649 ^ spi_in.shift_reg[13]_sky130_fd_sc_hd__dfrtp_2_Q/Q (sky130_fd_sc_hd__dfrtp_1)
                                                         spi_in.shift_reg[13] (net)
                      0.105262    0.000362    0.965012 ^ filter.x_in[14]_sky130_fd_sc_hd__mux2_1_A0/A1 (sky130_fd_sc_hd__mux2_1)
     1    0.002525    0.039202    0.135485    1.100497 ^ filter.x_in[14]_sky130_fd_sc_hd__mux2_1_A0/X (sky130_fd_sc_hd__mux2_1)
                                                         filter.x_in[14]_sky130_fd_sc_hd__dfrtp_2_Q_D (net)
                      0.039202    0.000072    1.100568 ^ hold26/A (sky130_fd_sc_hd__dlygate4sd3_1)
     1    0.002585    0.051076    0.530928    1.631496 ^ hold26/X (sky130_fd_sc_hd__dlygate4sd3_1)
                                                         net61 (net)
                      0.051076    0.000075    1.631572 ^ filter.x_in[14]_sky130_fd_sc_hd__dfrtp_2_Q/D (sky130_fd_sc_hd__dfrtp_1)
                                              1.631572   data arrival time

                                  0.000000    0.000000   clock clk (rise edge)
                                  0.000000    0.000000   clock source latency
     1    0.041337    0.190682    0.135170    0.135170 ^ clk (in)
                                                         clk (net)
                      0.191051    0.000000    0.135170 ^ clkbuf_0_clk/A (sky130_fd_sc_hd__clkbuf_16)
     8    0.135034    0.148108    0.254199    0.389369 ^ clkbuf_0_clk/X (sky130_fd_sc_hd__clkbuf_16)
                                                         clknet_0_clk (net)
                      0.150741    0.015647    0.405016 ^ clkbuf_3_2__f_clk/A (sky130_fd_sc_hd__clkbuf_16)
     9    0.049866    0.069185    0.185749    0.590765 ^ clkbuf_3_2__f_clk/X (sky130_fd_sc_hd__clkbuf_16)
                                                         clknet_3_2__leaf_clk (net)
                      0.069203    0.001128    0.591893 ^ filter.x_in[14]_sky130_fd_sc_hd__dfrtp_2_Q/CLK (sky130_fd_sc_hd__dfrtp_1)
                                  0.250000    0.841893   clock uncertainty
                                  0.000000    0.841893   clock reconvergence pessimism
                                 -0.032727    0.809166   library hold time
                                              0.809166   data required time
---------------------------------------------------------------------------------------------
                                              0.809166   data required time
                                             -1.631572   data arrival time
---------------------------------------------------------------------------------------------
                                              0.822406   slack (MET)


Startpoint: spi_in.sclk_prev_sky130_fd_sc_hd__dfrtp_2_Q
            (rising edge-triggered flip-flop clocked by clk)
Endpoint: spi_in.shift_reg[8]_sky130_fd_sc_hd__dfrtp_2_Q
          (rising edge-triggered flip-flop clocked by clk)
Path Group: clk
Path Type: min

Fanout         Cap        Slew       Delay        Time   Description
---------------------------------------------------------------------------------------------
                                  0.000000    0.000000   clock clk (rise edge)
                                  0.000000    0.000000   clock source latency
     1    0.041337    0.190682    0.135170    0.135170 ^ clk (in)
                                                         clk (net)
                      0.191051    0.000000    0.135170 ^ clkbuf_0_clk/A (sky130_fd_sc_hd__clkbuf_16)
     8    0.135034    0.148108    0.254199    0.389369 ^ clkbuf_0_clk/X (sky130_fd_sc_hd__clkbuf_16)
                                                         clknet_0_clk (net)
                      0.149617    0.011890    0.401258 ^ clkbuf_3_4__f_clk/A (sky130_fd_sc_hd__clkbuf_16)
    13    0.055819    0.074782    0.189471    0.590730 ^ clkbuf_3_4__f_clk/X (sky130_fd_sc_hd__clkbuf_16)
                                                         clknet_3_4__leaf_clk (net)
                      0.075082    0.003291    0.594021 ^ spi_in.sclk_prev_sky130_fd_sc_hd__dfrtp_2_Q/CLK (sky130_fd_sc_hd__dfrtp_1)
     2    0.005368    0.064622    0.343545    0.937566 ^ spi_in.sclk_prev_sky130_fd_sc_hd__dfrtp_2_Q/Q (sky130_fd_sc_hd__dfrtp_1)
                                                         spi_in.sclk_prev (net)
                      0.064622    0.000145    0.937711 ^ spi_sel_sky130_fd_sc_hd__nor3b_2_A/B (sky130_fd_sc_hd__nor3b_1)
     1    0.009483    0.054882    0.071198    1.008909 v spi_sel_sky130_fd_sc_hd__nor3b_2_A/Y (sky130_fd_sc_hd__nor3b_1)
                                                         spi_sel_sky130_fd_sc_hd__nor3b_2_A_Y (net)
                      0.054911    0.000516    1.009425 v fanout16/A (sky130_fd_sc_hd__clkbuf_8)
     9    0.083755    0.097835    0.195523    1.204948 v fanout16/X (sky130_fd_sc_hd__clkbuf_8)
                                                         net16 (net)
                      0.097858    0.001181    1.206129 v fanout15/A (sky130_fd_sc_hd__buf_4)
    10    0.066159    0.091708    0.222306    1.428435 v fanout15/X (sky130_fd_sc_hd__buf_4)
                                                         net15 (net)
                      0.091725    0.001371    1.429806 v spi_in.shift_reg[8]_sky130_fd_sc_hd__mux2_1_A0/S (sky130_fd_sc_hd__mux2_1)
     1    0.002479    0.038867    0.208080    1.637886 ^ spi_in.shift_reg[8]_sky130_fd_sc_hd__mux2_1_A0/X (sky130_fd_sc_hd__mux2_1)
                                                         spi_in.shift_reg[8]_sky130_fd_sc_hd__dfrtp_2_Q_D (net)
                      0.038867    0.000069    1.637954 ^ spi_in.shift_reg[8]_sky130_fd_sc_hd__dfrtp_2_Q/D (sky130_fd_sc_hd__dfrtp_1)
                                              1.637954   data arrival time

                                  0.000000    0.000000   clock clk (rise edge)
                                  0.000000    0.000000   clock source latency
     1    0.041337    0.190682    0.135170    0.135170 ^ clk (in)
                                                         clk (net)
                      0.191051    0.000000    0.135170 ^ clkbuf_0_clk/A (sky130_fd_sc_hd__clkbuf_16)
     8    0.135034    0.148108    0.254199    0.389369 ^ clkbuf_0_clk/X (sky130_fd_sc_hd__clkbuf_16)
                                                         clknet_0_clk (net)
                      0.149539    0.011588    0.400956 ^ clkbuf_3_1__f_clk/A (sky130_fd_sc_hd__clkbuf_16)
    12    0.057231    0.076120    0.190515    0.591471 ^ clkbuf_3_1__f_clk/X (sky130_fd_sc_hd__clkbuf_16)
                                                         clknet_3_1__leaf_clk (net)
                      0.076222    0.002438    0.593909 ^ spi_in.shift_reg[8]_sky130_fd_sc_hd__dfrtp_2_Q/CLK (sky130_fd_sc_hd__dfrtp_1)
                                  0.250000    0.843909   clock uncertainty
                                  0.000000    0.843909   clock reconvergence pessimism
                                 -0.029217    0.814691   library hold time
                                              0.814691   data required time
---------------------------------------------------------------------------------------------
                                              0.814691   data required time
                                             -1.637954   data arrival time
---------------------------------------------------------------------------------------------
                                              0.823263   slack (MET)


Startpoint: filter.x_in[13]_sky130_fd_sc_hd__dfrtp_2_Q
            (rising edge-triggered flip-flop clocked by clk)
Endpoint: filter.x_in[13]_sky130_fd_sc_hd__dfrtp_2_Q
          (rising edge-triggered flip-flop clocked by clk)
Path Group: clk
Path Type: min

Fanout         Cap        Slew       Delay        Time   Description
---------------------------------------------------------------------------------------------
                                  0.000000    0.000000   clock clk (rise edge)
                                  0.000000    0.000000   clock source latency
     1    0.041337    0.190682    0.135170    0.135170 ^ clk (in)
                                                         clk (net)
                      0.191051    0.000000    0.135170 ^ clkbuf_0_clk/A (sky130_fd_sc_hd__clkbuf_16)
     8    0.135034    0.148108    0.254199    0.389369 ^ clkbuf_0_clk/X (sky130_fd_sc_hd__clkbuf_16)
                                                         clknet_0_clk (net)
                      0.150554    0.015081    0.404449 ^ clkbuf_3_3__f_clk/A (sky130_fd_sc_hd__clkbuf_16)
     6    0.046972    0.066577    0.183586    0.588036 ^ clkbuf_3_3__f_clk/X (sky130_fd_sc_hd__clkbuf_16)
                                                         clknet_3_3__leaf_clk (net)
                      0.066639    0.001757    0.589792 ^ filter.x_in[13]_sky130_fd_sc_hd__dfrtp_2_Q/CLK (sky130_fd_sc_hd__dfrtp_1)
     3    0.011110    0.109388    0.377838    0.967630 ^ filter.x_in[13]_sky130_fd_sc_hd__dfrtp_2_Q/Q (sky130_fd_sc_hd__dfrtp_1)
                                                         filter.x_in[13] (net)
                      0.109388    0.000209    0.967839 ^ filter.x_in[13]_sky130_fd_sc_hd__mux2_1_A0/A0 (sky130_fd_sc_hd__mux2_1)
     1    0.002579    0.039612    0.134785    1.102625 ^ filter.x_in[13]_sky130_fd_sc_hd__mux2_1_A0/X (sky130_fd_sc_hd__mux2_1)
                                                         filter.x_in[13]_sky130_fd_sc_hd__dfrtp_2_Q_D (net)
                      0.039612    0.000076    1.102700 ^ hold37/A (sky130_fd_sc_hd__dlygate4sd3_1)
     1    0.002337    0.049049    0.528729    1.631429 ^ hold37/X (sky130_fd_sc_hd__dlygate4sd3_1)
                                                         net72 (net)
                      0.049049    0.000066    1.631495 ^ filter.x_in[13]_sky130_fd_sc_hd__dfrtp_2_Q/D (sky130_fd_sc_hd__dfrtp_1)
                                              1.631495   data arrival time

                                  0.000000    0.000000   clock clk (rise edge)
                                  0.000000    0.000000   clock source latency
     1    0.041337    0.190682    0.135170    0.135170 ^ clk (in)
                                                         clk (net)
                      0.191051    0.000000    0.135170 ^ clkbuf_0_clk/A (sky130_fd_sc_hd__clkbuf_16)
     8    0.135034    0.148108    0.254199    0.389369 ^ clkbuf_0_clk/X (sky130_fd_sc_hd__clkbuf_16)
                                                         clknet_0_clk (net)
                      0.150554    0.015081    0.404449 ^ clkbuf_3_3__f_clk/A (sky130_fd_sc_hd__clkbuf_16)
     6    0.046972    0.066577    0.183586    0.588036 ^ clkbuf_3_3__f_clk/X (sky130_fd_sc_hd__clkbuf_16)
                                                         clknet_3_3__leaf_clk (net)
                      0.066639    0.001757    0.589792 ^ filter.x_in[13]_sky130_fd_sc_hd__dfrtp_2_Q/CLK (sky130_fd_sc_hd__dfrtp_1)
                                  0.250000    0.839792   clock uncertainty
                                  0.000000    0.839792   clock reconvergence pessimism
                                 -0.032654    0.807138   library hold time
                                              0.807138   data required time
---------------------------------------------------------------------------------------------
                                              0.807138   data required time
                                             -1.631495   data arrival time
---------------------------------------------------------------------------------------------
                                              0.824357   slack (MET)


Startpoint: spi_in.bit_cnt[3]_sky130_fd_sc_hd__dfrtp_2_Q
            (rising edge-triggered flip-flop clocked by clk)
Endpoint: filter.x_in[8]_sky130_fd_sc_hd__dfrtp_2_Q
          (rising edge-triggered flip-flop clocked by clk)
Path Group: clk
Path Type: min

Fanout         Cap        Slew       Delay        Time   Description
---------------------------------------------------------------------------------------------
                                  0.000000    0.000000   clock clk (rise edge)
                                  0.000000    0.000000   clock source latency
     1    0.041337    0.190682    0.135170    0.135170 ^ clk (in)
                                                         clk (net)
                      0.191051    0.000000    0.135170 ^ clkbuf_0_clk/A (sky130_fd_sc_hd__clkbuf_16)
     8    0.135034    0.148108    0.254199    0.389369 ^ clkbuf_0_clk/X (sky130_fd_sc_hd__clkbuf_16)
                                                         clknet_0_clk (net)
                      0.149795    0.012557    0.401926 ^ clkbuf_3_5__f_clk/A (sky130_fd_sc_hd__clkbuf_16)
    13    0.053061    0.072094    0.187922    0.589848 ^ clkbuf_3_5__f_clk/X (sky130_fd_sc_hd__clkbuf_16)
                                                         clknet_3_5__leaf_clk (net)
                      0.072108    0.001007    0.590855 ^ spi_in.bit_cnt[3]_sky130_fd_sc_hd__dfrtp_2_Q/CLK (sky130_fd_sc_hd__dfrtp_1)
     2    0.005045    0.049305    0.375919    0.966775 v spi_in.bit_cnt[3]_sky130_fd_sc_hd__dfrtp_2_Q/Q (sky130_fd_sc_hd__dfrtp_1)
                                                         spi_in.bit_cnt[3] (net)
                      0.049305    0.000178    0.966953 v spi_in.bit_cnt[3]_sky130_fd_sc_hd__and3_2_A/A (sky130_fd_sc_hd__and3_1)
     2    0.020481    0.108806    0.212653    1.179606 v spi_in.bit_cnt[3]_sky130_fd_sc_hd__and3_2_A/X (sky130_fd_sc_hd__and3_1)
                                                         spi_in.bit_cnt[3]_sky130_fd_sc_hd__and3_2_A_X (net)
                      0.108839    0.001813    1.181418 v fanout10/A (sky130_fd_sc_hd__clkbuf_8)
    10    0.099641    0.111653    0.237923    1.419341 v fanout10/X (sky130_fd_sc_hd__clkbuf_8)
                                                         net10 (net)
                      0.111692    0.001752    1.421093 v filter.x_in[8]_sky130_fd_sc_hd__mux2_1_A0/S (sky130_fd_sc_hd__mux2_1)
     1    0.002851    0.041678    0.220257    1.641351 ^ filter.x_in[8]_sky130_fd_sc_hd__mux2_1_A0/X (sky130_fd_sc_hd__mux2_1)
                                                         filter.x_in[8]_sky130_fd_sc_hd__dfrtp_2_Q_D (net)
                      0.041678    0.000082    1.641432 ^ filter.x_in[8]_sky130_fd_sc_hd__dfrtp_2_Q/D (sky130_fd_sc_hd__dfrtp_1)
                                              1.641432   data arrival time

                                  0.000000    0.000000   clock clk (rise edge)
                                  0.000000    0.000000   clock source latency
     1    0.041337    0.190682    0.135170    0.135170 ^ clk (in)
                                                         clk (net)
                      0.191051    0.000000    0.135170 ^ clkbuf_0_clk/A (sky130_fd_sc_hd__clkbuf_16)
     8    0.135034    0.148108    0.254199    0.389369 ^ clkbuf_0_clk/X (sky130_fd_sc_hd__clkbuf_16)
                                                         clknet_0_clk (net)
                      0.149539    0.011588    0.400956 ^ clkbuf_3_1__f_clk/A (sky130_fd_sc_hd__clkbuf_16)
    12    0.057231    0.076120    0.190515    0.591471 ^ clkbuf_3_1__f_clk/X (sky130_fd_sc_hd__clkbuf_16)
                                                         clknet_3_1__leaf_clk (net)
                      0.076167    0.001753    0.593224 ^ filter.x_in[8]_sky130_fd_sc_hd__dfrtp_2_Q/CLK (sky130_fd_sc_hd__dfrtp_1)
                                  0.250000    0.843224   clock uncertainty
                                  0.000000    0.843224   clock reconvergence pessimism
                                 -0.029812    0.813412   library hold time
                                              0.813412   data required time
---------------------------------------------------------------------------------------------
                                              0.813412   data required time
                                             -1.641432   data arrival time
---------------------------------------------------------------------------------------------
                                              0.828021   slack (MET)


Startpoint: spi_in.shift_reg[2]_sky130_fd_sc_hd__dfrtp_2_Q
            (rising edge-triggered flip-flop clocked by clk)
Endpoint: filter.x_in[3]_sky130_fd_sc_hd__dfrtp_2_Q
          (rising edge-triggered flip-flop clocked by clk)
Path Group: clk
Path Type: min

Fanout         Cap        Slew       Delay        Time   Description
---------------------------------------------------------------------------------------------
                                  0.000000    0.000000   clock clk (rise edge)
                                  0.000000    0.000000   clock source latency
     1    0.041337    0.190682    0.135170    0.135170 ^ clk (in)
                                                         clk (net)
                      0.191051    0.000000    0.135170 ^ clkbuf_0_clk/A (sky130_fd_sc_hd__clkbuf_16)
     8    0.135034    0.148108    0.254199    0.389369 ^ clkbuf_0_clk/X (sky130_fd_sc_hd__clkbuf_16)
                                                         clknet_0_clk (net)
                      0.148397    0.005399    0.394767 ^ clkbuf_3_7__f_clk/A (sky130_fd_sc_hd__clkbuf_16)
     9    0.048903    0.068416    0.183895    0.578663 ^ clkbuf_3_7__f_clk/X (sky130_fd_sc_hd__clkbuf_16)
                                                         clknet_3_7__leaf_clk (net)
                      0.068657    0.002747    0.581409 ^ spi_in.shift_reg[2]_sky130_fd_sc_hd__dfrtp_2_Q/CLK (sky130_fd_sc_hd__dfrtp_1)
     2    0.011555    0.113015    0.381307    0.962716 ^ spi_in.shift_reg[2]_sky130_fd_sc_hd__dfrtp_2_Q/Q (sky130_fd_sc_hd__dfrtp_1)
                                                         spi_in.shift_reg[2] (net)
                      0.113015    0.000441    0.963158 ^ filter.x_in[3]_sky130_fd_sc_hd__mux2_1_A0/A1 (sky130_fd_sc_hd__mux2_1)
     1    0.002344    0.037887    0.136683    1.099841 ^ filter.x_in[3]_sky130_fd_sc_hd__mux2_1_A0/X (sky130_fd_sc_hd__mux2_1)
                                                         filter.x_in[3]_sky130_fd_sc_hd__dfrtp_2_Q_D (net)
                      0.037887    0.000050    1.099891 ^ hold28/A (sky130_fd_sc_hd__dlygate4sd3_1)
     1    0.002536    0.050659    0.530034    1.629925 ^ hold28/X (sky130_fd_sc_hd__dlygate4sd3_1)
                                                         net63 (net)
                      0.050659    0.000073    1.629999 ^ filter.x_in[3]_sky130_fd_sc_hd__dfrtp_2_Q/D (sky130_fd_sc_hd__dfrtp_1)
                                              1.629999   data arrival time

                                  0.000000    0.000000   clock clk (rise edge)
                                  0.000000    0.000000   clock source latency
     1    0.041337    0.190682    0.135170    0.135170 ^ clk (in)
                                                         clk (net)
                      0.191051    0.000000    0.135170 ^ clkbuf_0_clk/A (sky130_fd_sc_hd__clkbuf_16)
     8    0.135034    0.148108    0.254199    0.389369 ^ clkbuf_0_clk/X (sky130_fd_sc_hd__clkbuf_16)
                                                         clknet_0_clk (net)
                      0.148397    0.005399    0.394767 ^ clkbuf_3_7__f_clk/A (sky130_fd_sc_hd__clkbuf_16)
     9    0.048903    0.068416    0.183895    0.578663 ^ clkbuf_3_7__f_clk/X (sky130_fd_sc_hd__clkbuf_16)
                                                         clknet_3_7__leaf_clk (net)
                      0.068518    0.002330    0.580993 ^ filter.x_in[3]_sky130_fd_sc_hd__dfrtp_2_Q/CLK (sky130_fd_sc_hd__dfrtp_1)
                                  0.250000    0.830993   clock uncertainty
                                  0.000000    0.830993   clock reconvergence pessimism
                                 -0.032733    0.798259   library hold time
                                              0.798259   data required time
---------------------------------------------------------------------------------------------
                                              0.798259   data required time
                                             -1.629999   data arrival time
---------------------------------------------------------------------------------------------
                                              0.831739   slack (MET)


Startpoint: spi_in.shift_reg[10]_sky130_fd_sc_hd__dfrtp_2_Q
            (rising edge-triggered flip-flop clocked by clk)
Endpoint: filter.x_in[11]_sky130_fd_sc_hd__dfrtp_2_Q
          (rising edge-triggered flip-flop clocked by clk)
Path Group: clk
Path Type: min

Fanout         Cap        Slew       Delay        Time   Description
---------------------------------------------------------------------------------------------
                                  0.000000    0.000000   clock clk (rise edge)
                                  0.000000    0.000000   clock source latency
     1    0.041337    0.190682    0.135170    0.135170 ^ clk (in)
                                                         clk (net)
                      0.191051    0.000000    0.135170 ^ clkbuf_0_clk/A (sky130_fd_sc_hd__clkbuf_16)
     8    0.135034    0.148108    0.254199    0.389369 ^ clkbuf_0_clk/X (sky130_fd_sc_hd__clkbuf_16)
                                                         clknet_0_clk (net)
                      0.150014    0.013331    0.402700 ^ clkbuf_3_0__f_clk/A (sky130_fd_sc_hd__clkbuf_16)
    10    0.041890    0.062027    0.179810    0.582510 ^ clkbuf_3_0__f_clk/X (sky130_fd_sc_hd__clkbuf_16)
                                                         clknet_3_0__leaf_clk (net)
                      0.062038    0.000827    0.583336 ^ spi_in.shift_reg[10]_sky130_fd_sc_hd__dfrtp_2_Q/CLK (sky130_fd_sc_hd__dfrtp_1)
     1    0.002044    0.039387    0.314018    0.897354 ^ spi_in.shift_reg[10]_sky130_fd_sc_hd__dfrtp_2_Q/Q (sky130_fd_sc_hd__dfrtp_1)
                                                         spi_in.shift_reg[10] (net)
                      0.039387    0.000057    0.897412 ^ hold40/A (sky130_fd_sc_hd__dlygate4sd3_1)
     3    0.011417    0.128806    0.598102    1.495514 ^ hold40/X (sky130_fd_sc_hd__dlygate4sd3_1)
                                                         net75 (net)
                      0.128806    0.000322    1.495836 ^ filter.x_in[11]_sky130_fd_sc_hd__mux2_1_A0/A1 (sky130_fd_sc_hd__mux2_1)
     1    0.002163    0.036587    0.139998    1.635834 ^ filter.x_in[11]_sky130_fd_sc_hd__mux2_1_A0/X (sky130_fd_sc_hd__mux2_1)
                                                         filter.x_in[11]_sky130_fd_sc_hd__dfrtp_2_Q_D (net)
                      0.036587    0.000060    1.635895 ^ filter.x_in[11]_sky130_fd_sc_hd__dfrtp_2_Q/D (sky130_fd_sc_hd__dfrtp_1)
                                              1.635895   data arrival time

                                  0.000000    0.000000   clock clk (rise edge)
                                  0.000000    0.000000   clock source latency
     1    0.041337    0.190682    0.135170    0.135170 ^ clk (in)
                                                         clk (net)
                      0.191051    0.000000    0.135170 ^ clkbuf_0_clk/A (sky130_fd_sc_hd__clkbuf_16)
     8    0.135034    0.148108    0.254199    0.389369 ^ clkbuf_0_clk/X (sky130_fd_sc_hd__clkbuf_16)
                                                         clknet_0_clk (net)
                      0.150014    0.013331    0.402700 ^ clkbuf_3_0__f_clk/A (sky130_fd_sc_hd__clkbuf_16)
    10    0.041890    0.062027    0.179810    0.582510 ^ clkbuf_3_0__f_clk/X (sky130_fd_sc_hd__clkbuf_16)
                                                         clknet_3_0__leaf_clk (net)
                      0.062062    0.001288    0.583798 ^ filter.x_in[11]_sky130_fd_sc_hd__dfrtp_2_Q/CLK (sky130_fd_sc_hd__dfrtp_1)
                                  0.250000    0.833798   clock uncertainty
                                  0.000000    0.833798   clock reconvergence pessimism
                                 -0.030673    0.803125   library hold time
                                              0.803125   data required time
---------------------------------------------------------------------------------------------
                                              0.803125   data required time
                                             -1.635895   data arrival time
---------------------------------------------------------------------------------------------
                                              0.832770   slack (MET)


Startpoint: spi_in.shift_reg[4]_sky130_fd_sc_hd__dfrtp_2_Q
            (rising edge-triggered flip-flop clocked by clk)
Endpoint: filter.x_in[5]_sky130_fd_sc_hd__dfrtp_2_Q
          (rising edge-triggered flip-flop clocked by clk)
Path Group: clk
Path Type: min

Fanout         Cap        Slew       Delay        Time   Description
---------------------------------------------------------------------------------------------
                                  0.000000    0.000000   clock clk (rise edge)
                                  0.000000    0.000000   clock source latency
     1    0.041337    0.190682    0.135170    0.135170 ^ clk (in)
                                                         clk (net)
                      0.191051    0.000000    0.135170 ^ clkbuf_0_clk/A (sky130_fd_sc_hd__clkbuf_16)
     8    0.135034    0.148108    0.254199    0.389369 ^ clkbuf_0_clk/X (sky130_fd_sc_hd__clkbuf_16)
                                                         clknet_0_clk (net)
                      0.149795    0.012557    0.401926 ^ clkbuf_3_5__f_clk/A (sky130_fd_sc_hd__clkbuf_16)
    13    0.053061    0.072094    0.187922    0.589848 ^ clkbuf_3_5__f_clk/X (sky130_fd_sc_hd__clkbuf_16)
                                                         clknet_3_5__leaf_clk (net)
                      0.072128    0.001427    0.591275 ^ spi_in.shift_reg[4]_sky130_fd_sc_hd__dfrtp_2_Q/CLK (sky130_fd_sc_hd__dfrtp_1)
     3    0.012576    0.121388    0.388735    0.980010 ^ spi_in.shift_reg[4]_sky130_fd_sc_hd__dfrtp_2_Q/Q (sky130_fd_sc_hd__dfrtp_1)
                                                         spi_in.shift_reg[4] (net)
                      0.121388    0.000392    0.980402 ^ filter.x_in[5]_sky130_fd_sc_hd__mux2_1_A0/A1 (sky130_fd_sc_hd__mux2_1)
     1    0.001921    0.034864    0.136161    1.116564 ^ filter.x_in[5]_sky130_fd_sc_hd__mux2_1_A0/X (sky130_fd_sc_hd__mux2_1)
                                                         filter.x_in[5]_sky130_fd_sc_hd__dfrtp_2_Q_D (net)
                      0.034864    0.000037    1.116601 ^ hold33/A (sky130_fd_sc_hd__dlygate4sd3_1)
     1    0.002291    0.048702    0.526746    1.643347 ^ hold33/X (sky130_fd_sc_hd__dlygate4sd3_1)
                                                         net68 (net)
                      0.048702    0.000064    1.643411 ^ filter.x_in[5]_sky130_fd_sc_hd__dfrtp_2_Q/D (sky130_fd_sc_hd__dfrtp_1)
                                              1.643411   data arrival time

                                  0.000000    0.000000   clock clk (rise edge)
                                  0.000000    0.000000   clock source latency
     1    0.041337    0.190682    0.135170    0.135170 ^ clk (in)
                                                         clk (net)
                      0.191051    0.000000    0.135170 ^ clkbuf_0_clk/A (sky130_fd_sc_hd__clkbuf_16)
     8    0.135034    0.148108    0.254199    0.389369 ^ clkbuf_0_clk/X (sky130_fd_sc_hd__clkbuf_16)
                                                         clknet_0_clk (net)
                      0.149795    0.012557    0.401926 ^ clkbuf_3_5__f_clk/A (sky130_fd_sc_hd__clkbuf_16)
    13    0.053061    0.072094    0.187922    0.589848 ^ clkbuf_3_5__f_clk/X (sky130_fd_sc_hd__clkbuf_16)
                                                         clknet_3_5__leaf_clk (net)
                      0.072117    0.001213    0.591061 ^ filter.x_in[5]_sky130_fd_sc_hd__dfrtp_2_Q/CLK (sky130_fd_sc_hd__dfrtp_1)
                                  0.250000    0.841061   clock uncertainty
                                  0.000000    0.841061   clock reconvergence pessimism
                                 -0.031832    0.809229   library hold time
                                              0.809229   data required time
---------------------------------------------------------------------------------------------
                                              0.809229   data required time
                                             -1.643411   data arrival time
---------------------------------------------------------------------------------------------
                                              0.834182   slack (MET)


Startpoint: spi_in.bit_cnt[3]_sky130_fd_sc_hd__dfrtp_2_Q
            (rising edge-triggered flip-flop clocked by clk)
Endpoint: filter.x_in[0]_sky130_fd_sc_hd__dfrtp_2_Q
          (rising edge-triggered flip-flop clocked by clk)
Path Group: clk
Path Type: min

Fanout         Cap        Slew       Delay        Time   Description
---------------------------------------------------------------------------------------------
                                  0.000000    0.000000   clock clk (rise edge)
                                  0.000000    0.000000   clock source latency
     1    0.041337    0.190682    0.135170    0.135170 ^ clk (in)
                                                         clk (net)
                      0.191051    0.000000    0.135170 ^ clkbuf_0_clk/A (sky130_fd_sc_hd__clkbuf_16)
     8    0.135034    0.148108    0.254199    0.389369 ^ clkbuf_0_clk/X (sky130_fd_sc_hd__clkbuf_16)
                                                         clknet_0_clk (net)
                      0.149795    0.012557    0.401926 ^ clkbuf_3_5__f_clk/A (sky130_fd_sc_hd__clkbuf_16)
    13    0.053061    0.072094    0.187922    0.589848 ^ clkbuf_3_5__f_clk/X (sky130_fd_sc_hd__clkbuf_16)
                                                         clknet_3_5__leaf_clk (net)
                      0.072108    0.001007    0.590855 ^ spi_in.bit_cnt[3]_sky130_fd_sc_hd__dfrtp_2_Q/CLK (sky130_fd_sc_hd__dfrtp_1)
     2    0.005045    0.049305    0.375919    0.966775 v spi_in.bit_cnt[3]_sky130_fd_sc_hd__dfrtp_2_Q/Q (sky130_fd_sc_hd__dfrtp_1)
                                                         spi_in.bit_cnt[3] (net)
                      0.049305    0.000178    0.966953 v spi_in.bit_cnt[3]_sky130_fd_sc_hd__and3_2_A/A (sky130_fd_sc_hd__and3_1)
     2    0.020481    0.108806    0.212653    1.179606 v spi_in.bit_cnt[3]_sky130_fd_sc_hd__and3_2_A/X (sky130_fd_sc_hd__and3_1)
                                                         spi_in.bit_cnt[3]_sky130_fd_sc_hd__and3_2_A_X (net)
                      0.108839    0.001813    1.181418 v fanout10/A (sky130_fd_sc_hd__clkbuf_8)
    10    0.099641    0.111653    0.237923    1.419341 v fanout10/X (sky130_fd_sc_hd__clkbuf_8)
                                                         net10 (net)
                      0.112596    0.008231    1.427572 v spi_mosi_sky130_fd_sc_hd__mux2_1_A1_1/S (sky130_fd_sc_hd__mux2_1)
     1    0.002340    0.037854    0.216817    1.644390 ^ spi_mosi_sky130_fd_sc_hd__mux2_1_A1_1/X (sky130_fd_sc_hd__mux2_1)
                                                         filter.x_in[0]_sky130_fd_sc_hd__dfrtp_2_Q_D (net)
                      0.037854    0.000065    1.644455 ^ filter.x_in[0]_sky130_fd_sc_hd__dfrtp_2_Q/D (sky130_fd_sc_hd__dfrtp_1)
                                              1.644455   data arrival time

                                  0.000000    0.000000   clock clk (rise edge)
                                  0.000000    0.000000   clock source latency
     1    0.041337    0.190682    0.135170    0.135170 ^ clk (in)
                                                         clk (net)
                      0.191051    0.000000    0.135170 ^ clkbuf_0_clk/A (sky130_fd_sc_hd__clkbuf_16)
     8    0.135034    0.148108    0.254199    0.389369 ^ clkbuf_0_clk/X (sky130_fd_sc_hd__clkbuf_16)
                                                         clknet_0_clk (net)
                      0.148356    0.005020    0.394388 ^ clkbuf_3_6__f_clk/A (sky130_fd_sc_hd__clkbuf_16)
     9    0.058206    0.076772    0.191067    0.585455 ^ clkbuf_3_6__f_clk/X (sky130_fd_sc_hd__clkbuf_16)
                                                         clknet_3_6__leaf_clk (net)
                      0.076841    0.002049    0.587504 ^ filter.x_in[0]_sky130_fd_sc_hd__dfrtp_2_Q/CLK (sky130_fd_sc_hd__dfrtp_1)
                                  0.250000    0.837504   clock uncertainty
                                  0.000000    0.837504   clock reconvergence pessimism
                                 -0.028921    0.808583   library hold time
                                              0.808583   data required time
---------------------------------------------------------------------------------------------
                                              0.808583   data required time
                                             -1.644455   data arrival time
---------------------------------------------------------------------------------------------
                                              0.835872   slack (MET)


Startpoint: spi_in.shift_reg[10]_sky130_fd_sc_hd__dfrtp_2_Q
            (rising edge-triggered flip-flop clocked by clk)
Endpoint: spi_in.shift_reg[11]_sky130_fd_sc_hd__dfrtp_2_Q
          (rising edge-triggered flip-flop clocked by clk)
Path Group: clk
Path Type: min

Fanout         Cap        Slew       Delay        Time   Description
---------------------------------------------------------------------------------------------
                                  0.000000    0.000000   clock clk (rise edge)
                                  0.000000    0.000000   clock source latency
     1    0.041337    0.190682    0.135170    0.135170 ^ clk (in)
                                                         clk (net)
                      0.191051    0.000000    0.135170 ^ clkbuf_0_clk/A (sky130_fd_sc_hd__clkbuf_16)
     8    0.135034    0.148108    0.254199    0.389369 ^ clkbuf_0_clk/X (sky130_fd_sc_hd__clkbuf_16)
                                                         clknet_0_clk (net)
                      0.150014    0.013331    0.402700 ^ clkbuf_3_0__f_clk/A (sky130_fd_sc_hd__clkbuf_16)
    10    0.041890    0.062027    0.179810    0.582510 ^ clkbuf_3_0__f_clk/X (sky130_fd_sc_hd__clkbuf_16)
                                                         clknet_3_0__leaf_clk (net)
                      0.062038    0.000827    0.583336 ^ spi_in.shift_reg[10]_sky130_fd_sc_hd__dfrtp_2_Q/CLK (sky130_fd_sc_hd__dfrtp_1)
     1    0.002044    0.039387    0.314018    0.897354 ^ spi_in.shift_reg[10]_sky130_fd_sc_hd__dfrtp_2_Q/Q (sky130_fd_sc_hd__dfrtp_1)
                                                         spi_in.shift_reg[10] (net)
                      0.039387    0.000057    0.897412 ^ hold40/A (sky130_fd_sc_hd__dlygate4sd3_1)
     3    0.011417    0.128806    0.598102    1.495514 ^ hold40/X (sky130_fd_sc_hd__dlygate4sd3_1)
                                                         net75 (net)
                      0.128806    0.000256    1.495770 ^ spi_in.shift_reg[11]_sky130_fd_sc_hd__mux2_1_A0/A1 (sky130_fd_sc_hd__mux2_1)
     1    0.003089    0.043490    0.147404    1.643173 ^ spi_in.shift_reg[11]_sky130_fd_sc_hd__mux2_1_A0/X (sky130_fd_sc_hd__mux2_1)
                                                         spi_in.shift_reg[11]_sky130_fd_sc_hd__dfrtp_2_Q_D (net)
                      0.043490    0.000088    1.643261 ^ spi_in.shift_reg[11]_sky130_fd_sc_hd__dfrtp_2_Q/D (sky130_fd_sc_hd__dfrtp_1)
                                              1.643261   data arrival time

                                  0.000000    0.000000   clock clk (rise edge)
                                  0.000000    0.000000   clock source latency
     1    0.041337    0.190682    0.135170    0.135170 ^ clk (in)
                                                         clk (net)
                      0.191051    0.000000    0.135170 ^ clkbuf_0_clk/A (sky130_fd_sc_hd__clkbuf_16)
     8    0.135034    0.148108    0.254199    0.389369 ^ clkbuf_0_clk/X (sky130_fd_sc_hd__clkbuf_16)
                                                         clknet_0_clk (net)
                      0.150014    0.013331    0.402700 ^ clkbuf_3_0__f_clk/A (sky130_fd_sc_hd__clkbuf_16)
    10    0.041890    0.062027    0.179810    0.582510 ^ clkbuf_3_0__f_clk/X (sky130_fd_sc_hd__clkbuf_16)
                                                         clknet_3_0__leaf_clk (net)
                      0.062062    0.001284    0.583793 ^ spi_in.shift_reg[11]_sky130_fd_sc_hd__dfrtp_2_Q/CLK (sky130_fd_sc_hd__dfrtp_1)
                                  0.250000    0.833793   clock uncertainty
                                  0.000000    0.833793   clock reconvergence pessimism
                                 -0.032117    0.801676   library hold time
                                              0.801676   data required time
---------------------------------------------------------------------------------------------
                                              0.801676   data required time
                                             -1.643261   data arrival time
---------------------------------------------------------------------------------------------
                                              0.841585   slack (MET)


Startpoint: spi_in.sclk_prev_sky130_fd_sc_hd__dfrtp_2_Q
            (rising edge-triggered flip-flop clocked by clk)
Endpoint: spi_in.shift_reg[9]_sky130_fd_sc_hd__dfrtp_2_Q
          (rising edge-triggered flip-flop clocked by clk)
Path Group: clk
Path Type: min

Fanout         Cap        Slew       Delay        Time   Description
---------------------------------------------------------------------------------------------
                                  0.000000    0.000000   clock clk (rise edge)
                                  0.000000    0.000000   clock source latency
     1    0.041337    0.190682    0.135170    0.135170 ^ clk (in)
                                                         clk (net)
                      0.191051    0.000000    0.135170 ^ clkbuf_0_clk/A (sky130_fd_sc_hd__clkbuf_16)
     8    0.135034    0.148108    0.254199    0.389369 ^ clkbuf_0_clk/X (sky130_fd_sc_hd__clkbuf_16)
                                                         clknet_0_clk (net)
                      0.149617    0.011890    0.401258 ^ clkbuf_3_4__f_clk/A (sky130_fd_sc_hd__clkbuf_16)
    13    0.055819    0.074782    0.189471    0.590730 ^ clkbuf_3_4__f_clk/X (sky130_fd_sc_hd__clkbuf_16)
                                                         clknet_3_4__leaf_clk (net)
                      0.075082    0.003291    0.594021 ^ spi_in.sclk_prev_sky130_fd_sc_hd__dfrtp_2_Q/CLK (sky130_fd_sc_hd__dfrtp_1)
     2    0.005368    0.064622    0.343545    0.937566 ^ spi_in.sclk_prev_sky130_fd_sc_hd__dfrtp_2_Q/Q (sky130_fd_sc_hd__dfrtp_1)
                                                         spi_in.sclk_prev (net)
                      0.064622    0.000145    0.937711 ^ spi_sel_sky130_fd_sc_hd__nor3b_2_A/B (sky130_fd_sc_hd__nor3b_1)
     1    0.009483    0.054882    0.071198    1.008909 v spi_sel_sky130_fd_sc_hd__nor3b_2_A/Y (sky130_fd_sc_hd__nor3b_1)
                                                         spi_sel_sky130_fd_sc_hd__nor3b_2_A_Y (net)
                      0.054911    0.000516    1.009425 v fanout16/A (sky130_fd_sc_hd__clkbuf_8)
     9    0.083755    0.097835    0.195523    1.204948 v fanout16/X (sky130_fd_sc_hd__clkbuf_8)
                                                         net16 (net)
                      0.097858    0.001181    1.206129 v fanout15/A (sky130_fd_sc_hd__buf_4)
    10    0.066159    0.091708    0.222306    1.428435 v fanout15/X (sky130_fd_sc_hd__buf_4)
                                                         net15 (net)
                      0.091799    0.002669    1.431104 v spi_in.shift_reg[9]_sky130_fd_sc_hd__mux2_1_A0/S (sky130_fd_sc_hd__mux2_1)
     1    0.002990    0.042733    0.211974    1.643078 ^ spi_in.shift_reg[9]_sky130_fd_sc_hd__mux2_1_A0/X (sky130_fd_sc_hd__mux2_1)
                                                         spi_in.shift_reg[9]_sky130_fd_sc_hd__dfrtp_2_Q_D (net)
                      0.042733    0.000087    1.643165 ^ spi_in.shift_reg[9]_sky130_fd_sc_hd__dfrtp_2_Q/D (sky130_fd_sc_hd__dfrtp_1)
                                              1.643165   data arrival time

                                  0.000000    0.000000   clock clk (rise edge)
                                  0.000000    0.000000   clock source latency
     1    0.041337    0.190682    0.135170    0.135170 ^ clk (in)
                                                         clk (net)
                      0.191051    0.000000    0.135170 ^ clkbuf_0_clk/A (sky130_fd_sc_hd__clkbuf_16)
     8    0.135034    0.148108    0.254199    0.389369 ^ clkbuf_0_clk/X (sky130_fd_sc_hd__clkbuf_16)
                                                         clknet_0_clk (net)
                      0.150014    0.013331    0.402700 ^ clkbuf_3_0__f_clk/A (sky130_fd_sc_hd__clkbuf_16)
    10    0.041890    0.062027    0.179810    0.582510 ^ clkbuf_3_0__f_clk/X (sky130_fd_sc_hd__clkbuf_16)
                                                         clknet_3_0__leaf_clk (net)
                      0.062035    0.000736    0.583245 ^ spi_in.shift_reg[9]_sky130_fd_sc_hd__dfrtp_2_Q/CLK (sky130_fd_sc_hd__dfrtp_1)
                                  0.250000    0.833245   clock uncertainty
                                  0.000000    0.833245   clock reconvergence pessimism
                                 -0.031962    0.801283   library hold time
                                              0.801283   data required time
---------------------------------------------------------------------------------------------
                                              0.801283   data required time
                                             -1.643165   data arrival time
---------------------------------------------------------------------------------------------
                                              0.841883   slack (MET)


Startpoint: spi_in.sclk_prev_sky130_fd_sc_hd__dfrtp_2_Q
            (rising edge-triggered flip-flop clocked by clk)
Endpoint: spi_in.shift_reg[12]_sky130_fd_sc_hd__dfrtp_2_Q
          (rising edge-triggered flip-flop clocked by clk)
Path Group: clk
Path Type: min

Fanout         Cap        Slew       Delay        Time   Description
---------------------------------------------------------------------------------------------
                                  0.000000    0.000000   clock clk (rise edge)
                                  0.000000    0.000000   clock source latency
     1    0.041337    0.190682    0.135170    0.135170 ^ clk (in)
                                                         clk (net)
                      0.191051    0.000000    0.135170 ^ clkbuf_0_clk/A (sky130_fd_sc_hd__clkbuf_16)
     8    0.135034    0.148108    0.254199    0.389369 ^ clkbuf_0_clk/X (sky130_fd_sc_hd__clkbuf_16)
                                                         clknet_0_clk (net)
                      0.149617    0.011890    0.401258 ^ clkbuf_3_4__f_clk/A (sky130_fd_sc_hd__clkbuf_16)
    13    0.055819    0.074782    0.189471    0.590730 ^ clkbuf_3_4__f_clk/X (sky130_fd_sc_hd__clkbuf_16)
                                                         clknet_3_4__leaf_clk (net)
                      0.075082    0.003291    0.594021 ^ spi_in.sclk_prev_sky130_fd_sc_hd__dfrtp_2_Q/CLK (sky130_fd_sc_hd__dfrtp_1)
     2    0.005368    0.064622    0.343545    0.937566 ^ spi_in.sclk_prev_sky130_fd_sc_hd__dfrtp_2_Q/Q (sky130_fd_sc_hd__dfrtp_1)
                                                         spi_in.sclk_prev (net)
                      0.064622    0.000145    0.937711 ^ spi_sel_sky130_fd_sc_hd__nor3b_2_A/B (sky130_fd_sc_hd__nor3b_1)
     1    0.009483    0.054882    0.071198    1.008909 v spi_sel_sky130_fd_sc_hd__nor3b_2_A/Y (sky130_fd_sc_hd__nor3b_1)
                                                         spi_sel_sky130_fd_sc_hd__nor3b_2_A_Y (net)
                      0.054911    0.000516    1.009425 v fanout16/A (sky130_fd_sc_hd__clkbuf_8)
     9    0.083755    0.097835    0.195523    1.204948 v fanout16/X (sky130_fd_sc_hd__clkbuf_8)
                                                         net16 (net)
                      0.097858    0.001181    1.206129 v fanout15/A (sky130_fd_sc_hd__buf_4)
    10    0.066159    0.091708    0.222306    1.428435 v fanout15/X (sky130_fd_sc_hd__buf_4)
                                                         net15 (net)
                      0.092075    0.004293    1.432728 v spi_in.shift_reg[12]_sky130_fd_sc_hd__mux2_1_A0/S (sky130_fd_sc_hd__mux2_1)
     1    0.002891    0.041980    0.211355    1.644083 ^ spi_in.shift_reg[12]_sky130_fd_sc_hd__mux2_1_A0/X (sky130_fd_sc_hd__mux2_1)
                                                         spi_in.shift_reg[12]_sky130_fd_sc_hd__dfrtp_2_Q_D (net)
                      0.041980    0.000085    1.644169 ^ spi_in.shift_reg[12]_sky130_fd_sc_hd__dfrtp_2_Q/D (sky130_fd_sc_hd__dfrtp_1)
                                              1.644169   data arrival time

                                  0.000000    0.000000   clock clk (rise edge)
                                  0.000000    0.000000   clock source latency
     1    0.041337    0.190682    0.135170    0.135170 ^ clk (in)
                                                         clk (net)
                      0.191051    0.000000    0.135170 ^ clkbuf_0_clk/A (sky130_fd_sc_hd__clkbuf_16)
     8    0.135034    0.148108    0.254199    0.389369 ^ clkbuf_0_clk/X (sky130_fd_sc_hd__clkbuf_16)
                                                         clknet_0_clk (net)
                      0.150014    0.013331    0.402700 ^ clkbuf_3_0__f_clk/A (sky130_fd_sc_hd__clkbuf_16)
    10    0.041890    0.062027    0.179810    0.582510 ^ clkbuf_3_0__f_clk/X (sky130_fd_sc_hd__clkbuf_16)
                                                         clknet_3_0__leaf_clk (net)
                      0.062040    0.000868    0.583377 ^ spi_in.shift_reg[12]_sky130_fd_sc_hd__dfrtp_2_Q/CLK (sky130_fd_sc_hd__dfrtp_1)
                                  0.250000    0.833377   clock uncertainty
                                  0.000000    0.833377   clock reconvergence pessimism
                                 -0.031804    0.801573   library hold time
                                              0.801573   data required time
---------------------------------------------------------------------------------------------
                                              0.801573   data required time
                                             -1.644169   data arrival time
---------------------------------------------------------------------------------------------
                                              0.842596   slack (MET)


Startpoint: spi_in.shift_reg[4]_sky130_fd_sc_hd__dfrtp_2_Q
            (rising edge-triggered flip-flop clocked by clk)
Endpoint: spi_in.shift_reg[5]_sky130_fd_sc_hd__dfrtp_2_Q
          (rising edge-triggered flip-flop clocked by clk)
Path Group: clk
Path Type: min

Fanout         Cap        Slew       Delay        Time   Description
---------------------------------------------------------------------------------------------
                                  0.000000    0.000000   clock clk (rise edge)
                                  0.000000    0.000000   clock source latency
     1    0.041337    0.190682    0.135170    0.135170 ^ clk (in)
                                                         clk (net)
                      0.191051    0.000000    0.135170 ^ clkbuf_0_clk/A (sky130_fd_sc_hd__clkbuf_16)
     8    0.135034    0.148108    0.254199    0.389369 ^ clkbuf_0_clk/X (sky130_fd_sc_hd__clkbuf_16)
                                                         clknet_0_clk (net)
                      0.149795    0.012557    0.401926 ^ clkbuf_3_5__f_clk/A (sky130_fd_sc_hd__clkbuf_16)
    13    0.053061    0.072094    0.187922    0.589848 ^ clkbuf_3_5__f_clk/X (sky130_fd_sc_hd__clkbuf_16)
                                                         clknet_3_5__leaf_clk (net)
                      0.072128    0.001427    0.591275 ^ spi_in.shift_reg[4]_sky130_fd_sc_hd__dfrtp_2_Q/CLK (sky130_fd_sc_hd__dfrtp_1)
     3    0.012576    0.121388    0.388735    0.980010 ^ spi_in.shift_reg[4]_sky130_fd_sc_hd__dfrtp_2_Q/Q (sky130_fd_sc_hd__dfrtp_1)
                                                         spi_in.shift_reg[4] (net)
                      0.121388    0.000524    0.980534 ^ spi_in.shift_reg[5]_sky130_fd_sc_hd__mux2_1_A0/A1 (sky130_fd_sc_hd__mux2_1)
     1    0.002488    0.038933    0.140673    1.121207 ^ spi_in.shift_reg[5]_sky130_fd_sc_hd__mux2_1_A0/X (sky130_fd_sc_hd__mux2_1)
                                                         spi_in.shift_reg[5]_sky130_fd_sc_hd__dfrtp_2_Q_D (net)
                      0.038933    0.000070    1.121278 ^ hold47/A (sky130_fd_sc_hd__dlygate4sd3_1)
     1    0.002815    0.053035    0.532998    1.654276 ^ hold47/X (sky130_fd_sc_hd__dlygate4sd3_1)
                                                         net82 (net)
                      0.053035    0.000085    1.654361 ^ spi_in.shift_reg[5]_sky130_fd_sc_hd__dfrtp_2_Q/D (sky130_fd_sc_hd__dfrtp_1)
                                              1.654361   data arrival time

                                  0.000000    0.000000   clock clk (rise edge)
                                  0.000000    0.000000   clock source latency
     1    0.041337    0.190682    0.135170    0.135170 ^ clk (in)
                                                         clk (net)
                      0.191051    0.000000    0.135170 ^ clkbuf_0_clk/A (sky130_fd_sc_hd__clkbuf_16)
     8    0.135034    0.148108    0.254199    0.389369 ^ clkbuf_0_clk/X (sky130_fd_sc_hd__clkbuf_16)
                                                         clknet_0_clk (net)
                      0.149795    0.012557    0.401926 ^ clkbuf_3_5__f_clk/A (sky130_fd_sc_hd__clkbuf_16)
    13    0.053061    0.072094    0.187922    0.589848 ^ clkbuf_3_5__f_clk/X (sky130_fd_sc_hd__clkbuf_16)
                                                         clknet_3_5__leaf_clk (net)
                      0.072112    0.001100    0.590948 ^ spi_in.shift_reg[5]_sky130_fd_sc_hd__dfrtp_2_Q/CLK (sky130_fd_sc_hd__dfrtp_1)
                                  0.250000    0.840948   clock uncertainty
                                  0.000000    0.840948   clock reconvergence pessimism
                                 -0.032738    0.808210   library hold time
                                              0.808210   data required time
---------------------------------------------------------------------------------------------
                                              0.808210   data required time
                                             -1.654361   data arrival time
---------------------------------------------------------------------------------------------
                                              0.846150   slack (MET)


Startpoint: filter.x_in[10]_sky130_fd_sc_hd__dfrtp_2_Q
            (rising edge-triggered flip-flop clocked by clk)
Endpoint: filter.x_in[10]_sky130_fd_sc_hd__dfrtp_2_Q
          (rising edge-triggered flip-flop clocked by clk)
Path Group: clk
Path Type: min

Fanout         Cap        Slew       Delay        Time   Description
---------------------------------------------------------------------------------------------
                                  0.000000    0.000000   clock clk (rise edge)
                                  0.000000    0.000000   clock source latency
     1    0.041337    0.190682    0.135170    0.135170 ^ clk (in)
                                                         clk (net)
                      0.191051    0.000000    0.135170 ^ clkbuf_0_clk/A (sky130_fd_sc_hd__clkbuf_16)
     8    0.135034    0.148108    0.254199    0.389369 ^ clkbuf_0_clk/X (sky130_fd_sc_hd__clkbuf_16)
                                                         clknet_0_clk (net)
                      0.150014    0.013331    0.402700 ^ clkbuf_3_0__f_clk/A (sky130_fd_sc_hd__clkbuf_16)
    10    0.041890    0.062027    0.179810    0.582510 ^ clkbuf_3_0__f_clk/X (sky130_fd_sc_hd__clkbuf_16)
                                                         clknet_3_0__leaf_clk (net)
                      0.062036    0.000760    0.583269 ^ filter.x_in[10]_sky130_fd_sc_hd__dfrtp_2_Q/CLK (sky130_fd_sc_hd__dfrtp_1)
     3    0.013521    0.129164    0.390657    0.973926 ^ filter.x_in[10]_sky130_fd_sc_hd__dfrtp_2_Q/Q (sky130_fd_sc_hd__dfrtp_1)
                                                         filter.x_in[10] (net)
                      0.129164    0.000354    0.974280 ^ filter.x_in[10]_sky130_fd_sc_hd__mux2_1_A0/A0 (sky130_fd_sc_hd__mux2_1)
     1    0.002423    0.038454    0.139670    1.113951 ^ filter.x_in[10]_sky130_fd_sc_hd__mux2_1_A0/X (sky130_fd_sc_hd__mux2_1)
                                                         filter.x_in[10]_sky130_fd_sc_hd__dfrtp_2_Q_D (net)
                      0.038454    0.000071    1.114022 ^ hold44/A (sky130_fd_sc_hd__dlygate4sd3_1)
     1    0.002762    0.052576    0.532343    1.646365 ^ hold44/X (sky130_fd_sc_hd__dlygate4sd3_1)
                                                         net79 (net)
                      0.052576    0.000079    1.646444 ^ filter.x_in[10]_sky130_fd_sc_hd__dfrtp_2_Q/D (sky130_fd_sc_hd__dfrtp_1)
                                              1.646444   data arrival time

                                  0.000000    0.000000   clock clk (rise edge)
                                  0.000000    0.000000   clock source latency
     1    0.041337    0.190682    0.135170    0.135170 ^ clk (in)
                                                         clk (net)
                      0.191051    0.000000    0.135170 ^ clkbuf_0_clk/A (sky130_fd_sc_hd__clkbuf_16)
     8    0.135034    0.148108    0.254199    0.389369 ^ clkbuf_0_clk/X (sky130_fd_sc_hd__clkbuf_16)
                                                         clknet_0_clk (net)
                      0.150014    0.013331    0.402700 ^ clkbuf_3_0__f_clk/A (sky130_fd_sc_hd__clkbuf_16)
    10    0.041890    0.062027    0.179810    0.582510 ^ clkbuf_3_0__f_clk/X (sky130_fd_sc_hd__clkbuf_16)
                                                         clknet_3_0__leaf_clk (net)
                      0.062036    0.000760    0.583269 ^ filter.x_in[10]_sky130_fd_sc_hd__dfrtp_2_Q/CLK (sky130_fd_sc_hd__dfrtp_1)
                                  0.250000    0.833269   clock uncertainty
                                  0.000000    0.833269   clock reconvergence pessimism
                                 -0.034021    0.799248   library hold time
                                              0.799248   data required time
---------------------------------------------------------------------------------------------
                                              0.799248   data required time
                                             -1.646444   data arrival time
---------------------------------------------------------------------------------------------
                                              0.847196   slack (MET)


Startpoint: filter.x_in[5]_sky130_fd_sc_hd__dfrtp_2_Q
            (rising edge-triggered flip-flop clocked by clk)
Endpoint: filter.y_out[5]_sky130_fd_sc_hd__dfrtp_2_Q
          (rising edge-triggered flip-flop clocked by clk)
Path Group: clk
Path Type: min

Fanout         Cap        Slew       Delay        Time   Description
---------------------------------------------------------------------------------------------
                                  0.000000    0.000000   clock clk (rise edge)
                                  0.000000    0.000000   clock source latency
     1    0.041337    0.190682    0.135170    0.135170 ^ clk (in)
                                                         clk (net)
                      0.191051    0.000000    0.135170 ^ clkbuf_0_clk/A (sky130_fd_sc_hd__clkbuf_16)
     8    0.135034    0.148108    0.254199    0.389369 ^ clkbuf_0_clk/X (sky130_fd_sc_hd__clkbuf_16)
                                                         clknet_0_clk (net)
                      0.149795    0.012557    0.401926 ^ clkbuf_3_5__f_clk/A (sky130_fd_sc_hd__clkbuf_16)
    13    0.053061    0.072094    0.187922    0.589848 ^ clkbuf_3_5__f_clk/X (sky130_fd_sc_hd__clkbuf_16)
                                                         clknet_3_5__leaf_clk (net)
                      0.072117    0.001213    0.591061 ^ filter.x_in[5]_sky130_fd_sc_hd__dfrtp_2_Q/CLK (sky130_fd_sc_hd__dfrtp_1)
     3    0.007426    0.060650    0.388764    0.979825 v filter.x_in[5]_sky130_fd_sc_hd__dfrtp_2_Q/Q (sky130_fd_sc_hd__dfrtp_1)
                                                         filter.x_in[5] (net)
                      0.060650    0.000148    0.979973 v filter.x_in[5]_sky130_fd_sc_hd__nand2_2_A/A (sky130_fd_sc_hd__nand2_1)
     3    0.011468    0.111751    0.114610    1.094584 ^ filter.x_in[5]_sky130_fd_sc_hd__nand2_2_A/Y (sky130_fd_sc_hd__nand2_1)
                                                         filter.x_in[5]_sky130_fd_sc_hd__nand2_2_A_Y (net)
                      0.111753    0.000390    1.094973 ^ filter.x_in[5]_sky130_fd_sc_hd__nand2_2_A_Y_sky130_fd_sc_hd__xor2_2_A/A (sky130_fd_sc_hd__xor2_1)
     2    0.007353    0.054153    0.101553    1.196526 v filter.x_in[5]_sky130_fd_sc_hd__nand2_2_A_Y_sky130_fd_sc_hd__xor2_2_A/X (sky130_fd_sc_hd__xor2_1)
                                                         filter.x_in[5]_sky130_fd_sc_hd__nand2_2_A_Y_sky130_fd_sc_hd__xor2_2_A_X (net)
                      0.054153    0.000160    1.196687 v filter.x_in[5]_sky130_fd_sc_hd__nand2_2_A_Y_sky130_fd_sc_hd__xor2_2_A_X_sky130_fd_sc_hd__xnor2_2_A/A (sky130_fd_sc_hd__xnor2_1)
     2    0.004765    0.049034    0.134559    1.331246 v filter.x_in[5]_sky130_fd_sc_hd__nand2_2_A_Y_sky130_fd_sc_hd__xor2_2_A_X_sky130_fd_sc_hd__xnor2_2_A/Y (sky130_fd_sc_hd__xnor2_1)
                                                         filter.x_in[5]_sky130_fd_sc_hd__nand2_2_A_Y_sky130_fd_sc_hd__xor2_2_A_X_sky130_fd_sc_hd__xnor2_2_A_Y (net)
                      0.049034    0.000089    1.331335 v filter.x_in[5]_sky130_fd_sc_hd__nand2_2_A_Y_sky130_fd_sc_hd__xor2_2_A_X_sky130_fd_sc_hd__xnor2_2_A_Y_sky130_fd_sc_hd__nand2_2_B/B (sky130_fd_sc_hd__nand2_1)
     3    0.009579    0.095139    0.104964    1.436299 ^ filter.x_in[5]_sky130_fd_sc_hd__nand2_2_A_Y_sky130_fd_sc_hd__xor2_2_A_X_sky130_fd_sc_hd__xnor2_2_A_Y_sky130_fd_sc_hd__nand2_2_B/Y (sky130_fd_sc_hd__nand2_1)
                                                         filter.y_out[5]_sky130_fd_sc_hd__dfrtp_2_Q_D_sky130_fd_sc_hd__xor2_2_X_B_sky130_fd_sc_hd__nand2_2_Y_A_sky130_fd_sc_hd__or2_2_X_A (net)
                      0.095140    0.000248    1.436547 ^ filter.y_out[5]_sky130_fd_sc_hd__dfrtp_2_Q_D_sky130_fd_sc_hd__xor2_2_X_B_sky130_fd_sc_hd__nand2_2_Y_B_sky130_fd_sc_hd__nand2_2_Y/A (sky130_fd_sc_hd__nand2_1)
     1    0.002431    0.029852    0.054505    1.491052 v filter.y_out[5]_sky130_fd_sc_hd__dfrtp_2_Q_D_sky130_fd_sc_hd__xor2_2_X_B_sky130_fd_sc_hd__nand2_2_Y_B_sky130_fd_sc_hd__nand2_2_Y/Y (sky130_fd_sc_hd__nand2_1)
                                                         filter.y_out[5]_sky130_fd_sc_hd__dfrtp_2_Q_D_sky130_fd_sc_hd__xor2_2_X_B_sky130_fd_sc_hd__nand2_2_Y_B (net)
                      0.029852    0.000069    1.491121 v filter.y_out[5]_sky130_fd_sc_hd__dfrtp_2_Q_D_sky130_fd_sc_hd__xor2_2_X_B_sky130_fd_sc_hd__nand2_2_Y/B (sky130_fd_sc_hd__nand2_1)
     2    0.012545    0.122041    0.114378    1.605499 ^ filter.y_out[5]_sky130_fd_sc_hd__dfrtp_2_Q_D_sky130_fd_sc_hd__xor2_2_X_B_sky130_fd_sc_hd__nand2_2_Y/Y (sky130_fd_sc_hd__nand2_1)
                                                         filter.y_out[5]_sky130_fd_sc_hd__dfrtp_2_Q_D_sky130_fd_sc_hd__xor2_2_X_B (net)
                      0.122046    0.000623    1.606121 ^ filter.y_out[5]_sky130_fd_sc_hd__dfrtp_2_Q_D_sky130_fd_sc_hd__xor2_2_X/B (sky130_fd_sc_hd__xor2_1)
     1    0.003440    0.038738    0.082408    1.688529 v filter.y_out[5]_sky130_fd_sc_hd__dfrtp_2_Q_D_sky130_fd_sc_hd__xor2_2_X/X (sky130_fd_sc_hd__xor2_1)
                                                         filter.y_out[5]_sky130_fd_sc_hd__dfrtp_2_Q_D (net)
                      0.038738    0.000110    1.688640 v filter.y_out[5]_sky130_fd_sc_hd__dfrtp_2_Q/D (sky130_fd_sc_hd__dfrtp_4)
                                              1.688640   data arrival time

                                  0.000000    0.000000   clock clk (rise edge)
                                  0.000000    0.000000   clock source latency
     1    0.041337    0.190682    0.135170    0.135170 ^ clk (in)
                                                         clk (net)
                      0.191051    0.000000    0.135170 ^ clkbuf_0_clk/A (sky130_fd_sc_hd__clkbuf_16)
     8    0.135034    0.148108    0.254199    0.389369 ^ clkbuf_0_clk/X (sky130_fd_sc_hd__clkbuf_16)
                                                         clknet_0_clk (net)
                      0.148356    0.005020    0.394388 ^ clkbuf_3_6__f_clk/A (sky130_fd_sc_hd__clkbuf_16)
     9    0.058206    0.076772    0.191067    0.585455 ^ clkbuf_3_6__f_clk/X (sky130_fd_sc_hd__clkbuf_16)
                                                         clknet_3_6__leaf_clk (net)
                      0.076796    0.001328    0.586783 ^ filter.y_out[5]_sky130_fd_sc_hd__dfrtp_2_Q/CLK (sky130_fd_sc_hd__dfrtp_4)
                                  0.250000    0.836783   clock uncertainty
                                  0.000000    0.836783   clock reconvergence pessimism
                                 -0.032250    0.804533   library hold time
                                              0.804533   data required time
---------------------------------------------------------------------------------------------
                                              0.804533   data required time
                                             -1.688640   data arrival time
---------------------------------------------------------------------------------------------
                                              0.884107   slack (MET)


Startpoint: filter.x_in[13]_sky130_fd_sc_hd__dfrtp_2_Q
            (rising edge-triggered flip-flop clocked by clk)
Endpoint: filter.y_out[12]_sky130_fd_sc_hd__dfrtp_2_Q
          (rising edge-triggered flip-flop clocked by clk)
Path Group: clk
Path Type: min

Fanout         Cap        Slew       Delay        Time   Description
---------------------------------------------------------------------------------------------
                                  0.000000    0.000000   clock clk (rise edge)
                                  0.000000    0.000000   clock source latency
     1    0.041337    0.190682    0.135170    0.135170 ^ clk (in)
                                                         clk (net)
                      0.191051    0.000000    0.135170 ^ clkbuf_0_clk/A (sky130_fd_sc_hd__clkbuf_16)
     8    0.135034    0.148108    0.254199    0.389369 ^ clkbuf_0_clk/X (sky130_fd_sc_hd__clkbuf_16)
                                                         clknet_0_clk (net)
                      0.150554    0.015081    0.404449 ^ clkbuf_3_3__f_clk/A (sky130_fd_sc_hd__clkbuf_16)
     6    0.046972    0.066577    0.183586    0.588036 ^ clkbuf_3_3__f_clk/X (sky130_fd_sc_hd__clkbuf_16)
                                                         clknet_3_3__leaf_clk (net)
                      0.066639    0.001757    0.589792 ^ filter.x_in[13]_sky130_fd_sc_hd__dfrtp_2_Q/CLK (sky130_fd_sc_hd__dfrtp_1)
     3    0.010739    0.073610    0.402647    0.992440 v filter.x_in[13]_sky130_fd_sc_hd__dfrtp_2_Q/Q (sky130_fd_sc_hd__dfrtp_1)
                                                         filter.x_in[13] (net)
                      0.073611    0.000431    0.992870 v filter.x_in[13]_sky130_fd_sc_hd__nand2_2_A/A (sky130_fd_sc_hd__nand2_1)
     3    0.009413    0.094283    0.107862    1.100733 ^ filter.x_in[13]_sky130_fd_sc_hd__nand2_2_A/Y (sky130_fd_sc_hd__nand2_1)
                                                         filter.x_in[13]_sky130_fd_sc_hd__nand2_2_A_Y (net)
                      0.094284    0.000204    1.100937 ^ filter.x_in[13]_sky130_fd_sc_hd__nand2_2_A_Y_sky130_fd_sc_hd__nand3_2_B/B (sky130_fd_sc_hd__nand3_1)
     1    0.002394    0.047384    0.076910    1.177847 v filter.x_in[13]_sky130_fd_sc_hd__nand2_2_A_Y_sky130_fd_sc_hd__nand3_2_B/Y (sky130_fd_sc_hd__nand3_1)
                                                         filter.x_in[13]_sky130_fd_sc_hd__nand2_2_A_Y_sky130_fd_sc_hd__nand3_2_B_Y (net)
                      0.047384    0.000047    1.177894 v filter.x_in[13]_sky130_fd_sc_hd__nand2_2_A_Y_sky130_fd_sc_hd__nand3_2_B_Y_sky130_fd_sc_hd__nand2_2_B/B (sky130_fd_sc_hd__nand2_1)
     3    0.014733    0.140871    0.135454    1.313348 ^ filter.x_in[13]_sky130_fd_sc_hd__nand2_2_A_Y_sky130_fd_sc_hd__nand3_2_B_Y_sky130_fd_sc_hd__nand2_2_B/Y (sky130_fd_sc_hd__nand2_1)
                                                         filter.x_in[12]_sky130_fd_sc_hd__a21oi_2_A1_Y_sky130_fd_sc_hd__or3_2_B_C (net)
                      0.140874    0.000545    1.313893 ^ filter.x_in[12]_sky130_fd_sc_hd__a21oi_2_A1_Y_sky130_fd_sc_hd__o21a_2_A2_X_sky130_fd_sc_hd__xnor2_2_B/A (sky130_fd_sc_hd__xnor2_2)
     3    0.012815    0.078533    0.159046    1.472939 ^ filter.x_in[12]_sky130_fd_sc_hd__a21oi_2_A1_Y_sky130_fd_sc_hd__o21a_2_A2_X_sky130_fd_sc_hd__xnor2_2_B/Y (sky130_fd_sc_hd__xnor2_2)
                                                         filter.y_out[12]_sky130_fd_sc_hd__dfrtp_2_Q_D_sky130_fd_sc_hd__xnor2_2_Y_A_sky130_fd_sc_hd__xnor2_2_Y_B (net)
                      0.078533    0.000387    1.473327 ^ filter.y_out[12]_sky130_fd_sc_hd__dfrtp_2_Q_D_sky130_fd_sc_hd__xnor2_2_Y_A_sky130_fd_sc_hd__xnor2_2_Y/B (sky130_fd_sc_hd__xnor2_1)
     2    0.007836    0.068574    0.092658    1.565985 v filter.y_out[12]_sky130_fd_sc_hd__dfrtp_2_Q_D_sky130_fd_sc_hd__xnor2_2_Y_A_sky130_fd_sc_hd__xnor2_2_Y/Y (sky130_fd_sc_hd__xnor2_1)
                                                         filter.y_out[12]_sky130_fd_sc_hd__dfrtp_2_Q_D_sky130_fd_sc_hd__xnor2_2_Y_A (net)
                      0.068574    0.000191    1.566176 v filter.y_out[12]_sky130_fd_sc_hd__dfrtp_2_Q_D_sky130_fd_sc_hd__xnor2_2_Y/A (sky130_fd_sc_hd__xnor2_1)
     1    0.003111    0.034941    0.131427    1.697603 v filter.y_out[12]_sky130_fd_sc_hd__dfrtp_2_Q_D_sky130_fd_sc_hd__xnor2_2_Y/Y (sky130_fd_sc_hd__xnor2_1)
                                                         filter.y_out[12]_sky130_fd_sc_hd__dfrtp_2_Q_D (net)
                      0.034941    0.000088    1.697692 v filter.y_out[12]_sky130_fd_sc_hd__dfrtp_2_Q/D (sky130_fd_sc_hd__dfrtp_4)
                                              1.697692   data arrival time

                                  0.000000    0.000000   clock clk (rise edge)
                                  0.000000    0.000000   clock source latency
     1    0.041337    0.190682    0.135170    0.135170 ^ clk (in)
                                                         clk (net)
                      0.191051    0.000000    0.135170 ^ clkbuf_0_clk/A (sky130_fd_sc_hd__clkbuf_16)
     8    0.135034    0.148108    0.254199    0.389369 ^ clkbuf_0_clk/X (sky130_fd_sc_hd__clkbuf_16)
                                                         clknet_0_clk (net)
                      0.150741    0.015647    0.405016 ^ clkbuf_3_2__f_clk/A (sky130_fd_sc_hd__clkbuf_16)
     9    0.049866    0.069185    0.185749    0.590765 ^ clkbuf_3_2__f_clk/X (sky130_fd_sc_hd__clkbuf_16)
                                                         clknet_3_2__leaf_clk (net)
                      0.069283    0.002247    0.593012 ^ filter.y_out[12]_sky130_fd_sc_hd__dfrtp_2_Q/CLK (sky130_fd_sc_hd__dfrtp_4)
                                  0.250000    0.843012   clock uncertainty
                                  0.000000    0.843012   clock reconvergence pessimism
                                 -0.032425    0.810587   library hold time
                                              0.810587   data required time
---------------------------------------------------------------------------------------------
                                              0.810587   data required time
                                             -1.697692   data arrival time
---------------------------------------------------------------------------------------------
                                              0.887105   slack (MET)


Startpoint: filter.x_in[11]_sky130_fd_sc_hd__dfrtp_2_Q
            (rising edge-triggered flip-flop clocked by clk)
Endpoint: filter.y_out[13]_sky130_fd_sc_hd__dfrtp_2_Q
          (rising edge-triggered flip-flop clocked by clk)
Path Group: clk
Path Type: min

Fanout         Cap        Slew       Delay        Time   Description
---------------------------------------------------------------------------------------------
                                  0.000000    0.000000   clock clk (rise edge)
                                  0.000000    0.000000   clock source latency
     1    0.041337    0.190682    0.135170    0.135170 ^ clk (in)
                                                         clk (net)
                      0.191051    0.000000    0.135170 ^ clkbuf_0_clk/A (sky130_fd_sc_hd__clkbuf_16)
     8    0.135034    0.148108    0.254199    0.389369 ^ clkbuf_0_clk/X (sky130_fd_sc_hd__clkbuf_16)
                                                         clknet_0_clk (net)
                      0.150014    0.013331    0.402700 ^ clkbuf_3_0__f_clk/A (sky130_fd_sc_hd__clkbuf_16)
    10    0.041890    0.062027    0.179810    0.582510 ^ clkbuf_3_0__f_clk/X (sky130_fd_sc_hd__clkbuf_16)
                                                         clknet_3_0__leaf_clk (net)
                      0.062062    0.001288    0.583798 ^ filter.x_in[11]_sky130_fd_sc_hd__dfrtp_2_Q/CLK (sky130_fd_sc_hd__dfrtp_1)
     3    0.011893    0.078570    0.405573    0.989371 v filter.x_in[11]_sky130_fd_sc_hd__dfrtp_2_Q/Q (sky130_fd_sc_hd__dfrtp_1)
                                                         filter.x_in[11] (net)
                      0.078571    0.000466    0.989836 v filter.x_in[11]_sky130_fd_sc_hd__nand2_2_A/A (sky130_fd_sc_hd__nand2_1)
     3    0.011446    0.112108    0.122470    1.112306 ^ filter.x_in[11]_sky130_fd_sc_hd__nand2_2_A/Y (sky130_fd_sc_hd__nand2_1)
                                                         filter.x_in[11]_sky130_fd_sc_hd__nand2_2_A_Y (net)
                      0.112111    0.000476    1.112781 ^ filter.x_in[11]_sky130_fd_sc_hd__nand2_2_A_Y_sky130_fd_sc_hd__a211o_2_A2/A2 (sky130_fd_sc_hd__a211o_1)
     3    0.011741    0.108645    0.186267    1.299049 ^ filter.x_in[11]_sky130_fd_sc_hd__nand2_2_A_Y_sky130_fd_sc_hd__a211o_2_A2/X (sky130_fd_sc_hd__a211o_1)
                                                         filter.x_in[11]_sky130_fd_sc_hd__nand2_2_A_Y_sky130_fd_sc_hd__a211o_2_A2_X (net)
                      0.108645    0.000423    1.299472 ^ filter.x_in[11]_sky130_fd_sc_hd__nand2_2_A_Y_sky130_fd_sc_hd__a211o_2_A2_X_sky130_fd_sc_hd__or2_2_A/A (sky130_fd_sc_hd__or2_1)
     2    0.008388    0.088095    0.147775    1.447247 ^ filter.x_in[11]_sky130_fd_sc_hd__nand2_2_A_Y_sky130_fd_sc_hd__a211o_2_A2_X_sky130_fd_sc_hd__or2_2_A/X (sky130_fd_sc_hd__or2_1)
                                                         filter.y_out[13]_sky130_fd_sc_hd__dfrtp_2_Q_D_sky130_fd_sc_hd__xnor2_2_Y_A_sky130_fd_sc_hd__xnor2_2_Y_A (net)
                      0.088095    0.000308    1.447554 ^ filter.y_out[13]_sky130_fd_sc_hd__dfrtp_2_Q_D_sky130_fd_sc_hd__xnor2_2_Y_A_sky130_fd_sc_hd__xnor2_2_Y/A (sky130_fd_sc_hd__xnor2_1)
     2    0.009908    0.083752    0.115985    1.563540 v filter.y_out[13]_sky130_fd_sc_hd__dfrtp_2_Q_D_sky130_fd_sc_hd__xnor2_2_Y_A_sky130_fd_sc_hd__xnor2_2_Y/Y (sky130_fd_sc_hd__xnor2_1)
                                                         filter.y_out[13]_sky130_fd_sc_hd__dfrtp_2_Q_D_sky130_fd_sc_hd__xnor2_2_Y_A (net)
                      0.083752    0.000178    1.563718 v filter.y_out[13]_sky130_fd_sc_hd__dfrtp_2_Q_D_sky130_fd_sc_hd__xnor2_2_Y/A (sky130_fd_sc_hd__xnor2_1)
     1    0.003819    0.043367    0.142601    1.706319 v filter.y_out[13]_sky130_fd_sc_hd__dfrtp_2_Q_D_sky130_fd_sc_hd__xnor2_2_Y/Y (sky130_fd_sc_hd__xnor2_1)
                                                         filter.y_out[13]_sky130_fd_sc_hd__dfrtp_2_Q_D (net)
                      0.043367    0.000114    1.706433 v filter.y_out[13]_sky130_fd_sc_hd__dfrtp_2_Q/D (sky130_fd_sc_hd__dfrtp_1)
                                              1.706433   data arrival time

                                  0.000000    0.000000   clock clk (rise edge)
                                  0.000000    0.000000   clock source latency
     1    0.041337    0.190682    0.135170    0.135170 ^ clk (in)
                                                         clk (net)
                      0.191051    0.000000    0.135170 ^ clkbuf_0_clk/A (sky130_fd_sc_hd__clkbuf_16)
     8    0.135034    0.148108    0.254199    0.389369 ^ clkbuf_0_clk/X (sky130_fd_sc_hd__clkbuf_16)
                                                         clknet_0_clk (net)
                      0.150741    0.015647    0.405016 ^ clkbuf_3_2__f_clk/A (sky130_fd_sc_hd__clkbuf_16)
     9    0.049866    0.069185    0.185749    0.590765 ^ clkbuf_3_2__f_clk/X (sky130_fd_sc_hd__clkbuf_16)
                                                         clknet_3_2__leaf_clk (net)
                      0.069262    0.002015    0.592780 ^ filter.y_out[13]_sky130_fd_sc_hd__dfrtp_2_Q/CLK (sky130_fd_sc_hd__dfrtp_1)
                                  0.250000    0.842780   clock uncertainty
                                  0.000000    0.842780   clock reconvergence pessimism
                                 -0.039577    0.803203   library hold time
                                              0.803203   data required time
---------------------------------------------------------------------------------------------
                                              0.803203   data required time
                                             -1.706433   data arrival time
---------------------------------------------------------------------------------------------
                                              0.903230   slack (MET)


Startpoint: filter.x_in[13]_sky130_fd_sc_hd__dfrtp_2_Q
            (rising edge-triggered flip-flop clocked by clk)
Endpoint: filter.y_out[14]_sky130_fd_sc_hd__dfrtp_2_Q
          (rising edge-triggered flip-flop clocked by clk)
Path Group: clk
Path Type: min

Fanout         Cap        Slew       Delay        Time   Description
---------------------------------------------------------------------------------------------
                                  0.000000    0.000000   clock clk (rise edge)
                                  0.000000    0.000000   clock source latency
     1    0.041337    0.190682    0.135170    0.135170 ^ clk (in)
                                                         clk (net)
                      0.191051    0.000000    0.135170 ^ clkbuf_0_clk/A (sky130_fd_sc_hd__clkbuf_16)
     8    0.135034    0.148108    0.254199    0.389369 ^ clkbuf_0_clk/X (sky130_fd_sc_hd__clkbuf_16)
                                                         clknet_0_clk (net)
                      0.150554    0.015081    0.404449 ^ clkbuf_3_3__f_clk/A (sky130_fd_sc_hd__clkbuf_16)
     6    0.046972    0.066577    0.183586    0.588036 ^ clkbuf_3_3__f_clk/X (sky130_fd_sc_hd__clkbuf_16)
                                                         clknet_3_3__leaf_clk (net)
                      0.066639    0.001757    0.589792 ^ filter.x_in[13]_sky130_fd_sc_hd__dfrtp_2_Q/CLK (sky130_fd_sc_hd__dfrtp_1)
     3    0.011110    0.109388    0.377838    0.967630 ^ filter.x_in[13]_sky130_fd_sc_hd__dfrtp_2_Q/Q (sky130_fd_sc_hd__dfrtp_1)
                                                         filter.x_in[13] (net)
                      0.109388    0.000448    0.968078 ^ filter.x_in[13]_sky130_fd_sc_hd__nand2_2_A/A (sky130_fd_sc_hd__nand2_1)
     3    0.008835    0.070186    0.097490    1.065568 v filter.x_in[13]_sky130_fd_sc_hd__nand2_2_A/Y (sky130_fd_sc_hd__nand2_1)
                                                         filter.x_in[13]_sky130_fd_sc_hd__nand2_2_A_Y (net)
                      0.070186    0.000112    1.065680 v filter.x_in[13]_sky130_fd_sc_hd__or2_2_A_X_sky130_fd_sc_hd__nand2_2_A/B (sky130_fd_sc_hd__nand2_1)
     3    0.012814    0.123340    0.134133    1.199814 ^ filter.x_in[13]_sky130_fd_sc_hd__or2_2_A_X_sky130_fd_sc_hd__nand2_2_A/Y (sky130_fd_sc_hd__nand2_1)
                                                         filter.x_in[13]_sky130_fd_sc_hd__or2_2_A_X_sky130_fd_sc_hd__nand2_2_A_Y (net)
                      0.123341    0.000406    1.200219 ^ filter.x_in[12]_sky130_fd_sc_hd__a21oi_2_A1_Y_sky130_fd_sc_hd__or3_2_B/A (sky130_fd_sc_hd__or3_1)
     2    0.007394    0.076989    0.152461    1.352680 ^ filter.x_in[12]_sky130_fd_sc_hd__a21oi_2_A1_Y_sky130_fd_sc_hd__or3_2_B/X (sky130_fd_sc_hd__or3_1)
                                                         filter.x_in[12]_sky130_fd_sc_hd__a21oi_2_A1_Y_sky130_fd_sc_hd__or3_2_B_X (net)
                      0.076989    0.000176    1.352856 ^ filter.x_in[12]_sky130_fd_sc_hd__a21oi_2_A1_Y_sky130_fd_sc_hd__or3_2_B_X_sky130_fd_sc_hd__nand2b_2_A_N/A_N (sky130_fd_sc_hd__nand2b_1)
     2    0.009650    0.110249    0.151022    1.503878 ^ filter.x_in[12]_sky130_fd_sc_hd__a21oi_2_A1_Y_sky130_fd_sc_hd__or3_2_B_X_sky130_fd_sc_hd__nand2b_2_A_N/Y (sky130_fd_sc_hd__nand2b_1)
                                                         filter.y_out[15]_sky130_fd_sc_hd__dfrtp_2_Q_D_sky130_fd_sc_hd__and3_2_X_C_sky130_fd_sc_hd__a21o_2_X_A1 (net)
                      0.110250    0.000357    1.504235 ^ filter.y_out[14]_sky130_fd_sc_hd__dfrtp_2_Q_D_sky130_fd_sc_hd__xnor2_2_Y_A_sky130_fd_sc_hd__xnor2_2_Y/A (sky130_fd_sc_hd__xnor2_1)
     2    0.008226    0.072328    0.113095    1.617330 v filter.y_out[14]_sky130_fd_sc_hd__dfrtp_2_Q_D_sky130_fd_sc_hd__xnor2_2_Y_A_sky130_fd_sc_hd__xnor2_2_Y/Y (sky130_fd_sc_hd__xnor2_1)
                                                         filter.y_out[14]_sky130_fd_sc_hd__dfrtp_2_Q_D_sky130_fd_sc_hd__xnor2_2_Y_A (net)
                      0.072328    0.000250    1.617580 v filter.y_out[14]_sky130_fd_sc_hd__dfrtp_2_Q_D_sky130_fd_sc_hd__xnor2_2_Y/A (sky130_fd_sc_hd__xnor2_1)
     1    0.003799    0.043232    0.137225    1.754805 v filter.y_out[14]_sky130_fd_sc_hd__dfrtp_2_Q_D_sky130_fd_sc_hd__xnor2_2_Y/Y (sky130_fd_sc_hd__xnor2_1)
                                                         filter.y_out[14]_sky130_fd_sc_hd__dfrtp_2_Q_D (net)
                      0.043232    0.000095    1.754899 v filter.y_out[14]_sky130_fd_sc_hd__dfrtp_2_Q/D (sky130_fd_sc_hd__dfrtp_4)
                                              1.754899   data arrival time

                                  0.000000    0.000000   clock clk (rise edge)
                                  0.000000    0.000000   clock source latency
     1    0.041337    0.190682    0.135170    0.135170 ^ clk (in)
                                                         clk (net)
                      0.191051    0.000000    0.135170 ^ clkbuf_0_clk/A (sky130_fd_sc_hd__clkbuf_16)
     8    0.135034    0.148108    0.254199    0.389369 ^ clkbuf_0_clk/X (sky130_fd_sc_hd__clkbuf_16)
                                                         clknet_0_clk (net)
                      0.150741    0.015647    0.405016 ^ clkbuf_3_2__f_clk/A (sky130_fd_sc_hd__clkbuf_16)
     9    0.049866    0.069185    0.185749    0.590765 ^ clkbuf_3_2__f_clk/X (sky130_fd_sc_hd__clkbuf_16)
                                                         clknet_3_2__leaf_clk (net)
                      0.069250    0.001879    0.592643 ^ filter.y_out[14]_sky130_fd_sc_hd__dfrtp_2_Q/CLK (sky130_fd_sc_hd__dfrtp_4)
                                  0.250000    0.842643   clock uncertainty
                                  0.000000    0.842643   clock reconvergence pessimism
                                 -0.035789    0.806854   library hold time
                                              0.806854   data required time
---------------------------------------------------------------------------------------------
                                              0.806854   data required time
                                             -1.754899   data arrival time
---------------------------------------------------------------------------------------------
                                              0.948045   slack (MET)


Startpoint: filter.x_in[10]_sky130_fd_sc_hd__dfrtp_2_Q
            (rising edge-triggered flip-flop clocked by clk)
Endpoint: filter.y_out[11]_sky130_fd_sc_hd__dfrtp_2_Q
          (rising edge-triggered flip-flop clocked by clk)
Path Group: clk
Path Type: min

Fanout         Cap        Slew       Delay        Time   Description
---------------------------------------------------------------------------------------------
                                  0.000000    0.000000   clock clk (rise edge)
                                  0.000000    0.000000   clock source latency
     1    0.041337    0.190682    0.135170    0.135170 ^ clk (in)
                                                         clk (net)
                      0.191051    0.000000    0.135170 ^ clkbuf_0_clk/A (sky130_fd_sc_hd__clkbuf_16)
     8    0.135034    0.148108    0.254199    0.389369 ^ clkbuf_0_clk/X (sky130_fd_sc_hd__clkbuf_16)
                                                         clknet_0_clk (net)
                      0.150014    0.013331    0.402700 ^ clkbuf_3_0__f_clk/A (sky130_fd_sc_hd__clkbuf_16)
    10    0.041890    0.062027    0.179810    0.582510 ^ clkbuf_3_0__f_clk/X (sky130_fd_sc_hd__clkbuf_16)
                                                         clknet_3_0__leaf_clk (net)
                      0.062036    0.000760    0.583269 ^ filter.x_in[10]_sky130_fd_sc_hd__dfrtp_2_Q/CLK (sky130_fd_sc_hd__dfrtp_1)
     3    0.013150    0.084077    0.410591    0.993860 v filter.x_in[10]_sky130_fd_sc_hd__dfrtp_2_Q/Q (sky130_fd_sc_hd__dfrtp_1)
                                                         filter.x_in[10] (net)
                      0.084079    0.000577    0.994437 v filter.x_in[10]_sky130_fd_sc_hd__nand2_2_A/A (sky130_fd_sc_hd__nand2_1)
     3    0.009760    0.097642    0.114639    1.109076 ^ filter.x_in[10]_sky130_fd_sc_hd__nand2_2_A/Y (sky130_fd_sc_hd__nand2_1)
                                                         filter.x_in[10]_sky130_fd_sc_hd__nand2_2_A_Y (net)
                      0.097674    0.000253    1.109329 ^ filter.x_in[11]_sky130_fd_sc_hd__xnor2_2_A_Y_sky130_fd_sc_hd__nand3_2_C/B (sky130_fd_sc_hd__nand3_1)
     1    0.002967    0.052934    0.082433    1.191761 v filter.x_in[11]_sky130_fd_sc_hd__xnor2_2_A_Y_sky130_fd_sc_hd__nand3_2_C/Y (sky130_fd_sc_hd__nand3_1)
                                                         filter.x_in[11]_sky130_fd_sc_hd__xnor2_2_A_Y_sky130_fd_sc_hd__nand3_2_C_Y (net)
                      0.052934    0.000066    1.191828 v filter.x_in[11]_sky130_fd_sc_hd__xnor2_2_A_Y_sky130_fd_sc_hd__nand3_2_C_Y_sky130_fd_sc_hd__nand2_2_B/B (sky130_fd_sc_hd__nand2_1)
     3    0.012585    0.121474    0.124915    1.316743 ^ filter.x_in[11]_sky130_fd_sc_hd__xnor2_2_A_Y_sky130_fd_sc_hd__nand3_2_C_Y_sky130_fd_sc_hd__nand2_2_B/Y (sky130_fd_sc_hd__nand2_1)
                                                         filter.x_in[11]_sky130_fd_sc_hd__xnor2_2_A_Y_sky130_fd_sc_hd__nand3_2_C_Y_sky130_fd_sc_hd__nand2_2_B_Y (net)
                      0.121475    0.000297    1.317039 ^ filter.x_in[9]_sky130_fd_sc_hd__a21o_2_A1_X_sky130_fd_sc_hd__nand2b_2_B_Y_sky130_fd_sc_hd__or3_2_A/B (sky130_fd_sc_hd__or3_2)
     4    0.023600    0.122917    0.200474    1.517513 ^ filter.x_in[9]_sky130_fd_sc_hd__a21o_2_A1_X_sky130_fd_sc_hd__nand2b_2_B_Y_sky130_fd_sc_hd__or3_2_A/X (sky130_fd_sc_hd__or3_2)
                                                         filter.x_in[9]_sky130_fd_sc_hd__a21o_2_A1_X_sky130_fd_sc_hd__nand2b_2_B_Y_sky130_fd_sc_hd__or3_2_A_X (net)
                      0.122939    0.001649    1.519162 ^ filter.y_out[11]_sky130_fd_sc_hd__dfrtp_2_Q_D_sky130_fd_sc_hd__xnor2_2_Y_A_sky130_fd_sc_hd__xor2_2_X/A (sky130_fd_sc_hd__xor2_2)
     3    0.012696    0.053674    0.109686    1.628849 v filter.y_out[11]_sky130_fd_sc_hd__dfrtp_2_Q_D_sky130_fd_sc_hd__xnor2_2_Y_A_sky130_fd_sc_hd__xor2_2_X/X (sky130_fd_sc_hd__xor2_2)
                                                         filter.y_out[11]_sky130_fd_sc_hd__dfrtp_2_Q_D_sky130_fd_sc_hd__xnor2_2_Y_A (net)
                      0.053676    0.000427    1.629275 v filter.y_out[11]_sky130_fd_sc_hd__dfrtp_2_Q_D_sky130_fd_sc_hd__xnor2_2_Y/A (sky130_fd_sc_hd__xnor2_1)
     1    0.003632    0.042144    0.127646    1.756921 v filter.y_out[11]_sky130_fd_sc_hd__dfrtp_2_Q_D_sky130_fd_sc_hd__xnor2_2_Y/Y (sky130_fd_sc_hd__xnor2_1)
                                                         filter.y_out[11]_sky130_fd_sc_hd__dfrtp_2_Q_D (net)
                      0.042144    0.000088    1.757009 v filter.y_out[11]_sky130_fd_sc_hd__dfrtp_2_Q/D (sky130_fd_sc_hd__dfrtp_2)
                                              1.757009   data arrival time

                                  0.000000    0.000000   clock clk (rise edge)
                                  0.000000    0.000000   clock source latency
     1    0.041337    0.190682    0.135170    0.135170 ^ clk (in)
                                                         clk (net)
                      0.191051    0.000000    0.135170 ^ clkbuf_0_clk/A (sky130_fd_sc_hd__clkbuf_16)
     8    0.135034    0.148108    0.254199    0.389369 ^ clkbuf_0_clk/X (sky130_fd_sc_hd__clkbuf_16)
                                                         clknet_0_clk (net)
                      0.150741    0.015647    0.405016 ^ clkbuf_3_2__f_clk/A (sky130_fd_sc_hd__clkbuf_16)
     9    0.049866    0.069185    0.185749    0.590765 ^ clkbuf_3_2__f_clk/X (sky130_fd_sc_hd__clkbuf_16)
                                                         clknet_3_2__leaf_clk (net)
                      0.069294    0.002356    0.593120 ^ filter.y_out[11]_sky130_fd_sc_hd__dfrtp_2_Q/CLK (sky130_fd_sc_hd__dfrtp_2)
                                  0.250000    0.843120   clock uncertainty
                                  0.000000    0.843120   clock reconvergence pessimism
                                 -0.035409    0.807711   library hold time
                                              0.807711   data required time
---------------------------------------------------------------------------------------------
                                              0.807711   data required time
                                             -1.757009   data arrival time
---------------------------------------------------------------------------------------------
                                              0.949298   slack (MET)


Startpoint: filter.x_in[11]_sky130_fd_sc_hd__dfrtp_2_Q
            (rising edge-triggered flip-flop clocked by clk)
Endpoint: filter.y_out[10]_sky130_fd_sc_hd__dfrtp_2_Q
          (rising edge-triggered flip-flop clocked by clk)
Path Group: clk
Path Type: min

Fanout         Cap        Slew       Delay        Time   Description
---------------------------------------------------------------------------------------------
                                  0.000000    0.000000   clock clk (rise edge)
                                  0.000000    0.000000   clock source latency
     1    0.041337    0.190682    0.135170    0.135170 ^ clk (in)
                                                         clk (net)
                      0.191051    0.000000    0.135170 ^ clkbuf_0_clk/A (sky130_fd_sc_hd__clkbuf_16)
     8    0.135034    0.148108    0.254199    0.389369 ^ clkbuf_0_clk/X (sky130_fd_sc_hd__clkbuf_16)
                                                         clknet_0_clk (net)
                      0.150014    0.013331    0.402700 ^ clkbuf_3_0__f_clk/A (sky130_fd_sc_hd__clkbuf_16)
    10    0.041890    0.062027    0.179810    0.582510 ^ clkbuf_3_0__f_clk/X (sky130_fd_sc_hd__clkbuf_16)
                                                         clknet_3_0__leaf_clk (net)
                      0.062062    0.001288    0.583798 ^ filter.x_in[11]_sky130_fd_sc_hd__dfrtp_2_Q/CLK (sky130_fd_sc_hd__dfrtp_1)
     3    0.012517    0.120920    0.384620    0.968418 ^ filter.x_in[11]_sky130_fd_sc_hd__dfrtp_2_Q/Q (sky130_fd_sc_hd__dfrtp_1)
                                                         filter.x_in[11] (net)
                      0.120920    0.000461    0.968879 ^ filter.x_in[11]_sky130_fd_sc_hd__xnor2_2_A/A (sky130_fd_sc_hd__xnor2_1)
     2    0.006092    0.082261    0.151843    1.120722 ^ filter.x_in[11]_sky130_fd_sc_hd__xnor2_2_A/Y (sky130_fd_sc_hd__xnor2_1)
                                                         filter.x_in[11]_sky130_fd_sc_hd__xnor2_2_A_Y (net)
                      0.082261    0.000161    1.120883 ^ filter.x_in[11]_sky130_fd_sc_hd__xnor2_2_A_Y_sky130_fd_sc_hd__a21o_2_B1/B1 (sky130_fd_sc_hd__a21o_1)
     3    0.010083    0.093733    0.129594    1.250477 ^ filter.x_in[11]_sky130_fd_sc_hd__xnor2_2_A_Y_sky130_fd_sc_hd__a21o_2_B1/X (sky130_fd_sc_hd__a21o_1)
                                                         filter.x_in[11]_sky130_fd_sc_hd__xnor2_2_A_Y_sky130_fd_sc_hd__a21o_2_B1_X (net)
                      0.093733    0.000230    1.250707 ^ filter.x_in[9]_sky130_fd_sc_hd__a21o_2_A1_X_sky130_fd_sc_hd__nand2b_2_B_Y_sky130_fd_sc_hd__o211a_2_A1/C1 (sky130_fd_sc_hd__o211a_1)
     1    0.002020    0.035019    0.136616    1.387323 ^ filter.x_in[9]_sky130_fd_sc_hd__a21o_2_A1_X_sky130_fd_sc_hd__nand2b_2_B_Y_sky130_fd_sc_hd__o211a_2_A1/X (sky130_fd_sc_hd__o211a_1)
                                                         filter.x_in[9]_sky130_fd_sc_hd__a21o_2_A1_X_sky130_fd_sc_hd__nand2b_2_B_Y_sky130_fd_sc_hd__o211a_2_A1_X (net)
                      0.035019    0.000040    1.387364 ^ filter.y_out[10]_sky130_fd_sc_hd__dfrtp_2_Q_D_sky130_fd_sc_hd__xor2_2_X_B_sky130_fd_sc_hd__xnor2_2_Y_B_sky130_fd_sc_hd__nand3b_2_Y/A_N (sky130_fd_sc_hd__nand3b_1)
     2    0.008861    0.103574    0.132462    1.519826 ^ filter.y_out[10]_sky130_fd_sc_hd__dfrtp_2_Q_D_sky130_fd_sc_hd__xor2_2_X_B_sky130_fd_sc_hd__xnor2_2_Y_B_sky130_fd_sc_hd__nand3b_2_Y/Y (sky130_fd_sc_hd__nand3b_1)
                                                         filter.y_out[10]_sky130_fd_sc_hd__dfrtp_2_Q_D_sky130_fd_sc_hd__xor2_2_X_B_sky130_fd_sc_hd__xnor2_2_Y_B (net)
                      0.103574    0.000288    1.520113 ^ filter.y_out[10]_sky130_fd_sc_hd__dfrtp_2_Q_D_sky130_fd_sc_hd__xor2_2_X_B_sky130_fd_sc_hd__xnor2_2_Y/B (sky130_fd_sc_hd__xnor2_1)
     2    0.007697    0.099115    0.159456    1.679569 ^ filter.y_out[10]_sky130_fd_sc_hd__dfrtp_2_Q_D_sky130_fd_sc_hd__xor2_2_X_B_sky130_fd_sc_hd__xnor2_2_Y/Y (sky130_fd_sc_hd__xnor2_1)
                                                         filter.y_out[10]_sky130_fd_sc_hd__dfrtp_2_Q_D_sky130_fd_sc_hd__xor2_2_X_B (net)
                      0.099115    0.000216    1.679785 ^ filter.y_out[10]_sky130_fd_sc_hd__dfrtp_2_Q_D_sky130_fd_sc_hd__xor2_2_X/B (sky130_fd_sc_hd__xor2_1)
     1    0.003227    0.037883    0.073917    1.753702 v filter.y_out[10]_sky130_fd_sc_hd__dfrtp_2_Q_D_sky130_fd_sc_hd__xor2_2_X/X (sky130_fd_sc_hd__xor2_1)
                                                         filter.y_out[10]_sky130_fd_sc_hd__dfrtp_2_Q_D (net)
                      0.037883    0.000103    1.753805 v filter.y_out[10]_sky130_fd_sc_hd__dfrtp_2_Q/D (sky130_fd_sc_hd__dfrtp_1)
                                              1.753805   data arrival time

                                  0.000000    0.000000   clock clk (rise edge)
                                  0.000000    0.000000   clock source latency
     1    0.041337    0.190682    0.135170    0.135170 ^ clk (in)
                                                         clk (net)
                      0.191051    0.000000    0.135170 ^ clkbuf_0_clk/A (sky130_fd_sc_hd__clkbuf_16)
     8    0.135034    0.148108    0.254199    0.389369 ^ clkbuf_0_clk/X (sky130_fd_sc_hd__clkbuf_16)
                                                         clknet_0_clk (net)
                      0.150554    0.015081    0.404449 ^ clkbuf_3_3__f_clk/A (sky130_fd_sc_hd__clkbuf_16)
     6    0.046972    0.066577    0.183586    0.588036 ^ clkbuf_3_3__f_clk/X (sky130_fd_sc_hd__clkbuf_16)
                                                         clknet_3_3__leaf_clk (net)
                      0.066599    0.001152    0.589188 ^ filter.y_out[10]_sky130_fd_sc_hd__dfrtp_2_Q/CLK (sky130_fd_sc_hd__dfrtp_1)
                                  0.250000    0.839188   clock uncertainty
                                  0.000000    0.839188   clock reconvergence pessimism
                                 -0.037952    0.801236   library hold time
                                              0.801236   data required time
---------------------------------------------------------------------------------------------
                                              0.801236   data required time
                                             -1.753805   data arrival time
---------------------------------------------------------------------------------------------
                                              0.952569   slack (MET)


Startpoint: filter.x_in[5]_sky130_fd_sc_hd__dfrtp_2_Q
            (rising edge-triggered flip-flop clocked by clk)
Endpoint: filter.y_out[6]_sky130_fd_sc_hd__dfrtp_2_Q
          (rising edge-triggered flip-flop clocked by clk)
Path Group: clk
Path Type: min

Fanout         Cap        Slew       Delay        Time   Description
---------------------------------------------------------------------------------------------
                                  0.000000    0.000000   clock clk (rise edge)
                                  0.000000    0.000000   clock source latency
     1    0.041337    0.190682    0.135170    0.135170 ^ clk (in)
                                                         clk (net)
                      0.191051    0.000000    0.135170 ^ clkbuf_0_clk/A (sky130_fd_sc_hd__clkbuf_16)
     8    0.135034    0.148108    0.254199    0.389369 ^ clkbuf_0_clk/X (sky130_fd_sc_hd__clkbuf_16)
                                                         clknet_0_clk (net)
                      0.149795    0.012557    0.401926 ^ clkbuf_3_5__f_clk/A (sky130_fd_sc_hd__clkbuf_16)
    13    0.053061    0.072094    0.187922    0.589848 ^ clkbuf_3_5__f_clk/X (sky130_fd_sc_hd__clkbuf_16)
                                                         clknet_3_5__leaf_clk (net)
                      0.072117    0.001213    0.591061 ^ filter.x_in[5]_sky130_fd_sc_hd__dfrtp_2_Q/CLK (sky130_fd_sc_hd__dfrtp_1)
     3    0.007426    0.060650    0.388764    0.979825 v filter.x_in[5]_sky130_fd_sc_hd__dfrtp_2_Q/Q (sky130_fd_sc_hd__dfrtp_1)
                                                         filter.x_in[5] (net)
                      0.060650    0.000148    0.979973 v filter.x_in[5]_sky130_fd_sc_hd__nand2_2_A/A (sky130_fd_sc_hd__nand2_1)
     3    0.011468    0.111751    0.114610    1.094584 ^ filter.x_in[5]_sky130_fd_sc_hd__nand2_2_A/Y (sky130_fd_sc_hd__nand2_1)
                                                         filter.x_in[5]_sky130_fd_sc_hd__nand2_2_A_Y (net)
                      0.111753    0.000390    1.094973 ^ filter.x_in[5]_sky130_fd_sc_hd__nand2_2_A_Y_sky130_fd_sc_hd__xor2_2_A/A (sky130_fd_sc_hd__xor2_1)
     2    0.007353    0.054153    0.101553    1.196526 v filter.x_in[5]_sky130_fd_sc_hd__nand2_2_A_Y_sky130_fd_sc_hd__xor2_2_A/X (sky130_fd_sc_hd__xor2_1)
                                                         filter.x_in[5]_sky130_fd_sc_hd__nand2_2_A_Y_sky130_fd_sc_hd__xor2_2_A_X (net)
                      0.054153    0.000148    1.196675 v filter.x_in[5]_sky130_fd_sc_hd__nand2_2_A_Y_sky130_fd_sc_hd__xor2_2_A_X_sky130_fd_sc_hd__and2b_2_B/B (sky130_fd_sc_hd__and2b_1)
     2    0.008661    0.058057    0.182322    1.378997 v filter.x_in[5]_sky130_fd_sc_hd__nand2_2_A_Y_sky130_fd_sc_hd__xor2_2_A_X_sky130_fd_sc_hd__and2b_2_B/X (sky130_fd_sc_hd__and2b_1)
                                                         filter.x_in[5]_sky130_fd_sc_hd__nand2_2_A_Y_sky130_fd_sc_hd__xor2_2_A_X_sky130_fd_sc_hd__and2b_2_B_X (net)
                      0.058057    0.000232    1.379229 v filter.y_out[6]_sky130_fd_sc_hd__dfrtp_2_Q_D_sky130_fd_sc_hd__xnor2_2_Y_B_sky130_fd_sc_hd__xnor2_2_Y_A_sky130_fd_sc_hd__nand2_2_Y/A (sky130_fd_sc_hd__nand2_1)
     2    0.018599    0.174162    0.156710    1.535939 ^ filter.y_out[6]_sky130_fd_sc_hd__dfrtp_2_Q_D_sky130_fd_sc_hd__xnor2_2_Y_B_sky130_fd_sc_hd__xnor2_2_Y_A_sky130_fd_sc_hd__nand2_2_Y/Y (sky130_fd_sc_hd__nand2_1)
                                                         filter.y_out[6]_sky130_fd_sc_hd__dfrtp_2_Q_D_sky130_fd_sc_hd__xnor2_2_Y_B_sky130_fd_sc_hd__xnor2_2_Y_A (net)
                      0.174176    0.001271    1.537210 ^ filter.y_out[6]_sky130_fd_sc_hd__dfrtp_2_Q_D_sky130_fd_sc_hd__xnor2_2_Y_B_sky130_fd_sc_hd__xnor2_2_Y/A (sky130_fd_sc_hd__xnor2_2)
     3    0.014097    0.084776    0.169667    1.706877 ^ filter.y_out[6]_sky130_fd_sc_hd__dfrtp_2_Q_D_sky130_fd_sc_hd__xnor2_2_Y_B_sky130_fd_sc_hd__xnor2_2_Y/Y (sky130_fd_sc_hd__xnor2_2)
                                                         filter.y_out[6]_sky130_fd_sc_hd__dfrtp_2_Q_D_sky130_fd_sc_hd__xnor2_2_Y_B (net)
                      0.084776    0.000302    1.707178 ^ filter.y_out[6]_sky130_fd_sc_hd__dfrtp_2_Q_D_sky130_fd_sc_hd__xnor2_2_Y/B (sky130_fd_sc_hd__xnor2_1)
     1    0.003581    0.041012    0.070594    1.777773 v filter.y_out[6]_sky130_fd_sc_hd__dfrtp_2_Q_D_sky130_fd_sc_hd__xnor2_2_Y/Y (sky130_fd_sc_hd__xnor2_1)
                                                         filter.y_out[6]_sky130_fd_sc_hd__dfrtp_2_Q_D (net)
                      0.041012    0.000108    1.777881 v filter.y_out[6]_sky130_fd_sc_hd__dfrtp_2_Q/D (sky130_fd_sc_hd__dfrtp_1)
                                              1.777881   data arrival time

                                  0.000000    0.000000   clock clk (rise edge)
                                  0.000000    0.000000   clock source latency
     1    0.041337    0.190682    0.135170    0.135170 ^ clk (in)
                                                         clk (net)
                      0.191051    0.000000    0.135170 ^ clkbuf_0_clk/A (sky130_fd_sc_hd__clkbuf_16)
     8    0.135034    0.148108    0.254199    0.389369 ^ clkbuf_0_clk/X (sky130_fd_sc_hd__clkbuf_16)
                                                         clknet_0_clk (net)
                      0.148356    0.005020    0.394388 ^ clkbuf_3_6__f_clk/A (sky130_fd_sc_hd__clkbuf_16)
     9    0.058206    0.076772    0.191067    0.585455 ^ clkbuf_3_6__f_clk/X (sky130_fd_sc_hd__clkbuf_16)
                                                         clknet_3_6__leaf_clk (net)
                      0.076857    0.002247    0.587702 ^ filter.y_out[6]_sky130_fd_sc_hd__dfrtp_2_Q/CLK (sky130_fd_sc_hd__dfrtp_1)
                                  0.250000    0.837702   clock uncertainty
                                  0.000000    0.837702   clock reconvergence pessimism
                                 -0.036886    0.800816   library hold time
                                              0.800816   data required time
---------------------------------------------------------------------------------------------
                                              0.800816   data required time
                                             -1.777881   data arrival time
---------------------------------------------------------------------------------------------
                                              0.977064   slack (MET)


Startpoint: filter.x_in[7]_sky130_fd_sc_hd__dfrtp_2_Q
            (rising edge-triggered flip-flop clocked by clk)
Endpoint: filter.y_out[8]_sky130_fd_sc_hd__dfrtp_2_Q
          (rising edge-triggered flip-flop clocked by clk)
Path Group: clk
Path Type: min

Fanout         Cap        Slew       Delay        Time   Description
---------------------------------------------------------------------------------------------
                                  0.000000    0.000000   clock clk (rise edge)
                                  0.000000    0.000000   clock source latency
     1    0.041337    0.190682    0.135170    0.135170 ^ clk (in)
                                                         clk (net)
                      0.191051    0.000000    0.135170 ^ clkbuf_0_clk/A (sky130_fd_sc_hd__clkbuf_16)
     8    0.135034    0.148108    0.254199    0.389369 ^ clkbuf_0_clk/X (sky130_fd_sc_hd__clkbuf_16)
                                                         clknet_0_clk (net)
                      0.149617    0.011890    0.401258 ^ clkbuf_3_4__f_clk/A (sky130_fd_sc_hd__clkbuf_16)
    13    0.055819    0.074782    0.189471    0.590730 ^ clkbuf_3_4__f_clk/X (sky130_fd_sc_hd__clkbuf_16)
                                                         clknet_3_4__leaf_clk (net)
                      0.074979    0.002472    0.593202 ^ filter.x_in[7]_sky130_fd_sc_hd__dfrtp_2_Q/CLK (sky130_fd_sc_hd__dfrtp_1)
     3    0.011075    0.109109    0.380687    0.973889 ^ filter.x_in[7]_sky130_fd_sc_hd__dfrtp_2_Q/Q (sky130_fd_sc_hd__dfrtp_1)
                                                         filter.x_in[7] (net)
                      0.109109    0.000466    0.974355 ^ filter.x_in[7]_sky130_fd_sc_hd__and2_2_A/A (sky130_fd_sc_hd__and2_1)
     3    0.011861    0.126218    0.193641    1.167996 ^ filter.x_in[7]_sky130_fd_sc_hd__and2_2_A/X (sky130_fd_sc_hd__and2_1)
                                                         filter.x_in[7]_sky130_fd_sc_hd__and2_2_A_X (net)
                      0.126218    0.000376    1.168372 ^ filter.x_in[7]_sky130_fd_sc_hd__and2_2_A_X_sky130_fd_sc_hd__xnor2_2_A/A (sky130_fd_sc_hd__xnor2_1)
     2    0.010537    0.129205    0.186727    1.355100 ^ filter.x_in[7]_sky130_fd_sc_hd__and2_2_A_X_sky130_fd_sc_hd__xnor2_2_A/Y (sky130_fd_sc_hd__xnor2_1)
                                                         filter.x_in[7]_sky130_fd_sc_hd__and2_2_A_X_sky130_fd_sc_hd__xnor2_2_A_Y (net)
                      0.129205    0.000297    1.355397 ^ filter.x_in[7]_sky130_fd_sc_hd__and2_2_A_X_sky130_fd_sc_hd__xnor2_2_A_Y_sky130_fd_sc_hd__nor2_2_A/A (sky130_fd_sc_hd__nor2_1)
     2    0.008055    0.057081    0.086951    1.442348 v filter.x_in[7]_sky130_fd_sc_hd__and2_2_A_X_sky130_fd_sc_hd__xnor2_2_A_Y_sky130_fd_sc_hd__nor2_2_A/Y (sky130_fd_sc_hd__nor2_1)
                                                         filter.x_in[7]_sky130_fd_sc_hd__and2_2_A_X_sky130_fd_sc_hd__xnor2_2_A_Y_sky130_fd_sc_hd__nor2_2_A_Y (net)
                      0.057081    0.000194    1.442542 v filter.y_out[8]_sky130_fd_sc_hd__dfrtp_2_Q_D_sky130_fd_sc_hd__xnor2_2_Y_A_sky130_fd_sc_hd__xnor2_2_Y_A_sky130_fd_sc_hd__nand2_2_Y/A (sky130_fd_sc_hd__nand2_1)
     2    0.009292    0.092646    0.099722    1.542264 ^ filter.y_out[8]_sky130_fd_sc_hd__dfrtp_2_Q_D_sky130_fd_sc_hd__xnor2_2_Y_A_sky130_fd_sc_hd__xnor2_2_Y_A_sky130_fd_sc_hd__nand2_2_Y/Y (sky130_fd_sc_hd__nand2_1)
                                                         filter.y_out[8]_sky130_fd_sc_hd__dfrtp_2_Q_D_sky130_fd_sc_hd__xnor2_2_Y_A_sky130_fd_sc_hd__xnor2_2_Y_A (net)
                      0.092647    0.000270    1.542534 ^ filter.y_out[8]_sky130_fd_sc_hd__dfrtp_2_Q_D_sky130_fd_sc_hd__xnor2_2_Y_A_sky130_fd_sc_hd__xnor2_2_Y/A (sky130_fd_sc_hd__xnor2_1)
     2    0.009559    0.081389    0.115348    1.657881 v filter.y_out[8]_sky130_fd_sc_hd__dfrtp_2_Q_D_sky130_fd_sc_hd__xnor2_2_Y_A_sky130_fd_sc_hd__xnor2_2_Y/Y (sky130_fd_sc_hd__xnor2_1)
                                                         filter.y_out[8]_sky130_fd_sc_hd__dfrtp_2_Q_D_sky130_fd_sc_hd__xnor2_2_Y_A (net)
                      0.081389    0.000288    1.658169 v filter.y_out[8]_sky130_fd_sc_hd__dfrtp_2_Q_D_sky130_fd_sc_hd__xnor2_2_Y/A (sky130_fd_sc_hd__xnor2_1)
     1    0.003237    0.037170    0.138075    1.796245 v filter.y_out[8]_sky130_fd_sc_hd__dfrtp_2_Q_D_sky130_fd_sc_hd__xnor2_2_Y/Y (sky130_fd_sc_hd__xnor2_1)
                                                         filter.y_out[8]_sky130_fd_sc_hd__dfrtp_2_Q_D (net)
                      0.037170    0.000100    1.796345 v filter.y_out[8]_sky130_fd_sc_hd__dfrtp_2_Q/D (sky130_fd_sc_hd__dfrtp_4)
                                              1.796345   data arrival time

                                  0.000000    0.000000   clock clk (rise edge)
                                  0.000000    0.000000   clock source latency
     1    0.041337    0.190682    0.135170    0.135170 ^ clk (in)
                                                         clk (net)
                      0.191051    0.000000    0.135170 ^ clkbuf_0_clk/A (sky130_fd_sc_hd__clkbuf_16)
     8    0.135034    0.148108    0.254199    0.389369 ^ clkbuf_0_clk/X (sky130_fd_sc_hd__clkbuf_16)
                                                         clknet_0_clk (net)
                      0.149539    0.011588    0.400956 ^ clkbuf_3_1__f_clk/A (sky130_fd_sc_hd__clkbuf_16)
    12    0.057231    0.076120    0.190515    0.591471 ^ clkbuf_3_1__f_clk/X (sky130_fd_sc_hd__clkbuf_16)
                                                         clknet_3_1__leaf_clk (net)
                      0.076188    0.002043    0.593514 ^ filter.y_out[8]_sky130_fd_sc_hd__dfrtp_2_Q/CLK (sky130_fd_sc_hd__dfrtp_4)
                                  0.250000    0.843514   clock uncertainty
                                  0.000000    0.843514   clock reconvergence pessimism
                                 -0.031754    0.811760   library hold time
                                              0.811760   data required time
---------------------------------------------------------------------------------------------
                                              0.811760   data required time
                                             -1.796345   data arrival time
---------------------------------------------------------------------------------------------
                                              0.984585   slack (MET)


Startpoint: filter.x_in[6]_sky130_fd_sc_hd__dfrtp_2_Q
            (rising edge-triggered flip-flop clocked by clk)
Endpoint: filter.y_out[7]_sky130_fd_sc_hd__dfrtp_2_Q
          (rising edge-triggered flip-flop clocked by clk)
Path Group: clk
Path Type: min

Fanout         Cap        Slew       Delay        Time   Description
---------------------------------------------------------------------------------------------
                                  0.000000    0.000000   clock clk (rise edge)
                                  0.000000    0.000000   clock source latency
     1    0.041337    0.190682    0.135170    0.135170 ^ clk (in)
                                                         clk (net)
                      0.191051    0.000000    0.135170 ^ clkbuf_0_clk/A (sky130_fd_sc_hd__clkbuf_16)
     8    0.135034    0.148108    0.254199    0.389369 ^ clkbuf_0_clk/X (sky130_fd_sc_hd__clkbuf_16)
                                                         clknet_0_clk (net)
                      0.149795    0.012557    0.401926 ^ clkbuf_3_5__f_clk/A (sky130_fd_sc_hd__clkbuf_16)
    13    0.053061    0.072094    0.187922    0.589848 ^ clkbuf_3_5__f_clk/X (sky130_fd_sc_hd__clkbuf_16)
                                                         clknet_3_5__leaf_clk (net)
                      0.072104    0.000883    0.590731 ^ filter.x_in[6]_sky130_fd_sc_hd__dfrtp_2_Q/CLK (sky130_fd_sc_hd__dfrtp_1)
     3    0.007457    0.081049    0.356517    0.947248 ^ filter.x_in[6]_sky130_fd_sc_hd__dfrtp_2_Q/Q (sky130_fd_sc_hd__dfrtp_1)
                                                         filter.x_in[6] (net)
                      0.081049    0.000182    0.947430 ^ filter.x_in[6]_sky130_fd_sc_hd__and2_2_A/A (sky130_fd_sc_hd__and2_1)
     3    0.015251    0.157630    0.206475    1.153904 ^ filter.x_in[6]_sky130_fd_sc_hd__and2_2_A/X (sky130_fd_sc_hd__and2_1)
                                                         filter.x_in[6]_sky130_fd_sc_hd__and2_2_A_X (net)
                      0.157630    0.000458    1.154363 ^ filter.x_in[6]_sky130_fd_sc_hd__and2_2_A_X_sky130_fd_sc_hd__a21oi_2_A1/A1 (sky130_fd_sc_hd__a21oi_2)
     2    0.013445    0.043914    0.103170    1.257532 v filter.x_in[6]_sky130_fd_sc_hd__and2_2_A_X_sky130_fd_sc_hd__a21oi_2_A1/Y (sky130_fd_sc_hd__a21oi_2)
                                                         filter.x_in[6]_sky130_fd_sc_hd__and2_2_A_X_sky130_fd_sc_hd__a21oi_2_A1_Y (net)
                      0.043934    0.000734    1.258266 v filter.x_in[7]_sky130_fd_sc_hd__and2_2_A_X_sky130_fd_sc_hd__xnor2_2_A_Y_sky130_fd_sc_hd__nor2_2_A/B (sky130_fd_sc_hd__nor2_1)
     2    0.008514    0.169041    0.151674    1.409940 ^ filter.x_in[7]_sky130_fd_sc_hd__and2_2_A_X_sky130_fd_sc_hd__xnor2_2_A_Y_sky130_fd_sc_hd__nor2_2_A/Y (sky130_fd_sc_hd__nor2_1)
                                                         filter.x_in[7]_sky130_fd_sc_hd__and2_2_A_X_sky130_fd_sc_hd__xnor2_2_A_Y_sky130_fd_sc_hd__nor2_2_A_Y (net)
                      0.169042    0.000225    1.410164 ^ filter.x_in[7]_sky130_fd_sc_hd__and2_2_A_X_sky130_fd_sc_hd__xnor2_2_A_Y_sky130_fd_sc_hd__nor2_2_A_Y_sky130_fd_sc_hd__xnor2_2_A/A (sky130_fd_sc_hd__xnor2_1)
     2    0.006334    0.085012    0.162339    1.572503 ^ filter.x_in[7]_sky130_fd_sc_hd__and2_2_A_X_sky130_fd_sc_hd__xnor2_2_A_Y_sky130_fd_sc_hd__nor2_2_A_Y_sky130_fd_sc_hd__xnor2_2_A/Y (sky130_fd_sc_hd__xnor2_1)
                                                         filter.y_out[7]_sky130_fd_sc_hd__dfrtp_2_Q_D_sky130_fd_sc_hd__xnor2_2_Y_A_sky130_fd_sc_hd__nand2_2_Y_A_sky130_fd_sc_hd__or2_2_X_B (net)
                      0.085012    0.000192    1.572695 ^ filter.y_out[7]_sky130_fd_sc_hd__dfrtp_2_Q_D_sky130_fd_sc_hd__xnor2_2_Y_A_sky130_fd_sc_hd__nand2_2_Y_B_sky130_fd_sc_hd__nand2_2_Y/B (sky130_fd_sc_hd__nand2_1)
     2    0.005992    0.053564    0.075994    1.648689 v filter.y_out[7]_sky130_fd_sc_hd__dfrtp_2_Q_D_sky130_fd_sc_hd__xnor2_2_Y_A_sky130_fd_sc_hd__nand2_2_Y_B_sky130_fd_sc_hd__nand2_2_Y/Y (sky130_fd_sc_hd__nand2_1)
                                                         filter.y_out[7]_sky130_fd_sc_hd__dfrtp_2_Q_D_sky130_fd_sc_hd__xnor2_2_Y_A_sky130_fd_sc_hd__nand2_2_Y_B (net)
                      0.053564    0.000150    1.648838 v filter.y_out[7]_sky130_fd_sc_hd__dfrtp_2_Q_D_sky130_fd_sc_hd__xnor2_2_Y_A_sky130_fd_sc_hd__nand2_2_Y/B (sky130_fd_sc_hd__nand2_1)
     2    0.008117    0.083709    0.097975    1.746813 ^ filter.y_out[7]_sky130_fd_sc_hd__dfrtp_2_Q_D_sky130_fd_sc_hd__xnor2_2_Y_A_sky130_fd_sc_hd__nand2_2_Y/Y (sky130_fd_sc_hd__nand2_1)
                                                         filter.y_out[7]_sky130_fd_sc_hd__dfrtp_2_Q_D_sky130_fd_sc_hd__xnor2_2_Y_A (net)
                      0.083709    0.000196    1.747009 ^ filter.y_out[7]_sky130_fd_sc_hd__dfrtp_2_Q_D_sky130_fd_sc_hd__xnor2_2_Y/A (sky130_fd_sc_hd__xnor2_1)
     1    0.003774    0.043068    0.079821    1.826830 v filter.y_out[7]_sky130_fd_sc_hd__dfrtp_2_Q_D_sky130_fd_sc_hd__xnor2_2_Y/Y (sky130_fd_sc_hd__xnor2_1)
                                                         filter.y_out[7]_sky130_fd_sc_hd__dfrtp_2_Q_D (net)
                      0.043068    0.000111    1.826940 v filter.y_out[7]_sky130_fd_sc_hd__dfrtp_2_Q/D (sky130_fd_sc_hd__dfrtp_4)
                                              1.826940   data arrival time

                                  0.000000    0.000000   clock clk (rise edge)
                                  0.000000    0.000000   clock source latency
     1    0.041337    0.190682    0.135170    0.135170 ^ clk (in)
                                                         clk (net)
                      0.191051    0.000000    0.135170 ^ clkbuf_0_clk/A (sky130_fd_sc_hd__clkbuf_16)
     8    0.135034    0.148108    0.254199    0.389369 ^ clkbuf_0_clk/X (sky130_fd_sc_hd__clkbuf_16)
                                                         clknet_0_clk (net)
                      0.148356    0.005020    0.394388 ^ clkbuf_3_6__f_clk/A (sky130_fd_sc_hd__clkbuf_16)
     9    0.058206    0.076772    0.191067    0.585455 ^ clkbuf_3_6__f_clk/X (sky130_fd_sc_hd__clkbuf_16)
                                                         clknet_3_6__leaf_clk (net)
                      0.076867    0.002364    0.587819 ^ filter.y_out[7]_sky130_fd_sc_hd__dfrtp_2_Q/CLK (sky130_fd_sc_hd__dfrtp_4)
                                  0.250000    0.837819   clock uncertainty
                                  0.000000    0.837819   clock reconvergence pessimism
                                 -0.033987    0.803832   library hold time
                                              0.803832   data required time
---------------------------------------------------------------------------------------------
                                              0.803832   data required time
                                             -1.826940   data arrival time
---------------------------------------------------------------------------------------------
                                              1.023108   slack (MET)


Startpoint: filter.x_in[8]_sky130_fd_sc_hd__dfrtp_2_Q
            (rising edge-triggered flip-flop clocked by clk)
Endpoint: filter.y_out[9]_sky130_fd_sc_hd__dfrtp_2_Q
          (rising edge-triggered flip-flop clocked by clk)
Path Group: clk
Path Type: min

Fanout         Cap        Slew       Delay        Time   Description
---------------------------------------------------------------------------------------------
                                  0.000000    0.000000   clock clk (rise edge)
                                  0.000000    0.000000   clock source latency
     1    0.041337    0.190682    0.135170    0.135170 ^ clk (in)
                                                         clk (net)
                      0.191051    0.000000    0.135170 ^ clkbuf_0_clk/A (sky130_fd_sc_hd__clkbuf_16)
     8    0.135034    0.148108    0.254199    0.389369 ^ clkbuf_0_clk/X (sky130_fd_sc_hd__clkbuf_16)
                                                         clknet_0_clk (net)
                      0.149539    0.011588    0.400956 ^ clkbuf_3_1__f_clk/A (sky130_fd_sc_hd__clkbuf_16)
    12    0.057231    0.076120    0.190515    0.591471 ^ clkbuf_3_1__f_clk/X (sky130_fd_sc_hd__clkbuf_16)
                                                         clknet_3_1__leaf_clk (net)
                      0.076167    0.001753    0.593224 ^ filter.x_in[8]_sky130_fd_sc_hd__dfrtp_2_Q/CLK (sky130_fd_sc_hd__dfrtp_1)
     3    0.011895    0.115819    0.386100    0.979323 ^ filter.x_in[8]_sky130_fd_sc_hd__dfrtp_2_Q/Q (sky130_fd_sc_hd__dfrtp_1)
                                                         filter.x_in[8] (net)
                      0.115819    0.000488    0.979811 ^ filter.x_in[8]_sky130_fd_sc_hd__and2_2_A/A (sky130_fd_sc_hd__and2_1)
     2    0.012397    0.131175    0.199405    1.179216 ^ filter.x_in[8]_sky130_fd_sc_hd__and2_2_A/X (sky130_fd_sc_hd__and2_1)
                                                         filter.x_in[8]_sky130_fd_sc_hd__and2_2_A_X (net)
                      0.131175    0.000494    1.179710 ^ filter.x_in[8]_sky130_fd_sc_hd__and2_2_A_X_sky130_fd_sc_hd__a21oi_2_A1/A1 (sky130_fd_sc_hd__a21oi_2)
     3    0.015796    0.044531    0.103536    1.283245 v filter.x_in[8]_sky130_fd_sc_hd__and2_2_A_X_sky130_fd_sc_hd__a21oi_2_A1/Y (sky130_fd_sc_hd__a21oi_2)
                                                         filter.x_in[8]_sky130_fd_sc_hd__and2_2_A_X_sky130_fd_sc_hd__a21oi_2_A1_Y (net)
                      0.044542    0.000562    1.283807 v filter.x_in[9]_sky130_fd_sc_hd__a21o_2_A1_X_sky130_fd_sc_hd__xor2_2_B_X_sky130_fd_sc_hd__o21ai_2_A1/A2 (sky130_fd_sc_hd__o21ai_1)
     1    0.003740    0.084400    0.122897    1.406704 ^ filter.x_in[9]_sky130_fd_sc_hd__a21o_2_A1_X_sky130_fd_sc_hd__xor2_2_B_X_sky130_fd_sc_hd__o21ai_2_A1/Y (sky130_fd_sc_hd__o21ai_1)
                                                         filter.x_in[9]_sky130_fd_sc_hd__a21o_2_A1_X_sky130_fd_sc_hd__xor2_2_B_X_sky130_fd_sc_hd__o21ai_2_A1_Y (net)
                      0.084400    0.000110    1.406814 ^ filter.y_out[9]_sky130_fd_sc_hd__dfrtp_2_Q_D_sky130_fd_sc_hd__xor2_2_X_B_sky130_fd_sc_hd__xor2_2_X_B_sky130_fd_sc_hd__nand2_2_Y/B (sky130_fd_sc_hd__nand2_1)
     3    0.010973    0.085529    0.102326    1.509141 v filter.y_out[9]_sky130_fd_sc_hd__dfrtp_2_Q_D_sky130_fd_sc_hd__xor2_2_X_B_sky130_fd_sc_hd__xor2_2_X_B_sky130_fd_sc_hd__nand2_2_Y/Y (sky130_fd_sc_hd__nand2_1)
                                                         filter.y_out[9]_sky130_fd_sc_hd__dfrtp_2_Q_D_sky130_fd_sc_hd__xor2_2_X_B_sky130_fd_sc_hd__xor2_2_X_B (net)
                      0.085529    0.000277    1.509418 v filter.y_out[9]_sky130_fd_sc_hd__dfrtp_2_Q_D_sky130_fd_sc_hd__xor2_2_X_B_sky130_fd_sc_hd__xor2_2_X/B (sky130_fd_sc_hd__xor2_1)
     3    0.010993    0.068421    0.185901    1.695318 v filter.y_out[9]_sky130_fd_sc_hd__dfrtp_2_Q_D_sky130_fd_sc_hd__xor2_2_X_B_sky130_fd_sc_hd__xor2_2_X/X (sky130_fd_sc_hd__xor2_1)
                                                         filter.y_out[9]_sky130_fd_sc_hd__dfrtp_2_Q_D_sky130_fd_sc_hd__xor2_2_X_B (net)
                      0.068422    0.000381    1.695699 v filter.y_out[9]_sky130_fd_sc_hd__dfrtp_2_Q_D_sky130_fd_sc_hd__xor2_2_X/B (sky130_fd_sc_hd__xor2_1)
     1    0.002705    0.094975    0.130467    1.826166 ^ filter.y_out[9]_sky130_fd_sc_hd__dfrtp_2_Q_D_sky130_fd_sc_hd__xor2_2_X/X (sky130_fd_sc_hd__xor2_1)
                                                         filter.y_out[9]_sky130_fd_sc_hd__dfrtp_2_Q_D (net)
                      0.094975    0.000059    1.826225 ^ filter.y_out[9]_sky130_fd_sc_hd__dfrtp_2_Q/D (sky130_fd_sc_hd__dfrtp_2)
                                              1.826225   data arrival time

                                  0.000000    0.000000   clock clk (rise edge)
                                  0.000000    0.000000   clock source latency
     1    0.041337    0.190682    0.135170    0.135170 ^ clk (in)
                                                         clk (net)
                      0.191051    0.000000    0.135170 ^ clkbuf_0_clk/A (sky130_fd_sc_hd__clkbuf_16)
     8    0.135034    0.148108    0.254199    0.389369 ^ clkbuf_0_clk/X (sky130_fd_sc_hd__clkbuf_16)
                                                         clknet_0_clk (net)
                      0.150554    0.015081    0.404449 ^ clkbuf_3_3__f_clk/A (sky130_fd_sc_hd__clkbuf_16)
     6    0.046972    0.066577    0.183586    0.588036 ^ clkbuf_3_3__f_clk/X (sky130_fd_sc_hd__clkbuf_16)
                                                         clknet_3_3__leaf_clk (net)
                      0.066613    0.001390    0.589425 ^ filter.y_out[9]_sky130_fd_sc_hd__dfrtp_2_Q/CLK (sky130_fd_sc_hd__dfrtp_2)
                                  0.250000    0.839425   clock uncertainty
                                  0.000000    0.839425   clock reconvergence pessimism
                                 -0.042047    0.797379   library hold time
                                              0.797379   data required time
---------------------------------------------------------------------------------------------
                                              0.797379   data required time
                                             -1.826225   data arrival time
---------------------------------------------------------------------------------------------
                                              1.028847   slack (MET)


Startpoint: filter.x_in[0]_sky130_fd_sc_hd__dfrtp_2_Q
            (rising edge-triggered flip-flop clocked by clk)
Endpoint: filter.y_out[2]_sky130_fd_sc_hd__dfrtp_2_Q
          (rising edge-triggered flip-flop clocked by clk)
Path Group: clk
Path Type: min

Fanout         Cap        Slew       Delay        Time   Description
---------------------------------------------------------------------------------------------
                                  0.000000    0.000000   clock clk (rise edge)
                                  0.000000    0.000000   clock source latency
     1    0.041337    0.190682    0.135170    0.135170 ^ clk (in)
                                                         clk (net)
                      0.191051    0.000000    0.135170 ^ clkbuf_0_clk/A (sky130_fd_sc_hd__clkbuf_16)
     8    0.135034    0.148108    0.254199    0.389369 ^ clkbuf_0_clk/X (sky130_fd_sc_hd__clkbuf_16)
                                                         clknet_0_clk (net)
                      0.148356    0.005020    0.394388 ^ clkbuf_3_6__f_clk/A (sky130_fd_sc_hd__clkbuf_16)
     9    0.058206    0.076772    0.191067    0.585455 ^ clkbuf_3_6__f_clk/X (sky130_fd_sc_hd__clkbuf_16)
                                                         clknet_3_6__leaf_clk (net)
                      0.076841    0.002049    0.587504 ^ filter.x_in[0]_sky130_fd_sc_hd__dfrtp_2_Q/CLK (sky130_fd_sc_hd__dfrtp_1)
     3    0.014244    0.135086    0.400578    0.988083 ^ filter.x_in[0]_sky130_fd_sc_hd__dfrtp_2_Q/Q (sky130_fd_sc_hd__dfrtp_1)
                                                         filter.x_in[0] (net)
                      0.135086    0.000545    0.988628 ^ filter.x_in[0]_sky130_fd_sc_hd__xnor2_2_A/A (sky130_fd_sc_hd__xnor2_1)
     2    0.009050    0.113116    0.176938    1.165566 ^ filter.x_in[0]_sky130_fd_sc_hd__xnor2_2_A/Y (sky130_fd_sc_hd__xnor2_1)
                                                         filter.x_in[0]_sky130_fd_sc_hd__xnor2_2_A_Y (net)
                      0.113116    0.000423    1.165988 ^ filter.x_in[0]_sky130_fd_sc_hd__xnor2_2_A_Y_sky130_fd_sc_hd__nor2_2_B/B (sky130_fd_sc_hd__nor2_1)
     4    0.014679    0.075208    0.100338    1.266326 v filter.x_in[0]_sky130_fd_sc_hd__xnor2_2_A_Y_sky130_fd_sc_hd__nor2_2_B/Y (sky130_fd_sc_hd__nor2_1)
                                                         filter.x_in[0]_sky130_fd_sc_hd__xnor2_2_A_Y_sky130_fd_sc_hd__nor2_2_B_Y (net)
                      0.075209    0.000358    1.266684 v filter.x_in[0]_sky130_fd_sc_hd__xnor2_2_A_Y_sky130_fd_sc_hd__and2_2_B_X_sky130_fd_sc_hd__o32a_2_A3_X_sky130_fd_sc_hd__xnor2_2_A_Y_sky130_fd_sc_hd__nand2_2_B/A (sky130_fd_sc_hd__nand2_1)
     2    0.013498    0.129895    0.133343    1.400027 ^ filter.x_in[0]_sky130_fd_sc_hd__xnor2_2_A_Y_sky130_fd_sc_hd__and2_2_B_X_sky130_fd_sc_hd__o32a_2_A3_X_sky130_fd_sc_hd__xnor2_2_A_Y_sky130_fd_sc_hd__nand2_2_B/Y (sky130_fd_sc_hd__nand2_1)
                                                         filter.y_out[0]_sky130_fd_sc_hd__dfrtp_2_Q_D_sky130_fd_sc_hd__xor2_2_X_B_sky130_fd_sc_hd__xnor2_2_Y_A_sky130_fd_sc_hd__or2_2_X_B_sky130_fd_sc_hd__and3_2_X_B (net)
                      0.129905    0.000930    1.400957 ^ filter.x_in[0]_sky130_fd_sc_hd__xnor2_2_A_Y_sky130_fd_sc_hd__and2_2_B_X_sky130_fd_sc_hd__o32a_2_A3_X_sky130_fd_sc_hd__nand2b_2_A_N_Y_sky130_fd_sc_hd__a21oi_2_A1/A2 (sky130_fd_sc_hd__a21oi_2)
     4    0.014102    0.049778    0.100947    1.501903 v filter.x_in[0]_sky130_fd_sc_hd__xnor2_2_A_Y_sky130_fd_sc_hd__and2_2_B_X_sky130_fd_sc_hd__o32a_2_A3_X_sky130_fd_sc_hd__nand2b_2_A_N_Y_sky130_fd_sc_hd__a21oi_2_A1/Y (sky130_fd_sc_hd__a21oi_2)
                                                         filter.x_in[0]_sky130_fd_sc_hd__xnor2_2_A_Y_sky130_fd_sc_hd__and2_2_B_X_sky130_fd_sc_hd__o32a_2_A3_X_sky130_fd_sc_hd__nand2b_2_A_N_Y_sky130_fd_sc_hd__a21oi_2_A1_Y (net)
                      0.049802    0.000432    1.502336 v filter.y_out[2]_sky130_fd_sc_hd__dfrtp_2_Q_D_sky130_fd_sc_hd__xor2_2_X_A_sky130_fd_sc_hd__xor2_2_X_A_sky130_fd_sc_hd__nand2_2_Y/A (sky130_fd_sc_hd__nand2_1)
     2    0.008989    0.089949    0.094651    1.596987 ^ filter.y_out[2]_sky130_fd_sc_hd__dfrtp_2_Q_D_sky130_fd_sc_hd__xor2_2_X_A_sky130_fd_sc_hd__xor2_2_X_A_sky130_fd_sc_hd__nand2_2_Y/Y (sky130_fd_sc_hd__nand2_1)
                                                         filter.y_out[2]_sky130_fd_sc_hd__dfrtp_2_Q_D_sky130_fd_sc_hd__xor2_2_X_A_sky130_fd_sc_hd__xor2_2_X_A (net)
                      0.089950    0.000293    1.597280 ^ filter.y_out[2]_sky130_fd_sc_hd__dfrtp_2_Q_D_sky130_fd_sc_hd__xor2_2_X_A_sky130_fd_sc_hd__xor2_2_X/A (sky130_fd_sc_hd__xor2_1)
     2    0.008193    0.057341    0.099063    1.696343 v filter.y_out[2]_sky130_fd_sc_hd__dfrtp_2_Q_D_sky130_fd_sc_hd__xor2_2_X_A_sky130_fd_sc_hd__xor2_2_X/X (sky130_fd_sc_hd__xor2_1)
                                                         filter.y_out[2]_sky130_fd_sc_hd__dfrtp_2_Q_D_sky130_fd_sc_hd__xor2_2_X_A (net)
                      0.057341    0.000238    1.696581 v filter.y_out[2]_sky130_fd_sc_hd__dfrtp_2_Q_D_sky130_fd_sc_hd__xor2_2_X/A (sky130_fd_sc_hd__xor2_1)
     1    0.005586    0.047364    0.171761    1.868343 v filter.y_out[2]_sky130_fd_sc_hd__dfrtp_2_Q_D_sky130_fd_sc_hd__xor2_2_X/X (sky130_fd_sc_hd__xor2_1)
                                                         filter.y_out[2]_sky130_fd_sc_hd__dfrtp_2_Q_D (net)
                      0.047365    0.000209    1.868552 v filter.y_out[2]_sky130_fd_sc_hd__dfrtp_2_Q/D (sky130_fd_sc_hd__dfrtp_4)
                                              1.868552   data arrival time

                                  0.000000    0.000000   clock clk (rise edge)
                                  0.000000    0.000000   clock source latency
     1    0.041337    0.190682    0.135170    0.135170 ^ clk (in)
                                                         clk (net)
                      0.191051    0.000000    0.135170 ^ clkbuf_0_clk/A (sky130_fd_sc_hd__clkbuf_16)
     8    0.135034    0.148108    0.254199    0.389369 ^ clkbuf_0_clk/X (sky130_fd_sc_hd__clkbuf_16)
                                                         clknet_0_clk (net)
                      0.148356    0.005020    0.394388 ^ clkbuf_3_6__f_clk/A (sky130_fd_sc_hd__clkbuf_16)
     9    0.058206    0.076772    0.191067    0.585455 ^ clkbuf_3_6__f_clk/X (sky130_fd_sc_hd__clkbuf_16)
                                                         clknet_3_6__leaf_clk (net)
                      0.076819    0.001741    0.587196 ^ filter.y_out[2]_sky130_fd_sc_hd__dfrtp_2_Q/CLK (sky130_fd_sc_hd__dfrtp_4)
                                  0.250000    0.837196   clock uncertainty
                                  0.000000    0.837196   clock reconvergence pessimism
                                 -0.035737    0.801459   library hold time
                                              0.801459   data required time
---------------------------------------------------------------------------------------------
                                              0.801459   data required time
                                             -1.868552   data arrival time
---------------------------------------------------------------------------------------------
                                              1.067093   slack (MET)


Startpoint: filter.x_in[5]_sky130_fd_sc_hd__dfrtp_2_Q
            (rising edge-triggered flip-flop clocked by clk)
Endpoint: filter.y_out[4]_sky130_fd_sc_hd__dfrtp_2_Q
          (rising edge-triggered flip-flop clocked by clk)
Path Group: clk
Path Type: min

Fanout         Cap        Slew       Delay        Time   Description
---------------------------------------------------------------------------------------------
                                  0.000000    0.000000   clock clk (rise edge)
                                  0.000000    0.000000   clock source latency
     1    0.041337    0.190682    0.135170    0.135170 ^ clk (in)
                                                         clk (net)
                      0.191051    0.000000    0.135170 ^ clkbuf_0_clk/A (sky130_fd_sc_hd__clkbuf_16)
     8    0.135034    0.148108    0.254199    0.389369 ^ clkbuf_0_clk/X (sky130_fd_sc_hd__clkbuf_16)
                                                         clknet_0_clk (net)
                      0.149795    0.012557    0.401926 ^ clkbuf_3_5__f_clk/A (sky130_fd_sc_hd__clkbuf_16)
    13    0.053061    0.072094    0.187922    0.589848 ^ clkbuf_3_5__f_clk/X (sky130_fd_sc_hd__clkbuf_16)
                                                         clknet_3_5__leaf_clk (net)
                      0.072117    0.001213    0.591061 ^ filter.x_in[5]_sky130_fd_sc_hd__dfrtp_2_Q/CLK (sky130_fd_sc_hd__dfrtp_1)
     3    0.007426    0.060650    0.388764    0.979825 v filter.x_in[5]_sky130_fd_sc_hd__dfrtp_2_Q/Q (sky130_fd_sc_hd__dfrtp_1)
                                                         filter.x_in[5] (net)
                      0.060650    0.000148    0.979973 v filter.x_in[5]_sky130_fd_sc_hd__nand2_2_A/A (sky130_fd_sc_hd__nand2_1)
     3    0.011468    0.111751    0.114610    1.094584 ^ filter.x_in[5]_sky130_fd_sc_hd__nand2_2_A/Y (sky130_fd_sc_hd__nand2_1)
                                                         filter.x_in[5]_sky130_fd_sc_hd__nand2_2_A_Y (net)
                      0.111753    0.000390    1.094973 ^ filter.x_in[5]_sky130_fd_sc_hd__nand2_2_A_Y_sky130_fd_sc_hd__xor2_2_A/A (sky130_fd_sc_hd__xor2_1)
     2    0.007353    0.054153    0.101553    1.196526 v filter.x_in[5]_sky130_fd_sc_hd__nand2_2_A_Y_sky130_fd_sc_hd__xor2_2_A/X (sky130_fd_sc_hd__xor2_1)
                                                         filter.x_in[5]_sky130_fd_sc_hd__nand2_2_A_Y_sky130_fd_sc_hd__xor2_2_A_X (net)
                      0.054153    0.000160    1.196687 v filter.x_in[5]_sky130_fd_sc_hd__nand2_2_A_Y_sky130_fd_sc_hd__xor2_2_A_X_sky130_fd_sc_hd__xnor2_2_A/A (sky130_fd_sc_hd__xnor2_1)
     2    0.004765    0.049034    0.134559    1.331246 v filter.x_in[5]_sky130_fd_sc_hd__nand2_2_A_Y_sky130_fd_sc_hd__xor2_2_A_X_sky130_fd_sc_hd__xnor2_2_A/Y (sky130_fd_sc_hd__xnor2_1)
                                                         filter.x_in[5]_sky130_fd_sc_hd__nand2_2_A_Y_sky130_fd_sc_hd__xor2_2_A_X_sky130_fd_sc_hd__xnor2_2_A_Y (net)
                      0.049034    0.000089    1.331335 v filter.x_in[5]_sky130_fd_sc_hd__nand2_2_A_Y_sky130_fd_sc_hd__xor2_2_A_X_sky130_fd_sc_hd__xnor2_2_A_Y_sky130_fd_sc_hd__nand2_2_B/B (sky130_fd_sc_hd__nand2_1)
     3    0.009579    0.095139    0.104964    1.436299 ^ filter.x_in[5]_sky130_fd_sc_hd__nand2_2_A_Y_sky130_fd_sc_hd__xor2_2_A_X_sky130_fd_sc_hd__xnor2_2_A_Y_sky130_fd_sc_hd__nand2_2_B/Y (sky130_fd_sc_hd__nand2_1)
                                                         filter.y_out[5]_sky130_fd_sc_hd__dfrtp_2_Q_D_sky130_fd_sc_hd__xor2_2_X_B_sky130_fd_sc_hd__nand2_2_Y_A_sky130_fd_sc_hd__or2_2_X_A (net)
                      0.095139    0.000130    1.436429 ^ filter.y_out[5]_sky130_fd_sc_hd__dfrtp_2_Q_D_sky130_fd_sc_hd__xor2_2_X_A_sky130_fd_sc_hd__nor2_2_Y_A_sky130_fd_sc_hd__nor3b_2_Y_B_sky130_fd_sc_hd__nand2_2_Y/A (sky130_fd_sc_hd__nand2_1)
     3    0.016061    0.118832    0.129015    1.565444 v filter.y_out[5]_sky130_fd_sc_hd__dfrtp_2_Q_D_sky130_fd_sc_hd__xor2_2_X_A_sky130_fd_sc_hd__nor2_2_Y_A_sky130_fd_sc_hd__nor3b_2_Y_B_sky130_fd_sc_hd__nand2_2_Y/Y (sky130_fd_sc_hd__nand2_1)
                                                         filter.y_out[5]_sky130_fd_sc_hd__dfrtp_2_Q_D_sky130_fd_sc_hd__xor2_2_X_A_sky130_fd_sc_hd__nor2_2_Y_A_sky130_fd_sc_hd__nor3b_2_Y_B (net)
                      0.118840    0.000824    1.566267 v filter.y_out[4]_sky130_fd_sc_hd__dfrtp_2_Q_D_sky130_fd_sc_hd__xnor2_2_Y_A_sky130_fd_sc_hd__and2b_2_X_B_sky130_fd_sc_hd__nand2_2_Y/B (sky130_fd_sc_hd__nand2_1)
     2    0.005490    0.061458    0.111157    1.677424 ^ filter.y_out[4]_sky130_fd_sc_hd__dfrtp_2_Q_D_sky130_fd_sc_hd__xnor2_2_Y_A_sky130_fd_sc_hd__and2b_2_X_B_sky130_fd_sc_hd__nand2_2_Y/Y (sky130_fd_sc_hd__nand2_1)
                                                         filter.y_out[4]_sky130_fd_sc_hd__dfrtp_2_Q_D_sky130_fd_sc_hd__xnor2_2_Y_A_sky130_fd_sc_hd__and2b_2_X_B (net)
                      0.061458    0.000136    1.677561 ^ filter.y_out[4]_sky130_fd_sc_hd__dfrtp_2_Q_D_sky130_fd_sc_hd__xnor2_2_Y_A_sky130_fd_sc_hd__and2b_2_X/B (sky130_fd_sc_hd__and2b_1)
     1    0.005537    0.063320    0.135559    1.813120 ^ filter.y_out[4]_sky130_fd_sc_hd__dfrtp_2_Q_D_sky130_fd_sc_hd__xnor2_2_Y_A_sky130_fd_sc_hd__and2b_2_X/X (sky130_fd_sc_hd__and2b_1)
                                                         filter.y_out[4]_sky130_fd_sc_hd__dfrtp_2_Q_D_sky130_fd_sc_hd__xnor2_2_Y_A (net)
                      0.063320    0.000175    1.813294 ^ filter.y_out[4]_sky130_fd_sc_hd__dfrtp_2_Q_D_sky130_fd_sc_hd__xnor2_2_Y/A (sky130_fd_sc_hd__xnor2_1)
     1    0.002963    0.037949    0.069432    1.882726 v filter.y_out[4]_sky130_fd_sc_hd__dfrtp_2_Q_D_sky130_fd_sc_hd__xnor2_2_Y/Y (sky130_fd_sc_hd__xnor2_1)
                                                         filter.y_out[4]_sky130_fd_sc_hd__dfrtp_2_Q_D (net)
                      0.037949    0.000093    1.882819 v filter.y_out[4]_sky130_fd_sc_hd__dfrtp_2_Q/D (sky130_fd_sc_hd__dfrtp_1)
                                              1.882819   data arrival time

                                  0.000000    0.000000   clock clk (rise edge)
                                  0.000000    0.000000   clock source latency
     1    0.041337    0.190682    0.135170    0.135170 ^ clk (in)
                                                         clk (net)
                      0.191051    0.000000    0.135170 ^ clkbuf_0_clk/A (sky130_fd_sc_hd__clkbuf_16)
     8    0.135034    0.148108    0.254199    0.389369 ^ clkbuf_0_clk/X (sky130_fd_sc_hd__clkbuf_16)
                                                         clknet_0_clk (net)
                      0.148397    0.005399    0.394767 ^ clkbuf_3_7__f_clk/A (sky130_fd_sc_hd__clkbuf_16)
     9    0.048903    0.068416    0.183895    0.578663 ^ clkbuf_3_7__f_clk/X (sky130_fd_sc_hd__clkbuf_16)
                                                         clknet_3_7__leaf_clk (net)
                      0.068425    0.001016    0.579678 ^ filter.y_out[4]_sky130_fd_sc_hd__dfrtp_2_Q/CLK (sky130_fd_sc_hd__dfrtp_1)
                                  0.250000    0.829678   clock uncertainty
                                  0.000000    0.829678   clock reconvergence pessimism
                                 -0.037562    0.792116   library hold time
                                              0.792116   data required time
---------------------------------------------------------------------------------------------
                                              0.792116   data required time
                                             -1.882819   data arrival time
---------------------------------------------------------------------------------------------
                                              1.090703   slack (MET)


Startpoint: filter.x_in[0]_sky130_fd_sc_hd__dfrtp_2_Q
            (rising edge-triggered flip-flop clocked by clk)
Endpoint: filter.y_out[0]_sky130_fd_sc_hd__dfrtp_2_Q
          (rising edge-triggered flip-flop clocked by clk)
Path Group: clk
Path Type: min

Fanout         Cap        Slew       Delay        Time   Description
---------------------------------------------------------------------------------------------
                                  0.000000    0.000000   clock clk (rise edge)
                                  0.000000    0.000000   clock source latency
     1    0.041337    0.190682    0.135170    0.135170 ^ clk (in)
                                                         clk (net)
                      0.191051    0.000000    0.135170 ^ clkbuf_0_clk/A (sky130_fd_sc_hd__clkbuf_16)
     8    0.135034    0.148108    0.254199    0.389369 ^ clkbuf_0_clk/X (sky130_fd_sc_hd__clkbuf_16)
                                                         clknet_0_clk (net)
                      0.148356    0.005020    0.394388 ^ clkbuf_3_6__f_clk/A (sky130_fd_sc_hd__clkbuf_16)
     9    0.058206    0.076772    0.191067    0.585455 ^ clkbuf_3_6__f_clk/X (sky130_fd_sc_hd__clkbuf_16)
                                                         clknet_3_6__leaf_clk (net)
                      0.076841    0.002049    0.587504 ^ filter.x_in[0]_sky130_fd_sc_hd__dfrtp_2_Q/CLK (sky130_fd_sc_hd__dfrtp_1)
     3    0.014244    0.135086    0.400578    0.988083 ^ filter.x_in[0]_sky130_fd_sc_hd__dfrtp_2_Q/Q (sky130_fd_sc_hd__dfrtp_1)
                                                         filter.x_in[0] (net)
                      0.135086    0.000545    0.988628 ^ filter.x_in[0]_sky130_fd_sc_hd__xnor2_2_A/A (sky130_fd_sc_hd__xnor2_1)
     2    0.009050    0.113116    0.176938    1.165566 ^ filter.x_in[0]_sky130_fd_sc_hd__xnor2_2_A/Y (sky130_fd_sc_hd__xnor2_1)
                                                         filter.x_in[0]_sky130_fd_sc_hd__xnor2_2_A_Y (net)
                      0.113116    0.000423    1.165988 ^ filter.x_in[0]_sky130_fd_sc_hd__xnor2_2_A_Y_sky130_fd_sc_hd__nor2_2_B/B (sky130_fd_sc_hd__nor2_1)
     4    0.014679    0.075208    0.100338    1.266326 v filter.x_in[0]_sky130_fd_sc_hd__xnor2_2_A_Y_sky130_fd_sc_hd__nor2_2_B/Y (sky130_fd_sc_hd__nor2_1)
                                                         filter.x_in[0]_sky130_fd_sc_hd__xnor2_2_A_Y_sky130_fd_sc_hd__nor2_2_B_Y (net)
                      0.075209    0.000376    1.266702 v filter.y_out[0]_sky130_fd_sc_hd__dfrtp_2_Q_D_sky130_fd_sc_hd__xor2_2_X_A_sky130_fd_sc_hd__and3b_2_X_A_N_sky130_fd_sc_hd__xnor2_2_Y_B_sky130_fd_sc_hd__xnor2_2_Y/A (sky130_fd_sc_hd__xnor2_1)
     2    0.008449    0.073641    0.164562    1.431265 v filter.y_out[0]_sky130_fd_sc_hd__dfrtp_2_Q_D_sky130_fd_sc_hd__xor2_2_X_A_sky130_fd_sc_hd__and3b_2_X_A_N_sky130_fd_sc_hd__xnor2_2_Y_B_sky130_fd_sc_hd__xnor2_2_Y/Y (sky130_fd_sc_hd__xnor2_1)
                                                         filter.y_out[0]_sky130_fd_sc_hd__dfrtp_2_Q_D_sky130_fd_sc_hd__xor2_2_X_A_sky130_fd_sc_hd__and3b_2_X_A_N_sky130_fd_sc_hd__xnor2_2_Y_B (net)
                      0.073641    0.000279    1.431544 v filter.y_out[0]_sky130_fd_sc_hd__dfrtp_2_Q_D_sky130_fd_sc_hd__xor2_2_X_A_sky130_fd_sc_hd__and3b_2_X_A_N_sky130_fd_sc_hd__xnor2_2_Y/B (sky130_fd_sc_hd__xnor2_1)
     3    0.006812    0.062815    0.152311    1.583855 v filter.y_out[0]_sky130_fd_sc_hd__dfrtp_2_Q_D_sky130_fd_sc_hd__xor2_2_X_A_sky130_fd_sc_hd__and3b_2_X_A_N_sky130_fd_sc_hd__xnor2_2_Y/Y (sky130_fd_sc_hd__xnor2_1)
                                                         filter.y_out[0]_sky130_fd_sc_hd__dfrtp_2_Q_D_sky130_fd_sc_hd__xor2_2_X_A_sky130_fd_sc_hd__and3b_2_X_A_N (net)
                      0.062815    0.000137    1.583992 v filter.y_out[0]_sky130_fd_sc_hd__dfrtp_2_Q_D_sky130_fd_sc_hd__xor2_2_X_A_sky130_fd_sc_hd__and3b_2_X/A_N (sky130_fd_sc_hd__and3b_1)
     2    0.009168    0.104069    0.254277    1.838269 ^ filter.y_out[0]_sky130_fd_sc_hd__dfrtp_2_Q_D_sky130_fd_sc_hd__xor2_2_X_A_sky130_fd_sc_hd__and3b_2_X/X (sky130_fd_sc_hd__and3b_1)
                                                         filter.y_out[0]_sky130_fd_sc_hd__dfrtp_2_Q_D_sky130_fd_sc_hd__xor2_2_X_A (net)
                      0.104069    0.000354    1.838624 ^ filter.y_out[0]_sky130_fd_sc_hd__dfrtp_2_Q_D_sky130_fd_sc_hd__xor2_2_X/A (sky130_fd_sc_hd__xor2_1)
     1    0.003004    0.037029    0.076185    1.914809 v filter.y_out[0]_sky130_fd_sc_hd__dfrtp_2_Q_D_sky130_fd_sc_hd__xor2_2_X/X (sky130_fd_sc_hd__xor2_1)
                                                         filter.y_out[0]_sky130_fd_sc_hd__dfrtp_2_Q_D (net)
                      0.037029    0.000097    1.914906 v filter.y_out[0]_sky130_fd_sc_hd__dfrtp_2_Q/D (sky130_fd_sc_hd__dfrtp_4)
                                              1.914906   data arrival time

                                  0.000000    0.000000   clock clk (rise edge)
                                  0.000000    0.000000   clock source latency
     1    0.041337    0.190682    0.135170    0.135170 ^ clk (in)
                                                         clk (net)
                      0.191051    0.000000    0.135170 ^ clkbuf_0_clk/A (sky130_fd_sc_hd__clkbuf_16)
     8    0.135034    0.148108    0.254199    0.389369 ^ clkbuf_0_clk/X (sky130_fd_sc_hd__clkbuf_16)
                                                         clknet_0_clk (net)
                      0.148356    0.005020    0.394388 ^ clkbuf_3_6__f_clk/A (sky130_fd_sc_hd__clkbuf_16)
     9    0.058206    0.076772    0.191067    0.585455 ^ clkbuf_3_6__f_clk/X (sky130_fd_sc_hd__clkbuf_16)
                                                         clknet_3_6__leaf_clk (net)
                      0.076849    0.002147    0.587602 ^ filter.y_out[0]_sky130_fd_sc_hd__dfrtp_2_Q/CLK (sky130_fd_sc_hd__dfrtp_4)
                                  0.250000    0.837602   clock uncertainty
                                  0.000000    0.837602   clock reconvergence pessimism
                                 -0.031547    0.806055   library hold time
                                              0.806055   data required time
---------------------------------------------------------------------------------------------
                                              0.806055   data required time
                                             -1.914906   data arrival time
---------------------------------------------------------------------------------------------
                                              1.108850   slack (MET)


Startpoint: filter.x_in[0]_sky130_fd_sc_hd__dfrtp_2_Q
            (rising edge-triggered flip-flop clocked by clk)
Endpoint: filter.y_out[1]_sky130_fd_sc_hd__dfrtp_2_Q
          (rising edge-triggered flip-flop clocked by clk)
Path Group: clk
Path Type: min

Fanout         Cap        Slew       Delay        Time   Description
---------------------------------------------------------------------------------------------
                                  0.000000    0.000000   clock clk (rise edge)
                                  0.000000    0.000000   clock source latency
     1    0.041337    0.190682    0.135170    0.135170 ^ clk (in)
                                                         clk (net)
                      0.191051    0.000000    0.135170 ^ clkbuf_0_clk/A (sky130_fd_sc_hd__clkbuf_16)
     8    0.135034    0.148108    0.254199    0.389369 ^ clkbuf_0_clk/X (sky130_fd_sc_hd__clkbuf_16)
                                                         clknet_0_clk (net)
                      0.148356    0.005020    0.394388 ^ clkbuf_3_6__f_clk/A (sky130_fd_sc_hd__clkbuf_16)
     9    0.058206    0.076772    0.191067    0.585455 ^ clkbuf_3_6__f_clk/X (sky130_fd_sc_hd__clkbuf_16)
                                                         clknet_3_6__leaf_clk (net)
                      0.076841    0.002049    0.587504 ^ filter.x_in[0]_sky130_fd_sc_hd__dfrtp_2_Q/CLK (sky130_fd_sc_hd__dfrtp_1)
     3    0.014244    0.135086    0.400578    0.988083 ^ filter.x_in[0]_sky130_fd_sc_hd__dfrtp_2_Q/Q (sky130_fd_sc_hd__dfrtp_1)
                                                         filter.x_in[0] (net)
                      0.135086    0.000545    0.988628 ^ filter.x_in[0]_sky130_fd_sc_hd__xnor2_2_A/A (sky130_fd_sc_hd__xnor2_1)
     2    0.009050    0.113116    0.176938    1.165566 ^ filter.x_in[0]_sky130_fd_sc_hd__xnor2_2_A/Y (sky130_fd_sc_hd__xnor2_1)
                                                         filter.x_in[0]_sky130_fd_sc_hd__xnor2_2_A_Y (net)
                      0.113116    0.000423    1.165988 ^ filter.x_in[0]_sky130_fd_sc_hd__xnor2_2_A_Y_sky130_fd_sc_hd__nor2_2_B/B (sky130_fd_sc_hd__nor2_1)
     4    0.014679    0.075208    0.100338    1.266326 v filter.x_in[0]_sky130_fd_sc_hd__xnor2_2_A_Y_sky130_fd_sc_hd__nor2_2_B/Y (sky130_fd_sc_hd__nor2_1)
                                                         filter.x_in[0]_sky130_fd_sc_hd__xnor2_2_A_Y_sky130_fd_sc_hd__nor2_2_B_Y (net)
                      0.075209    0.000358    1.266684 v filter.x_in[0]_sky130_fd_sc_hd__xnor2_2_A_Y_sky130_fd_sc_hd__and2_2_B_X_sky130_fd_sc_hd__o32a_2_A3_X_sky130_fd_sc_hd__xnor2_2_A_Y_sky130_fd_sc_hd__nand2_2_B/A (sky130_fd_sc_hd__nand2_1)
     2    0.013498    0.129895    0.133343    1.400027 ^ filter.x_in[0]_sky130_fd_sc_hd__xnor2_2_A_Y_sky130_fd_sc_hd__and2_2_B_X_sky130_fd_sc_hd__o32a_2_A3_X_sky130_fd_sc_hd__xnor2_2_A_Y_sky130_fd_sc_hd__nand2_2_B/Y (sky130_fd_sc_hd__nand2_1)
                                                         filter.y_out[0]_sky130_fd_sc_hd__dfrtp_2_Q_D_sky130_fd_sc_hd__xor2_2_X_B_sky130_fd_sc_hd__xnor2_2_Y_A_sky130_fd_sc_hd__or2_2_X_B_sky130_fd_sc_hd__and3_2_X_B (net)
                      0.129905    0.000930    1.400957 ^ filter.x_in[0]_sky130_fd_sc_hd__xnor2_2_A_Y_sky130_fd_sc_hd__and2_2_B_X_sky130_fd_sc_hd__o32a_2_A3_X_sky130_fd_sc_hd__nand2b_2_A_N_Y_sky130_fd_sc_hd__a21oi_2_A1/A2 (sky130_fd_sc_hd__a21oi_2)
     4    0.014102    0.049778    0.100947    1.501903 v filter.x_in[0]_sky130_fd_sc_hd__xnor2_2_A_Y_sky130_fd_sc_hd__and2_2_B_X_sky130_fd_sc_hd__o32a_2_A3_X_sky130_fd_sc_hd__nand2b_2_A_N_Y_sky130_fd_sc_hd__a21oi_2_A1/Y (sky130_fd_sc_hd__a21oi_2)
                                                         filter.x_in[0]_sky130_fd_sc_hd__xnor2_2_A_Y_sky130_fd_sc_hd__and2_2_B_X_sky130_fd_sc_hd__o32a_2_A3_X_sky130_fd_sc_hd__nand2b_2_A_N_Y_sky130_fd_sc_hd__a21oi_2_A1_Y (net)
                      0.049802    0.000409    1.502312 v filter.y_out[1]_sky130_fd_sc_hd__dfrtp_2_Q_D_sky130_fd_sc_hd__xor2_2_X_B_sky130_fd_sc_hd__xnor2_2_Y_B_sky130_fd_sc_hd__xnor2_2_Y/A (sky130_fd_sc_hd__xnor2_1)
     1    0.009078    0.078121    0.156240    1.658552 v filter.y_out[1]_sky130_fd_sc_hd__dfrtp_2_Q_D_sky130_fd_sc_hd__xor2_2_X_B_sky130_fd_sc_hd__xnor2_2_Y_B_sky130_fd_sc_hd__xnor2_2_Y/Y (sky130_fd_sc_hd__xnor2_1)
                                                         filter.y_out[1]_sky130_fd_sc_hd__dfrtp_2_Q_D_sky130_fd_sc_hd__xor2_2_X_B_sky130_fd_sc_hd__xnor2_2_Y_B (net)
                      0.078121    0.000303    1.658855 v filter.y_out[1]_sky130_fd_sc_hd__dfrtp_2_Q_D_sky130_fd_sc_hd__xor2_2_X_B_sky130_fd_sc_hd__xnor2_2_Y/B (sky130_fd_sc_hd__xnor2_2)
     3    0.013634    0.082524    0.211727    1.870582 ^ filter.y_out[1]_sky130_fd_sc_hd__dfrtp_2_Q_D_sky130_fd_sc_hd__xor2_2_X_B_sky130_fd_sc_hd__xnor2_2_Y/Y (sky130_fd_sc_hd__xnor2_2)
                                                         filter.y_out[1]_sky130_fd_sc_hd__dfrtp_2_Q_D_sky130_fd_sc_hd__xor2_2_X_B (net)
                      0.082525    0.000451    1.871033 ^ filter.y_out[1]_sky130_fd_sc_hd__dfrtp_2_Q_D_sky130_fd_sc_hd__xor2_2_X/B (sky130_fd_sc_hd__xor2_1)
     1    0.003070    0.037294    0.067824    1.938856 v filter.y_out[1]_sky130_fd_sc_hd__dfrtp_2_Q_D_sky130_fd_sc_hd__xor2_2_X/X (sky130_fd_sc_hd__xor2_1)
                                                         filter.y_out[1]_sky130_fd_sc_hd__dfrtp_2_Q_D (net)
                      0.037294    0.000093    1.938950 v filter.y_out[1]_sky130_fd_sc_hd__dfrtp_2_Q/D (sky130_fd_sc_hd__dfrtp_4)
                                              1.938950   data arrival time

                                  0.000000    0.000000   clock clk (rise edge)
                                  0.000000    0.000000   clock source latency
     1    0.041337    0.190682    0.135170    0.135170 ^ clk (in)
                                                         clk (net)
                      0.191051    0.000000    0.135170 ^ clkbuf_0_clk/A (sky130_fd_sc_hd__clkbuf_16)
     8    0.135034    0.148108    0.254199    0.389369 ^ clkbuf_0_clk/X (sky130_fd_sc_hd__clkbuf_16)
                                                         clknet_0_clk (net)
                      0.148397    0.005399    0.394767 ^ clkbuf_3_7__f_clk/A (sky130_fd_sc_hd__clkbuf_16)
     9    0.048903    0.068416    0.183895    0.578663 ^ clkbuf_3_7__f_clk/X (sky130_fd_sc_hd__clkbuf_16)
                                                         clknet_3_7__leaf_clk (net)
                      0.068737    0.003319    0.581982 ^ filter.y_out[1]_sky130_fd_sc_hd__dfrtp_2_Q/CLK (sky130_fd_sc_hd__dfrtp_4)
                                  0.250000    0.831982   clock uncertainty
                                  0.000000    0.831982   clock reconvergence pessimism
                                 -0.033503    0.798479   library hold time
                                              0.798479   data required time
---------------------------------------------------------------------------------------------
                                              0.798479   data required time
                                             -1.938950   data arrival time
---------------------------------------------------------------------------------------------
                                              1.140471   slack (MET)


Startpoint: filter.x_in[4]_sky130_fd_sc_hd__dfrtp_2_Q
            (rising edge-triggered flip-flop clocked by clk)
Endpoint: filter.y_out[3]_sky130_fd_sc_hd__dfrtp_2_Q
          (rising edge-triggered flip-flop clocked by clk)
Path Group: clk
Path Type: min

Fanout         Cap        Slew       Delay        Time   Description
---------------------------------------------------------------------------------------------
                                  0.000000    0.000000   clock clk (rise edge)
                                  0.000000    0.000000   clock source latency
     1    0.041337    0.190682    0.135170    0.135170 ^ clk (in)
                                                         clk (net)
                      0.191051    0.000000    0.135170 ^ clkbuf_0_clk/A (sky130_fd_sc_hd__clkbuf_16)
     8    0.135034    0.148108    0.254199    0.389369 ^ clkbuf_0_clk/X (sky130_fd_sc_hd__clkbuf_16)
                                                         clknet_0_clk (net)
                      0.149795    0.012557    0.401926 ^ clkbuf_3_5__f_clk/A (sky130_fd_sc_hd__clkbuf_16)
    13    0.053061    0.072094    0.187922    0.589848 ^ clkbuf_3_5__f_clk/X (sky130_fd_sc_hd__clkbuf_16)
                                                         clknet_3_5__leaf_clk (net)
                      0.072132    0.001497    0.591345 ^ filter.x_in[4]_sky130_fd_sc_hd__dfrtp_2_Q/CLK (sky130_fd_sc_hd__dfrtp_1)
     3    0.010200    0.101935    0.374435    0.965780 ^ filter.x_in[4]_sky130_fd_sc_hd__dfrtp_2_Q/Q (sky130_fd_sc_hd__dfrtp_1)
                                                         filter.x_in[4] (net)
                      0.101935    0.000249    0.966030 ^ filter.x_in[4]_sky130_fd_sc_hd__and2b_2_B/B (sky130_fd_sc_hd__and2b_1)
     1    0.002915    0.042454    0.128781    1.094811 ^ filter.x_in[4]_sky130_fd_sc_hd__and2b_2_B/X (sky130_fd_sc_hd__and2b_1)
                                                         filter.x_in[4]_sky130_fd_sc_hd__and2b_2_B_X (net)
                      0.042454    0.000060    1.094871 ^ filter.x_in[4]_sky130_fd_sc_hd__and2b_2_B_X_sky130_fd_sc_hd__a21o_2_B1/B1 (sky130_fd_sc_hd__a21o_1)
     2    0.008225    0.078412    0.106831    1.201702 ^ filter.x_in[4]_sky130_fd_sc_hd__and2b_2_B_X_sky130_fd_sc_hd__a21o_2_B1/X (sky130_fd_sc_hd__a21o_1)
                                                         filter.x_in[4]_sky130_fd_sc_hd__and2b_2_B_X_sky130_fd_sc_hd__a21o_2_B1_X (net)
                      0.078412    0.000270    1.201972 ^ filter.x_in[4]_sky130_fd_sc_hd__and2b_2_B_X_sky130_fd_sc_hd__a21o_2_B1_X_sky130_fd_sc_hd__xnor2_2_A/A (sky130_fd_sc_hd__xnor2_1)
     2    0.008404    0.072980    0.104759    1.306730 v filter.x_in[4]_sky130_fd_sc_hd__and2b_2_B_X_sky130_fd_sc_hd__a21o_2_B1_X_sky130_fd_sc_hd__xnor2_2_A/Y (sky130_fd_sc_hd__xnor2_1)
                                                         filter.x_in[4]_sky130_fd_sc_hd__and2b_2_B_X_sky130_fd_sc_hd__a21o_2_B1_X_sky130_fd_sc_hd__xnor2_2_A_Y (net)
                      0.072980    0.000303    1.307033 v filter.x_in[3]_sky130_fd_sc_hd__a21oi_2_B1_Y_sky130_fd_sc_hd__o31a_2_A3_X_sky130_fd_sc_hd__nor2_2_A_Y_sky130_fd_sc_hd__nor3_2_B/C (sky130_fd_sc_hd__nor3_1)
     1    0.002722    0.142726    0.133410    1.440443 ^ filter.x_in[3]_sky130_fd_sc_hd__a21oi_2_B1_Y_sky130_fd_sc_hd__o31a_2_A3_X_sky130_fd_sc_hd__nor2_2_A_Y_sky130_fd_sc_hd__nor3_2_B/Y (sky130_fd_sc_hd__nor3_1)
                                                         filter.x_in[3]_sky130_fd_sc_hd__a21oi_2_B1_Y_sky130_fd_sc_hd__o31a_2_A3_X_sky130_fd_sc_hd__nor2_2_A_Y_sky130_fd_sc_hd__nor3_2_B_Y (net)
                      0.142726    0.000077    1.440520 ^ filter.y_out[4]_sky130_fd_sc_hd__dfrtp_2_Q_D_sky130_fd_sc_hd__xnor2_2_Y_B_sky130_fd_sc_hd__nor2_2_Y_A_sky130_fd_sc_hd__and3_2_X_C_sky130_fd_sc_hd__nor2_2_Y/B (sky130_fd_sc_hd__nor2_1)
     3    0.019410    0.094627    0.125384    1.565904 v filter.y_out[4]_sky130_fd_sc_hd__dfrtp_2_Q_D_sky130_fd_sc_hd__xnor2_2_Y_B_sky130_fd_sc_hd__nor2_2_Y_A_sky130_fd_sc_hd__and3_2_X_C_sky130_fd_sc_hd__nor2_2_Y/Y (sky130_fd_sc_hd__nor2_1)
                                                         filter.y_out[4]_sky130_fd_sc_hd__dfrtp_2_Q_D_sky130_fd_sc_hd__xnor2_2_Y_B_sky130_fd_sc_hd__nor2_2_Y_A_sky130_fd_sc_hd__and3_2_X_C (net)
                      0.094646    0.001122    1.567025 v filter.y_out[3]_sky130_fd_sc_hd__dfrtp_2_Q_D_sky130_fd_sc_hd__nor2_2_Y_B_sky130_fd_sc_hd__and2b_2_X_B_sky130_fd_sc_hd__xor2_2_X/A (sky130_fd_sc_hd__xor2_1)
     3    0.009558    0.218094    0.253812    1.820837 ^ filter.y_out[3]_sky130_fd_sc_hd__dfrtp_2_Q_D_sky130_fd_sc_hd__nor2_2_Y_B_sky130_fd_sc_hd__and2b_2_X_B_sky130_fd_sc_hd__xor2_2_X/X (sky130_fd_sc_hd__xor2_1)
                                                         filter.y_out[3]_sky130_fd_sc_hd__dfrtp_2_Q_D_sky130_fd_sc_hd__nor2_2_Y_B_sky130_fd_sc_hd__and2b_2_X_B (net)
                      0.218094    0.000198    1.821035 ^ filter.y_out[3]_sky130_fd_sc_hd__dfrtp_2_Q_D_sky130_fd_sc_hd__nor2_2_Y_B_sky130_fd_sc_hd__and2b_2_X/B (sky130_fd_sc_hd__and2b_1)
     1    0.002917    0.042509    0.153508    1.974543 ^ filter.y_out[3]_sky130_fd_sc_hd__dfrtp_2_Q_D_sky130_fd_sc_hd__nor2_2_Y_B_sky130_fd_sc_hd__and2b_2_X/X (sky130_fd_sc_hd__and2b_1)
                                                         filter.y_out[3]_sky130_fd_sc_hd__dfrtp_2_Q_D_sky130_fd_sc_hd__nor2_2_Y_B (net)
                      0.042509    0.000085    1.974627 ^ filter.y_out[3]_sky130_fd_sc_hd__dfrtp_2_Q_D_sky130_fd_sc_hd__nor2_2_Y/B (sky130_fd_sc_hd__nor2_1)
     1    0.003639    0.023761    0.037919    2.012547 v filter.y_out[3]_sky130_fd_sc_hd__dfrtp_2_Q_D_sky130_fd_sc_hd__nor2_2_Y/Y (sky130_fd_sc_hd__nor2_1)
                                                         filter.y_out[3]_sky130_fd_sc_hd__dfrtp_2_Q_D (net)
                      0.023761    0.000121    2.012668 v filter.y_out[3]_sky130_fd_sc_hd__dfrtp_2_Q/D (sky130_fd_sc_hd__dfrtp_4)
                                              2.012668   data arrival time

                                  0.000000    0.000000   clock clk (rise edge)
                                  0.000000    0.000000   clock source latency
     1    0.041337    0.190682    0.135170    0.135170 ^ clk (in)
                                                         clk (net)
                      0.191051    0.000000    0.135170 ^ clkbuf_0_clk/A (sky130_fd_sc_hd__clkbuf_16)
     8    0.135034    0.148108    0.254199    0.389369 ^ clkbuf_0_clk/X (sky130_fd_sc_hd__clkbuf_16)
                                                         clknet_0_clk (net)
                      0.148397    0.005399    0.394767 ^ clkbuf_3_7__f_clk/A (sky130_fd_sc_hd__clkbuf_16)
     9    0.048903    0.068416    0.183895    0.578663 ^ clkbuf_3_7__f_clk/X (sky130_fd_sc_hd__clkbuf_16)
                                                         clknet_3_7__leaf_clk (net)
                      0.068501    0.002161    0.580823 ^ filter.y_out[3]_sky130_fd_sc_hd__dfrtp_2_Q/CLK (sky130_fd_sc_hd__dfrtp_4)
                                  0.250000    0.830823   clock uncertainty
                                  0.000000    0.830823   clock reconvergence pessimism
                                 -0.028078    0.802745   library hold time
                                              0.802745   data required time
---------------------------------------------------------------------------------------------
                                              0.802745   data required time
                                             -2.012668   data arrival time
---------------------------------------------------------------------------------------------
                                              1.209923   slack (MET)


Startpoint: spi_clk (input port clocked by clk)
Endpoint: spi_in.sclk_prev_sky130_fd_sc_hd__dfrtp_2_Q
          (rising edge-triggered flip-flop clocked by clk)
Path Group: clk
Path Type: min

Fanout         Cap        Slew       Delay        Time   Description
---------------------------------------------------------------------------------------------
                                  0.000000    0.000000   clock clk (rise edge)
                                  0.000000    0.000000   clock network delay (propagated)
                                  6.000000    6.000000 v input external delay
     1    0.002641    0.008257    0.004169    6.004169 v spi_clk (in)
                                                         spi_clk (net)
                      0.008257    0.000000    6.004169 v input2/A (sky130_fd_sc_hd__clkbuf_1)
     3    0.007201    0.049697    0.092553    6.096722 v input2/X (sky130_fd_sc_hd__clkbuf_1)
                                                         net2 (net)
                      0.049697    0.000125    6.096846 v spi_in.sclk_prev_sky130_fd_sc_hd__dfrtp_2_Q/D (sky130_fd_sc_hd__dfrtp_1)
                                              6.096846   data arrival time

                                  0.000000    0.000000   clock clk (rise edge)
                                  0.000000    0.000000   clock source latency
     1    0.041337    0.190682    0.135170    0.135170 ^ clk (in)
                                                         clk (net)
                      0.191051    0.000000    0.135170 ^ clkbuf_0_clk/A (sky130_fd_sc_hd__clkbuf_16)
     8    0.135034    0.148108    0.254199    0.389369 ^ clkbuf_0_clk/X (sky130_fd_sc_hd__clkbuf_16)
                                                         clknet_0_clk (net)
                      0.149617    0.011890    0.401258 ^ clkbuf_3_4__f_clk/A (sky130_fd_sc_hd__clkbuf_16)
    13    0.055819    0.074782    0.189471    0.590730 ^ clkbuf_3_4__f_clk/X (sky130_fd_sc_hd__clkbuf_16)
                                                         clknet_3_4__leaf_clk (net)
                      0.075082    0.003291    0.594021 ^ spi_in.sclk_prev_sky130_fd_sc_hd__dfrtp_2_Q/CLK (sky130_fd_sc_hd__dfrtp_1)
                                  0.250000    0.844021   clock uncertainty
                                  0.000000    0.844021   clock reconvergence pessimism
                                 -0.040825    0.803196   library hold time
                                              0.803196   data required time
---------------------------------------------------------------------------------------------
                                              0.803196   data required time
                                             -6.096846   data arrival time
---------------------------------------------------------------------------------------------
                                              5.293651   slack (MET)


Startpoint: reset (input port clocked by clk)
Endpoint: filter.y_out[5]_sky130_fd_sc_hd__dfrtp_2_Q
          (removal check against rising-edge clock clk)
Path Group: asynchronous
Path Type: min

Fanout         Cap        Slew       Delay        Time   Description
---------------------------------------------------------------------------------------------
                                  0.000000    0.000000   clock clk (rise edge)
                                  0.000000    0.000000   clock network delay (propagated)
                                  6.000000    6.000000 v input external delay
     1    0.002600    0.008162    0.004098    6.004098 v reset (in)
                                                         reset (net)
                      0.008162    0.000000    6.004098 v input1/A (sky130_fd_sc_hd__clkbuf_1)
     1    0.003553    0.030320    0.075820    6.079918 v input1/X (sky130_fd_sc_hd__clkbuf_1)
                                                         net1 (net)
                      0.030320    0.000103    6.080021 v fanout35/A (sky130_fd_sc_hd__clkbuf_4)
     5    0.065736    0.134001    0.219853    6.299875 v fanout35/X (sky130_fd_sc_hd__clkbuf_4)
                                                         net35 (net)
                      0.134431    0.006183    6.306058 v fanout34/A (sky130_fd_sc_hd__clkbuf_4)
     5    0.041495    0.092681    0.233424    6.539483 v fanout34/X (sky130_fd_sc_hd__clkbuf_4)
                                                         net34 (net)
                      0.092690    0.000935    6.540418 v filter.y_out[5]_sky130_fd_sc_hd__dfrtp_2_Q_RESET_B_sky130_fd_sc_hd__inv_2_Y/A (sky130_fd_sc_hd__inv_2)
     1    0.003982    0.036099    0.062081    6.602499 ^ filter.y_out[5]_sky130_fd_sc_hd__dfrtp_2_Q_RESET_B_sky130_fd_sc_hd__inv_2_Y/Y (sky130_fd_sc_hd__inv_2)
                                                         filter.y_out[5]_sky130_fd_sc_hd__dfrtp_2_Q_RESET_B (net)
                      0.036099    0.000080    6.602580 ^ filter.y_out[5]_sky130_fd_sc_hd__dfrtp_2_Q/RESET_B (sky130_fd_sc_hd__dfrtp_4)
                                              6.602580   data arrival time

                                  0.000000    0.000000   clock clk (rise edge)
                                  0.000000    0.000000   clock source latency
     1    0.041337    0.190682    0.135170    0.135170 ^ clk (in)
                                                         clk (net)
                      0.191051    0.000000    0.135170 ^ clkbuf_0_clk/A (sky130_fd_sc_hd__clkbuf_16)
     8    0.135034    0.148108    0.254199    0.389369 ^ clkbuf_0_clk/X (sky130_fd_sc_hd__clkbuf_16)
                                                         clknet_0_clk (net)
                      0.148356    0.005020    0.394388 ^ clkbuf_3_6__f_clk/A (sky130_fd_sc_hd__clkbuf_16)
     9    0.058206    0.076772    0.191067    0.585455 ^ clkbuf_3_6__f_clk/X (sky130_fd_sc_hd__clkbuf_16)
                                                         clknet_3_6__leaf_clk (net)
                      0.076796    0.001328    0.586783 ^ filter.y_out[5]_sky130_fd_sc_hd__dfrtp_2_Q/CLK (sky130_fd_sc_hd__dfrtp_4)
                                  0.250000    0.836783   clock uncertainty
                                  0.000000    0.836783   clock reconvergence pessimism
                                  0.326626    1.163409   library removal time
                                              1.163409   data required time
---------------------------------------------------------------------------------------------
                                              1.163409   data required time
                                             -6.602580   data arrival time
---------------------------------------------------------------------------------------------
                                              5.439170   slack (MET)


Startpoint: reset (input port clocked by clk)
Endpoint: spi_out.shift_reg[4]_sky130_fd_sc_hd__dfrtp_2_Q
          (removal check against rising-edge clock clk)
Path Group: asynchronous
Path Type: min

Fanout         Cap        Slew       Delay        Time   Description
---------------------------------------------------------------------------------------------
                                  0.000000    0.000000   clock clk (rise edge)
                                  0.000000    0.000000   clock network delay (propagated)
                                  6.000000    6.000000 v input external delay
     1    0.002600    0.008162    0.004098    6.004098 v reset (in)
                                                         reset (net)
                      0.008162    0.000000    6.004098 v input1/A (sky130_fd_sc_hd__clkbuf_1)
     1    0.003553    0.030320    0.075820    6.079918 v input1/X (sky130_fd_sc_hd__clkbuf_1)
                                                         net1 (net)
                      0.030320    0.000103    6.080021 v fanout35/A (sky130_fd_sc_hd__clkbuf_4)
     5    0.065736    0.134001    0.219853    6.299875 v fanout35/X (sky130_fd_sc_hd__clkbuf_4)
                                                         net35 (net)
                      0.134022    0.001433    6.301308 v fanout30/A (sky130_fd_sc_hd__clkbuf_4)
     5    0.046095    0.101693    0.238465    6.539773 v fanout30/X (sky130_fd_sc_hd__clkbuf_4)
                                                         net30 (net)
                      0.101794    0.002923    6.542696 v spi_out.shift_reg[4]_sky130_fd_sc_hd__dfrtp_2_Q_RESET_B_sky130_fd_sc_hd__inv_2_Y/A (sky130_fd_sc_hd__inv_2)
     1    0.003982    0.038040    0.065343    6.608039 ^ spi_out.shift_reg[4]_sky130_fd_sc_hd__dfrtp_2_Q_RESET_B_sky130_fd_sc_hd__inv_2_Y/Y (sky130_fd_sc_hd__inv_2)
                                                         spi_out.shift_reg[4]_sky130_fd_sc_hd__dfrtp_2_Q_RESET_B (net)
                      0.038040    0.000080    6.608119 ^ spi_out.shift_reg[4]_sky130_fd_sc_hd__dfrtp_2_Q/RESET_B (sky130_fd_sc_hd__dfrtp_1)
                                              6.608119   data arrival time

                                  0.000000    0.000000   clock clk (rise edge)
                                  0.000000    0.000000   clock source latency
     1    0.041337    0.190682    0.135170    0.135170 ^ clk (in)
                                                         clk (net)
                      0.191051    0.000000    0.135170 ^ clkbuf_0_clk/A (sky130_fd_sc_hd__clkbuf_16)
     8    0.135034    0.148108    0.254199    0.389369 ^ clkbuf_0_clk/X (sky130_fd_sc_hd__clkbuf_16)
                                                         clknet_0_clk (net)
                      0.149617    0.011890    0.401258 ^ clkbuf_3_4__f_clk/A (sky130_fd_sc_hd__clkbuf_16)
    13    0.055819    0.074782    0.189471    0.590730 ^ clkbuf_3_4__f_clk/X (sky130_fd_sc_hd__clkbuf_16)
                                                         clknet_3_4__leaf_clk (net)
                      0.074808    0.001472    0.592201 ^ spi_out.shift_reg[4]_sky130_fd_sc_hd__dfrtp_2_Q/CLK (sky130_fd_sc_hd__dfrtp_1)
                                  0.250000    0.842201   clock uncertainty
                                  0.000000    0.842201   clock reconvergence pessimism
                                  0.326460    1.168661   library removal time
                                              1.168661   data required time
---------------------------------------------------------------------------------------------
                                              1.168661   data required time
                                             -6.608119   data arrival time
---------------------------------------------------------------------------------------------
                                              5.439458   slack (MET)


Startpoint: reset (input port clocked by clk)
Endpoint: spi_out.shift_reg[5]_sky130_fd_sc_hd__dfrtp_2_Q
          (removal check against rising-edge clock clk)
Path Group: asynchronous
Path Type: min

Fanout         Cap        Slew       Delay        Time   Description
---------------------------------------------------------------------------------------------
                                  0.000000    0.000000   clock clk (rise edge)
                                  0.000000    0.000000   clock network delay (propagated)
                                  6.000000    6.000000 v input external delay
     1    0.002600    0.008162    0.004098    6.004098 v reset (in)
                                                         reset (net)
                      0.008162    0.000000    6.004098 v input1/A (sky130_fd_sc_hd__clkbuf_1)
     1    0.003553    0.030320    0.075820    6.079918 v input1/X (sky130_fd_sc_hd__clkbuf_1)
                                                         net1 (net)
                      0.030320    0.000103    6.080021 v fanout35/A (sky130_fd_sc_hd__clkbuf_4)
     5    0.065736    0.134001    0.219853    6.299875 v fanout35/X (sky130_fd_sc_hd__clkbuf_4)
                                                         net35 (net)
                      0.134022    0.001433    6.301308 v fanout30/A (sky130_fd_sc_hd__clkbuf_4)
     5    0.046095    0.101693    0.238465    6.539773 v fanout30/X (sky130_fd_sc_hd__clkbuf_4)
                                                         net30 (net)
                      0.101907    0.004102    6.543875 v spi_out.shift_reg[5]_sky130_fd_sc_hd__dfrtp_2_Q_RESET_B_sky130_fd_sc_hd__inv_2_Y/A (sky130_fd_sc_hd__inv_2)
     1    0.003937    0.037881    0.065147    6.609022 ^ spi_out.shift_reg[5]_sky130_fd_sc_hd__dfrtp_2_Q_RESET_B_sky130_fd_sc_hd__inv_2_Y/Y (sky130_fd_sc_hd__inv_2)
                                                         spi_out.shift_reg[5]_sky130_fd_sc_hd__dfrtp_2_Q_RESET_B (net)
                      0.037882    0.000080    6.609101 ^ spi_out.shift_reg[5]_sky130_fd_sc_hd__dfrtp_2_Q/RESET_B (sky130_fd_sc_hd__dfrtp_1)
                                              6.609101   data arrival time

                                  0.000000    0.000000   clock clk (rise edge)
                                  0.000000    0.000000   clock source latency
     1    0.041337    0.190682    0.135170    0.135170 ^ clk (in)
                                                         clk (net)
                      0.191051    0.000000    0.135170 ^ clkbuf_0_clk/A (sky130_fd_sc_hd__clkbuf_16)
     8    0.135034    0.148108    0.254199    0.389369 ^ clkbuf_0_clk/X (sky130_fd_sc_hd__clkbuf_16)
                                                         clknet_0_clk (net)
                      0.149617    0.011890    0.401258 ^ clkbuf_3_4__f_clk/A (sky130_fd_sc_hd__clkbuf_16)
    13    0.055819    0.074782    0.189471    0.590730 ^ clkbuf_3_4__f_clk/X (sky130_fd_sc_hd__clkbuf_16)
                                                         clknet_3_4__leaf_clk (net)
                      0.074932    0.002002    0.592731 ^ spi_out.shift_reg[5]_sky130_fd_sc_hd__dfrtp_2_Q/CLK (sky130_fd_sc_hd__dfrtp_1)
                                  0.250000    0.842731   clock uncertainty
                                  0.000000    0.842731   clock reconvergence pessimism
                                  0.326451    1.169182   library removal time
                                              1.169182   data required time
---------------------------------------------------------------------------------------------
                                              1.169182   data required time
                                             -6.609101   data arrival time
---------------------------------------------------------------------------------------------
                                              5.439920   slack (MET)


Startpoint: reset (input port clocked by clk)
Endpoint: spi_out.shift_reg[3]_sky130_fd_sc_hd__dfrtp_2_Q
          (removal check against rising-edge clock clk)
Path Group: asynchronous
Path Type: min

Fanout         Cap        Slew       Delay        Time   Description
---------------------------------------------------------------------------------------------
                                  0.000000    0.000000   clock clk (rise edge)
                                  0.000000    0.000000   clock network delay (propagated)
                                  6.000000    6.000000 v input external delay
     1    0.002600    0.008162    0.004098    6.004098 v reset (in)
                                                         reset (net)
                      0.008162    0.000000    6.004098 v input1/A (sky130_fd_sc_hd__clkbuf_1)
     1    0.003553    0.030320    0.075820    6.079918 v input1/X (sky130_fd_sc_hd__clkbuf_1)
                                                         net1 (net)
                      0.030320    0.000103    6.080021 v fanout35/A (sky130_fd_sc_hd__clkbuf_4)
     5    0.065736    0.134001    0.219853    6.299875 v fanout35/X (sky130_fd_sc_hd__clkbuf_4)
                                                         net35 (net)
                      0.134022    0.001433    6.301308 v fanout30/A (sky130_fd_sc_hd__clkbuf_4)
     5    0.046095    0.101693    0.238465    6.539773 v fanout30/X (sky130_fd_sc_hd__clkbuf_4)
                                                         net30 (net)
                      0.101868    0.003744    6.543517 v spi_out.shift_reg[3]_sky130_fd_sc_hd__dfrtp_2_Q_RESET_B_sky130_fd_sc_hd__inv_2_Y/A (sky130_fd_sc_hd__inv_2)
     1    0.004112    0.038590    0.066076    6.609592 ^ spi_out.shift_reg[3]_sky130_fd_sc_hd__dfrtp_2_Q_RESET_B_sky130_fd_sc_hd__inv_2_Y/Y (sky130_fd_sc_hd__inv_2)
                                                         spi_out.shift_reg[3]_sky130_fd_sc_hd__dfrtp_2_Q_RESET_B (net)
                      0.038590    0.000047    6.609640 ^ spi_out.shift_reg[3]_sky130_fd_sc_hd__dfrtp_2_Q/RESET_B (sky130_fd_sc_hd__dfrtp_1)
                                              6.609640   data arrival time

                                  0.000000    0.000000   clock clk (rise edge)
                                  0.000000    0.000000   clock source latency
     1    0.041337    0.190682    0.135170    0.135170 ^ clk (in)
                                                         clk (net)
                      0.191051    0.000000    0.135170 ^ clkbuf_0_clk/A (sky130_fd_sc_hd__clkbuf_16)
     8    0.135034    0.148108    0.254199    0.389369 ^ clkbuf_0_clk/X (sky130_fd_sc_hd__clkbuf_16)
                                                         clknet_0_clk (net)
                      0.149617    0.011890    0.401258 ^ clkbuf_3_4__f_clk/A (sky130_fd_sc_hd__clkbuf_16)
    13    0.055819    0.074782    0.189471    0.590730 ^ clkbuf_3_4__f_clk/X (sky130_fd_sc_hd__clkbuf_16)
                                                         clknet_3_4__leaf_clk (net)
                      0.074794    0.001162    0.591892 ^ spi_out.shift_reg[3]_sky130_fd_sc_hd__dfrtp_2_Q/CLK (sky130_fd_sc_hd__dfrtp_1)
                                  0.250000    0.841892   clock uncertainty
                                  0.000000    0.841892   clock reconvergence pessimism
                                  0.326608    1.168500   library removal time
                                              1.168500   data required time
---------------------------------------------------------------------------------------------
                                              1.168500   data required time
                                             -6.609640   data arrival time
---------------------------------------------------------------------------------------------
                                              5.441140   slack (MET)


Startpoint: reset (input port clocked by clk)
Endpoint: filter.y_out[7]_sky130_fd_sc_hd__dfrtp_2_Q
          (removal check against rising-edge clock clk)
Path Group: asynchronous
Path Type: min

Fanout         Cap        Slew       Delay        Time   Description
---------------------------------------------------------------------------------------------
                                  0.000000    0.000000   clock clk (rise edge)
                                  0.000000    0.000000   clock network delay (propagated)
                                  6.000000    6.000000 v input external delay
     1    0.002600    0.008162    0.004098    6.004098 v reset (in)
                                                         reset (net)
                      0.008162    0.000000    6.004098 v input1/A (sky130_fd_sc_hd__clkbuf_1)
     1    0.003553    0.030320    0.075820    6.079918 v input1/X (sky130_fd_sc_hd__clkbuf_1)
                                                         net1 (net)
                      0.030320    0.000103    6.080021 v fanout35/A (sky130_fd_sc_hd__clkbuf_4)
     5    0.065736    0.134001    0.219853    6.299875 v fanout35/X (sky130_fd_sc_hd__clkbuf_4)
                                                         net35 (net)
                      0.134022    0.001433    6.301308 v fanout30/A (sky130_fd_sc_hd__clkbuf_4)
     5    0.046095    0.101693    0.238465    6.539773 v fanout30/X (sky130_fd_sc_hd__clkbuf_4)
                                                         net30 (net)
                      0.102035    0.005088    6.544861 v filter.y_out[7]_sky130_fd_sc_hd__dfrtp_2_Q_RESET_B_sky130_fd_sc_hd__inv_2_Y/A (sky130_fd_sc_hd__inv_2)
     1    0.003980    0.038082    0.065418    6.610279 ^ filter.y_out[7]_sky130_fd_sc_hd__dfrtp_2_Q_RESET_B_sky130_fd_sc_hd__inv_2_Y/Y (sky130_fd_sc_hd__inv_2)
                                                         filter.y_out[7]_sky130_fd_sc_hd__dfrtp_2_Q_RESET_B (net)
                      0.038082    0.000080    6.610359 ^ filter.y_out[7]_sky130_fd_sc_hd__dfrtp_2_Q/RESET_B (sky130_fd_sc_hd__dfrtp_4)
                                              6.610359   data arrival time

                                  0.000000    0.000000   clock clk (rise edge)
                                  0.000000    0.000000   clock source latency
     1    0.041337    0.190682    0.135170    0.135170 ^ clk (in)
                                                         clk (net)
                      0.191051    0.000000    0.135170 ^ clkbuf_0_clk/A (sky130_fd_sc_hd__clkbuf_16)
     8    0.135034    0.148108    0.254199    0.389369 ^ clkbuf_0_clk/X (sky130_fd_sc_hd__clkbuf_16)
                                                         clknet_0_clk (net)
                      0.148356    0.005020    0.394388 ^ clkbuf_3_6__f_clk/A (sky130_fd_sc_hd__clkbuf_16)
     9    0.058206    0.076772    0.191067    0.585455 ^ clkbuf_3_6__f_clk/X (sky130_fd_sc_hd__clkbuf_16)
                                                         clknet_3_6__leaf_clk (net)
                      0.076867    0.002364    0.587819 ^ filter.y_out[7]_sky130_fd_sc_hd__dfrtp_2_Q/CLK (sky130_fd_sc_hd__dfrtp_4)
                                  0.250000    0.837819   clock uncertainty
                                  0.000000    0.837819   clock reconvergence pessimism
                                  0.327190    1.165009   library removal time
                                              1.165009   data required time
---------------------------------------------------------------------------------------------
                                              1.165009   data required time
                                             -6.610359   data arrival time
---------------------------------------------------------------------------------------------
                                              5.445350   slack (MET)


Startpoint: reset (input port clocked by clk)
Endpoint: filter.y_out[6]_sky130_fd_sc_hd__dfrtp_2_Q
          (removal check against rising-edge clock clk)
Path Group: asynchronous
Path Type: min

Fanout         Cap        Slew       Delay        Time   Description
---------------------------------------------------------------------------------------------
                                  0.000000    0.000000   clock clk (rise edge)
                                  0.000000    0.000000   clock network delay (propagated)
                                  6.000000    6.000000 v input external delay
     1    0.002600    0.008162    0.004098    6.004098 v reset (in)
                                                         reset (net)
                      0.008162    0.000000    6.004098 v input1/A (sky130_fd_sc_hd__clkbuf_1)
     1    0.003553    0.030320    0.075820    6.079918 v input1/X (sky130_fd_sc_hd__clkbuf_1)
                                                         net1 (net)
                      0.030320    0.000103    6.080021 v fanout35/A (sky130_fd_sc_hd__clkbuf_4)
     5    0.065736    0.134001    0.219853    6.299875 v fanout35/X (sky130_fd_sc_hd__clkbuf_4)
                                                         net35 (net)
                      0.134436    0.006218    6.306092 v fanout33/A (sky130_fd_sc_hd__clkbuf_8)
    10    0.084295    0.097209    0.238580    6.544672 v fanout33/X (sky130_fd_sc_hd__clkbuf_8)
                                                         net33 (net)
                      0.097378    0.003351    6.548024 v filter.y_out[6]_sky130_fd_sc_hd__dfrtp_2_Q_RESET_B_sky130_fd_sc_hd__inv_2_Y/A (sky130_fd_sc_hd__inv_2)
     1    0.003942    0.036936    0.063570    6.611594 ^ filter.y_out[6]_sky130_fd_sc_hd__dfrtp_2_Q_RESET_B_sky130_fd_sc_hd__inv_2_Y/Y (sky130_fd_sc_hd__inv_2)
                                                         filter.y_out[6]_sky130_fd_sc_hd__dfrtp_2_Q_RESET_B (net)
                      0.036936    0.000044    6.611638 ^ filter.y_out[6]_sky130_fd_sc_hd__dfrtp_2_Q/RESET_B (sky130_fd_sc_hd__dfrtp_1)
                                              6.611638   data arrival time

                                  0.000000    0.000000   clock clk (rise edge)
                                  0.000000    0.000000   clock source latency
     1    0.041337    0.190682    0.135170    0.135170 ^ clk (in)
                                                         clk (net)
                      0.191051    0.000000    0.135170 ^ clkbuf_0_clk/A (sky130_fd_sc_hd__clkbuf_16)
     8    0.135034    0.148108    0.254199    0.389369 ^ clkbuf_0_clk/X (sky130_fd_sc_hd__clkbuf_16)
                                                         clknet_0_clk (net)
                      0.148356    0.005020    0.394388 ^ clkbuf_3_6__f_clk/A (sky130_fd_sc_hd__clkbuf_16)
     9    0.058206    0.076772    0.191067    0.585455 ^ clkbuf_3_6__f_clk/X (sky130_fd_sc_hd__clkbuf_16)
                                                         clknet_3_6__leaf_clk (net)
                      0.076857    0.002247    0.587702 ^ filter.y_out[6]_sky130_fd_sc_hd__dfrtp_2_Q/CLK (sky130_fd_sc_hd__dfrtp_1)
                                  0.250000    0.837702   clock uncertainty
                                  0.000000    0.837702   clock reconvergence pessimism
                                  0.326715    1.164418   library removal time
                                              1.164418   data required time
---------------------------------------------------------------------------------------------
                                              1.164418   data required time
                                             -6.611638   data arrival time
---------------------------------------------------------------------------------------------
                                              5.447220   slack (MET)


Startpoint: reset (input port clocked by clk)
Endpoint: spi_in.shift_reg[2]_sky130_fd_sc_hd__dfrtp_2_Q
          (removal check against rising-edge clock clk)
Path Group: asynchronous
Path Type: min

Fanout         Cap        Slew       Delay        Time   Description
---------------------------------------------------------------------------------------------
                                  0.000000    0.000000   clock clk (rise edge)
                                  0.000000    0.000000   clock network delay (propagated)
                                  6.000000    6.000000 v input external delay
     1    0.002600    0.008162    0.004098    6.004098 v reset (in)
                                                         reset (net)
                      0.008162    0.000000    6.004098 v input1/A (sky130_fd_sc_hd__clkbuf_1)
     1    0.003553    0.030320    0.075820    6.079918 v input1/X (sky130_fd_sc_hd__clkbuf_1)
                                                         net1 (net)
                      0.030320    0.000103    6.080021 v fanout35/A (sky130_fd_sc_hd__clkbuf_4)
     5    0.065736    0.134001    0.219853    6.299875 v fanout35/X (sky130_fd_sc_hd__clkbuf_4)
                                                         net35 (net)
                      0.134431    0.006183    6.306058 v fanout34/A (sky130_fd_sc_hd__clkbuf_4)
     5    0.041495    0.092681    0.233424    6.539483 v fanout34/X (sky130_fd_sc_hd__clkbuf_4)
                                                         net34 (net)
                      0.092718    0.001735    6.541217 v spi_in.shift_reg[2]_sky130_fd_sc_hd__dfrtp_2_Q_RESET_B_sky130_fd_sc_hd__inv_2_Y/A (sky130_fd_sc_hd__inv_2)
     1    0.004271    0.037243    0.063523    6.604740 ^ spi_in.shift_reg[2]_sky130_fd_sc_hd__dfrtp_2_Q_RESET_B_sky130_fd_sc_hd__inv_2_Y/Y (sky130_fd_sc_hd__inv_2)
                                                         spi_in.shift_reg[2]_sky130_fd_sc_hd__dfrtp_2_Q_RESET_B (net)
                      0.037243    0.000091    6.604831 ^ spi_in.shift_reg[2]_sky130_fd_sc_hd__dfrtp_2_Q/RESET_B (sky130_fd_sc_hd__dfrtp_1)
                                              6.604831   data arrival time

                                  0.000000    0.000000   clock clk (rise edge)
                                  0.000000    0.000000   clock source latency
     1    0.041337    0.190682    0.135170    0.135170 ^ clk (in)
                                                         clk (net)
                      0.191051    0.000000    0.135170 ^ clkbuf_0_clk/A (sky130_fd_sc_hd__clkbuf_16)
     8    0.135034    0.148108    0.254199    0.389369 ^ clkbuf_0_clk/X (sky130_fd_sc_hd__clkbuf_16)
                                                         clknet_0_clk (net)
                      0.148397    0.005399    0.394767 ^ clkbuf_3_7__f_clk/A (sky130_fd_sc_hd__clkbuf_16)
     9    0.048903    0.068416    0.183895    0.578663 ^ clkbuf_3_7__f_clk/X (sky130_fd_sc_hd__clkbuf_16)
                                                         clknet_3_7__leaf_clk (net)
                      0.068657    0.002747    0.581409 ^ spi_in.shift_reg[2]_sky130_fd_sc_hd__dfrtp_2_Q/CLK (sky130_fd_sc_hd__dfrtp_1)
                                  0.250000    0.831409   clock uncertainty
                                  0.000000    0.831409   clock reconvergence pessimism
                                  0.324564    1.155973   library removal time
                                              1.155973   data required time
---------------------------------------------------------------------------------------------
                                              1.155973   data required time
                                             -6.604831   data arrival time
---------------------------------------------------------------------------------------------
                                              5.448857   slack (MET)


Startpoint: reset (input port clocked by clk)
Endpoint: spi_in.shift_reg[1]_sky130_fd_sc_hd__dfrtp_2_Q
          (removal check against rising-edge clock clk)
Path Group: asynchronous
Path Type: min

Fanout         Cap        Slew       Delay        Time   Description
---------------------------------------------------------------------------------------------
                                  0.000000    0.000000   clock clk (rise edge)
                                  0.000000    0.000000   clock network delay (propagated)
                                  6.000000    6.000000 v input external delay
     1    0.002600    0.008162    0.004098    6.004098 v reset (in)
                                                         reset (net)
                      0.008162    0.000000    6.004098 v input1/A (sky130_fd_sc_hd__clkbuf_1)
     1    0.003553    0.030320    0.075820    6.079918 v input1/X (sky130_fd_sc_hd__clkbuf_1)
                                                         net1 (net)
                      0.030320    0.000103    6.080021 v fanout35/A (sky130_fd_sc_hd__clkbuf_4)
     5    0.065736    0.134001    0.219853    6.299875 v fanout35/X (sky130_fd_sc_hd__clkbuf_4)
                                                         net35 (net)
                      0.134431    0.006183    6.306058 v fanout34/A (sky130_fd_sc_hd__clkbuf_4)
     5    0.041495    0.092681    0.233424    6.539483 v fanout34/X (sky130_fd_sc_hd__clkbuf_4)
                                                         net34 (net)
                      0.092726    0.001878    6.541361 v spi_in.shift_reg[1]_sky130_fd_sc_hd__dfrtp_2_Q_RESET_B_sky130_fd_sc_hd__inv_2_Y/A (sky130_fd_sc_hd__inv_2)
     1    0.004484    0.038008    0.064417    6.605778 ^ spi_in.shift_reg[1]_sky130_fd_sc_hd__dfrtp_2_Q_RESET_B_sky130_fd_sc_hd__inv_2_Y/Y (sky130_fd_sc_hd__inv_2)
                                                         spi_in.shift_reg[1]_sky130_fd_sc_hd__dfrtp_2_Q_RESET_B (net)
                      0.038008    0.000102    6.605880 ^ spi_in.shift_reg[1]_sky130_fd_sc_hd__dfrtp_2_Q/RESET_B (sky130_fd_sc_hd__dfrtp_1)
                                              6.605880   data arrival time

                                  0.000000    0.000000   clock clk (rise edge)
                                  0.000000    0.000000   clock source latency
     1    0.041337    0.190682    0.135170    0.135170 ^ clk (in)
                                                         clk (net)
                      0.191051    0.000000    0.135170 ^ clkbuf_0_clk/A (sky130_fd_sc_hd__clkbuf_16)
     8    0.135034    0.148108    0.254199    0.389369 ^ clkbuf_0_clk/X (sky130_fd_sc_hd__clkbuf_16)
                                                         clknet_0_clk (net)
                      0.148397    0.005399    0.394767 ^ clkbuf_3_7__f_clk/A (sky130_fd_sc_hd__clkbuf_16)
     9    0.048903    0.068416    0.183895    0.578663 ^ clkbuf_3_7__f_clk/X (sky130_fd_sc_hd__clkbuf_16)
                                                         clknet_3_7__leaf_clk (net)
                      0.068737    0.003321    0.581983 ^ spi_in.shift_reg[1]_sky130_fd_sc_hd__dfrtp_2_Q/CLK (sky130_fd_sc_hd__dfrtp_1)
                                  0.250000    0.831983   clock uncertainty
                                  0.000000    0.831983   clock reconvergence pessimism
                                  0.324796    1.156780   library removal time
                                              1.156780   data required time
---------------------------------------------------------------------------------------------
                                              1.156780   data required time
                                             -6.605880   data arrival time
---------------------------------------------------------------------------------------------
                                              5.449100   slack (MET)


Startpoint: reset (input port clocked by clk)
Endpoint: spi_in.shift_reg[3]_sky130_fd_sc_hd__dfrtp_2_Q
          (removal check against rising-edge clock clk)
Path Group: asynchronous
Path Type: min

Fanout         Cap        Slew       Delay        Time   Description
---------------------------------------------------------------------------------------------
                                  0.000000    0.000000   clock clk (rise edge)
                                  0.000000    0.000000   clock network delay (propagated)
                                  6.000000    6.000000 v input external delay
     1    0.002600    0.008162    0.004098    6.004098 v reset (in)
                                                         reset (net)
                      0.008162    0.000000    6.004098 v input1/A (sky130_fd_sc_hd__clkbuf_1)
     1    0.003553    0.030320    0.075820    6.079918 v input1/X (sky130_fd_sc_hd__clkbuf_1)
                                                         net1 (net)
                      0.030320    0.000103    6.080021 v fanout35/A (sky130_fd_sc_hd__clkbuf_4)
     5    0.065736    0.134001    0.219853    6.299875 v fanout35/X (sky130_fd_sc_hd__clkbuf_4)
                                                         net35 (net)
                      0.134431    0.006183    6.306058 v fanout34/A (sky130_fd_sc_hd__clkbuf_4)
     5    0.041495    0.092681    0.233424    6.539483 v fanout34/X (sky130_fd_sc_hd__clkbuf_4)
                                                         net34 (net)
                      0.092731    0.001980    6.541463 v spi_in.shift_reg[3]_sky130_fd_sc_hd__dfrtp_2_Q_RESET_B_sky130_fd_sc_hd__inv_2_Y/A (sky130_fd_sc_hd__inv_2)
     1    0.004209    0.036999    0.063237    6.604700 ^ spi_in.shift_reg[3]_sky130_fd_sc_hd__dfrtp_2_Q_RESET_B_sky130_fd_sc_hd__inv_2_Y/Y (sky130_fd_sc_hd__inv_2)
                                                         spi_in.shift_reg[3]_sky130_fd_sc_hd__dfrtp_2_Q_RESET_B (net)
                      0.036999    0.000053    6.604753 ^ spi_in.shift_reg[3]_sky130_fd_sc_hd__dfrtp_2_Q/RESET_B (sky130_fd_sc_hd__dfrtp_1)
                                              6.604753   data arrival time

                                  0.000000    0.000000   clock clk (rise edge)
                                  0.000000    0.000000   clock source latency
     1    0.041337    0.190682    0.135170    0.135170 ^ clk (in)
                                                         clk (net)
                      0.191051    0.000000    0.135170 ^ clkbuf_0_clk/A (sky130_fd_sc_hd__clkbuf_16)
     8    0.135034    0.148108    0.254199    0.389369 ^ clkbuf_0_clk/X (sky130_fd_sc_hd__clkbuf_16)
                                                         clknet_0_clk (net)
                      0.148397    0.005399    0.394767 ^ clkbuf_3_7__f_clk/A (sky130_fd_sc_hd__clkbuf_16)
     9    0.048903    0.068416    0.183895    0.578663 ^ clkbuf_3_7__f_clk/X (sky130_fd_sc_hd__clkbuf_16)
                                                         clknet_3_7__leaf_clk (net)
                      0.068510    0.002258    0.580921 ^ spi_in.shift_reg[3]_sky130_fd_sc_hd__dfrtp_2_Q/CLK (sky130_fd_sc_hd__dfrtp_1)
                                  0.250000    0.830921   clock uncertainty
                                  0.000000    0.830921   clock reconvergence pessimism
                                  0.324457    1.155378   library removal time
                                              1.155378   data required time
---------------------------------------------------------------------------------------------
                                              1.155378   data required time
                                             -6.604753   data arrival time
---------------------------------------------------------------------------------------------
                                              5.449375   slack (MET)


Startpoint: reset (input port clocked by clk)
Endpoint: filter.y_out[4]_sky130_fd_sc_hd__dfrtp_2_Q
          (removal check against rising-edge clock clk)
Path Group: asynchronous
Path Type: min

Fanout         Cap        Slew       Delay        Time   Description
---------------------------------------------------------------------------------------------
                                  0.000000    0.000000   clock clk (rise edge)
                                  0.000000    0.000000   clock network delay (propagated)
                                  6.000000    6.000000 v input external delay
     1    0.002600    0.008162    0.004098    6.004098 v reset (in)
                                                         reset (net)
                      0.008162    0.000000    6.004098 v input1/A (sky130_fd_sc_hd__clkbuf_1)
     1    0.003553    0.030320    0.075820    6.079918 v input1/X (sky130_fd_sc_hd__clkbuf_1)
                                                         net1 (net)
                      0.030320    0.000103    6.080021 v fanout35/A (sky130_fd_sc_hd__clkbuf_4)
     5    0.065736    0.134001    0.219853    6.299875 v fanout35/X (sky130_fd_sc_hd__clkbuf_4)
                                                         net35 (net)
                      0.134431    0.006183    6.306058 v fanout34/A (sky130_fd_sc_hd__clkbuf_4)
     5    0.041495    0.092681    0.233424    6.539483 v fanout34/X (sky130_fd_sc_hd__clkbuf_4)
                                                         net34 (net)
                      0.092684    0.000650    6.540132 v filter.y_out[4]_sky130_fd_sc_hd__dfrtp_2_Q_RESET_B_sky130_fd_sc_hd__inv_2_Y/A (sky130_fd_sc_hd__inv_2)
     1    0.004276    0.037258    0.063538    6.603670 ^ filter.y_out[4]_sky130_fd_sc_hd__dfrtp_2_Q_RESET_B_sky130_fd_sc_hd__inv_2_Y/Y (sky130_fd_sc_hd__inv_2)
                                                         filter.y_out[4]_sky130_fd_sc_hd__dfrtp_2_Q_RESET_B (net)
                      0.037258    0.000090    6.603760 ^ filter.y_out[4]_sky130_fd_sc_hd__dfrtp_2_Q/RESET_B (sky130_fd_sc_hd__dfrtp_1)
                                              6.603760   data arrival time

                                  0.000000    0.000000   clock clk (rise edge)
                                  0.000000    0.000000   clock source latency
     1    0.041337    0.190682    0.135170    0.135170 ^ clk (in)
                                                         clk (net)
                      0.191051    0.000000    0.135170 ^ clkbuf_0_clk/A (sky130_fd_sc_hd__clkbuf_16)
     8    0.135034    0.148108    0.254199    0.389369 ^ clkbuf_0_clk/X (sky130_fd_sc_hd__clkbuf_16)
                                                         clknet_0_clk (net)
                      0.148397    0.005399    0.394767 ^ clkbuf_3_7__f_clk/A (sky130_fd_sc_hd__clkbuf_16)
     9    0.048903    0.068416    0.183895    0.578663 ^ clkbuf_3_7__f_clk/X (sky130_fd_sc_hd__clkbuf_16)
                                                         clknet_3_7__leaf_clk (net)
                      0.068425    0.001016    0.579678 ^ filter.y_out[4]_sky130_fd_sc_hd__dfrtp_2_Q/CLK (sky130_fd_sc_hd__dfrtp_1)
                                  0.250000    0.829678   clock uncertainty
                                  0.000000    0.829678   clock reconvergence pessimism
                                  0.324505    1.154184   library removal time
                                              1.154184   data required time
---------------------------------------------------------------------------------------------
                                              1.154184   data required time
                                             -6.603760   data arrival time
---------------------------------------------------------------------------------------------
                                              5.449577   slack (MET)


Startpoint: reset (input port clocked by clk)
Endpoint: spi_out.bit_cnt[2]_sky130_fd_sc_hd__dfrtp_2_Q
          (removal check against rising-edge clock clk)
Path Group: asynchronous
Path Type: min

Fanout         Cap        Slew       Delay        Time   Description
---------------------------------------------------------------------------------------------
                                  0.000000    0.000000   clock clk (rise edge)
                                  0.000000    0.000000   clock network delay (propagated)
                                  6.000000    6.000000 v input external delay
     1    0.002600    0.008162    0.004098    6.004098 v reset (in)
                                                         reset (net)
                      0.008162    0.000000    6.004098 v input1/A (sky130_fd_sc_hd__clkbuf_1)
     1    0.003553    0.030320    0.075820    6.079918 v input1/X (sky130_fd_sc_hd__clkbuf_1)
                                                         net1 (net)
                      0.030320    0.000103    6.080021 v fanout35/A (sky130_fd_sc_hd__clkbuf_4)
     5    0.065736    0.134001    0.219853    6.299875 v fanout35/X (sky130_fd_sc_hd__clkbuf_4)
                                                         net35 (net)
                      0.134008    0.000862    6.300737 v fanout32/A (sky130_fd_sc_hd__clkbuf_4)
     8    0.052024    0.109170    0.247368    6.548105 v fanout32/X (sky130_fd_sc_hd__clkbuf_4)
                                                         net32 (net)
                      0.109207    0.002057    6.550162 v spi_out.bit_cnt[2]_sky130_fd_sc_hd__dfrtp_2_Q_RESET_B_sky130_fd_sc_hd__inv_2_Y/A (sky130_fd_sc_hd__inv_2)
     1    0.003844    0.039040    0.067236    6.617398 ^ spi_out.bit_cnt[2]_sky130_fd_sc_hd__dfrtp_2_Q_RESET_B_sky130_fd_sc_hd__inv_2_Y/Y (sky130_fd_sc_hd__inv_2)
                                                         spi_out.bit_cnt[2]_sky130_fd_sc_hd__dfrtp_2_Q_RESET_B (net)
                      0.039040    0.000075    6.617473 ^ spi_out.bit_cnt[2]_sky130_fd_sc_hd__dfrtp_2_Q/RESET_B (sky130_fd_sc_hd__dfrtp_1)
                                              6.617473   data arrival time

                                  0.000000    0.000000   clock clk (rise edge)
                                  0.000000    0.000000   clock source latency
     1    0.041337    0.190682    0.135170    0.135170 ^ clk (in)
                                                         clk (net)
                      0.191051    0.000000    0.135170 ^ clkbuf_0_clk/A (sky130_fd_sc_hd__clkbuf_16)
     8    0.135034    0.148108    0.254199    0.389369 ^ clkbuf_0_clk/X (sky130_fd_sc_hd__clkbuf_16)
                                                         clknet_0_clk (net)
                      0.149795    0.012557    0.401926 ^ clkbuf_3_5__f_clk/A (sky130_fd_sc_hd__clkbuf_16)
    13    0.053061    0.072094    0.187922    0.589848 ^ clkbuf_3_5__f_clk/X (sky130_fd_sc_hd__clkbuf_16)
                                                         clknet_3_5__leaf_clk (net)
                      0.072138    0.001601    0.591449 ^ spi_out.bit_cnt[2]_sky130_fd_sc_hd__dfrtp_2_Q/CLK (sky130_fd_sc_hd__dfrtp_1)
                                  0.250000    0.841449   clock uncertainty
                                  0.000000    0.841449   clock reconvergence pessimism
                                  0.326007    1.167457   library removal time
                                              1.167457   data required time
---------------------------------------------------------------------------------------------
                                              1.167457   data required time
                                             -6.617473   data arrival time
---------------------------------------------------------------------------------------------
                                              5.450016   slack (MET)


Startpoint: reset (input port clocked by clk)
Endpoint: spi_out.bit_cnt[1]_sky130_fd_sc_hd__dfrtp_2_Q
          (removal check against rising-edge clock clk)
Path Group: asynchronous
Path Type: min

Fanout         Cap        Slew       Delay        Time   Description
---------------------------------------------------------------------------------------------
                                  0.000000    0.000000   clock clk (rise edge)
                                  0.000000    0.000000   clock network delay (propagated)
                                  6.000000    6.000000 v input external delay
     1    0.002600    0.008162    0.004098    6.004098 v reset (in)
                                                         reset (net)
                      0.008162    0.000000    6.004098 v input1/A (sky130_fd_sc_hd__clkbuf_1)
     1    0.003553    0.030320    0.075820    6.079918 v input1/X (sky130_fd_sc_hd__clkbuf_1)
                                                         net1 (net)
                      0.030320    0.000103    6.080021 v fanout35/A (sky130_fd_sc_hd__clkbuf_4)
     5    0.065736    0.134001    0.219853    6.299875 v fanout35/X (sky130_fd_sc_hd__clkbuf_4)
                                                         net35 (net)
                      0.134008    0.000862    6.300737 v fanout32/A (sky130_fd_sc_hd__clkbuf_4)
     8    0.052024    0.109170    0.247368    6.548105 v fanout32/X (sky130_fd_sc_hd__clkbuf_4)
                                                         net32 (net)
                      0.109369    0.003128    6.551233 v spi_out.bit_cnt[1]_sky130_fd_sc_hd__dfrtp_2_Q_RESET_B_sky130_fd_sc_hd__inv_2_Y/A (sky130_fd_sc_hd__inv_2)
     1    0.004045    0.039924    0.068408    6.619641 ^ spi_out.bit_cnt[1]_sky130_fd_sc_hd__dfrtp_2_Q_RESET_B_sky130_fd_sc_hd__inv_2_Y/Y (sky130_fd_sc_hd__inv_2)
                                                         spi_out.bit_cnt[1]_sky130_fd_sc_hd__dfrtp_2_Q_RESET_B (net)
                      0.039924    0.000083    6.619724 ^ spi_out.bit_cnt[1]_sky130_fd_sc_hd__dfrtp_2_Q/RESET_B (sky130_fd_sc_hd__dfrtp_1)
                                              6.619724   data arrival time

                                  0.000000    0.000000   clock clk (rise edge)
                                  0.000000    0.000000   clock source latency
     1    0.041337    0.190682    0.135170    0.135170 ^ clk (in)
                                                         clk (net)
                      0.191051    0.000000    0.135170 ^ clkbuf_0_clk/A (sky130_fd_sc_hd__clkbuf_16)
     8    0.135034    0.148108    0.254199    0.389369 ^ clkbuf_0_clk/X (sky130_fd_sc_hd__clkbuf_16)
                                                         clknet_0_clk (net)
                      0.149795    0.012557    0.401926 ^ clkbuf_3_5__f_clk/A (sky130_fd_sc_hd__clkbuf_16)
    13    0.053061    0.072094    0.187922    0.589848 ^ clkbuf_3_5__f_clk/X (sky130_fd_sc_hd__clkbuf_16)
                                                         clknet_3_5__leaf_clk (net)
                      0.072115    0.001180    0.591028 ^ spi_out.bit_cnt[1]_sky130_fd_sc_hd__dfrtp_2_Q/CLK (sky130_fd_sc_hd__dfrtp_1)
                                  0.250000    0.841028   clock uncertainty
                                  0.000000    0.841028   clock reconvergence pessimism
                                  0.326244    1.167272   library removal time
                                              1.167272   data required time
---------------------------------------------------------------------------------------------
                                              1.167272   data required time
                                             -6.619724   data arrival time
---------------------------------------------------------------------------------------------
                                              5.452453   slack (MET)


Startpoint: reset (input port clocked by clk)
Endpoint: filter.y_out[0]_sky130_fd_sc_hd__dfrtp_2_Q
          (removal check against rising-edge clock clk)
Path Group: asynchronous
Path Type: min

Fanout         Cap        Slew       Delay        Time   Description
---------------------------------------------------------------------------------------------
                                  0.000000    0.000000   clock clk (rise edge)
                                  0.000000    0.000000   clock network delay (propagated)
                                  6.000000    6.000000 v input external delay
     1    0.002600    0.008162    0.004098    6.004098 v reset (in)
                                                         reset (net)
                      0.008162    0.000000    6.004098 v input1/A (sky130_fd_sc_hd__clkbuf_1)
     1    0.003553    0.030320    0.075820    6.079918 v input1/X (sky130_fd_sc_hd__clkbuf_1)
                                                         net1 (net)
                      0.030320    0.000103    6.080021 v fanout35/A (sky130_fd_sc_hd__clkbuf_4)
     5    0.065736    0.134001    0.219853    6.299875 v fanout35/X (sky130_fd_sc_hd__clkbuf_4)
                                                         net35 (net)
                      0.134436    0.006218    6.306092 v fanout33/A (sky130_fd_sc_hd__clkbuf_8)
    10    0.084295    0.097209    0.238580    6.544672 v fanout33/X (sky130_fd_sc_hd__clkbuf_8)
                                                         net33 (net)
                      0.098641    0.009367    6.554039 v filter.y_out[0]_sky130_fd_sc_hd__dfrtp_2_Q_RESET_B_sky130_fd_sc_hd__inv_2_Y/A (sky130_fd_sc_hd__inv_2)
     1    0.003884    0.036975    0.063705    6.617745 ^ filter.y_out[0]_sky130_fd_sc_hd__dfrtp_2_Q_RESET_B_sky130_fd_sc_hd__inv_2_Y/Y (sky130_fd_sc_hd__inv_2)
                                                         filter.y_out[0]_sky130_fd_sc_hd__dfrtp_2_Q_RESET_B (net)
                      0.036975    0.000077    6.617822 ^ filter.y_out[0]_sky130_fd_sc_hd__dfrtp_2_Q/RESET_B (sky130_fd_sc_hd__dfrtp_4)
                                              6.617822   data arrival time

                                  0.000000    0.000000   clock clk (rise edge)
                                  0.000000    0.000000   clock source latency
     1    0.041337    0.190682    0.135170    0.135170 ^ clk (in)
                                                         clk (net)
                      0.191051    0.000000    0.135170 ^ clkbuf_0_clk/A (sky130_fd_sc_hd__clkbuf_16)
     8    0.135034    0.148108    0.254199    0.389369 ^ clkbuf_0_clk/X (sky130_fd_sc_hd__clkbuf_16)
                                                         clknet_0_clk (net)
                      0.148356    0.005020    0.394388 ^ clkbuf_3_6__f_clk/A (sky130_fd_sc_hd__clkbuf_16)
     9    0.058206    0.076772    0.191067    0.585455 ^ clkbuf_3_6__f_clk/X (sky130_fd_sc_hd__clkbuf_16)
                                                         clknet_3_6__leaf_clk (net)
                      0.076849    0.002147    0.587602 ^ filter.y_out[0]_sky130_fd_sc_hd__dfrtp_2_Q/CLK (sky130_fd_sc_hd__dfrtp_4)
                                  0.250000    0.837602   clock uncertainty
                                  0.000000    0.837602   clock reconvergence pessimism
                                  0.326881    1.164483   library removal time
                                              1.164483   data required time
---------------------------------------------------------------------------------------------
                                              1.164483   data required time
                                             -6.617822   data arrival time
---------------------------------------------------------------------------------------------
                                              5.453339   slack (MET)


Startpoint: reset (input port clocked by clk)
Endpoint: spi_in.bit_cnt[3]_sky130_fd_sc_hd__dfrtp_2_Q
          (removal check against rising-edge clock clk)
Path Group: asynchronous
Path Type: min

Fanout         Cap        Slew       Delay        Time   Description
---------------------------------------------------------------------------------------------
                                  0.000000    0.000000   clock clk (rise edge)
                                  0.000000    0.000000   clock network delay (propagated)
                                  6.000000    6.000000 v input external delay
     1    0.002600    0.008162    0.004098    6.004098 v reset (in)
                                                         reset (net)
                      0.008162    0.000000    6.004098 v input1/A (sky130_fd_sc_hd__clkbuf_1)
     1    0.003553    0.030320    0.075820    6.079918 v input1/X (sky130_fd_sc_hd__clkbuf_1)
                                                         net1 (net)
                      0.030320    0.000103    6.080021 v fanout35/A (sky130_fd_sc_hd__clkbuf_4)
     5    0.065736    0.134001    0.219853    6.299875 v fanout35/X (sky130_fd_sc_hd__clkbuf_4)
                                                         net35 (net)
                      0.134008    0.000862    6.300737 v fanout32/A (sky130_fd_sc_hd__clkbuf_4)
     8    0.052024    0.109170    0.247368    6.548105 v fanout32/X (sky130_fd_sc_hd__clkbuf_4)
                                                         net32 (net)
                      0.109431    0.003772    6.551877 v spi_in.bit_cnt[3]_sky130_fd_sc_hd__dfrtp_2_Q_RESET_B_sky130_fd_sc_hd__inv_2_Y/A (sky130_fd_sc_hd__inv_2)
     1    0.004111    0.040220    0.068796    6.620673 ^ spi_in.bit_cnt[3]_sky130_fd_sc_hd__dfrtp_2_Q_RESET_B_sky130_fd_sc_hd__inv_2_Y/Y (sky130_fd_sc_hd__inv_2)
                                                         spi_in.bit_cnt[3]_sky130_fd_sc_hd__dfrtp_2_Q_RESET_B (net)
                      0.040220    0.000085    6.620758 ^ spi_in.bit_cnt[3]_sky130_fd_sc_hd__dfrtp_2_Q/RESET_B (sky130_fd_sc_hd__dfrtp_1)
                                              6.620758   data arrival time

                                  0.000000    0.000000   clock clk (rise edge)
                                  0.000000    0.000000   clock source latency
     1    0.041337    0.190682    0.135170    0.135170 ^ clk (in)
                                                         clk (net)
                      0.191051    0.000000    0.135170 ^ clkbuf_0_clk/A (sky130_fd_sc_hd__clkbuf_16)
     8    0.135034    0.148108    0.254199    0.389369 ^ clkbuf_0_clk/X (sky130_fd_sc_hd__clkbuf_16)
                                                         clknet_0_clk (net)
                      0.149795    0.012557    0.401926 ^ clkbuf_3_5__f_clk/A (sky130_fd_sc_hd__clkbuf_16)
    13    0.053061    0.072094    0.187922    0.589848 ^ clkbuf_3_5__f_clk/X (sky130_fd_sc_hd__clkbuf_16)
                                                         clknet_3_5__leaf_clk (net)
                      0.072108    0.001007    0.590855 ^ spi_in.bit_cnt[3]_sky130_fd_sc_hd__dfrtp_2_Q/CLK (sky130_fd_sc_hd__dfrtp_1)
                                  0.250000    0.840856   clock uncertainty
                                  0.000000    0.840856   clock reconvergence pessimism
                                  0.326324    1.167179   library removal time
                                              1.167179   data required time
---------------------------------------------------------------------------------------------
                                              1.167179   data required time
                                             -6.620758   data arrival time
---------------------------------------------------------------------------------------------
                                              5.453578   slack (MET)


Startpoint: reset (input port clocked by clk)
Endpoint: spi_in.shift_reg[0]_sky130_fd_sc_hd__dfrtp_2_Q
          (removal check against rising-edge clock clk)
Path Group: asynchronous
Path Type: min

Fanout         Cap        Slew       Delay        Time   Description
---------------------------------------------------------------------------------------------
                                  0.000000    0.000000   clock clk (rise edge)
                                  0.000000    0.000000   clock network delay (propagated)
                                  6.000000    6.000000 v input external delay
     1    0.002600    0.008162    0.004098    6.004098 v reset (in)
                                                         reset (net)
                      0.008162    0.000000    6.004098 v input1/A (sky130_fd_sc_hd__clkbuf_1)
     1    0.003553    0.030320    0.075820    6.079918 v input1/X (sky130_fd_sc_hd__clkbuf_1)
                                                         net1 (net)
                      0.030320    0.000103    6.080021 v fanout35/A (sky130_fd_sc_hd__clkbuf_4)
     5    0.065736    0.134001    0.219853    6.299875 v fanout35/X (sky130_fd_sc_hd__clkbuf_4)
                                                         net35 (net)
                      0.134436    0.006218    6.306092 v fanout33/A (sky130_fd_sc_hd__clkbuf_8)
    10    0.084295    0.097209    0.238580    6.544672 v fanout33/X (sky130_fd_sc_hd__clkbuf_8)
                                                         net33 (net)
                      0.098579    0.009162    6.553835 v spi_in.shift_reg[0]_sky130_fd_sc_hd__dfrtp_2_Q_RESET_B_sky130_fd_sc_hd__inv_2_Y/A (sky130_fd_sc_hd__inv_2)
     1    0.003899    0.037020    0.063759    6.617594 ^ spi_in.shift_reg[0]_sky130_fd_sc_hd__dfrtp_2_Q_RESET_B_sky130_fd_sc_hd__inv_2_Y/Y (sky130_fd_sc_hd__inv_2)
                                                         spi_in.shift_reg[0]_sky130_fd_sc_hd__dfrtp_2_Q_RESET_B (net)
                      0.037020    0.000076    6.617670 ^ spi_in.shift_reg[0]_sky130_fd_sc_hd__dfrtp_2_Q/RESET_B (sky130_fd_sc_hd__dfrtp_1)
                                              6.617670   data arrival time

                                  0.000000    0.000000   clock clk (rise edge)
                                  0.000000    0.000000   clock source latency
     1    0.041337    0.190682    0.135170    0.135170 ^ clk (in)
                                                         clk (net)
                      0.191051    0.000000    0.135170 ^ clkbuf_0_clk/A (sky130_fd_sc_hd__clkbuf_16)
     8    0.135034    0.148108    0.254199    0.389369 ^ clkbuf_0_clk/X (sky130_fd_sc_hd__clkbuf_16)
                                                         clknet_0_clk (net)
                      0.148356    0.005020    0.394388 ^ clkbuf_3_6__f_clk/A (sky130_fd_sc_hd__clkbuf_16)
     9    0.058206    0.076772    0.191067    0.585455 ^ clkbuf_3_6__f_clk/X (sky130_fd_sc_hd__clkbuf_16)
                                                         clknet_3_6__leaf_clk (net)
                      0.076830    0.001905    0.587361 ^ spi_in.shift_reg[0]_sky130_fd_sc_hd__dfrtp_2_Q/CLK (sky130_fd_sc_hd__dfrtp_1)
                                  0.250000    0.837361   clock uncertainty
                                  0.000000    0.837361   clock reconvergence pessimism
                                  0.326731    1.164092   library removal time
                                              1.164092   data required time
---------------------------------------------------------------------------------------------
                                              1.164092   data required time
                                             -6.617670   data arrival time
---------------------------------------------------------------------------------------------
                                              5.453578   slack (MET)


Startpoint: reset (input port clocked by clk)
Endpoint: filter.x_in[4]_sky130_fd_sc_hd__dfrtp_2_Q
          (removal check against rising-edge clock clk)
Path Group: asynchronous
Path Type: min

Fanout         Cap        Slew       Delay        Time   Description
---------------------------------------------------------------------------------------------
                                  0.000000    0.000000   clock clk (rise edge)
                                  0.000000    0.000000   clock network delay (propagated)
                                  6.000000    6.000000 v input external delay
     1    0.002600    0.008162    0.004098    6.004098 v reset (in)
                                                         reset (net)
                      0.008162    0.000000    6.004098 v input1/A (sky130_fd_sc_hd__clkbuf_1)
     1    0.003553    0.030320    0.075820    6.079918 v input1/X (sky130_fd_sc_hd__clkbuf_1)
                                                         net1 (net)
                      0.030320    0.000103    6.080021 v fanout35/A (sky130_fd_sc_hd__clkbuf_4)
     5    0.065736    0.134001    0.219853    6.299875 v fanout35/X (sky130_fd_sc_hd__clkbuf_4)
                                                         net35 (net)
                      0.134008    0.000862    6.300737 v fanout32/A (sky130_fd_sc_hd__clkbuf_4)
     8    0.052024    0.109170    0.247368    6.548105 v fanout32/X (sky130_fd_sc_hd__clkbuf_4)
                                                         net32 (net)
                      0.109727    0.005909    6.554014 v filter.x_in[4]_sky130_fd_sc_hd__dfrtp_2_Q_RESET_B_sky130_fd_sc_hd__inv_2_Y/A (sky130_fd_sc_hd__inv_2)
     1    0.003789    0.038920    0.067116    6.621130 ^ filter.x_in[4]_sky130_fd_sc_hd__dfrtp_2_Q_RESET_B_sky130_fd_sc_hd__inv_2_Y/Y (sky130_fd_sc_hd__inv_2)
                                                         filter.x_in[4]_sky130_fd_sc_hd__dfrtp_2_Q_RESET_B (net)
                      0.038920    0.000073    6.621203 ^ filter.x_in[4]_sky130_fd_sc_hd__dfrtp_2_Q/RESET_B (sky130_fd_sc_hd__dfrtp_1)
                                              6.621203   data arrival time

                                  0.000000    0.000000   clock clk (rise edge)
                                  0.000000    0.000000   clock source latency
     1    0.041337    0.190682    0.135170    0.135170 ^ clk (in)
                                                         clk (net)
                      0.191051    0.000000    0.135170 ^ clkbuf_0_clk/A (sky130_fd_sc_hd__clkbuf_16)
     8    0.135034    0.148108    0.254199    0.389369 ^ clkbuf_0_clk/X (sky130_fd_sc_hd__clkbuf_16)
                                                         clknet_0_clk (net)
                      0.149795    0.012557    0.401926 ^ clkbuf_3_5__f_clk/A (sky130_fd_sc_hd__clkbuf_16)
    13    0.053061    0.072094    0.187922    0.589848 ^ clkbuf_3_5__f_clk/X (sky130_fd_sc_hd__clkbuf_16)
                                                         clknet_3_5__leaf_clk (net)
                      0.072132    0.001497    0.591345 ^ filter.x_in[4]_sky130_fd_sc_hd__dfrtp_2_Q/CLK (sky130_fd_sc_hd__dfrtp_1)
                                  0.250000    0.841345   clock uncertainty
                                  0.000000    0.841345   clock reconvergence pessimism
                                  0.325973    1.167318   library removal time
                                              1.167318   data required time
---------------------------------------------------------------------------------------------
                                              1.167318   data required time
                                             -6.621203   data arrival time
---------------------------------------------------------------------------------------------
                                              5.453885   slack (MET)


Startpoint: reset (input port clocked by clk)
Endpoint: filter.y_out[2]_sky130_fd_sc_hd__dfrtp_2_Q
          (removal check against rising-edge clock clk)
Path Group: asynchronous
Path Type: min

Fanout         Cap        Slew       Delay        Time   Description
---------------------------------------------------------------------------------------------
                                  0.000000    0.000000   clock clk (rise edge)
                                  0.000000    0.000000   clock network delay (propagated)
                                  6.000000    6.000000 v input external delay
     1    0.002600    0.008162    0.004098    6.004098 v reset (in)
                                                         reset (net)
                      0.008162    0.000000    6.004098 v input1/A (sky130_fd_sc_hd__clkbuf_1)
     1    0.003553    0.030320    0.075820    6.079918 v input1/X (sky130_fd_sc_hd__clkbuf_1)
                                                         net1 (net)
                      0.030320    0.000103    6.080021 v fanout35/A (sky130_fd_sc_hd__clkbuf_4)
     5    0.065736    0.134001    0.219853    6.299875 v fanout35/X (sky130_fd_sc_hd__clkbuf_4)
                                                         net35 (net)
                      0.134436    0.006218    6.306092 v fanout33/A (sky130_fd_sc_hd__clkbuf_8)
    10    0.084295    0.097209    0.238580    6.544672 v fanout33/X (sky130_fd_sc_hd__clkbuf_8)
                                                         net33 (net)
                      0.098424    0.008636    6.553308 v filter.y_out[2]_sky130_fd_sc_hd__dfrtp_2_Q_RESET_B_sky130_fd_sc_hd__inv_2_Y/A (sky130_fd_sc_hd__inv_2)
     1    0.004119    0.037874    0.064841    6.618150 ^ filter.y_out[2]_sky130_fd_sc_hd__dfrtp_2_Q_RESET_B_sky130_fd_sc_hd__inv_2_Y/Y (sky130_fd_sc_hd__inv_2)
                                                         filter.y_out[2]_sky130_fd_sc_hd__dfrtp_2_Q_RESET_B (net)
                      0.037874    0.000085    6.618235 ^ filter.y_out[2]_sky130_fd_sc_hd__dfrtp_2_Q/RESET_B (sky130_fd_sc_hd__dfrtp_4)
                                              6.618235   data arrival time

                                  0.000000    0.000000   clock clk (rise edge)
                                  0.000000    0.000000   clock source latency
     1    0.041337    0.190682    0.135170    0.135170 ^ clk (in)
                                                         clk (net)
                      0.191051    0.000000    0.135170 ^ clkbuf_0_clk/A (sky130_fd_sc_hd__clkbuf_16)
     8    0.135034    0.148108    0.254199    0.389369 ^ clkbuf_0_clk/X (sky130_fd_sc_hd__clkbuf_16)
                                                         clknet_0_clk (net)
                      0.148356    0.005020    0.394388 ^ clkbuf_3_6__f_clk/A (sky130_fd_sc_hd__clkbuf_16)
     9    0.058206    0.076772    0.191067    0.585455 ^ clkbuf_3_6__f_clk/X (sky130_fd_sc_hd__clkbuf_16)
                                                         clknet_3_6__leaf_clk (net)
                      0.076819    0.001741    0.587196 ^ filter.y_out[2]_sky130_fd_sc_hd__dfrtp_2_Q/CLK (sky130_fd_sc_hd__dfrtp_4)
                                  0.250000    0.837196   clock uncertainty
                                  0.000000    0.837196   clock reconvergence pessimism
                                  0.327120    1.164316   library removal time
                                              1.164316   data required time
---------------------------------------------------------------------------------------------
                                              1.164316   data required time
                                             -6.618235   data arrival time
---------------------------------------------------------------------------------------------
                                              5.453918   slack (MET)


Startpoint: reset (input port clocked by clk)
Endpoint: filter.x_in[1]_sky130_fd_sc_hd__dfrtp_2_Q
          (removal check against rising-edge clock clk)
Path Group: asynchronous
Path Type: min

Fanout         Cap        Slew       Delay        Time   Description
---------------------------------------------------------------------------------------------
                                  0.000000    0.000000   clock clk (rise edge)
                                  0.000000    0.000000   clock network delay (propagated)
                                  6.000000    6.000000 v input external delay
     1    0.002600    0.008162    0.004098    6.004098 v reset (in)
                                                         reset (net)
                      0.008162    0.000000    6.004098 v input1/A (sky130_fd_sc_hd__clkbuf_1)
     1    0.003553    0.030320    0.075820    6.079918 v input1/X (sky130_fd_sc_hd__clkbuf_1)
                                                         net1 (net)
                      0.030320    0.000103    6.080021 v fanout35/A (sky130_fd_sc_hd__clkbuf_4)
     5    0.065736    0.134001    0.219853    6.299875 v fanout35/X (sky130_fd_sc_hd__clkbuf_4)
                                                         net35 (net)
                      0.134436    0.006218    6.306092 v fanout33/A (sky130_fd_sc_hd__clkbuf_8)
    10    0.084295    0.097209    0.238580    6.544672 v fanout33/X (sky130_fd_sc_hd__clkbuf_8)
                                                         net33 (net)
                      0.098593    0.009209    6.553881 v filter.x_in[1]_sky130_fd_sc_hd__dfrtp_2_Q_RESET_B_sky130_fd_sc_hd__inv_2_Y/A (sky130_fd_sc_hd__inv_2)
     1    0.003974    0.037324    0.064153    6.618034 ^ filter.x_in[1]_sky130_fd_sc_hd__dfrtp_2_Q_RESET_B_sky130_fd_sc_hd__inv_2_Y/Y (sky130_fd_sc_hd__inv_2)
                                                         filter.x_in[1]_sky130_fd_sc_hd__dfrtp_2_Q_RESET_B (net)
                      0.037324    0.000080    6.618114 ^ filter.x_in[1]_sky130_fd_sc_hd__dfrtp_2_Q/RESET_B (sky130_fd_sc_hd__dfrtp_1)
                                              6.618114   data arrival time

                                  0.000000    0.000000   clock clk (rise edge)
                                  0.000000    0.000000   clock source latency
     1    0.041337    0.190682    0.135170    0.135170 ^ clk (in)
                                                         clk (net)
                      0.191051    0.000000    0.135170 ^ clkbuf_0_clk/A (sky130_fd_sc_hd__clkbuf_16)
     8    0.135034    0.148108    0.254199    0.389369 ^ clkbuf_0_clk/X (sky130_fd_sc_hd__clkbuf_16)
                                                         clknet_0_clk (net)
                      0.148356    0.005020    0.394388 ^ clkbuf_3_6__f_clk/A (sky130_fd_sc_hd__clkbuf_16)
     9    0.058206    0.076772    0.191067    0.585455 ^ clkbuf_3_6__f_clk/X (sky130_fd_sc_hd__clkbuf_16)
                                                         clknet_3_6__leaf_clk (net)
                      0.076825    0.001830    0.587285 ^ filter.x_in[1]_sky130_fd_sc_hd__dfrtp_2_Q/CLK (sky130_fd_sc_hd__dfrtp_1)
                                  0.250000    0.837285   clock uncertainty
                                  0.000000    0.837285   clock reconvergence pessimism
                                  0.326813    1.164098   library removal time
                                              1.164098   data required time
---------------------------------------------------------------------------------------------
                                              1.164098   data required time
                                             -6.618114   data arrival time
---------------------------------------------------------------------------------------------
                                              5.454016   slack (MET)


Startpoint: reset (input port clocked by clk)
Endpoint: spi_in.shift_reg[4]_sky130_fd_sc_hd__dfrtp_2_Q
          (removal check against rising-edge clock clk)
Path Group: asynchronous
Path Type: min

Fanout         Cap        Slew       Delay        Time   Description
---------------------------------------------------------------------------------------------
                                  0.000000    0.000000   clock clk (rise edge)
                                  0.000000    0.000000   clock network delay (propagated)
                                  6.000000    6.000000 v input external delay
     1    0.002600    0.008162    0.004098    6.004098 v reset (in)
                                                         reset (net)
                      0.008162    0.000000    6.004098 v input1/A (sky130_fd_sc_hd__clkbuf_1)
     1    0.003553    0.030320    0.075820    6.079918 v input1/X (sky130_fd_sc_hd__clkbuf_1)
                                                         net1 (net)
                      0.030320    0.000103    6.080021 v fanout35/A (sky130_fd_sc_hd__clkbuf_4)
     5    0.065736    0.134001    0.219853    6.299875 v fanout35/X (sky130_fd_sc_hd__clkbuf_4)
                                                         net35 (net)
                      0.134008    0.000862    6.300737 v fanout32/A (sky130_fd_sc_hd__clkbuf_4)
     8    0.052024    0.109170    0.247368    6.548105 v fanout32/X (sky130_fd_sc_hd__clkbuf_4)
                                                         net32 (net)
                      0.109706    0.005783    6.553889 v spi_in.shift_reg[4]_sky130_fd_sc_hd__dfrtp_2_Q_RESET_B_sky130_fd_sc_hd__inv_2_Y/A (sky130_fd_sc_hd__inv_2)
     1    0.003906    0.039407    0.067758    6.621647 ^ spi_in.shift_reg[4]_sky130_fd_sc_hd__dfrtp_2_Q_RESET_B_sky130_fd_sc_hd__inv_2_Y/Y (sky130_fd_sc_hd__inv_2)
                                                         spi_in.shift_reg[4]_sky130_fd_sc_hd__dfrtp_2_Q_RESET_B (net)
                      0.039407    0.000079    6.621726 ^ spi_in.shift_reg[4]_sky130_fd_sc_hd__dfrtp_2_Q/RESET_B (sky130_fd_sc_hd__dfrtp_1)
                                              6.621726   data arrival time

                                  0.000000    0.000000   clock clk (rise edge)
                                  0.000000    0.000000   clock source latency
     1    0.041337    0.190682    0.135170    0.135170 ^ clk (in)
                                                         clk (net)
                      0.191051    0.000000    0.135170 ^ clkbuf_0_clk/A (sky130_fd_sc_hd__clkbuf_16)
     8    0.135034    0.148108    0.254199    0.389369 ^ clkbuf_0_clk/X (sky130_fd_sc_hd__clkbuf_16)
                                                         clknet_0_clk (net)
                      0.149795    0.012557    0.401926 ^ clkbuf_3_5__f_clk/A (sky130_fd_sc_hd__clkbuf_16)
    13    0.053061    0.072094    0.187922    0.589848 ^ clkbuf_3_5__f_clk/X (sky130_fd_sc_hd__clkbuf_16)
                                                         clknet_3_5__leaf_clk (net)
                      0.072128    0.001427    0.591275 ^ spi_in.shift_reg[4]_sky130_fd_sc_hd__dfrtp_2_Q/CLK (sky130_fd_sc_hd__dfrtp_1)
                                  0.250000    0.841275   clock uncertainty
                                  0.000000    0.841275   clock reconvergence pessimism
                                  0.326105    1.167380   library removal time
                                              1.167380   data required time
---------------------------------------------------------------------------------------------
                                              1.167380   data required time
                                             -6.621726   data arrival time
---------------------------------------------------------------------------------------------
                                              5.454345   slack (MET)


Startpoint: reset (input port clocked by clk)
Endpoint: filter.x_in[5]_sky130_fd_sc_hd__dfrtp_2_Q
          (removal check against rising-edge clock clk)
Path Group: asynchronous
Path Type: min

Fanout         Cap        Slew       Delay        Time   Description
---------------------------------------------------------------------------------------------
                                  0.000000    0.000000   clock clk (rise edge)
                                  0.000000    0.000000   clock network delay (propagated)
                                  6.000000    6.000000 v input external delay
     1    0.002600    0.008162    0.004098    6.004098 v reset (in)
                                                         reset (net)
                      0.008162    0.000000    6.004098 v input1/A (sky130_fd_sc_hd__clkbuf_1)
     1    0.003553    0.030320    0.075820    6.079918 v input1/X (sky130_fd_sc_hd__clkbuf_1)
                                                         net1 (net)
                      0.030320    0.000103    6.080021 v fanout35/A (sky130_fd_sc_hd__clkbuf_4)
     5    0.065736    0.134001    0.219853    6.299875 v fanout35/X (sky130_fd_sc_hd__clkbuf_4)
                                                         net35 (net)
                      0.134008    0.000862    6.300737 v fanout32/A (sky130_fd_sc_hd__clkbuf_4)
     8    0.052024    0.109170    0.247368    6.548105 v fanout32/X (sky130_fd_sc_hd__clkbuf_4)
                                                         net32 (net)
                      0.109646    0.005415    6.553521 v filter.x_in[5]_sky130_fd_sc_hd__dfrtp_2_Q_RESET_B_sky130_fd_sc_hd__inv_2_Y/A (sky130_fd_sc_hd__inv_2)
     1    0.004092    0.040186    0.068770    6.622291 ^ filter.x_in[5]_sky130_fd_sc_hd__dfrtp_2_Q_RESET_B_sky130_fd_sc_hd__inv_2_Y/Y (sky130_fd_sc_hd__inv_2)
                                                         filter.x_in[5]_sky130_fd_sc_hd__dfrtp_2_Q_RESET_B (net)
                      0.040186    0.000086    6.622376 ^ filter.x_in[5]_sky130_fd_sc_hd__dfrtp_2_Q/RESET_B (sky130_fd_sc_hd__dfrtp_1)
                                              6.622376   data arrival time

                                  0.000000    0.000000   clock clk (rise edge)
                                  0.000000    0.000000   clock source latency
     1    0.041337    0.190682    0.135170    0.135170 ^ clk (in)
                                                         clk (net)
                      0.191051    0.000000    0.135170 ^ clkbuf_0_clk/A (sky130_fd_sc_hd__clkbuf_16)
     8    0.135034    0.148108    0.254199    0.389369 ^ clkbuf_0_clk/X (sky130_fd_sc_hd__clkbuf_16)
                                                         clknet_0_clk (net)
                      0.149795    0.012557    0.401926 ^ clkbuf_3_5__f_clk/A (sky130_fd_sc_hd__clkbuf_16)
    13    0.053061    0.072094    0.187922    0.589848 ^ clkbuf_3_5__f_clk/X (sky130_fd_sc_hd__clkbuf_16)
                                                         clknet_3_5__leaf_clk (net)
                      0.072117    0.001213    0.591061 ^ filter.x_in[5]_sky130_fd_sc_hd__dfrtp_2_Q/CLK (sky130_fd_sc_hd__dfrtp_1)
                                  0.250000    0.841061   clock uncertainty
                                  0.000000    0.841061   clock reconvergence pessimism
                                  0.326317    1.167378   library removal time
                                              1.167378   data required time
---------------------------------------------------------------------------------------------
                                              1.167378   data required time
                                             -6.622376   data arrival time
---------------------------------------------------------------------------------------------
                                              5.454999   slack (MET)


Startpoint: reset (input port clocked by clk)
Endpoint: filter.x_in[0]_sky130_fd_sc_hd__dfrtp_2_Q
          (removal check against rising-edge clock clk)
Path Group: asynchronous
Path Type: min

Fanout         Cap        Slew       Delay        Time   Description
---------------------------------------------------------------------------------------------
                                  0.000000    0.000000   clock clk (rise edge)
                                  0.000000    0.000000   clock network delay (propagated)
                                  6.000000    6.000000 v input external delay
     1    0.002600    0.008162    0.004098    6.004098 v reset (in)
                                                         reset (net)
                      0.008162    0.000000    6.004098 v input1/A (sky130_fd_sc_hd__clkbuf_1)
     1    0.003553    0.030320    0.075820    6.079918 v input1/X (sky130_fd_sc_hd__clkbuf_1)
                                                         net1 (net)
                      0.030320    0.000103    6.080021 v fanout35/A (sky130_fd_sc_hd__clkbuf_4)
     5    0.065736    0.134001    0.219853    6.299875 v fanout35/X (sky130_fd_sc_hd__clkbuf_4)
                                                         net35 (net)
                      0.134436    0.006218    6.306092 v fanout33/A (sky130_fd_sc_hd__clkbuf_8)
    10    0.084295    0.097209    0.238580    6.544672 v fanout33/X (sky130_fd_sc_hd__clkbuf_8)
                                                         net33 (net)
                      0.098635    0.009348    6.554020 v filter.x_in[0]_sky130_fd_sc_hd__dfrtp_2_Q_RESET_B_sky130_fd_sc_hd__inv_2_Y/A (sky130_fd_sc_hd__inv_2)
     1    0.004534    0.039463    0.066809    6.620830 ^ filter.x_in[0]_sky130_fd_sc_hd__dfrtp_2_Q_RESET_B_sky130_fd_sc_hd__inv_2_Y/Y (sky130_fd_sc_hd__inv_2)
                                                         filter.x_in[0]_sky130_fd_sc_hd__dfrtp_2_Q_RESET_B (net)
                      0.039463    0.000063    6.620892 ^ filter.x_in[0]_sky130_fd_sc_hd__dfrtp_2_Q/RESET_B (sky130_fd_sc_hd__dfrtp_1)
                                              6.620892   data arrival time

                                  0.000000    0.000000   clock clk (rise edge)
                                  0.000000    0.000000   clock source latency
     1    0.041337    0.190682    0.135170    0.135170 ^ clk (in)
                                                         clk (net)
                      0.191051    0.000000    0.135170 ^ clkbuf_0_clk/A (sky130_fd_sc_hd__clkbuf_16)
     8    0.135034    0.148108    0.254199    0.389369 ^ clkbuf_0_clk/X (sky130_fd_sc_hd__clkbuf_16)
                                                         clknet_0_clk (net)
                      0.148356    0.005020    0.394388 ^ clkbuf_3_6__f_clk/A (sky130_fd_sc_hd__clkbuf_16)
     9    0.058206    0.076772    0.191067    0.585455 ^ clkbuf_3_6__f_clk/X (sky130_fd_sc_hd__clkbuf_16)
                                                         clknet_3_6__leaf_clk (net)
                      0.076841    0.002049    0.587504 ^ filter.x_in[0]_sky130_fd_sc_hd__dfrtp_2_Q/CLK (sky130_fd_sc_hd__dfrtp_1)
                                  0.250000    0.837504   clock uncertainty
                                  0.000000    0.837504   clock reconvergence pessimism
                                  0.327406    1.164910   library removal time
                                              1.164910   data required time
---------------------------------------------------------------------------------------------
                                              1.164910   data required time
                                             -6.620892   data arrival time
---------------------------------------------------------------------------------------------
                                              5.455982   slack (MET)


Startpoint: reset (input port clocked by clk)
Endpoint: filter.x_in[3]_sky130_fd_sc_hd__dfrtp_2_Q
          (removal check against rising-edge clock clk)
Path Group: asynchronous
Path Type: min

Fanout         Cap        Slew       Delay        Time   Description
---------------------------------------------------------------------------------------------
                                  0.000000    0.000000   clock clk (rise edge)
                                  0.000000    0.000000   clock network delay (propagated)
                                  6.000000    6.000000 v input external delay
     1    0.002600    0.008162    0.004098    6.004098 v reset (in)
                                                         reset (net)
                      0.008162    0.000000    6.004098 v input1/A (sky130_fd_sc_hd__clkbuf_1)
     1    0.003553    0.030320    0.075820    6.079918 v input1/X (sky130_fd_sc_hd__clkbuf_1)
                                                         net1 (net)
                      0.030320    0.000103    6.080021 v fanout35/A (sky130_fd_sc_hd__clkbuf_4)
     5    0.065736    0.134001    0.219853    6.299875 v fanout35/X (sky130_fd_sc_hd__clkbuf_4)
                                                         net35 (net)
                      0.134436    0.006218    6.306092 v fanout33/A (sky130_fd_sc_hd__clkbuf_8)
    10    0.084295    0.097209    0.238580    6.544672 v fanout33/X (sky130_fd_sc_hd__clkbuf_8)
                                                         net33 (net)
                      0.097244    0.001554    6.546227 v filter.x_in[3]_sky130_fd_sc_hd__dfrtp_2_Q_RESET_B_sky130_fd_sc_hd__inv_2_Y/A (sky130_fd_sc_hd__inv_2)
     1    0.004425    0.038813    0.065904    6.612131 ^ filter.x_in[3]_sky130_fd_sc_hd__dfrtp_2_Q_RESET_B_sky130_fd_sc_hd__inv_2_Y/Y (sky130_fd_sc_hd__inv_2)
                                                         filter.x_in[3]_sky130_fd_sc_hd__dfrtp_2_Q_RESET_B (net)
                      0.038813    0.000060    6.612191 ^ filter.x_in[3]_sky130_fd_sc_hd__dfrtp_2_Q/RESET_B (sky130_fd_sc_hd__dfrtp_1)
                                              6.612191   data arrival time

                                  0.000000    0.000000   clock clk (rise edge)
                                  0.000000    0.000000   clock source latency
     1    0.041337    0.190682    0.135170    0.135170 ^ clk (in)
                                                         clk (net)
                      0.191051    0.000000    0.135170 ^ clkbuf_0_clk/A (sky130_fd_sc_hd__clkbuf_16)
     8    0.135034    0.148108    0.254199    0.389369 ^ clkbuf_0_clk/X (sky130_fd_sc_hd__clkbuf_16)
                                                         clknet_0_clk (net)
                      0.148397    0.005399    0.394767 ^ clkbuf_3_7__f_clk/A (sky130_fd_sc_hd__clkbuf_16)
     9    0.048903    0.068416    0.183895    0.578663 ^ clkbuf_3_7__f_clk/X (sky130_fd_sc_hd__clkbuf_16)
                                                         clknet_3_7__leaf_clk (net)
                      0.068518    0.002330    0.580993 ^ filter.x_in[3]_sky130_fd_sc_hd__dfrtp_2_Q/CLK (sky130_fd_sc_hd__dfrtp_1)
                                  0.250000    0.830993   clock uncertainty
                                  0.000000    0.830993   clock reconvergence pessimism
                                  0.324958    1.155950   library removal time
                                              1.155950   data required time
---------------------------------------------------------------------------------------------
                                              1.155950   data required time
                                             -6.612191   data arrival time
---------------------------------------------------------------------------------------------
                                              5.456241   slack (MET)


Startpoint: reset (input port clocked by clk)
Endpoint: spi_in.shift_reg[5]_sky130_fd_sc_hd__dfrtp_2_Q
          (removal check against rising-edge clock clk)
Path Group: asynchronous
Path Type: min

Fanout         Cap        Slew       Delay        Time   Description
---------------------------------------------------------------------------------------------
                                  0.000000    0.000000   clock clk (rise edge)
                                  0.000000    0.000000   clock network delay (propagated)
                                  6.000000    6.000000 v input external delay
     1    0.002600    0.008162    0.004098    6.004098 v reset (in)
                                                         reset (net)
                      0.008162    0.000000    6.004098 v input1/A (sky130_fd_sc_hd__clkbuf_1)
     1    0.003553    0.030320    0.075820    6.079918 v input1/X (sky130_fd_sc_hd__clkbuf_1)
                                                         net1 (net)
                      0.030320    0.000103    6.080021 v fanout35/A (sky130_fd_sc_hd__clkbuf_4)
     5    0.065736    0.134001    0.219853    6.299875 v fanout35/X (sky130_fd_sc_hd__clkbuf_4)
                                                         net35 (net)
                      0.134008    0.000862    6.300737 v fanout32/A (sky130_fd_sc_hd__clkbuf_4)
     8    0.052024    0.109170    0.247368    6.548105 v fanout32/X (sky130_fd_sc_hd__clkbuf_4)
                                                         net32 (net)
                      0.109574    0.004931    6.553036 v spi_in.shift_reg[5]_sky130_fd_sc_hd__dfrtp_2_Q_RESET_B_sky130_fd_sc_hd__inv_2_Y/A (sky130_fd_sc_hd__inv_2)
     1    0.004574    0.041979    0.071043    6.624079 ^ spi_in.shift_reg[5]_sky130_fd_sc_hd__dfrtp_2_Q_RESET_B_sky130_fd_sc_hd__inv_2_Y/Y (sky130_fd_sc_hd__inv_2)
                                                         spi_in.shift_reg[5]_sky130_fd_sc_hd__dfrtp_2_Q_RESET_B (net)
                      0.041979    0.000060    6.624138 ^ spi_in.shift_reg[5]_sky130_fd_sc_hd__dfrtp_2_Q/RESET_B (sky130_fd_sc_hd__dfrtp_1)
                                              6.624138   data arrival time

                                  0.000000    0.000000   clock clk (rise edge)
                                  0.000000    0.000000   clock source latency
     1    0.041337    0.190682    0.135170    0.135170 ^ clk (in)
                                                         clk (net)
                      0.191051    0.000000    0.135170 ^ clkbuf_0_clk/A (sky130_fd_sc_hd__clkbuf_16)
     8    0.135034    0.148108    0.254199    0.389369 ^ clkbuf_0_clk/X (sky130_fd_sc_hd__clkbuf_16)
                                                         clknet_0_clk (net)
                      0.149795    0.012557    0.401926 ^ clkbuf_3_5__f_clk/A (sky130_fd_sc_hd__clkbuf_16)
    13    0.053061    0.072094    0.187922    0.589848 ^ clkbuf_3_5__f_clk/X (sky130_fd_sc_hd__clkbuf_16)
                                                         clknet_3_5__leaf_clk (net)
                      0.072112    0.001100    0.590948 ^ spi_in.shift_reg[5]_sky130_fd_sc_hd__dfrtp_2_Q/CLK (sky130_fd_sc_hd__dfrtp_1)
                                  0.250000    0.840948   clock uncertainty
                                  0.000000    0.840948   clock reconvergence pessimism
                                  0.326808    1.167757   library removal time
                                              1.167757   data required time
---------------------------------------------------------------------------------------------
                                              1.167757   data required time
                                             -6.624138   data arrival time
---------------------------------------------------------------------------------------------
                                              5.456381   slack (MET)


Startpoint: reset (input port clocked by clk)
Endpoint: filter.y_out[3]_sky130_fd_sc_hd__dfrtp_2_Q
          (removal check against rising-edge clock clk)
Path Group: asynchronous
Path Type: min

Fanout         Cap        Slew       Delay        Time   Description
---------------------------------------------------------------------------------------------
                                  0.000000    0.000000   clock clk (rise edge)
                                  0.000000    0.000000   clock network delay (propagated)
                                  6.000000    6.000000 v input external delay
     1    0.002600    0.008162    0.004098    6.004098 v reset (in)
                                                         reset (net)
                      0.008162    0.000000    6.004098 v input1/A (sky130_fd_sc_hd__clkbuf_1)
     1    0.003553    0.030320    0.075820    6.079918 v input1/X (sky130_fd_sc_hd__clkbuf_1)
                                                         net1 (net)
                      0.030320    0.000103    6.080021 v fanout35/A (sky130_fd_sc_hd__clkbuf_4)
     5    0.065736    0.134001    0.219853    6.299875 v fanout35/X (sky130_fd_sc_hd__clkbuf_4)
                                                         net35 (net)
                      0.134436    0.006218    6.306092 v fanout33/A (sky130_fd_sc_hd__clkbuf_8)
    10    0.084295    0.097209    0.238580    6.544672 v fanout33/X (sky130_fd_sc_hd__clkbuf_8)
                                                         net33 (net)
                      0.097400    0.003550    6.548223 v filter.y_out[3]_sky130_fd_sc_hd__dfrtp_2_Q_RESET_B_sky130_fd_sc_hd__inv_2_Y/A (sky130_fd_sc_hd__inv_2)
     1    0.003935    0.036917    0.063530    6.611752 ^ filter.y_out[3]_sky130_fd_sc_hd__dfrtp_2_Q_RESET_B_sky130_fd_sc_hd__inv_2_Y/Y (sky130_fd_sc_hd__inv_2)
                                                         filter.y_out[3]_sky130_fd_sc_hd__dfrtp_2_Q_RESET_B (net)
                      0.036917    0.000077    6.611829 ^ filter.y_out[3]_sky130_fd_sc_hd__dfrtp_2_Q/RESET_B (sky130_fd_sc_hd__dfrtp_4)
                                              6.611829   data arrival time

                                  0.000000    0.000000   clock clk (rise edge)
                                  0.000000    0.000000   clock source latency
     1    0.041337    0.190682    0.135170    0.135170 ^ clk (in)
                                                         clk (net)
                      0.191051    0.000000    0.135170 ^ clkbuf_0_clk/A (sky130_fd_sc_hd__clkbuf_16)
     8    0.135034    0.148108    0.254199    0.389369 ^ clkbuf_0_clk/X (sky130_fd_sc_hd__clkbuf_16)
                                                         clknet_0_clk (net)
                      0.148397    0.005399    0.394767 ^ clkbuf_3_7__f_clk/A (sky130_fd_sc_hd__clkbuf_16)
     9    0.048903    0.068416    0.183895    0.578663 ^ clkbuf_3_7__f_clk/X (sky130_fd_sc_hd__clkbuf_16)
                                                         clknet_3_7__leaf_clk (net)
                      0.068501    0.002161    0.580823 ^ filter.y_out[3]_sky130_fd_sc_hd__dfrtp_2_Q/CLK (sky130_fd_sc_hd__dfrtp_4)
                                  0.250000    0.830823   clock uncertainty
                                  0.000000    0.830823   clock reconvergence pessimism
                                  0.324570    1.155393   library removal time
                                              1.155393   data required time
---------------------------------------------------------------------------------------------
                                              1.155393   data required time
                                             -6.611829   data arrival time
---------------------------------------------------------------------------------------------
                                              5.456436   slack (MET)


Startpoint: reset (input port clocked by clk)
Endpoint: filter.x_in[2]_sky130_fd_sc_hd__dfrtp_2_Q
          (removal check against rising-edge clock clk)
Path Group: asynchronous
Path Type: min

Fanout         Cap        Slew       Delay        Time   Description
---------------------------------------------------------------------------------------------
                                  0.000000    0.000000   clock clk (rise edge)
                                  0.000000    0.000000   clock network delay (propagated)
                                  6.000000    6.000000 v input external delay
     1    0.002600    0.008162    0.004098    6.004098 v reset (in)
                                                         reset (net)
                      0.008162    0.000000    6.004098 v input1/A (sky130_fd_sc_hd__clkbuf_1)
     1    0.003553    0.030320    0.075820    6.079918 v input1/X (sky130_fd_sc_hd__clkbuf_1)
                                                         net1 (net)
                      0.030320    0.000103    6.080021 v fanout35/A (sky130_fd_sc_hd__clkbuf_4)
     5    0.065736    0.134001    0.219853    6.299875 v fanout35/X (sky130_fd_sc_hd__clkbuf_4)
                                                         net35 (net)
                      0.134436    0.006218    6.306092 v fanout33/A (sky130_fd_sc_hd__clkbuf_8)
    10    0.084295    0.097209    0.238580    6.544672 v fanout33/X (sky130_fd_sc_hd__clkbuf_8)
                                                         net33 (net)
                      0.097695    0.005541    6.550213 v filter.x_in[2]_sky130_fd_sc_hd__dfrtp_2_Q_RESET_B_sky130_fd_sc_hd__inv_2_Y/A (sky130_fd_sc_hd__inv_2)
     1    0.003984    0.037170    0.063897    6.614111 ^ filter.x_in[2]_sky130_fd_sc_hd__dfrtp_2_Q_RESET_B_sky130_fd_sc_hd__inv_2_Y/Y (sky130_fd_sc_hd__inv_2)
                                                         filter.x_in[2]_sky130_fd_sc_hd__dfrtp_2_Q_RESET_B (net)
                      0.037170    0.000044    6.614155 ^ filter.x_in[2]_sky130_fd_sc_hd__dfrtp_2_Q/RESET_B (sky130_fd_sc_hd__dfrtp_1)
                                              6.614155   data arrival time

                                  0.000000    0.000000   clock clk (rise edge)
                                  0.000000    0.000000   clock source latency
     1    0.041337    0.190682    0.135170    0.135170 ^ clk (in)
                                                         clk (net)
                      0.191051    0.000000    0.135170 ^ clkbuf_0_clk/A (sky130_fd_sc_hd__clkbuf_16)
     8    0.135034    0.148108    0.254199    0.389369 ^ clkbuf_0_clk/X (sky130_fd_sc_hd__clkbuf_16)
                                                         clknet_0_clk (net)
                      0.148397    0.005399    0.394767 ^ clkbuf_3_7__f_clk/A (sky130_fd_sc_hd__clkbuf_16)
     9    0.048903    0.068416    0.183895    0.578663 ^ clkbuf_3_7__f_clk/X (sky130_fd_sc_hd__clkbuf_16)
                                                         clknet_3_7__leaf_clk (net)
                      0.068700    0.003065    0.581728 ^ filter.x_in[2]_sky130_fd_sc_hd__dfrtp_2_Q/CLK (sky130_fd_sc_hd__dfrtp_1)
                                  0.250000    0.831728   clock uncertainty
                                  0.000000    0.831728   clock reconvergence pessimism
                                  0.324556    1.156284   library removal time
                                              1.156284   data required time
---------------------------------------------------------------------------------------------
                                              1.156284   data required time
                                             -6.614155   data arrival time
---------------------------------------------------------------------------------------------
                                              5.457871   slack (MET)


Startpoint: reset (input port clocked by clk)
Endpoint: filter.y_out[1]_sky130_fd_sc_hd__dfrtp_2_Q
          (removal check against rising-edge clock clk)
Path Group: asynchronous
Path Type: min

Fanout         Cap        Slew       Delay        Time   Description
---------------------------------------------------------------------------------------------
                                  0.000000    0.000000   clock clk (rise edge)
                                  0.000000    0.000000   clock network delay (propagated)
                                  6.000000    6.000000 v input external delay
     1    0.002600    0.008162    0.004098    6.004098 v reset (in)
                                                         reset (net)
                      0.008162    0.000000    6.004098 v input1/A (sky130_fd_sc_hd__clkbuf_1)
     1    0.003553    0.030320    0.075820    6.079918 v input1/X (sky130_fd_sc_hd__clkbuf_1)
                                                         net1 (net)
                      0.030320    0.000103    6.080021 v fanout35/A (sky130_fd_sc_hd__clkbuf_4)
     5    0.065736    0.134001    0.219853    6.299875 v fanout35/X (sky130_fd_sc_hd__clkbuf_4)
                                                         net35 (net)
                      0.134436    0.006218    6.306092 v fanout33/A (sky130_fd_sc_hd__clkbuf_8)
    10    0.084295    0.097209    0.238580    6.544672 v fanout33/X (sky130_fd_sc_hd__clkbuf_8)
                                                         net33 (net)
                      0.097946    0.006768    6.551441 v filter.y_out[1]_sky130_fd_sc_hd__dfrtp_2_Q_RESET_B_sky130_fd_sc_hd__inv_2_Y/A (sky130_fd_sc_hd__inv_2)
     1    0.003990    0.037251    0.064004    6.615445 ^ filter.y_out[1]_sky130_fd_sc_hd__dfrtp_2_Q_RESET_B_sky130_fd_sc_hd__inv_2_Y/Y (sky130_fd_sc_hd__inv_2)
                                                         filter.y_out[1]_sky130_fd_sc_hd__dfrtp_2_Q_RESET_B (net)
                      0.037251    0.000080    6.615526 ^ filter.y_out[1]_sky130_fd_sc_hd__dfrtp_2_Q/RESET_B (sky130_fd_sc_hd__dfrtp_4)
                                              6.615526   data arrival time

                                  0.000000    0.000000   clock clk (rise edge)
                                  0.000000    0.000000   clock source latency
     1    0.041337    0.190682    0.135170    0.135170 ^ clk (in)
                                                         clk (net)
                      0.191051    0.000000    0.135170 ^ clkbuf_0_clk/A (sky130_fd_sc_hd__clkbuf_16)
     8    0.135034    0.148108    0.254199    0.389369 ^ clkbuf_0_clk/X (sky130_fd_sc_hd__clkbuf_16)
                                                         clknet_0_clk (net)
                      0.148397    0.005399    0.394767 ^ clkbuf_3_7__f_clk/A (sky130_fd_sc_hd__clkbuf_16)
     9    0.048903    0.068416    0.183895    0.578663 ^ clkbuf_3_7__f_clk/X (sky130_fd_sc_hd__clkbuf_16)
                                                         clknet_3_7__leaf_clk (net)
                      0.068737    0.003319    0.581982 ^ filter.y_out[1]_sky130_fd_sc_hd__dfrtp_2_Q/CLK (sky130_fd_sc_hd__dfrtp_4)
                                  0.250000    0.831982   clock uncertainty
                                  0.000000    0.831982   clock reconvergence pessimism
                                  0.324726    1.156708   library removal time
                                              1.156708   data required time
---------------------------------------------------------------------------------------------
                                              1.156708   data required time
                                             -6.615526   data arrival time
---------------------------------------------------------------------------------------------
                                              5.458817   slack (MET)


Startpoint: reset (input port clocked by clk)
Endpoint: filter.y_out[15]_sky130_fd_sc_hd__dfrtp_2_Q
          (removal check against rising-edge clock clk)
Path Group: asynchronous
Path Type: min

Fanout         Cap        Slew       Delay        Time   Description
---------------------------------------------------------------------------------------------
                                  0.000000    0.000000   clock clk (rise edge)
                                  0.000000    0.000000   clock network delay (propagated)
                                  6.000000    6.000000 v input external delay
     1    0.002600    0.008162    0.004098    6.004098 v reset (in)
                                                         reset (net)
                      0.008162    0.000000    6.004098 v input1/A (sky130_fd_sc_hd__clkbuf_1)
     1    0.003553    0.030320    0.075820    6.079918 v input1/X (sky130_fd_sc_hd__clkbuf_1)
                                                         net1 (net)
                      0.030320    0.000103    6.080021 v fanout35/A (sky130_fd_sc_hd__clkbuf_4)
     5    0.065736    0.134001    0.219853    6.299875 v fanout35/X (sky130_fd_sc_hd__clkbuf_4)
                                                         net35 (net)
                      0.134045    0.002048    6.301922 v fanout28/A (sky130_fd_sc_hd__clkbuf_4)
     5    0.057151    0.118514    0.252511    6.554433 v fanout28/X (sky130_fd_sc_hd__clkbuf_4)
                                                         net28 (net)
                      0.119500    0.008727    6.563160 v filter.y_out[15]_sky130_fd_sc_hd__dfrtp_2_Q_RESET_B_sky130_fd_sc_hd__inv_2_Y/A (sky130_fd_sc_hd__inv_2)
     1    0.003808    0.041049    0.070666    6.633826 ^ filter.y_out[15]_sky130_fd_sc_hd__dfrtp_2_Q_RESET_B_sky130_fd_sc_hd__inv_2_Y/Y (sky130_fd_sc_hd__inv_2)
                                                         filter.y_out[15]_sky130_fd_sc_hd__dfrtp_2_Q_RESET_B (net)
                      0.041049    0.000073    6.633899 ^ filter.y_out[15]_sky130_fd_sc_hd__dfrtp_2_Q/RESET_B (sky130_fd_sc_hd__dfrtp_4)
                                              6.633899   data arrival time

                                  0.000000    0.000000   clock clk (rise edge)
                                  0.000000    0.000000   clock source latency
     1    0.041337    0.190682    0.135170    0.135170 ^ clk (in)
                                                         clk (net)
                      0.191051    0.000000    0.135170 ^ clkbuf_0_clk/A (sky130_fd_sc_hd__clkbuf_16)
     8    0.135034    0.148108    0.254199    0.389369 ^ clkbuf_0_clk/X (sky130_fd_sc_hd__clkbuf_16)
                                                         clknet_0_clk (net)
                      0.150741    0.015647    0.405016 ^ clkbuf_3_2__f_clk/A (sky130_fd_sc_hd__clkbuf_16)
     9    0.049866    0.069185    0.185749    0.590765 ^ clkbuf_3_2__f_clk/X (sky130_fd_sc_hd__clkbuf_16)
                                                         clknet_3_2__leaf_clk (net)
                      0.069201    0.001092    0.591857 ^ filter.y_out[15]_sky130_fd_sc_hd__dfrtp_2_Q/CLK (sky130_fd_sc_hd__dfrtp_4)
                                  0.250000    0.841857   clock uncertainty
                                  0.000000    0.841857   clock reconvergence pessimism
                                  0.325897    1.167754   library removal time
                                              1.167754   data required time
---------------------------------------------------------------------------------------------
                                              1.167754   data required time
                                             -6.633899   data arrival time
---------------------------------------------------------------------------------------------
                                              5.466145   slack (MET)


Startpoint: reset (input port clocked by clk)
Endpoint: filter.y_out[14]_sky130_fd_sc_hd__dfrtp_2_Q
          (removal check against rising-edge clock clk)
Path Group: asynchronous
Path Type: min

Fanout         Cap        Slew       Delay        Time   Description
---------------------------------------------------------------------------------------------
                                  0.000000    0.000000   clock clk (rise edge)
                                  0.000000    0.000000   clock network delay (propagated)
                                  6.000000    6.000000 v input external delay
     1    0.002600    0.008162    0.004098    6.004098 v reset (in)
                                                         reset (net)
                      0.008162    0.000000    6.004098 v input1/A (sky130_fd_sc_hd__clkbuf_1)
     1    0.003553    0.030320    0.075820    6.079918 v input1/X (sky130_fd_sc_hd__clkbuf_1)
                                                         net1 (net)
                      0.030320    0.000103    6.080021 v fanout35/A (sky130_fd_sc_hd__clkbuf_4)
     5    0.065736    0.134001    0.219853    6.299875 v fanout35/X (sky130_fd_sc_hd__clkbuf_4)
                                                         net35 (net)
                      0.134045    0.002048    6.301922 v fanout28/A (sky130_fd_sc_hd__clkbuf_4)
     5    0.057151    0.118514    0.252511    6.554433 v fanout28/X (sky130_fd_sc_hd__clkbuf_4)
                                                         net28 (net)
                      0.119710    0.009575    6.564008 v filter.y_out[14]_sky130_fd_sc_hd__dfrtp_2_Q_RESET_B_sky130_fd_sc_hd__inv_2_Y/A (sky130_fd_sc_hd__inv_2)
     1    0.003854    0.041297    0.071013    6.635022 ^ filter.y_out[14]_sky130_fd_sc_hd__dfrtp_2_Q_RESET_B_sky130_fd_sc_hd__inv_2_Y/Y (sky130_fd_sc_hd__inv_2)
                                                         filter.y_out[14]_sky130_fd_sc_hd__dfrtp_2_Q_RESET_B (net)
                      0.041297    0.000076    6.635098 ^ filter.y_out[14]_sky130_fd_sc_hd__dfrtp_2_Q/RESET_B (sky130_fd_sc_hd__dfrtp_4)
                                              6.635098   data arrival time

                                  0.000000    0.000000   clock clk (rise edge)
                                  0.000000    0.000000   clock source latency
     1    0.041337    0.190682    0.135170    0.135170 ^ clk (in)
                                                         clk (net)
                      0.191051    0.000000    0.135170 ^ clkbuf_0_clk/A (sky130_fd_sc_hd__clkbuf_16)
     8    0.135034    0.148108    0.254199    0.389369 ^ clkbuf_0_clk/X (sky130_fd_sc_hd__clkbuf_16)
                                                         clknet_0_clk (net)
                      0.150741    0.015647    0.405016 ^ clkbuf_3_2__f_clk/A (sky130_fd_sc_hd__clkbuf_16)
     9    0.049866    0.069185    0.185749    0.590765 ^ clkbuf_3_2__f_clk/X (sky130_fd_sc_hd__clkbuf_16)
                                                         clknet_3_2__leaf_clk (net)
                      0.069250    0.001879    0.592643 ^ filter.y_out[14]_sky130_fd_sc_hd__dfrtp_2_Q/CLK (sky130_fd_sc_hd__dfrtp_4)
                                  0.250000    0.842643   clock uncertainty
                                  0.000000    0.842643   clock reconvergence pessimism
                                  0.325979    1.168622   library removal time
                                              1.168622   data required time
---------------------------------------------------------------------------------------------
                                              1.168622   data required time
                                             -6.635098   data arrival time
---------------------------------------------------------------------------------------------
                                              5.466475   slack (MET)


Startpoint: reset (input port clocked by clk)
Endpoint: filter.y_out[11]_sky130_fd_sc_hd__dfrtp_2_Q
          (removal check against rising-edge clock clk)
Path Group: asynchronous
Path Type: min

Fanout         Cap        Slew       Delay        Time   Description
---------------------------------------------------------------------------------------------
                                  0.000000    0.000000   clock clk (rise edge)
                                  0.000000    0.000000   clock network delay (propagated)
                                  6.000000    6.000000 v input external delay
     1    0.002600    0.008162    0.004098    6.004098 v reset (in)
                                                         reset (net)
                      0.008162    0.000000    6.004098 v input1/A (sky130_fd_sc_hd__clkbuf_1)
     1    0.003553    0.030320    0.075820    6.079918 v input1/X (sky130_fd_sc_hd__clkbuf_1)
                                                         net1 (net)
                      0.030320    0.000103    6.080021 v fanout35/A (sky130_fd_sc_hd__clkbuf_4)
     5    0.065736    0.134001    0.219853    6.299875 v fanout35/X (sky130_fd_sc_hd__clkbuf_4)
                                                         net35 (net)
                      0.134045    0.002048    6.301922 v fanout28/A (sky130_fd_sc_hd__clkbuf_4)
     5    0.057151    0.118514    0.252511    6.554433 v fanout28/X (sky130_fd_sc_hd__clkbuf_4)
                                                         net28 (net)
                      0.119800    0.009917    6.564350 v filter.y_out[11]_sky130_fd_sc_hd__dfrtp_2_Q_RESET_B_sky130_fd_sc_hd__inv_2_Y/A (sky130_fd_sc_hd__inv_2)
     1    0.003989    0.041911    0.071839    6.636189 ^ filter.y_out[11]_sky130_fd_sc_hd__dfrtp_2_Q_RESET_B_sky130_fd_sc_hd__inv_2_Y/Y (sky130_fd_sc_hd__inv_2)
                                                         filter.y_out[11]_sky130_fd_sc_hd__dfrtp_2_Q_RESET_B (net)
                      0.041911    0.000081    6.636271 ^ filter.y_out[11]_sky130_fd_sc_hd__dfrtp_2_Q/RESET_B (sky130_fd_sc_hd__dfrtp_2)
                                              6.636271   data arrival time

                                  0.000000    0.000000   clock clk (rise edge)
                                  0.000000    0.000000   clock source latency
     1    0.041337    0.190682    0.135170    0.135170 ^ clk (in)
                                                         clk (net)
                      0.191051    0.000000    0.135170 ^ clkbuf_0_clk/A (sky130_fd_sc_hd__clkbuf_16)
     8    0.135034    0.148108    0.254199    0.389369 ^ clkbuf_0_clk/X (sky130_fd_sc_hd__clkbuf_16)
                                                         clknet_0_clk (net)
                      0.150741    0.015647    0.405016 ^ clkbuf_3_2__f_clk/A (sky130_fd_sc_hd__clkbuf_16)
     9    0.049866    0.069185    0.185749    0.590765 ^ clkbuf_3_2__f_clk/X (sky130_fd_sc_hd__clkbuf_16)
                                                         clknet_3_2__leaf_clk (net)
                      0.069294    0.002356    0.593120 ^ filter.y_out[11]_sky130_fd_sc_hd__dfrtp_2_Q/CLK (sky130_fd_sc_hd__dfrtp_2)
                                  0.250000    0.843120   clock uncertainty
                                  0.000000    0.843120   clock reconvergence pessimism
                                  0.326090    1.169210   library removal time
                                              1.169210   data required time
---------------------------------------------------------------------------------------------
                                              1.169210   data required time
                                             -6.636271   data arrival time
---------------------------------------------------------------------------------------------
                                              5.467060   slack (MET)


Startpoint: reset (input port clocked by clk)
Endpoint: spi_in.sclk_prev_sky130_fd_sc_hd__dfrtp_2_Q
          (removal check against rising-edge clock clk)
Path Group: asynchronous
Path Type: min

Fanout         Cap        Slew       Delay        Time   Description
---------------------------------------------------------------------------------------------
                                  0.000000    0.000000   clock clk (rise edge)
                                  0.000000    0.000000   clock network delay (propagated)
                                  6.000000    6.000000 v input external delay
     1    0.002600    0.008162    0.004098    6.004098 v reset (in)
                                                         reset (net)
                      0.008162    0.000000    6.004098 v input1/A (sky130_fd_sc_hd__clkbuf_1)
     1    0.003553    0.030320    0.075820    6.079918 v input1/X (sky130_fd_sc_hd__clkbuf_1)
                                                         net1 (net)
                      0.030320    0.000103    6.080021 v fanout35/A (sky130_fd_sc_hd__clkbuf_4)
     5    0.065736    0.134001    0.219853    6.299875 v fanout35/X (sky130_fd_sc_hd__clkbuf_4)
                                                         net35 (net)
                      0.134022    0.001433    6.301308 v fanout30/A (sky130_fd_sc_hd__clkbuf_4)
     5    0.046095    0.101693    0.238465    6.539773 v fanout30/X (sky130_fd_sc_hd__clkbuf_4)
                                                         net30 (net)
                      0.101703    0.001102    6.540874 v fanout29/A (sky130_fd_sc_hd__buf_4)
    10    0.064627    0.090072    0.222680    6.763555 v fanout29/X (sky130_fd_sc_hd__buf_4)
                                                         net29 (net)
                      0.090075    0.000807    6.764362 v spi_in.sclk_prev_sky130_fd_sc_hd__dfrtp_2_Q_RESET_B_sky130_fd_sc_hd__inv_2_Y/A (sky130_fd_sc_hd__inv_2)
     1    0.004016    0.035669    0.061305    6.825666 ^ spi_in.sclk_prev_sky130_fd_sc_hd__dfrtp_2_Q_RESET_B_sky130_fd_sc_hd__inv_2_Y/Y (sky130_fd_sc_hd__inv_2)
                                                         spi_in.sclk_prev_sky130_fd_sc_hd__dfrtp_2_Q_RESET_B (net)
                      0.035669    0.000082    6.825748 ^ spi_in.sclk_prev_sky130_fd_sc_hd__dfrtp_2_Q/RESET_B (sky130_fd_sc_hd__dfrtp_1)
                                              6.825748   data arrival time

                                  0.000000    0.000000   clock clk (rise edge)
                                  0.000000    0.000000   clock source latency
     1    0.041337    0.190682    0.135170    0.135170 ^ clk (in)
                                                         clk (net)
                      0.191051    0.000000    0.135170 ^ clkbuf_0_clk/A (sky130_fd_sc_hd__clkbuf_16)
     8    0.135034    0.148108    0.254199    0.389369 ^ clkbuf_0_clk/X (sky130_fd_sc_hd__clkbuf_16)
                                                         clknet_0_clk (net)
                      0.149617    0.011890    0.401258 ^ clkbuf_3_4__f_clk/A (sky130_fd_sc_hd__clkbuf_16)
    13    0.055819    0.074782    0.189471    0.590730 ^ clkbuf_3_4__f_clk/X (sky130_fd_sc_hd__clkbuf_16)
                                                         clknet_3_4__leaf_clk (net)
                      0.075082    0.003291    0.594021 ^ spi_in.sclk_prev_sky130_fd_sc_hd__dfrtp_2_Q/CLK (sky130_fd_sc_hd__dfrtp_1)
                                  0.250000    0.844021   clock uncertainty
                                  0.000000    0.844021   clock reconvergence pessimism
                                  0.325883    1.169904   library removal time
                                              1.169904   data required time
---------------------------------------------------------------------------------------------
                                              1.169904   data required time
                                             -6.825748   data arrival time
---------------------------------------------------------------------------------------------
                                              5.655845   slack (MET)


Startpoint: reset (input port clocked by clk)
Endpoint: spi_out.shift_reg[0]_sky130_fd_sc_hd__dfrtp_2_Q
          (removal check against rising-edge clock clk)
Path Group: asynchronous
Path Type: min

Fanout         Cap        Slew       Delay        Time   Description
---------------------------------------------------------------------------------------------
                                  0.000000    0.000000   clock clk (rise edge)
                                  0.000000    0.000000   clock network delay (propagated)
                                  6.000000    6.000000 v input external delay
     1    0.002600    0.008162    0.004098    6.004098 v reset (in)
                                                         reset (net)
                      0.008162    0.000000    6.004098 v input1/A (sky130_fd_sc_hd__clkbuf_1)
     1    0.003553    0.030320    0.075820    6.079918 v input1/X (sky130_fd_sc_hd__clkbuf_1)
                                                         net1 (net)
                      0.030320    0.000103    6.080021 v fanout35/A (sky130_fd_sc_hd__clkbuf_4)
     5    0.065736    0.134001    0.219853    6.299875 v fanout35/X (sky130_fd_sc_hd__clkbuf_4)
                                                         net35 (net)
                      0.134022    0.001433    6.301308 v fanout30/A (sky130_fd_sc_hd__clkbuf_4)
     5    0.046095    0.101693    0.238465    6.539773 v fanout30/X (sky130_fd_sc_hd__clkbuf_4)
                                                         net30 (net)
                      0.101703    0.001102    6.540874 v fanout29/A (sky130_fd_sc_hd__buf_4)
    10    0.064627    0.090072    0.222680    6.763555 v fanout29/X (sky130_fd_sc_hd__buf_4)
                                                         net29 (net)
                      0.090156    0.002550    6.766104 v spi_out.shift_reg[0]_sky130_fd_sc_hd__dfrtp_2_Q_RESET_B_sky130_fd_sc_hd__inv_2_Y/A (sky130_fd_sc_hd__inv_2)
     1    0.003819    0.034933    0.060373    6.826478 ^ spi_out.shift_reg[0]_sky130_fd_sc_hd__dfrtp_2_Q_RESET_B_sky130_fd_sc_hd__inv_2_Y/Y (sky130_fd_sc_hd__inv_2)
                                                         spi_out.shift_reg[0]_sky130_fd_sc_hd__dfrtp_2_Q_RESET_B (net)
                      0.034933    0.000074    6.826551 ^ spi_out.shift_reg[0]_sky130_fd_sc_hd__dfrtp_2_Q/RESET_B (sky130_fd_sc_hd__dfrtp_1)
                                              6.826551   data arrival time

                                  0.000000    0.000000   clock clk (rise edge)
                                  0.000000    0.000000   clock source latency
     1    0.041337    0.190682    0.135170    0.135170 ^ clk (in)
                                                         clk (net)
                      0.191051    0.000000    0.135170 ^ clkbuf_0_clk/A (sky130_fd_sc_hd__clkbuf_16)
     8    0.135034    0.148108    0.254199    0.389369 ^ clkbuf_0_clk/X (sky130_fd_sc_hd__clkbuf_16)
                                                         clknet_0_clk (net)
                      0.149617    0.011890    0.401258 ^ clkbuf_3_4__f_clk/A (sky130_fd_sc_hd__clkbuf_16)
    13    0.055819    0.074782    0.189471    0.590730 ^ clkbuf_3_4__f_clk/X (sky130_fd_sc_hd__clkbuf_16)
                                                         clknet_3_4__leaf_clk (net)
                      0.075077    0.003256    0.593986 ^ spi_out.shift_reg[0]_sky130_fd_sc_hd__dfrtp_2_Q/CLK (sky130_fd_sc_hd__dfrtp_1)
                                  0.250000    0.843986   clock uncertainty
                                  0.000000    0.843986   clock reconvergence pessimism
                                  0.325679    1.169665   library removal time
                                              1.169665   data required time
---------------------------------------------------------------------------------------------
                                              1.169665   data required time
                                             -6.826551   data arrival time
---------------------------------------------------------------------------------------------
                                              5.656886   slack (MET)


Startpoint: reset (input port clocked by clk)
Endpoint: spi_in.shift_reg[7]_sky130_fd_sc_hd__dfrtp_2_Q
          (removal check against rising-edge clock clk)
Path Group: asynchronous
Path Type: min

Fanout         Cap        Slew       Delay        Time   Description
---------------------------------------------------------------------------------------------
                                  0.000000    0.000000   clock clk (rise edge)
                                  0.000000    0.000000   clock network delay (propagated)
                                  6.000000    6.000000 v input external delay
     1    0.002600    0.008162    0.004098    6.004098 v reset (in)
                                                         reset (net)
                      0.008162    0.000000    6.004098 v input1/A (sky130_fd_sc_hd__clkbuf_1)
     1    0.003553    0.030320    0.075820    6.079918 v input1/X (sky130_fd_sc_hd__clkbuf_1)
                                                         net1 (net)
                      0.030320    0.000103    6.080021 v fanout35/A (sky130_fd_sc_hd__clkbuf_4)
     5    0.065736    0.134001    0.219853    6.299875 v fanout35/X (sky130_fd_sc_hd__clkbuf_4)
                                                         net35 (net)
                      0.134022    0.001433    6.301308 v fanout30/A (sky130_fd_sc_hd__clkbuf_4)
     5    0.046095    0.101693    0.238465    6.539773 v fanout30/X (sky130_fd_sc_hd__clkbuf_4)
                                                         net30 (net)
                      0.101703    0.001102    6.540874 v fanout29/A (sky130_fd_sc_hd__buf_4)
    10    0.064627    0.090072    0.222680    6.763555 v fanout29/X (sky130_fd_sc_hd__buf_4)
                                                         net29 (net)
                      0.090267    0.003687    6.767241 v spi_in.shift_reg[7]_sky130_fd_sc_hd__dfrtp_2_Q_RESET_B_sky130_fd_sc_hd__inv_2_Y/A (sky130_fd_sc_hd__inv_2)
     1    0.003854    0.035091    0.060585    6.827826 ^ spi_in.shift_reg[7]_sky130_fd_sc_hd__dfrtp_2_Q_RESET_B_sky130_fd_sc_hd__inv_2_Y/Y (sky130_fd_sc_hd__inv_2)
                                                         spi_in.shift_reg[7]_sky130_fd_sc_hd__dfrtp_2_Q_RESET_B (net)
                      0.035091    0.000075    6.827901 ^ spi_in.shift_reg[7]_sky130_fd_sc_hd__dfrtp_2_Q/RESET_B (sky130_fd_sc_hd__dfrtp_1)
                                              6.827901   data arrival time

                                  0.000000    0.000000   clock clk (rise edge)
                                  0.000000    0.000000   clock source latency
     1    0.041337    0.190682    0.135170    0.135170 ^ clk (in)
                                                         clk (net)
                      0.191051    0.000000    0.135170 ^ clkbuf_0_clk/A (sky130_fd_sc_hd__clkbuf_16)
     8    0.135034    0.148108    0.254199    0.389369 ^ clkbuf_0_clk/X (sky130_fd_sc_hd__clkbuf_16)
                                                         clknet_0_clk (net)
                      0.149539    0.011588    0.400956 ^ clkbuf_3_1__f_clk/A (sky130_fd_sc_hd__clkbuf_16)
    12    0.057231    0.076120    0.190515    0.591471 ^ clkbuf_3_1__f_clk/X (sky130_fd_sc_hd__clkbuf_16)
                                                         clknet_3_1__leaf_clk (net)
                      0.076253    0.002737    0.594208 ^ spi_in.shift_reg[7]_sky130_fd_sc_hd__dfrtp_2_Q/CLK (sky130_fd_sc_hd__dfrtp_1)
                                  0.250000    0.844208   clock uncertainty
                                  0.000000    0.844208   clock reconvergence pessimism
                                  0.326043    1.170251   library removal time
                                              1.170251   data required time
---------------------------------------------------------------------------------------------
                                              1.170251   data required time
                                             -6.827901   data arrival time
---------------------------------------------------------------------------------------------
                                              5.657650   slack (MET)


Startpoint: reset (input port clocked by clk)
Endpoint: spi_out.shift_reg[6]_sky130_fd_sc_hd__dfrtp_2_Q
          (removal check against rising-edge clock clk)
Path Group: asynchronous
Path Type: min

Fanout         Cap        Slew       Delay        Time   Description
---------------------------------------------------------------------------------------------
                                  0.000000    0.000000   clock clk (rise edge)
                                  0.000000    0.000000   clock network delay (propagated)
                                  6.000000    6.000000 v input external delay
     1    0.002600    0.008162    0.004098    6.004098 v reset (in)
                                                         reset (net)
                      0.008162    0.000000    6.004098 v input1/A (sky130_fd_sc_hd__clkbuf_1)
     1    0.003553    0.030320    0.075820    6.079918 v input1/X (sky130_fd_sc_hd__clkbuf_1)
                                                         net1 (net)
                      0.030320    0.000103    6.080021 v fanout35/A (sky130_fd_sc_hd__clkbuf_4)
     5    0.065736    0.134001    0.219853    6.299875 v fanout35/X (sky130_fd_sc_hd__clkbuf_4)
                                                         net35 (net)
                      0.134022    0.001433    6.301308 v fanout30/A (sky130_fd_sc_hd__clkbuf_4)
     5    0.046095    0.101693    0.238465    6.539773 v fanout30/X (sky130_fd_sc_hd__clkbuf_4)
                                                         net30 (net)
                      0.101703    0.001102    6.540874 v fanout29/A (sky130_fd_sc_hd__buf_4)
    10    0.064627    0.090072    0.222680    6.763555 v fanout29/X (sky130_fd_sc_hd__buf_4)
                                                         net29 (net)
                      0.090380    0.003851    6.767406 v spi_out.shift_reg[6]_sky130_fd_sc_hd__dfrtp_2_Q_RESET_B_sky130_fd_sc_hd__inv_2_Y/A (sky130_fd_sc_hd__inv_2)
     1    0.003891    0.035255    0.060805    6.828211 ^ spi_out.shift_reg[6]_sky130_fd_sc_hd__dfrtp_2_Q_RESET_B_sky130_fd_sc_hd__inv_2_Y/Y (sky130_fd_sc_hd__inv_2)
                                                         spi_out.shift_reg[6]_sky130_fd_sc_hd__dfrtp_2_Q_RESET_B (net)
                      0.035255    0.000077    6.828289 ^ spi_out.shift_reg[6]_sky130_fd_sc_hd__dfrtp_2_Q/RESET_B (sky130_fd_sc_hd__dfrtp_1)
                                              6.828289   data arrival time

                                  0.000000    0.000000   clock clk (rise edge)
                                  0.000000    0.000000   clock source latency
     1    0.041337    0.190682    0.135170    0.135170 ^ clk (in)
                                                         clk (net)
                      0.191051    0.000000    0.135170 ^ clkbuf_0_clk/A (sky130_fd_sc_hd__clkbuf_16)
     8    0.135034    0.148108    0.254199    0.389369 ^ clkbuf_0_clk/X (sky130_fd_sc_hd__clkbuf_16)
                                                         clknet_0_clk (net)
                      0.149539    0.011588    0.400956 ^ clkbuf_3_1__f_clk/A (sky130_fd_sc_hd__clkbuf_16)
    12    0.057231    0.076120    0.190515    0.591471 ^ clkbuf_3_1__f_clk/X (sky130_fd_sc_hd__clkbuf_16)
                                                         clknet_3_1__leaf_clk (net)
                      0.076256    0.002765    0.594235 ^ spi_out.shift_reg[6]_sky130_fd_sc_hd__dfrtp_2_Q/CLK (sky130_fd_sc_hd__dfrtp_1)
                                  0.250000    0.844235   clock uncertainty
                                  0.000000    0.844235   clock reconvergence pessimism
                                  0.326089    1.170325   library removal time
                                              1.170325   data required time
---------------------------------------------------------------------------------------------
                                              1.170325   data required time
                                             -6.828289   data arrival time
---------------------------------------------------------------------------------------------
                                              5.657964   slack (MET)


Startpoint: reset (input port clocked by clk)
Endpoint: spi_in.valid_out_sky130_fd_sc_hd__dfrtp_2_Q
          (removal check against rising-edge clock clk)
Path Group: asynchronous
Path Type: min

Fanout         Cap        Slew       Delay        Time   Description
---------------------------------------------------------------------------------------------
                                  0.000000    0.000000   clock clk (rise edge)
                                  0.000000    0.000000   clock network delay (propagated)
                                  6.000000    6.000000 v input external delay
     1    0.002600    0.008162    0.004098    6.004098 v reset (in)
                                                         reset (net)
                      0.008162    0.000000    6.004098 v input1/A (sky130_fd_sc_hd__clkbuf_1)
     1    0.003553    0.030320    0.075820    6.079918 v input1/X (sky130_fd_sc_hd__clkbuf_1)
                                                         net1 (net)
                      0.030320    0.000103    6.080021 v fanout35/A (sky130_fd_sc_hd__clkbuf_4)
     5    0.065736    0.134001    0.219853    6.299875 v fanout35/X (sky130_fd_sc_hd__clkbuf_4)
                                                         net35 (net)
                      0.134022    0.001433    6.301308 v fanout30/A (sky130_fd_sc_hd__clkbuf_4)
     5    0.046095    0.101693    0.238465    6.539773 v fanout30/X (sky130_fd_sc_hd__clkbuf_4)
                                                         net30 (net)
                      0.101703    0.001102    6.540874 v fanout29/A (sky130_fd_sc_hd__buf_4)
    10    0.064627    0.090072    0.222680    6.763555 v fanout29/X (sky130_fd_sc_hd__buf_4)
                                                         net29 (net)
                      0.090198    0.003040    6.766594 v spi_in.valid_out_sky130_fd_sc_hd__dfrtp_2_Q_RESET_B_sky130_fd_sc_hd__inv_2_Y/A (sky130_fd_sc_hd__inv_2)
     1    0.003970    0.035520    0.061145    6.827739 ^ spi_in.valid_out_sky130_fd_sc_hd__dfrtp_2_Q_RESET_B_sky130_fd_sc_hd__inv_2_Y/Y (sky130_fd_sc_hd__inv_2)
                                                         spi_in.valid_out_sky130_fd_sc_hd__dfrtp_2_Q_RESET_B (net)
                      0.035520    0.000044    6.827784 ^ spi_in.valid_out_sky130_fd_sc_hd__dfrtp_2_Q/RESET_B (sky130_fd_sc_hd__dfrtp_1)
                                              6.827784   data arrival time

                                  0.000000    0.000000   clock clk (rise edge)
                                  0.000000    0.000000   clock source latency
     1    0.041337    0.190682    0.135170    0.135170 ^ clk (in)
                                                         clk (net)
                      0.191051    0.000000    0.135170 ^ clkbuf_0_clk/A (sky130_fd_sc_hd__clkbuf_16)
     8    0.135034    0.148108    0.254199    0.389369 ^ clkbuf_0_clk/X (sky130_fd_sc_hd__clkbuf_16)
                                                         clknet_0_clk (net)
                      0.149617    0.011890    0.401258 ^ clkbuf_3_4__f_clk/A (sky130_fd_sc_hd__clkbuf_16)
    13    0.055819    0.074782    0.189471    0.590730 ^ clkbuf_3_4__f_clk/X (sky130_fd_sc_hd__clkbuf_16)
                                                         clknet_3_4__leaf_clk (net)
                      0.075042    0.002999    0.593728 ^ spi_in.valid_out_sky130_fd_sc_hd__dfrtp_2_Q/CLK (sky130_fd_sc_hd__dfrtp_1)
                                  0.250000    0.843728   clock uncertainty
                                  0.000000    0.843728   clock reconvergence pessimism
                                  0.325831    1.169560   library removal time
                                              1.169560   data required time
---------------------------------------------------------------------------------------------
                                              1.169560   data required time
                                             -6.827784   data arrival time
---------------------------------------------------------------------------------------------
                                              5.658224   slack (MET)


Startpoint: reset (input port clocked by clk)
Endpoint: spi_out.shift_reg[14]_sky130_fd_sc_hd__dfrtp_2_Q
          (removal check against rising-edge clock clk)
Path Group: asynchronous
Path Type: min

Fanout         Cap        Slew       Delay        Time   Description
---------------------------------------------------------------------------------------------
                                  0.000000    0.000000   clock clk (rise edge)
                                  0.000000    0.000000   clock network delay (propagated)
                                  6.000000    6.000000 v input external delay
     1    0.002600    0.008162    0.004098    6.004098 v reset (in)
                                                         reset (net)
                      0.008162    0.000000    6.004098 v input1/A (sky130_fd_sc_hd__clkbuf_1)
     1    0.003553    0.030320    0.075820    6.079918 v input1/X (sky130_fd_sc_hd__clkbuf_1)
                                                         net1 (net)
                      0.030320    0.000103    6.080021 v fanout35/A (sky130_fd_sc_hd__clkbuf_4)
     5    0.065736    0.134001    0.219853    6.299875 v fanout35/X (sky130_fd_sc_hd__clkbuf_4)
                                                         net35 (net)
                      0.134022    0.001433    6.301308 v fanout30/A (sky130_fd_sc_hd__clkbuf_4)
     5    0.046095    0.101693    0.238465    6.539773 v fanout30/X (sky130_fd_sc_hd__clkbuf_4)
                                                         net30 (net)
                      0.101703    0.001102    6.540874 v fanout29/A (sky130_fd_sc_hd__buf_4)
    10    0.064627    0.090072    0.222680    6.763555 v fanout29/X (sky130_fd_sc_hd__buf_4)
                                                         net29 (net)
                      0.090394    0.003957    6.767512 v spi_out.shift_reg[14]_sky130_fd_sc_hd__dfrtp_2_Q_RESET_B_sky130_fd_sc_hd__inv_2_Y/A (sky130_fd_sc_hd__inv_2)
     1    0.003878    0.035209    0.060747    6.828259 ^ spi_out.shift_reg[14]_sky130_fd_sc_hd__dfrtp_2_Q_RESET_B_sky130_fd_sc_hd__inv_2_Y/Y (sky130_fd_sc_hd__inv_2)
                                                         spi_out.shift_reg[14]_sky130_fd_sc_hd__dfrtp_2_Q_RESET_B (net)
                      0.035209    0.000077    6.828336 ^ spi_out.shift_reg[14]_sky130_fd_sc_hd__dfrtp_2_Q/RESET_B (sky130_fd_sc_hd__dfrtp_1)
                                              6.828336   data arrival time

                                  0.000000    0.000000   clock clk (rise edge)
                                  0.000000    0.000000   clock source latency
     1    0.041337    0.190682    0.135170    0.135170 ^ clk (in)
                                                         clk (net)
                      0.191051    0.000000    0.135170 ^ clkbuf_0_clk/A (sky130_fd_sc_hd__clkbuf_16)
     8    0.135034    0.148108    0.254199    0.389369 ^ clkbuf_0_clk/X (sky130_fd_sc_hd__clkbuf_16)
                                                         clknet_0_clk (net)
                      0.149539    0.011588    0.400956 ^ clkbuf_3_1__f_clk/A (sky130_fd_sc_hd__clkbuf_16)
    12    0.057231    0.076120    0.190515    0.591471 ^ clkbuf_3_1__f_clk/X (sky130_fd_sc_hd__clkbuf_16)
                                                         clknet_3_1__leaf_clk (net)
                      0.076232    0.002531    0.594001 ^ spi_out.shift_reg[14]_sky130_fd_sc_hd__dfrtp_2_Q/CLK (sky130_fd_sc_hd__dfrtp_1)
                                  0.250000    0.844001   clock uncertainty
                                  0.000000    0.844001   clock reconvergence pessimism
                                  0.326070    1.170071   library removal time
                                              1.170071   data required time
---------------------------------------------------------------------------------------------
                                              1.170071   data required time
                                             -6.828336   data arrival time
---------------------------------------------------------------------------------------------
                                              5.658265   slack (MET)


Startpoint: reset (input port clocked by clk)
Endpoint: spi_in.shift_reg[8]_sky130_fd_sc_hd__dfrtp_2_Q
          (removal check against rising-edge clock clk)
Path Group: asynchronous
Path Type: min

Fanout         Cap        Slew       Delay        Time   Description
---------------------------------------------------------------------------------------------
                                  0.000000    0.000000   clock clk (rise edge)
                                  0.000000    0.000000   clock network delay (propagated)
                                  6.000000    6.000000 v input external delay
     1    0.002600    0.008162    0.004098    6.004098 v reset (in)
                                                         reset (net)
                      0.008162    0.000000    6.004098 v input1/A (sky130_fd_sc_hd__clkbuf_1)
     1    0.003553    0.030320    0.075820    6.079918 v input1/X (sky130_fd_sc_hd__clkbuf_1)
                                                         net1 (net)
                      0.030320    0.000103    6.080021 v fanout35/A (sky130_fd_sc_hd__clkbuf_4)
     5    0.065736    0.134001    0.219853    6.299875 v fanout35/X (sky130_fd_sc_hd__clkbuf_4)
                                                         net35 (net)
                      0.134022    0.001433    6.301308 v fanout30/A (sky130_fd_sc_hd__clkbuf_4)
     5    0.046095    0.101693    0.238465    6.539773 v fanout30/X (sky130_fd_sc_hd__clkbuf_4)
                                                         net30 (net)
                      0.101703    0.001102    6.540874 v fanout29/A (sky130_fd_sc_hd__buf_4)
    10    0.064627    0.090072    0.222680    6.763555 v fanout29/X (sky130_fd_sc_hd__buf_4)
                                                         net29 (net)
                      0.090438    0.004260    6.767815 v spi_in.shift_reg[8]_sky130_fd_sc_hd__dfrtp_2_Q_RESET_B_sky130_fd_sc_hd__inv_2_Y/A (sky130_fd_sc_hd__inv_2)
     1    0.003846    0.035096    0.060605    6.828420 ^ spi_in.shift_reg[8]_sky130_fd_sc_hd__dfrtp_2_Q_RESET_B_sky130_fd_sc_hd__inv_2_Y/Y (sky130_fd_sc_hd__inv_2)
                                                         spi_in.shift_reg[8]_sky130_fd_sc_hd__dfrtp_2_Q_RESET_B (net)
                      0.035096    0.000075    6.828495 ^ spi_in.shift_reg[8]_sky130_fd_sc_hd__dfrtp_2_Q/RESET_B (sky130_fd_sc_hd__dfrtp_1)
                                              6.828495   data arrival time

                                  0.000000    0.000000   clock clk (rise edge)
                                  0.000000    0.000000   clock source latency
     1    0.041337    0.190682    0.135170    0.135170 ^ clk (in)
                                                         clk (net)
                      0.191051    0.000000    0.135170 ^ clkbuf_0_clk/A (sky130_fd_sc_hd__clkbuf_16)
     8    0.135034    0.148108    0.254199    0.389369 ^ clkbuf_0_clk/X (sky130_fd_sc_hd__clkbuf_16)
                                                         clknet_0_clk (net)
                      0.149539    0.011588    0.400956 ^ clkbuf_3_1__f_clk/A (sky130_fd_sc_hd__clkbuf_16)
    12    0.057231    0.076120    0.190515    0.591471 ^ clkbuf_3_1__f_clk/X (sky130_fd_sc_hd__clkbuf_16)
                                                         clknet_3_1__leaf_clk (net)
                      0.076222    0.002438    0.593909 ^ spi_in.shift_reg[8]_sky130_fd_sc_hd__dfrtp_2_Q/CLK (sky130_fd_sc_hd__dfrtp_1)
                                  0.250000    0.843909   clock uncertainty
                                  0.000000    0.843909   clock reconvergence pessimism
                                  0.326036    1.169945   library removal time
                                              1.169945   data required time
---------------------------------------------------------------------------------------------
                                              1.169945   data required time
                                             -6.828495   data arrival time
---------------------------------------------------------------------------------------------
                                              5.658549   slack (MET)


Startpoint: reset (input port clocked by clk)
Endpoint: filter.x_in[7]_sky130_fd_sc_hd__dfrtp_2_Q
          (removal check against rising-edge clock clk)
Path Group: asynchronous
Path Type: min

Fanout         Cap        Slew       Delay        Time   Description
---------------------------------------------------------------------------------------------
                                  0.000000    0.000000   clock clk (rise edge)
                                  0.000000    0.000000   clock network delay (propagated)
                                  6.000000    6.000000 v input external delay
     1    0.002600    0.008162    0.004098    6.004098 v reset (in)
                                                         reset (net)
                      0.008162    0.000000    6.004098 v input1/A (sky130_fd_sc_hd__clkbuf_1)
     1    0.003553    0.030320    0.075820    6.079918 v input1/X (sky130_fd_sc_hd__clkbuf_1)
                                                         net1 (net)
                      0.030320    0.000103    6.080021 v fanout35/A (sky130_fd_sc_hd__clkbuf_4)
     5    0.065736    0.134001    0.219853    6.299875 v fanout35/X (sky130_fd_sc_hd__clkbuf_4)
                                                         net35 (net)
                      0.134022    0.001433    6.301308 v fanout30/A (sky130_fd_sc_hd__clkbuf_4)
     5    0.046095    0.101693    0.238465    6.539773 v fanout30/X (sky130_fd_sc_hd__clkbuf_4)
                                                         net30 (net)
                      0.101703    0.001102    6.540874 v fanout29/A (sky130_fd_sc_hd__buf_4)
    10    0.064627    0.090072    0.222680    6.763555 v fanout29/X (sky130_fd_sc_hd__buf_4)
                                                         net29 (net)
                      0.090211    0.003174    6.766729 v filter.x_in[7]_sky130_fd_sc_hd__dfrtp_2_Q_RESET_B_sky130_fd_sc_hd__inv_2_Y/A (sky130_fd_sc_hd__inv_2)
     1    0.003906    0.035277    0.060819    6.827548 ^ filter.x_in[7]_sky130_fd_sc_hd__dfrtp_2_Q_RESET_B_sky130_fd_sc_hd__inv_2_Y/Y (sky130_fd_sc_hd__inv_2)
                                                         filter.x_in[7]_sky130_fd_sc_hd__dfrtp_2_Q_RESET_B (net)
                      0.035278    0.000076    6.827624 ^ filter.x_in[7]_sky130_fd_sc_hd__dfrtp_2_Q/RESET_B (sky130_fd_sc_hd__dfrtp_1)
                                              6.827624   data arrival time

                                  0.000000    0.000000   clock clk (rise edge)
                                  0.000000    0.000000   clock source latency
     1    0.041337    0.190682    0.135170    0.135170 ^ clk (in)
                                                         clk (net)
                      0.191051    0.000000    0.135170 ^ clkbuf_0_clk/A (sky130_fd_sc_hd__clkbuf_16)
     8    0.135034    0.148108    0.254199    0.389369 ^ clkbuf_0_clk/X (sky130_fd_sc_hd__clkbuf_16)
                                                         clknet_0_clk (net)
                      0.149617    0.011890    0.401258 ^ clkbuf_3_4__f_clk/A (sky130_fd_sc_hd__clkbuf_16)
    13    0.055819    0.074782    0.189471    0.590730 ^ clkbuf_3_4__f_clk/X (sky130_fd_sc_hd__clkbuf_16)
                                                         clknet_3_4__leaf_clk (net)
                      0.074979    0.002472    0.593202 ^ filter.x_in[7]_sky130_fd_sc_hd__dfrtp_2_Q/CLK (sky130_fd_sc_hd__dfrtp_1)
                                  0.250000    0.843202   clock uncertainty
                                  0.000000    0.843202   clock reconvergence pessimism
                                  0.325747    1.168949   library removal time
                                              1.168949   data required time
---------------------------------------------------------------------------------------------
                                              1.168949   data required time
                                             -6.827624   data arrival time
---------------------------------------------------------------------------------------------
                                              5.658675   slack (MET)


Startpoint: reset (input port clocked by clk)
Endpoint: filter.x_in[8]_sky130_fd_sc_hd__dfrtp_2_Q
          (removal check against rising-edge clock clk)
Path Group: asynchronous
Path Type: min

Fanout         Cap        Slew       Delay        Time   Description
---------------------------------------------------------------------------------------------
                                  0.000000    0.000000   clock clk (rise edge)
                                  0.000000    0.000000   clock network delay (propagated)
                                  6.000000    6.000000 v input external delay
     1    0.002600    0.008162    0.004098    6.004098 v reset (in)
                                                         reset (net)
                      0.008162    0.000000    6.004098 v input1/A (sky130_fd_sc_hd__clkbuf_1)
     1    0.003553    0.030320    0.075820    6.079918 v input1/X (sky130_fd_sc_hd__clkbuf_1)
                                                         net1 (net)
                      0.030320    0.000103    6.080021 v fanout35/A (sky130_fd_sc_hd__clkbuf_4)
     5    0.065736    0.134001    0.219853    6.299875 v fanout35/X (sky130_fd_sc_hd__clkbuf_4)
                                                         net35 (net)
                      0.134022    0.001433    6.301308 v fanout30/A (sky130_fd_sc_hd__clkbuf_4)
     5    0.046095    0.101693    0.238465    6.539773 v fanout30/X (sky130_fd_sc_hd__clkbuf_4)
                                                         net30 (net)
                      0.101703    0.001102    6.540874 v fanout29/A (sky130_fd_sc_hd__buf_4)
    10    0.064627    0.090072    0.222680    6.763555 v fanout29/X (sky130_fd_sc_hd__buf_4)
                                                         net29 (net)
                      0.090379    0.003846    6.767401 v filter.x_in[8]_sky130_fd_sc_hd__dfrtp_2_Q_RESET_B_sky130_fd_sc_hd__inv_2_Y/A (sky130_fd_sc_hd__inv_2)
     1    0.003885    0.035235    0.060778    6.828179 ^ filter.x_in[8]_sky130_fd_sc_hd__dfrtp_2_Q_RESET_B_sky130_fd_sc_hd__inv_2_Y/Y (sky130_fd_sc_hd__inv_2)
                                                         filter.x_in[8]_sky130_fd_sc_hd__dfrtp_2_Q_RESET_B (net)
                      0.035235    0.000078    6.828257 ^ filter.x_in[8]_sky130_fd_sc_hd__dfrtp_2_Q/RESET_B (sky130_fd_sc_hd__dfrtp_1)
                                              6.828257   data arrival time

                                  0.000000    0.000000   clock clk (rise edge)
                                  0.000000    0.000000   clock source latency
     1    0.041337    0.190682    0.135170    0.135170 ^ clk (in)
                                                         clk (net)
                      0.191051    0.000000    0.135170 ^ clkbuf_0_clk/A (sky130_fd_sc_hd__clkbuf_16)
     8    0.135034    0.148108    0.254199    0.389369 ^ clkbuf_0_clk/X (sky130_fd_sc_hd__clkbuf_16)
                                                         clknet_0_clk (net)
                      0.149539    0.011588    0.400956 ^ clkbuf_3_1__f_clk/A (sky130_fd_sc_hd__clkbuf_16)
    12    0.057231    0.076120    0.190515    0.591471 ^ clkbuf_3_1__f_clk/X (sky130_fd_sc_hd__clkbuf_16)
                                                         clknet_3_1__leaf_clk (net)
                      0.076167    0.001753    0.593224 ^ filter.x_in[8]_sky130_fd_sc_hd__dfrtp_2_Q/CLK (sky130_fd_sc_hd__dfrtp_1)
                                  0.250000    0.843224   clock uncertainty
                                  0.000000    0.843224   clock reconvergence pessimism
                                  0.326060    1.169283   library removal time
                                              1.169283   data required time
---------------------------------------------------------------------------------------------
                                              1.169283   data required time
                                             -6.828257   data arrival time
---------------------------------------------------------------------------------------------
                                              5.658974   slack (MET)


Startpoint: reset (input port clocked by clk)
Endpoint: spi_miso_sky130_fd_sc_hd__dfrtp_2_Q
          (removal check against rising-edge clock clk)
Path Group: asynchronous
Path Type: min

Fanout         Cap        Slew       Delay        Time   Description
---------------------------------------------------------------------------------------------
                                  0.000000    0.000000   clock clk (rise edge)
                                  0.000000    0.000000   clock network delay (propagated)
                                  6.000000    6.000000 v input external delay
     1    0.002600    0.008162    0.004098    6.004098 v reset (in)
                                                         reset (net)
                      0.008162    0.000000    6.004098 v input1/A (sky130_fd_sc_hd__clkbuf_1)
     1    0.003553    0.030320    0.075820    6.079918 v input1/X (sky130_fd_sc_hd__clkbuf_1)
                                                         net1 (net)
                      0.030320    0.000103    6.080021 v fanout35/A (sky130_fd_sc_hd__clkbuf_4)
     5    0.065736    0.134001    0.219853    6.299875 v fanout35/X (sky130_fd_sc_hd__clkbuf_4)
                                                         net35 (net)
                      0.134022    0.001433    6.301308 v fanout30/A (sky130_fd_sc_hd__clkbuf_4)
     5    0.046095    0.101693    0.238465    6.539773 v fanout30/X (sky130_fd_sc_hd__clkbuf_4)
                                                         net30 (net)
                      0.101703    0.001102    6.540874 v fanout29/A (sky130_fd_sc_hd__buf_4)
    10    0.064627    0.090072    0.222680    6.763555 v fanout29/X (sky130_fd_sc_hd__buf_4)
                                                         net29 (net)
                      0.090430    0.004204    6.767758 v spi_miso_sky130_fd_sc_hd__dfrtp_2_Q_RESET_B_sky130_fd_sc_hd__inv_2_Y/A (sky130_fd_sc_hd__inv_2)
     1    0.003937    0.035444    0.061050    6.828809 ^ spi_miso_sky130_fd_sc_hd__dfrtp_2_Q_RESET_B_sky130_fd_sc_hd__inv_2_Y/Y (sky130_fd_sc_hd__inv_2)
                                                         spi_miso_sky130_fd_sc_hd__dfrtp_2_Q_RESET_B (net)
                      0.035444    0.000080    6.828889 ^ spi_miso_sky130_fd_sc_hd__dfrtp_2_Q/RESET_B (sky130_fd_sc_hd__dfrtp_1)
                                              6.828889   data arrival time

                                  0.000000    0.000000   clock clk (rise edge)
                                  0.000000    0.000000   clock source latency
     1    0.041337    0.190682    0.135170    0.135170 ^ clk (in)
                                                         clk (net)
                      0.191051    0.000000    0.135170 ^ clkbuf_0_clk/A (sky130_fd_sc_hd__clkbuf_16)
     8    0.135034    0.148108    0.254199    0.389369 ^ clkbuf_0_clk/X (sky130_fd_sc_hd__clkbuf_16)
                                                         clknet_0_clk (net)
                      0.149617    0.011890    0.401258 ^ clkbuf_3_4__f_clk/A (sky130_fd_sc_hd__clkbuf_16)
    13    0.055819    0.074782    0.189471    0.590730 ^ clkbuf_3_4__f_clk/X (sky130_fd_sc_hd__clkbuf_16)
                                                         clknet_3_4__leaf_clk (net)
                      0.075019    0.002814    0.593544 ^ spi_miso_sky130_fd_sc_hd__dfrtp_2_Q/CLK (sky130_fd_sc_hd__dfrtp_1)
                                  0.250000    0.843544   clock uncertainty
                                  0.000000    0.843544   clock reconvergence pessimism
                                  0.325804    1.169348   library removal time
                                              1.169348   data required time
---------------------------------------------------------------------------------------------
                                              1.169348   data required time
                                             -6.828889   data arrival time
---------------------------------------------------------------------------------------------
                                              5.659541   slack (MET)


Startpoint: reset (input port clocked by clk)
Endpoint: spi_out.bit_cnt[4]_sky130_fd_sc_hd__dfrtp_2_Q
          (removal check against rising-edge clock clk)
Path Group: asynchronous
Path Type: min

Fanout         Cap        Slew       Delay        Time   Description
---------------------------------------------------------------------------------------------
                                  0.000000    0.000000   clock clk (rise edge)
                                  0.000000    0.000000   clock network delay (propagated)
                                  6.000000    6.000000 v input external delay
     1    0.002600    0.008162    0.004098    6.004098 v reset (in)
                                                         reset (net)
                      0.008162    0.000000    6.004098 v input1/A (sky130_fd_sc_hd__clkbuf_1)
     1    0.003553    0.030320    0.075820    6.079918 v input1/X (sky130_fd_sc_hd__clkbuf_1)
                                                         net1 (net)
                      0.030320    0.000103    6.080021 v fanout35/A (sky130_fd_sc_hd__clkbuf_4)
     5    0.065736    0.134001    0.219853    6.299875 v fanout35/X (sky130_fd_sc_hd__clkbuf_4)
                                                         net35 (net)
                      0.134008    0.000862    6.300737 v fanout32/A (sky130_fd_sc_hd__clkbuf_4)
     8    0.052024    0.109170    0.247368    6.548105 v fanout32/X (sky130_fd_sc_hd__clkbuf_4)
                                                         net32 (net)
                      0.109172    0.000884    6.548989 v fanout31/A (sky130_fd_sc_hd__buf_4)
    10    0.074857    0.101183    0.234786    6.783775 v fanout31/X (sky130_fd_sc_hd__buf_4)
                                                         net31 (net)
                      0.101257    0.002543    6.786317 v spi_out.bit_cnt[4]_sky130_fd_sc_hd__dfrtp_2_Q_RESET_B_sky130_fd_sc_hd__inv_2_Y/A (sky130_fd_sc_hd__inv_2)
     1    0.003842    0.037358    0.064412    6.850730 ^ spi_out.bit_cnt[4]_sky130_fd_sc_hd__dfrtp_2_Q_RESET_B_sky130_fd_sc_hd__inv_2_Y/Y (sky130_fd_sc_hd__inv_2)
                                                         spi_out.bit_cnt[4]_sky130_fd_sc_hd__dfrtp_2_Q_RESET_B (net)
                      0.037358    0.000075    6.850804 ^ spi_out.bit_cnt[4]_sky130_fd_sc_hd__dfrtp_2_Q/RESET_B (sky130_fd_sc_hd__dfrtp_1)
                                              6.850804   data arrival time

                                  0.000000    0.000000   clock clk (rise edge)
                                  0.000000    0.000000   clock source latency
     1    0.041337    0.190682    0.135170    0.135170 ^ clk (in)
                                                         clk (net)
                      0.191051    0.000000    0.135170 ^ clkbuf_0_clk/A (sky130_fd_sc_hd__clkbuf_16)
     8    0.135034    0.148108    0.254199    0.389369 ^ clkbuf_0_clk/X (sky130_fd_sc_hd__clkbuf_16)
                                                         clknet_0_clk (net)
                      0.149617    0.011890    0.401258 ^ clkbuf_3_4__f_clk/A (sky130_fd_sc_hd__clkbuf_16)
    13    0.055819    0.074782    0.189471    0.590730 ^ clkbuf_3_4__f_clk/X (sky130_fd_sc_hd__clkbuf_16)
                                                         clknet_3_4__leaf_clk (net)
                      0.075094    0.003374    0.594104 ^ spi_out.bit_cnt[4]_sky130_fd_sc_hd__dfrtp_2_Q/CLK (sky130_fd_sc_hd__dfrtp_1)
                                  0.250000    0.844104   clock uncertainty
                                  0.000000    0.844104   clock reconvergence pessimism
                                  0.326351    1.170454   library removal time
                                              1.170454   data required time
---------------------------------------------------------------------------------------------
                                              1.170454   data required time
                                             -6.850804   data arrival time
---------------------------------------------------------------------------------------------
                                              5.680350   slack (MET)


Startpoint: reset (input port clocked by clk)
Endpoint: spi_out.bit_cnt[3]_sky130_fd_sc_hd__dfrtp_2_Q
          (removal check against rising-edge clock clk)
Path Group: asynchronous
Path Type: min

Fanout         Cap        Slew       Delay        Time   Description
---------------------------------------------------------------------------------------------
                                  0.000000    0.000000   clock clk (rise edge)
                                  0.000000    0.000000   clock network delay (propagated)
                                  6.000000    6.000000 v input external delay
     1    0.002600    0.008162    0.004098    6.004098 v reset (in)
                                                         reset (net)
                      0.008162    0.000000    6.004098 v input1/A (sky130_fd_sc_hd__clkbuf_1)
     1    0.003553    0.030320    0.075820    6.079918 v input1/X (sky130_fd_sc_hd__clkbuf_1)
                                                         net1 (net)
                      0.030320    0.000103    6.080021 v fanout35/A (sky130_fd_sc_hd__clkbuf_4)
     5    0.065736    0.134001    0.219853    6.299875 v fanout35/X (sky130_fd_sc_hd__clkbuf_4)
                                                         net35 (net)
                      0.134008    0.000862    6.300737 v fanout32/A (sky130_fd_sc_hd__clkbuf_4)
     8    0.052024    0.109170    0.247368    6.548105 v fanout32/X (sky130_fd_sc_hd__clkbuf_4)
                                                         net32 (net)
                      0.109172    0.000884    6.548989 v fanout31/A (sky130_fd_sc_hd__buf_4)
    10    0.074857    0.101183    0.234786    6.783775 v fanout31/X (sky130_fd_sc_hd__buf_4)
                                                         net31 (net)
                      0.101222    0.001935    6.785709 v spi_out.bit_cnt[3]_sky130_fd_sc_hd__dfrtp_2_Q_RESET_B_sky130_fd_sc_hd__inv_2_Y/A (sky130_fd_sc_hd__inv_2)
     1    0.003998    0.037983    0.065223    6.850933 ^ spi_out.bit_cnt[3]_sky130_fd_sc_hd__dfrtp_2_Q_RESET_B_sky130_fd_sc_hd__inv_2_Y/Y (sky130_fd_sc_hd__inv_2)
                                                         spi_out.bit_cnt[3]_sky130_fd_sc_hd__dfrtp_2_Q_RESET_B (net)
                      0.037983    0.000079    6.851011 ^ spi_out.bit_cnt[3]_sky130_fd_sc_hd__dfrtp_2_Q/RESET_B (sky130_fd_sc_hd__dfrtp_1)
                                              6.851011   data arrival time

                                  0.000000    0.000000   clock clk (rise edge)
                                  0.000000    0.000000   clock source latency
     1    0.041337    0.190682    0.135170    0.135170 ^ clk (in)
                                                         clk (net)
                      0.191051    0.000000    0.135170 ^ clkbuf_0_clk/A (sky130_fd_sc_hd__clkbuf_16)
     8    0.135034    0.148108    0.254199    0.389369 ^ clkbuf_0_clk/X (sky130_fd_sc_hd__clkbuf_16)
                                                         clknet_0_clk (net)
                      0.149795    0.012557    0.401926 ^ clkbuf_3_5__f_clk/A (sky130_fd_sc_hd__clkbuf_16)
    13    0.053061    0.072094    0.187922    0.589848 ^ clkbuf_3_5__f_clk/X (sky130_fd_sc_hd__clkbuf_16)
                                                         clknet_3_5__leaf_clk (net)
                      0.072138    0.001599    0.591447 ^ spi_out.bit_cnt[3]_sky130_fd_sc_hd__dfrtp_2_Q/CLK (sky130_fd_sc_hd__dfrtp_1)
                                  0.250000    0.841447   clock uncertainty
                                  0.000000    0.841447   clock reconvergence pessimism
                                  0.325717    1.167164   library removal time
                                              1.167164   data required time
---------------------------------------------------------------------------------------------
                                              1.167164   data required time
                                             -6.851011   data arrival time
---------------------------------------------------------------------------------------------
                                              5.683847   slack (MET)


Startpoint: reset (input port clocked by clk)
Endpoint: spi_in.bit_cnt[0]_sky130_fd_sc_hd__dfrtp_2_Q
          (removal check against rising-edge clock clk)
Path Group: asynchronous
Path Type: min

Fanout         Cap        Slew       Delay        Time   Description
---------------------------------------------------------------------------------------------
                                  0.000000    0.000000   clock clk (rise edge)
                                  0.000000    0.000000   clock network delay (propagated)
                                  6.000000    6.000000 v input external delay
     1    0.002600    0.008162    0.004098    6.004098 v reset (in)
                                                         reset (net)
                      0.008162    0.000000    6.004098 v input1/A (sky130_fd_sc_hd__clkbuf_1)
     1    0.003553    0.030320    0.075820    6.079918 v input1/X (sky130_fd_sc_hd__clkbuf_1)
                                                         net1 (net)
                      0.030320    0.000103    6.080021 v fanout35/A (sky130_fd_sc_hd__clkbuf_4)
     5    0.065736    0.134001    0.219853    6.299875 v fanout35/X (sky130_fd_sc_hd__clkbuf_4)
                                                         net35 (net)
                      0.134008    0.000862    6.300737 v fanout32/A (sky130_fd_sc_hd__clkbuf_4)
     8    0.052024    0.109170    0.247368    6.548105 v fanout32/X (sky130_fd_sc_hd__clkbuf_4)
                                                         net32 (net)
                      0.109172    0.000884    6.548989 v fanout31/A (sky130_fd_sc_hd__buf_4)
    10    0.074857    0.101183    0.234786    6.783775 v fanout31/X (sky130_fd_sc_hd__buf_4)
                                                         net31 (net)
                      0.101284    0.002908    6.786683 v spi_in.bit_cnt[0]_sky130_fd_sc_hd__dfrtp_2_Q_RESET_B_sky130_fd_sc_hd__inv_2_Y/A (sky130_fd_sc_hd__inv_2)
     1    0.003878    0.037509    0.064613    6.851296 ^ spi_in.bit_cnt[0]_sky130_fd_sc_hd__dfrtp_2_Q_RESET_B_sky130_fd_sc_hd__inv_2_Y/Y (sky130_fd_sc_hd__inv_2)
                                                         spi_in.bit_cnt[0]_sky130_fd_sc_hd__dfrtp_2_Q_RESET_B (net)
                      0.037509    0.000077    6.851373 ^ spi_in.bit_cnt[0]_sky130_fd_sc_hd__dfrtp_2_Q/RESET_B (sky130_fd_sc_hd__dfrtp_1)
                                              6.851373   data arrival time

                                  0.000000    0.000000   clock clk (rise edge)
                                  0.000000    0.000000   clock source latency
     1    0.041337    0.190682    0.135170    0.135170 ^ clk (in)
                                                         clk (net)
                      0.191051    0.000000    0.135170 ^ clkbuf_0_clk/A (sky130_fd_sc_hd__clkbuf_16)
     8    0.135034    0.148108    0.254199    0.389369 ^ clkbuf_0_clk/X (sky130_fd_sc_hd__clkbuf_16)
                                                         clknet_0_clk (net)
                      0.149795    0.012557    0.401926 ^ clkbuf_3_5__f_clk/A (sky130_fd_sc_hd__clkbuf_16)
    13    0.053061    0.072094    0.187922    0.589848 ^ clkbuf_3_5__f_clk/X (sky130_fd_sc_hd__clkbuf_16)
                                                         clknet_3_5__leaf_clk (net)
                      0.072142    0.001651    0.591499 ^ spi_in.bit_cnt[0]_sky130_fd_sc_hd__dfrtp_2_Q/CLK (sky130_fd_sc_hd__dfrtp_1)
                                  0.250000    0.841499   clock uncertainty
                                  0.000000    0.841499   clock reconvergence pessimism
                                  0.325587    1.167086   library removal time
                                              1.167086   data required time
---------------------------------------------------------------------------------------------
                                              1.167086   data required time
                                             -6.851373   data arrival time
---------------------------------------------------------------------------------------------
                                              5.684287   slack (MET)


Startpoint: reset (input port clocked by clk)
Endpoint: spi_out.bit_cnt[0]_sky130_fd_sc_hd__dfrtp_2_Q
          (removal check against rising-edge clock clk)
Path Group: asynchronous
Path Type: min

Fanout         Cap        Slew       Delay        Time   Description
---------------------------------------------------------------------------------------------
                                  0.000000    0.000000   clock clk (rise edge)
                                  0.000000    0.000000   clock network delay (propagated)
                                  6.000000    6.000000 v input external delay
     1    0.002600    0.008162    0.004098    6.004098 v reset (in)
                                                         reset (net)
                      0.008162    0.000000    6.004098 v input1/A (sky130_fd_sc_hd__clkbuf_1)
     1    0.003553    0.030320    0.075820    6.079918 v input1/X (sky130_fd_sc_hd__clkbuf_1)
                                                         net1 (net)
                      0.030320    0.000103    6.080021 v fanout35/A (sky130_fd_sc_hd__clkbuf_4)
     5    0.065736    0.134001    0.219853    6.299875 v fanout35/X (sky130_fd_sc_hd__clkbuf_4)
                                                         net35 (net)
                      0.134008    0.000862    6.300737 v fanout32/A (sky130_fd_sc_hd__clkbuf_4)
     8    0.052024    0.109170    0.247368    6.548105 v fanout32/X (sky130_fd_sc_hd__clkbuf_4)
                                                         net32 (net)
                      0.109172    0.000884    6.548989 v fanout31/A (sky130_fd_sc_hd__buf_4)
    10    0.074857    0.101183    0.234786    6.783775 v fanout31/X (sky130_fd_sc_hd__buf_4)
                                                         net31 (net)
                      0.101337    0.003507    6.787282 v spi_out.bit_cnt[0]_sky130_fd_sc_hd__dfrtp_2_Q_RESET_B_sky130_fd_sc_hd__inv_2_Y/A (sky130_fd_sc_hd__inv_2)
     1    0.004019    0.038090    0.065388    6.852670 ^ spi_out.bit_cnt[0]_sky130_fd_sc_hd__dfrtp_2_Q_RESET_B_sky130_fd_sc_hd__inv_2_Y/Y (sky130_fd_sc_hd__inv_2)
                                                         spi_out.bit_cnt[0]_sky130_fd_sc_hd__dfrtp_2_Q_RESET_B (net)
                      0.038090    0.000045    6.852715 ^ spi_out.bit_cnt[0]_sky130_fd_sc_hd__dfrtp_2_Q/RESET_B (sky130_fd_sc_hd__dfrtp_1)
                                              6.852715   data arrival time

                                  0.000000    0.000000   clock clk (rise edge)
                                  0.000000    0.000000   clock source latency
     1    0.041337    0.190682    0.135170    0.135170 ^ clk (in)
                                                         clk (net)
                      0.191051    0.000000    0.135170 ^ clkbuf_0_clk/A (sky130_fd_sc_hd__clkbuf_16)
     8    0.135034    0.148108    0.254199    0.389369 ^ clkbuf_0_clk/X (sky130_fd_sc_hd__clkbuf_16)
                                                         clknet_0_clk (net)
                      0.149617    0.011890    0.401258 ^ clkbuf_3_4__f_clk/A (sky130_fd_sc_hd__clkbuf_16)
    13    0.055819    0.074782    0.189471    0.590730 ^ clkbuf_3_4__f_clk/X (sky130_fd_sc_hd__clkbuf_16)
                                                         clknet_3_4__leaf_clk (net)
                      0.074787    0.000930    0.591659 ^ spi_out.bit_cnt[0]_sky130_fd_sc_hd__dfrtp_2_Q/CLK (sky130_fd_sc_hd__dfrtp_1)
                                  0.250000    0.841659   clock uncertainty
                                  0.000000    0.841659   clock reconvergence pessimism
                                  0.326468    1.168128   library removal time
                                              1.168128   data required time
---------------------------------------------------------------------------------------------
                                              1.168128   data required time
                                             -6.852715   data arrival time
---------------------------------------------------------------------------------------------
                                              5.684587   slack (MET)


Startpoint: reset (input port clocked by clk)
Endpoint: spi_out.shift_reg[1]_sky130_fd_sc_hd__dfrtp_2_Q
          (removal check against rising-edge clock clk)
Path Group: asynchronous
Path Type: min

Fanout         Cap        Slew       Delay        Time   Description
---------------------------------------------------------------------------------------------
                                  0.000000    0.000000   clock clk (rise edge)
                                  0.000000    0.000000   clock network delay (propagated)
                                  6.000000    6.000000 v input external delay
     1    0.002600    0.008162    0.004098    6.004098 v reset (in)
                                                         reset (net)
                      0.008162    0.000000    6.004098 v input1/A (sky130_fd_sc_hd__clkbuf_1)
     1    0.003553    0.030320    0.075820    6.079918 v input1/X (sky130_fd_sc_hd__clkbuf_1)
                                                         net1 (net)
                      0.030320    0.000103    6.080021 v fanout35/A (sky130_fd_sc_hd__clkbuf_4)
     5    0.065736    0.134001    0.219853    6.299875 v fanout35/X (sky130_fd_sc_hd__clkbuf_4)
                                                         net35 (net)
                      0.134008    0.000862    6.300737 v fanout32/A (sky130_fd_sc_hd__clkbuf_4)
     8    0.052024    0.109170    0.247368    6.548105 v fanout32/X (sky130_fd_sc_hd__clkbuf_4)
                                                         net32 (net)
                      0.109172    0.000884    6.548989 v fanout31/A (sky130_fd_sc_hd__buf_4)
    10    0.074857    0.101183    0.234786    6.783775 v fanout31/X (sky130_fd_sc_hd__buf_4)
                                                         net31 (net)
                      0.101388    0.003983    6.787757 v spi_out.shift_reg[1]_sky130_fd_sc_hd__dfrtp_2_Q_RESET_B_sky130_fd_sc_hd__inv_2_Y/A (sky130_fd_sc_hd__inv_2)
     1    0.003893    0.037593    0.064730    6.852487 ^ spi_out.shift_reg[1]_sky130_fd_sc_hd__dfrtp_2_Q_RESET_B_sky130_fd_sc_hd__inv_2_Y/Y (sky130_fd_sc_hd__inv_2)
                                                         spi_out.shift_reg[1]_sky130_fd_sc_hd__dfrtp_2_Q_RESET_B (net)
                      0.037593    0.000078    6.852565 ^ spi_out.shift_reg[1]_sky130_fd_sc_hd__dfrtp_2_Q/RESET_B (sky130_fd_sc_hd__dfrtp_1)
                                              6.852565   data arrival time

                                  0.000000    0.000000   clock clk (rise edge)
                                  0.000000    0.000000   clock source latency
     1    0.041337    0.190682    0.135170    0.135170 ^ clk (in)
                                                         clk (net)
                      0.191051    0.000000    0.135170 ^ clkbuf_0_clk/A (sky130_fd_sc_hd__clkbuf_16)
     8    0.135034    0.148108    0.254199    0.389369 ^ clkbuf_0_clk/X (sky130_fd_sc_hd__clkbuf_16)
                                                         clknet_0_clk (net)
                      0.149617    0.011890    0.401258 ^ clkbuf_3_4__f_clk/A (sky130_fd_sc_hd__clkbuf_16)
    13    0.055819    0.074782    0.189471    0.590730 ^ clkbuf_3_4__f_clk/X (sky130_fd_sc_hd__clkbuf_16)
                                                         clknet_3_4__leaf_clk (net)
                      0.074785    0.000813    0.591543 ^ spi_out.shift_reg[1]_sky130_fd_sc_hd__dfrtp_2_Q/CLK (sky130_fd_sc_hd__dfrtp_1)
                                  0.250000    0.841543   clock uncertainty
                                  0.000000    0.841543   clock reconvergence pessimism
                                  0.326331    1.167874   library removal time
                                              1.167874   data required time
---------------------------------------------------------------------------------------------
                                              1.167874   data required time
                                             -6.852565   data arrival time
---------------------------------------------------------------------------------------------
                                              5.684691   slack (MET)


Startpoint: reset (input port clocked by clk)
Endpoint: spi_in.bit_cnt[2]_sky130_fd_sc_hd__dfrtp_2_Q
          (removal check against rising-edge clock clk)
Path Group: asynchronous
Path Type: min

Fanout         Cap        Slew       Delay        Time   Description
---------------------------------------------------------------------------------------------
                                  0.000000    0.000000   clock clk (rise edge)
                                  0.000000    0.000000   clock network delay (propagated)
                                  6.000000    6.000000 v input external delay
     1    0.002600    0.008162    0.004098    6.004098 v reset (in)
                                                         reset (net)
                      0.008162    0.000000    6.004098 v input1/A (sky130_fd_sc_hd__clkbuf_1)
     1    0.003553    0.030320    0.075820    6.079918 v input1/X (sky130_fd_sc_hd__clkbuf_1)
                                                         net1 (net)
                      0.030320    0.000103    6.080021 v fanout35/A (sky130_fd_sc_hd__clkbuf_4)
     5    0.065736    0.134001    0.219853    6.299875 v fanout35/X (sky130_fd_sc_hd__clkbuf_4)
                                                         net35 (net)
                      0.134008    0.000862    6.300737 v fanout32/A (sky130_fd_sc_hd__clkbuf_4)
     8    0.052024    0.109170    0.247368    6.548105 v fanout32/X (sky130_fd_sc_hd__clkbuf_4)
                                                         net32 (net)
                      0.109172    0.000884    6.548989 v fanout31/A (sky130_fd_sc_hd__buf_4)
    10    0.074857    0.101183    0.234786    6.783775 v fanout31/X (sky130_fd_sc_hd__buf_4)
                                                         net31 (net)
                      0.101344    0.003573    6.787347 v spi_in.bit_cnt[2]_sky130_fd_sc_hd__dfrtp_2_Q_RESET_B_sky130_fd_sc_hd__inv_2_Y/A (sky130_fd_sc_hd__inv_2)
     1    0.003961    0.037855    0.065086    6.852433 ^ spi_in.bit_cnt[2]_sky130_fd_sc_hd__dfrtp_2_Q_RESET_B_sky130_fd_sc_hd__inv_2_Y/Y (sky130_fd_sc_hd__inv_2)
                                                         spi_in.bit_cnt[2]_sky130_fd_sc_hd__dfrtp_2_Q_RESET_B (net)
                      0.037855    0.000044    6.852477 ^ spi_in.bit_cnt[2]_sky130_fd_sc_hd__dfrtp_2_Q/RESET_B (sky130_fd_sc_hd__dfrtp_1)
                                              6.852477   data arrival time

                                  0.000000    0.000000   clock clk (rise edge)
                                  0.000000    0.000000   clock source latency
     1    0.041337    0.190682    0.135170    0.135170 ^ clk (in)
                                                         clk (net)
                      0.191051    0.000000    0.135170 ^ clkbuf_0_clk/A (sky130_fd_sc_hd__clkbuf_16)
     8    0.135034    0.148108    0.254199    0.389369 ^ clkbuf_0_clk/X (sky130_fd_sc_hd__clkbuf_16)
                                                         clknet_0_clk (net)
                      0.149795    0.012557    0.401926 ^ clkbuf_3_5__f_clk/A (sky130_fd_sc_hd__clkbuf_16)
    13    0.053061    0.072094    0.187922    0.589848 ^ clkbuf_3_5__f_clk/X (sky130_fd_sc_hd__clkbuf_16)
                                                         clknet_3_5__leaf_clk (net)
                      0.072114    0.001158    0.591007 ^ spi_in.bit_cnt[2]_sky130_fd_sc_hd__dfrtp_2_Q/CLK (sky130_fd_sc_hd__dfrtp_1)
                                  0.250000    0.841007   clock uncertainty
                                  0.000000    0.841007   clock reconvergence pessimism
                                  0.325675    1.166682   library removal time
                                              1.166682   data required time
---------------------------------------------------------------------------------------------
                                              1.166682   data required time
                                             -6.852477   data arrival time
---------------------------------------------------------------------------------------------
                                              5.685795   slack (MET)


Startpoint: reset (input port clocked by clk)
Endpoint: spi_in.shift_reg[14]_sky130_fd_sc_hd__dfrtp_2_Q
          (removal check against rising-edge clock clk)
Path Group: asynchronous
Path Type: min

Fanout         Cap        Slew       Delay        Time   Description
---------------------------------------------------------------------------------------------
                                  0.000000    0.000000   clock clk (rise edge)
                                  0.000000    0.000000   clock network delay (propagated)
                                  6.000000    6.000000 v input external delay
     1    0.002600    0.008162    0.004098    6.004098 v reset (in)
                                                         reset (net)
                      0.008162    0.000000    6.004098 v input1/A (sky130_fd_sc_hd__clkbuf_1)
     1    0.003553    0.030320    0.075820    6.079918 v input1/X (sky130_fd_sc_hd__clkbuf_1)
                                                         net1 (net)
                      0.030320    0.000103    6.080021 v fanout35/A (sky130_fd_sc_hd__clkbuf_4)
     5    0.065736    0.134001    0.219853    6.299875 v fanout35/X (sky130_fd_sc_hd__clkbuf_4)
                                                         net35 (net)
                      0.134045    0.002048    6.301922 v fanout28/A (sky130_fd_sc_hd__clkbuf_4)
     5    0.057151    0.118514    0.252511    6.554433 v fanout28/X (sky130_fd_sc_hd__clkbuf_4)
                                                         net28 (net)
                      0.118788    0.004731    6.559164 v fanout25/A (sky130_fd_sc_hd__clkbuf_8)
    10    0.079906    0.092852    0.230342    6.789505 v fanout25/X (sky130_fd_sc_hd__clkbuf_8)
                                                         net25 (net)
                      0.092962    0.001362    6.790867 v spi_in.shift_reg[14]_sky130_fd_sc_hd__dfrtp_2_Q_RESET_B_sky130_fd_sc_hd__inv_2_Y/A (sky130_fd_sc_hd__inv_2)
     1    0.003979    0.036142    0.062177    6.853045 ^ spi_in.shift_reg[14]_sky130_fd_sc_hd__dfrtp_2_Q_RESET_B_sky130_fd_sc_hd__inv_2_Y/Y (sky130_fd_sc_hd__inv_2)
                                                         spi_in.shift_reg[14]_sky130_fd_sc_hd__dfrtp_2_Q_RESET_B (net)
                      0.036142    0.000045    6.853090 ^ spi_in.shift_reg[14]_sky130_fd_sc_hd__dfrtp_2_Q/RESET_B (sky130_fd_sc_hd__dfrtp_1)
                                              6.853090   data arrival time

                                  0.000000    0.000000   clock clk (rise edge)
                                  0.000000    0.000000   clock source latency
     1    0.041337    0.190682    0.135170    0.135170 ^ clk (in)
                                                         clk (net)
                      0.191051    0.000000    0.135170 ^ clkbuf_0_clk/A (sky130_fd_sc_hd__clkbuf_16)
     8    0.135034    0.148108    0.254199    0.389369 ^ clkbuf_0_clk/X (sky130_fd_sc_hd__clkbuf_16)
                                                         clknet_0_clk (net)
                      0.150741    0.015647    0.405016 ^ clkbuf_3_2__f_clk/A (sky130_fd_sc_hd__clkbuf_16)
     9    0.049866    0.069185    0.185749    0.590765 ^ clkbuf_3_2__f_clk/X (sky130_fd_sc_hd__clkbuf_16)
                                                         clknet_3_2__leaf_clk (net)
                      0.069212    0.001309    0.592074 ^ spi_in.shift_reg[14]_sky130_fd_sc_hd__dfrtp_2_Q/CLK (sky130_fd_sc_hd__dfrtp_1)
                                  0.250000    0.842074   clock uncertainty
                                  0.000000    0.842074   clock reconvergence pessimism
                                  0.324413    1.166487   library removal time
                                              1.166487   data required time
---------------------------------------------------------------------------------------------
                                              1.166487   data required time
                                             -6.853090   data arrival time
---------------------------------------------------------------------------------------------
                                              5.686604   slack (MET)


Startpoint: reset (input port clocked by clk)
Endpoint: filter.x_in[15]_sky130_fd_sc_hd__dfrtp_2_Q
          (removal check against rising-edge clock clk)
Path Group: asynchronous
Path Type: min

Fanout         Cap        Slew       Delay        Time   Description
---------------------------------------------------------------------------------------------
                                  0.000000    0.000000   clock clk (rise edge)
                                  0.000000    0.000000   clock network delay (propagated)
                                  6.000000    6.000000 v input external delay
     1    0.002600    0.008162    0.004098    6.004098 v reset (in)
                                                         reset (net)
                      0.008162    0.000000    6.004098 v input1/A (sky130_fd_sc_hd__clkbuf_1)
     1    0.003553    0.030320    0.075820    6.079918 v input1/X (sky130_fd_sc_hd__clkbuf_1)
                                                         net1 (net)
                      0.030320    0.000103    6.080021 v fanout35/A (sky130_fd_sc_hd__clkbuf_4)
     5    0.065736    0.134001    0.219853    6.299875 v fanout35/X (sky130_fd_sc_hd__clkbuf_4)
                                                         net35 (net)
                      0.134045    0.002048    6.301922 v fanout28/A (sky130_fd_sc_hd__clkbuf_4)
     5    0.057151    0.118514    0.252511    6.554433 v fanout28/X (sky130_fd_sc_hd__clkbuf_4)
                                                         net28 (net)
                      0.118788    0.004731    6.559164 v fanout25/A (sky130_fd_sc_hd__clkbuf_8)
    10    0.079906    0.092852    0.230342    6.789505 v fanout25/X (sky130_fd_sc_hd__clkbuf_8)
                                                         net25 (net)
                      0.092967    0.001467    6.790973 v filter.x_in[15]_sky130_fd_sc_hd__dfrtp_2_Q_RESET_B_sky130_fd_sc_hd__inv_2_Y/A (sky130_fd_sc_hd__inv_2)
     1    0.004049    0.036419    0.062513    6.853486 ^ filter.x_in[15]_sky130_fd_sc_hd__dfrtp_2_Q_RESET_B_sky130_fd_sc_hd__inv_2_Y/Y (sky130_fd_sc_hd__inv_2)
                                                         filter.x_in[15]_sky130_fd_sc_hd__dfrtp_2_Q_RESET_B (net)
                      0.036419    0.000083    6.853569 ^ filter.x_in[15]_sky130_fd_sc_hd__dfrtp_2_Q/RESET_B (sky130_fd_sc_hd__dfrtp_4)
                                              6.853569   data arrival time

                                  0.000000    0.000000   clock clk (rise edge)
                                  0.000000    0.000000   clock source latency
     1    0.041337    0.190682    0.135170    0.135170 ^ clk (in)
                                                         clk (net)
                      0.191051    0.000000    0.135170 ^ clkbuf_0_clk/A (sky130_fd_sc_hd__clkbuf_16)
     8    0.135034    0.148108    0.254199    0.389369 ^ clkbuf_0_clk/X (sky130_fd_sc_hd__clkbuf_16)
                                                         clknet_0_clk (net)
                      0.150741    0.015647    0.405016 ^ clkbuf_3_2__f_clk/A (sky130_fd_sc_hd__clkbuf_16)
     9    0.049866    0.069185    0.185749    0.590765 ^ clkbuf_3_2__f_clk/X (sky130_fd_sc_hd__clkbuf_16)
                                                         clknet_3_2__leaf_clk (net)
                      0.069212    0.001318    0.592083 ^ filter.x_in[15]_sky130_fd_sc_hd__dfrtp_2_Q/CLK (sky130_fd_sc_hd__dfrtp_4)
                                  0.250000    0.842083   clock uncertainty
                                  0.000000    0.842083   clock reconvergence pessimism
                                  0.324629    1.166711   library removal time
                                              1.166711   data required time
---------------------------------------------------------------------------------------------
                                              1.166711   data required time
                                             -6.853569   data arrival time
---------------------------------------------------------------------------------------------
                                              5.686857   slack (MET)


Startpoint: reset (input port clocked by clk)
Endpoint: filter.x_in[6]_sky130_fd_sc_hd__dfrtp_2_Q
          (removal check against rising-edge clock clk)
Path Group: asynchronous
Path Type: min

Fanout         Cap        Slew       Delay        Time   Description
---------------------------------------------------------------------------------------------
                                  0.000000    0.000000   clock clk (rise edge)
                                  0.000000    0.000000   clock network delay (propagated)
                                  6.000000    6.000000 v input external delay
     1    0.002600    0.008162    0.004098    6.004098 v reset (in)
                                                         reset (net)
                      0.008162    0.000000    6.004098 v input1/A (sky130_fd_sc_hd__clkbuf_1)
     1    0.003553    0.030320    0.075820    6.079918 v input1/X (sky130_fd_sc_hd__clkbuf_1)
                                                         net1 (net)
                      0.030320    0.000103    6.080021 v fanout35/A (sky130_fd_sc_hd__clkbuf_4)
     5    0.065736    0.134001    0.219853    6.299875 v fanout35/X (sky130_fd_sc_hd__clkbuf_4)
                                                         net35 (net)
                      0.134008    0.000862    6.300737 v fanout32/A (sky130_fd_sc_hd__clkbuf_4)
     8    0.052024    0.109170    0.247368    6.548105 v fanout32/X (sky130_fd_sc_hd__clkbuf_4)
                                                         net32 (net)
                      0.109172    0.000884    6.548989 v fanout31/A (sky130_fd_sc_hd__buf_4)
    10    0.074857    0.101183    0.234786    6.783775 v fanout31/X (sky130_fd_sc_hd__buf_4)
                                                         net31 (net)
                      0.101434    0.004364    6.788138 v filter.x_in[6]_sky130_fd_sc_hd__dfrtp_2_Q_RESET_B_sky130_fd_sc_hd__inv_2_Y/A (sky130_fd_sc_hd__inv_2)
     1    0.003988    0.037986    0.065245    6.853383 ^ filter.x_in[6]_sky130_fd_sc_hd__dfrtp_2_Q_RESET_B_sky130_fd_sc_hd__inv_2_Y/Y (sky130_fd_sc_hd__inv_2)
                                                         filter.x_in[6]_sky130_fd_sc_hd__dfrtp_2_Q_RESET_B (net)
                      0.037986    0.000079    6.853462 ^ filter.x_in[6]_sky130_fd_sc_hd__dfrtp_2_Q/RESET_B (sky130_fd_sc_hd__dfrtp_1)
                                              6.853462   data arrival time

                                  0.000000    0.000000   clock clk (rise edge)
                                  0.000000    0.000000   clock source latency
     1    0.041337    0.190682    0.135170    0.135170 ^ clk (in)
                                                         clk (net)
                      0.191051    0.000000    0.135170 ^ clkbuf_0_clk/A (sky130_fd_sc_hd__clkbuf_16)
     8    0.135034    0.148108    0.254199    0.389369 ^ clkbuf_0_clk/X (sky130_fd_sc_hd__clkbuf_16)
                                                         clknet_0_clk (net)
                      0.149795    0.012557    0.401926 ^ clkbuf_3_5__f_clk/A (sky130_fd_sc_hd__clkbuf_16)
    13    0.053061    0.072094    0.187922    0.589848 ^ clkbuf_3_5__f_clk/X (sky130_fd_sc_hd__clkbuf_16)
                                                         clknet_3_5__leaf_clk (net)
                      0.072104    0.000883    0.590731 ^ filter.x_in[6]_sky130_fd_sc_hd__dfrtp_2_Q/CLK (sky130_fd_sc_hd__dfrtp_1)
                                  0.250000    0.840731   clock uncertainty
                                  0.000000    0.840731   clock reconvergence pessimism
                                  0.325708    1.166439   library removal time
                                              1.166439   data required time
---------------------------------------------------------------------------------------------
                                              1.166439   data required time
                                             -6.853462   data arrival time
---------------------------------------------------------------------------------------------
                                              5.687023   slack (MET)


Startpoint: reset (input port clocked by clk)
Endpoint: filter.x_in[14]_sky130_fd_sc_hd__dfrtp_2_Q
          (removal check against rising-edge clock clk)
Path Group: asynchronous
Path Type: min

Fanout         Cap        Slew       Delay        Time   Description
---------------------------------------------------------------------------------------------
                                  0.000000    0.000000   clock clk (rise edge)
                                  0.000000    0.000000   clock network delay (propagated)
                                  6.000000    6.000000 v input external delay
     1    0.002600    0.008162    0.004098    6.004098 v reset (in)
                                                         reset (net)
                      0.008162    0.000000    6.004098 v input1/A (sky130_fd_sc_hd__clkbuf_1)
     1    0.003553    0.030320    0.075820    6.079918 v input1/X (sky130_fd_sc_hd__clkbuf_1)
                                                         net1 (net)
                      0.030320    0.000103    6.080021 v fanout35/A (sky130_fd_sc_hd__clkbuf_4)
     5    0.065736    0.134001    0.219853    6.299875 v fanout35/X (sky130_fd_sc_hd__clkbuf_4)
                                                         net35 (net)
                      0.134045    0.002048    6.301922 v fanout28/A (sky130_fd_sc_hd__clkbuf_4)
     5    0.057151    0.118514    0.252511    6.554433 v fanout28/X (sky130_fd_sc_hd__clkbuf_4)
                                                         net28 (net)
                      0.118788    0.004731    6.559164 v fanout25/A (sky130_fd_sc_hd__clkbuf_8)
    10    0.079906    0.092852    0.230342    6.789505 v fanout25/X (sky130_fd_sc_hd__clkbuf_8)
                                                         net25 (net)
                      0.093010    0.002190    6.791696 v filter.x_in[14]_sky130_fd_sc_hd__dfrtp_2_Q_RESET_B_sky130_fd_sc_hd__inv_2_Y/A (sky130_fd_sc_hd__inv_2)
     1    0.003906    0.035869    0.061815    6.853510 ^ filter.x_in[14]_sky130_fd_sc_hd__dfrtp_2_Q_RESET_B_sky130_fd_sc_hd__inv_2_Y/Y (sky130_fd_sc_hd__inv_2)
                                                         filter.x_in[14]_sky130_fd_sc_hd__dfrtp_2_Q_RESET_B (net)
                      0.035869    0.000076    6.853587 ^ filter.x_in[14]_sky130_fd_sc_hd__dfrtp_2_Q/RESET_B (sky130_fd_sc_hd__dfrtp_1)
                                              6.853587   data arrival time

                                  0.000000    0.000000   clock clk (rise edge)
                                  0.000000    0.000000   clock source latency
     1    0.041337    0.190682    0.135170    0.135170 ^ clk (in)
                                                         clk (net)
                      0.191051    0.000000    0.135170 ^ clkbuf_0_clk/A (sky130_fd_sc_hd__clkbuf_16)
     8    0.135034    0.148108    0.254199    0.389369 ^ clkbuf_0_clk/X (sky130_fd_sc_hd__clkbuf_16)
                                                         clknet_0_clk (net)
                      0.150741    0.015647    0.405016 ^ clkbuf_3_2__f_clk/A (sky130_fd_sc_hd__clkbuf_16)
     9    0.049866    0.069185    0.185749    0.590765 ^ clkbuf_3_2__f_clk/X (sky130_fd_sc_hd__clkbuf_16)
                                                         clknet_3_2__leaf_clk (net)
                      0.069203    0.001128    0.591893 ^ filter.x_in[14]_sky130_fd_sc_hd__dfrtp_2_Q/CLK (sky130_fd_sc_hd__dfrtp_1)
                                  0.250000    0.841893   clock uncertainty
                                  0.000000    0.841893   clock reconvergence pessimism
                                  0.324335    1.166228   library removal time
                                              1.166228   data required time
---------------------------------------------------------------------------------------------
                                              1.166228   data required time
                                             -6.853587   data arrival time
---------------------------------------------------------------------------------------------
                                              5.687359   slack (MET)


Startpoint: reset (input port clocked by clk)
Endpoint: spi_out.shift_reg[2]_sky130_fd_sc_hd__dfrtp_2_Q
          (removal check against rising-edge clock clk)
Path Group: asynchronous
Path Type: min

Fanout         Cap        Slew       Delay        Time   Description
---------------------------------------------------------------------------------------------
                                  0.000000    0.000000   clock clk (rise edge)
                                  0.000000    0.000000   clock network delay (propagated)
                                  6.000000    6.000000 v input external delay
     1    0.002600    0.008162    0.004098    6.004098 v reset (in)
                                                         reset (net)
                      0.008162    0.000000    6.004098 v input1/A (sky130_fd_sc_hd__clkbuf_1)
     1    0.003553    0.030320    0.075820    6.079918 v input1/X (sky130_fd_sc_hd__clkbuf_1)
                                                         net1 (net)
                      0.030320    0.000103    6.080021 v fanout35/A (sky130_fd_sc_hd__clkbuf_4)
     5    0.065736    0.134001    0.219853    6.299875 v fanout35/X (sky130_fd_sc_hd__clkbuf_4)
                                                         net35 (net)
                      0.134008    0.000862    6.300737 v fanout32/A (sky130_fd_sc_hd__clkbuf_4)
     8    0.052024    0.109170    0.247368    6.548105 v fanout32/X (sky130_fd_sc_hd__clkbuf_4)
                                                         net32 (net)
                      0.109172    0.000884    6.548989 v fanout31/A (sky130_fd_sc_hd__buf_4)
    10    0.074857    0.101183    0.234786    6.783775 v fanout31/X (sky130_fd_sc_hd__buf_4)
                                                         net31 (net)
                      0.101407    0.004147    6.787922 v spi_out.shift_reg[2]_sky130_fd_sc_hd__dfrtp_2_Q_RESET_B_sky130_fd_sc_hd__inv_2_Y/A (sky130_fd_sc_hd__inv_2)
     1    0.004541    0.040094    0.067859    6.855781 ^ spi_out.shift_reg[2]_sky130_fd_sc_hd__dfrtp_2_Q_RESET_B_sky130_fd_sc_hd__inv_2_Y/Y (sky130_fd_sc_hd__inv_2)
                                                         spi_out.shift_reg[2]_sky130_fd_sc_hd__dfrtp_2_Q_RESET_B (net)
                      0.040094    0.000104    6.855885 ^ spi_out.shift_reg[2]_sky130_fd_sc_hd__dfrtp_2_Q/RESET_B (sky130_fd_sc_hd__dfrtp_1)
                                              6.855885   data arrival time

                                  0.000000    0.000000   clock clk (rise edge)
                                  0.000000    0.000000   clock source latency
     1    0.041337    0.190682    0.135170    0.135170 ^ clk (in)
                                                         clk (net)
                      0.191051    0.000000    0.135170 ^ clkbuf_0_clk/A (sky130_fd_sc_hd__clkbuf_16)
     8    0.135034    0.148108    0.254199    0.389369 ^ clkbuf_0_clk/X (sky130_fd_sc_hd__clkbuf_16)
                                                         clknet_0_clk (net)
                      0.149617    0.011890    0.401258 ^ clkbuf_3_4__f_clk/A (sky130_fd_sc_hd__clkbuf_16)
    13    0.055819    0.074782    0.189471    0.590730 ^ clkbuf_3_4__f_clk/X (sky130_fd_sc_hd__clkbuf_16)
                                                         clknet_3_4__leaf_clk (net)
                      0.074784    0.000765    0.591495 ^ spi_out.shift_reg[2]_sky130_fd_sc_hd__dfrtp_2_Q/CLK (sky130_fd_sc_hd__dfrtp_1)
                                  0.250000    0.841494   clock uncertainty
                                  0.000000    0.841494   clock reconvergence pessimism
                                  0.327018    1.168513   library removal time
                                              1.168513   data required time
---------------------------------------------------------------------------------------------
                                              1.168513   data required time
                                             -6.855885   data arrival time
---------------------------------------------------------------------------------------------
                                              5.687372   slack (MET)


Startpoint: reset (input port clocked by clk)
Endpoint: spi_in.bit_cnt[1]_sky130_fd_sc_hd__dfrtp_2_Q
          (removal check against rising-edge clock clk)
Path Group: asynchronous
Path Type: min

Fanout         Cap        Slew       Delay        Time   Description
---------------------------------------------------------------------------------------------
                                  0.000000    0.000000   clock clk (rise edge)
                                  0.000000    0.000000   clock network delay (propagated)
                                  6.000000    6.000000 v input external delay
     1    0.002600    0.008162    0.004098    6.004098 v reset (in)
                                                         reset (net)
                      0.008162    0.000000    6.004098 v input1/A (sky130_fd_sc_hd__clkbuf_1)
     1    0.003553    0.030320    0.075820    6.079918 v input1/X (sky130_fd_sc_hd__clkbuf_1)
                                                         net1 (net)
                      0.030320    0.000103    6.080021 v fanout35/A (sky130_fd_sc_hd__clkbuf_4)
     5    0.065736    0.134001    0.219853    6.299875 v fanout35/X (sky130_fd_sc_hd__clkbuf_4)
                                                         net35 (net)
                      0.134008    0.000862    6.300737 v fanout32/A (sky130_fd_sc_hd__clkbuf_4)
     8    0.052024    0.109170    0.247368    6.548105 v fanout32/X (sky130_fd_sc_hd__clkbuf_4)
                                                         net32 (net)
                      0.109172    0.000884    6.548989 v fanout31/A (sky130_fd_sc_hd__buf_4)
    10    0.074857    0.101183    0.234786    6.783775 v fanout31/X (sky130_fd_sc_hd__buf_4)
                                                         net31 (net)
                      0.101323    0.003364    6.787138 v spi_in.bit_cnt[1]_sky130_fd_sc_hd__dfrtp_2_Q_RESET_B_sky130_fd_sc_hd__inv_2_Y/A (sky130_fd_sc_hd__inv_2)
     1    0.004493    0.039925    0.067652    6.854791 ^ spi_in.bit_cnt[1]_sky130_fd_sc_hd__dfrtp_2_Q_RESET_B_sky130_fd_sc_hd__inv_2_Y/Y (sky130_fd_sc_hd__inv_2)
                                                         spi_in.bit_cnt[1]_sky130_fd_sc_hd__dfrtp_2_Q_RESET_B (net)
                      0.039925    0.000102    6.854893 ^ spi_in.bit_cnt[1]_sky130_fd_sc_hd__dfrtp_2_Q/RESET_B (sky130_fd_sc_hd__dfrtp_1)
                                              6.854893   data arrival time

                                  0.000000    0.000000   clock clk (rise edge)
                                  0.000000    0.000000   clock source latency
     1    0.041337    0.190682    0.135170    0.135170 ^ clk (in)
                                                         clk (net)
                      0.191051    0.000000    0.135170 ^ clkbuf_0_clk/A (sky130_fd_sc_hd__clkbuf_16)
     8    0.135034    0.148108    0.254199    0.389369 ^ clkbuf_0_clk/X (sky130_fd_sc_hd__clkbuf_16)
                                                         clknet_0_clk (net)
                      0.149795    0.012557    0.401926 ^ clkbuf_3_5__f_clk/A (sky130_fd_sc_hd__clkbuf_16)
    13    0.053061    0.072094    0.187922    0.589848 ^ clkbuf_3_5__f_clk/X (sky130_fd_sc_hd__clkbuf_16)
                                                         clknet_3_5__leaf_clk (net)
                      0.072113    0.001143    0.590991 ^ spi_in.bit_cnt[1]_sky130_fd_sc_hd__dfrtp_2_Q/CLK (sky130_fd_sc_hd__dfrtp_1)
                                  0.250000    0.840991   clock uncertainty
                                  0.000000    0.840991   clock reconvergence pessimism
                                  0.326244    1.167235   library removal time
                                              1.167235   data required time
---------------------------------------------------------------------------------------------
                                              1.167235   data required time
                                             -6.854893   data arrival time
---------------------------------------------------------------------------------------------
                                              5.687658   slack (MET)


Startpoint: reset (input port clocked by clk)
Endpoint: spi_in.shift_reg[6]_sky130_fd_sc_hd__dfrtp_2_Q
          (removal check against rising-edge clock clk)
Path Group: asynchronous
Path Type: min

Fanout         Cap        Slew       Delay        Time   Description
---------------------------------------------------------------------------------------------
                                  0.000000    0.000000   clock clk (rise edge)
                                  0.000000    0.000000   clock network delay (propagated)
                                  6.000000    6.000000 v input external delay
     1    0.002600    0.008162    0.004098    6.004098 v reset (in)
                                                         reset (net)
                      0.008162    0.000000    6.004098 v input1/A (sky130_fd_sc_hd__clkbuf_1)
     1    0.003553    0.030320    0.075820    6.079918 v input1/X (sky130_fd_sc_hd__clkbuf_1)
                                                         net1 (net)
                      0.030320    0.000103    6.080021 v fanout35/A (sky130_fd_sc_hd__clkbuf_4)
     5    0.065736    0.134001    0.219853    6.299875 v fanout35/X (sky130_fd_sc_hd__clkbuf_4)
                                                         net35 (net)
                      0.134008    0.000862    6.300737 v fanout32/A (sky130_fd_sc_hd__clkbuf_4)
     8    0.052024    0.109170    0.247368    6.548105 v fanout32/X (sky130_fd_sc_hd__clkbuf_4)
                                                         net32 (net)
                      0.109172    0.000884    6.548989 v fanout31/A (sky130_fd_sc_hd__buf_4)
    10    0.074857    0.101183    0.234786    6.783775 v fanout31/X (sky130_fd_sc_hd__buf_4)
                                                         net31 (net)
                      0.101403    0.004109    6.787884 v spi_in.shift_reg[6]_sky130_fd_sc_hd__dfrtp_2_Q_RESET_B_sky130_fd_sc_hd__inv_2_Y/A (sky130_fd_sc_hd__inv_2)
     1    0.004320    0.039356    0.066980    6.854864 ^ spi_in.shift_reg[6]_sky130_fd_sc_hd__dfrtp_2_Q_RESET_B_sky130_fd_sc_hd__inv_2_Y/Y (sky130_fd_sc_hd__inv_2)
                                                         spi_in.shift_reg[6]_sky130_fd_sc_hd__dfrtp_2_Q_RESET_B (net)
                      0.039356    0.000094    6.854958 ^ spi_in.shift_reg[6]_sky130_fd_sc_hd__dfrtp_2_Q/RESET_B (sky130_fd_sc_hd__dfrtp_1)
                                              6.854958   data arrival time

                                  0.000000    0.000000   clock clk (rise edge)
                                  0.000000    0.000000   clock source latency
     1    0.041337    0.190682    0.135170    0.135170 ^ clk (in)
                                                         clk (net)
                      0.191051    0.000000    0.135170 ^ clkbuf_0_clk/A (sky130_fd_sc_hd__clkbuf_16)
     8    0.135034    0.148108    0.254199    0.389369 ^ clkbuf_0_clk/X (sky130_fd_sc_hd__clkbuf_16)
                                                         clknet_0_clk (net)
                      0.149795    0.012557    0.401926 ^ clkbuf_3_5__f_clk/A (sky130_fd_sc_hd__clkbuf_16)
    13    0.053061    0.072094    0.187922    0.589848 ^ clkbuf_3_5__f_clk/X (sky130_fd_sc_hd__clkbuf_16)
                                                         clknet_3_5__leaf_clk (net)
                      0.072102    0.000837    0.590685 ^ spi_in.shift_reg[6]_sky130_fd_sc_hd__dfrtp_2_Q/CLK (sky130_fd_sc_hd__dfrtp_1)
                                  0.250000    0.840685   clock uncertainty
                                  0.000000    0.840685   clock reconvergence pessimism
                                  0.326084    1.166770   library removal time
                                              1.166770   data required time
---------------------------------------------------------------------------------------------
                                              1.166770   data required time
                                             -6.854958   data arrival time
---------------------------------------------------------------------------------------------
                                              5.688188   slack (MET)


Startpoint: reset (input port clocked by clk)
Endpoint: spi_out.shift_reg[13]_sky130_fd_sc_hd__dfrtp_2_Q
          (removal check against rising-edge clock clk)
Path Group: asynchronous
Path Type: min

Fanout         Cap        Slew       Delay        Time   Description
---------------------------------------------------------------------------------------------
                                  0.000000    0.000000   clock clk (rise edge)
                                  0.000000    0.000000   clock network delay (propagated)
                                  6.000000    6.000000 v input external delay
     1    0.002600    0.008162    0.004098    6.004098 v reset (in)
                                                         reset (net)
                      0.008162    0.000000    6.004098 v input1/A (sky130_fd_sc_hd__clkbuf_1)
     1    0.003553    0.030320    0.075820    6.079918 v input1/X (sky130_fd_sc_hd__clkbuf_1)
                                                         net1 (net)
                      0.030320    0.000103    6.080021 v fanout35/A (sky130_fd_sc_hd__clkbuf_4)
     5    0.065736    0.134001    0.219853    6.299875 v fanout35/X (sky130_fd_sc_hd__clkbuf_4)
                                                         net35 (net)
                      0.134045    0.002048    6.301922 v fanout28/A (sky130_fd_sc_hd__clkbuf_4)
     5    0.057151    0.118514    0.252511    6.554433 v fanout28/X (sky130_fd_sc_hd__clkbuf_4)
                                                         net28 (net)
                      0.118531    0.001224    6.555657 v fanout27/A (sky130_fd_sc_hd__clkbuf_4)
     6    0.048647    0.105912    0.235986    6.791644 v fanout27/X (sky130_fd_sc_hd__clkbuf_4)
                                                         net27 (net)
                      0.105921    0.001116    6.792759 v spi_out.shift_reg[13]_sky130_fd_sc_hd__dfrtp_2_Q_RESET_B_sky130_fd_sc_hd__inv_2_Y/A (sky130_fd_sc_hd__inv_2)
     1    0.003854    0.038389    0.066128    6.858887 ^ spi_out.shift_reg[13]_sky130_fd_sc_hd__dfrtp_2_Q_RESET_B_sky130_fd_sc_hd__inv_2_Y/Y (sky130_fd_sc_hd__inv_2)
                                                         spi_out.shift_reg[13]_sky130_fd_sc_hd__dfrtp_2_Q_RESET_B (net)
                      0.038389    0.000075    6.858962 ^ spi_out.shift_reg[13]_sky130_fd_sc_hd__dfrtp_2_Q/RESET_B (sky130_fd_sc_hd__dfrtp_1)
                                              6.858962   data arrival time

                                  0.000000    0.000000   clock clk (rise edge)
                                  0.000000    0.000000   clock source latency
     1    0.041337    0.190682    0.135170    0.135170 ^ clk (in)
                                                         clk (net)
                      0.191051    0.000000    0.135170 ^ clkbuf_0_clk/A (sky130_fd_sc_hd__clkbuf_16)
     8    0.135034    0.148108    0.254199    0.389369 ^ clkbuf_0_clk/X (sky130_fd_sc_hd__clkbuf_16)
                                                         clknet_0_clk (net)
                      0.149539    0.011588    0.400956 ^ clkbuf_3_1__f_clk/A (sky130_fd_sc_hd__clkbuf_16)
    12    0.057231    0.076120    0.190515    0.591471 ^ clkbuf_3_1__f_clk/X (sky130_fd_sc_hd__clkbuf_16)
                                                         clknet_3_1__leaf_clk (net)
                      0.076199    0.002172    0.593643 ^ spi_out.shift_reg[13]_sky130_fd_sc_hd__dfrtp_2_Q/CLK (sky130_fd_sc_hd__dfrtp_1)
                                  0.250000    0.843643   clock uncertainty
                                  0.000000    0.843643   clock reconvergence pessimism
                                  0.326935    1.170578   library removal time
                                              1.170578   data required time
---------------------------------------------------------------------------------------------
                                              1.170578   data required time
                                             -6.858962   data arrival time
---------------------------------------------------------------------------------------------
                                              5.688384   slack (MET)


Startpoint: reset (input port clocked by clk)
Endpoint: filter.y_out[12]_sky130_fd_sc_hd__dfrtp_2_Q
          (removal check against rising-edge clock clk)
Path Group: asynchronous
Path Type: min

Fanout         Cap        Slew       Delay        Time   Description
---------------------------------------------------------------------------------------------
                                  0.000000    0.000000   clock clk (rise edge)
                                  0.000000    0.000000   clock network delay (propagated)
                                  6.000000    6.000000 v input external delay
     1    0.002600    0.008162    0.004098    6.004098 v reset (in)
                                                         reset (net)
                      0.008162    0.000000    6.004098 v input1/A (sky130_fd_sc_hd__clkbuf_1)
     1    0.003553    0.030320    0.075820    6.079918 v input1/X (sky130_fd_sc_hd__clkbuf_1)
                                                         net1 (net)
                      0.030320    0.000103    6.080021 v fanout35/A (sky130_fd_sc_hd__clkbuf_4)
     5    0.065736    0.134001    0.219853    6.299875 v fanout35/X (sky130_fd_sc_hd__clkbuf_4)
                                                         net35 (net)
                      0.134045    0.002048    6.301922 v fanout28/A (sky130_fd_sc_hd__clkbuf_4)
     5    0.057151    0.118514    0.252511    6.554433 v fanout28/X (sky130_fd_sc_hd__clkbuf_4)
                                                         net28 (net)
                      0.118788    0.004731    6.559164 v fanout25/A (sky130_fd_sc_hd__clkbuf_8)
    10    0.079906    0.092852    0.230342    6.789505 v fanout25/X (sky130_fd_sc_hd__clkbuf_8)
                                                         net25 (net)
                      0.093387    0.005180    6.794686 v filter.y_out[12]_sky130_fd_sc_hd__dfrtp_2_Q_RESET_B_sky130_fd_sc_hd__inv_2_Y/A (sky130_fd_sc_hd__inv_2)
     1    0.003942    0.036091    0.062132    6.856818 ^ filter.y_out[12]_sky130_fd_sc_hd__dfrtp_2_Q_RESET_B_sky130_fd_sc_hd__inv_2_Y/Y (sky130_fd_sc_hd__inv_2)
                                                         filter.y_out[12]_sky130_fd_sc_hd__dfrtp_2_Q_RESET_B (net)
                      0.036091    0.000078    6.856895 ^ filter.y_out[12]_sky130_fd_sc_hd__dfrtp_2_Q/RESET_B (sky130_fd_sc_hd__dfrtp_4)
                                              6.856895   data arrival time

                                  0.000000    0.000000   clock clk (rise edge)
                                  0.000000    0.000000   clock source latency
     1    0.041337    0.190682    0.135170    0.135170 ^ clk (in)
                                                         clk (net)
                      0.191051    0.000000    0.135170 ^ clkbuf_0_clk/A (sky130_fd_sc_hd__clkbuf_16)
     8    0.135034    0.148108    0.254199    0.389369 ^ clkbuf_0_clk/X (sky130_fd_sc_hd__clkbuf_16)
                                                         clknet_0_clk (net)
                      0.150741    0.015647    0.405016 ^ clkbuf_3_2__f_clk/A (sky130_fd_sc_hd__clkbuf_16)
     9    0.049866    0.069185    0.185749    0.590765 ^ clkbuf_3_2__f_clk/X (sky130_fd_sc_hd__clkbuf_16)
                                                         clknet_3_2__leaf_clk (net)
                      0.069283    0.002247    0.593012 ^ filter.y_out[12]_sky130_fd_sc_hd__dfrtp_2_Q/CLK (sky130_fd_sc_hd__dfrtp_4)
                                  0.250000    0.843012   clock uncertainty
                                  0.000000    0.843012   clock reconvergence pessimism
                                  0.324558    1.167570   library removal time
                                              1.167570   data required time
---------------------------------------------------------------------------------------------
                                              1.167570   data required time
                                             -6.856895   data arrival time
---------------------------------------------------------------------------------------------
                                              5.689325   slack (MET)


Startpoint: reset (input port clocked by clk)
Endpoint: spi_out.shift_reg[7]_sky130_fd_sc_hd__dfrtp_2_Q
          (removal check against rising-edge clock clk)
Path Group: asynchronous
Path Type: min

Fanout         Cap        Slew       Delay        Time   Description
---------------------------------------------------------------------------------------------
                                  0.000000    0.000000   clock clk (rise edge)
                                  0.000000    0.000000   clock network delay (propagated)
                                  6.000000    6.000000 v input external delay
     1    0.002600    0.008162    0.004098    6.004098 v reset (in)
                                                         reset (net)
                      0.008162    0.000000    6.004098 v input1/A (sky130_fd_sc_hd__clkbuf_1)
     1    0.003553    0.030320    0.075820    6.079918 v input1/X (sky130_fd_sc_hd__clkbuf_1)
                                                         net1 (net)
                      0.030320    0.000103    6.080021 v fanout35/A (sky130_fd_sc_hd__clkbuf_4)
     5    0.065736    0.134001    0.219853    6.299875 v fanout35/X (sky130_fd_sc_hd__clkbuf_4)
                                                         net35 (net)
                      0.134045    0.002048    6.301922 v fanout28/A (sky130_fd_sc_hd__clkbuf_4)
     5    0.057151    0.118514    0.252511    6.554433 v fanout28/X (sky130_fd_sc_hd__clkbuf_4)
                                                         net28 (net)
                      0.118531    0.001224    6.555657 v fanout27/A (sky130_fd_sc_hd__clkbuf_4)
     6    0.048647    0.105912    0.235986    6.791644 v fanout27/X (sky130_fd_sc_hd__clkbuf_4)
                                                         net27 (net)
                      0.105964    0.002230    6.793873 v spi_out.shift_reg[7]_sky130_fd_sc_hd__dfrtp_2_Q_RESET_B_sky130_fd_sc_hd__inv_2_Y/A (sky130_fd_sc_hd__inv_2)
     1    0.003789    0.038132    0.065791    6.859664 ^ spi_out.shift_reg[7]_sky130_fd_sc_hd__dfrtp_2_Q_RESET_B_sky130_fd_sc_hd__inv_2_Y/Y (sky130_fd_sc_hd__inv_2)
                                                         spi_out.shift_reg[7]_sky130_fd_sc_hd__dfrtp_2_Q_RESET_B (net)
                      0.038132    0.000073    6.859737 ^ spi_out.shift_reg[7]_sky130_fd_sc_hd__dfrtp_2_Q/RESET_B (sky130_fd_sc_hd__dfrtp_1)
                                              6.859737   data arrival time

                                  0.000000    0.000000   clock clk (rise edge)
                                  0.000000    0.000000   clock source latency
     1    0.041337    0.190682    0.135170    0.135170 ^ clk (in)
                                                         clk (net)
                      0.191051    0.000000    0.135170 ^ clkbuf_0_clk/A (sky130_fd_sc_hd__clkbuf_16)
     8    0.135034    0.148108    0.254199    0.389369 ^ clkbuf_0_clk/X (sky130_fd_sc_hd__clkbuf_16)
                                                         clknet_0_clk (net)
                      0.149539    0.011588    0.400956 ^ clkbuf_3_1__f_clk/A (sky130_fd_sc_hd__clkbuf_16)
    12    0.057231    0.076120    0.190515    0.591471 ^ clkbuf_3_1__f_clk/X (sky130_fd_sc_hd__clkbuf_16)
                                                         clknet_3_1__leaf_clk (net)
                      0.076178    0.001909    0.593380 ^ spi_out.shift_reg[7]_sky130_fd_sc_hd__dfrtp_2_Q/CLK (sky130_fd_sc_hd__dfrtp_1)
                                  0.250000    0.843380   clock uncertainty
                                  0.000000    0.843380   clock reconvergence pessimism
                                  0.326859    1.170239   library removal time
                                              1.170239   data required time
---------------------------------------------------------------------------------------------
                                              1.170239   data required time
                                             -6.859737   data arrival time
---------------------------------------------------------------------------------------------
                                              5.689498   slack (MET)


Startpoint: reset (input port clocked by clk)
Endpoint: spi_in.shift_reg[13]_sky130_fd_sc_hd__dfrtp_2_Q
          (removal check against rising-edge clock clk)
Path Group: asynchronous
Path Type: min

Fanout         Cap        Slew       Delay        Time   Description
---------------------------------------------------------------------------------------------
                                  0.000000    0.000000   clock clk (rise edge)
                                  0.000000    0.000000   clock network delay (propagated)
                                  6.000000    6.000000 v input external delay
     1    0.002600    0.008162    0.004098    6.004098 v reset (in)
                                                         reset (net)
                      0.008162    0.000000    6.004098 v input1/A (sky130_fd_sc_hd__clkbuf_1)
     1    0.003553    0.030320    0.075820    6.079918 v input1/X (sky130_fd_sc_hd__clkbuf_1)
                                                         net1 (net)
                      0.030320    0.000103    6.080021 v fanout35/A (sky130_fd_sc_hd__clkbuf_4)
     5    0.065736    0.134001    0.219853    6.299875 v fanout35/X (sky130_fd_sc_hd__clkbuf_4)
                                                         net35 (net)
                      0.134045    0.002048    6.301922 v fanout28/A (sky130_fd_sc_hd__clkbuf_4)
     5    0.057151    0.118514    0.252511    6.554433 v fanout28/X (sky130_fd_sc_hd__clkbuf_4)
                                                         net28 (net)
                      0.118788    0.004731    6.559164 v fanout25/A (sky130_fd_sc_hd__clkbuf_8)
    10    0.079906    0.092852    0.230342    6.789505 v fanout25/X (sky130_fd_sc_hd__clkbuf_8)
                                                         net25 (net)
                      0.092954    0.001162    6.790668 v spi_in.shift_reg[13]_sky130_fd_sc_hd__dfrtp_2_Q_RESET_B_sky130_fd_sc_hd__inv_2_Y/A (sky130_fd_sc_hd__inv_2)
     1    0.004052    0.036428    0.062523    6.853190 ^ spi_in.shift_reg[13]_sky130_fd_sc_hd__dfrtp_2_Q_RESET_B_sky130_fd_sc_hd__inv_2_Y/Y (sky130_fd_sc_hd__inv_2)
                                                         spi_in.shift_reg[13]_sky130_fd_sc_hd__dfrtp_2_Q_RESET_B (net)
                      0.036429    0.000085    6.853275 ^ spi_in.shift_reg[13]_sky130_fd_sc_hd__dfrtp_2_Q/RESET_B (sky130_fd_sc_hd__dfrtp_1)
                                              6.853275   data arrival time

                                  0.000000    0.000000   clock clk (rise edge)
                                  0.000000    0.000000   clock source latency
     1    0.041337    0.190682    0.135170    0.135170 ^ clk (in)
                                                         clk (net)
                      0.191051    0.000000    0.135170 ^ clkbuf_0_clk/A (sky130_fd_sc_hd__clkbuf_16)
     8    0.135034    0.148108    0.254199    0.389369 ^ clkbuf_0_clk/X (sky130_fd_sc_hd__clkbuf_16)
                                                         clknet_0_clk (net)
                      0.150554    0.015081    0.404449 ^ clkbuf_3_3__f_clk/A (sky130_fd_sc_hd__clkbuf_16)
     6    0.046972    0.066577    0.183586    0.588036 ^ clkbuf_3_3__f_clk/X (sky130_fd_sc_hd__clkbuf_16)
                                                         clknet_3_3__leaf_clk (net)
                      0.066641    0.001786    0.589821 ^ spi_in.shift_reg[13]_sky130_fd_sc_hd__dfrtp_2_Q/CLK (sky130_fd_sc_hd__dfrtp_1)
                                  0.250000    0.839821   clock uncertainty
                                  0.000000    0.839821   clock reconvergence pessimism
                                  0.323791    1.163612   library removal time
                                              1.163612   data required time
---------------------------------------------------------------------------------------------
                                              1.163612   data required time
                                             -6.853275   data arrival time
---------------------------------------------------------------------------------------------
                                              5.689663   slack (MET)


Startpoint: reset (input port clocked by clk)
Endpoint: filter.y_out[13]_sky130_fd_sc_hd__dfrtp_2_Q
          (removal check against rising-edge clock clk)
Path Group: asynchronous
Path Type: min

Fanout         Cap        Slew       Delay        Time   Description
---------------------------------------------------------------------------------------------
                                  0.000000    0.000000   clock clk (rise edge)
                                  0.000000    0.000000   clock network delay (propagated)
                                  6.000000    6.000000 v input external delay
     1    0.002600    0.008162    0.004098    6.004098 v reset (in)
                                                         reset (net)
                      0.008162    0.000000    6.004098 v input1/A (sky130_fd_sc_hd__clkbuf_1)
     1    0.003553    0.030320    0.075820    6.079918 v input1/X (sky130_fd_sc_hd__clkbuf_1)
                                                         net1 (net)
                      0.030320    0.000103    6.080021 v fanout35/A (sky130_fd_sc_hd__clkbuf_4)
     5    0.065736    0.134001    0.219853    6.299875 v fanout35/X (sky130_fd_sc_hd__clkbuf_4)
                                                         net35 (net)
                      0.134045    0.002048    6.301922 v fanout28/A (sky130_fd_sc_hd__clkbuf_4)
     5    0.057151    0.118514    0.252511    6.554433 v fanout28/X (sky130_fd_sc_hd__clkbuf_4)
                                                         net28 (net)
                      0.118788    0.004731    6.559164 v fanout25/A (sky130_fd_sc_hd__clkbuf_8)
    10    0.079906    0.092852    0.230342    6.789505 v fanout25/X (sky130_fd_sc_hd__clkbuf_8)
                                                         net25 (net)
                      0.093406    0.005286    6.794791 v filter.y_out[13]_sky130_fd_sc_hd__dfrtp_2_Q_RESET_B_sky130_fd_sc_hd__inv_2_Y/A (sky130_fd_sc_hd__inv_2)
     1    0.003915    0.035988    0.062018    6.856809 ^ filter.y_out[13]_sky130_fd_sc_hd__dfrtp_2_Q_RESET_B_sky130_fd_sc_hd__inv_2_Y/Y (sky130_fd_sc_hd__inv_2)
                                                         filter.y_out[13]_sky130_fd_sc_hd__dfrtp_2_Q_RESET_B (net)
                      0.035988    0.000044    6.856852 ^ filter.y_out[13]_sky130_fd_sc_hd__dfrtp_2_Q/RESET_B (sky130_fd_sc_hd__dfrtp_1)
                                              6.856852   data arrival time

                                  0.000000    0.000000   clock clk (rise edge)
                                  0.000000    0.000000   clock source latency
     1    0.041337    0.190682    0.135170    0.135170 ^ clk (in)
                                                         clk (net)
                      0.191051    0.000000    0.135170 ^ clkbuf_0_clk/A (sky130_fd_sc_hd__clkbuf_16)
     8    0.135034    0.148108    0.254199    0.389369 ^ clkbuf_0_clk/X (sky130_fd_sc_hd__clkbuf_16)
                                                         clknet_0_clk (net)
                      0.150741    0.015647    0.405016 ^ clkbuf_3_2__f_clk/A (sky130_fd_sc_hd__clkbuf_16)
     9    0.049866    0.069185    0.185749    0.590765 ^ clkbuf_3_2__f_clk/X (sky130_fd_sc_hd__clkbuf_16)
                                                         clknet_3_2__leaf_clk (net)
                      0.069262    0.002015    0.592780 ^ filter.y_out[13]_sky130_fd_sc_hd__dfrtp_2_Q/CLK (sky130_fd_sc_hd__dfrtp_1)
                                  0.250000    0.842780   clock uncertainty
                                  0.000000    0.842780   clock reconvergence pessimism
                                  0.324384    1.167164   library removal time
                                              1.167164   data required time
---------------------------------------------------------------------------------------------
                                              1.167164   data required time
                                             -6.856852   data arrival time
---------------------------------------------------------------------------------------------
                                              5.689688   slack (MET)


Startpoint: reset (input port clocked by clk)
Endpoint: filter.x_in[12]_sky130_fd_sc_hd__dfrtp_2_Q
          (removal check against rising-edge clock clk)
Path Group: asynchronous
Path Type: min

Fanout         Cap        Slew       Delay        Time   Description
---------------------------------------------------------------------------------------------
                                  0.000000    0.000000   clock clk (rise edge)
                                  0.000000    0.000000   clock network delay (propagated)
                                  6.000000    6.000000 v input external delay
     1    0.002600    0.008162    0.004098    6.004098 v reset (in)
                                                         reset (net)
                      0.008162    0.000000    6.004098 v input1/A (sky130_fd_sc_hd__clkbuf_1)
     1    0.003553    0.030320    0.075820    6.079918 v input1/X (sky130_fd_sc_hd__clkbuf_1)
                                                         net1 (net)
                      0.030320    0.000103    6.080021 v fanout35/A (sky130_fd_sc_hd__clkbuf_4)
     5    0.065736    0.134001    0.219853    6.299875 v fanout35/X (sky130_fd_sc_hd__clkbuf_4)
                                                         net35 (net)
                      0.134045    0.002048    6.301922 v fanout28/A (sky130_fd_sc_hd__clkbuf_4)
     5    0.057151    0.118514    0.252511    6.554433 v fanout28/X (sky130_fd_sc_hd__clkbuf_4)
                                                         net28 (net)
                      0.118788    0.004731    6.559164 v fanout25/A (sky130_fd_sc_hd__clkbuf_8)
    10    0.079906    0.092852    0.230342    6.789505 v fanout25/X (sky130_fd_sc_hd__clkbuf_8)
                                                         net25 (net)
                      0.093003    0.002083    6.791589 v filter.x_in[12]_sky130_fd_sc_hd__dfrtp_2_Q_RESET_B_sky130_fd_sc_hd__inv_2_Y/A (sky130_fd_sc_hd__inv_2)
     1    0.003861    0.035694    0.061588    6.853177 ^ filter.x_in[12]_sky130_fd_sc_hd__dfrtp_2_Q_RESET_B_sky130_fd_sc_hd__inv_2_Y/Y (sky130_fd_sc_hd__inv_2)
                                                         filter.x_in[12]_sky130_fd_sc_hd__dfrtp_2_Q_RESET_B (net)
                      0.035694    0.000075    6.853251 ^ filter.x_in[12]_sky130_fd_sc_hd__dfrtp_2_Q/RESET_B (sky130_fd_sc_hd__dfrtp_1)
                                              6.853251   data arrival time

                                  0.000000    0.000000   clock clk (rise edge)
                                  0.000000    0.000000   clock source latency
     1    0.041337    0.190682    0.135170    0.135170 ^ clk (in)
                                                         clk (net)
                      0.191051    0.000000    0.135170 ^ clkbuf_0_clk/A (sky130_fd_sc_hd__clkbuf_16)
     8    0.135034    0.148108    0.254199    0.389369 ^ clkbuf_0_clk/X (sky130_fd_sc_hd__clkbuf_16)
                                                         clknet_0_clk (net)
                      0.150554    0.015081    0.404449 ^ clkbuf_3_3__f_clk/A (sky130_fd_sc_hd__clkbuf_16)
     6    0.046972    0.066577    0.183586    0.588036 ^ clkbuf_3_3__f_clk/X (sky130_fd_sc_hd__clkbuf_16)
                                                         clknet_3_3__leaf_clk (net)
                      0.066627    0.001603    0.589639 ^ filter.x_in[12]_sky130_fd_sc_hd__dfrtp_2_Q/CLK (sky130_fd_sc_hd__dfrtp_1)
                                  0.250000    0.839639   clock uncertainty
                                  0.000000    0.839639   clock reconvergence pessimism
                                  0.323585    1.163223   library removal time
                                              1.163223   data required time
---------------------------------------------------------------------------------------------
                                              1.163223   data required time
                                             -6.853251   data arrival time
---------------------------------------------------------------------------------------------
                                              5.690028   slack (MET)


Startpoint: reset (input port clocked by clk)
Endpoint: filter.x_in[13]_sky130_fd_sc_hd__dfrtp_2_Q
          (removal check against rising-edge clock clk)
Path Group: asynchronous
Path Type: min

Fanout         Cap        Slew       Delay        Time   Description
---------------------------------------------------------------------------------------------
                                  0.000000    0.000000   clock clk (rise edge)
                                  0.000000    0.000000   clock network delay (propagated)
                                  6.000000    6.000000 v input external delay
     1    0.002600    0.008162    0.004098    6.004098 v reset (in)
                                                         reset (net)
                      0.008162    0.000000    6.004098 v input1/A (sky130_fd_sc_hd__clkbuf_1)
     1    0.003553    0.030320    0.075820    6.079918 v input1/X (sky130_fd_sc_hd__clkbuf_1)
                                                         net1 (net)
                      0.030320    0.000103    6.080021 v fanout35/A (sky130_fd_sc_hd__clkbuf_4)
     5    0.065736    0.134001    0.219853    6.299875 v fanout35/X (sky130_fd_sc_hd__clkbuf_4)
                                                         net35 (net)
                      0.134045    0.002048    6.301922 v fanout28/A (sky130_fd_sc_hd__clkbuf_4)
     5    0.057151    0.118514    0.252511    6.554433 v fanout28/X (sky130_fd_sc_hd__clkbuf_4)
                                                         net28 (net)
                      0.118788    0.004731    6.559164 v fanout25/A (sky130_fd_sc_hd__clkbuf_8)
    10    0.079906    0.092852    0.230342    6.789505 v fanout25/X (sky130_fd_sc_hd__clkbuf_8)
                                                         net25 (net)
                      0.092999    0.002026    6.791532 v filter.x_in[13]_sky130_fd_sc_hd__dfrtp_2_Q_RESET_B_sky130_fd_sc_hd__inv_2_Y/A (sky130_fd_sc_hd__inv_2)
     1    0.003971    0.036120    0.062136    6.853668 ^ filter.x_in[13]_sky130_fd_sc_hd__dfrtp_2_Q_RESET_B_sky130_fd_sc_hd__inv_2_Y/Y (sky130_fd_sc_hd__inv_2)
                                                         filter.x_in[13]_sky130_fd_sc_hd__dfrtp_2_Q_RESET_B (net)
                      0.036121    0.000078    6.853746 ^ filter.x_in[13]_sky130_fd_sc_hd__dfrtp_2_Q/RESET_B (sky130_fd_sc_hd__dfrtp_1)
                                              6.853746   data arrival time

                                  0.000000    0.000000   clock clk (rise edge)
                                  0.000000    0.000000   clock source latency
     1    0.041337    0.190682    0.135170    0.135170 ^ clk (in)
                                                         clk (net)
                      0.191051    0.000000    0.135170 ^ clkbuf_0_clk/A (sky130_fd_sc_hd__clkbuf_16)
     8    0.135034    0.148108    0.254199    0.389369 ^ clkbuf_0_clk/X (sky130_fd_sc_hd__clkbuf_16)
                                                         clknet_0_clk (net)
                      0.150554    0.015081    0.404449 ^ clkbuf_3_3__f_clk/A (sky130_fd_sc_hd__clkbuf_16)
     6    0.046972    0.066577    0.183586    0.588036 ^ clkbuf_3_3__f_clk/X (sky130_fd_sc_hd__clkbuf_16)
                                                         clknet_3_3__leaf_clk (net)
                      0.066639    0.001757    0.589792 ^ filter.x_in[13]_sky130_fd_sc_hd__dfrtp_2_Q/CLK (sky130_fd_sc_hd__dfrtp_1)
                                  0.250000    0.839792   clock uncertainty
                                  0.000000    0.839792   clock reconvergence pessimism
                                  0.323705    1.163498   library removal time
                                              1.163498   data required time
---------------------------------------------------------------------------------------------
                                              1.163498   data required time
                                             -6.853746   data arrival time
---------------------------------------------------------------------------------------------
                                              5.690248   slack (MET)


Startpoint: reset (input port clocked by clk)
Endpoint: spi_out.shift_reg[8]_sky130_fd_sc_hd__dfrtp_2_Q
          (removal check against rising-edge clock clk)
Path Group: asynchronous
Path Type: min

Fanout         Cap        Slew       Delay        Time   Description
---------------------------------------------------------------------------------------------
                                  0.000000    0.000000   clock clk (rise edge)
                                  0.000000    0.000000   clock network delay (propagated)
                                  6.000000    6.000000 v input external delay
     1    0.002600    0.008162    0.004098    6.004098 v reset (in)
                                                         reset (net)
                      0.008162    0.000000    6.004098 v input1/A (sky130_fd_sc_hd__clkbuf_1)
     1    0.003553    0.030320    0.075820    6.079918 v input1/X (sky130_fd_sc_hd__clkbuf_1)
                                                         net1 (net)
                      0.030320    0.000103    6.080021 v fanout35/A (sky130_fd_sc_hd__clkbuf_4)
     5    0.065736    0.134001    0.219853    6.299875 v fanout35/X (sky130_fd_sc_hd__clkbuf_4)
                                                         net35 (net)
                      0.134045    0.002048    6.301922 v fanout28/A (sky130_fd_sc_hd__clkbuf_4)
     5    0.057151    0.118514    0.252511    6.554433 v fanout28/X (sky130_fd_sc_hd__clkbuf_4)
                                                         net28 (net)
                      0.118531    0.001224    6.555657 v fanout27/A (sky130_fd_sc_hd__clkbuf_4)
     6    0.048647    0.105912    0.235986    6.791644 v fanout27/X (sky130_fd_sc_hd__clkbuf_4)
                                                         net27 (net)
                      0.105991    0.002675    6.794319 v spi_out.shift_reg[8]_sky130_fd_sc_hd__dfrtp_2_Q_RESET_B_sky130_fd_sc_hd__inv_2_Y/A (sky130_fd_sc_hd__inv_2)
     1    0.003793    0.038154    0.065822    6.860141 ^ spi_out.shift_reg[8]_sky130_fd_sc_hd__dfrtp_2_Q_RESET_B_sky130_fd_sc_hd__inv_2_Y/Y (sky130_fd_sc_hd__inv_2)
                                                         spi_out.shift_reg[8]_sky130_fd_sc_hd__dfrtp_2_Q_RESET_B (net)
                      0.038154    0.000073    6.860214 ^ spi_out.shift_reg[8]_sky130_fd_sc_hd__dfrtp_2_Q/RESET_B (sky130_fd_sc_hd__dfrtp_1)
                                              6.860214   data arrival time

                                  0.000000    0.000000   clock clk (rise edge)
                                  0.000000    0.000000   clock source latency
     1    0.041337    0.190682    0.135170    0.135170 ^ clk (in)
                                                         clk (net)
                      0.191051    0.000000    0.135170 ^ clkbuf_0_clk/A (sky130_fd_sc_hd__clkbuf_16)
     8    0.135034    0.148108    0.254199    0.389369 ^ clkbuf_0_clk/X (sky130_fd_sc_hd__clkbuf_16)
                                                         clknet_0_clk (net)
                      0.149539    0.011588    0.400956 ^ clkbuf_3_1__f_clk/A (sky130_fd_sc_hd__clkbuf_16)
    12    0.057231    0.076120    0.190515    0.591471 ^ clkbuf_3_1__f_clk/X (sky130_fd_sc_hd__clkbuf_16)
                                                         clknet_3_1__leaf_clk (net)
                      0.076156    0.001576    0.593047 ^ spi_out.shift_reg[8]_sky130_fd_sc_hd__dfrtp_2_Q/CLK (sky130_fd_sc_hd__dfrtp_1)
                                  0.250000    0.843047   clock uncertainty
                                  0.000000    0.843047   clock reconvergence pessimism
                                  0.326859    1.169906   library removal time
                                              1.169906   data required time
---------------------------------------------------------------------------------------------
                                              1.169906   data required time
                                             -6.860214   data arrival time
---------------------------------------------------------------------------------------------
                                              5.690308   slack (MET)


Startpoint: reset (input port clocked by clk)
Endpoint: filter.y_out[8]_sky130_fd_sc_hd__dfrtp_2_Q
          (removal check against rising-edge clock clk)
Path Group: asynchronous
Path Type: min

Fanout         Cap        Slew       Delay        Time   Description
---------------------------------------------------------------------------------------------
                                  0.000000    0.000000   clock clk (rise edge)
                                  0.000000    0.000000   clock network delay (propagated)
                                  6.000000    6.000000 v input external delay
     1    0.002600    0.008162    0.004098    6.004098 v reset (in)
                                                         reset (net)
                      0.008162    0.000000    6.004098 v input1/A (sky130_fd_sc_hd__clkbuf_1)
     1    0.003553    0.030320    0.075820    6.079918 v input1/X (sky130_fd_sc_hd__clkbuf_1)
                                                         net1 (net)
                      0.030320    0.000103    6.080021 v fanout35/A (sky130_fd_sc_hd__clkbuf_4)
     5    0.065736    0.134001    0.219853    6.299875 v fanout35/X (sky130_fd_sc_hd__clkbuf_4)
                                                         net35 (net)
                      0.134045    0.002048    6.301922 v fanout28/A (sky130_fd_sc_hd__clkbuf_4)
     5    0.057151    0.118514    0.252511    6.554433 v fanout28/X (sky130_fd_sc_hd__clkbuf_4)
                                                         net28 (net)
                      0.118531    0.001224    6.555657 v fanout27/A (sky130_fd_sc_hd__clkbuf_4)
     6    0.048647    0.105912    0.235986    6.791644 v fanout27/X (sky130_fd_sc_hd__clkbuf_4)
                                                         net27 (net)
                      0.106114    0.004082    6.795725 v filter.y_out[8]_sky130_fd_sc_hd__dfrtp_2_Q_RESET_B_sky130_fd_sc_hd__inv_2_Y/A (sky130_fd_sc_hd__inv_2)
     1    0.003994    0.039009    0.066955    6.862680 ^ filter.y_out[8]_sky130_fd_sc_hd__dfrtp_2_Q_RESET_B_sky130_fd_sc_hd__inv_2_Y/Y (sky130_fd_sc_hd__inv_2)
                                                         filter.y_out[8]_sky130_fd_sc_hd__dfrtp_2_Q_RESET_B (net)
                      0.039009    0.000081    6.862761 ^ filter.y_out[8]_sky130_fd_sc_hd__dfrtp_2_Q/RESET_B (sky130_fd_sc_hd__dfrtp_4)
                                              6.862761   data arrival time

                                  0.000000    0.000000   clock clk (rise edge)
                                  0.000000    0.000000   clock source latency
     1    0.041337    0.190682    0.135170    0.135170 ^ clk (in)
                                                         clk (net)
                      0.191051    0.000000    0.135170 ^ clkbuf_0_clk/A (sky130_fd_sc_hd__clkbuf_16)
     8    0.135034    0.148108    0.254199    0.389369 ^ clkbuf_0_clk/X (sky130_fd_sc_hd__clkbuf_16)
                                                         clknet_0_clk (net)
                      0.149539    0.011588    0.400956 ^ clkbuf_3_1__f_clk/A (sky130_fd_sc_hd__clkbuf_16)
    12    0.057231    0.076120    0.190515    0.591471 ^ clkbuf_3_1__f_clk/X (sky130_fd_sc_hd__clkbuf_16)
                                                         clknet_3_1__leaf_clk (net)
                      0.076188    0.002043    0.593514 ^ filter.y_out[8]_sky130_fd_sc_hd__dfrtp_2_Q/CLK (sky130_fd_sc_hd__dfrtp_4)
                                  0.250000    0.843514   clock uncertainty
                                  0.000000    0.843514   clock reconvergence pessimism
                                  0.327258    1.170772   library removal time
                                              1.170772   data required time
---------------------------------------------------------------------------------------------
                                              1.170772   data required time
                                             -6.862761   data arrival time
---------------------------------------------------------------------------------------------
                                              5.691989   slack (MET)


Startpoint: reset (input port clocked by clk)
Endpoint: filter.y_out[10]_sky130_fd_sc_hd__dfrtp_2_Q
          (removal check against rising-edge clock clk)
Path Group: asynchronous
Path Type: min

Fanout         Cap        Slew       Delay        Time   Description
---------------------------------------------------------------------------------------------
                                  0.000000    0.000000   clock clk (rise edge)
                                  0.000000    0.000000   clock network delay (propagated)
                                  6.000000    6.000000 v input external delay
     1    0.002600    0.008162    0.004098    6.004098 v reset (in)
                                                         reset (net)
                      0.008162    0.000000    6.004098 v input1/A (sky130_fd_sc_hd__clkbuf_1)
     1    0.003553    0.030320    0.075820    6.079918 v input1/X (sky130_fd_sc_hd__clkbuf_1)
                                                         net1 (net)
                      0.030320    0.000103    6.080021 v fanout35/A (sky130_fd_sc_hd__clkbuf_4)
     5    0.065736    0.134001    0.219853    6.299875 v fanout35/X (sky130_fd_sc_hd__clkbuf_4)
                                                         net35 (net)
                      0.134045    0.002048    6.301922 v fanout28/A (sky130_fd_sc_hd__clkbuf_4)
     5    0.057151    0.118514    0.252511    6.554433 v fanout28/X (sky130_fd_sc_hd__clkbuf_4)
                                                         net28 (net)
                      0.118788    0.004731    6.559164 v fanout25/A (sky130_fd_sc_hd__clkbuf_8)
    10    0.079906    0.092852    0.230342    6.789505 v fanout25/X (sky130_fd_sc_hd__clkbuf_8)
                                                         net25 (net)
                      0.093246    0.004317    6.793823 v filter.y_out[10]_sky130_fd_sc_hd__dfrtp_2_Q_RESET_B_sky130_fd_sc_hd__inv_2_Y/A (sky130_fd_sc_hd__inv_2)
     1    0.003917    0.035965    0.061956    6.855779 ^ filter.y_out[10]_sky130_fd_sc_hd__dfrtp_2_Q_RESET_B_sky130_fd_sc_hd__inv_2_Y/Y (sky130_fd_sc_hd__inv_2)
                                                         filter.y_out[10]_sky130_fd_sc_hd__dfrtp_2_Q_RESET_B (net)
                      0.035965    0.000079    6.855857 ^ filter.y_out[10]_sky130_fd_sc_hd__dfrtp_2_Q/RESET_B (sky130_fd_sc_hd__dfrtp_1)
                                              6.855857   data arrival time

                                  0.000000    0.000000   clock clk (rise edge)
                                  0.000000    0.000000   clock source latency
     1    0.041337    0.190682    0.135170    0.135170 ^ clk (in)
                                                         clk (net)
                      0.191051    0.000000    0.135170 ^ clkbuf_0_clk/A (sky130_fd_sc_hd__clkbuf_16)
     8    0.135034    0.148108    0.254199    0.389369 ^ clkbuf_0_clk/X (sky130_fd_sc_hd__clkbuf_16)
                                                         clknet_0_clk (net)
                      0.150554    0.015081    0.404449 ^ clkbuf_3_3__f_clk/A (sky130_fd_sc_hd__clkbuf_16)
     6    0.046972    0.066577    0.183586    0.588036 ^ clkbuf_3_3__f_clk/X (sky130_fd_sc_hd__clkbuf_16)
                                                         clknet_3_3__leaf_clk (net)
                      0.066599    0.001152    0.589188 ^ filter.y_out[10]_sky130_fd_sc_hd__dfrtp_2_Q/CLK (sky130_fd_sc_hd__dfrtp_1)
                                  0.250000    0.839188   clock uncertainty
                                  0.000000    0.839188   clock reconvergence pessimism
                                  0.323652    1.162840   library removal time
                                              1.162840   data required time
---------------------------------------------------------------------------------------------
                                              1.162840   data required time
                                             -6.855857   data arrival time
---------------------------------------------------------------------------------------------
                                              5.693018   slack (MET)


Startpoint: reset (input port clocked by clk)
Endpoint: spi_in.shift_reg[12]_sky130_fd_sc_hd__dfrtp_2_Q
          (removal check against rising-edge clock clk)
Path Group: asynchronous
Path Type: min

Fanout         Cap        Slew       Delay        Time   Description
---------------------------------------------------------------------------------------------
                                  0.000000    0.000000   clock clk (rise edge)
                                  0.000000    0.000000   clock network delay (propagated)
                                  6.000000    6.000000 v input external delay
     1    0.002600    0.008162    0.004098    6.004098 v reset (in)
                                                         reset (net)
                      0.008162    0.000000    6.004098 v input1/A (sky130_fd_sc_hd__clkbuf_1)
     1    0.003553    0.030320    0.075820    6.079918 v input1/X (sky130_fd_sc_hd__clkbuf_1)
                                                         net1 (net)
                      0.030320    0.000103    6.080021 v fanout35/A (sky130_fd_sc_hd__clkbuf_4)
     5    0.065736    0.134001    0.219853    6.299875 v fanout35/X (sky130_fd_sc_hd__clkbuf_4)
                                                         net35 (net)
                      0.134045    0.002048    6.301922 v fanout28/A (sky130_fd_sc_hd__clkbuf_4)
     5    0.057151    0.118514    0.252511    6.554433 v fanout28/X (sky130_fd_sc_hd__clkbuf_4)
                                                         net28 (net)
                      0.118788    0.004731    6.559164 v fanout25/A (sky130_fd_sc_hd__clkbuf_8)
    10    0.079906    0.092852    0.230342    6.789505 v fanout25/X (sky130_fd_sc_hd__clkbuf_8)
                                                         net25 (net)
                      0.092950    0.001041    6.790547 v spi_in.shift_reg[12]_sky130_fd_sc_hd__dfrtp_2_Q_RESET_B_sky130_fd_sc_hd__inv_2_Y/A (sky130_fd_sc_hd__inv_2)
     1    0.003891    0.035801    0.061721    6.852268 ^ spi_in.shift_reg[12]_sky130_fd_sc_hd__dfrtp_2_Q_RESET_B_sky130_fd_sc_hd__inv_2_Y/Y (sky130_fd_sc_hd__inv_2)
                                                         spi_in.shift_reg[12]_sky130_fd_sc_hd__dfrtp_2_Q_RESET_B (net)
                      0.035801    0.000077    6.852345 ^ spi_in.shift_reg[12]_sky130_fd_sc_hd__dfrtp_2_Q/RESET_B (sky130_fd_sc_hd__dfrtp_1)
                                              6.852345   data arrival time

                                  0.000000    0.000000   clock clk (rise edge)
                                  0.000000    0.000000   clock source latency
     1    0.041337    0.190682    0.135170    0.135170 ^ clk (in)
                                                         clk (net)
                      0.191051    0.000000    0.135170 ^ clkbuf_0_clk/A (sky130_fd_sc_hd__clkbuf_16)
     8    0.135034    0.148108    0.254199    0.389369 ^ clkbuf_0_clk/X (sky130_fd_sc_hd__clkbuf_16)
                                                         clknet_0_clk (net)
                      0.150014    0.013331    0.402700 ^ clkbuf_3_0__f_clk/A (sky130_fd_sc_hd__clkbuf_16)
    10    0.041890    0.062027    0.179810    0.582510 ^ clkbuf_3_0__f_clk/X (sky130_fd_sc_hd__clkbuf_16)
                                                         clknet_3_0__leaf_clk (net)
                      0.062040    0.000868    0.583377 ^ spi_in.shift_reg[12]_sky130_fd_sc_hd__dfrtp_2_Q/CLK (sky130_fd_sc_hd__dfrtp_1)
                                  0.250000    0.833377   clock uncertainty
                                  0.000000    0.833377   clock reconvergence pessimism
                                  0.322363    1.155741   library removal time
                                              1.155741   data required time
---------------------------------------------------------------------------------------------
                                              1.155741   data required time
                                             -6.852345   data arrival time
---------------------------------------------------------------------------------------------
                                              5.696605   slack (MET)


Startpoint: reset (input port clocked by clk)
Endpoint: filter.y_out[9]_sky130_fd_sc_hd__dfrtp_2_Q
          (removal check against rising-edge clock clk)
Path Group: asynchronous
Path Type: min

Fanout         Cap        Slew       Delay        Time   Description
---------------------------------------------------------------------------------------------
                                  0.000000    0.000000   clock clk (rise edge)
                                  0.000000    0.000000   clock network delay (propagated)
                                  6.000000    6.000000 v input external delay
     1    0.002600    0.008162    0.004098    6.004098 v reset (in)
                                                         reset (net)
                      0.008162    0.000000    6.004098 v input1/A (sky130_fd_sc_hd__clkbuf_1)
     1    0.003553    0.030320    0.075820    6.079918 v input1/X (sky130_fd_sc_hd__clkbuf_1)
                                                         net1 (net)
                      0.030320    0.000103    6.080021 v fanout35/A (sky130_fd_sc_hd__clkbuf_4)
     5    0.065736    0.134001    0.219853    6.299875 v fanout35/X (sky130_fd_sc_hd__clkbuf_4)
                                                         net35 (net)
                      0.134045    0.002048    6.301922 v fanout28/A (sky130_fd_sc_hd__clkbuf_4)
     5    0.057151    0.118514    0.252511    6.554433 v fanout28/X (sky130_fd_sc_hd__clkbuf_4)
                                                         net28 (net)
                      0.118531    0.001224    6.555657 v fanout27/A (sky130_fd_sc_hd__clkbuf_4)
     6    0.048647    0.105912    0.235986    6.791644 v fanout27/X (sky130_fd_sc_hd__clkbuf_4)
                                                         net27 (net)
                      0.106145    0.004360    6.796003 v filter.y_out[9]_sky130_fd_sc_hd__dfrtp_2_Q_RESET_B_sky130_fd_sc_hd__inv_2_Y/A (sky130_fd_sc_hd__inv_2)
     1    0.004040    0.039212    0.067221    6.863225 ^ filter.y_out[9]_sky130_fd_sc_hd__dfrtp_2_Q_RESET_B_sky130_fd_sc_hd__inv_2_Y/Y (sky130_fd_sc_hd__inv_2)
                                                         filter.y_out[9]_sky130_fd_sc_hd__dfrtp_2_Q_RESET_B (net)
                      0.039212    0.000082    6.863306 ^ filter.y_out[9]_sky130_fd_sc_hd__dfrtp_2_Q/RESET_B (sky130_fd_sc_hd__dfrtp_2)
                                              6.863306   data arrival time

                                  0.000000    0.000000   clock clk (rise edge)
                                  0.000000    0.000000   clock source latency
     1    0.041337    0.190682    0.135170    0.135170 ^ clk (in)
                                                         clk (net)
                      0.191051    0.000000    0.135170 ^ clkbuf_0_clk/A (sky130_fd_sc_hd__clkbuf_16)
     8    0.135034    0.148108    0.254199    0.389369 ^ clkbuf_0_clk/X (sky130_fd_sc_hd__clkbuf_16)
                                                         clknet_0_clk (net)
                      0.150554    0.015081    0.404449 ^ clkbuf_3_3__f_clk/A (sky130_fd_sc_hd__clkbuf_16)
     6    0.046972    0.066577    0.183586    0.588036 ^ clkbuf_3_3__f_clk/X (sky130_fd_sc_hd__clkbuf_16)
                                                         clknet_3_3__leaf_clk (net)
                      0.066613    0.001390    0.589425 ^ filter.y_out[9]_sky130_fd_sc_hd__dfrtp_2_Q/CLK (sky130_fd_sc_hd__dfrtp_2)
                                  0.250000    0.839425   clock uncertainty
                                  0.000000    0.839425   clock reconvergence pessimism
                                  0.324617    1.164042   library removal time
                                              1.164042   data required time
---------------------------------------------------------------------------------------------
                                              1.164042   data required time
                                             -6.863306   data arrival time
---------------------------------------------------------------------------------------------
                                              5.699265   slack (MET)


Startpoint: reset (input port clocked by clk)
Endpoint: filter.x_in[9]_sky130_fd_sc_hd__dfrtp_2_Q
          (removal check against rising-edge clock clk)
Path Group: asynchronous
Path Type: min

Fanout         Cap        Slew       Delay        Time   Description
---------------------------------------------------------------------------------------------
                                  0.000000    0.000000   clock clk (rise edge)
                                  0.000000    0.000000   clock network delay (propagated)
                                  6.000000    6.000000 v input external delay
     1    0.002600    0.008162    0.004098    6.004098 v reset (in)
                                                         reset (net)
                      0.008162    0.000000    6.004098 v input1/A (sky130_fd_sc_hd__clkbuf_1)
     1    0.003553    0.030320    0.075820    6.079918 v input1/X (sky130_fd_sc_hd__clkbuf_1)
                                                         net1 (net)
                      0.030320    0.000103    6.080021 v fanout35/A (sky130_fd_sc_hd__clkbuf_4)
     5    0.065736    0.134001    0.219853    6.299875 v fanout35/X (sky130_fd_sc_hd__clkbuf_4)
                                                         net35 (net)
                      0.134045    0.002048    6.301922 v fanout28/A (sky130_fd_sc_hd__clkbuf_4)
     5    0.057151    0.118514    0.252511    6.554433 v fanout28/X (sky130_fd_sc_hd__clkbuf_4)
                                                         net28 (net)
                      0.118531    0.001224    6.555657 v fanout27/A (sky130_fd_sc_hd__clkbuf_4)
     6    0.048647    0.105912    0.235986    6.791644 v fanout27/X (sky130_fd_sc_hd__clkbuf_4)
                                                         net27 (net)
                      0.105918    0.000986    6.792630 v fanout26/A (sky130_fd_sc_hd__buf_4)
    10    0.070304    0.096181    0.229690    7.022320 v fanout26/X (sky130_fd_sc_hd__buf_4)
                                                         net26 (net)
                      0.096214    0.001759    7.024080 v filter.x_in[9]_sky130_fd_sc_hd__dfrtp_2_Q_RESET_B_sky130_fd_sc_hd__inv_2_Y/A (sky130_fd_sc_hd__inv_2)
     1    0.004107    0.037347    0.063977    7.088057 ^ filter.x_in[9]_sky130_fd_sc_hd__dfrtp_2_Q_RESET_B_sky130_fd_sc_hd__inv_2_Y/Y (sky130_fd_sc_hd__inv_2)
                                                         filter.x_in[9]_sky130_fd_sc_hd__dfrtp_2_Q_RESET_B (net)
                      0.037347    0.000084    7.088140 ^ filter.x_in[9]_sky130_fd_sc_hd__dfrtp_2_Q/RESET_B (sky130_fd_sc_hd__dfrtp_1)
                                              7.088140   data arrival time

                                  0.000000    0.000000   clock clk (rise edge)
                                  0.000000    0.000000   clock source latency
     1    0.041337    0.190682    0.135170    0.135170 ^ clk (in)
                                                         clk (net)
                      0.191051    0.000000    0.135170 ^ clkbuf_0_clk/A (sky130_fd_sc_hd__clkbuf_16)
     8    0.135034    0.148108    0.254199    0.389369 ^ clkbuf_0_clk/X (sky130_fd_sc_hd__clkbuf_16)
                                                         clknet_0_clk (net)
                      0.149539    0.011588    0.400956 ^ clkbuf_3_1__f_clk/A (sky130_fd_sc_hd__clkbuf_16)
    12    0.057231    0.076120    0.190515    0.591471 ^ clkbuf_3_1__f_clk/X (sky130_fd_sc_hd__clkbuf_16)
                                                         clknet_3_1__leaf_clk (net)
                      0.076213    0.002337    0.593808 ^ filter.x_in[9]_sky130_fd_sc_hd__dfrtp_2_Q/CLK (sky130_fd_sc_hd__dfrtp_1)
                                  0.250000    0.843808   clock uncertainty
                                  0.000000    0.843808   clock reconvergence pessimism
                                  0.326653    1.170460   library removal time
                                              1.170460   data required time
---------------------------------------------------------------------------------------------
                                              1.170460   data required time
                                             -7.088140   data arrival time
---------------------------------------------------------------------------------------------
                                              5.917680   slack (MET)


Startpoint: reset (input port clocked by clk)
Endpoint: spi_out.shift_reg[12]_sky130_fd_sc_hd__dfrtp_2_Q
          (removal check against rising-edge clock clk)
Path Group: asynchronous
Path Type: min

Fanout         Cap        Slew       Delay        Time   Description
---------------------------------------------------------------------------------------------
                                  0.000000    0.000000   clock clk (rise edge)
                                  0.000000    0.000000   clock network delay (propagated)
                                  6.000000    6.000000 v input external delay
     1    0.002600    0.008162    0.004098    6.004098 v reset (in)
                                                         reset (net)
                      0.008162    0.000000    6.004098 v input1/A (sky130_fd_sc_hd__clkbuf_1)
     1    0.003553    0.030320    0.075820    6.079918 v input1/X (sky130_fd_sc_hd__clkbuf_1)
                                                         net1 (net)
                      0.030320    0.000103    6.080021 v fanout35/A (sky130_fd_sc_hd__clkbuf_4)
     5    0.065736    0.134001    0.219853    6.299875 v fanout35/X (sky130_fd_sc_hd__clkbuf_4)
                                                         net35 (net)
                      0.134045    0.002048    6.301922 v fanout28/A (sky130_fd_sc_hd__clkbuf_4)
     5    0.057151    0.118514    0.252511    6.554433 v fanout28/X (sky130_fd_sc_hd__clkbuf_4)
                                                         net28 (net)
                      0.118531    0.001224    6.555657 v fanout27/A (sky130_fd_sc_hd__clkbuf_4)
     6    0.048647    0.105912    0.235986    6.791644 v fanout27/X (sky130_fd_sc_hd__clkbuf_4)
                                                         net27 (net)
                      0.105918    0.000986    6.792630 v fanout26/A (sky130_fd_sc_hd__buf_4)
    10    0.070304    0.096181    0.229690    7.022320 v fanout26/X (sky130_fd_sc_hd__buf_4)
                                                         net26 (net)
                      0.096224    0.001963    7.024283 v spi_out.shift_reg[12]_sky130_fd_sc_hd__dfrtp_2_Q_RESET_B_sky130_fd_sc_hd__inv_2_Y/A (sky130_fd_sc_hd__inv_2)
     1    0.004647    0.039298    0.066311    7.090594 ^ spi_out.shift_reg[12]_sky130_fd_sc_hd__dfrtp_2_Q_RESET_B_sky130_fd_sc_hd__inv_2_Y/Y (sky130_fd_sc_hd__inv_2)
                                                         spi_out.shift_reg[12]_sky130_fd_sc_hd__dfrtp_2_Q_RESET_B (net)
                      0.039298    0.000065    7.090659 ^ spi_out.shift_reg[12]_sky130_fd_sc_hd__dfrtp_2_Q/RESET_B (sky130_fd_sc_hd__dfrtp_1)
                                              7.090659   data arrival time

                                  0.000000    0.000000   clock clk (rise edge)
                                  0.000000    0.000000   clock source latency
     1    0.041337    0.190682    0.135170    0.135170 ^ clk (in)
                                                         clk (net)
                      0.191051    0.000000    0.135170 ^ clkbuf_0_clk/A (sky130_fd_sc_hd__clkbuf_16)
     8    0.135034    0.148108    0.254199    0.389369 ^ clkbuf_0_clk/X (sky130_fd_sc_hd__clkbuf_16)
                                                         clknet_0_clk (net)
                      0.149539    0.011588    0.400956 ^ clkbuf_3_1__f_clk/A (sky130_fd_sc_hd__clkbuf_16)
    12    0.057231    0.076120    0.190515    0.591471 ^ clkbuf_3_1__f_clk/X (sky130_fd_sc_hd__clkbuf_16)
                                                         clknet_3_1__leaf_clk (net)
                      0.076132    0.001044    0.592515 ^ spi_out.shift_reg[12]_sky130_fd_sc_hd__dfrtp_2_Q/CLK (sky130_fd_sc_hd__dfrtp_1)
                                  0.250000    0.842515   clock uncertainty
                                  0.000000    0.842515   clock reconvergence pessimism
                                  0.327167    1.169682   library removal time
                                              1.169682   data required time
---------------------------------------------------------------------------------------------
                                              1.169682   data required time
                                             -7.090659   data arrival time
---------------------------------------------------------------------------------------------
                                              5.920977   slack (MET)


Startpoint: reset (input port clocked by clk)
Endpoint: spi_in.shift_reg[9]_sky130_fd_sc_hd__dfrtp_2_Q
          (removal check against rising-edge clock clk)
Path Group: asynchronous
Path Type: min

Fanout         Cap        Slew       Delay        Time   Description
---------------------------------------------------------------------------------------------
                                  0.000000    0.000000   clock clk (rise edge)
                                  0.000000    0.000000   clock network delay (propagated)
                                  6.000000    6.000000 v input external delay
     1    0.002600    0.008162    0.004098    6.004098 v reset (in)
                                                         reset (net)
                      0.008162    0.000000    6.004098 v input1/A (sky130_fd_sc_hd__clkbuf_1)
     1    0.003553    0.030320    0.075820    6.079918 v input1/X (sky130_fd_sc_hd__clkbuf_1)
                                                         net1 (net)
                      0.030320    0.000103    6.080021 v fanout35/A (sky130_fd_sc_hd__clkbuf_4)
     5    0.065736    0.134001    0.219853    6.299875 v fanout35/X (sky130_fd_sc_hd__clkbuf_4)
                                                         net35 (net)
                      0.134045    0.002048    6.301922 v fanout28/A (sky130_fd_sc_hd__clkbuf_4)
     5    0.057151    0.118514    0.252511    6.554433 v fanout28/X (sky130_fd_sc_hd__clkbuf_4)
                                                         net28 (net)
                      0.118531    0.001224    6.555657 v fanout27/A (sky130_fd_sc_hd__clkbuf_4)
     6    0.048647    0.105912    0.235986    6.791644 v fanout27/X (sky130_fd_sc_hd__clkbuf_4)
                                                         net27 (net)
                      0.105918    0.000986    6.792630 v fanout26/A (sky130_fd_sc_hd__buf_4)
    10    0.070304    0.096181    0.229690    7.022320 v fanout26/X (sky130_fd_sc_hd__buf_4)
                                                         net26 (net)
                      0.096254    0.002458    7.024778 v spi_in.shift_reg[9]_sky130_fd_sc_hd__dfrtp_2_Q_RESET_B_sky130_fd_sc_hd__inv_2_Y/A (sky130_fd_sc_hd__inv_2)
     1    0.003795    0.036121    0.062404    7.087182 ^ spi_in.shift_reg[9]_sky130_fd_sc_hd__dfrtp_2_Q_RESET_B_sky130_fd_sc_hd__inv_2_Y/Y (sky130_fd_sc_hd__inv_2)
                                                         spi_in.shift_reg[9]_sky130_fd_sc_hd__dfrtp_2_Q_RESET_B (net)
                      0.036121    0.000073    7.087255 ^ spi_in.shift_reg[9]_sky130_fd_sc_hd__dfrtp_2_Q/RESET_B (sky130_fd_sc_hd__dfrtp_1)
                                              7.087255   data arrival time

                                  0.000000    0.000000   clock clk (rise edge)
                                  0.000000    0.000000   clock source latency
     1    0.041337    0.190682    0.135170    0.135170 ^ clk (in)
                                                         clk (net)
                      0.191051    0.000000    0.135170 ^ clkbuf_0_clk/A (sky130_fd_sc_hd__clkbuf_16)
     8    0.135034    0.148108    0.254199    0.389369 ^ clkbuf_0_clk/X (sky130_fd_sc_hd__clkbuf_16)
                                                         clknet_0_clk (net)
                      0.150014    0.013331    0.402700 ^ clkbuf_3_0__f_clk/A (sky130_fd_sc_hd__clkbuf_16)
    10    0.041890    0.062027    0.179810    0.582510 ^ clkbuf_3_0__f_clk/X (sky130_fd_sc_hd__clkbuf_16)
                                                         clknet_3_0__leaf_clk (net)
                      0.062035    0.000736    0.583245 ^ spi_in.shift_reg[9]_sky130_fd_sc_hd__dfrtp_2_Q/CLK (sky130_fd_sc_hd__dfrtp_1)
                                  0.250000    0.833245   clock uncertainty
                                  0.000000    0.833245   clock reconvergence pessimism
                                  0.322450    1.155695   library removal time
                                              1.155695   data required time
---------------------------------------------------------------------------------------------
                                              1.155695   data required time
                                             -7.087255   data arrival time
---------------------------------------------------------------------------------------------
                                              5.931560   slack (MET)


Startpoint: reset (input port clocked by clk)
Endpoint: spi_in.shift_reg[11]_sky130_fd_sc_hd__dfrtp_2_Q
          (removal check against rising-edge clock clk)
Path Group: asynchronous
Path Type: min

Fanout         Cap        Slew       Delay        Time   Description
---------------------------------------------------------------------------------------------
                                  0.000000    0.000000   clock clk (rise edge)
                                  0.000000    0.000000   clock network delay (propagated)
                                  6.000000    6.000000 v input external delay
     1    0.002600    0.008162    0.004098    6.004098 v reset (in)
                                                         reset (net)
                      0.008162    0.000000    6.004098 v input1/A (sky130_fd_sc_hd__clkbuf_1)
     1    0.003553    0.030320    0.075820    6.079918 v input1/X (sky130_fd_sc_hd__clkbuf_1)
                                                         net1 (net)
                      0.030320    0.000103    6.080021 v fanout35/A (sky130_fd_sc_hd__clkbuf_4)
     5    0.065736    0.134001    0.219853    6.299875 v fanout35/X (sky130_fd_sc_hd__clkbuf_4)
                                                         net35 (net)
                      0.134045    0.002048    6.301922 v fanout28/A (sky130_fd_sc_hd__clkbuf_4)
     5    0.057151    0.118514    0.252511    6.554433 v fanout28/X (sky130_fd_sc_hd__clkbuf_4)
                                                         net28 (net)
                      0.118531    0.001224    6.555657 v fanout27/A (sky130_fd_sc_hd__clkbuf_4)
     6    0.048647    0.105912    0.235986    6.791644 v fanout27/X (sky130_fd_sc_hd__clkbuf_4)
                                                         net27 (net)
                      0.105918    0.000986    6.792630 v fanout26/A (sky130_fd_sc_hd__buf_4)
    10    0.070304    0.096181    0.229690    7.022320 v fanout26/X (sky130_fd_sc_hd__buf_4)
                                                         net26 (net)
                      0.096346    0.003513    7.025833 v spi_in.shift_reg[11]_sky130_fd_sc_hd__dfrtp_2_Q_RESET_B_sky130_fd_sc_hd__inv_2_Y/A (sky130_fd_sc_hd__inv_2)
     1    0.003854    0.036372    0.062738    7.088571 ^ spi_in.shift_reg[11]_sky130_fd_sc_hd__dfrtp_2_Q_RESET_B_sky130_fd_sc_hd__inv_2_Y/Y (sky130_fd_sc_hd__inv_2)
                                                         spi_in.shift_reg[11]_sky130_fd_sc_hd__dfrtp_2_Q_RESET_B (net)
                      0.036372    0.000075    7.088645 ^ spi_in.shift_reg[11]_sky130_fd_sc_hd__dfrtp_2_Q/RESET_B (sky130_fd_sc_hd__dfrtp_1)
                                              7.088645   data arrival time

                                  0.000000    0.000000   clock clk (rise edge)
                                  0.000000    0.000000   clock source latency
     1    0.041337    0.190682    0.135170    0.135170 ^ clk (in)
                                                         clk (net)
                      0.191051    0.000000    0.135170 ^ clkbuf_0_clk/A (sky130_fd_sc_hd__clkbuf_16)
     8    0.135034    0.148108    0.254199    0.389369 ^ clkbuf_0_clk/X (sky130_fd_sc_hd__clkbuf_16)
                                                         clknet_0_clk (net)
                      0.150014    0.013331    0.402700 ^ clkbuf_3_0__f_clk/A (sky130_fd_sc_hd__clkbuf_16)
    10    0.041890    0.062027    0.179810    0.582510 ^ clkbuf_3_0__f_clk/X (sky130_fd_sc_hd__clkbuf_16)
                                                         clknet_3_0__leaf_clk (net)
                      0.062062    0.001284    0.583793 ^ spi_in.shift_reg[11]_sky130_fd_sc_hd__dfrtp_2_Q/CLK (sky130_fd_sc_hd__dfrtp_1)
                                  0.250000    0.833793   clock uncertainty
                                  0.000000    0.833793   clock reconvergence pessimism
                                  0.322527    1.156320   library removal time
                                              1.156320   data required time
---------------------------------------------------------------------------------------------
                                              1.156320   data required time
                                             -7.088645   data arrival time
---------------------------------------------------------------------------------------------
                                              5.932325   slack (MET)


Startpoint: reset (input port clocked by clk)
Endpoint: filter.x_in[10]_sky130_fd_sc_hd__dfrtp_2_Q
          (removal check against rising-edge clock clk)
Path Group: asynchronous
Path Type: min

Fanout         Cap        Slew       Delay        Time   Description
---------------------------------------------------------------------------------------------
                                  0.000000    0.000000   clock clk (rise edge)
                                  0.000000    0.000000   clock network delay (propagated)
                                  6.000000    6.000000 v input external delay
     1    0.002600    0.008162    0.004098    6.004098 v reset (in)
                                                         reset (net)
                      0.008162    0.000000    6.004098 v input1/A (sky130_fd_sc_hd__clkbuf_1)
     1    0.003553    0.030320    0.075820    6.079918 v input1/X (sky130_fd_sc_hd__clkbuf_1)
                                                         net1 (net)
                      0.030320    0.000103    6.080021 v fanout35/A (sky130_fd_sc_hd__clkbuf_4)
     5    0.065736    0.134001    0.219853    6.299875 v fanout35/X (sky130_fd_sc_hd__clkbuf_4)
                                                         net35 (net)
                      0.134045    0.002048    6.301922 v fanout28/A (sky130_fd_sc_hd__clkbuf_4)
     5    0.057151    0.118514    0.252511    6.554433 v fanout28/X (sky130_fd_sc_hd__clkbuf_4)
                                                         net28 (net)
                      0.118531    0.001224    6.555657 v fanout27/A (sky130_fd_sc_hd__clkbuf_4)
     6    0.048647    0.105912    0.235986    6.791644 v fanout27/X (sky130_fd_sc_hd__clkbuf_4)
                                                         net27 (net)
                      0.105918    0.000986    6.792630 v fanout26/A (sky130_fd_sc_hd__buf_4)
    10    0.070304    0.096181    0.229690    7.022320 v fanout26/X (sky130_fd_sc_hd__buf_4)
                                                         net26 (net)
                      0.096325    0.003303    7.025623 v filter.x_in[10]_sky130_fd_sc_hd__dfrtp_2_Q_RESET_B_sky130_fd_sc_hd__inv_2_Y/A (sky130_fd_sc_hd__inv_2)
     1    0.003881    0.036476    0.062871    7.088494 ^ filter.x_in[10]_sky130_fd_sc_hd__dfrtp_2_Q_RESET_B_sky130_fd_sc_hd__inv_2_Y/Y (sky130_fd_sc_hd__inv_2)
                                                         filter.x_in[10]_sky130_fd_sc_hd__dfrtp_2_Q_RESET_B (net)
                      0.036476    0.000077    7.088571 ^ filter.x_in[10]_sky130_fd_sc_hd__dfrtp_2_Q/RESET_B (sky130_fd_sc_hd__dfrtp_1)
                                              7.088571   data arrival time

                                  0.000000    0.000000   clock clk (rise edge)
                                  0.000000    0.000000   clock source latency
     1    0.041337    0.190682    0.135170    0.135170 ^ clk (in)
                                                         clk (net)
                      0.191051    0.000000    0.135170 ^ clkbuf_0_clk/A (sky130_fd_sc_hd__clkbuf_16)
     8    0.135034    0.148108    0.254199    0.389369 ^ clkbuf_0_clk/X (sky130_fd_sc_hd__clkbuf_16)
                                                         clknet_0_clk (net)
                      0.150014    0.013331    0.402700 ^ clkbuf_3_0__f_clk/A (sky130_fd_sc_hd__clkbuf_16)
    10    0.041890    0.062027    0.179810    0.582510 ^ clkbuf_3_0__f_clk/X (sky130_fd_sc_hd__clkbuf_16)
                                                         clknet_3_0__leaf_clk (net)
                      0.062036    0.000760    0.583269 ^ filter.x_in[10]_sky130_fd_sc_hd__dfrtp_2_Q/CLK (sky130_fd_sc_hd__dfrtp_1)
                                  0.250000    0.833269   clock uncertainty
                                  0.000000    0.833269   clock reconvergence pessimism
                                  0.322548    1.155817   library removal time
                                              1.155817   data required time
---------------------------------------------------------------------------------------------
                                              1.155817   data required time
                                             -7.088571   data arrival time
---------------------------------------------------------------------------------------------
                                              5.932754   slack (MET)


Startpoint: reset (input port clocked by clk)
Endpoint: spi_out.shift_reg[10]_sky130_fd_sc_hd__dfrtp_2_Q
          (removal check against rising-edge clock clk)
Path Group: asynchronous
Path Type: min

Fanout         Cap        Slew       Delay        Time   Description
---------------------------------------------------------------------------------------------
                                  0.000000    0.000000   clock clk (rise edge)
                                  0.000000    0.000000   clock network delay (propagated)
                                  6.000000    6.000000 v input external delay
     1    0.002600    0.008162    0.004098    6.004098 v reset (in)
                                                         reset (net)
                      0.008162    0.000000    6.004098 v input1/A (sky130_fd_sc_hd__clkbuf_1)
     1    0.003553    0.030320    0.075820    6.079918 v input1/X (sky130_fd_sc_hd__clkbuf_1)
                                                         net1 (net)
                      0.030320    0.000103    6.080021 v fanout35/A (sky130_fd_sc_hd__clkbuf_4)
     5    0.065736    0.134001    0.219853    6.299875 v fanout35/X (sky130_fd_sc_hd__clkbuf_4)
                                                         net35 (net)
                      0.134045    0.002048    6.301922 v fanout28/A (sky130_fd_sc_hd__clkbuf_4)
     5    0.057151    0.118514    0.252511    6.554433 v fanout28/X (sky130_fd_sc_hd__clkbuf_4)
                                                         net28 (net)
                      0.118531    0.001224    6.555657 v fanout27/A (sky130_fd_sc_hd__clkbuf_4)
     6    0.048647    0.105912    0.235986    6.791644 v fanout27/X (sky130_fd_sc_hd__clkbuf_4)
                                                         net27 (net)
                      0.105918    0.000986    6.792630 v fanout26/A (sky130_fd_sc_hd__buf_4)
    10    0.070304    0.096181    0.229690    7.022320 v fanout26/X (sky130_fd_sc_hd__buf_4)
                                                         net26 (net)
                      0.096326    0.003318    7.025638 v spi_out.shift_reg[10]_sky130_fd_sc_hd__dfrtp_2_Q_RESET_B_sky130_fd_sc_hd__inv_2_Y/A (sky130_fd_sc_hd__inv_2)
     1    0.004043    0.037116    0.063695    7.089334 ^ spi_out.shift_reg[10]_sky130_fd_sc_hd__dfrtp_2_Q_RESET_B_sky130_fd_sc_hd__inv_2_Y/Y (sky130_fd_sc_hd__inv_2)
                                                         spi_out.shift_reg[10]_sky130_fd_sc_hd__dfrtp_2_Q_RESET_B (net)
                      0.037116    0.000080    7.089414 ^ spi_out.shift_reg[10]_sky130_fd_sc_hd__dfrtp_2_Q/RESET_B (sky130_fd_sc_hd__dfrtp_1)
                                              7.089414   data arrival time

                                  0.000000    0.000000   clock clk (rise edge)
                                  0.000000    0.000000   clock source latency
     1    0.041337    0.190682    0.135170    0.135170 ^ clk (in)
                                                         clk (net)
                      0.191051    0.000000    0.135170 ^ clkbuf_0_clk/A (sky130_fd_sc_hd__clkbuf_16)
     8    0.135034    0.148108    0.254199    0.389369 ^ clkbuf_0_clk/X (sky130_fd_sc_hd__clkbuf_16)
                                                         clknet_0_clk (net)
                      0.150014    0.013331    0.402700 ^ clkbuf_3_0__f_clk/A (sky130_fd_sc_hd__clkbuf_16)
    10    0.041890    0.062027    0.179810    0.582510 ^ clkbuf_3_0__f_clk/X (sky130_fd_sc_hd__clkbuf_16)
                                                         clknet_3_0__leaf_clk (net)
                      0.062063    0.001299    0.583808 ^ spi_out.shift_reg[10]_sky130_fd_sc_hd__dfrtp_2_Q/CLK (sky130_fd_sc_hd__dfrtp_1)
                                  0.250000    0.833808   clock uncertainty
                                  0.000000    0.833808   clock reconvergence pessimism
                                  0.322732    1.156540   library removal time
                                              1.156540   data required time
---------------------------------------------------------------------------------------------
                                              1.156540   data required time
                                             -7.089414   data arrival time
---------------------------------------------------------------------------------------------
                                              5.932874   slack (MET)


Startpoint: reset (input port clocked by clk)
Endpoint: spi_out.shift_reg[9]_sky130_fd_sc_hd__dfrtp_2_Q
          (removal check against rising-edge clock clk)
Path Group: asynchronous
Path Type: min

Fanout         Cap        Slew       Delay        Time   Description
---------------------------------------------------------------------------------------------
                                  0.000000    0.000000   clock clk (rise edge)
                                  0.000000    0.000000   clock network delay (propagated)
                                  6.000000    6.000000 v input external delay
     1    0.002600    0.008162    0.004098    6.004098 v reset (in)
                                                         reset (net)
                      0.008162    0.000000    6.004098 v input1/A (sky130_fd_sc_hd__clkbuf_1)
     1    0.003553    0.030320    0.075820    6.079918 v input1/X (sky130_fd_sc_hd__clkbuf_1)
                                                         net1 (net)
                      0.030320    0.000103    6.080021 v fanout35/A (sky130_fd_sc_hd__clkbuf_4)
     5    0.065736    0.134001    0.219853    6.299875 v fanout35/X (sky130_fd_sc_hd__clkbuf_4)
                                                         net35 (net)
                      0.134045    0.002048    6.301922 v fanout28/A (sky130_fd_sc_hd__clkbuf_4)
     5    0.057151    0.118514    0.252511    6.554433 v fanout28/X (sky130_fd_sc_hd__clkbuf_4)
                                                         net28 (net)
                      0.118531    0.001224    6.555657 v fanout27/A (sky130_fd_sc_hd__clkbuf_4)
     6    0.048647    0.105912    0.235986    6.791644 v fanout27/X (sky130_fd_sc_hd__clkbuf_4)
                                                         net27 (net)
                      0.105918    0.000986    6.792630 v fanout26/A (sky130_fd_sc_hd__buf_4)
    10    0.070304    0.096181    0.229690    7.022320 v fanout26/X (sky130_fd_sc_hd__buf_4)
                                                         net26 (net)
                      0.096326    0.003309    7.025629 v spi_out.shift_reg[9]_sky130_fd_sc_hd__dfrtp_2_Q_RESET_B_sky130_fd_sc_hd__inv_2_Y/A (sky130_fd_sc_hd__inv_2)
     1    0.004088    0.037297    0.063924    7.089553 ^ spi_out.shift_reg[9]_sky130_fd_sc_hd__dfrtp_2_Q_RESET_B_sky130_fd_sc_hd__inv_2_Y/Y (sky130_fd_sc_hd__inv_2)
                                                         spi_out.shift_reg[9]_sky130_fd_sc_hd__dfrtp_2_Q_RESET_B (net)
                      0.037297    0.000084    7.089638 ^ spi_out.shift_reg[9]_sky130_fd_sc_hd__dfrtp_2_Q/RESET_B (sky130_fd_sc_hd__dfrtp_1)
                                              7.089638   data arrival time

                                  0.000000    0.000000   clock clk (rise edge)
                                  0.000000    0.000000   clock source latency
     1    0.041337    0.190682    0.135170    0.135170 ^ clk (in)
                                                         clk (net)
                      0.191051    0.000000    0.135170 ^ clkbuf_0_clk/A (sky130_fd_sc_hd__clkbuf_16)
     8    0.135034    0.148108    0.254199    0.389369 ^ clkbuf_0_clk/X (sky130_fd_sc_hd__clkbuf_16)
                                                         clknet_0_clk (net)
                      0.150014    0.013331    0.402700 ^ clkbuf_3_0__f_clk/A (sky130_fd_sc_hd__clkbuf_16)
    10    0.041890    0.062027    0.179810    0.582510 ^ clkbuf_3_0__f_clk/X (sky130_fd_sc_hd__clkbuf_16)
                                                         clknet_3_0__leaf_clk (net)
                      0.062072    0.001436    0.583946 ^ spi_out.shift_reg[9]_sky130_fd_sc_hd__dfrtp_2_Q/CLK (sky130_fd_sc_hd__dfrtp_1)
                                  0.250000    0.833946   clock uncertainty
                                  0.000000    0.833946   clock reconvergence pessimism
                                  0.322784    1.156730   library removal time
                                              1.156730   data required time
---------------------------------------------------------------------------------------------
                                              1.156730   data required time
                                             -7.089638   data arrival time
---------------------------------------------------------------------------------------------
                                              5.932908   slack (MET)


Startpoint: reset (input port clocked by clk)
Endpoint: spi_in.shift_reg[10]_sky130_fd_sc_hd__dfrtp_2_Q
          (removal check against rising-edge clock clk)
Path Group: asynchronous
Path Type: min

Fanout         Cap        Slew       Delay        Time   Description
---------------------------------------------------------------------------------------------
                                  0.000000    0.000000   clock clk (rise edge)
                                  0.000000    0.000000   clock network delay (propagated)
                                  6.000000    6.000000 v input external delay
     1    0.002600    0.008162    0.004098    6.004098 v reset (in)
                                                         reset (net)
                      0.008162    0.000000    6.004098 v input1/A (sky130_fd_sc_hd__clkbuf_1)
     1    0.003553    0.030320    0.075820    6.079918 v input1/X (sky130_fd_sc_hd__clkbuf_1)
                                                         net1 (net)
                      0.030320    0.000103    6.080021 v fanout35/A (sky130_fd_sc_hd__clkbuf_4)
     5    0.065736    0.134001    0.219853    6.299875 v fanout35/X (sky130_fd_sc_hd__clkbuf_4)
                                                         net35 (net)
                      0.134045    0.002048    6.301922 v fanout28/A (sky130_fd_sc_hd__clkbuf_4)
     5    0.057151    0.118514    0.252511    6.554433 v fanout28/X (sky130_fd_sc_hd__clkbuf_4)
                                                         net28 (net)
                      0.118531    0.001224    6.555657 v fanout27/A (sky130_fd_sc_hd__clkbuf_4)
     6    0.048647    0.105912    0.235986    6.791644 v fanout27/X (sky130_fd_sc_hd__clkbuf_4)
                                                         net27 (net)
                      0.105918    0.000986    6.792630 v fanout26/A (sky130_fd_sc_hd__buf_4)
    10    0.070304    0.096181    0.229690    7.022320 v fanout26/X (sky130_fd_sc_hd__buf_4)
                                                         net26 (net)
                      0.096360    0.003642    7.025962 v spi_in.shift_reg[10]_sky130_fd_sc_hd__dfrtp_2_Q_RESET_B_sky130_fd_sc_hd__inv_2_Y/A (sky130_fd_sc_hd__inv_2)
     1    0.003887    0.036506    0.062912    7.088874 ^ spi_in.shift_reg[10]_sky130_fd_sc_hd__dfrtp_2_Q_RESET_B_sky130_fd_sc_hd__inv_2_Y/Y (sky130_fd_sc_hd__inv_2)
                                                         spi_in.shift_reg[10]_sky130_fd_sc_hd__dfrtp_2_Q_RESET_B (net)
                      0.036506    0.000077    7.088951 ^ spi_in.shift_reg[10]_sky130_fd_sc_hd__dfrtp_2_Q/RESET_B (sky130_fd_sc_hd__dfrtp_1)
                                              7.088951   data arrival time

                                  0.000000    0.000000   clock clk (rise edge)
                                  0.000000    0.000000   clock source latency
     1    0.041337    0.190682    0.135170    0.135170 ^ clk (in)
                                                         clk (net)
                      0.191051    0.000000    0.135170 ^ clkbuf_0_clk/A (sky130_fd_sc_hd__clkbuf_16)
     8    0.135034    0.148108    0.254199    0.389369 ^ clkbuf_0_clk/X (sky130_fd_sc_hd__clkbuf_16)
                                                         clknet_0_clk (net)
                      0.150014    0.013331    0.402700 ^ clkbuf_3_0__f_clk/A (sky130_fd_sc_hd__clkbuf_16)
    10    0.041890    0.062027    0.179810    0.582510 ^ clkbuf_3_0__f_clk/X (sky130_fd_sc_hd__clkbuf_16)
                                                         clknet_3_0__leaf_clk (net)
                      0.062038    0.000827    0.583336 ^ spi_in.shift_reg[10]_sky130_fd_sc_hd__dfrtp_2_Q/CLK (sky130_fd_sc_hd__dfrtp_1)
                                  0.250000    0.833336   clock uncertainty
                                  0.000000    0.833336   clock reconvergence pessimism
                                  0.322557    1.155893   library removal time
                                              1.155893   data required time
---------------------------------------------------------------------------------------------
                                              1.155893   data required time
                                             -7.088951   data arrival time
---------------------------------------------------------------------------------------------
                                              5.933058   slack (MET)


Startpoint: reset (input port clocked by clk)
Endpoint: spi_out.shift_reg[11]_sky130_fd_sc_hd__dfrtp_2_Q
          (removal check against rising-edge clock clk)
Path Group: asynchronous
Path Type: min

Fanout         Cap        Slew       Delay        Time   Description
---------------------------------------------------------------------------------------------
                                  0.000000    0.000000   clock clk (rise edge)
                                  0.000000    0.000000   clock network delay (propagated)
                                  6.000000    6.000000 v input external delay
     1    0.002600    0.008162    0.004098    6.004098 v reset (in)
                                                         reset (net)
                      0.008162    0.000000    6.004098 v input1/A (sky130_fd_sc_hd__clkbuf_1)
     1    0.003553    0.030320    0.075820    6.079918 v input1/X (sky130_fd_sc_hd__clkbuf_1)
                                                         net1 (net)
                      0.030320    0.000103    6.080021 v fanout35/A (sky130_fd_sc_hd__clkbuf_4)
     5    0.065736    0.134001    0.219853    6.299875 v fanout35/X (sky130_fd_sc_hd__clkbuf_4)
                                                         net35 (net)
                      0.134045    0.002048    6.301922 v fanout28/A (sky130_fd_sc_hd__clkbuf_4)
     5    0.057151    0.118514    0.252511    6.554433 v fanout28/X (sky130_fd_sc_hd__clkbuf_4)
                                                         net28 (net)
                      0.118531    0.001224    6.555657 v fanout27/A (sky130_fd_sc_hd__clkbuf_4)
     6    0.048647    0.105912    0.235986    6.791644 v fanout27/X (sky130_fd_sc_hd__clkbuf_4)
                                                         net27 (net)
                      0.105918    0.000986    6.792630 v fanout26/A (sky130_fd_sc_hd__buf_4)
    10    0.070304    0.096181    0.229690    7.022320 v fanout26/X (sky130_fd_sc_hd__buf_4)
                                                         net26 (net)
                      0.096280    0.002798    7.025118 v spi_out.shift_reg[11]_sky130_fd_sc_hd__dfrtp_2_Q_RESET_B_sky130_fd_sc_hd__inv_2_Y/A (sky130_fd_sc_hd__inv_2)
     1    0.004401    0.038523    0.065449    7.090568 ^ spi_out.shift_reg[11]_sky130_fd_sc_hd__dfrtp_2_Q_RESET_B_sky130_fd_sc_hd__inv_2_Y/Y (sky130_fd_sc_hd__inv_2)
                                                         spi_out.shift_reg[11]_sky130_fd_sc_hd__dfrtp_2_Q_RESET_B (net)
                      0.038523    0.000091    7.090659 ^ spi_out.shift_reg[11]_sky130_fd_sc_hd__dfrtp_2_Q/RESET_B (sky130_fd_sc_hd__dfrtp_1)
                                              7.090659   data arrival time

                                  0.000000    0.000000   clock clk (rise edge)
                                  0.000000    0.000000   clock source latency
     1    0.041337    0.190682    0.135170    0.135170 ^ clk (in)
                                                         clk (net)
                      0.191051    0.000000    0.135170 ^ clkbuf_0_clk/A (sky130_fd_sc_hd__clkbuf_16)
     8    0.135034    0.148108    0.254199    0.389369 ^ clkbuf_0_clk/X (sky130_fd_sc_hd__clkbuf_16)
                                                         clknet_0_clk (net)
                      0.150014    0.013331    0.402700 ^ clkbuf_3_0__f_clk/A (sky130_fd_sc_hd__clkbuf_16)
    10    0.041890    0.062027    0.179810    0.582510 ^ clkbuf_3_0__f_clk/X (sky130_fd_sc_hd__clkbuf_16)
                                                         clknet_3_0__leaf_clk (net)
                      0.062031    0.000602    0.583111 ^ spi_out.shift_reg[11]_sky130_fd_sc_hd__dfrtp_2_Q/CLK (sky130_fd_sc_hd__dfrtp_1)
                                  0.250000    0.833111   clock uncertainty
                                  0.000000    0.833111   clock reconvergence pessimism
                                  0.323110    1.156221   library removal time
                                              1.156221   data required time
---------------------------------------------------------------------------------------------
                                              1.156221   data required time
                                             -7.090659   data arrival time
---------------------------------------------------------------------------------------------
                                              5.934438   slack (MET)


Startpoint: reset (input port clocked by clk)
Endpoint: filter.x_in[11]_sky130_fd_sc_hd__dfrtp_2_Q
          (removal check against rising-edge clock clk)
Path Group: asynchronous
Path Type: min

Fanout         Cap        Slew       Delay        Time   Description
---------------------------------------------------------------------------------------------
                                  0.000000    0.000000   clock clk (rise edge)
                                  0.000000    0.000000   clock network delay (propagated)
                                  6.000000    6.000000 v input external delay
     1    0.002600    0.008162    0.004098    6.004098 v reset (in)
                                                         reset (net)
                      0.008162    0.000000    6.004098 v input1/A (sky130_fd_sc_hd__clkbuf_1)
     1    0.003553    0.030320    0.075820    6.079918 v input1/X (sky130_fd_sc_hd__clkbuf_1)
                                                         net1 (net)
                      0.030320    0.000103    6.080021 v fanout35/A (sky130_fd_sc_hd__clkbuf_4)
     5    0.065736    0.134001    0.219853    6.299875 v fanout35/X (sky130_fd_sc_hd__clkbuf_4)
                                                         net35 (net)
                      0.134045    0.002048    6.301922 v fanout28/A (sky130_fd_sc_hd__clkbuf_4)
     5    0.057151    0.118514    0.252511    6.554433 v fanout28/X (sky130_fd_sc_hd__clkbuf_4)
                                                         net28 (net)
                      0.118531    0.001224    6.555657 v fanout27/A (sky130_fd_sc_hd__clkbuf_4)
     6    0.048647    0.105912    0.235986    6.791644 v fanout27/X (sky130_fd_sc_hd__clkbuf_4)
                                                         net27 (net)
                      0.105918    0.000986    6.792630 v fanout26/A (sky130_fd_sc_hd__buf_4)
    10    0.070304    0.096181    0.229690    7.022320 v fanout26/X (sky130_fd_sc_hd__buf_4)
                                                         net26 (net)
                      0.096366    0.003696    7.026016 v filter.x_in[11]_sky130_fd_sc_hd__dfrtp_2_Q_RESET_B_sky130_fd_sc_hd__inv_2_Y/A (sky130_fd_sc_hd__inv_2)
     1    0.004491    0.038831    0.065812    7.091828 ^ filter.x_in[11]_sky130_fd_sc_hd__dfrtp_2_Q_RESET_B_sky130_fd_sc_hd__inv_2_Y/Y (sky130_fd_sc_hd__inv_2)
                                                         filter.x_in[11]_sky130_fd_sc_hd__dfrtp_2_Q_RESET_B (net)
                      0.038831    0.000062    7.091890 ^ filter.x_in[11]_sky130_fd_sc_hd__dfrtp_2_Q/RESET_B (sky130_fd_sc_hd__dfrtp_1)
                                              7.091890   data arrival time

                                  0.000000    0.000000   clock clk (rise edge)
                                  0.000000    0.000000   clock source latency
     1    0.041337    0.190682    0.135170    0.135170 ^ clk (in)
                                                         clk (net)
                      0.191051    0.000000    0.135170 ^ clkbuf_0_clk/A (sky130_fd_sc_hd__clkbuf_16)
     8    0.135034    0.148108    0.254199    0.389369 ^ clkbuf_0_clk/X (sky130_fd_sc_hd__clkbuf_16)
                                                         clknet_0_clk (net)
                      0.150014    0.013331    0.402700 ^ clkbuf_3_0__f_clk/A (sky130_fd_sc_hd__clkbuf_16)
    10    0.041890    0.062027    0.179810    0.582510 ^ clkbuf_3_0__f_clk/X (sky130_fd_sc_hd__clkbuf_16)
                                                         clknet_3_0__leaf_clk (net)
                      0.062062    0.001288    0.583798 ^ filter.x_in[11]_sky130_fd_sc_hd__dfrtp_2_Q/CLK (sky130_fd_sc_hd__dfrtp_1)
                                  0.250000    0.833798   clock uncertainty
                                  0.000000    0.833798   clock reconvergence pessimism
                                  0.323203    1.157001   library removal time
                                              1.157001   data required time
---------------------------------------------------------------------------------------------
                                              1.157001   data required time
                                             -7.091890   data arrival time
---------------------------------------------------------------------------------------------
                                              5.934890   slack (MET)


Startpoint: spi_miso_sky130_fd_sc_hd__dfrtp_2_Q
            (rising edge-triggered flip-flop clocked by clk)
Endpoint: spi_miso (output port clocked by clk)
Path Group: clk
Path Type: min

Fanout         Cap        Slew       Delay        Time   Description
---------------------------------------------------------------------------------------------
                                  0.000000    0.000000   clock clk (rise edge)
                                  0.000000    0.000000   clock source latency
     1    0.041337    0.190682    0.135170    0.135170 ^ clk (in)
                                                         clk (net)
                      0.191051    0.000000    0.135170 ^ clkbuf_0_clk/A (sky130_fd_sc_hd__clkbuf_16)
     8    0.135034    0.148108    0.254199    0.389369 ^ clkbuf_0_clk/X (sky130_fd_sc_hd__clkbuf_16)
                                                         clknet_0_clk (net)
                      0.149617    0.011890    0.401258 ^ clkbuf_3_4__f_clk/A (sky130_fd_sc_hd__clkbuf_16)
    13    0.055819    0.074782    0.189471    0.590730 ^ clkbuf_3_4__f_clk/X (sky130_fd_sc_hd__clkbuf_16)
                                                         clknet_3_4__leaf_clk (net)
                      0.075019    0.002814    0.593544 ^ spi_miso_sky130_fd_sc_hd__dfrtp_2_Q/CLK (sky130_fd_sc_hd__dfrtp_1)
     2    0.005504    0.065675    0.344449    0.937993 ^ spi_miso_sky130_fd_sc_hd__dfrtp_2_Q/Q (sky130_fd_sc_hd__dfrtp_1)
                                                         net5 (net)
                      0.065675    0.000140    0.938132 ^ output5/A (sky130_fd_sc_hd__buf_2)
     1    0.034194    0.169935    0.205418    1.143550 ^ output5/X (sky130_fd_sc_hd__buf_2)
                                                         spi_miso (net)
                      0.169936    0.000717    1.144267 ^ spi_miso (out)
                                              1.144267   data arrival time

                                  0.000000    0.000000   clock clk (rise edge)
                                  0.000000    0.000000   clock network delay (propagated)
                                  0.250000    0.250000   clock uncertainty
                                  0.000000    0.250000   clock reconvergence pessimism
                                 -6.000000   -5.750000   output external delay
                                             -5.750000   data required time
---------------------------------------------------------------------------------------------
                                             -5.750000   data required time
                                             -1.144267   data arrival time
---------------------------------------------------------------------------------------------
                                              6.894267   slack (MET)



