
===========================================================================
report_checks -path_delay max (Setup)
============================================================================
======================= nom_tt_025C_1v80 Corner ===================================

Startpoint: spi_sel (input port clocked by clk)
Endpoint: filter.x_in[15]_sky130_fd_sc_hd__dfrtp_2_Q
          (rising edge-triggered flip-flop clocked by clk)
Path Group: clk
Path Type: max

Fanout         Cap        Slew       Delay        Time   Description
---------------------------------------------------------------------------------------------
                                  0.000000    0.000000   clock clk (rise edge)
                                  0.000000    0.000000   clock network delay (propagated)
                                  6.000000    6.000000 v input external delay
     1    0.002629    0.008236    0.004124    6.004124 v spi_sel (in)
                                                         spi_sel (net)
                      0.008236    0.000000    6.004124 v input4/A (sky130_fd_sc_hd__buf_1)
     3    0.009908    0.063929    0.104394    6.108518 v input4/X (sky130_fd_sc_hd__buf_1)
                                                         net4 (net)
                      0.063929    0.000089    6.108606 v spi_sel_sky130_fd_sc_hd__nor3b_2_A/A (sky130_fd_sc_hd__nor3b_1)
     1    0.007664    0.288857    0.296124    6.404730 ^ spi_sel_sky130_fd_sc_hd__nor3b_2_A/Y (sky130_fd_sc_hd__nor3b_1)
                                                         spi_sel_sky130_fd_sc_hd__nor3b_2_A_Y (net)
                      0.288857    0.000141    6.404871 ^ fanout16/A (sky130_fd_sc_hd__clkbuf_8)
     9    0.068267    0.128747    0.268985    6.673856 ^ fanout16/X (sky130_fd_sc_hd__clkbuf_8)
                                                         net16 (net)
                      0.128747    0.000082    6.673938 ^ fanout15/A (sky130_fd_sc_hd__buf_4)
    10    0.055769    0.157969    0.226515    6.900453 ^ fanout15/X (sky130_fd_sc_hd__buf_4)
                                                         net15 (net)
                      0.157972    0.000998    6.901451 ^ spi_in.bit_cnt[1]_sky130_fd_sc_hd__and3_2_A/C (sky130_fd_sc_hd__and3_1)
     4    0.012523    0.134421    0.241467    7.142919 ^ spi_in.bit_cnt[1]_sky130_fd_sc_hd__and3_2_A/X (sky130_fd_sc_hd__and3_1)
                                                         spi_in.bit_cnt[1]_sky130_fd_sc_hd__and3_2_A_X (net)
                      0.134421    0.000056    7.142975 ^ spi_in.bit_cnt[3]_sky130_fd_sc_hd__and3_2_A/C (sky130_fd_sc_hd__and3_1)
     2    0.016738    0.172692    0.264717    7.407692 ^ spi_in.bit_cnt[3]_sky130_fd_sc_hd__and3_2_A/X (sky130_fd_sc_hd__and3_1)
                                                         spi_in.bit_cnt[3]_sky130_fd_sc_hd__and3_2_A_X (net)
                      0.172692    0.000624    7.408317 ^ fanout10/A (sky130_fd_sc_hd__clkbuf_8)
    10    0.074147    0.135906    0.242278    7.650594 ^ fanout10/X (sky130_fd_sc_hd__clkbuf_8)
                                                         net10 (net)
                      0.135940    0.002111    7.652705 ^ spi_in.shift_reg[14]_sky130_fd_sc_hd__mux2_1_A1/S (sky130_fd_sc_hd__mux2_1)
     1    0.003053    0.056560    0.334098    7.986804 v spi_in.shift_reg[14]_sky130_fd_sc_hd__mux2_1_A1/X (sky130_fd_sc_hd__mux2_1)
                                                         filter.x_in[15]_sky130_fd_sc_hd__dfrtp_2_Q_D (net)
                      0.056560    0.000017    7.986820 v filter.x_in[15]_sky130_fd_sc_hd__dfrtp_2_Q/D (sky130_fd_sc_hd__dfrtp_4)
                                              7.986820   data arrival time

                                 30.000000   30.000000   clock clk (rise edge)
                                  0.000000   30.000000   clock source latency
     1    0.028310    0.132872    0.092459   30.092459 ^ clk (in)
                                                         clk (net)
                      0.132912    0.000000   30.092459 ^ clkbuf_0_clk/A (sky130_fd_sc_hd__clkbuf_16)
     8    0.108967    0.123112    0.223171   30.315630 ^ clkbuf_0_clk/X (sky130_fd_sc_hd__clkbuf_16)
                                                         clknet_0_clk (net)
                      0.123417    0.004874   30.320505 ^ clkbuf_3_2__f_clk/A (sky130_fd_sc_hd__clkbuf_16)
     9    0.042714    0.062286    0.172658   30.493162 ^ clkbuf_3_2__f_clk/X (sky130_fd_sc_hd__clkbuf_16)
                                                         clknet_3_2__leaf_clk (net)
                      0.062286    0.000302   30.493465 ^ filter.x_in[15]_sky130_fd_sc_hd__dfrtp_2_Q/CLK (sky130_fd_sc_hd__dfrtp_4)
                                 -0.250000   30.243464   clock uncertainty
                                  0.000000   30.243464   clock reconvergence pessimism
                                 -0.115357   30.128107   library setup time
                                             30.128107   data required time
---------------------------------------------------------------------------------------------
                                             30.128107   data required time
                                             -7.986820   data arrival time
---------------------------------------------------------------------------------------------
                                             22.141287   slack (MET)


Startpoint: spi_sel (input port clocked by clk)
Endpoint: filter.x_in[3]_sky130_fd_sc_hd__dfrtp_2_Q
          (rising edge-triggered flip-flop clocked by clk)
Path Group: clk
Path Type: max

Fanout         Cap        Slew       Delay        Time   Description
---------------------------------------------------------------------------------------------
                                  0.000000    0.000000   clock clk (rise edge)
                                  0.000000    0.000000   clock network delay (propagated)
                                  6.000000    6.000000 v input external delay
     1    0.002629    0.008236    0.004124    6.004124 v spi_sel (in)
                                                         spi_sel (net)
                      0.008236    0.000000    6.004124 v input4/A (sky130_fd_sc_hd__buf_1)
     3    0.009908    0.063929    0.104394    6.108518 v input4/X (sky130_fd_sc_hd__buf_1)
                                                         net4 (net)
                      0.063929    0.000089    6.108606 v spi_sel_sky130_fd_sc_hd__nor3b_2_A/A (sky130_fd_sc_hd__nor3b_1)
     1    0.007664    0.288857    0.296124    6.404730 ^ spi_sel_sky130_fd_sc_hd__nor3b_2_A/Y (sky130_fd_sc_hd__nor3b_1)
                                                         spi_sel_sky130_fd_sc_hd__nor3b_2_A_Y (net)
                      0.288857    0.000141    6.404871 ^ fanout16/A (sky130_fd_sc_hd__clkbuf_8)
     9    0.068267    0.128747    0.268985    6.673856 ^ fanout16/X (sky130_fd_sc_hd__clkbuf_8)
                                                         net16 (net)
                      0.128747    0.000082    6.673938 ^ fanout15/A (sky130_fd_sc_hd__buf_4)
    10    0.055769    0.157969    0.226515    6.900453 ^ fanout15/X (sky130_fd_sc_hd__buf_4)
                                                         net15 (net)
                      0.157972    0.000998    6.901451 ^ spi_in.bit_cnt[1]_sky130_fd_sc_hd__and3_2_A/C (sky130_fd_sc_hd__and3_1)
     4    0.012523    0.134421    0.241467    7.142919 ^ spi_in.bit_cnt[1]_sky130_fd_sc_hd__and3_2_A/X (sky130_fd_sc_hd__and3_1)
                                                         spi_in.bit_cnt[1]_sky130_fd_sc_hd__and3_2_A_X (net)
                      0.134421    0.000056    7.142975 ^ spi_in.bit_cnt[3]_sky130_fd_sc_hd__and3_2_A/C (sky130_fd_sc_hd__and3_1)
     2    0.016738    0.172692    0.264717    7.407692 ^ spi_in.bit_cnt[3]_sky130_fd_sc_hd__and3_2_A/X (sky130_fd_sc_hd__and3_1)
                                                         spi_in.bit_cnt[3]_sky130_fd_sc_hd__and3_2_A_X (net)
                      0.172692    0.000068    7.407761 ^ fanout11/A (sky130_fd_sc_hd__buf_4)
     8    0.055473    0.157301    0.238065    7.645825 ^ fanout11/X (sky130_fd_sc_hd__buf_4)
                                                         net11 (net)
                      0.157309    0.001286    7.647111 ^ filter.x_in[3]_sky130_fd_sc_hd__mux2_1_A0/S (sky130_fd_sc_hd__mux2_1)
     1    0.002368    0.054263    0.330714    7.977826 v filter.x_in[3]_sky130_fd_sc_hd__mux2_1_A0/X (sky130_fd_sc_hd__mux2_1)
                                                         filter.x_in[3]_sky130_fd_sc_hd__dfrtp_2_Q_D (net)
                      0.054263    0.000005    7.977831 v filter.x_in[3]_sky130_fd_sc_hd__dfrtp_2_Q/D (sky130_fd_sc_hd__dfrtp_1)
                                              7.977831   data arrival time

                                 30.000000   30.000000   clock clk (rise edge)
                                  0.000000   30.000000   clock source latency
     1    0.028310    0.132872    0.092459   30.092459 ^ clk (in)
                                                         clk (net)
                      0.132912    0.000000   30.092459 ^ clkbuf_0_clk/A (sky130_fd_sc_hd__clkbuf_16)
     8    0.108967    0.123112    0.223171   30.315630 ^ clkbuf_0_clk/X (sky130_fd_sc_hd__clkbuf_16)
                                                         clknet_0_clk (net)
                      0.123134    0.001343   30.316973 ^ clkbuf_3_7__f_clk/A (sky130_fd_sc_hd__clkbuf_16)
     9    0.038153    0.058206    0.169123   30.486095 ^ clkbuf_3_7__f_clk/X (sky130_fd_sc_hd__clkbuf_16)
                                                         clknet_3_7__leaf_clk (net)
                      0.058211    0.000519   30.486614 ^ filter.x_in[3]_sky130_fd_sc_hd__dfrtp_2_Q/CLK (sky130_fd_sc_hd__dfrtp_1)
                                 -0.250000   30.236614   clock uncertainty
                                  0.000000   30.236614   clock reconvergence pessimism
                                 -0.115289   30.121325   library setup time
                                             30.121325   data required time
---------------------------------------------------------------------------------------------
                                             30.121325   data required time
                                             -7.977831   data arrival time
---------------------------------------------------------------------------------------------
                                             22.143494   slack (MET)


Startpoint: spi_sel (input port clocked by clk)
Endpoint: filter.x_in[10]_sky130_fd_sc_hd__dfrtp_2_Q
          (rising edge-triggered flip-flop clocked by clk)
Path Group: clk
Path Type: max

Fanout         Cap        Slew       Delay        Time   Description
---------------------------------------------------------------------------------------------
                                  0.000000    0.000000   clock clk (rise edge)
                                  0.000000    0.000000   clock network delay (propagated)
                                  6.000000    6.000000 v input external delay
     1    0.002629    0.008236    0.004124    6.004124 v spi_sel (in)
                                                         spi_sel (net)
                      0.008236    0.000000    6.004124 v input4/A (sky130_fd_sc_hd__buf_1)
     3    0.009908    0.063929    0.104394    6.108518 v input4/X (sky130_fd_sc_hd__buf_1)
                                                         net4 (net)
                      0.063929    0.000089    6.108606 v spi_sel_sky130_fd_sc_hd__nor3b_2_A/A (sky130_fd_sc_hd__nor3b_1)
     1    0.007664    0.288857    0.296124    6.404730 ^ spi_sel_sky130_fd_sc_hd__nor3b_2_A/Y (sky130_fd_sc_hd__nor3b_1)
                                                         spi_sel_sky130_fd_sc_hd__nor3b_2_A_Y (net)
                      0.288857    0.000141    6.404871 ^ fanout16/A (sky130_fd_sc_hd__clkbuf_8)
     9    0.068267    0.128747    0.268985    6.673856 ^ fanout16/X (sky130_fd_sc_hd__clkbuf_8)
                                                         net16 (net)
                      0.128747    0.000082    6.673938 ^ fanout15/A (sky130_fd_sc_hd__buf_4)
    10    0.055769    0.157969    0.226515    6.900453 ^ fanout15/X (sky130_fd_sc_hd__buf_4)
                                                         net15 (net)
                      0.157972    0.000998    6.901451 ^ spi_in.bit_cnt[1]_sky130_fd_sc_hd__and3_2_A/C (sky130_fd_sc_hd__and3_1)
     4    0.012523    0.134421    0.241467    7.142919 ^ spi_in.bit_cnt[1]_sky130_fd_sc_hd__and3_2_A/X (sky130_fd_sc_hd__and3_1)
                                                         spi_in.bit_cnt[1]_sky130_fd_sc_hd__and3_2_A_X (net)
                      0.134421    0.000056    7.142975 ^ spi_in.bit_cnt[3]_sky130_fd_sc_hd__and3_2_A/C (sky130_fd_sc_hd__and3_1)
     2    0.016738    0.172692    0.264717    7.407692 ^ spi_in.bit_cnt[3]_sky130_fd_sc_hd__and3_2_A/X (sky130_fd_sc_hd__and3_1)
                                                         spi_in.bit_cnt[3]_sky130_fd_sc_hd__and3_2_A_X (net)
                      0.172692    0.000624    7.408317 ^ fanout10/A (sky130_fd_sc_hd__clkbuf_8)
    10    0.074147    0.135906    0.242278    7.650594 ^ fanout10/X (sky130_fd_sc_hd__clkbuf_8)
                                                         net10 (net)
                      0.135918    0.001425    7.652019 ^ filter.x_in[10]_sky130_fd_sc_hd__mux2_1_A0/S (sky130_fd_sc_hd__mux2_1)
     1    0.002284    0.053790    0.326848    7.978867 v filter.x_in[10]_sky130_fd_sc_hd__mux2_1_A0/X (sky130_fd_sc_hd__mux2_1)
                                                         filter.x_in[10]_sky130_fd_sc_hd__dfrtp_2_Q_D (net)
                      0.053790    0.000004    7.978871 v filter.x_in[10]_sky130_fd_sc_hd__dfrtp_2_Q/D (sky130_fd_sc_hd__dfrtp_1)
                                              7.978871   data arrival time

                                 30.000000   30.000000   clock clk (rise edge)
                                  0.000000   30.000000   clock source latency
     1    0.028310    0.132872    0.092459   30.092459 ^ clk (in)
                                                         clk (net)
                      0.132912    0.000000   30.092459 ^ clkbuf_0_clk/A (sky130_fd_sc_hd__clkbuf_16)
     8    0.108967    0.123112    0.223171   30.315630 ^ clkbuf_0_clk/X (sky130_fd_sc_hd__clkbuf_16)
                                                         clknet_0_clk (net)
                      0.123305    0.003901   30.319530 ^ clkbuf_3_0__f_clk/A (sky130_fd_sc_hd__clkbuf_16)
    10    0.037145    0.057367    0.168555   30.488087 ^ clkbuf_3_0__f_clk/X (sky130_fd_sc_hd__clkbuf_16)
                                                         clknet_3_0__leaf_clk (net)
                      0.057367    0.000078   30.488165 ^ filter.x_in[10]_sky130_fd_sc_hd__dfrtp_2_Q/CLK (sky130_fd_sc_hd__dfrtp_1)
                                 -0.250000   30.238163   clock uncertainty
                                  0.000000   30.238163   clock reconvergence pessimism
                                 -0.115276   30.122889   library setup time
                                             30.122889   data required time
---------------------------------------------------------------------------------------------
                                             30.122889   data required time
                                             -7.978871   data arrival time
---------------------------------------------------------------------------------------------
                                             22.144016   slack (MET)


Startpoint: spi_sel (input port clocked by clk)
Endpoint: filter.x_in[12]_sky130_fd_sc_hd__dfrtp_2_Q
          (rising edge-triggered flip-flop clocked by clk)
Path Group: clk
Path Type: max

Fanout         Cap        Slew       Delay        Time   Description
---------------------------------------------------------------------------------------------
                                  0.000000    0.000000   clock clk (rise edge)
                                  0.000000    0.000000   clock network delay (propagated)
                                  6.000000    6.000000 v input external delay
     1    0.002629    0.008236    0.004124    6.004124 v spi_sel (in)
                                                         spi_sel (net)
                      0.008236    0.000000    6.004124 v input4/A (sky130_fd_sc_hd__buf_1)
     3    0.009908    0.063929    0.104394    6.108518 v input4/X (sky130_fd_sc_hd__buf_1)
                                                         net4 (net)
                      0.063929    0.000089    6.108606 v spi_sel_sky130_fd_sc_hd__nor3b_2_A/A (sky130_fd_sc_hd__nor3b_1)
     1    0.007664    0.288857    0.296124    6.404730 ^ spi_sel_sky130_fd_sc_hd__nor3b_2_A/Y (sky130_fd_sc_hd__nor3b_1)
                                                         spi_sel_sky130_fd_sc_hd__nor3b_2_A_Y (net)
                      0.288857    0.000141    6.404871 ^ fanout16/A (sky130_fd_sc_hd__clkbuf_8)
     9    0.068267    0.128747    0.268985    6.673856 ^ fanout16/X (sky130_fd_sc_hd__clkbuf_8)
                                                         net16 (net)
                      0.128747    0.000082    6.673938 ^ fanout15/A (sky130_fd_sc_hd__buf_4)
    10    0.055769    0.157969    0.226515    6.900453 ^ fanout15/X (sky130_fd_sc_hd__buf_4)
                                                         net15 (net)
                      0.157972    0.000998    6.901451 ^ spi_in.bit_cnt[1]_sky130_fd_sc_hd__and3_2_A/C (sky130_fd_sc_hd__and3_1)
     4    0.012523    0.134421    0.241467    7.142919 ^ spi_in.bit_cnt[1]_sky130_fd_sc_hd__and3_2_A/X (sky130_fd_sc_hd__and3_1)
                                                         spi_in.bit_cnt[1]_sky130_fd_sc_hd__and3_2_A_X (net)
                      0.134421    0.000056    7.142975 ^ spi_in.bit_cnt[3]_sky130_fd_sc_hd__and3_2_A/C (sky130_fd_sc_hd__and3_1)
     2    0.016738    0.172692    0.264717    7.407692 ^ spi_in.bit_cnt[3]_sky130_fd_sc_hd__and3_2_A/X (sky130_fd_sc_hd__and3_1)
                                                         spi_in.bit_cnt[3]_sky130_fd_sc_hd__and3_2_A_X (net)
                      0.172692    0.000624    7.408317 ^ fanout10/A (sky130_fd_sc_hd__clkbuf_8)
    10    0.074147    0.135906    0.242278    7.650594 ^ fanout10/X (sky130_fd_sc_hd__clkbuf_8)
                                                         net10 (net)
                      0.135931    0.001875    7.652469 ^ filter.x_in[12]_sky130_fd_sc_hd__mux2_1_A0/S (sky130_fd_sc_hd__mux2_1)
     1    0.002231    0.053484    0.326349    7.978818 v filter.x_in[12]_sky130_fd_sc_hd__mux2_1_A0/X (sky130_fd_sc_hd__mux2_1)
                                                         filter.x_in[12]_sky130_fd_sc_hd__dfrtp_2_Q_D (net)
                      0.053484    0.000004    7.978821 v filter.x_in[12]_sky130_fd_sc_hd__dfrtp_2_Q/D (sky130_fd_sc_hd__dfrtp_1)
                                              7.978821   data arrival time

                                 30.000000   30.000000   clock clk (rise edge)
                                  0.000000   30.000000   clock source latency
     1    0.028310    0.132872    0.092459   30.092459 ^ clk (in)
                                                         clk (net)
                      0.132912    0.000000   30.092459 ^ clkbuf_0_clk/A (sky130_fd_sc_hd__clkbuf_16)
     8    0.108967    0.123112    0.223171   30.315630 ^ clkbuf_0_clk/X (sky130_fd_sc_hd__clkbuf_16)
                                                         clknet_0_clk (net)
                      0.123380    0.004579   30.320210 ^ clkbuf_3_3__f_clk/A (sky130_fd_sc_hd__clkbuf_16)
     6    0.036229    0.056559    0.167876   30.488087 ^ clkbuf_3_3__f_clk/X (sky130_fd_sc_hd__clkbuf_16)
                                                         clknet_3_3__leaf_clk (net)
                      0.056559    0.000153   30.488239 ^ filter.x_in[12]_sky130_fd_sc_hd__dfrtp_2_Q/CLK (sky130_fd_sc_hd__dfrtp_1)
                                 -0.250000   30.238237   clock uncertainty
                                  0.000000   30.238237   clock reconvergence pessimism
                                 -0.115328   30.122910   library setup time
                                             30.122910   data required time
---------------------------------------------------------------------------------------------
                                             30.122910   data required time
                                             -7.978821   data arrival time
---------------------------------------------------------------------------------------------
                                             22.144089   slack (MET)


Startpoint: spi_sel (input port clocked by clk)
Endpoint: filter.x_in[2]_sky130_fd_sc_hd__dfrtp_2_Q
          (rising edge-triggered flip-flop clocked by clk)
Path Group: clk
Path Type: max

Fanout         Cap        Slew       Delay        Time   Description
---------------------------------------------------------------------------------------------
                                  0.000000    0.000000   clock clk (rise edge)
                                  0.000000    0.000000   clock network delay (propagated)
                                  6.000000    6.000000 v input external delay
     1    0.002629    0.008236    0.004124    6.004124 v spi_sel (in)
                                                         spi_sel (net)
                      0.008236    0.000000    6.004124 v input4/A (sky130_fd_sc_hd__buf_1)
     3    0.009908    0.063929    0.104394    6.108518 v input4/X (sky130_fd_sc_hd__buf_1)
                                                         net4 (net)
                      0.063929    0.000089    6.108606 v spi_sel_sky130_fd_sc_hd__nor3b_2_A/A (sky130_fd_sc_hd__nor3b_1)
     1    0.007664    0.288857    0.296124    6.404730 ^ spi_sel_sky130_fd_sc_hd__nor3b_2_A/Y (sky130_fd_sc_hd__nor3b_1)
                                                         spi_sel_sky130_fd_sc_hd__nor3b_2_A_Y (net)
                      0.288857    0.000141    6.404871 ^ fanout16/A (sky130_fd_sc_hd__clkbuf_8)
     9    0.068267    0.128747    0.268985    6.673856 ^ fanout16/X (sky130_fd_sc_hd__clkbuf_8)
                                                         net16 (net)
                      0.128747    0.000082    6.673938 ^ fanout15/A (sky130_fd_sc_hd__buf_4)
    10    0.055769    0.157969    0.226515    6.900453 ^ fanout15/X (sky130_fd_sc_hd__buf_4)
                                                         net15 (net)
                      0.157972    0.000998    6.901451 ^ spi_in.bit_cnt[1]_sky130_fd_sc_hd__and3_2_A/C (sky130_fd_sc_hd__and3_1)
     4    0.012523    0.134421    0.241467    7.142919 ^ spi_in.bit_cnt[1]_sky130_fd_sc_hd__and3_2_A/X (sky130_fd_sc_hd__and3_1)
                                                         spi_in.bit_cnt[1]_sky130_fd_sc_hd__and3_2_A_X (net)
                      0.134421    0.000056    7.142975 ^ spi_in.bit_cnt[3]_sky130_fd_sc_hd__and3_2_A/C (sky130_fd_sc_hd__and3_1)
     2    0.016738    0.172692    0.264717    7.407692 ^ spi_in.bit_cnt[3]_sky130_fd_sc_hd__and3_2_A/X (sky130_fd_sc_hd__and3_1)
                                                         spi_in.bit_cnt[3]_sky130_fd_sc_hd__and3_2_A_X (net)
                      0.172692    0.000068    7.407761 ^ fanout11/A (sky130_fd_sc_hd__buf_4)
     8    0.055473    0.157301    0.238065    7.645825 ^ fanout11/X (sky130_fd_sc_hd__buf_4)
                                                         net11 (net)
                      0.157312    0.001481    7.647306 ^ filter.x_in[2]_sky130_fd_sc_hd__mux2_1_A0/S (sky130_fd_sc_hd__mux2_1)
     1    0.002286    0.053794    0.329946    7.977252 v filter.x_in[2]_sky130_fd_sc_hd__mux2_1_A0/X (sky130_fd_sc_hd__mux2_1)
                                                         filter.x_in[2]_sky130_fd_sc_hd__dfrtp_2_Q_D (net)
                      0.053794    0.000004    7.977256 v filter.x_in[2]_sky130_fd_sc_hd__dfrtp_2_Q/D (sky130_fd_sc_hd__dfrtp_1)
                                              7.977256   data arrival time

                                 30.000000   30.000000   clock clk (rise edge)
                                  0.000000   30.000000   clock source latency
     1    0.028310    0.132872    0.092459   30.092459 ^ clk (in)
                                                         clk (net)
                      0.132912    0.000000   30.092459 ^ clkbuf_0_clk/A (sky130_fd_sc_hd__clkbuf_16)
     8    0.108967    0.123112    0.223171   30.315630 ^ clkbuf_0_clk/X (sky130_fd_sc_hd__clkbuf_16)
                                                         clknet_0_clk (net)
                      0.123134    0.001343   30.316973 ^ clkbuf_3_7__f_clk/A (sky130_fd_sc_hd__clkbuf_16)
     9    0.038153    0.058206    0.169123   30.486095 ^ clkbuf_3_7__f_clk/X (sky130_fd_sc_hd__clkbuf_16)
                                                         clknet_3_7__leaf_clk (net)
                      0.058215    0.000622   30.486717 ^ filter.x_in[2]_sky130_fd_sc_hd__dfrtp_2_Q/CLK (sky130_fd_sc_hd__dfrtp_1)
                                 -0.250000   30.236717   clock uncertainty
                                  0.000000   30.236717   clock reconvergence pessimism
                                 -0.115084   30.121634   library setup time
                                             30.121634   data required time
---------------------------------------------------------------------------------------------
                                             30.121634   data required time
                                             -7.977256   data arrival time
---------------------------------------------------------------------------------------------
                                             22.144377   slack (MET)


Startpoint: spi_sel (input port clocked by clk)
Endpoint: filter.x_in[13]_sky130_fd_sc_hd__dfrtp_2_Q
          (rising edge-triggered flip-flop clocked by clk)
Path Group: clk
Path Type: max

Fanout         Cap        Slew       Delay        Time   Description
---------------------------------------------------------------------------------------------
                                  0.000000    0.000000   clock clk (rise edge)
                                  0.000000    0.000000   clock network delay (propagated)
                                  6.000000    6.000000 v input external delay
     1    0.002629    0.008236    0.004124    6.004124 v spi_sel (in)
                                                         spi_sel (net)
                      0.008236    0.000000    6.004124 v input4/A (sky130_fd_sc_hd__buf_1)
     3    0.009908    0.063929    0.104394    6.108518 v input4/X (sky130_fd_sc_hd__buf_1)
                                                         net4 (net)
                      0.063929    0.000089    6.108606 v spi_sel_sky130_fd_sc_hd__nor3b_2_A/A (sky130_fd_sc_hd__nor3b_1)
     1    0.007664    0.288857    0.296124    6.404730 ^ spi_sel_sky130_fd_sc_hd__nor3b_2_A/Y (sky130_fd_sc_hd__nor3b_1)
                                                         spi_sel_sky130_fd_sc_hd__nor3b_2_A_Y (net)
                      0.288857    0.000141    6.404871 ^ fanout16/A (sky130_fd_sc_hd__clkbuf_8)
     9    0.068267    0.128747    0.268985    6.673856 ^ fanout16/X (sky130_fd_sc_hd__clkbuf_8)
                                                         net16 (net)
                      0.128747    0.000082    6.673938 ^ fanout15/A (sky130_fd_sc_hd__buf_4)
    10    0.055769    0.157969    0.226515    6.900453 ^ fanout15/X (sky130_fd_sc_hd__buf_4)
                                                         net15 (net)
                      0.157972    0.000998    6.901451 ^ spi_in.bit_cnt[1]_sky130_fd_sc_hd__and3_2_A/C (sky130_fd_sc_hd__and3_1)
     4    0.012523    0.134421    0.241467    7.142919 ^ spi_in.bit_cnt[1]_sky130_fd_sc_hd__and3_2_A/X (sky130_fd_sc_hd__and3_1)
                                                         spi_in.bit_cnt[1]_sky130_fd_sc_hd__and3_2_A_X (net)
                      0.134421    0.000056    7.142975 ^ spi_in.bit_cnt[3]_sky130_fd_sc_hd__and3_2_A/C (sky130_fd_sc_hd__and3_1)
     2    0.016738    0.172692    0.264717    7.407692 ^ spi_in.bit_cnt[3]_sky130_fd_sc_hd__and3_2_A/X (sky130_fd_sc_hd__and3_1)
                                                         spi_in.bit_cnt[3]_sky130_fd_sc_hd__and3_2_A_X (net)
                      0.172692    0.000624    7.408317 ^ fanout10/A (sky130_fd_sc_hd__clkbuf_8)
    10    0.074147    0.135906    0.242278    7.650594 ^ fanout10/X (sky130_fd_sc_hd__clkbuf_8)
                                                         net10 (net)
                      0.135936    0.002002    7.652596 ^ filter.x_in[13]_sky130_fd_sc_hd__mux2_1_A0/S (sky130_fd_sc_hd__mux2_1)
     1    0.002191    0.053256    0.325976    7.978572 v filter.x_in[13]_sky130_fd_sc_hd__mux2_1_A0/X (sky130_fd_sc_hd__mux2_1)
                                                         filter.x_in[13]_sky130_fd_sc_hd__dfrtp_2_Q_D (net)
                      0.053256    0.000004    7.978575 v filter.x_in[13]_sky130_fd_sc_hd__dfrtp_2_Q/D (sky130_fd_sc_hd__dfrtp_1)
                                              7.978575   data arrival time

                                 30.000000   30.000000   clock clk (rise edge)
                                  0.000000   30.000000   clock source latency
     1    0.028310    0.132872    0.092459   30.092459 ^ clk (in)
                                                         clk (net)
                      0.132912    0.000000   30.092459 ^ clkbuf_0_clk/A (sky130_fd_sc_hd__clkbuf_16)
     8    0.108967    0.123112    0.223171   30.315630 ^ clkbuf_0_clk/X (sky130_fd_sc_hd__clkbuf_16)
                                                         clknet_0_clk (net)
                      0.123380    0.004579   30.320210 ^ clkbuf_3_3__f_clk/A (sky130_fd_sc_hd__clkbuf_16)
     6    0.036229    0.056559    0.167876   30.488087 ^ clkbuf_3_3__f_clk/X (sky130_fd_sc_hd__clkbuf_16)
                                                         clknet_3_3__leaf_clk (net)
                      0.056560    0.000199   30.488285 ^ filter.x_in[13]_sky130_fd_sc_hd__dfrtp_2_Q/CLK (sky130_fd_sc_hd__dfrtp_1)
                                 -0.250000   30.238283   clock uncertainty
                                  0.000000   30.238283   clock reconvergence pessimism
                                 -0.115228   30.123055   library setup time
                                             30.123055   data required time
---------------------------------------------------------------------------------------------
                                             30.123055   data required time
                                             -7.978575   data arrival time
---------------------------------------------------------------------------------------------
                                             22.144480   slack (MET)


Startpoint: spi_sel (input port clocked by clk)
Endpoint: filter.x_in[11]_sky130_fd_sc_hd__dfrtp_2_Q
          (rising edge-triggered flip-flop clocked by clk)
Path Group: clk
Path Type: max

Fanout         Cap        Slew       Delay        Time   Description
---------------------------------------------------------------------------------------------
                                  0.000000    0.000000   clock clk (rise edge)
                                  0.000000    0.000000   clock network delay (propagated)
                                  6.000000    6.000000 v input external delay
     1    0.002629    0.008236    0.004124    6.004124 v spi_sel (in)
                                                         spi_sel (net)
                      0.008236    0.000000    6.004124 v input4/A (sky130_fd_sc_hd__buf_1)
     3    0.009908    0.063929    0.104394    6.108518 v input4/X (sky130_fd_sc_hd__buf_1)
                                                         net4 (net)
                      0.063929    0.000089    6.108606 v spi_sel_sky130_fd_sc_hd__nor3b_2_A/A (sky130_fd_sc_hd__nor3b_1)
     1    0.007664    0.288857    0.296124    6.404730 ^ spi_sel_sky130_fd_sc_hd__nor3b_2_A/Y (sky130_fd_sc_hd__nor3b_1)
                                                         spi_sel_sky130_fd_sc_hd__nor3b_2_A_Y (net)
                      0.288857    0.000141    6.404871 ^ fanout16/A (sky130_fd_sc_hd__clkbuf_8)
     9    0.068267    0.128747    0.268985    6.673856 ^ fanout16/X (sky130_fd_sc_hd__clkbuf_8)
                                                         net16 (net)
                      0.128747    0.000082    6.673938 ^ fanout15/A (sky130_fd_sc_hd__buf_4)
    10    0.055769    0.157969    0.226515    6.900453 ^ fanout15/X (sky130_fd_sc_hd__buf_4)
                                                         net15 (net)
                      0.157972    0.000998    6.901451 ^ spi_in.bit_cnt[1]_sky130_fd_sc_hd__and3_2_A/C (sky130_fd_sc_hd__and3_1)
     4    0.012523    0.134421    0.241467    7.142919 ^ spi_in.bit_cnt[1]_sky130_fd_sc_hd__and3_2_A/X (sky130_fd_sc_hd__and3_1)
                                                         spi_in.bit_cnt[1]_sky130_fd_sc_hd__and3_2_A_X (net)
                      0.134421    0.000056    7.142975 ^ spi_in.bit_cnt[3]_sky130_fd_sc_hd__and3_2_A/C (sky130_fd_sc_hd__and3_1)
     2    0.016738    0.172692    0.264717    7.407692 ^ spi_in.bit_cnt[3]_sky130_fd_sc_hd__and3_2_A/X (sky130_fd_sc_hd__and3_1)
                                                         spi_in.bit_cnt[3]_sky130_fd_sc_hd__and3_2_A_X (net)
                      0.172692    0.000624    7.408317 ^ fanout10/A (sky130_fd_sc_hd__clkbuf_8)
    10    0.074147    0.135906    0.242278    7.650594 ^ fanout10/X (sky130_fd_sc_hd__clkbuf_8)
                                                         net10 (net)
                      0.135926    0.001709    7.652303 ^ filter.x_in[11]_sky130_fd_sc_hd__mux2_1_A0/S (sky130_fd_sc_hd__mux2_1)
     1    0.002167    0.053121    0.325753    7.978056 v filter.x_in[11]_sky130_fd_sc_hd__mux2_1_A0/X (sky130_fd_sc_hd__mux2_1)
                                                         filter.x_in[11]_sky130_fd_sc_hd__dfrtp_2_Q_D (net)
                      0.053121    0.000003    7.978058 v filter.x_in[11]_sky130_fd_sc_hd__dfrtp_2_Q/D (sky130_fd_sc_hd__dfrtp_1)
                                              7.978058   data arrival time

                                 30.000000   30.000000   clock clk (rise edge)
                                  0.000000   30.000000   clock source latency
     1    0.028310    0.132872    0.092459   30.092459 ^ clk (in)
                                                         clk (net)
                      0.132912    0.000000   30.092459 ^ clkbuf_0_clk/A (sky130_fd_sc_hd__clkbuf_16)
     8    0.108967    0.123112    0.223171   30.315630 ^ clkbuf_0_clk/X (sky130_fd_sc_hd__clkbuf_16)
                                                         clknet_0_clk (net)
                      0.123305    0.003901   30.319530 ^ clkbuf_3_0__f_clk/A (sky130_fd_sc_hd__clkbuf_16)
    10    0.037145    0.057367    0.168555   30.488087 ^ clkbuf_3_0__f_clk/X (sky130_fd_sc_hd__clkbuf_16)
                                                         clknet_3_0__leaf_clk (net)
                      0.057367    0.000075   30.488161 ^ filter.x_in[11]_sky130_fd_sc_hd__dfrtp_2_Q/CLK (sky130_fd_sc_hd__dfrtp_1)
                                 -0.250000   30.238159   clock uncertainty
                                  0.000000   30.238159   clock reconvergence pessimism
                                 -0.114984   30.123177   library setup time
                                             30.123177   data required time
---------------------------------------------------------------------------------------------
                                             30.123177   data required time
                                             -7.978058   data arrival time
---------------------------------------------------------------------------------------------
                                             22.145117   slack (MET)


Startpoint: spi_sel (input port clocked by clk)
Endpoint: filter.x_in[7]_sky130_fd_sc_hd__dfrtp_2_Q
          (rising edge-triggered flip-flop clocked by clk)
Path Group: clk
Path Type: max

Fanout         Cap        Slew       Delay        Time   Description
---------------------------------------------------------------------------------------------
                                  0.000000    0.000000   clock clk (rise edge)
                                  0.000000    0.000000   clock network delay (propagated)
                                  6.000000    6.000000 v input external delay
     1    0.002629    0.008236    0.004124    6.004124 v spi_sel (in)
                                                         spi_sel (net)
                      0.008236    0.000000    6.004124 v input4/A (sky130_fd_sc_hd__buf_1)
     3    0.009908    0.063929    0.104394    6.108518 v input4/X (sky130_fd_sc_hd__buf_1)
                                                         net4 (net)
                      0.063929    0.000089    6.108606 v spi_sel_sky130_fd_sc_hd__nor3b_2_A/A (sky130_fd_sc_hd__nor3b_1)
     1    0.007664    0.288857    0.296124    6.404730 ^ spi_sel_sky130_fd_sc_hd__nor3b_2_A/Y (sky130_fd_sc_hd__nor3b_1)
                                                         spi_sel_sky130_fd_sc_hd__nor3b_2_A_Y (net)
                      0.288857    0.000141    6.404871 ^ fanout16/A (sky130_fd_sc_hd__clkbuf_8)
     9    0.068267    0.128747    0.268985    6.673856 ^ fanout16/X (sky130_fd_sc_hd__clkbuf_8)
                                                         net16 (net)
                      0.128747    0.000082    6.673938 ^ fanout15/A (sky130_fd_sc_hd__buf_4)
    10    0.055769    0.157969    0.226515    6.900453 ^ fanout15/X (sky130_fd_sc_hd__buf_4)
                                                         net15 (net)
                      0.157972    0.000998    6.901451 ^ spi_in.bit_cnt[1]_sky130_fd_sc_hd__and3_2_A/C (sky130_fd_sc_hd__and3_1)
     4    0.012523    0.134421    0.241467    7.142919 ^ spi_in.bit_cnt[1]_sky130_fd_sc_hd__and3_2_A/X (sky130_fd_sc_hd__and3_1)
                                                         spi_in.bit_cnt[1]_sky130_fd_sc_hd__and3_2_A_X (net)
                      0.134421    0.000056    7.142975 ^ spi_in.bit_cnt[3]_sky130_fd_sc_hd__and3_2_A/C (sky130_fd_sc_hd__and3_1)
     2    0.016738    0.172692    0.264717    7.407692 ^ spi_in.bit_cnt[3]_sky130_fd_sc_hd__and3_2_A/X (sky130_fd_sc_hd__and3_1)
                                                         spi_in.bit_cnt[3]_sky130_fd_sc_hd__and3_2_A_X (net)
                      0.172692    0.000068    7.407761 ^ fanout11/A (sky130_fd_sc_hd__buf_4)
     8    0.055473    0.157301    0.238065    7.645825 ^ fanout11/X (sky130_fd_sc_hd__buf_4)
                                                         net11 (net)
                      0.157301    0.000590    7.646415 ^ filter.x_in[7]_sky130_fd_sc_hd__mux2_1_A0/S (sky130_fd_sc_hd__mux2_1)
     1    0.002563    0.055389    0.332558    7.978973 v filter.x_in[7]_sky130_fd_sc_hd__mux2_1_A0/X (sky130_fd_sc_hd__mux2_1)
                                                         filter.x_in[7]_sky130_fd_sc_hd__dfrtp_2_Q_D (net)
                      0.055389    0.000007    7.978981 v filter.x_in[7]_sky130_fd_sc_hd__dfrtp_2_Q/D (sky130_fd_sc_hd__dfrtp_1)
                                              7.978981   data arrival time

                                 30.000000   30.000000   clock clk (rise edge)
                                  0.000000   30.000000   clock source latency
     1    0.028310    0.132872    0.092459   30.092459 ^ clk (in)
                                                         clk (net)
                      0.132912    0.000000   30.092459 ^ clkbuf_0_clk/A (sky130_fd_sc_hd__clkbuf_16)
     8    0.108967    0.123112    0.223171   30.315630 ^ clkbuf_0_clk/X (sky130_fd_sc_hd__clkbuf_16)
                                                         clknet_0_clk (net)
                      0.123270    0.003535   30.319164 ^ clkbuf_3_4__f_clk/A (sky130_fd_sc_hd__clkbuf_16)
    13    0.042847    0.062408    0.172733   30.491898 ^ clkbuf_3_4__f_clk/X (sky130_fd_sc_hd__clkbuf_16)
                                                         clknet_3_4__leaf_clk (net)
                      0.062410    0.000384   30.492281 ^ filter.x_in[7]_sky130_fd_sc_hd__dfrtp_2_Q/CLK (sky130_fd_sc_hd__dfrtp_1)
                                 -0.250000   30.242281   clock uncertainty
                                  0.000000   30.242281   clock reconvergence pessimism
                                 -0.114818   30.127464   library setup time
                                             30.127464   data required time
---------------------------------------------------------------------------------------------
                                             30.127464   data required time
                                             -7.978981   data arrival time
---------------------------------------------------------------------------------------------
                                             22.148485   slack (MET)


Startpoint: spi_sel (input port clocked by clk)
Endpoint: filter.x_in[8]_sky130_fd_sc_hd__dfrtp_2_Q
          (rising edge-triggered flip-flop clocked by clk)
Path Group: clk
Path Type: max

Fanout         Cap        Slew       Delay        Time   Description
---------------------------------------------------------------------------------------------
                                  0.000000    0.000000   clock clk (rise edge)
                                  0.000000    0.000000   clock network delay (propagated)
                                  6.000000    6.000000 v input external delay
     1    0.002629    0.008236    0.004124    6.004124 v spi_sel (in)
                                                         spi_sel (net)
                      0.008236    0.000000    6.004124 v input4/A (sky130_fd_sc_hd__buf_1)
     3    0.009908    0.063929    0.104394    6.108518 v input4/X (sky130_fd_sc_hd__buf_1)
                                                         net4 (net)
                      0.063929    0.000089    6.108606 v spi_sel_sky130_fd_sc_hd__nor3b_2_A/A (sky130_fd_sc_hd__nor3b_1)
     1    0.007664    0.288857    0.296124    6.404730 ^ spi_sel_sky130_fd_sc_hd__nor3b_2_A/Y (sky130_fd_sc_hd__nor3b_1)
                                                         spi_sel_sky130_fd_sc_hd__nor3b_2_A_Y (net)
                      0.288857    0.000141    6.404871 ^ fanout16/A (sky130_fd_sc_hd__clkbuf_8)
     9    0.068267    0.128747    0.268985    6.673856 ^ fanout16/X (sky130_fd_sc_hd__clkbuf_8)
                                                         net16 (net)
                      0.128747    0.000082    6.673938 ^ fanout15/A (sky130_fd_sc_hd__buf_4)
    10    0.055769    0.157969    0.226515    6.900453 ^ fanout15/X (sky130_fd_sc_hd__buf_4)
                                                         net15 (net)
                      0.157972    0.000998    6.901451 ^ spi_in.bit_cnt[1]_sky130_fd_sc_hd__and3_2_A/C (sky130_fd_sc_hd__and3_1)
     4    0.012523    0.134421    0.241467    7.142919 ^ spi_in.bit_cnt[1]_sky130_fd_sc_hd__and3_2_A/X (sky130_fd_sc_hd__and3_1)
                                                         spi_in.bit_cnt[1]_sky130_fd_sc_hd__and3_2_A_X (net)
                      0.134421    0.000056    7.142975 ^ spi_in.bit_cnt[3]_sky130_fd_sc_hd__and3_2_A/C (sky130_fd_sc_hd__and3_1)
     2    0.016738    0.172692    0.264717    7.407692 ^ spi_in.bit_cnt[3]_sky130_fd_sc_hd__and3_2_A/X (sky130_fd_sc_hd__and3_1)
                                                         spi_in.bit_cnt[3]_sky130_fd_sc_hd__and3_2_A_X (net)
                      0.172692    0.000624    7.408317 ^ fanout10/A (sky130_fd_sc_hd__clkbuf_8)
    10    0.074147    0.135906    0.242278    7.650594 ^ fanout10/X (sky130_fd_sc_hd__clkbuf_8)
                                                         net10 (net)
                      0.135906    0.000063    7.650657 ^ filter.x_in[8]_sky130_fd_sc_hd__mux2_1_A0/S (sky130_fd_sc_hd__mux2_1)
     1    0.002445    0.054716    0.328364    7.979021 v filter.x_in[8]_sky130_fd_sc_hd__mux2_1_A0/X (sky130_fd_sc_hd__mux2_1)
                                                         filter.x_in[8]_sky130_fd_sc_hd__dfrtp_2_Q_D (net)
                      0.054716    0.000006    7.979027 v filter.x_in[8]_sky130_fd_sc_hd__dfrtp_2_Q/D (sky130_fd_sc_hd__dfrtp_1)
                                              7.979027   data arrival time

                                 30.000000   30.000000   clock clk (rise edge)
                                  0.000000   30.000000   clock source latency
     1    0.028310    0.132872    0.092459   30.092459 ^ clk (in)
                                                         clk (net)
                      0.132912    0.000000   30.092459 ^ clkbuf_0_clk/A (sky130_fd_sc_hd__clkbuf_16)
     8    0.108967    0.123112    0.223171   30.315630 ^ clkbuf_0_clk/X (sky130_fd_sc_hd__clkbuf_16)
                                                         clknet_0_clk (net)
                      0.123241    0.003197   30.318827 ^ clkbuf_3_1__f_clk/A (sky130_fd_sc_hd__clkbuf_16)
    12    0.043307    0.062829    0.173113   30.491941 ^ clkbuf_3_1__f_clk/X (sky130_fd_sc_hd__clkbuf_16)
                                                         clknet_3_1__leaf_clk (net)
                      0.062829    0.000092   30.492033 ^ filter.x_in[8]_sky130_fd_sc_hd__dfrtp_2_Q/CLK (sky130_fd_sc_hd__dfrtp_1)
                                 -0.250000   30.242031   clock uncertainty
                                  0.000000   30.242031   clock reconvergence pessimism
                                 -0.114429   30.127604   library setup time
                                             30.127604   data required time
---------------------------------------------------------------------------------------------
                                             30.127604   data required time
                                             -7.979027   data arrival time
---------------------------------------------------------------------------------------------
                                             22.148575   slack (MET)


Startpoint: spi_sel (input port clocked by clk)
Endpoint: filter.x_in[5]_sky130_fd_sc_hd__dfrtp_2_Q
          (rising edge-triggered flip-flop clocked by clk)
Path Group: clk
Path Type: max

Fanout         Cap        Slew       Delay        Time   Description
---------------------------------------------------------------------------------------------
                                  0.000000    0.000000   clock clk (rise edge)
                                  0.000000    0.000000   clock network delay (propagated)
                                  6.000000    6.000000 v input external delay
     1    0.002629    0.008236    0.004124    6.004124 v spi_sel (in)
                                                         spi_sel (net)
                      0.008236    0.000000    6.004124 v input4/A (sky130_fd_sc_hd__buf_1)
     3    0.009908    0.063929    0.104394    6.108518 v input4/X (sky130_fd_sc_hd__buf_1)
                                                         net4 (net)
                      0.063929    0.000089    6.108606 v spi_sel_sky130_fd_sc_hd__nor3b_2_A/A (sky130_fd_sc_hd__nor3b_1)
     1    0.007664    0.288857    0.296124    6.404730 ^ spi_sel_sky130_fd_sc_hd__nor3b_2_A/Y (sky130_fd_sc_hd__nor3b_1)
                                                         spi_sel_sky130_fd_sc_hd__nor3b_2_A_Y (net)
                      0.288857    0.000141    6.404871 ^ fanout16/A (sky130_fd_sc_hd__clkbuf_8)
     9    0.068267    0.128747    0.268985    6.673856 ^ fanout16/X (sky130_fd_sc_hd__clkbuf_8)
                                                         net16 (net)
                      0.128747    0.000082    6.673938 ^ fanout15/A (sky130_fd_sc_hd__buf_4)
    10    0.055769    0.157969    0.226515    6.900453 ^ fanout15/X (sky130_fd_sc_hd__buf_4)
                                                         net15 (net)
                      0.157972    0.000998    6.901451 ^ spi_in.bit_cnt[1]_sky130_fd_sc_hd__and3_2_A/C (sky130_fd_sc_hd__and3_1)
     4    0.012523    0.134421    0.241467    7.142919 ^ spi_in.bit_cnt[1]_sky130_fd_sc_hd__and3_2_A/X (sky130_fd_sc_hd__and3_1)
                                                         spi_in.bit_cnt[1]_sky130_fd_sc_hd__and3_2_A_X (net)
                      0.134421    0.000056    7.142975 ^ spi_in.bit_cnt[3]_sky130_fd_sc_hd__and3_2_A/C (sky130_fd_sc_hd__and3_1)
     2    0.016738    0.172692    0.264717    7.407692 ^ spi_in.bit_cnt[3]_sky130_fd_sc_hd__and3_2_A/X (sky130_fd_sc_hd__and3_1)
                                                         spi_in.bit_cnt[3]_sky130_fd_sc_hd__and3_2_A_X (net)
                      0.172692    0.000068    7.407761 ^ fanout11/A (sky130_fd_sc_hd__buf_4)
     8    0.055473    0.157301    0.238065    7.645825 ^ fanout11/X (sky130_fd_sc_hd__buf_4)
                                                         net11 (net)
                      0.157301    0.000528    7.646354 ^ filter.x_in[5]_sky130_fd_sc_hd__mux2_1_A0/S (sky130_fd_sc_hd__mux2_1)
     1    0.002563    0.055389    0.332558    7.978912 v filter.x_in[5]_sky130_fd_sc_hd__mux2_1_A0/X (sky130_fd_sc_hd__mux2_1)
                                                         filter.x_in[5]_sky130_fd_sc_hd__dfrtp_2_Q_D (net)
                      0.055389    0.000007    7.978919 v filter.x_in[5]_sky130_fd_sc_hd__dfrtp_2_Q/D (sky130_fd_sc_hd__dfrtp_1)
                                              7.978919   data arrival time

                                 30.000000   30.000000   clock clk (rise edge)
                                  0.000000   30.000000   clock source latency
     1    0.028310    0.132872    0.092459   30.092459 ^ clk (in)
                                                         clk (net)
                      0.132912    0.000000   30.092459 ^ clkbuf_0_clk/A (sky130_fd_sc_hd__clkbuf_16)
     8    0.108967    0.123112    0.223171   30.315630 ^ clkbuf_0_clk/X (sky130_fd_sc_hd__clkbuf_16)
                                                         clknet_0_clk (net)
                      0.123294    0.003784   30.319414 ^ clkbuf_3_5__f_clk/A (sky130_fd_sc_hd__clkbuf_16)
    13    0.042872    0.062425    0.172722   30.492136 ^ clkbuf_3_5__f_clk/X (sky130_fd_sc_hd__clkbuf_16)
                                                         clknet_3_5__leaf_clk (net)
                      0.062425    0.000284   30.492420 ^ filter.x_in[5]_sky130_fd_sc_hd__dfrtp_2_Q/CLK (sky130_fd_sc_hd__dfrtp_1)
                                 -0.250000   30.242418   clock uncertainty
                                  0.000000   30.242418   clock reconvergence pessimism
                                 -0.114815   30.127605   library setup time
                                             30.127605   data required time
---------------------------------------------------------------------------------------------
                                             30.127605   data required time
                                             -7.978919   data arrival time
---------------------------------------------------------------------------------------------
                                             22.148687   slack (MET)


Startpoint: spi_sel (input port clocked by clk)
Endpoint: filter.x_in[1]_sky130_fd_sc_hd__dfrtp_2_Q
          (rising edge-triggered flip-flop clocked by clk)
Path Group: clk
Path Type: max

Fanout         Cap        Slew       Delay        Time   Description
---------------------------------------------------------------------------------------------
                                  0.000000    0.000000   clock clk (rise edge)
                                  0.000000    0.000000   clock network delay (propagated)
                                  6.000000    6.000000 v input external delay
     1    0.002629    0.008236    0.004124    6.004124 v spi_sel (in)
                                                         spi_sel (net)
                      0.008236    0.000000    6.004124 v input4/A (sky130_fd_sc_hd__buf_1)
     3    0.009908    0.063929    0.104394    6.108518 v input4/X (sky130_fd_sc_hd__buf_1)
                                                         net4 (net)
                      0.063929    0.000089    6.108606 v spi_sel_sky130_fd_sc_hd__nor3b_2_A/A (sky130_fd_sc_hd__nor3b_1)
     1    0.007664    0.288857    0.296124    6.404730 ^ spi_sel_sky130_fd_sc_hd__nor3b_2_A/Y (sky130_fd_sc_hd__nor3b_1)
                                                         spi_sel_sky130_fd_sc_hd__nor3b_2_A_Y (net)
                      0.288857    0.000141    6.404871 ^ fanout16/A (sky130_fd_sc_hd__clkbuf_8)
     9    0.068267    0.128747    0.268985    6.673856 ^ fanout16/X (sky130_fd_sc_hd__clkbuf_8)
                                                         net16 (net)
                      0.128747    0.000082    6.673938 ^ fanout15/A (sky130_fd_sc_hd__buf_4)
    10    0.055769    0.157969    0.226515    6.900453 ^ fanout15/X (sky130_fd_sc_hd__buf_4)
                                                         net15 (net)
                      0.157972    0.000998    6.901451 ^ spi_in.bit_cnt[1]_sky130_fd_sc_hd__and3_2_A/C (sky130_fd_sc_hd__and3_1)
     4    0.012523    0.134421    0.241467    7.142919 ^ spi_in.bit_cnt[1]_sky130_fd_sc_hd__and3_2_A/X (sky130_fd_sc_hd__and3_1)
                                                         spi_in.bit_cnt[1]_sky130_fd_sc_hd__and3_2_A_X (net)
                      0.134421    0.000056    7.142975 ^ spi_in.bit_cnt[3]_sky130_fd_sc_hd__and3_2_A/C (sky130_fd_sc_hd__and3_1)
     2    0.016738    0.172692    0.264717    7.407692 ^ spi_in.bit_cnt[3]_sky130_fd_sc_hd__and3_2_A/X (sky130_fd_sc_hd__and3_1)
                                                         spi_in.bit_cnt[3]_sky130_fd_sc_hd__and3_2_A_X (net)
                      0.172692    0.000624    7.408317 ^ fanout10/A (sky130_fd_sc_hd__clkbuf_8)
    10    0.074147    0.135906    0.242278    7.650594 ^ fanout10/X (sky130_fd_sc_hd__clkbuf_8)
                                                         net10 (net)
                      0.135932    0.001911    7.652505 ^ spi_in.shift_reg[0]_sky130_fd_sc_hd__mux2_1_A1/S (sky130_fd_sc_hd__mux2_1)
     1    0.002233    0.053497    0.326370    7.978876 v spi_in.shift_reg[0]_sky130_fd_sc_hd__mux2_1_A1/X (sky130_fd_sc_hd__mux2_1)
                                                         filter.x_in[1]_sky130_fd_sc_hd__dfrtp_2_Q_D (net)
                      0.053497    0.000004    7.978879 v filter.x_in[1]_sky130_fd_sc_hd__dfrtp_2_Q/D (sky130_fd_sc_hd__dfrtp_1)
                                              7.978879   data arrival time

                                 30.000000   30.000000   clock clk (rise edge)
                                  0.000000   30.000000   clock source latency
     1    0.028310    0.132872    0.092459   30.092459 ^ clk (in)
                                                         clk (net)
                      0.132912    0.000000   30.092459 ^ clkbuf_0_clk/A (sky130_fd_sc_hd__clkbuf_16)
     8    0.108967    0.123112    0.223171   30.315630 ^ clkbuf_0_clk/X (sky130_fd_sc_hd__clkbuf_16)
                                                         clknet_0_clk (net)
                      0.123131    0.001247   30.316877 ^ clkbuf_3_6__f_clk/A (sky130_fd_sc_hd__clkbuf_16)
     9    0.045466    0.064752    0.174609   30.491486 ^ clkbuf_3_6__f_clk/X (sky130_fd_sc_hd__clkbuf_16)
                                                         clknet_3_6__leaf_clk (net)
                      0.064753    0.000377   30.491863 ^ filter.x_in[1]_sky130_fd_sc_hd__dfrtp_2_Q/CLK (sky130_fd_sc_hd__dfrtp_1)
                                 -0.250000   30.241861   clock uncertainty
                                  0.000000   30.241861   clock reconvergence pessimism
                                 -0.113457   30.128405   library setup time
                                             30.128405   data required time
---------------------------------------------------------------------------------------------
                                             30.128405   data required time
                                             -7.978879   data arrival time
---------------------------------------------------------------------------------------------
                                             22.149525   slack (MET)


Startpoint: spi_sel (input port clocked by clk)
Endpoint: filter.x_in[0]_sky130_fd_sc_hd__dfrtp_2_Q
          (rising edge-triggered flip-flop clocked by clk)
Path Group: clk
Path Type: max

Fanout         Cap        Slew       Delay        Time   Description
---------------------------------------------------------------------------------------------
                                  0.000000    0.000000   clock clk (rise edge)
                                  0.000000    0.000000   clock network delay (propagated)
                                  6.000000    6.000000 v input external delay
     1    0.002629    0.008236    0.004124    6.004124 v spi_sel (in)
                                                         spi_sel (net)
                      0.008236    0.000000    6.004124 v input4/A (sky130_fd_sc_hd__buf_1)
     3    0.009908    0.063929    0.104394    6.108518 v input4/X (sky130_fd_sc_hd__buf_1)
                                                         net4 (net)
                      0.063929    0.000089    6.108606 v spi_sel_sky130_fd_sc_hd__nor3b_2_A/A (sky130_fd_sc_hd__nor3b_1)
     1    0.007664    0.288857    0.296124    6.404730 ^ spi_sel_sky130_fd_sc_hd__nor3b_2_A/Y (sky130_fd_sc_hd__nor3b_1)
                                                         spi_sel_sky130_fd_sc_hd__nor3b_2_A_Y (net)
                      0.288857    0.000141    6.404871 ^ fanout16/A (sky130_fd_sc_hd__clkbuf_8)
     9    0.068267    0.128747    0.268985    6.673856 ^ fanout16/X (sky130_fd_sc_hd__clkbuf_8)
                                                         net16 (net)
                      0.128747    0.000082    6.673938 ^ fanout15/A (sky130_fd_sc_hd__buf_4)
    10    0.055769    0.157969    0.226515    6.900453 ^ fanout15/X (sky130_fd_sc_hd__buf_4)
                                                         net15 (net)
                      0.157972    0.000998    6.901451 ^ spi_in.bit_cnt[1]_sky130_fd_sc_hd__and3_2_A/C (sky130_fd_sc_hd__and3_1)
     4    0.012523    0.134421    0.241467    7.142919 ^ spi_in.bit_cnt[1]_sky130_fd_sc_hd__and3_2_A/X (sky130_fd_sc_hd__and3_1)
                                                         spi_in.bit_cnt[1]_sky130_fd_sc_hd__and3_2_A_X (net)
                      0.134421    0.000056    7.142975 ^ spi_in.bit_cnt[3]_sky130_fd_sc_hd__and3_2_A/C (sky130_fd_sc_hd__and3_1)
     2    0.016738    0.172692    0.264717    7.407692 ^ spi_in.bit_cnt[3]_sky130_fd_sc_hd__and3_2_A/X (sky130_fd_sc_hd__and3_1)
                                                         spi_in.bit_cnt[3]_sky130_fd_sc_hd__and3_2_A_X (net)
                      0.172692    0.000624    7.408317 ^ fanout10/A (sky130_fd_sc_hd__clkbuf_8)
    10    0.074147    0.135906    0.242278    7.650594 ^ fanout10/X (sky130_fd_sc_hd__clkbuf_8)
                                                         net10 (net)
                      0.135931    0.001863    7.652458 ^ spi_mosi_sky130_fd_sc_hd__mux2_1_A1_1/S (sky130_fd_sc_hd__mux2_1)
     1    0.002188    0.053241    0.325951    7.978408 v spi_mosi_sky130_fd_sc_hd__mux2_1_A1_1/X (sky130_fd_sc_hd__mux2_1)
                                                         filter.x_in[0]_sky130_fd_sc_hd__dfrtp_2_Q_D (net)
                      0.053241    0.000004    7.978412 v filter.x_in[0]_sky130_fd_sc_hd__dfrtp_2_Q/D (sky130_fd_sc_hd__dfrtp_1)
                                              7.978412   data arrival time

                                 30.000000   30.000000   clock clk (rise edge)
                                  0.000000   30.000000   clock source latency
     1    0.028310    0.132872    0.092459   30.092459 ^ clk (in)
                                                         clk (net)
                      0.132912    0.000000   30.092459 ^ clkbuf_0_clk/A (sky130_fd_sc_hd__clkbuf_16)
     8    0.108967    0.123112    0.223171   30.315630 ^ clkbuf_0_clk/X (sky130_fd_sc_hd__clkbuf_16)
                                                         clknet_0_clk (net)
                      0.123131    0.001247   30.316877 ^ clkbuf_3_6__f_clk/A (sky130_fd_sc_hd__clkbuf_16)
     9    0.045466    0.064752    0.174609   30.491486 ^ clkbuf_3_6__f_clk/X (sky130_fd_sc_hd__clkbuf_16)
                                                         clknet_3_6__leaf_clk (net)
                      0.064754    0.000444   30.491930 ^ filter.x_in[0]_sky130_fd_sc_hd__dfrtp_2_Q/CLK (sky130_fd_sc_hd__dfrtp_1)
                                 -0.250000   30.241928   clock uncertainty
                                  0.000000   30.241928   clock reconvergence pessimism
                                 -0.113345   30.128584   library setup time
                                             30.128584   data required time
---------------------------------------------------------------------------------------------
                                             30.128584   data required time
                                             -7.978412   data arrival time
---------------------------------------------------------------------------------------------
                                             22.150171   slack (MET)


Startpoint: spi_sel (input port clocked by clk)
Endpoint: filter.x_in[6]_sky130_fd_sc_hd__dfrtp_2_Q
          (rising edge-triggered flip-flop clocked by clk)
Path Group: clk
Path Type: max

Fanout         Cap        Slew       Delay        Time   Description
---------------------------------------------------------------------------------------------
                                  0.000000    0.000000   clock clk (rise edge)
                                  0.000000    0.000000   clock network delay (propagated)
                                  6.000000    6.000000 v input external delay
     1    0.002629    0.008236    0.004124    6.004124 v spi_sel (in)
                                                         spi_sel (net)
                      0.008236    0.000000    6.004124 v input4/A (sky130_fd_sc_hd__buf_1)
     3    0.009908    0.063929    0.104394    6.108518 v input4/X (sky130_fd_sc_hd__buf_1)
                                                         net4 (net)
                      0.063929    0.000089    6.108606 v spi_sel_sky130_fd_sc_hd__nor3b_2_A/A (sky130_fd_sc_hd__nor3b_1)
     1    0.007664    0.288857    0.296124    6.404730 ^ spi_sel_sky130_fd_sc_hd__nor3b_2_A/Y (sky130_fd_sc_hd__nor3b_1)
                                                         spi_sel_sky130_fd_sc_hd__nor3b_2_A_Y (net)
                      0.288857    0.000141    6.404871 ^ fanout16/A (sky130_fd_sc_hd__clkbuf_8)
     9    0.068267    0.128747    0.268985    6.673856 ^ fanout16/X (sky130_fd_sc_hd__clkbuf_8)
                                                         net16 (net)
                      0.128747    0.000082    6.673938 ^ fanout15/A (sky130_fd_sc_hd__buf_4)
    10    0.055769    0.157969    0.226515    6.900453 ^ fanout15/X (sky130_fd_sc_hd__buf_4)
                                                         net15 (net)
                      0.157972    0.000998    6.901451 ^ spi_in.bit_cnt[1]_sky130_fd_sc_hd__and3_2_A/C (sky130_fd_sc_hd__and3_1)
     4    0.012523    0.134421    0.241467    7.142919 ^ spi_in.bit_cnt[1]_sky130_fd_sc_hd__and3_2_A/X (sky130_fd_sc_hd__and3_1)
                                                         spi_in.bit_cnt[1]_sky130_fd_sc_hd__and3_2_A_X (net)
                      0.134421    0.000056    7.142975 ^ spi_in.bit_cnt[3]_sky130_fd_sc_hd__and3_2_A/C (sky130_fd_sc_hd__and3_1)
     2    0.016738    0.172692    0.264717    7.407692 ^ spi_in.bit_cnt[3]_sky130_fd_sc_hd__and3_2_A/X (sky130_fd_sc_hd__and3_1)
                                                         spi_in.bit_cnt[3]_sky130_fd_sc_hd__and3_2_A_X (net)
                      0.172692    0.000068    7.407761 ^ fanout11/A (sky130_fd_sc_hd__buf_4)
     8    0.055473    0.157301    0.238065    7.645825 ^ fanout11/X (sky130_fd_sc_hd__buf_4)
                                                         net11 (net)
                      0.157301    0.000304    7.646129 ^ filter.x_in[6]_sky130_fd_sc_hd__mux2_1_A0/S (sky130_fd_sc_hd__mux2_1)
     1    0.002349    0.054157    0.330539    7.976668 v filter.x_in[6]_sky130_fd_sc_hd__mux2_1_A0/X (sky130_fd_sc_hd__mux2_1)
                                                         filter.x_in[6]_sky130_fd_sc_hd__dfrtp_2_Q_D (net)
                      0.054157    0.000004    7.976673 v filter.x_in[6]_sky130_fd_sc_hd__dfrtp_2_Q/D (sky130_fd_sc_hd__dfrtp_1)
                                              7.976673   data arrival time

                                 30.000000   30.000000   clock clk (rise edge)
                                  0.000000   30.000000   clock source latency
     1    0.028310    0.132872    0.092459   30.092459 ^ clk (in)
                                                         clk (net)
                      0.132912    0.000000   30.092459 ^ clkbuf_0_clk/A (sky130_fd_sc_hd__clkbuf_16)
     8    0.108967    0.123112    0.223171   30.315630 ^ clkbuf_0_clk/X (sky130_fd_sc_hd__clkbuf_16)
                                                         clknet_0_clk (net)
                      0.123294    0.003784   30.319414 ^ clkbuf_3_5__f_clk/A (sky130_fd_sc_hd__clkbuf_16)
    13    0.042872    0.062425    0.172722   30.492136 ^ clkbuf_3_5__f_clk/X (sky130_fd_sc_hd__clkbuf_16)
                                                         clknet_3_5__leaf_clk (net)
                      0.062425    0.000018   30.492153 ^ filter.x_in[6]_sky130_fd_sc_hd__dfrtp_2_Q/CLK (sky130_fd_sc_hd__dfrtp_1)
                                 -0.250000   30.242153   clock uncertainty
                                  0.000000   30.242153   clock reconvergence pessimism
                                 -0.114278   30.127876   library setup time
                                             30.127876   data required time
---------------------------------------------------------------------------------------------
                                             30.127876   data required time
                                             -7.976673   data arrival time
---------------------------------------------------------------------------------------------
                                             22.151203   slack (MET)


Startpoint: spi_sel (input port clocked by clk)
Endpoint: filter.x_in[9]_sky130_fd_sc_hd__dfrtp_2_Q
          (rising edge-triggered flip-flop clocked by clk)
Path Group: clk
Path Type: max

Fanout         Cap        Slew       Delay        Time   Description
---------------------------------------------------------------------------------------------
                                  0.000000    0.000000   clock clk (rise edge)
                                  0.000000    0.000000   clock network delay (propagated)
                                  6.000000    6.000000 v input external delay
     1    0.002629    0.008236    0.004124    6.004124 v spi_sel (in)
                                                         spi_sel (net)
                      0.008236    0.000000    6.004124 v input4/A (sky130_fd_sc_hd__buf_1)
     3    0.009908    0.063929    0.104394    6.108518 v input4/X (sky130_fd_sc_hd__buf_1)
                                                         net4 (net)
                      0.063929    0.000089    6.108606 v spi_sel_sky130_fd_sc_hd__nor3b_2_A/A (sky130_fd_sc_hd__nor3b_1)
     1    0.007664    0.288857    0.296124    6.404730 ^ spi_sel_sky130_fd_sc_hd__nor3b_2_A/Y (sky130_fd_sc_hd__nor3b_1)
                                                         spi_sel_sky130_fd_sc_hd__nor3b_2_A_Y (net)
                      0.288857    0.000141    6.404871 ^ fanout16/A (sky130_fd_sc_hd__clkbuf_8)
     9    0.068267    0.128747    0.268985    6.673856 ^ fanout16/X (sky130_fd_sc_hd__clkbuf_8)
                                                         net16 (net)
                      0.128747    0.000082    6.673938 ^ fanout15/A (sky130_fd_sc_hd__buf_4)
    10    0.055769    0.157969    0.226515    6.900453 ^ fanout15/X (sky130_fd_sc_hd__buf_4)
                                                         net15 (net)
                      0.157972    0.000998    6.901451 ^ spi_in.bit_cnt[1]_sky130_fd_sc_hd__and3_2_A/C (sky130_fd_sc_hd__and3_1)
     4    0.012523    0.134421    0.241467    7.142919 ^ spi_in.bit_cnt[1]_sky130_fd_sc_hd__and3_2_A/X (sky130_fd_sc_hd__and3_1)
                                                         spi_in.bit_cnt[1]_sky130_fd_sc_hd__and3_2_A_X (net)
                      0.134421    0.000056    7.142975 ^ spi_in.bit_cnt[3]_sky130_fd_sc_hd__and3_2_A/C (sky130_fd_sc_hd__and3_1)
     2    0.016738    0.172692    0.264717    7.407692 ^ spi_in.bit_cnt[3]_sky130_fd_sc_hd__and3_2_A/X (sky130_fd_sc_hd__and3_1)
                                                         spi_in.bit_cnt[3]_sky130_fd_sc_hd__and3_2_A_X (net)
                      0.172692    0.000624    7.408317 ^ fanout10/A (sky130_fd_sc_hd__clkbuf_8)
    10    0.074147    0.135906    0.242278    7.650594 ^ fanout10/X (sky130_fd_sc_hd__clkbuf_8)
                                                         net10 (net)
                      0.135909    0.000920    7.651515 ^ filter.x_in[9]_sky130_fd_sc_hd__mux2_1_A0/S (sky130_fd_sc_hd__mux2_1)
     1    0.002151    0.053028    0.325598    7.977112 v filter.x_in[9]_sky130_fd_sc_hd__mux2_1_A0/X (sky130_fd_sc_hd__mux2_1)
                                                         filter.x_in[9]_sky130_fd_sc_hd__dfrtp_2_Q_D (net)
                      0.053028    0.000003    7.977115 v filter.x_in[9]_sky130_fd_sc_hd__dfrtp_2_Q/D (sky130_fd_sc_hd__dfrtp_1)
                                              7.977115   data arrival time

                                 30.000000   30.000000   clock clk (rise edge)
                                  0.000000   30.000000   clock source latency
     1    0.028310    0.132872    0.092459   30.092459 ^ clk (in)
                                                         clk (net)
                      0.132912    0.000000   30.092459 ^ clkbuf_0_clk/A (sky130_fd_sc_hd__clkbuf_16)
     8    0.108967    0.123112    0.223171   30.315630 ^ clkbuf_0_clk/X (sky130_fd_sc_hd__clkbuf_16)
                                                         clknet_0_clk (net)
                      0.123241    0.003197   30.318827 ^ clkbuf_3_1__f_clk/A (sky130_fd_sc_hd__clkbuf_16)
    12    0.043307    0.062829    0.173113   30.491941 ^ clkbuf_3_1__f_clk/X (sky130_fd_sc_hd__clkbuf_16)
                                                         clknet_3_1__leaf_clk (net)
                      0.062829    0.000096   30.492037 ^ filter.x_in[9]_sky130_fd_sc_hd__dfrtp_2_Q/CLK (sky130_fd_sc_hd__dfrtp_1)
                                 -0.250000   30.242035   clock uncertainty
                                  0.000000   30.242035   clock reconvergence pessimism
                                 -0.113693   30.128342   library setup time
                                             30.128342   data required time
---------------------------------------------------------------------------------------------
                                             30.128342   data required time
                                             -7.977115   data arrival time
---------------------------------------------------------------------------------------------
                                             22.151228   slack (MET)


Startpoint: spi_sel (input port clocked by clk)
Endpoint: filter.x_in[14]_sky130_fd_sc_hd__dfrtp_2_Q
          (rising edge-triggered flip-flop clocked by clk)
Path Group: clk
Path Type: max

Fanout         Cap        Slew       Delay        Time   Description
---------------------------------------------------------------------------------------------
                                  0.000000    0.000000   clock clk (rise edge)
                                  0.000000    0.000000   clock network delay (propagated)
                                  6.000000    6.000000 v input external delay
     1    0.002629    0.008236    0.004124    6.004124 v spi_sel (in)
                                                         spi_sel (net)
                      0.008236    0.000000    6.004124 v input4/A (sky130_fd_sc_hd__buf_1)
     3    0.009908    0.063929    0.104394    6.108518 v input4/X (sky130_fd_sc_hd__buf_1)
                                                         net4 (net)
                      0.063929    0.000089    6.108606 v spi_sel_sky130_fd_sc_hd__nor3b_2_A/A (sky130_fd_sc_hd__nor3b_1)
     1    0.007664    0.288857    0.296124    6.404730 ^ spi_sel_sky130_fd_sc_hd__nor3b_2_A/Y (sky130_fd_sc_hd__nor3b_1)
                                                         spi_sel_sky130_fd_sc_hd__nor3b_2_A_Y (net)
                      0.288857    0.000141    6.404871 ^ fanout16/A (sky130_fd_sc_hd__clkbuf_8)
     9    0.068267    0.128747    0.268985    6.673856 ^ fanout16/X (sky130_fd_sc_hd__clkbuf_8)
                                                         net16 (net)
                      0.128747    0.000082    6.673938 ^ fanout15/A (sky130_fd_sc_hd__buf_4)
    10    0.055769    0.157969    0.226515    6.900453 ^ fanout15/X (sky130_fd_sc_hd__buf_4)
                                                         net15 (net)
                      0.157972    0.000998    6.901451 ^ spi_in.bit_cnt[1]_sky130_fd_sc_hd__and3_2_A/C (sky130_fd_sc_hd__and3_1)
     4    0.012523    0.134421    0.241467    7.142919 ^ spi_in.bit_cnt[1]_sky130_fd_sc_hd__and3_2_A/X (sky130_fd_sc_hd__and3_1)
                                                         spi_in.bit_cnt[1]_sky130_fd_sc_hd__and3_2_A_X (net)
                      0.134421    0.000056    7.142975 ^ spi_in.bit_cnt[3]_sky130_fd_sc_hd__and3_2_A/C (sky130_fd_sc_hd__and3_1)
     2    0.016738    0.172692    0.264717    7.407692 ^ spi_in.bit_cnt[3]_sky130_fd_sc_hd__and3_2_A/X (sky130_fd_sc_hd__and3_1)
                                                         spi_in.bit_cnt[3]_sky130_fd_sc_hd__and3_2_A_X (net)
                      0.172692    0.000624    7.408317 ^ fanout10/A (sky130_fd_sc_hd__clkbuf_8)
    10    0.074147    0.135906    0.242278    7.650594 ^ fanout10/X (sky130_fd_sc_hd__clkbuf_8)
                                                         net10 (net)
                      0.135938    0.002078    7.652672 ^ filter.x_in[14]_sky130_fd_sc_hd__mux2_1_A0/S (sky130_fd_sc_hd__mux2_1)
     1    0.002151    0.053028    0.325603    7.978275 v filter.x_in[14]_sky130_fd_sc_hd__mux2_1_A0/X (sky130_fd_sc_hd__mux2_1)
                                                         filter.x_in[14]_sky130_fd_sc_hd__dfrtp_2_Q_D (net)
                      0.053028    0.000003    7.978278 v filter.x_in[14]_sky130_fd_sc_hd__dfrtp_2_Q/D (sky130_fd_sc_hd__dfrtp_1)
                                              7.978278   data arrival time

                                 30.000000   30.000000   clock clk (rise edge)
                                  0.000000   30.000000   clock source latency
     1    0.028310    0.132872    0.092459   30.092459 ^ clk (in)
                                                         clk (net)
                      0.132912    0.000000   30.092459 ^ clkbuf_0_clk/A (sky130_fd_sc_hd__clkbuf_16)
     8    0.108967    0.123112    0.223171   30.315630 ^ clkbuf_0_clk/X (sky130_fd_sc_hd__clkbuf_16)
                                                         clknet_0_clk (net)
                      0.123417    0.004874   30.320505 ^ clkbuf_3_2__f_clk/A (sky130_fd_sc_hd__clkbuf_16)
     9    0.042714    0.062286    0.172658   30.493162 ^ clkbuf_3_2__f_clk/X (sky130_fd_sc_hd__clkbuf_16)
                                                         clknet_3_2__leaf_clk (net)
                      0.062286    0.000245   30.493408 ^ filter.x_in[14]_sky130_fd_sc_hd__dfrtp_2_Q/CLK (sky130_fd_sc_hd__dfrtp_1)
                                 -0.250000   30.243406   clock uncertainty
                                  0.000000   30.243406   clock reconvergence pessimism
                                 -0.113817   30.129589   library setup time
                                             30.129589   data required time
---------------------------------------------------------------------------------------------
                                             30.129589   data required time
                                             -7.978278   data arrival time
---------------------------------------------------------------------------------------------
                                             22.151310   slack (MET)


Startpoint: spi_sel (input port clocked by clk)
Endpoint: filter.x_in[4]_sky130_fd_sc_hd__dfrtp_2_Q
          (rising edge-triggered flip-flop clocked by clk)
Path Group: clk
Path Type: max

Fanout         Cap        Slew       Delay        Time   Description
---------------------------------------------------------------------------------------------
                                  0.000000    0.000000   clock clk (rise edge)
                                  0.000000    0.000000   clock network delay (propagated)
                                  6.000000    6.000000 v input external delay
     1    0.002629    0.008236    0.004124    6.004124 v spi_sel (in)
                                                         spi_sel (net)
                      0.008236    0.000000    6.004124 v input4/A (sky130_fd_sc_hd__buf_1)
     3    0.009908    0.063929    0.104394    6.108518 v input4/X (sky130_fd_sc_hd__buf_1)
                                                         net4 (net)
                      0.063929    0.000089    6.108606 v spi_sel_sky130_fd_sc_hd__nor3b_2_A/A (sky130_fd_sc_hd__nor3b_1)
     1    0.007664    0.288857    0.296124    6.404730 ^ spi_sel_sky130_fd_sc_hd__nor3b_2_A/Y (sky130_fd_sc_hd__nor3b_1)
                                                         spi_sel_sky130_fd_sc_hd__nor3b_2_A_Y (net)
                      0.288857    0.000141    6.404871 ^ fanout16/A (sky130_fd_sc_hd__clkbuf_8)
     9    0.068267    0.128747    0.268985    6.673856 ^ fanout16/X (sky130_fd_sc_hd__clkbuf_8)
                                                         net16 (net)
                      0.128747    0.000082    6.673938 ^ fanout15/A (sky130_fd_sc_hd__buf_4)
    10    0.055769    0.157969    0.226515    6.900453 ^ fanout15/X (sky130_fd_sc_hd__buf_4)
                                                         net15 (net)
                      0.157972    0.000998    6.901451 ^ spi_in.bit_cnt[1]_sky130_fd_sc_hd__and3_2_A/C (sky130_fd_sc_hd__and3_1)
     4    0.012523    0.134421    0.241467    7.142919 ^ spi_in.bit_cnt[1]_sky130_fd_sc_hd__and3_2_A/X (sky130_fd_sc_hd__and3_1)
                                                         spi_in.bit_cnt[1]_sky130_fd_sc_hd__and3_2_A_X (net)
                      0.134421    0.000056    7.142975 ^ spi_in.bit_cnt[3]_sky130_fd_sc_hd__and3_2_A/C (sky130_fd_sc_hd__and3_1)
     2    0.016738    0.172692    0.264717    7.407692 ^ spi_in.bit_cnt[3]_sky130_fd_sc_hd__and3_2_A/X (sky130_fd_sc_hd__and3_1)
                                                         spi_in.bit_cnt[3]_sky130_fd_sc_hd__and3_2_A_X (net)
                      0.172692    0.000068    7.407761 ^ fanout11/A (sky130_fd_sc_hd__buf_4)
     8    0.055473    0.157301    0.238065    7.645825 ^ fanout11/X (sky130_fd_sc_hd__buf_4)
                                                         net11 (net)
                      0.157303    0.000901    7.646726 ^ filter.x_in[4]_sky130_fd_sc_hd__mux2_1_A0/S (sky130_fd_sc_hd__mux2_1)
     1    0.002310    0.053929    0.330166    7.976892 v filter.x_in[4]_sky130_fd_sc_hd__mux2_1_A0/X (sky130_fd_sc_hd__mux2_1)
                                                         filter.x_in[4]_sky130_fd_sc_hd__dfrtp_2_Q_D (net)
                      0.053929    0.000004    7.976897 v filter.x_in[4]_sky130_fd_sc_hd__dfrtp_2_Q/D (sky130_fd_sc_hd__dfrtp_1)
                                              7.976897   data arrival time

                                 30.000000   30.000000   clock clk (rise edge)
                                  0.000000   30.000000   clock source latency
     1    0.028310    0.132872    0.092459   30.092459 ^ clk (in)
                                                         clk (net)
                      0.132912    0.000000   30.092459 ^ clkbuf_0_clk/A (sky130_fd_sc_hd__clkbuf_16)
     8    0.108967    0.123112    0.223171   30.315630 ^ clkbuf_0_clk/X (sky130_fd_sc_hd__clkbuf_16)
                                                         clknet_0_clk (net)
                      0.123294    0.003784   30.319414 ^ clkbuf_3_5__f_clk/A (sky130_fd_sc_hd__clkbuf_16)
    13    0.042872    0.062425    0.172722   30.492136 ^ clkbuf_3_5__f_clk/X (sky130_fd_sc_hd__clkbuf_16)
                                                         clknet_3_5__leaf_clk (net)
                      0.062427    0.000384   30.492519 ^ filter.x_in[4]_sky130_fd_sc_hd__dfrtp_2_Q/CLK (sky130_fd_sc_hd__dfrtp_1)
                                 -0.250000   30.242519   clock uncertainty
                                  0.000000   30.242519   clock reconvergence pessimism
                                 -0.114178   30.128342   library setup time
                                             30.128342   data required time
---------------------------------------------------------------------------------------------
                                             30.128342   data required time
                                             -7.976897   data arrival time
---------------------------------------------------------------------------------------------
                                             22.151443   slack (MET)


Startpoint: spi_clk (input port clocked by clk)
Endpoint: spi_out.bit_cnt[4]_sky130_fd_sc_hd__dfrtp_2_Q
          (rising edge-triggered flip-flop clocked by clk)
Path Group: clk
Path Type: max

Fanout         Cap        Slew       Delay        Time   Description
---------------------------------------------------------------------------------------------
                                  0.000000    0.000000   clock clk (rise edge)
                                  0.000000    0.000000   clock network delay (propagated)
                                  6.000000    6.000000 v input external delay
     1    0.002571    0.008103    0.004026    6.004026 v spi_clk (in)
                                                         spi_clk (net)
                      0.008103    0.000000    6.004026 v input2/A (sky130_fd_sc_hd__clkbuf_1)
     3    0.006439    0.046556    0.089085    6.093111 v input2/X (sky130_fd_sc_hd__clkbuf_1)
                                                         net2 (net)
                      0.046556    0.000020    6.093131 v spi_clk_sky130_fd_sc_hd__or3b_2_A/A (sky130_fd_sc_hd__or3b_1)
     1    0.002420    0.064283    0.361740    6.454871 v spi_clk_sky130_fd_sc_hd__or3b_2_A/X (sky130_fd_sc_hd__or3b_1)
                                                         spi_clk_sky130_fd_sc_hd__or3b_2_A_X (net)
                      0.064283    0.000002    6.454873 v spi_sel_sky130_fd_sc_hd__a21oi_2_B1/A2 (sky130_fd_sc_hd__a21oi_1)
     2    0.009375    0.226294    0.236505    6.691377 ^ spi_sel_sky130_fd_sc_hd__a21oi_2_B1/Y (sky130_fd_sc_hd__a21oi_1)
                                                         spi_sel_sky130_fd_sc_hd__a21oi_2_B1_Y (net)
                      0.226294    0.000038    6.691415 ^ fanout7/A (sky130_fd_sc_hd__clkbuf_4)
     9    0.044675    0.142022    0.270628    6.962043 ^ fanout7/X (sky130_fd_sc_hd__clkbuf_4)
                                                         net7 (net)
                      0.142022    0.000089    6.962132 ^ spi_out.bit_cnt[1]_sky130_fd_sc_hd__and3_2_A/C (sky130_fd_sc_hd__and3_1)
     4    0.014224    0.149761    0.249639    7.211771 ^ spi_out.bit_cnt[1]_sky130_fd_sc_hd__and3_2_A/X (sky130_fd_sc_hd__and3_1)
                                                         spi_out.bit_cnt[1]_sky130_fd_sc_hd__and3_2_A_X (net)
                      0.149761    0.000050    7.211821 ^ spi_out.bit_cnt[3]_sky130_fd_sc_hd__and3_2_A/C (sky130_fd_sc_hd__and3_1)
     2    0.007779    0.092613    0.207281    7.419102 ^ spi_out.bit_cnt[3]_sky130_fd_sc_hd__and3_2_A/X (sky130_fd_sc_hd__and3_1)
                                                         spi_out.bit_cnt[3]_sky130_fd_sc_hd__and3_2_A_X (net)
                      0.092613    0.000060    7.419162 ^ spi_out.bit_cnt[4]_sky130_fd_sc_hd__dfrtp_2_Q_D_sky130_fd_sc_hd__mux2_1_X/S (sky130_fd_sc_hd__mux2_1)
     1    0.002627    0.055677    0.320308    7.739470 v spi_out.bit_cnt[4]_sky130_fd_sc_hd__dfrtp_2_Q_D_sky130_fd_sc_hd__mux2_1_X/X (sky130_fd_sc_hd__mux2_1)
                                                         spi_out.bit_cnt[4]_sky130_fd_sc_hd__dfrtp_2_Q_D (net)
                      0.055677    0.000008    7.739478 v spi_out.bit_cnt[4]_sky130_fd_sc_hd__dfrtp_2_Q/D (sky130_fd_sc_hd__dfrtp_1)
                                              7.739478   data arrival time

                                 30.000000   30.000000   clock clk (rise edge)
                                  0.000000   30.000000   clock source latency
     1    0.028310    0.132872    0.092459   30.092459 ^ clk (in)
                                                         clk (net)
                      0.132912    0.000000   30.092459 ^ clkbuf_0_clk/A (sky130_fd_sc_hd__clkbuf_16)
     8    0.108967    0.123112    0.223171   30.315630 ^ clkbuf_0_clk/X (sky130_fd_sc_hd__clkbuf_16)
                                                         clknet_0_clk (net)
                      0.123270    0.003535   30.319164 ^ clkbuf_3_4__f_clk/A (sky130_fd_sc_hd__clkbuf_16)
    13    0.042847    0.062408    0.172733   30.491898 ^ clkbuf_3_4__f_clk/X (sky130_fd_sc_hd__clkbuf_16)
                                                         clknet_3_4__leaf_clk (net)
                      0.062409    0.000295   30.492193 ^ spi_out.bit_cnt[4]_sky130_fd_sc_hd__dfrtp_2_Q/CLK (sky130_fd_sc_hd__dfrtp_1)
                                 -0.250000   30.242191   clock uncertainty
                                  0.000000   30.242191   clock reconvergence pessimism
                                 -0.114944   30.127247   library setup time
                                             30.127247   data required time
---------------------------------------------------------------------------------------------
                                             30.127247   data required time
                                             -7.739478   data arrival time
---------------------------------------------------------------------------------------------
                                             22.387770   slack (MET)


Startpoint: spi_sel (input port clocked by clk)
Endpoint: spi_in.bit_cnt[3]_sky130_fd_sc_hd__dfrtp_2_Q
          (rising edge-triggered flip-flop clocked by clk)
Path Group: clk
Path Type: max

Fanout         Cap        Slew       Delay        Time   Description
---------------------------------------------------------------------------------------------
                                  0.000000    0.000000   clock clk (rise edge)
                                  0.000000    0.000000   clock network delay (propagated)
                                  6.000000    6.000000 v input external delay
     1    0.002629    0.008236    0.004124    6.004124 v spi_sel (in)
                                                         spi_sel (net)
                      0.008236    0.000000    6.004124 v input4/A (sky130_fd_sc_hd__buf_1)
     3    0.009908    0.063929    0.104394    6.108518 v input4/X (sky130_fd_sc_hd__buf_1)
                                                         net4 (net)
                      0.063929    0.000089    6.108606 v spi_sel_sky130_fd_sc_hd__nor3b_2_A/A (sky130_fd_sc_hd__nor3b_1)
     1    0.007664    0.288857    0.296124    6.404730 ^ spi_sel_sky130_fd_sc_hd__nor3b_2_A/Y (sky130_fd_sc_hd__nor3b_1)
                                                         spi_sel_sky130_fd_sc_hd__nor3b_2_A_Y (net)
                      0.288857    0.000141    6.404871 ^ fanout16/A (sky130_fd_sc_hd__clkbuf_8)
     9    0.068267    0.128747    0.268985    6.673856 ^ fanout16/X (sky130_fd_sc_hd__clkbuf_8)
                                                         net16 (net)
                      0.128747    0.000082    6.673938 ^ fanout15/A (sky130_fd_sc_hd__buf_4)
    10    0.055769    0.157969    0.226515    6.900453 ^ fanout15/X (sky130_fd_sc_hd__buf_4)
                                                         net15 (net)
                      0.157972    0.000998    6.901451 ^ spi_in.bit_cnt[1]_sky130_fd_sc_hd__and3_2_A/C (sky130_fd_sc_hd__and3_1)
     4    0.012523    0.134421    0.241467    7.142919 ^ spi_in.bit_cnt[1]_sky130_fd_sc_hd__and3_2_A/X (sky130_fd_sc_hd__and3_1)
                                                         spi_in.bit_cnt[1]_sky130_fd_sc_hd__and3_2_A_X (net)
                      0.134421    0.000056    7.142975 ^ spi_in.bit_cnt[3]_sky130_fd_sc_hd__and3_2_A/C (sky130_fd_sc_hd__and3_1)
     2    0.016738    0.172692    0.264717    7.407692 ^ spi_in.bit_cnt[3]_sky130_fd_sc_hd__and3_2_A/X (sky130_fd_sc_hd__and3_1)
                                                         spi_in.bit_cnt[3]_sky130_fd_sc_hd__and3_2_A_X (net)
                      0.172692    0.000068    7.407761 ^ fanout11/A (sky130_fd_sc_hd__buf_4)
     8    0.055473    0.157301    0.238065    7.645825 ^ fanout11/X (sky130_fd_sc_hd__buf_4)
                                                         net11 (net)
                      0.157301    0.000087    7.645913 ^ spi_in.bit_cnt[3]_sky130_fd_sc_hd__dfrtp_2_Q_D_sky130_fd_sc_hd__nor2_2_Y/A (sky130_fd_sc_hd__nor2_1)
     1    0.002534    0.044576    0.065797    7.711709 v spi_in.bit_cnt[3]_sky130_fd_sc_hd__dfrtp_2_Q_D_sky130_fd_sc_hd__nor2_2_Y/Y (sky130_fd_sc_hd__nor2_1)
                                                         spi_in.bit_cnt[3]_sky130_fd_sc_hd__dfrtp_2_Q_D (net)
                      0.044576    0.000008    7.711718 v spi_in.bit_cnt[3]_sky130_fd_sc_hd__dfrtp_2_Q/D (sky130_fd_sc_hd__dfrtp_1)
                                              7.711718   data arrival time

                                 30.000000   30.000000   clock clk (rise edge)
                                  0.000000   30.000000   clock source latency
     1    0.028310    0.132872    0.092459   30.092459 ^ clk (in)
                                                         clk (net)
                      0.132912    0.000000   30.092459 ^ clkbuf_0_clk/A (sky130_fd_sc_hd__clkbuf_16)
     8    0.108967    0.123112    0.223171   30.315630 ^ clkbuf_0_clk/X (sky130_fd_sc_hd__clkbuf_16)
                                                         clknet_0_clk (net)
                      0.123294    0.003784   30.319414 ^ clkbuf_3_5__f_clk/A (sky130_fd_sc_hd__clkbuf_16)
    13    0.042872    0.062425    0.172722   30.492136 ^ clkbuf_3_5__f_clk/X (sky130_fd_sc_hd__clkbuf_16)
                                                         clknet_3_5__leaf_clk (net)
                      0.062425    0.000249   30.492384 ^ spi_in.bit_cnt[3]_sky130_fd_sc_hd__dfrtp_2_Q/CLK (sky130_fd_sc_hd__dfrtp_1)
                                 -0.250000   30.242384   clock uncertainty
                                  0.000000   30.242384   clock reconvergence pessimism
                                 -0.110101   30.132282   library setup time
                                             30.132282   data required time
---------------------------------------------------------------------------------------------
                                             30.132282   data required time
                                             -7.711718   data arrival time
---------------------------------------------------------------------------------------------
                                             22.420565   slack (MET)


Startpoint: spi_sel (input port clocked by clk)
Endpoint: spi_in.valid_out_sky130_fd_sc_hd__dfrtp_2_Q
          (rising edge-triggered flip-flop clocked by clk)
Path Group: clk
Path Type: max

Fanout         Cap        Slew       Delay        Time   Description
---------------------------------------------------------------------------------------------
                                  0.000000    0.000000   clock clk (rise edge)
                                  0.000000    0.000000   clock network delay (propagated)
                                  6.000000    6.000000 v input external delay
     1    0.002629    0.008236    0.004124    6.004124 v spi_sel (in)
                                                         spi_sel (net)
                      0.008236    0.000000    6.004124 v input4/A (sky130_fd_sc_hd__buf_1)
     3    0.009908    0.063929    0.104394    6.108518 v input4/X (sky130_fd_sc_hd__buf_1)
                                                         net4 (net)
                      0.063929    0.000089    6.108606 v spi_sel_sky130_fd_sc_hd__nor3b_2_A/A (sky130_fd_sc_hd__nor3b_1)
     1    0.007664    0.288857    0.296124    6.404730 ^ spi_sel_sky130_fd_sc_hd__nor3b_2_A/Y (sky130_fd_sc_hd__nor3b_1)
                                                         spi_sel_sky130_fd_sc_hd__nor3b_2_A_Y (net)
                      0.288857    0.000141    6.404871 ^ fanout16/A (sky130_fd_sc_hd__clkbuf_8)
     9    0.068267    0.128747    0.268985    6.673856 ^ fanout16/X (sky130_fd_sc_hd__clkbuf_8)
                                                         net16 (net)
                      0.128747    0.000082    6.673938 ^ fanout15/A (sky130_fd_sc_hd__buf_4)
    10    0.055769    0.157969    0.226515    6.900453 ^ fanout15/X (sky130_fd_sc_hd__buf_4)
                                                         net15 (net)
                      0.157972    0.000998    6.901451 ^ spi_in.bit_cnt[1]_sky130_fd_sc_hd__and3_2_A/C (sky130_fd_sc_hd__and3_1)
     4    0.012523    0.134421    0.241467    7.142919 ^ spi_in.bit_cnt[1]_sky130_fd_sc_hd__and3_2_A/X (sky130_fd_sc_hd__and3_1)
                                                         spi_in.bit_cnt[1]_sky130_fd_sc_hd__and3_2_A_X (net)
                      0.134421    0.000056    7.142975 ^ spi_in.bit_cnt[3]_sky130_fd_sc_hd__and3_2_A/C (sky130_fd_sc_hd__and3_1)
     2    0.016738    0.172692    0.264717    7.407692 ^ spi_in.bit_cnt[3]_sky130_fd_sc_hd__and3_2_A/X (sky130_fd_sc_hd__and3_1)
                                                         spi_in.bit_cnt[3]_sky130_fd_sc_hd__and3_2_A_X (net)
                      0.172692    0.000068    7.407761 ^ fanout11/A (sky130_fd_sc_hd__buf_4)
     8    0.055473    0.157301    0.238065    7.645825 ^ fanout11/X (sky130_fd_sc_hd__buf_4)
                                                         net11 (net)
                      0.157301    0.000605    7.646430 ^ spi_in.valid_out_sky130_fd_sc_hd__dfrtp_2_Q/D (sky130_fd_sc_hd__dfrtp_1)
                                              7.646430   data arrival time

                                 30.000000   30.000000   clock clk (rise edge)
                                  0.000000   30.000000   clock source latency
     1    0.028310    0.132872    0.092459   30.092459 ^ clk (in)
                                                         clk (net)
                      0.132912    0.000000   30.092459 ^ clkbuf_0_clk/A (sky130_fd_sc_hd__clkbuf_16)
     8    0.108967    0.123112    0.223171   30.315630 ^ clkbuf_0_clk/X (sky130_fd_sc_hd__clkbuf_16)
                                                         clknet_0_clk (net)
                      0.123270    0.003535   30.319164 ^ clkbuf_3_4__f_clk/A (sky130_fd_sc_hd__clkbuf_16)
    13    0.042847    0.062408    0.172733   30.491898 ^ clkbuf_3_4__f_clk/X (sky130_fd_sc_hd__clkbuf_16)
                                                         clknet_3_4__leaf_clk (net)
                      0.062410    0.000423   30.492321 ^ spi_in.valid_out_sky130_fd_sc_hd__dfrtp_2_Q/CLK (sky130_fd_sc_hd__dfrtp_1)
                                 -0.250000   30.242319   clock uncertainty
                                  0.000000   30.242319   clock reconvergence pessimism
                                 -0.083040   30.159279   library setup time
                                             30.159279   data required time
---------------------------------------------------------------------------------------------
                                             30.159279   data required time
                                             -7.646430   data arrival time
---------------------------------------------------------------------------------------------
                                             22.512848   slack (MET)


Startpoint: spi_clk (input port clocked by clk)
Endpoint: spi_out.bit_cnt[3]_sky130_fd_sc_hd__dfrtp_2_Q
          (rising edge-triggered flip-flop clocked by clk)
Path Group: clk
Path Type: max

Fanout         Cap        Slew       Delay        Time   Description
---------------------------------------------------------------------------------------------
                                  0.000000    0.000000   clock clk (rise edge)
                                  0.000000    0.000000   clock network delay (propagated)
                                  6.000000    6.000000 v input external delay
     1    0.002571    0.008103    0.004026    6.004026 v spi_clk (in)
                                                         spi_clk (net)
                      0.008103    0.000000    6.004026 v input2/A (sky130_fd_sc_hd__clkbuf_1)
     3    0.006439    0.046556    0.089085    6.093111 v input2/X (sky130_fd_sc_hd__clkbuf_1)
                                                         net2 (net)
                      0.046556    0.000020    6.093131 v spi_clk_sky130_fd_sc_hd__or3b_2_A/A (sky130_fd_sc_hd__or3b_1)
     1    0.002420    0.064283    0.361740    6.454871 v spi_clk_sky130_fd_sc_hd__or3b_2_A/X (sky130_fd_sc_hd__or3b_1)
                                                         spi_clk_sky130_fd_sc_hd__or3b_2_A_X (net)
                      0.064283    0.000002    6.454873 v spi_sel_sky130_fd_sc_hd__a21oi_2_B1/A2 (sky130_fd_sc_hd__a21oi_1)
     2    0.009375    0.226294    0.236505    6.691377 ^ spi_sel_sky130_fd_sc_hd__a21oi_2_B1/Y (sky130_fd_sc_hd__a21oi_1)
                                                         spi_sel_sky130_fd_sc_hd__a21oi_2_B1_Y (net)
                      0.226294    0.000038    6.691415 ^ fanout7/A (sky130_fd_sc_hd__clkbuf_4)
     9    0.044675    0.142022    0.270628    6.962043 ^ fanout7/X (sky130_fd_sc_hd__clkbuf_4)
                                                         net7 (net)
                      0.142022    0.000089    6.962132 ^ spi_out.bit_cnt[1]_sky130_fd_sc_hd__and3_2_A/C (sky130_fd_sc_hd__and3_1)
     4    0.014224    0.149761    0.249639    7.211771 ^ spi_out.bit_cnt[1]_sky130_fd_sc_hd__and3_2_A/X (sky130_fd_sc_hd__and3_1)
                                                         spi_out.bit_cnt[1]_sky130_fd_sc_hd__and3_2_A_X (net)
                      0.149761    0.000050    7.211821 ^ spi_out.bit_cnt[3]_sky130_fd_sc_hd__and3_2_A/C (sky130_fd_sc_hd__and3_1)
     2    0.007779    0.092613    0.207281    7.419102 ^ spi_out.bit_cnt[3]_sky130_fd_sc_hd__and3_2_A/X (sky130_fd_sc_hd__and3_1)
                                                         spi_out.bit_cnt[3]_sky130_fd_sc_hd__and3_2_A_X (net)
                      0.092613    0.000022    7.419124 ^ spi_out.bit_cnt[3]_sky130_fd_sc_hd__dfrtp_2_Q_D_sky130_fd_sc_hd__nor2_2_Y/A (sky130_fd_sc_hd__nor2_1)
     1    0.002906    0.034698    0.054631    7.473755 v spi_out.bit_cnt[3]_sky130_fd_sc_hd__dfrtp_2_Q_D_sky130_fd_sc_hd__nor2_2_Y/Y (sky130_fd_sc_hd__nor2_1)
                                                         spi_out.bit_cnt[3]_sky130_fd_sc_hd__dfrtp_2_Q_D (net)
                      0.034698    0.000011    7.473766 v spi_out.bit_cnt[3]_sky130_fd_sc_hd__dfrtp_2_Q/D (sky130_fd_sc_hd__dfrtp_1)
                                              7.473766   data arrival time

                                 30.000000   30.000000   clock clk (rise edge)
                                  0.000000   30.000000   clock source latency
     1    0.028310    0.132872    0.092459   30.092459 ^ clk (in)
                                                         clk (net)
                      0.132912    0.000000   30.092459 ^ clkbuf_0_clk/A (sky130_fd_sc_hd__clkbuf_16)
     8    0.108967    0.123112    0.223171   30.315630 ^ clkbuf_0_clk/X (sky130_fd_sc_hd__clkbuf_16)
                                                         clknet_0_clk (net)
                      0.123294    0.003784   30.319414 ^ clkbuf_3_5__f_clk/A (sky130_fd_sc_hd__clkbuf_16)
    13    0.042872    0.062425    0.172722   30.492136 ^ clkbuf_3_5__f_clk/X (sky130_fd_sc_hd__clkbuf_16)
                                                         clknet_3_5__leaf_clk (net)
                      0.062428    0.000469   30.492605 ^ spi_out.bit_cnt[3]_sky130_fd_sc_hd__dfrtp_2_Q/CLK (sky130_fd_sc_hd__dfrtp_1)
                                 -0.250000   30.242603   clock uncertainty
                                  0.000000   30.242603   clock reconvergence pessimism
                                 -0.105795   30.136808   library setup time
                                             30.136808   data required time
---------------------------------------------------------------------------------------------
                                             30.136808   data required time
                                             -7.473766   data arrival time
---------------------------------------------------------------------------------------------
                                             22.663042   slack (MET)


Startpoint: spi_miso_sky130_fd_sc_hd__dfrtp_2_Q
            (rising edge-triggered flip-flop clocked by clk)
Endpoint: spi_miso (output port clocked by clk)
Path Group: clk
Path Type: max

Fanout         Cap        Slew       Delay        Time   Description
---------------------------------------------------------------------------------------------
                                  0.000000    0.000000   clock clk (rise edge)
                                  0.000000    0.000000   clock source latency
     1    0.028310    0.132872    0.092458    0.092458 ^ clk (in)
                                                         clk (net)
                      0.132912    0.000000    0.092458 ^ clkbuf_0_clk/A (sky130_fd_sc_hd__clkbuf_16)
     8    0.108967    0.123112    0.223171    0.315629 ^ clkbuf_0_clk/X (sky130_fd_sc_hd__clkbuf_16)
                                                         clknet_0_clk (net)
                      0.123270    0.003535    0.319164 ^ clkbuf_3_4__f_clk/A (sky130_fd_sc_hd__clkbuf_16)
    13    0.042847    0.062408    0.172734    0.491898 ^ clkbuf_3_4__f_clk/X (sky130_fd_sc_hd__clkbuf_16)
                                                         clknet_3_4__leaf_clk (net)
                      0.062410    0.000418    0.492317 ^ spi_miso_sky130_fd_sc_hd__dfrtp_2_Q/CLK (sky130_fd_sc_hd__dfrtp_1)
     2    0.005127    0.051456    0.372858    0.865174 v spi_miso_sky130_fd_sc_hd__dfrtp_2_Q/Q (sky130_fd_sc_hd__dfrtp_1)
                                                         net5 (net)
                      0.051456    0.000015    0.865190 v output5/A (sky130_fd_sc_hd__buf_2)
     1    0.033989    0.088603    0.182823    1.048013 v output5/X (sky130_fd_sc_hd__buf_2)
                                                         spi_miso (net)
                      0.088603    0.000083    1.048095 v spi_miso (out)
                                              1.048095   data arrival time

                                 30.000000   30.000000   clock clk (rise edge)
                                  0.000000   30.000000   clock network delay (propagated)
                                 -0.250000   29.750000   clock uncertainty
                                  0.000000   29.750000   clock reconvergence pessimism
                                 -6.000000   23.750002   output external delay
                                             23.750002   data required time
---------------------------------------------------------------------------------------------
                                             23.750002   data required time
                                             -1.048095   data arrival time
---------------------------------------------------------------------------------------------
                                             22.701906   slack (MET)


Startpoint: spi_clk (input port clocked by clk)
Endpoint: spi_out.bit_cnt[2]_sky130_fd_sc_hd__dfrtp_2_Q
          (rising edge-triggered flip-flop clocked by clk)
Path Group: clk
Path Type: max

Fanout         Cap        Slew       Delay        Time   Description
---------------------------------------------------------------------------------------------
                                  0.000000    0.000000   clock clk (rise edge)
                                  0.000000    0.000000   clock network delay (propagated)
                                  6.000000    6.000000 v input external delay
     1    0.002571    0.008103    0.004026    6.004026 v spi_clk (in)
                                                         spi_clk (net)
                      0.008103    0.000000    6.004026 v input2/A (sky130_fd_sc_hd__clkbuf_1)
     3    0.006439    0.046556    0.089085    6.093111 v input2/X (sky130_fd_sc_hd__clkbuf_1)
                                                         net2 (net)
                      0.046556    0.000020    6.093131 v spi_clk_sky130_fd_sc_hd__or3b_2_A/A (sky130_fd_sc_hd__or3b_1)
     1    0.002420    0.064283    0.361740    6.454871 v spi_clk_sky130_fd_sc_hd__or3b_2_A/X (sky130_fd_sc_hd__or3b_1)
                                                         spi_clk_sky130_fd_sc_hd__or3b_2_A_X (net)
                      0.064283    0.000002    6.454873 v spi_sel_sky130_fd_sc_hd__a21oi_2_B1/A2 (sky130_fd_sc_hd__a21oi_1)
     2    0.009375    0.226294    0.236505    6.691377 ^ spi_sel_sky130_fd_sc_hd__a21oi_2_B1/Y (sky130_fd_sc_hd__a21oi_1)
                                                         spi_sel_sky130_fd_sc_hd__a21oi_2_B1_Y (net)
                      0.226294    0.000038    6.691415 ^ fanout7/A (sky130_fd_sc_hd__clkbuf_4)
     9    0.044675    0.142022    0.270628    6.962043 ^ fanout7/X (sky130_fd_sc_hd__clkbuf_4)
                                                         net7 (net)
                      0.142022    0.000089    6.962132 ^ spi_out.bit_cnt[1]_sky130_fd_sc_hd__and3_2_A/C (sky130_fd_sc_hd__and3_1)
     4    0.014224    0.149761    0.249639    7.211771 ^ spi_out.bit_cnt[1]_sky130_fd_sc_hd__and3_2_A/X (sky130_fd_sc_hd__and3_1)
                                                         spi_out.bit_cnt[1]_sky130_fd_sc_hd__and3_2_A_X (net)
                      0.149761    0.000092    7.211863 ^ spi_out.bit_cnt[2]_sky130_fd_sc_hd__dfrtp_2_Q_D_sky130_fd_sc_hd__xor2_2_X/B (sky130_fd_sc_hd__xor2_1)
     1    0.002242    0.103455    0.147416    7.359278 ^ spi_out.bit_cnt[2]_sky130_fd_sc_hd__dfrtp_2_Q_D_sky130_fd_sc_hd__xor2_2_X/X (sky130_fd_sc_hd__xor2_1)
                                                         spi_out.bit_cnt[2]_sky130_fd_sc_hd__dfrtp_2_Q_D (net)
                      0.103455    0.000003    7.359282 ^ spi_out.bit_cnt[2]_sky130_fd_sc_hd__dfrtp_2_Q/D (sky130_fd_sc_hd__dfrtp_1)
                                              7.359282   data arrival time

                                 30.000000   30.000000   clock clk (rise edge)
                                  0.000000   30.000000   clock source latency
     1    0.028310    0.132872    0.092459   30.092459 ^ clk (in)
                                                         clk (net)
                      0.132912    0.000000   30.092459 ^ clkbuf_0_clk/A (sky130_fd_sc_hd__clkbuf_16)
     8    0.108967    0.123112    0.223171   30.315630 ^ clkbuf_0_clk/X (sky130_fd_sc_hd__clkbuf_16)
                                                         clknet_0_clk (net)
                      0.123294    0.003784   30.319414 ^ clkbuf_3_5__f_clk/A (sky130_fd_sc_hd__clkbuf_16)
    13    0.042872    0.062425    0.172722   30.492136 ^ clkbuf_3_5__f_clk/X (sky130_fd_sc_hd__clkbuf_16)
                                                         clknet_3_5__leaf_clk (net)
                      0.062427    0.000441   30.492577 ^ spi_out.bit_cnt[2]_sky130_fd_sc_hd__dfrtp_2_Q/CLK (sky130_fd_sc_hd__dfrtp_1)
                                 -0.250000   30.242575   clock uncertainty
                                  0.000000   30.242575   clock reconvergence pessimism
                                 -0.070654   30.171923   library setup time
                                             30.171923   data required time
---------------------------------------------------------------------------------------------
                                             30.171923   data required time
                                             -7.359282   data arrival time
---------------------------------------------------------------------------------------------
                                             22.812641   slack (MET)


Startpoint: spi_clk (input port clocked by clk)
Endpoint: spi_out.bit_cnt[0]_sky130_fd_sc_hd__dfrtp_2_Q
          (rising edge-triggered flip-flop clocked by clk)
Path Group: clk
Path Type: max

Fanout         Cap        Slew       Delay        Time   Description
---------------------------------------------------------------------------------------------
                                  0.000000    0.000000   clock clk (rise edge)
                                  0.000000    0.000000   clock network delay (propagated)
                                  6.000000    6.000000 v input external delay
     1    0.002571    0.008103    0.004026    6.004026 v spi_clk (in)
                                                         spi_clk (net)
                      0.008103    0.000000    6.004026 v input2/A (sky130_fd_sc_hd__clkbuf_1)
     3    0.006439    0.046556    0.089085    6.093111 v input2/X (sky130_fd_sc_hd__clkbuf_1)
                                                         net2 (net)
                      0.046556    0.000020    6.093131 v spi_clk_sky130_fd_sc_hd__or3b_2_A/A (sky130_fd_sc_hd__or3b_1)
     1    0.002420    0.064283    0.361740    6.454871 v spi_clk_sky130_fd_sc_hd__or3b_2_A/X (sky130_fd_sc_hd__or3b_1)
                                                         spi_clk_sky130_fd_sc_hd__or3b_2_A_X (net)
                      0.064283    0.000002    6.454873 v spi_sel_sky130_fd_sc_hd__a21oi_2_B1/A2 (sky130_fd_sc_hd__a21oi_1)
     2    0.009375    0.226294    0.236505    6.691377 ^ spi_sel_sky130_fd_sc_hd__a21oi_2_B1/Y (sky130_fd_sc_hd__a21oi_1)
                                                         spi_sel_sky130_fd_sc_hd__a21oi_2_B1_Y (net)
                      0.226294    0.000038    6.691415 ^ fanout7/A (sky130_fd_sc_hd__clkbuf_4)
     9    0.044675    0.142022    0.270628    6.962043 ^ fanout7/X (sky130_fd_sc_hd__clkbuf_4)
                                                         net7 (net)
                      0.142022    0.000028    6.962071 ^ spi_out.bit_cnt[4]_sky130_fd_sc_hd__o21a_2_B1_A2_sky130_fd_sc_hd__inv_2_Y/A (sky130_fd_sc_hd__inv_2)
     3    0.008744    0.043369    0.059217    7.021289 v spi_out.bit_cnt[4]_sky130_fd_sc_hd__o21a_2_B1_A2_sky130_fd_sc_hd__inv_2_Y/Y (sky130_fd_sc_hd__inv_2)
                                                         spi_out.bit_cnt[4]_sky130_fd_sc_hd__o21a_2_B1_A2 (net)
                      0.043369    0.000021    7.021310 v spi_out.bit_cnt[0]_sky130_fd_sc_hd__dfrtp_2_Q_D_sky130_fd_sc_hd__mux2_1_X/A1 (sky130_fd_sc_hd__mux2_1)
     1    0.002289    0.053784    0.282215    7.303525 v spi_out.bit_cnt[0]_sky130_fd_sc_hd__dfrtp_2_Q_D_sky130_fd_sc_hd__mux2_1_X/X (sky130_fd_sc_hd__mux2_1)
                                                         spi_out.bit_cnt[0]_sky130_fd_sc_hd__dfrtp_2_Q_D (net)
                      0.053784    0.000004    7.303529 v spi_out.bit_cnt[0]_sky130_fd_sc_hd__dfrtp_2_Q/D (sky130_fd_sc_hd__dfrtp_1)
                                              7.303529   data arrival time

                                 30.000000   30.000000   clock clk (rise edge)
                                  0.000000   30.000000   clock source latency
     1    0.028310    0.132872    0.092459   30.092459 ^ clk (in)
                                                         clk (net)
                      0.132912    0.000000   30.092459 ^ clkbuf_0_clk/A (sky130_fd_sc_hd__clkbuf_16)
     8    0.108967    0.123112    0.223171   30.315630 ^ clkbuf_0_clk/X (sky130_fd_sc_hd__clkbuf_16)
                                                         clknet_0_clk (net)
                      0.123270    0.003535   30.319164 ^ clkbuf_3_4__f_clk/A (sky130_fd_sc_hd__clkbuf_16)
    13    0.042847    0.062408    0.172733   30.491898 ^ clkbuf_3_4__f_clk/X (sky130_fd_sc_hd__clkbuf_16)
                                                         clknet_3_4__leaf_clk (net)
                      0.062408    0.000092   30.491991 ^ spi_out.bit_cnt[0]_sky130_fd_sc_hd__dfrtp_2_Q/CLK (sky130_fd_sc_hd__dfrtp_1)
                                 -0.250000   30.241989   clock uncertainty
                                  0.000000   30.241989   clock reconvergence pessimism
                                 -0.114119   30.127869   library setup time
                                             30.127869   data required time
---------------------------------------------------------------------------------------------
                                             30.127869   data required time
                                             -7.303529   data arrival time
---------------------------------------------------------------------------------------------
                                             22.824341   slack (MET)


Startpoint: spi_clk (input port clocked by clk)
Endpoint: spi_out.shift_reg[4]_sky130_fd_sc_hd__dfrtp_2_Q
          (rising edge-triggered flip-flop clocked by clk)
Path Group: clk
Path Type: max

Fanout         Cap        Slew       Delay        Time   Description
---------------------------------------------------------------------------------------------
                                  0.000000    0.000000   clock clk (rise edge)
                                  0.000000    0.000000   clock network delay (propagated)
                                  6.000000    6.000000 v input external delay
     1    0.002571    0.008103    0.004026    6.004026 v spi_clk (in)
                                                         spi_clk (net)
                      0.008103    0.000000    6.004026 v input2/A (sky130_fd_sc_hd__clkbuf_1)
     3    0.006439    0.046556    0.089085    6.093111 v input2/X (sky130_fd_sc_hd__clkbuf_1)
                                                         net2 (net)
                      0.046556    0.000020    6.093131 v spi_clk_sky130_fd_sc_hd__or3b_2_A/A (sky130_fd_sc_hd__or3b_1)
     1    0.002420    0.064283    0.361740    6.454871 v spi_clk_sky130_fd_sc_hd__or3b_2_A/X (sky130_fd_sc_hd__or3b_1)
                                                         spi_clk_sky130_fd_sc_hd__or3b_2_A_X (net)
                      0.064283    0.000002    6.454873 v spi_sel_sky130_fd_sc_hd__a21oi_2_B1/A2 (sky130_fd_sc_hd__a21oi_1)
     2    0.009375    0.226294    0.236505    6.691377 ^ spi_sel_sky130_fd_sc_hd__a21oi_2_B1/Y (sky130_fd_sc_hd__a21oi_1)
                                                         spi_sel_sky130_fd_sc_hd__a21oi_2_B1_Y (net)
                      0.226294    0.000038    6.691415 ^ fanout7/A (sky130_fd_sc_hd__clkbuf_4)
     9    0.044675    0.142022    0.270628    6.962043 ^ fanout7/X (sky130_fd_sc_hd__clkbuf_4)
                                                         net7 (net)
                      0.142022    0.000280    6.962323 ^ spi_out.shift_reg[4]_sky130_fd_sc_hd__mux2_1_A0/S (sky130_fd_sc_hd__mux2_1)
     1    0.002666    0.055987    0.331331    7.293653 v spi_out.shift_reg[4]_sky130_fd_sc_hd__mux2_1_A0/X (sky130_fd_sc_hd__mux2_1)
                                                         spi_out.shift_reg[4]_sky130_fd_sc_hd__dfrtp_2_Q_D (net)
                      0.055987    0.000008    7.293662 v spi_out.shift_reg[4]_sky130_fd_sc_hd__dfrtp_2_Q/D (sky130_fd_sc_hd__dfrtp_1)
                                              7.293662   data arrival time

                                 30.000000   30.000000   clock clk (rise edge)
                                  0.000000   30.000000   clock source latency
     1    0.028310    0.132872    0.092459   30.092459 ^ clk (in)
                                                         clk (net)
                      0.132912    0.000000   30.092459 ^ clkbuf_0_clk/A (sky130_fd_sc_hd__clkbuf_16)
     8    0.108967    0.123112    0.223171   30.315630 ^ clkbuf_0_clk/X (sky130_fd_sc_hd__clkbuf_16)
                                                         clknet_0_clk (net)
                      0.123270    0.003535   30.319164 ^ clkbuf_3_4__f_clk/A (sky130_fd_sc_hd__clkbuf_16)
    13    0.042847    0.062408    0.172733   30.491898 ^ clkbuf_3_4__f_clk/X (sky130_fd_sc_hd__clkbuf_16)
                                                         clknet_3_4__leaf_clk (net)
                      0.062408    0.000203   30.492100 ^ spi_out.shift_reg[4]_sky130_fd_sc_hd__dfrtp_2_Q/CLK (sky130_fd_sc_hd__dfrtp_1)
                                 -0.250000   30.242100   clock uncertainty
                                  0.000000   30.242100   clock reconvergence pessimism
                                 -0.115079   30.127020   library setup time
                                             30.127020   data required time
---------------------------------------------------------------------------------------------
                                             30.127020   data required time
                                             -7.293662   data arrival time
---------------------------------------------------------------------------------------------
                                             22.833359   slack (MET)


Startpoint: spi_clk (input port clocked by clk)
Endpoint: spi_out.shift_reg[3]_sky130_fd_sc_hd__dfrtp_2_Q
          (rising edge-triggered flip-flop clocked by clk)
Path Group: clk
Path Type: max

Fanout         Cap        Slew       Delay        Time   Description
---------------------------------------------------------------------------------------------
                                  0.000000    0.000000   clock clk (rise edge)
                                  0.000000    0.000000   clock network delay (propagated)
                                  6.000000    6.000000 v input external delay
     1    0.002571    0.008103    0.004026    6.004026 v spi_clk (in)
                                                         spi_clk (net)
                      0.008103    0.000000    6.004026 v input2/A (sky130_fd_sc_hd__clkbuf_1)
     3    0.006439    0.046556    0.089085    6.093111 v input2/X (sky130_fd_sc_hd__clkbuf_1)
                                                         net2 (net)
                      0.046556    0.000020    6.093131 v spi_clk_sky130_fd_sc_hd__or3b_2_A/A (sky130_fd_sc_hd__or3b_1)
     1    0.002420    0.064283    0.361740    6.454871 v spi_clk_sky130_fd_sc_hd__or3b_2_A/X (sky130_fd_sc_hd__or3b_1)
                                                         spi_clk_sky130_fd_sc_hd__or3b_2_A_X (net)
                      0.064283    0.000002    6.454873 v spi_sel_sky130_fd_sc_hd__a21oi_2_B1/A2 (sky130_fd_sc_hd__a21oi_1)
     2    0.009375    0.226294    0.236505    6.691377 ^ spi_sel_sky130_fd_sc_hd__a21oi_2_B1/Y (sky130_fd_sc_hd__a21oi_1)
                                                         spi_sel_sky130_fd_sc_hd__a21oi_2_B1_Y (net)
                      0.226294    0.000038    6.691415 ^ fanout7/A (sky130_fd_sc_hd__clkbuf_4)
     9    0.044675    0.142022    0.270628    6.962043 ^ fanout7/X (sky130_fd_sc_hd__clkbuf_4)
                                                         net7 (net)
                      0.142022    0.000221    6.962264 ^ spi_out.shift_reg[3]_sky130_fd_sc_hd__mux2_1_A0/S (sky130_fd_sc_hd__mux2_1)
     1    0.002508    0.055076    0.329837    7.292101 v spi_out.shift_reg[3]_sky130_fd_sc_hd__mux2_1_A0/X (sky130_fd_sc_hd__mux2_1)
                                                         spi_out.shift_reg[3]_sky130_fd_sc_hd__dfrtp_2_Q_D (net)
                      0.055076    0.000006    7.292107 v spi_out.shift_reg[3]_sky130_fd_sc_hd__dfrtp_2_Q/D (sky130_fd_sc_hd__dfrtp_1)
                                              7.292107   data arrival time

                                 30.000000   30.000000   clock clk (rise edge)
                                  0.000000   30.000000   clock source latency
     1    0.028310    0.132872    0.092459   30.092459 ^ clk (in)
                                                         clk (net)
                      0.132912    0.000000   30.092459 ^ clkbuf_0_clk/A (sky130_fd_sc_hd__clkbuf_16)
     8    0.108967    0.123112    0.223171   30.315630 ^ clkbuf_0_clk/X (sky130_fd_sc_hd__clkbuf_16)
                                                         clknet_0_clk (net)
                      0.123270    0.003535   30.319164 ^ clkbuf_3_4__f_clk/A (sky130_fd_sc_hd__clkbuf_16)
    13    0.042847    0.062408    0.172733   30.491898 ^ clkbuf_3_4__f_clk/X (sky130_fd_sc_hd__clkbuf_16)
                                                         clknet_3_4__leaf_clk (net)
                      0.062408    0.000160   30.492058 ^ spi_out.shift_reg[3]_sky130_fd_sc_hd__dfrtp_2_Q/CLK (sky130_fd_sc_hd__dfrtp_1)
                                 -0.250000   30.242056   clock uncertainty
                                  0.000000   30.242056   clock reconvergence pessimism
                                 -0.114682   30.127375   library setup time
                                             30.127375   data required time
---------------------------------------------------------------------------------------------
                                             30.127375   data required time
                                             -7.292107   data arrival time
---------------------------------------------------------------------------------------------
                                             22.835268   slack (MET)


Startpoint: spi_clk (input port clocked by clk)
Endpoint: spi_out.shift_reg[2]_sky130_fd_sc_hd__dfrtp_2_Q
          (rising edge-triggered flip-flop clocked by clk)
Path Group: clk
Path Type: max

Fanout         Cap        Slew       Delay        Time   Description
---------------------------------------------------------------------------------------------
                                  0.000000    0.000000   clock clk (rise edge)
                                  0.000000    0.000000   clock network delay (propagated)
                                  6.000000    6.000000 v input external delay
     1    0.002571    0.008103    0.004026    6.004026 v spi_clk (in)
                                                         spi_clk (net)
                      0.008103    0.000000    6.004026 v input2/A (sky130_fd_sc_hd__clkbuf_1)
     3    0.006439    0.046556    0.089085    6.093111 v input2/X (sky130_fd_sc_hd__clkbuf_1)
                                                         net2 (net)
                      0.046556    0.000020    6.093131 v spi_clk_sky130_fd_sc_hd__or3b_2_A/A (sky130_fd_sc_hd__or3b_1)
     1    0.002420    0.064283    0.361740    6.454871 v spi_clk_sky130_fd_sc_hd__or3b_2_A/X (sky130_fd_sc_hd__or3b_1)
                                                         spi_clk_sky130_fd_sc_hd__or3b_2_A_X (net)
                      0.064283    0.000002    6.454873 v spi_sel_sky130_fd_sc_hd__a21oi_2_B1/A2 (sky130_fd_sc_hd__a21oi_1)
     2    0.009375    0.226294    0.236505    6.691377 ^ spi_sel_sky130_fd_sc_hd__a21oi_2_B1/Y (sky130_fd_sc_hd__a21oi_1)
                                                         spi_sel_sky130_fd_sc_hd__a21oi_2_B1_Y (net)
                      0.226294    0.000038    6.691415 ^ fanout7/A (sky130_fd_sc_hd__clkbuf_4)
     9    0.044675    0.142022    0.270628    6.962043 ^ fanout7/X (sky130_fd_sc_hd__clkbuf_4)
                                                         net7 (net)
                      0.142022    0.000209    6.962252 ^ spi_out.shift_reg[2]_sky130_fd_sc_hd__mux2_1_A0/S (sky130_fd_sc_hd__mux2_1)
     1    0.002445    0.054713    0.329242    7.291494 v spi_out.shift_reg[2]_sky130_fd_sc_hd__mux2_1_A0/X (sky130_fd_sc_hd__mux2_1)
                                                         spi_out.shift_reg[2]_sky130_fd_sc_hd__dfrtp_2_Q_D (net)
                      0.054713    0.000006    7.291500 v spi_out.shift_reg[2]_sky130_fd_sc_hd__dfrtp_2_Q/D (sky130_fd_sc_hd__dfrtp_1)
                                              7.291500   data arrival time

                                 30.000000   30.000000   clock clk (rise edge)
                                  0.000000   30.000000   clock source latency
     1    0.028310    0.132872    0.092459   30.092459 ^ clk (in)
                                                         clk (net)
                      0.132912    0.000000   30.092459 ^ clkbuf_0_clk/A (sky130_fd_sc_hd__clkbuf_16)
     8    0.108967    0.123112    0.223171   30.315630 ^ clkbuf_0_clk/X (sky130_fd_sc_hd__clkbuf_16)
                                                         clknet_0_clk (net)
                      0.123270    0.003535   30.319164 ^ clkbuf_3_4__f_clk/A (sky130_fd_sc_hd__clkbuf_16)
    13    0.042847    0.062408    0.172733   30.491898 ^ clkbuf_3_4__f_clk/X (sky130_fd_sc_hd__clkbuf_16)
                                                         clknet_3_4__leaf_clk (net)
                      0.062408    0.000036   30.491934 ^ spi_out.shift_reg[2]_sky130_fd_sc_hd__dfrtp_2_Q/CLK (sky130_fd_sc_hd__dfrtp_1)
                                 -0.250000   30.241932   clock uncertainty
                                  0.000000   30.241932   clock reconvergence pessimism
                                 -0.114524   30.127407   library setup time
                                             30.127407   data required time
---------------------------------------------------------------------------------------------
                                             30.127407   data required time
                                             -7.291500   data arrival time
---------------------------------------------------------------------------------------------
                                             22.835907   slack (MET)


Startpoint: spi_clk (input port clocked by clk)
Endpoint: spi_out.shift_reg[5]_sky130_fd_sc_hd__dfrtp_2_Q
          (rising edge-triggered flip-flop clocked by clk)
Path Group: clk
Path Type: max

Fanout         Cap        Slew       Delay        Time   Description
---------------------------------------------------------------------------------------------
                                  0.000000    0.000000   clock clk (rise edge)
                                  0.000000    0.000000   clock network delay (propagated)
                                  6.000000    6.000000 v input external delay
     1    0.002571    0.008103    0.004026    6.004026 v spi_clk (in)
                                                         spi_clk (net)
                      0.008103    0.000000    6.004026 v input2/A (sky130_fd_sc_hd__clkbuf_1)
     3    0.006439    0.046556    0.089085    6.093111 v input2/X (sky130_fd_sc_hd__clkbuf_1)
                                                         net2 (net)
                      0.046556    0.000020    6.093131 v spi_clk_sky130_fd_sc_hd__or3b_2_A/A (sky130_fd_sc_hd__or3b_1)
     1    0.002420    0.064283    0.361740    6.454871 v spi_clk_sky130_fd_sc_hd__or3b_2_A/X (sky130_fd_sc_hd__or3b_1)
                                                         spi_clk_sky130_fd_sc_hd__or3b_2_A_X (net)
                      0.064283    0.000002    6.454873 v spi_sel_sky130_fd_sc_hd__a21oi_2_B1/A2 (sky130_fd_sc_hd__a21oi_1)
     2    0.009375    0.226294    0.236505    6.691377 ^ spi_sel_sky130_fd_sc_hd__a21oi_2_B1/Y (sky130_fd_sc_hd__a21oi_1)
                                                         spi_sel_sky130_fd_sc_hd__a21oi_2_B1_Y (net)
                      0.226294    0.000038    6.691415 ^ fanout7/A (sky130_fd_sc_hd__clkbuf_4)
     9    0.044675    0.142022    0.270628    6.962043 ^ fanout7/X (sky130_fd_sc_hd__clkbuf_4)
                                                         net7 (net)
                      0.142022    0.000322    6.962365 ^ spi_out.shift_reg[5]_sky130_fd_sc_hd__mux2_1_A0/S (sky130_fd_sc_hd__mux2_1)
     1    0.002405    0.054485    0.328869    7.291234 v spi_out.shift_reg[5]_sky130_fd_sc_hd__mux2_1_A0/X (sky130_fd_sc_hd__mux2_1)
                                                         spi_out.shift_reg[5]_sky130_fd_sc_hd__dfrtp_2_Q_D (net)
                      0.054485    0.000005    7.291240 v spi_out.shift_reg[5]_sky130_fd_sc_hd__dfrtp_2_Q/D (sky130_fd_sc_hd__dfrtp_1)
                                              7.291240   data arrival time

                                 30.000000   30.000000   clock clk (rise edge)
                                  0.000000   30.000000   clock source latency
     1    0.028310    0.132872    0.092459   30.092459 ^ clk (in)
                                                         clk (net)
                      0.132912    0.000000   30.092459 ^ clkbuf_0_clk/A (sky130_fd_sc_hd__clkbuf_16)
     8    0.108967    0.123112    0.223171   30.315630 ^ clkbuf_0_clk/X (sky130_fd_sc_hd__clkbuf_16)
                                                         clknet_0_clk (net)
                      0.123270    0.003535   30.319164 ^ clkbuf_3_4__f_clk/A (sky130_fd_sc_hd__clkbuf_16)
    13    0.042847    0.062408    0.172733   30.491898 ^ clkbuf_3_4__f_clk/X (sky130_fd_sc_hd__clkbuf_16)
                                                         clknet_3_4__leaf_clk (net)
                      0.062409    0.000320   30.492218 ^ spi_out.shift_reg[5]_sky130_fd_sc_hd__dfrtp_2_Q/CLK (sky130_fd_sc_hd__dfrtp_1)
                                 -0.250000   30.242216   clock uncertainty
                                  0.000000   30.242216   clock reconvergence pessimism
                                 -0.114424   30.127790   library setup time
                                             30.127790   data required time
---------------------------------------------------------------------------------------------
                                             30.127790   data required time
                                             -7.291240   data arrival time
---------------------------------------------------------------------------------------------
                                             22.836552   slack (MET)


Startpoint: spi_clk (input port clocked by clk)
Endpoint: spi_miso_sky130_fd_sc_hd__dfrtp_2_Q
          (rising edge-triggered flip-flop clocked by clk)
Path Group: clk
Path Type: max

Fanout         Cap        Slew       Delay        Time   Description
---------------------------------------------------------------------------------------------
                                  0.000000    0.000000   clock clk (rise edge)
                                  0.000000    0.000000   clock network delay (propagated)
                                  6.000000    6.000000 v input external delay
     1    0.002571    0.008103    0.004026    6.004026 v spi_clk (in)
                                                         spi_clk (net)
                      0.008103    0.000000    6.004026 v input2/A (sky130_fd_sc_hd__clkbuf_1)
     3    0.006439    0.046556    0.089085    6.093111 v input2/X (sky130_fd_sc_hd__clkbuf_1)
                                                         net2 (net)
                      0.046556    0.000020    6.093131 v spi_clk_sky130_fd_sc_hd__or3b_2_A/A (sky130_fd_sc_hd__or3b_1)
     1    0.002420    0.064283    0.361740    6.454871 v spi_clk_sky130_fd_sc_hd__or3b_2_A/X (sky130_fd_sc_hd__or3b_1)
                                                         spi_clk_sky130_fd_sc_hd__or3b_2_A_X (net)
                      0.064283    0.000002    6.454873 v spi_sel_sky130_fd_sc_hd__a21oi_2_B1/A2 (sky130_fd_sc_hd__a21oi_1)
     2    0.009375    0.226294    0.236505    6.691377 ^ spi_sel_sky130_fd_sc_hd__a21oi_2_B1/Y (sky130_fd_sc_hd__a21oi_1)
                                                         spi_sel_sky130_fd_sc_hd__a21oi_2_B1_Y (net)
                      0.226294    0.000038    6.691415 ^ fanout7/A (sky130_fd_sc_hd__clkbuf_4)
     9    0.044675    0.142022    0.270628    6.962043 ^ fanout7/X (sky130_fd_sc_hd__clkbuf_4)
                                                         net7 (net)
                      0.142022    0.000171    6.962214 ^ spi_miso_sky130_fd_sc_hd__mux2_1_A0/S (sky130_fd_sc_hd__mux2_1)
     1    0.002132    0.052916    0.326298    7.288513 v spi_miso_sky130_fd_sc_hd__mux2_1_A0/X (sky130_fd_sc_hd__mux2_1)
                                                         spi_miso_sky130_fd_sc_hd__dfrtp_2_Q_D (net)
                      0.052916    0.000002    7.288515 v spi_miso_sky130_fd_sc_hd__dfrtp_2_Q/D (sky130_fd_sc_hd__dfrtp_1)
                                              7.288515   data arrival time

                                 30.000000   30.000000   clock clk (rise edge)
                                  0.000000   30.000000   clock source latency
     1    0.028310    0.132872    0.092459   30.092459 ^ clk (in)
                                                         clk (net)
                      0.132912    0.000000   30.092459 ^ clkbuf_0_clk/A (sky130_fd_sc_hd__clkbuf_16)
     8    0.108967    0.123112    0.223171   30.315630 ^ clkbuf_0_clk/X (sky130_fd_sc_hd__clkbuf_16)
                                                         clknet_0_clk (net)
                      0.123270    0.003535   30.319164 ^ clkbuf_3_4__f_clk/A (sky130_fd_sc_hd__clkbuf_16)
    13    0.042847    0.062408    0.172733   30.491898 ^ clkbuf_3_4__f_clk/X (sky130_fd_sc_hd__clkbuf_16)
                                                         clknet_3_4__leaf_clk (net)
                      0.062410    0.000419   30.492317 ^ spi_miso_sky130_fd_sc_hd__dfrtp_2_Q/CLK (sky130_fd_sc_hd__dfrtp_1)
                                 -0.250000   30.242315   clock uncertainty
                                  0.000000   30.242315   clock reconvergence pessimism
                                 -0.113740   30.128576   library setup time
                                             30.128576   data required time
---------------------------------------------------------------------------------------------
                                             30.128576   data required time
                                             -7.288515   data arrival time
---------------------------------------------------------------------------------------------
                                             22.840061   slack (MET)


Startpoint: spi_clk (input port clocked by clk)
Endpoint: spi_out.shift_reg[11]_sky130_fd_sc_hd__dfrtp_2_Q
          (rising edge-triggered flip-flop clocked by clk)
Path Group: clk
Path Type: max

Fanout         Cap        Slew       Delay        Time   Description
---------------------------------------------------------------------------------------------
                                  0.000000    0.000000   clock clk (rise edge)
                                  0.000000    0.000000   clock network delay (propagated)
                                  6.000000    6.000000 v input external delay
     1    0.002571    0.008103    0.004026    6.004026 v spi_clk (in)
                                                         spi_clk (net)
                      0.008103    0.000000    6.004026 v input2/A (sky130_fd_sc_hd__clkbuf_1)
     3    0.006439    0.046556    0.089085    6.093111 v input2/X (sky130_fd_sc_hd__clkbuf_1)
                                                         net2 (net)
                      0.046556    0.000020    6.093131 v spi_clk_sky130_fd_sc_hd__or3b_2_A/A (sky130_fd_sc_hd__or3b_1)
     1    0.002420    0.064283    0.361740    6.454871 v spi_clk_sky130_fd_sc_hd__or3b_2_A/X (sky130_fd_sc_hd__or3b_1)
                                                         spi_clk_sky130_fd_sc_hd__or3b_2_A_X (net)
                      0.064283    0.000002    6.454873 v spi_sel_sky130_fd_sc_hd__a21oi_2_B1/A2 (sky130_fd_sc_hd__a21oi_1)
     2    0.009375    0.226294    0.236505    6.691377 ^ spi_sel_sky130_fd_sc_hd__a21oi_2_B1/Y (sky130_fd_sc_hd__a21oi_1)
                                                         spi_sel_sky130_fd_sc_hd__a21oi_2_B1_Y (net)
                      0.226294    0.000091    6.691468 ^ fanout6/A (sky130_fd_sc_hd__buf_4)
    10    0.056128    0.159156    0.254126    6.945594 ^ fanout6/X (sky130_fd_sc_hd__buf_4)
                                                         net6 (net)
                      0.159156    0.000442    6.946035 ^ spi_out.shift_reg[11]_sky130_fd_sc_hd__mux2_1_A0/S (sky130_fd_sc_hd__mux2_1)
     1    0.002731    0.056354    0.334407    7.280442 v spi_out.shift_reg[11]_sky130_fd_sc_hd__mux2_1_A0/X (sky130_fd_sc_hd__mux2_1)
                                                         spi_out.shift_reg[11]_sky130_fd_sc_hd__dfrtp_2_Q_D (net)
                      0.056354    0.000008    7.280450 v spi_out.shift_reg[11]_sky130_fd_sc_hd__dfrtp_2_Q/D (sky130_fd_sc_hd__dfrtp_1)
                                              7.280450   data arrival time

                                 30.000000   30.000000   clock clk (rise edge)
                                  0.000000   30.000000   clock source latency
     1    0.028310    0.132872    0.092459   30.092459 ^ clk (in)
                                                         clk (net)
                      0.132912    0.000000   30.092459 ^ clkbuf_0_clk/A (sky130_fd_sc_hd__clkbuf_16)
     8    0.108967    0.123112    0.223171   30.315630 ^ clkbuf_0_clk/X (sky130_fd_sc_hd__clkbuf_16)
                                                         clknet_0_clk (net)
                      0.123305    0.003901   30.319530 ^ clkbuf_3_0__f_clk/A (sky130_fd_sc_hd__clkbuf_16)
    10    0.037145    0.057367    0.168555   30.488087 ^ clkbuf_3_0__f_clk/X (sky130_fd_sc_hd__clkbuf_16)
                                                         clknet_3_0__leaf_clk (net)
                      0.057367    0.000053   30.488138 ^ spi_out.shift_reg[11]_sky130_fd_sc_hd__dfrtp_2_Q/CLK (sky130_fd_sc_hd__dfrtp_1)
                                 -0.250000   30.238138   clock uncertainty
                                  0.000000   30.238138   clock reconvergence pessimism
                                 -0.116394   30.121744   library setup time
                                             30.121744   data required time
---------------------------------------------------------------------------------------------
                                             30.121744   data required time
                                             -7.280450   data arrival time
---------------------------------------------------------------------------------------------
                                             22.841293   slack (MET)


Startpoint: spi_clk (input port clocked by clk)
Endpoint: spi_out.shift_reg[9]_sky130_fd_sc_hd__dfrtp_2_Q
          (rising edge-triggered flip-flop clocked by clk)
Path Group: clk
Path Type: max

Fanout         Cap        Slew       Delay        Time   Description
---------------------------------------------------------------------------------------------
                                  0.000000    0.000000   clock clk (rise edge)
                                  0.000000    0.000000   clock network delay (propagated)
                                  6.000000    6.000000 v input external delay
     1    0.002571    0.008103    0.004026    6.004026 v spi_clk (in)
                                                         spi_clk (net)
                      0.008103    0.000000    6.004026 v input2/A (sky130_fd_sc_hd__clkbuf_1)
     3    0.006439    0.046556    0.089085    6.093111 v input2/X (sky130_fd_sc_hd__clkbuf_1)
                                                         net2 (net)
                      0.046556    0.000020    6.093131 v spi_clk_sky130_fd_sc_hd__or3b_2_A/A (sky130_fd_sc_hd__or3b_1)
     1    0.002420    0.064283    0.361740    6.454871 v spi_clk_sky130_fd_sc_hd__or3b_2_A/X (sky130_fd_sc_hd__or3b_1)
                                                         spi_clk_sky130_fd_sc_hd__or3b_2_A_X (net)
                      0.064283    0.000002    6.454873 v spi_sel_sky130_fd_sc_hd__a21oi_2_B1/A2 (sky130_fd_sc_hd__a21oi_1)
     2    0.009375    0.226294    0.236505    6.691377 ^ spi_sel_sky130_fd_sc_hd__a21oi_2_B1/Y (sky130_fd_sc_hd__a21oi_1)
                                                         spi_sel_sky130_fd_sc_hd__a21oi_2_B1_Y (net)
                      0.226294    0.000091    6.691468 ^ fanout6/A (sky130_fd_sc_hd__buf_4)
    10    0.056128    0.159156    0.254126    6.945594 ^ fanout6/X (sky130_fd_sc_hd__buf_4)
                                                         net6 (net)
                      0.159158    0.000810    6.946404 ^ spi_out.shift_reg[9]_sky130_fd_sc_hd__mux2_1_A0/S (sky130_fd_sc_hd__mux2_1)
     1    0.002310    0.053928    0.330433    7.276837 v spi_out.shift_reg[9]_sky130_fd_sc_hd__mux2_1_A0/X (sky130_fd_sc_hd__mux2_1)
                                                         spi_out.shift_reg[9]_sky130_fd_sc_hd__dfrtp_2_Q_D (net)
                      0.053928    0.000004    7.276841 v spi_out.shift_reg[9]_sky130_fd_sc_hd__dfrtp_2_Q/D (sky130_fd_sc_hd__dfrtp_1)
                                              7.276841   data arrival time

                                 30.000000   30.000000   clock clk (rise edge)
                                  0.000000   30.000000   clock source latency
     1    0.028310    0.132872    0.092459   30.092459 ^ clk (in)
                                                         clk (net)
                      0.132912    0.000000   30.092459 ^ clkbuf_0_clk/A (sky130_fd_sc_hd__clkbuf_16)
     8    0.108967    0.123112    0.223171   30.315630 ^ clkbuf_0_clk/X (sky130_fd_sc_hd__clkbuf_16)
                                                         clknet_0_clk (net)
                      0.123305    0.003901   30.319530 ^ clkbuf_3_0__f_clk/A (sky130_fd_sc_hd__clkbuf_16)
    10    0.037145    0.057367    0.168555   30.488087 ^ clkbuf_3_0__f_clk/X (sky130_fd_sc_hd__clkbuf_16)
                                                         clknet_3_0__leaf_clk (net)
                      0.057367    0.000085   30.488171 ^ spi_out.shift_reg[9]_sky130_fd_sc_hd__dfrtp_2_Q/CLK (sky130_fd_sc_hd__dfrtp_1)
                                 -0.250000   30.238171   clock uncertainty
                                  0.000000   30.238171   clock reconvergence pessimism
                                 -0.115336   30.122835   library setup time
                                             30.122835   data required time
---------------------------------------------------------------------------------------------
                                             30.122835   data required time
                                             -7.276841   data arrival time
---------------------------------------------------------------------------------------------
                                             22.845995   slack (MET)


Startpoint: spi_clk (input port clocked by clk)
Endpoint: spi_out.shift_reg[10]_sky130_fd_sc_hd__dfrtp_2_Q
          (rising edge-triggered flip-flop clocked by clk)
Path Group: clk
Path Type: max

Fanout         Cap        Slew       Delay        Time   Description
---------------------------------------------------------------------------------------------
                                  0.000000    0.000000   clock clk (rise edge)
                                  0.000000    0.000000   clock network delay (propagated)
                                  6.000000    6.000000 v input external delay
     1    0.002571    0.008103    0.004026    6.004026 v spi_clk (in)
                                                         spi_clk (net)
                      0.008103    0.000000    6.004026 v input2/A (sky130_fd_sc_hd__clkbuf_1)
     3    0.006439    0.046556    0.089085    6.093111 v input2/X (sky130_fd_sc_hd__clkbuf_1)
                                                         net2 (net)
                      0.046556    0.000020    6.093131 v spi_clk_sky130_fd_sc_hd__or3b_2_A/A (sky130_fd_sc_hd__or3b_1)
     1    0.002420    0.064283    0.361740    6.454871 v spi_clk_sky130_fd_sc_hd__or3b_2_A/X (sky130_fd_sc_hd__or3b_1)
                                                         spi_clk_sky130_fd_sc_hd__or3b_2_A_X (net)
                      0.064283    0.000002    6.454873 v spi_sel_sky130_fd_sc_hd__a21oi_2_B1/A2 (sky130_fd_sc_hd__a21oi_1)
     2    0.009375    0.226294    0.236505    6.691377 ^ spi_sel_sky130_fd_sc_hd__a21oi_2_B1/Y (sky130_fd_sc_hd__a21oi_1)
                                                         spi_sel_sky130_fd_sc_hd__a21oi_2_B1_Y (net)
                      0.226294    0.000091    6.691468 ^ fanout6/A (sky130_fd_sc_hd__buf_4)
    10    0.056128    0.159156    0.254126    6.945594 ^ fanout6/X (sky130_fd_sc_hd__buf_4)
                                                         net6 (net)
                      0.159156    0.000468    6.946061 ^ spi_out.shift_reg[10]_sky130_fd_sc_hd__mux2_1_A0/S (sky130_fd_sc_hd__mux2_1)
     1    0.002270    0.053701    0.330059    7.276120 v spi_out.shift_reg[10]_sky130_fd_sc_hd__mux2_1_A0/X (sky130_fd_sc_hd__mux2_1)
                                                         spi_out.shift_reg[10]_sky130_fd_sc_hd__dfrtp_2_Q_D (net)
                      0.053701    0.000004    7.276124 v spi_out.shift_reg[10]_sky130_fd_sc_hd__dfrtp_2_Q/D (sky130_fd_sc_hd__dfrtp_1)
                                              7.276124   data arrival time

                                 30.000000   30.000000   clock clk (rise edge)
                                  0.000000   30.000000   clock source latency
     1    0.028310    0.132872    0.092459   30.092459 ^ clk (in)
                                                         clk (net)
                      0.132912    0.000000   30.092459 ^ clkbuf_0_clk/A (sky130_fd_sc_hd__clkbuf_16)
     8    0.108967    0.123112    0.223171   30.315630 ^ clkbuf_0_clk/X (sky130_fd_sc_hd__clkbuf_16)
                                                         clknet_0_clk (net)
                      0.123305    0.003901   30.319530 ^ clkbuf_3_0__f_clk/A (sky130_fd_sc_hd__clkbuf_16)
    10    0.037145    0.057367    0.168555   30.488087 ^ clkbuf_3_0__f_clk/X (sky130_fd_sc_hd__clkbuf_16)
                                                         clknet_3_0__leaf_clk (net)
                      0.057367    0.000053   30.488138 ^ spi_out.shift_reg[10]_sky130_fd_sc_hd__dfrtp_2_Q/CLK (sky130_fd_sc_hd__dfrtp_1)
                                 -0.250000   30.238138   clock uncertainty
                                  0.000000   30.238138   clock reconvergence pessimism
                                 -0.115237   30.122902   library setup time
                                             30.122902   data required time
---------------------------------------------------------------------------------------------
                                             30.122902   data required time
                                             -7.276124   data arrival time
---------------------------------------------------------------------------------------------
                                             22.846777   slack (MET)


Startpoint: spi_clk (input port clocked by clk)
Endpoint: spi_out.shift_reg[7]_sky130_fd_sc_hd__dfrtp_2_Q
          (rising edge-triggered flip-flop clocked by clk)
Path Group: clk
Path Type: max

Fanout         Cap        Slew       Delay        Time   Description
---------------------------------------------------------------------------------------------
                                  0.000000    0.000000   clock clk (rise edge)
                                  0.000000    0.000000   clock network delay (propagated)
                                  6.000000    6.000000 v input external delay
     1    0.002571    0.008103    0.004026    6.004026 v spi_clk (in)
                                                         spi_clk (net)
                      0.008103    0.000000    6.004026 v input2/A (sky130_fd_sc_hd__clkbuf_1)
     3    0.006439    0.046556    0.089085    6.093111 v input2/X (sky130_fd_sc_hd__clkbuf_1)
                                                         net2 (net)
                      0.046556    0.000020    6.093131 v spi_clk_sky130_fd_sc_hd__or3b_2_A/A (sky130_fd_sc_hd__or3b_1)
     1    0.002420    0.064283    0.361740    6.454871 v spi_clk_sky130_fd_sc_hd__or3b_2_A/X (sky130_fd_sc_hd__or3b_1)
                                                         spi_clk_sky130_fd_sc_hd__or3b_2_A_X (net)
                      0.064283    0.000002    6.454873 v spi_sel_sky130_fd_sc_hd__a21oi_2_B1/A2 (sky130_fd_sc_hd__a21oi_1)
     2    0.009375    0.226294    0.236505    6.691377 ^ spi_sel_sky130_fd_sc_hd__a21oi_2_B1/Y (sky130_fd_sc_hd__a21oi_1)
                                                         spi_sel_sky130_fd_sc_hd__a21oi_2_B1_Y (net)
                      0.226294    0.000091    6.691468 ^ fanout6/A (sky130_fd_sc_hd__buf_4)
    10    0.056128    0.159156    0.254126    6.945594 ^ fanout6/X (sky130_fd_sc_hd__buf_4)
                                                         net6 (net)
                      0.159156    0.000607    6.946200 ^ spi_out.shift_reg[7]_sky130_fd_sc_hd__mux2_1_A0/S (sky130_fd_sc_hd__mux2_1)
     1    0.002652    0.055898    0.333660    7.279860 v spi_out.shift_reg[7]_sky130_fd_sc_hd__mux2_1_A0/X (sky130_fd_sc_hd__mux2_1)
                                                         spi_out.shift_reg[7]_sky130_fd_sc_hd__dfrtp_2_Q_D (net)
                      0.055898    0.000007    7.279867 v spi_out.shift_reg[7]_sky130_fd_sc_hd__dfrtp_2_Q/D (sky130_fd_sc_hd__dfrtp_1)
                                              7.279867   data arrival time

                                 30.000000   30.000000   clock clk (rise edge)
                                  0.000000   30.000000   clock source latency
     1    0.028310    0.132872    0.092459   30.092459 ^ clk (in)
                                                         clk (net)
                      0.132912    0.000000   30.092459 ^ clkbuf_0_clk/A (sky130_fd_sc_hd__clkbuf_16)
     8    0.108967    0.123112    0.223171   30.315630 ^ clkbuf_0_clk/X (sky130_fd_sc_hd__clkbuf_16)
                                                         clknet_0_clk (net)
                      0.123241    0.003197   30.318827 ^ clkbuf_3_1__f_clk/A (sky130_fd_sc_hd__clkbuf_16)
    12    0.043307    0.062829    0.173113   30.491941 ^ clkbuf_3_1__f_clk/X (sky130_fd_sc_hd__clkbuf_16)
                                                         clknet_3_1__leaf_clk (net)
                      0.062829    0.000131   30.492071 ^ spi_out.shift_reg[7]_sky130_fd_sc_hd__dfrtp_2_Q/CLK (sky130_fd_sc_hd__dfrtp_1)
                                 -0.250000   30.242071   clock uncertainty
                                  0.000000   30.242071   clock reconvergence pessimism
                                 -0.114944   30.127127   library setup time
                                             30.127127   data required time
---------------------------------------------------------------------------------------------
                                             30.127127   data required time
                                             -7.279867   data arrival time
---------------------------------------------------------------------------------------------
                                             22.847260   slack (MET)


Startpoint: spi_clk (input port clocked by clk)
Endpoint: spi_out.shift_reg[6]_sky130_fd_sc_hd__dfrtp_2_Q
          (rising edge-triggered flip-flop clocked by clk)
Path Group: clk
Path Type: max

Fanout         Cap        Slew       Delay        Time   Description
---------------------------------------------------------------------------------------------
                                  0.000000    0.000000   clock clk (rise edge)
                                  0.000000    0.000000   clock network delay (propagated)
                                  6.000000    6.000000 v input external delay
     1    0.002571    0.008103    0.004026    6.004026 v spi_clk (in)
                                                         spi_clk (net)
                      0.008103    0.000000    6.004026 v input2/A (sky130_fd_sc_hd__clkbuf_1)
     3    0.006439    0.046556    0.089085    6.093111 v input2/X (sky130_fd_sc_hd__clkbuf_1)
                                                         net2 (net)
                      0.046556    0.000020    6.093131 v spi_clk_sky130_fd_sc_hd__or3b_2_A/A (sky130_fd_sc_hd__or3b_1)
     1    0.002420    0.064283    0.361740    6.454871 v spi_clk_sky130_fd_sc_hd__or3b_2_A/X (sky130_fd_sc_hd__or3b_1)
                                                         spi_clk_sky130_fd_sc_hd__or3b_2_A_X (net)
                      0.064283    0.000002    6.454873 v spi_sel_sky130_fd_sc_hd__a21oi_2_B1/A2 (sky130_fd_sc_hd__a21oi_1)
     2    0.009375    0.226294    0.236505    6.691377 ^ spi_sel_sky130_fd_sc_hd__a21oi_2_B1/Y (sky130_fd_sc_hd__a21oi_1)
                                                         spi_sel_sky130_fd_sc_hd__a21oi_2_B1_Y (net)
                      0.226294    0.000091    6.691468 ^ fanout6/A (sky130_fd_sc_hd__buf_4)
    10    0.056128    0.159156    0.254126    6.945594 ^ fanout6/X (sky130_fd_sc_hd__buf_4)
                                                         net6 (net)
                      0.159156    0.000424    6.946017 ^ spi_out.shift_reg[6]_sky130_fd_sc_hd__mux2_1_A0/S (sky130_fd_sc_hd__mux2_1)
     1    0.002652    0.055898    0.333660    7.279677 v spi_out.shift_reg[6]_sky130_fd_sc_hd__mux2_1_A0/X (sky130_fd_sc_hd__mux2_1)
                                                         spi_out.shift_reg[6]_sky130_fd_sc_hd__dfrtp_2_Q_D (net)
                      0.055898    0.000007    7.279684 v spi_out.shift_reg[6]_sky130_fd_sc_hd__dfrtp_2_Q/D (sky130_fd_sc_hd__dfrtp_1)
                                              7.279684   data arrival time

                                 30.000000   30.000000   clock clk (rise edge)
                                  0.000000   30.000000   clock source latency
     1    0.028310    0.132872    0.092459   30.092459 ^ clk (in)
                                                         clk (net)
                      0.132912    0.000000   30.092459 ^ clkbuf_0_clk/A (sky130_fd_sc_hd__clkbuf_16)
     8    0.108967    0.123112    0.223171   30.315630 ^ clkbuf_0_clk/X (sky130_fd_sc_hd__clkbuf_16)
                                                         clknet_0_clk (net)
                      0.123241    0.003197   30.318827 ^ clkbuf_3_1__f_clk/A (sky130_fd_sc_hd__clkbuf_16)
    12    0.043307    0.062829    0.173113   30.491941 ^ clkbuf_3_1__f_clk/X (sky130_fd_sc_hd__clkbuf_16)
                                                         clknet_3_1__leaf_clk (net)
                      0.062829    0.000163   30.492104 ^ spi_out.shift_reg[6]_sky130_fd_sc_hd__dfrtp_2_Q/CLK (sky130_fd_sc_hd__dfrtp_1)
                                 -0.250000   30.242104   clock uncertainty
                                  0.000000   30.242104   clock reconvergence pessimism
                                 -0.114944   30.127159   library setup time
                                             30.127159   data required time
---------------------------------------------------------------------------------------------
                                             30.127159   data required time
                                             -7.279684   data arrival time
---------------------------------------------------------------------------------------------
                                             22.847473   slack (MET)


Startpoint: spi_clk (input port clocked by clk)
Endpoint: spi_out.shift_reg[13]_sky130_fd_sc_hd__dfrtp_2_Q
          (rising edge-triggered flip-flop clocked by clk)
Path Group: clk
Path Type: max

Fanout         Cap        Slew       Delay        Time   Description
---------------------------------------------------------------------------------------------
                                  0.000000    0.000000   clock clk (rise edge)
                                  0.000000    0.000000   clock network delay (propagated)
                                  6.000000    6.000000 v input external delay
     1    0.002571    0.008103    0.004026    6.004026 v spi_clk (in)
                                                         spi_clk (net)
                      0.008103    0.000000    6.004026 v input2/A (sky130_fd_sc_hd__clkbuf_1)
     3    0.006439    0.046556    0.089085    6.093111 v input2/X (sky130_fd_sc_hd__clkbuf_1)
                                                         net2 (net)
                      0.046556    0.000020    6.093131 v spi_clk_sky130_fd_sc_hd__or3b_2_A/A (sky130_fd_sc_hd__or3b_1)
     1    0.002420    0.064283    0.361740    6.454871 v spi_clk_sky130_fd_sc_hd__or3b_2_A/X (sky130_fd_sc_hd__or3b_1)
                                                         spi_clk_sky130_fd_sc_hd__or3b_2_A_X (net)
                      0.064283    0.000002    6.454873 v spi_sel_sky130_fd_sc_hd__a21oi_2_B1/A2 (sky130_fd_sc_hd__a21oi_1)
     2    0.009375    0.226294    0.236505    6.691377 ^ spi_sel_sky130_fd_sc_hd__a21oi_2_B1/Y (sky130_fd_sc_hd__a21oi_1)
                                                         spi_sel_sky130_fd_sc_hd__a21oi_2_B1_Y (net)
                      0.226294    0.000091    6.691468 ^ fanout6/A (sky130_fd_sc_hd__buf_4)
    10    0.056128    0.159156    0.254126    6.945594 ^ fanout6/X (sky130_fd_sc_hd__buf_4)
                                                         net6 (net)
                      0.159156    0.000231    6.945825 ^ spi_out.shift_reg[13]_sky130_fd_sc_hd__mux2_1_A0/S (sky130_fd_sc_hd__mux2_1)
     1    0.002603    0.055616    0.333198    7.279023 v spi_out.shift_reg[13]_sky130_fd_sc_hd__mux2_1_A0/X (sky130_fd_sc_hd__mux2_1)
                                                         spi_out.shift_reg[13]_sky130_fd_sc_hd__dfrtp_2_Q_D (net)
                      0.055616    0.000008    7.279030 v spi_out.shift_reg[13]_sky130_fd_sc_hd__dfrtp_2_Q/D (sky130_fd_sc_hd__dfrtp_1)
                                              7.279030   data arrival time

                                 30.000000   30.000000   clock clk (rise edge)
                                  0.000000   30.000000   clock source latency
     1    0.028310    0.132872    0.092459   30.092459 ^ clk (in)
                                                         clk (net)
                      0.132912    0.000000   30.092459 ^ clkbuf_0_clk/A (sky130_fd_sc_hd__clkbuf_16)
     8    0.108967    0.123112    0.223171   30.315630 ^ clkbuf_0_clk/X (sky130_fd_sc_hd__clkbuf_16)
                                                         clknet_0_clk (net)
                      0.123241    0.003197   30.318827 ^ clkbuf_3_1__f_clk/A (sky130_fd_sc_hd__clkbuf_16)
    12    0.043307    0.062829    0.173113   30.491941 ^ clkbuf_3_1__f_clk/X (sky130_fd_sc_hd__clkbuf_16)
                                                         clknet_3_1__leaf_clk (net)
                      0.062829    0.000139   30.492079 ^ spi_out.shift_reg[13]_sky130_fd_sc_hd__dfrtp_2_Q/CLK (sky130_fd_sc_hd__dfrtp_1)
                                 -0.250000   30.242079   clock uncertainty
                                  0.000000   30.242079   clock reconvergence pessimism
                                 -0.114821   30.127258   library setup time
                                             30.127258   data required time
---------------------------------------------------------------------------------------------
                                             30.127258   data required time
                                             -7.279030   data arrival time
---------------------------------------------------------------------------------------------
                                             22.848227   slack (MET)


Startpoint: spi_clk (input port clocked by clk)
Endpoint: spi_out.shift_reg[12]_sky130_fd_sc_hd__dfrtp_2_Q
          (rising edge-triggered flip-flop clocked by clk)
Path Group: clk
Path Type: max

Fanout         Cap        Slew       Delay        Time   Description
---------------------------------------------------------------------------------------------
                                  0.000000    0.000000   clock clk (rise edge)
                                  0.000000    0.000000   clock network delay (propagated)
                                  6.000000    6.000000 v input external delay
     1    0.002571    0.008103    0.004026    6.004026 v spi_clk (in)
                                                         spi_clk (net)
                      0.008103    0.000000    6.004026 v input2/A (sky130_fd_sc_hd__clkbuf_1)
     3    0.006439    0.046556    0.089085    6.093111 v input2/X (sky130_fd_sc_hd__clkbuf_1)
                                                         net2 (net)
                      0.046556    0.000020    6.093131 v spi_clk_sky130_fd_sc_hd__or3b_2_A/A (sky130_fd_sc_hd__or3b_1)
     1    0.002420    0.064283    0.361740    6.454871 v spi_clk_sky130_fd_sc_hd__or3b_2_A/X (sky130_fd_sc_hd__or3b_1)
                                                         spi_clk_sky130_fd_sc_hd__or3b_2_A_X (net)
                      0.064283    0.000002    6.454873 v spi_sel_sky130_fd_sc_hd__a21oi_2_B1/A2 (sky130_fd_sc_hd__a21oi_1)
     2    0.009375    0.226294    0.236505    6.691377 ^ spi_sel_sky130_fd_sc_hd__a21oi_2_B1/Y (sky130_fd_sc_hd__a21oi_1)
                                                         spi_sel_sky130_fd_sc_hd__a21oi_2_B1_Y (net)
                      0.226294    0.000091    6.691468 ^ fanout6/A (sky130_fd_sc_hd__buf_4)
    10    0.056128    0.159156    0.254126    6.945594 ^ fanout6/X (sky130_fd_sc_hd__buf_4)
                                                         net6 (net)
                      0.159158    0.000803    6.946397 ^ spi_out.shift_reg[12]_sky130_fd_sc_hd__mux2_1_A0/S (sky130_fd_sc_hd__mux2_1)
     1    0.002508    0.055068    0.332299    7.278696 v spi_out.shift_reg[12]_sky130_fd_sc_hd__mux2_1_A0/X (sky130_fd_sc_hd__mux2_1)
                                                         spi_out.shift_reg[12]_sky130_fd_sc_hd__dfrtp_2_Q_D (net)
                      0.055068    0.000006    7.278702 v spi_out.shift_reg[12]_sky130_fd_sc_hd__dfrtp_2_Q/D (sky130_fd_sc_hd__dfrtp_1)
                                              7.278702   data arrival time

                                 30.000000   30.000000   clock clk (rise edge)
                                  0.000000   30.000000   clock source latency
     1    0.028310    0.132872    0.092459   30.092459 ^ clk (in)
                                                         clk (net)
                      0.132912    0.000000   30.092459 ^ clkbuf_0_clk/A (sky130_fd_sc_hd__clkbuf_16)
     8    0.108967    0.123112    0.223171   30.315630 ^ clkbuf_0_clk/X (sky130_fd_sc_hd__clkbuf_16)
                                                         clknet_0_clk (net)
                      0.123241    0.003197   30.318827 ^ clkbuf_3_1__f_clk/A (sky130_fd_sc_hd__clkbuf_16)
    12    0.043307    0.062829    0.173113   30.491941 ^ clkbuf_3_1__f_clk/X (sky130_fd_sc_hd__clkbuf_16)
                                                         clknet_3_1__leaf_clk (net)
                      0.062829    0.000078   30.492018 ^ spi_out.shift_reg[12]_sky130_fd_sc_hd__dfrtp_2_Q/CLK (sky130_fd_sc_hd__dfrtp_1)
                                 -0.250000   30.242018   clock uncertainty
                                  0.000000   30.242018   clock reconvergence pessimism
                                 -0.114582   30.127436   library setup time
                                             30.127436   data required time
---------------------------------------------------------------------------------------------
                                             30.127436   data required time
                                             -7.278702   data arrival time
---------------------------------------------------------------------------------------------
                                             22.848734   slack (MET)


Startpoint: spi_clk (input port clocked by clk)
Endpoint: spi_out.shift_reg[8]_sky130_fd_sc_hd__dfrtp_2_Q
          (rising edge-triggered flip-flop clocked by clk)
Path Group: clk
Path Type: max

Fanout         Cap        Slew       Delay        Time   Description
---------------------------------------------------------------------------------------------
                                  0.000000    0.000000   clock clk (rise edge)
                                  0.000000    0.000000   clock network delay (propagated)
                                  6.000000    6.000000 v input external delay
     1    0.002571    0.008103    0.004026    6.004026 v spi_clk (in)
                                                         spi_clk (net)
                      0.008103    0.000000    6.004026 v input2/A (sky130_fd_sc_hd__clkbuf_1)
     3    0.006439    0.046556    0.089085    6.093111 v input2/X (sky130_fd_sc_hd__clkbuf_1)
                                                         net2 (net)
                      0.046556    0.000020    6.093131 v spi_clk_sky130_fd_sc_hd__or3b_2_A/A (sky130_fd_sc_hd__or3b_1)
     1    0.002420    0.064283    0.361740    6.454871 v spi_clk_sky130_fd_sc_hd__or3b_2_A/X (sky130_fd_sc_hd__or3b_1)
                                                         spi_clk_sky130_fd_sc_hd__or3b_2_A_X (net)
                      0.064283    0.000002    6.454873 v spi_sel_sky130_fd_sc_hd__a21oi_2_B1/A2 (sky130_fd_sc_hd__a21oi_1)
     2    0.009375    0.226294    0.236505    6.691377 ^ spi_sel_sky130_fd_sc_hd__a21oi_2_B1/Y (sky130_fd_sc_hd__a21oi_1)
                                                         spi_sel_sky130_fd_sc_hd__a21oi_2_B1_Y (net)
                      0.226294    0.000091    6.691468 ^ fanout6/A (sky130_fd_sc_hd__buf_4)
    10    0.056128    0.159156    0.254126    6.945594 ^ fanout6/X (sky130_fd_sc_hd__buf_4)
                                                         net6 (net)
                      0.159157    0.000776    6.946370 ^ spi_out.shift_reg[8]_sky130_fd_sc_hd__mux2_1_A0/S (sky130_fd_sc_hd__mux2_1)
     1    0.002389    0.054384    0.331179    7.277548 v spi_out.shift_reg[8]_sky130_fd_sc_hd__mux2_1_A0/X (sky130_fd_sc_hd__mux2_1)
                                                         spi_out.shift_reg[8]_sky130_fd_sc_hd__dfrtp_2_Q_D (net)
                      0.054384    0.000005    7.277554 v spi_out.shift_reg[8]_sky130_fd_sc_hd__dfrtp_2_Q/D (sky130_fd_sc_hd__dfrtp_1)
                                              7.277554   data arrival time

                                 30.000000   30.000000   clock clk (rise edge)
                                  0.000000   30.000000   clock source latency
     1    0.028310    0.132872    0.092459   30.092459 ^ clk (in)
                                                         clk (net)
                      0.132912    0.000000   30.092459 ^ clkbuf_0_clk/A (sky130_fd_sc_hd__clkbuf_16)
     8    0.108967    0.123112    0.223171   30.315630 ^ clkbuf_0_clk/X (sky130_fd_sc_hd__clkbuf_16)
                                                         clknet_0_clk (net)
                      0.123241    0.003197   30.318827 ^ clkbuf_3_1__f_clk/A (sky130_fd_sc_hd__clkbuf_16)
    12    0.043307    0.062829    0.173113   30.491941 ^ clkbuf_3_1__f_clk/X (sky130_fd_sc_hd__clkbuf_16)
                                                         clknet_3_1__leaf_clk (net)
                      0.062829    0.000096   30.492037 ^ spi_out.shift_reg[8]_sky130_fd_sc_hd__dfrtp_2_Q/CLK (sky130_fd_sc_hd__dfrtp_1)
                                 -0.250000   30.242035   clock uncertainty
                                  0.000000   30.242035   clock reconvergence pessimism
                                 -0.114284   30.127752   library setup time
                                             30.127752   data required time
---------------------------------------------------------------------------------------------
                                             30.127752   data required time
                                             -7.277554   data arrival time
---------------------------------------------------------------------------------------------
                                             22.850199   slack (MET)


Startpoint: spi_clk (input port clocked by clk)
Endpoint: spi_out.shift_reg[14]_sky130_fd_sc_hd__dfrtp_2_Q
          (rising edge-triggered flip-flop clocked by clk)
Path Group: clk
Path Type: max

Fanout         Cap        Slew       Delay        Time   Description
---------------------------------------------------------------------------------------------
                                  0.000000    0.000000   clock clk (rise edge)
                                  0.000000    0.000000   clock network delay (propagated)
                                  6.000000    6.000000 v input external delay
     1    0.002571    0.008103    0.004026    6.004026 v spi_clk (in)
                                                         spi_clk (net)
                      0.008103    0.000000    6.004026 v input2/A (sky130_fd_sc_hd__clkbuf_1)
     3    0.006439    0.046556    0.089085    6.093111 v input2/X (sky130_fd_sc_hd__clkbuf_1)
                                                         net2 (net)
                      0.046556    0.000020    6.093131 v spi_clk_sky130_fd_sc_hd__or3b_2_A/A (sky130_fd_sc_hd__or3b_1)
     1    0.002420    0.064283    0.361740    6.454871 v spi_clk_sky130_fd_sc_hd__or3b_2_A/X (sky130_fd_sc_hd__or3b_1)
                                                         spi_clk_sky130_fd_sc_hd__or3b_2_A_X (net)
                      0.064283    0.000002    6.454873 v spi_sel_sky130_fd_sc_hd__a21oi_2_B1/A2 (sky130_fd_sc_hd__a21oi_1)
     2    0.009375    0.226294    0.236505    6.691377 ^ spi_sel_sky130_fd_sc_hd__a21oi_2_B1/Y (sky130_fd_sc_hd__a21oi_1)
                                                         spi_sel_sky130_fd_sc_hd__a21oi_2_B1_Y (net)
                      0.226294    0.000091    6.691468 ^ fanout6/A (sky130_fd_sc_hd__buf_4)
    10    0.056128    0.159156    0.254126    6.945594 ^ fanout6/X (sky130_fd_sc_hd__buf_4)
                                                         net6 (net)
                      0.159156    0.000050    6.945644 ^ spi_out.shift_reg[14]_sky130_fd_sc_hd__mux2_1_A0/S (sky130_fd_sc_hd__mux2_1)
     1    0.002405    0.054477    0.331331    7.276975 v spi_out.shift_reg[14]_sky130_fd_sc_hd__mux2_1_A0/X (sky130_fd_sc_hd__mux2_1)
                                                         spi_out.shift_reg[14]_sky130_fd_sc_hd__dfrtp_2_Q_D (net)
                      0.054477    0.000005    7.276980 v spi_out.shift_reg[14]_sky130_fd_sc_hd__dfrtp_2_Q/D (sky130_fd_sc_hd__dfrtp_1)
                                              7.276980   data arrival time

                                 30.000000   30.000000   clock clk (rise edge)
                                  0.000000   30.000000   clock source latency
     1    0.028310    0.132872    0.092459   30.092459 ^ clk (in)
                                                         clk (net)
                      0.132912    0.000000   30.092459 ^ clkbuf_0_clk/A (sky130_fd_sc_hd__clkbuf_16)
     8    0.108967    0.123112    0.223171   30.315630 ^ clkbuf_0_clk/X (sky130_fd_sc_hd__clkbuf_16)
                                                         clknet_0_clk (net)
                      0.123241    0.003197   30.318827 ^ clkbuf_3_1__f_clk/A (sky130_fd_sc_hd__clkbuf_16)
    12    0.043307    0.062829    0.173113   30.491941 ^ clkbuf_3_1__f_clk/X (sky130_fd_sc_hd__clkbuf_16)
                                                         clknet_3_1__leaf_clk (net)
                      0.062829    0.000181   30.492121 ^ spi_out.shift_reg[14]_sky130_fd_sc_hd__dfrtp_2_Q/CLK (sky130_fd_sc_hd__dfrtp_1)
                                 -0.250000   30.242121   clock uncertainty
                                  0.000000   30.242121   clock reconvergence pessimism
                                 -0.114325   30.127798   library setup time
                                             30.127798   data required time
---------------------------------------------------------------------------------------------
                                             30.127798   data required time
                                             -7.276980   data arrival time
---------------------------------------------------------------------------------------------
                                             22.850817   slack (MET)


Startpoint: spi_clk (input port clocked by clk)
Endpoint: spi_out.shift_reg[1]_sky130_fd_sc_hd__dfrtp_2_Q
          (rising edge-triggered flip-flop clocked by clk)
Path Group: clk
Path Type: max

Fanout         Cap        Slew       Delay        Time   Description
---------------------------------------------------------------------------------------------
                                  0.000000    0.000000   clock clk (rise edge)
                                  0.000000    0.000000   clock network delay (propagated)
                                  6.000000    6.000000 v input external delay
     1    0.002571    0.008103    0.004026    6.004026 v spi_clk (in)
                                                         spi_clk (net)
                      0.008103    0.000000    6.004026 v input2/A (sky130_fd_sc_hd__clkbuf_1)
     3    0.006439    0.046556    0.089085    6.093111 v input2/X (sky130_fd_sc_hd__clkbuf_1)
                                                         net2 (net)
                      0.046556    0.000020    6.093131 v spi_clk_sky130_fd_sc_hd__or3b_2_A/A (sky130_fd_sc_hd__or3b_1)
     1    0.002420    0.064283    0.361740    6.454871 v spi_clk_sky130_fd_sc_hd__or3b_2_A/X (sky130_fd_sc_hd__or3b_1)
                                                         spi_clk_sky130_fd_sc_hd__or3b_2_A_X (net)
                      0.064283    0.000002    6.454873 v spi_sel_sky130_fd_sc_hd__a21oi_2_B1/A2 (sky130_fd_sc_hd__a21oi_1)
     2    0.009375    0.226294    0.236505    6.691377 ^ spi_sel_sky130_fd_sc_hd__a21oi_2_B1/Y (sky130_fd_sc_hd__a21oi_1)
                                                         spi_sel_sky130_fd_sc_hd__a21oi_2_B1_Y (net)
                      0.226294    0.000091    6.691468 ^ fanout6/A (sky130_fd_sc_hd__buf_4)
    10    0.056128    0.159156    0.254126    6.945594 ^ fanout6/X (sky130_fd_sc_hd__buf_4)
                                                         net6 (net)
                      0.159156    0.000442    6.946036 ^ spi_out.shift_reg[1]_sky130_fd_sc_hd__mux2_1_A0/S (sky130_fd_sc_hd__mux2_1)
     1    0.002286    0.053794    0.330211    7.276247 v spi_out.shift_reg[1]_sky130_fd_sc_hd__mux2_1_A0/X (sky130_fd_sc_hd__mux2_1)
                                                         spi_out.shift_reg[1]_sky130_fd_sc_hd__dfrtp_2_Q_D (net)
                      0.053794    0.000004    7.276251 v spi_out.shift_reg[1]_sky130_fd_sc_hd__dfrtp_2_Q/D (sky130_fd_sc_hd__dfrtp_1)
                                              7.276251   data arrival time

                                 30.000000   30.000000   clock clk (rise edge)
                                  0.000000   30.000000   clock source latency
     1    0.028310    0.132872    0.092459   30.092459 ^ clk (in)
                                                         clk (net)
                      0.132912    0.000000   30.092459 ^ clkbuf_0_clk/A (sky130_fd_sc_hd__clkbuf_16)
     8    0.108967    0.123112    0.223171   30.315630 ^ clkbuf_0_clk/X (sky130_fd_sc_hd__clkbuf_16)
                                                         clknet_0_clk (net)
                      0.123270    0.003535   30.319164 ^ clkbuf_3_4__f_clk/A (sky130_fd_sc_hd__clkbuf_16)
    13    0.042847    0.062408    0.172733   30.491898 ^ clkbuf_3_4__f_clk/X (sky130_fd_sc_hd__clkbuf_16)
                                                         clknet_3_4__leaf_clk (net)
                      0.062408    0.000068   30.491966 ^ spi_out.shift_reg[1]_sky130_fd_sc_hd__dfrtp_2_Q/CLK (sky130_fd_sc_hd__dfrtp_1)
                                 -0.250000   30.241964   clock uncertainty
                                  0.000000   30.241964   clock reconvergence pessimism
                                 -0.114123   30.127840   library setup time
                                             30.127840   data required time
---------------------------------------------------------------------------------------------
                                             30.127840   data required time
                                             -7.276251   data arrival time
---------------------------------------------------------------------------------------------
                                             22.851589   slack (MET)


Startpoint: spi_clk (input port clocked by clk)
Endpoint: spi_out.bit_cnt[1]_sky130_fd_sc_hd__dfrtp_2_Q
          (rising edge-triggered flip-flop clocked by clk)
Path Group: clk
Path Type: max

Fanout         Cap        Slew       Delay        Time   Description
---------------------------------------------------------------------------------------------
                                  0.000000    0.000000   clock clk (rise edge)
                                  0.000000    0.000000   clock network delay (propagated)
                                  6.000000    6.000000 v input external delay
     1    0.002571    0.008103    0.004026    6.004026 v spi_clk (in)
                                                         spi_clk (net)
                      0.008103    0.000000    6.004026 v input2/A (sky130_fd_sc_hd__clkbuf_1)
     3    0.006439    0.046556    0.089085    6.093111 v input2/X (sky130_fd_sc_hd__clkbuf_1)
                                                         net2 (net)
                      0.046556    0.000020    6.093131 v spi_clk_sky130_fd_sc_hd__or3b_2_A/A (sky130_fd_sc_hd__or3b_1)
     1    0.002420    0.064283    0.361740    6.454871 v spi_clk_sky130_fd_sc_hd__or3b_2_A/X (sky130_fd_sc_hd__or3b_1)
                                                         spi_clk_sky130_fd_sc_hd__or3b_2_A_X (net)
                      0.064283    0.000002    6.454873 v spi_sel_sky130_fd_sc_hd__a21oi_2_B1/A2 (sky130_fd_sc_hd__a21oi_1)
     2    0.009375    0.226294    0.236505    6.691377 ^ spi_sel_sky130_fd_sc_hd__a21oi_2_B1/Y (sky130_fd_sc_hd__a21oi_1)
                                                         spi_sel_sky130_fd_sc_hd__a21oi_2_B1_Y (net)
                      0.226294    0.000038    6.691415 ^ fanout7/A (sky130_fd_sc_hd__clkbuf_4)
     9    0.044675    0.142022    0.270628    6.962043 ^ fanout7/X (sky130_fd_sc_hd__clkbuf_4)
                                                         net7 (net)
                      0.142022    0.000089    6.962132 ^ spi_out.bit_cnt[1]_sky130_fd_sc_hd__and3_2_A/C (sky130_fd_sc_hd__and3_1)
     4    0.014224    0.149761    0.249639    7.211771 ^ spi_out.bit_cnt[1]_sky130_fd_sc_hd__and3_2_A/X (sky130_fd_sc_hd__and3_1)
                                                         spi_out.bit_cnt[1]_sky130_fd_sc_hd__and3_2_A_X (net)
                      0.149761    0.000012    7.211782 ^ spi_out.bit_cnt[1]_sky130_fd_sc_hd__dfrtp_2_Q_D_sky130_fd_sc_hd__nor2_2_Y/A (sky130_fd_sc_hd__nor2_1)
     1    0.002589    0.043667    0.065086    7.276869 v spi_out.bit_cnt[1]_sky130_fd_sc_hd__dfrtp_2_Q_D_sky130_fd_sc_hd__nor2_2_Y/Y (sky130_fd_sc_hd__nor2_1)
                                                         spi_out.bit_cnt[1]_sky130_fd_sc_hd__dfrtp_2_Q_D (net)
                      0.043667    0.000008    7.276876 v spi_out.bit_cnt[1]_sky130_fd_sc_hd__dfrtp_2_Q/D (sky130_fd_sc_hd__dfrtp_1)
                                              7.276876   data arrival time

                                 30.000000   30.000000   clock clk (rise edge)
                                  0.000000   30.000000   clock source latency
     1    0.028310    0.132872    0.092459   30.092459 ^ clk (in)
                                                         clk (net)
                      0.132912    0.000000   30.092459 ^ clkbuf_0_clk/A (sky130_fd_sc_hd__clkbuf_16)
     8    0.108967    0.123112    0.223171   30.315630 ^ clkbuf_0_clk/X (sky130_fd_sc_hd__clkbuf_16)
                                                         clknet_0_clk (net)
                      0.123294    0.003784   30.319414 ^ clkbuf_3_5__f_clk/A (sky130_fd_sc_hd__clkbuf_16)
    13    0.042872    0.062425    0.172722   30.492136 ^ clkbuf_3_5__f_clk/X (sky130_fd_sc_hd__clkbuf_16)
                                                         clknet_3_5__leaf_clk (net)
                      0.062426    0.000323   30.492458 ^ spi_out.bit_cnt[1]_sky130_fd_sc_hd__dfrtp_2_Q/CLK (sky130_fd_sc_hd__dfrtp_1)
                                 -0.250000   30.242458   clock uncertainty
                                  0.000000   30.242458   clock reconvergence pessimism
                                 -0.109705   30.132753   library setup time
                                             30.132753   data required time
---------------------------------------------------------------------------------------------
                                             30.132753   data required time
                                             -7.276876   data arrival time
---------------------------------------------------------------------------------------------
                                             22.855877   slack (MET)


Startpoint: spi_sel (input port clocked by clk)
Endpoint: spi_in.bit_cnt[2]_sky130_fd_sc_hd__dfrtp_2_Q
          (rising edge-triggered flip-flop clocked by clk)
Path Group: clk
Path Type: max

Fanout         Cap        Slew       Delay        Time   Description
---------------------------------------------------------------------------------------------
                                  0.000000    0.000000   clock clk (rise edge)
                                  0.000000    0.000000   clock network delay (propagated)
                                  6.000000    6.000000 v input external delay
     1    0.002629    0.008236    0.004124    6.004124 v spi_sel (in)
                                                         spi_sel (net)
                      0.008236    0.000000    6.004124 v input4/A (sky130_fd_sc_hd__buf_1)
     3    0.009908    0.063929    0.104394    6.108518 v input4/X (sky130_fd_sc_hd__buf_1)
                                                         net4 (net)
                      0.063929    0.000089    6.108606 v spi_sel_sky130_fd_sc_hd__nor3b_2_A/A (sky130_fd_sc_hd__nor3b_1)
     1    0.007664    0.288857    0.296124    6.404730 ^ spi_sel_sky130_fd_sc_hd__nor3b_2_A/Y (sky130_fd_sc_hd__nor3b_1)
                                                         spi_sel_sky130_fd_sc_hd__nor3b_2_A_Y (net)
                      0.288857    0.000141    6.404871 ^ fanout16/A (sky130_fd_sc_hd__clkbuf_8)
     9    0.068267    0.128747    0.268985    6.673856 ^ fanout16/X (sky130_fd_sc_hd__clkbuf_8)
                                                         net16 (net)
                      0.128747    0.000082    6.673938 ^ fanout15/A (sky130_fd_sc_hd__buf_4)
    10    0.055769    0.157969    0.226515    6.900453 ^ fanout15/X (sky130_fd_sc_hd__buf_4)
                                                         net15 (net)
                      0.157972    0.000998    6.901451 ^ spi_in.bit_cnt[1]_sky130_fd_sc_hd__and3_2_A/C (sky130_fd_sc_hd__and3_1)
     4    0.012523    0.134421    0.241467    7.142919 ^ spi_in.bit_cnt[1]_sky130_fd_sc_hd__and3_2_A/X (sky130_fd_sc_hd__and3_1)
                                                         spi_in.bit_cnt[1]_sky130_fd_sc_hd__and3_2_A_X (net)
                      0.134421    0.000062    7.142981 ^ spi_in.bit_cnt[2]_sky130_fd_sc_hd__xor2_2_A/B (sky130_fd_sc_hd__xor2_1)
     1    0.002223    0.103061    0.145268    7.288249 ^ spi_in.bit_cnt[2]_sky130_fd_sc_hd__xor2_2_A/X (sky130_fd_sc_hd__xor2_1)
                                                         spi_in.bit_cnt[2]_sky130_fd_sc_hd__dfrtp_2_Q_D (net)
                      0.103061    0.000002    7.288251 ^ spi_in.bit_cnt[2]_sky130_fd_sc_hd__dfrtp_2_Q/D (sky130_fd_sc_hd__dfrtp_1)
                                              7.288251   data arrival time

                                 30.000000   30.000000   clock clk (rise edge)
                                  0.000000   30.000000   clock source latency
     1    0.028310    0.132872    0.092459   30.092459 ^ clk (in)
                                                         clk (net)
                      0.132912    0.000000   30.092459 ^ clkbuf_0_clk/A (sky130_fd_sc_hd__clkbuf_16)
     8    0.108967    0.123112    0.223171   30.315630 ^ clkbuf_0_clk/X (sky130_fd_sc_hd__clkbuf_16)
                                                         clknet_0_clk (net)
                      0.123294    0.003784   30.319414 ^ clkbuf_3_5__f_clk/A (sky130_fd_sc_hd__clkbuf_16)
    13    0.042872    0.062425    0.172722   30.492136 ^ clkbuf_3_5__f_clk/X (sky130_fd_sc_hd__clkbuf_16)
                                                         clknet_3_5__leaf_clk (net)
                      0.062425    0.000266   30.492403 ^ spi_in.bit_cnt[2]_sky130_fd_sc_hd__dfrtp_2_Q/CLK (sky130_fd_sc_hd__dfrtp_1)
                                 -0.250000   30.242401   clock uncertainty
                                  0.000000   30.242401   clock reconvergence pessimism
                                 -0.070564   30.171837   library setup time
                                             30.171837   data required time
---------------------------------------------------------------------------------------------
                                             30.171837   data required time
                                             -7.288251   data arrival time
---------------------------------------------------------------------------------------------
                                             22.883587   slack (MET)


Startpoint: spi_sel (input port clocked by clk)
Endpoint: spi_in.shift_reg[12]_sky130_fd_sc_hd__dfrtp_2_Q
          (rising edge-triggered flip-flop clocked by clk)
Path Group: clk
Path Type: max

Fanout         Cap        Slew       Delay        Time   Description
---------------------------------------------------------------------------------------------
                                  0.000000    0.000000   clock clk (rise edge)
                                  0.000000    0.000000   clock network delay (propagated)
                                  6.000000    6.000000 v input external delay
     1    0.002629    0.008236    0.004124    6.004124 v spi_sel (in)
                                                         spi_sel (net)
                      0.008236    0.000000    6.004124 v input4/A (sky130_fd_sc_hd__buf_1)
     3    0.009908    0.063929    0.104394    6.108518 v input4/X (sky130_fd_sc_hd__buf_1)
                                                         net4 (net)
                      0.063929    0.000089    6.108606 v spi_sel_sky130_fd_sc_hd__nor3b_2_A/A (sky130_fd_sc_hd__nor3b_1)
     1    0.007664    0.288857    0.296124    6.404730 ^ spi_sel_sky130_fd_sc_hd__nor3b_2_A/Y (sky130_fd_sc_hd__nor3b_1)
                                                         spi_sel_sky130_fd_sc_hd__nor3b_2_A_Y (net)
                      0.288857    0.000141    6.404871 ^ fanout16/A (sky130_fd_sc_hd__clkbuf_8)
     9    0.068267    0.128747    0.268985    6.673856 ^ fanout16/X (sky130_fd_sc_hd__clkbuf_8)
                                                         net16 (net)
                      0.128747    0.000082    6.673938 ^ fanout15/A (sky130_fd_sc_hd__buf_4)
    10    0.055769    0.157969    0.226515    6.900453 ^ fanout15/X (sky130_fd_sc_hd__buf_4)
                                                         net15 (net)
                      0.157976    0.001273    6.901727 ^ spi_in.shift_reg[12]_sky130_fd_sc_hd__mux2_1_A0/S (sky130_fd_sc_hd__mux2_1)
     1    0.002627    0.055752    0.333250    7.234976 v spi_in.shift_reg[12]_sky130_fd_sc_hd__mux2_1_A0/X (sky130_fd_sc_hd__mux2_1)
                                                         spi_in.shift_reg[12]_sky130_fd_sc_hd__dfrtp_2_Q_D (net)
                      0.055752    0.000008    7.234984 v spi_in.shift_reg[12]_sky130_fd_sc_hd__dfrtp_2_Q/D (sky130_fd_sc_hd__dfrtp_1)
                                              7.234984   data arrival time

                                 30.000000   30.000000   clock clk (rise edge)
                                  0.000000   30.000000   clock source latency
     1    0.028310    0.132872    0.092459   30.092459 ^ clk (in)
                                                         clk (net)
                      0.132912    0.000000   30.092459 ^ clkbuf_0_clk/A (sky130_fd_sc_hd__clkbuf_16)
     8    0.108967    0.123112    0.223171   30.315630 ^ clkbuf_0_clk/X (sky130_fd_sc_hd__clkbuf_16)
                                                         clknet_0_clk (net)
                      0.123305    0.003901   30.319530 ^ clkbuf_3_0__f_clk/A (sky130_fd_sc_hd__clkbuf_16)
    10    0.037145    0.057367    0.168555   30.488087 ^ clkbuf_3_0__f_clk/X (sky130_fd_sc_hd__clkbuf_16)
                                                         clknet_3_0__leaf_clk (net)
                      0.057367    0.000156   30.488241 ^ spi_in.shift_reg[12]_sky130_fd_sc_hd__dfrtp_2_Q/CLK (sky130_fd_sc_hd__dfrtp_1)
                                 -0.250000   30.238241   clock uncertainty
                                  0.000000   30.238241   clock reconvergence pessimism
                                 -0.116131   30.122110   library setup time
                                             30.122110   data required time
---------------------------------------------------------------------------------------------
                                             30.122110   data required time
                                             -7.234984   data arrival time
---------------------------------------------------------------------------------------------
                                             22.887125   slack (MET)


Startpoint: spi_sel (input port clocked by clk)
Endpoint: spi_in.shift_reg[9]_sky130_fd_sc_hd__dfrtp_2_Q
          (rising edge-triggered flip-flop clocked by clk)
Path Group: clk
Path Type: max

Fanout         Cap        Slew       Delay        Time   Description
---------------------------------------------------------------------------------------------
                                  0.000000    0.000000   clock clk (rise edge)
                                  0.000000    0.000000   clock network delay (propagated)
                                  6.000000    6.000000 v input external delay
     1    0.002629    0.008236    0.004124    6.004124 v spi_sel (in)
                                                         spi_sel (net)
                      0.008236    0.000000    6.004124 v input4/A (sky130_fd_sc_hd__buf_1)
     3    0.009908    0.063929    0.104394    6.108518 v input4/X (sky130_fd_sc_hd__buf_1)
                                                         net4 (net)
                      0.063929    0.000089    6.108606 v spi_sel_sky130_fd_sc_hd__nor3b_2_A/A (sky130_fd_sc_hd__nor3b_1)
     1    0.007664    0.288857    0.296124    6.404730 ^ spi_sel_sky130_fd_sc_hd__nor3b_2_A/Y (sky130_fd_sc_hd__nor3b_1)
                                                         spi_sel_sky130_fd_sc_hd__nor3b_2_A_Y (net)
                      0.288857    0.000141    6.404871 ^ fanout16/A (sky130_fd_sc_hd__clkbuf_8)
     9    0.068267    0.128747    0.268985    6.673856 ^ fanout16/X (sky130_fd_sc_hd__clkbuf_8)
                                                         net16 (net)
                      0.128747    0.000082    6.673938 ^ fanout15/A (sky130_fd_sc_hd__buf_4)
    10    0.055769    0.157969    0.226515    6.900453 ^ fanout15/X (sky130_fd_sc_hd__buf_4)
                                                         net15 (net)
                      0.157969    0.000659    6.901113 ^ spi_in.shift_reg[9]_sky130_fd_sc_hd__mux2_1_A0/S (sky130_fd_sc_hd__mux2_1)
     1    0.002617    0.055698    0.333160    7.234273 v spi_in.shift_reg[9]_sky130_fd_sc_hd__mux2_1_A0/X (sky130_fd_sc_hd__mux2_1)
                                                         spi_in.shift_reg[9]_sky130_fd_sc_hd__dfrtp_2_Q_D (net)
                      0.055698    0.000009    7.234282 v spi_in.shift_reg[9]_sky130_fd_sc_hd__dfrtp_2_Q/D (sky130_fd_sc_hd__dfrtp_1)
                                              7.234282   data arrival time

                                 30.000000   30.000000   clock clk (rise edge)
                                  0.000000   30.000000   clock source latency
     1    0.028310    0.132872    0.092459   30.092459 ^ clk (in)
                                                         clk (net)
                      0.132912    0.000000   30.092459 ^ clkbuf_0_clk/A (sky130_fd_sc_hd__clkbuf_16)
     8    0.108967    0.123112    0.223171   30.315630 ^ clkbuf_0_clk/X (sky130_fd_sc_hd__clkbuf_16)
                                                         clknet_0_clk (net)
                      0.123305    0.003901   30.319530 ^ clkbuf_3_0__f_clk/A (sky130_fd_sc_hd__clkbuf_16)
    10    0.037145    0.057367    0.168555   30.488087 ^ clkbuf_3_0__f_clk/X (sky130_fd_sc_hd__clkbuf_16)
                                                         clknet_3_0__leaf_clk (net)
                      0.057367    0.000078   30.488165 ^ spi_in.shift_reg[9]_sky130_fd_sc_hd__dfrtp_2_Q/CLK (sky130_fd_sc_hd__dfrtp_1)
                                 -0.250000   30.238163   clock uncertainty
                                  0.000000   30.238163   clock reconvergence pessimism
                                 -0.116108   30.122057   library setup time
                                             30.122057   data required time
---------------------------------------------------------------------------------------------
                                             30.122057   data required time
                                             -7.234282   data arrival time
---------------------------------------------------------------------------------------------
                                             22.887775   slack (MET)


Startpoint: spi_sel (input port clocked by clk)
Endpoint: spi_in.shift_reg[10]_sky130_fd_sc_hd__dfrtp_2_Q
          (rising edge-triggered flip-flop clocked by clk)
Path Group: clk
Path Type: max

Fanout         Cap        Slew       Delay        Time   Description
---------------------------------------------------------------------------------------------
                                  0.000000    0.000000   clock clk (rise edge)
                                  0.000000    0.000000   clock network delay (propagated)
                                  6.000000    6.000000 v input external delay
     1    0.002629    0.008236    0.004124    6.004124 v spi_sel (in)
                                                         spi_sel (net)
                      0.008236    0.000000    6.004124 v input4/A (sky130_fd_sc_hd__buf_1)
     3    0.009908    0.063929    0.104394    6.108518 v input4/X (sky130_fd_sc_hd__buf_1)
                                                         net4 (net)
                      0.063929    0.000089    6.108606 v spi_sel_sky130_fd_sc_hd__nor3b_2_A/A (sky130_fd_sc_hd__nor3b_1)
     1    0.007664    0.288857    0.296124    6.404730 ^ spi_sel_sky130_fd_sc_hd__nor3b_2_A/Y (sky130_fd_sc_hd__nor3b_1)
                                                         spi_sel_sky130_fd_sc_hd__nor3b_2_A_Y (net)
                      0.288857    0.000141    6.404871 ^ fanout16/A (sky130_fd_sc_hd__clkbuf_8)
     9    0.068267    0.128747    0.268985    6.673856 ^ fanout16/X (sky130_fd_sc_hd__clkbuf_8)
                                                         net16 (net)
                      0.128747    0.000082    6.673938 ^ fanout15/A (sky130_fd_sc_hd__buf_4)
    10    0.055769    0.157969    0.226515    6.900453 ^ fanout15/X (sky130_fd_sc_hd__buf_4)
                                                         net15 (net)
                      0.157973    0.001074    6.901527 ^ spi_in.shift_reg[9]_sky130_fd_sc_hd__mux2_1_A1/S (sky130_fd_sc_hd__mux2_1)
     1    0.002445    0.054706    0.331534    7.233062 v spi_in.shift_reg[9]_sky130_fd_sc_hd__mux2_1_A1/X (sky130_fd_sc_hd__mux2_1)
                                                         spi_in.shift_reg[10]_sky130_fd_sc_hd__dfrtp_2_Q_D (net)
                      0.054706    0.000006    7.233068 v spi_in.shift_reg[10]_sky130_fd_sc_hd__dfrtp_2_Q/D (sky130_fd_sc_hd__dfrtp_1)
                                              7.233068   data arrival time

                                 30.000000   30.000000   clock clk (rise edge)
                                  0.000000   30.000000   clock source latency
     1    0.028310    0.132872    0.092459   30.092459 ^ clk (in)
                                                         clk (net)
                      0.132912    0.000000   30.092459 ^ clkbuf_0_clk/A (sky130_fd_sc_hd__clkbuf_16)
     8    0.108967    0.123112    0.223171   30.315630 ^ clkbuf_0_clk/X (sky130_fd_sc_hd__clkbuf_16)
                                                         clknet_0_clk (net)
                      0.123305    0.003901   30.319530 ^ clkbuf_3_0__f_clk/A (sky130_fd_sc_hd__clkbuf_16)
    10    0.037145    0.057367    0.168555   30.488087 ^ clkbuf_3_0__f_clk/X (sky130_fd_sc_hd__clkbuf_16)
                                                         clknet_3_0__leaf_clk (net)
                      0.057367    0.000135   30.488220 ^ spi_in.shift_reg[10]_sky130_fd_sc_hd__dfrtp_2_Q/CLK (sky130_fd_sc_hd__dfrtp_1)
                                 -0.250000   30.238220   clock uncertainty
                                  0.000000   30.238220   clock reconvergence pessimism
                                 -0.115675   30.122543   library setup time
                                             30.122543   data required time
---------------------------------------------------------------------------------------------
                                             30.122543   data required time
                                             -7.233068   data arrival time
---------------------------------------------------------------------------------------------
                                             22.889477   slack (MET)


Startpoint: spi_sel (input port clocked by clk)
Endpoint: spi_in.shift_reg[13]_sky130_fd_sc_hd__dfrtp_2_Q
          (rising edge-triggered flip-flop clocked by clk)
Path Group: clk
Path Type: max

Fanout         Cap        Slew       Delay        Time   Description
---------------------------------------------------------------------------------------------
                                  0.000000    0.000000   clock clk (rise edge)
                                  0.000000    0.000000   clock network delay (propagated)
                                  6.000000    6.000000 v input external delay
     1    0.002629    0.008236    0.004124    6.004124 v spi_sel (in)
                                                         spi_sel (net)
                      0.008236    0.000000    6.004124 v input4/A (sky130_fd_sc_hd__buf_1)
     3    0.009908    0.063929    0.104394    6.108518 v input4/X (sky130_fd_sc_hd__buf_1)
                                                         net4 (net)
                      0.063929    0.000089    6.108606 v spi_sel_sky130_fd_sc_hd__nor3b_2_A/A (sky130_fd_sc_hd__nor3b_1)
     1    0.007664    0.288857    0.296124    6.404730 ^ spi_sel_sky130_fd_sc_hd__nor3b_2_A/Y (sky130_fd_sc_hd__nor3b_1)
                                                         spi_sel_sky130_fd_sc_hd__nor3b_2_A_Y (net)
                      0.288857    0.000141    6.404871 ^ fanout16/A (sky130_fd_sc_hd__clkbuf_8)
     9    0.068267    0.128747    0.268985    6.673856 ^ fanout16/X (sky130_fd_sc_hd__clkbuf_8)
                                                         net16 (net)
                      0.128747    0.000082    6.673938 ^ fanout15/A (sky130_fd_sc_hd__buf_4)
    10    0.055769    0.157969    0.226515    6.900453 ^ fanout15/X (sky130_fd_sc_hd__buf_4)
                                                         net15 (net)
                      0.157977    0.001323    6.901777 ^ spi_in.shift_reg[13]_sky130_fd_sc_hd__mux2_1_A0/S (sky130_fd_sc_hd__mux2_1)
     1    0.002289    0.053807    0.330064    7.231840 v spi_in.shift_reg[13]_sky130_fd_sc_hd__mux2_1_A0/X (sky130_fd_sc_hd__mux2_1)
                                                         spi_in.shift_reg[13]_sky130_fd_sc_hd__dfrtp_2_Q_D (net)
                      0.053807    0.000004    7.231844 v spi_in.shift_reg[13]_sky130_fd_sc_hd__dfrtp_2_Q/D (sky130_fd_sc_hd__dfrtp_1)
                                              7.231844   data arrival time

                                 30.000000   30.000000   clock clk (rise edge)
                                  0.000000   30.000000   clock source latency
     1    0.028310    0.132872    0.092459   30.092459 ^ clk (in)
                                                         clk (net)
                      0.132912    0.000000   30.092459 ^ clkbuf_0_clk/A (sky130_fd_sc_hd__clkbuf_16)
     8    0.108967    0.123112    0.223171   30.315630 ^ clkbuf_0_clk/X (sky130_fd_sc_hd__clkbuf_16)
                                                         clknet_0_clk (net)
                      0.123380    0.004579   30.320210 ^ clkbuf_3_3__f_clk/A (sky130_fd_sc_hd__clkbuf_16)
     6    0.036229    0.056559    0.167876   30.488087 ^ clkbuf_3_3__f_clk/X (sky130_fd_sc_hd__clkbuf_16)
                                                         clknet_3_3__leaf_clk (net)
                      0.056560    0.000206   30.488293 ^ spi_in.shift_reg[13]_sky130_fd_sc_hd__dfrtp_2_Q/CLK (sky130_fd_sc_hd__dfrtp_1)
                                 -0.250000   30.238291   clock uncertainty
                                  0.000000   30.238291   clock reconvergence pessimism
                                 -0.115469   30.122820   library setup time
                                             30.122820   data required time
---------------------------------------------------------------------------------------------
                                             30.122820   data required time
                                             -7.231844   data arrival time
---------------------------------------------------------------------------------------------
                                             22.890976   slack (MET)


Startpoint: spi_sel (input port clocked by clk)
Endpoint: spi_in.shift_reg[11]_sky130_fd_sc_hd__dfrtp_2_Q
          (rising edge-triggered flip-flop clocked by clk)
Path Group: clk
Path Type: max

Fanout         Cap        Slew       Delay        Time   Description
---------------------------------------------------------------------------------------------
                                  0.000000    0.000000   clock clk (rise edge)
                                  0.000000    0.000000   clock network delay (propagated)
                                  6.000000    6.000000 v input external delay
     1    0.002629    0.008236    0.004124    6.004124 v spi_sel (in)
                                                         spi_sel (net)
                      0.008236    0.000000    6.004124 v input4/A (sky130_fd_sc_hd__buf_1)
     3    0.009908    0.063929    0.104394    6.108518 v input4/X (sky130_fd_sc_hd__buf_1)
                                                         net4 (net)
                      0.063929    0.000089    6.108606 v spi_sel_sky130_fd_sc_hd__nor3b_2_A/A (sky130_fd_sc_hd__nor3b_1)
     1    0.007664    0.288857    0.296124    6.404730 ^ spi_sel_sky130_fd_sc_hd__nor3b_2_A/Y (sky130_fd_sc_hd__nor3b_1)
                                                         spi_sel_sky130_fd_sc_hd__nor3b_2_A_Y (net)
                      0.288857    0.000141    6.404871 ^ fanout16/A (sky130_fd_sc_hd__clkbuf_8)
     9    0.068267    0.128747    0.268985    6.673856 ^ fanout16/X (sky130_fd_sc_hd__clkbuf_8)
                                                         net16 (net)
                      0.128747    0.000082    6.673938 ^ fanout15/A (sky130_fd_sc_hd__buf_4)
    10    0.055769    0.157969    0.226515    6.900453 ^ fanout15/X (sky130_fd_sc_hd__buf_4)
                                                         net15 (net)
                      0.157975    0.001175    6.901628 ^ spi_in.shift_reg[11]_sky130_fd_sc_hd__mux2_1_A0/S (sky130_fd_sc_hd__mux2_1)
     1    0.002193    0.053259    0.329164    7.230793 v spi_in.shift_reg[11]_sky130_fd_sc_hd__mux2_1_A0/X (sky130_fd_sc_hd__mux2_1)
                                                         spi_in.shift_reg[11]_sky130_fd_sc_hd__dfrtp_2_Q_D (net)
                      0.053259    0.000003    7.230796 v spi_in.shift_reg[11]_sky130_fd_sc_hd__dfrtp_2_Q/D (sky130_fd_sc_hd__dfrtp_1)
                                              7.230796   data arrival time

                                 30.000000   30.000000   clock clk (rise edge)
                                  0.000000   30.000000   clock source latency
     1    0.028310    0.132872    0.092459   30.092459 ^ clk (in)
                                                         clk (net)
                      0.132912    0.000000   30.092459 ^ clkbuf_0_clk/A (sky130_fd_sc_hd__clkbuf_16)
     8    0.108967    0.123112    0.223171   30.315630 ^ clkbuf_0_clk/X (sky130_fd_sc_hd__clkbuf_16)
                                                         clknet_0_clk (net)
                      0.123305    0.003901   30.319530 ^ clkbuf_3_0__f_clk/A (sky130_fd_sc_hd__clkbuf_16)
    10    0.037145    0.057367    0.168555   30.488087 ^ clkbuf_3_0__f_clk/X (sky130_fd_sc_hd__clkbuf_16)
                                                         clknet_3_0__leaf_clk (net)
                      0.057367    0.000057   30.488142 ^ spi_in.shift_reg[11]_sky130_fd_sc_hd__dfrtp_2_Q/CLK (sky130_fd_sc_hd__dfrtp_1)
                                 -0.250000   30.238142   clock uncertainty
                                  0.000000   30.238142   clock reconvergence pessimism
                                 -0.115044   30.123098   library setup time
                                             30.123098   data required time
---------------------------------------------------------------------------------------------
                                             30.123098   data required time
                                             -7.230796   data arrival time
---------------------------------------------------------------------------------------------
                                             22.892302   slack (MET)


Startpoint: spi_sel (input port clocked by clk)
Endpoint: spi_in.shift_reg[14]_sky130_fd_sc_hd__dfrtp_2_Q
          (rising edge-triggered flip-flop clocked by clk)
Path Group: clk
Path Type: max

Fanout         Cap        Slew       Delay        Time   Description
---------------------------------------------------------------------------------------------
                                  0.000000    0.000000   clock clk (rise edge)
                                  0.000000    0.000000   clock network delay (propagated)
                                  6.000000    6.000000 v input external delay
     1    0.002629    0.008236    0.004124    6.004124 v spi_sel (in)
                                                         spi_sel (net)
                      0.008236    0.000000    6.004124 v input4/A (sky130_fd_sc_hd__buf_1)
     3    0.009908    0.063929    0.104394    6.108518 v input4/X (sky130_fd_sc_hd__buf_1)
                                                         net4 (net)
                      0.063929    0.000089    6.108606 v spi_sel_sky130_fd_sc_hd__nor3b_2_A/A (sky130_fd_sc_hd__nor3b_1)
     1    0.007664    0.288857    0.296124    6.404730 ^ spi_sel_sky130_fd_sc_hd__nor3b_2_A/Y (sky130_fd_sc_hd__nor3b_1)
                                                         spi_sel_sky130_fd_sc_hd__nor3b_2_A_Y (net)
                      0.288857    0.000141    6.404871 ^ fanout16/A (sky130_fd_sc_hd__clkbuf_8)
     9    0.068267    0.128747    0.268985    6.673856 ^ fanout16/X (sky130_fd_sc_hd__clkbuf_8)
                                                         net16 (net)
                      0.128747    0.000082    6.673938 ^ fanout15/A (sky130_fd_sc_hd__buf_4)
    10    0.055769    0.157969    0.226515    6.900453 ^ fanout15/X (sky130_fd_sc_hd__buf_4)
                                                         net15 (net)
                      0.157978    0.001359    6.901813 ^ spi_in.shift_reg[14]_sky130_fd_sc_hd__mux2_1_A0/S (sky130_fd_sc_hd__mux2_1)
     1    0.002627    0.055752    0.333250    7.235063 v spi_in.shift_reg[14]_sky130_fd_sc_hd__mux2_1_A0/X (sky130_fd_sc_hd__mux2_1)
                                                         spi_in.shift_reg[14]_sky130_fd_sc_hd__dfrtp_2_Q_D (net)
                      0.055752    0.000008    7.235070 v spi_in.shift_reg[14]_sky130_fd_sc_hd__dfrtp_2_Q/D (sky130_fd_sc_hd__dfrtp_1)
                                              7.235070   data arrival time

                                 30.000000   30.000000   clock clk (rise edge)
                                  0.000000   30.000000   clock source latency
     1    0.028310    0.132872    0.092459   30.092459 ^ clk (in)
                                                         clk (net)
                      0.132912    0.000000   30.092459 ^ clkbuf_0_clk/A (sky130_fd_sc_hd__clkbuf_16)
     8    0.108967    0.123112    0.223171   30.315630 ^ clkbuf_0_clk/X (sky130_fd_sc_hd__clkbuf_16)
                                                         clknet_0_clk (net)
                      0.123417    0.004874   30.320505 ^ clkbuf_3_2__f_clk/A (sky130_fd_sc_hd__clkbuf_16)
     9    0.042714    0.062286    0.172658   30.493162 ^ clkbuf_3_2__f_clk/X (sky130_fd_sc_hd__clkbuf_16)
                                                         clknet_3_2__leaf_clk (net)
                      0.062286    0.000295   30.493458 ^ spi_in.shift_reg[14]_sky130_fd_sc_hd__dfrtp_2_Q/CLK (sky130_fd_sc_hd__dfrtp_1)
                                 -0.250000   30.243456   clock uncertainty
                                  0.000000   30.243456   clock reconvergence pessimism
                                 -0.115005   30.128452   library setup time
                                             30.128452   data required time
---------------------------------------------------------------------------------------------
                                             30.128452   data required time
                                             -7.235070   data arrival time
---------------------------------------------------------------------------------------------
                                             22.893381   slack (MET)


Startpoint: spi_clk (input port clocked by clk)
Endpoint: spi_out.shift_reg[0]_sky130_fd_sc_hd__dfrtp_2_Q
          (rising edge-triggered flip-flop clocked by clk)
Path Group: clk
Path Type: max

Fanout         Cap        Slew       Delay        Time   Description
---------------------------------------------------------------------------------------------
                                  0.000000    0.000000   clock clk (rise edge)
                                  0.000000    0.000000   clock network delay (propagated)
                                  6.000000    6.000000 v input external delay
     1    0.002571    0.008103    0.004026    6.004026 v spi_clk (in)
                                                         spi_clk (net)
                      0.008103    0.000000    6.004026 v input2/A (sky130_fd_sc_hd__clkbuf_1)
     3    0.006439    0.046556    0.089085    6.093111 v input2/X (sky130_fd_sc_hd__clkbuf_1)
                                                         net2 (net)
                      0.046556    0.000020    6.093131 v spi_clk_sky130_fd_sc_hd__or3b_2_A/A (sky130_fd_sc_hd__or3b_1)
     1    0.002420    0.064283    0.361740    6.454871 v spi_clk_sky130_fd_sc_hd__or3b_2_A/X (sky130_fd_sc_hd__or3b_1)
                                                         spi_clk_sky130_fd_sc_hd__or3b_2_A_X (net)
                      0.064283    0.000002    6.454873 v spi_sel_sky130_fd_sc_hd__a21oi_2_B1/A2 (sky130_fd_sc_hd__a21oi_1)
     2    0.009375    0.226294    0.236505    6.691377 ^ spi_sel_sky130_fd_sc_hd__a21oi_2_B1/Y (sky130_fd_sc_hd__a21oi_1)
                                                         spi_sel_sky130_fd_sc_hd__a21oi_2_B1_Y (net)
                      0.226294    0.000038    6.691415 ^ fanout7/A (sky130_fd_sc_hd__clkbuf_4)
     9    0.044675    0.142022    0.270628    6.962043 ^ fanout7/X (sky130_fd_sc_hd__clkbuf_4)
                                                         net7 (net)
                      0.142022    0.000028    6.962071 ^ spi_out.bit_cnt[4]_sky130_fd_sc_hd__o21a_2_B1_A2_sky130_fd_sc_hd__inv_2_Y/A (sky130_fd_sc_hd__inv_2)
     3    0.008744    0.043369    0.059217    7.021289 v spi_out.bit_cnt[4]_sky130_fd_sc_hd__o21a_2_B1_A2_sky130_fd_sc_hd__inv_2_Y/Y (sky130_fd_sc_hd__inv_2)
                                                         spi_out.bit_cnt[4]_sky130_fd_sc_hd__o21a_2_B1_A2 (net)
                      0.043369    0.000012    7.021301 v spi_out.shift_reg[0]_sky130_fd_sc_hd__a22o_2_A1/A2 (sky130_fd_sc_hd__a22o_1)
     1    0.002400    0.039237    0.218418    7.239719 v spi_out.shift_reg[0]_sky130_fd_sc_hd__a22o_2_A1/X (sky130_fd_sc_hd__a22o_1)
                                                         spi_out.shift_reg[0]_sky130_fd_sc_hd__dfrtp_2_Q_D (net)
                      0.039237    0.000007    7.239726 v spi_out.shift_reg[0]_sky130_fd_sc_hd__dfrtp_2_Q/D (sky130_fd_sc_hd__dfrtp_1)
                                              7.239726   data arrival time

                                 30.000000   30.000000   clock clk (rise edge)
                                  0.000000   30.000000   clock source latency
     1    0.028310    0.132872    0.092459   30.092459 ^ clk (in)
                                                         clk (net)
                      0.132912    0.000000   30.092459 ^ clkbuf_0_clk/A (sky130_fd_sc_hd__clkbuf_16)
     8    0.108967    0.123112    0.223171   30.315630 ^ clkbuf_0_clk/X (sky130_fd_sc_hd__clkbuf_16)
                                                         clknet_0_clk (net)
                      0.123270    0.003535   30.319164 ^ clkbuf_3_4__f_clk/A (sky130_fd_sc_hd__clkbuf_16)
    13    0.042847    0.062408    0.172733   30.491898 ^ clkbuf_3_4__f_clk/X (sky130_fd_sc_hd__clkbuf_16)
                                                         clknet_3_4__leaf_clk (net)
                      0.062408    0.000213   30.492111 ^ spi_out.shift_reg[0]_sky130_fd_sc_hd__dfrtp_2_Q/CLK (sky130_fd_sc_hd__dfrtp_1)
                                 -0.250000   30.242109   clock uncertainty
                                  0.000000   30.242109   clock reconvergence pessimism
                                 -0.107778   30.134331   library setup time
                                             30.134331   data required time
---------------------------------------------------------------------------------------------
                                             30.134331   data required time
                                             -7.239726   data arrival time
---------------------------------------------------------------------------------------------
                                             22.894606   slack (MET)


Startpoint: spi_sel (input port clocked by clk)
Endpoint: spi_in.shift_reg[8]_sky130_fd_sc_hd__dfrtp_2_Q
          (rising edge-triggered flip-flop clocked by clk)
Path Group: clk
Path Type: max

Fanout         Cap        Slew       Delay        Time   Description
---------------------------------------------------------------------------------------------
                                  0.000000    0.000000   clock clk (rise edge)
                                  0.000000    0.000000   clock network delay (propagated)
                                  6.000000    6.000000 v input external delay
     1    0.002629    0.008236    0.004124    6.004124 v spi_sel (in)
                                                         spi_sel (net)
                      0.008236    0.000000    6.004124 v input4/A (sky130_fd_sc_hd__buf_1)
     3    0.009908    0.063929    0.104394    6.108518 v input4/X (sky130_fd_sc_hd__buf_1)
                                                         net4 (net)
                      0.063929    0.000089    6.108606 v spi_sel_sky130_fd_sc_hd__nor3b_2_A/A (sky130_fd_sc_hd__nor3b_1)
     1    0.007664    0.288857    0.296124    6.404730 ^ spi_sel_sky130_fd_sc_hd__nor3b_2_A/Y (sky130_fd_sc_hd__nor3b_1)
                                                         spi_sel_sky130_fd_sc_hd__nor3b_2_A_Y (net)
                      0.288857    0.000141    6.404871 ^ fanout16/A (sky130_fd_sc_hd__clkbuf_8)
     9    0.068267    0.128747    0.268985    6.673856 ^ fanout16/X (sky130_fd_sc_hd__clkbuf_8)
                                                         net16 (net)
                      0.128747    0.000082    6.673938 ^ fanout15/A (sky130_fd_sc_hd__buf_4)
    10    0.055769    0.157969    0.226515    6.900453 ^ fanout15/X (sky130_fd_sc_hd__buf_4)
                                                         net15 (net)
                      0.157969    0.000110    6.900563 ^ spi_in.shift_reg[8]_sky130_fd_sc_hd__mux2_1_A0/S (sky130_fd_sc_hd__mux2_1)
     1    0.002328    0.054035    0.330436    7.230999 v spi_in.shift_reg[8]_sky130_fd_sc_hd__mux2_1_A0/X (sky130_fd_sc_hd__mux2_1)
                                                         spi_in.shift_reg[8]_sky130_fd_sc_hd__dfrtp_2_Q_D (net)
                      0.054035    0.000004    7.231003 v spi_in.shift_reg[8]_sky130_fd_sc_hd__dfrtp_2_Q/D (sky130_fd_sc_hd__dfrtp_1)
                                              7.231003   data arrival time

                                 30.000000   30.000000   clock clk (rise edge)
                                  0.000000   30.000000   clock source latency
     1    0.028310    0.132872    0.092459   30.092459 ^ clk (in)
                                                         clk (net)
                      0.132912    0.000000   30.092459 ^ clkbuf_0_clk/A (sky130_fd_sc_hd__clkbuf_16)
     8    0.108967    0.123112    0.223171   30.315630 ^ clkbuf_0_clk/X (sky130_fd_sc_hd__clkbuf_16)
                                                         clknet_0_clk (net)
                      0.123241    0.003197   30.318827 ^ clkbuf_3_1__f_clk/A (sky130_fd_sc_hd__clkbuf_16)
    12    0.043307    0.062829    0.173113   30.491941 ^ clkbuf_3_1__f_clk/X (sky130_fd_sc_hd__clkbuf_16)
                                                         clknet_3_1__leaf_clk (net)
                      0.062829    0.000174   30.492115 ^ spi_in.shift_reg[8]_sky130_fd_sc_hd__dfrtp_2_Q/CLK (sky130_fd_sc_hd__dfrtp_1)
                                 -0.250000   30.242113   clock uncertainty
                                  0.000000   30.242113   clock reconvergence pessimism
                                 -0.114132   30.127983   library setup time
                                             30.127983   data required time
---------------------------------------------------------------------------------------------
                                             30.127983   data required time
                                             -7.231003   data arrival time
---------------------------------------------------------------------------------------------
                                             22.896978   slack (MET)


Startpoint: spi_sel (input port clocked by clk)
Endpoint: spi_in.bit_cnt[1]_sky130_fd_sc_hd__dfrtp_2_Q
          (rising edge-triggered flip-flop clocked by clk)
Path Group: clk
Path Type: max

Fanout         Cap        Slew       Delay        Time   Description
---------------------------------------------------------------------------------------------
                                  0.000000    0.000000   clock clk (rise edge)
                                  0.000000    0.000000   clock network delay (propagated)
                                  6.000000    6.000000 v input external delay
     1    0.002629    0.008236    0.004124    6.004124 v spi_sel (in)
                                                         spi_sel (net)
                      0.008236    0.000000    6.004124 v input4/A (sky130_fd_sc_hd__buf_1)
     3    0.009908    0.063929    0.104394    6.108518 v input4/X (sky130_fd_sc_hd__buf_1)
                                                         net4 (net)
                      0.063929    0.000089    6.108606 v spi_sel_sky130_fd_sc_hd__nor3b_2_A/A (sky130_fd_sc_hd__nor3b_1)
     1    0.007664    0.288857    0.296124    6.404730 ^ spi_sel_sky130_fd_sc_hd__nor3b_2_A/Y (sky130_fd_sc_hd__nor3b_1)
                                                         spi_sel_sky130_fd_sc_hd__nor3b_2_A_Y (net)
                      0.288857    0.000141    6.404871 ^ fanout16/A (sky130_fd_sc_hd__clkbuf_8)
     9    0.068267    0.128747    0.268985    6.673856 ^ fanout16/X (sky130_fd_sc_hd__clkbuf_8)
                                                         net16 (net)
                      0.128747    0.000082    6.673938 ^ fanout15/A (sky130_fd_sc_hd__buf_4)
    10    0.055769    0.157969    0.226515    6.900453 ^ fanout15/X (sky130_fd_sc_hd__buf_4)
                                                         net15 (net)
                      0.157972    0.000998    6.901451 ^ spi_in.bit_cnt[1]_sky130_fd_sc_hd__and3_2_A/C (sky130_fd_sc_hd__and3_1)
     4    0.012523    0.134421    0.241467    7.142919 ^ spi_in.bit_cnt[1]_sky130_fd_sc_hd__and3_2_A/X (sky130_fd_sc_hd__and3_1)
                                                         spi_in.bit_cnt[1]_sky130_fd_sc_hd__and3_2_A_X (net)
                      0.134421    0.000007    7.142925 ^ spi_in.bit_cnt[1]_sky130_fd_sc_hd__dfrtp_2_Q_D_sky130_fd_sc_hd__nor2_2_Y/A (sky130_fd_sc_hd__nor2_1)
     1    0.002233    0.039616    0.060627    7.203552 v spi_in.bit_cnt[1]_sky130_fd_sc_hd__dfrtp_2_Q_D_sky130_fd_sc_hd__nor2_2_Y/Y (sky130_fd_sc_hd__nor2_1)
                                                         spi_in.bit_cnt[1]_sky130_fd_sc_hd__dfrtp_2_Q_D (net)
                      0.039616    0.000004    7.203556 v spi_in.bit_cnt[1]_sky130_fd_sc_hd__dfrtp_2_Q/D (sky130_fd_sc_hd__dfrtp_1)
                                              7.203556   data arrival time

                                 30.000000   30.000000   clock clk (rise edge)
                                  0.000000   30.000000   clock source latency
     1    0.028310    0.132872    0.092459   30.092459 ^ clk (in)
                                                         clk (net)
                      0.132912    0.000000   30.092459 ^ clkbuf_0_clk/A (sky130_fd_sc_hd__clkbuf_16)
     8    0.108967    0.123112    0.223171   30.315630 ^ clkbuf_0_clk/X (sky130_fd_sc_hd__clkbuf_16)
                                                         clknet_0_clk (net)
                      0.123294    0.003784   30.319414 ^ clkbuf_3_5__f_clk/A (sky130_fd_sc_hd__clkbuf_16)
    13    0.042872    0.062425    0.172722   30.492136 ^ clkbuf_3_5__f_clk/X (sky130_fd_sc_hd__clkbuf_16)
                                                         clknet_3_5__leaf_clk (net)
                      0.062426    0.000352   30.492487 ^ spi_in.bit_cnt[1]_sky130_fd_sc_hd__dfrtp_2_Q/CLK (sky130_fd_sc_hd__dfrtp_1)
                                 -0.250000   30.242487   clock uncertainty
                                  0.000000   30.242487   clock reconvergence pessimism
                                 -0.107939   30.134548   library setup time
                                             30.134548   data required time
---------------------------------------------------------------------------------------------
                                             30.134548   data required time
                                             -7.203556   data arrival time
---------------------------------------------------------------------------------------------
                                             22.930992   slack (MET)


Startpoint: spi_sel (input port clocked by clk)
Endpoint: spi_in.shift_reg[1]_sky130_fd_sc_hd__dfrtp_2_Q
          (rising edge-triggered flip-flop clocked by clk)
Path Group: clk
Path Type: max

Fanout         Cap        Slew       Delay        Time   Description
---------------------------------------------------------------------------------------------
                                  0.000000    0.000000   clock clk (rise edge)
                                  0.000000    0.000000   clock network delay (propagated)
                                  6.000000    6.000000 v input external delay
     1    0.002629    0.008236    0.004124    6.004124 v spi_sel (in)
                                                         spi_sel (net)
                      0.008236    0.000000    6.004124 v input4/A (sky130_fd_sc_hd__buf_1)
     3    0.009908    0.063929    0.104394    6.108518 v input4/X (sky130_fd_sc_hd__buf_1)
                                                         net4 (net)
                      0.063929    0.000089    6.108606 v spi_sel_sky130_fd_sc_hd__nor3b_2_A/A (sky130_fd_sc_hd__nor3b_1)
     1    0.007664    0.288857    0.296124    6.404730 ^ spi_sel_sky130_fd_sc_hd__nor3b_2_A/Y (sky130_fd_sc_hd__nor3b_1)
                                                         spi_sel_sky130_fd_sc_hd__nor3b_2_A_Y (net)
                      0.288857    0.000141    6.404871 ^ fanout16/A (sky130_fd_sc_hd__clkbuf_8)
     9    0.068267    0.128747    0.268985    6.673856 ^ fanout16/X (sky130_fd_sc_hd__clkbuf_8)
                                                         net16 (net)
                      0.129318    0.006388    6.680244 ^ spi_in.shift_reg[1]_sky130_fd_sc_hd__mux2_1_A0/S (sky130_fd_sc_hd__mux2_1)
     1    0.002352    0.054184    0.326540    7.006784 v spi_in.shift_reg[1]_sky130_fd_sc_hd__mux2_1_A0/X (sky130_fd_sc_hd__mux2_1)
                                                         spi_in.shift_reg[1]_sky130_fd_sc_hd__dfrtp_2_Q_D (net)
                      0.054184    0.000005    7.006789 v spi_in.shift_reg[1]_sky130_fd_sc_hd__dfrtp_2_Q/D (sky130_fd_sc_hd__dfrtp_1)
                                              7.006789   data arrival time

                                 30.000000   30.000000   clock clk (rise edge)
                                  0.000000   30.000000   clock source latency
     1    0.028310    0.132872    0.092459   30.092459 ^ clk (in)
                                                         clk (net)
                      0.132912    0.000000   30.092459 ^ clkbuf_0_clk/A (sky130_fd_sc_hd__clkbuf_16)
     8    0.108967    0.123112    0.223171   30.315630 ^ clkbuf_0_clk/X (sky130_fd_sc_hd__clkbuf_16)
                                                         clknet_0_clk (net)
                      0.123134    0.001343   30.316973 ^ clkbuf_3_7__f_clk/A (sky130_fd_sc_hd__clkbuf_16)
     9    0.038153    0.058206    0.169123   30.486095 ^ clkbuf_3_7__f_clk/X (sky130_fd_sc_hd__clkbuf_16)
                                                         clknet_3_7__leaf_clk (net)
                      0.058217    0.000693   30.486790 ^ spi_in.shift_reg[1]_sky130_fd_sc_hd__dfrtp_2_Q/CLK (sky130_fd_sc_hd__dfrtp_1)
                                 -0.250000   30.236788   clock uncertainty
                                  0.000000   30.236788   clock reconvergence pessimism
                                 -0.115253   30.121534   library setup time
                                             30.121534   data required time
---------------------------------------------------------------------------------------------
                                             30.121534   data required time
                                             -7.006789   data arrival time
---------------------------------------------------------------------------------------------
                                             23.114744   slack (MET)


Startpoint: spi_sel (input port clocked by clk)
Endpoint: spi_in.shift_reg[0]_sky130_fd_sc_hd__dfrtp_2_Q
          (rising edge-triggered flip-flop clocked by clk)
Path Group: clk
Path Type: max

Fanout         Cap        Slew       Delay        Time   Description
---------------------------------------------------------------------------------------------
                                  0.000000    0.000000   clock clk (rise edge)
                                  0.000000    0.000000   clock network delay (propagated)
                                  6.000000    6.000000 v input external delay
     1    0.002629    0.008236    0.004124    6.004124 v spi_sel (in)
                                                         spi_sel (net)
                      0.008236    0.000000    6.004124 v input4/A (sky130_fd_sc_hd__buf_1)
     3    0.009908    0.063929    0.104394    6.108518 v input4/X (sky130_fd_sc_hd__buf_1)
                                                         net4 (net)
                      0.063929    0.000089    6.108606 v spi_sel_sky130_fd_sc_hd__nor3b_2_A/A (sky130_fd_sc_hd__nor3b_1)
     1    0.007664    0.288857    0.296124    6.404730 ^ spi_sel_sky130_fd_sc_hd__nor3b_2_A/Y (sky130_fd_sc_hd__nor3b_1)
                                                         spi_sel_sky130_fd_sc_hd__nor3b_2_A_Y (net)
                      0.288857    0.000141    6.404871 ^ fanout16/A (sky130_fd_sc_hd__clkbuf_8)
     9    0.068267    0.128747    0.268985    6.673856 ^ fanout16/X (sky130_fd_sc_hd__clkbuf_8)
                                                         net16 (net)
                      0.129356    0.006625    6.680481 ^ spi_mosi_sky130_fd_sc_hd__mux2_1_A1/S (sky130_fd_sc_hd__mux2_1)
     1    0.002841    0.057127    0.331156    7.011637 v spi_mosi_sky130_fd_sc_hd__mux2_1_A1/X (sky130_fd_sc_hd__mux2_1)
                                                         spi_in.shift_reg[0]_sky130_fd_sc_hd__dfrtp_2_Q_D (net)
                      0.057127    0.000010    7.011647 v spi_in.shift_reg[0]_sky130_fd_sc_hd__dfrtp_2_Q/D (sky130_fd_sc_hd__dfrtp_1)
                                              7.011647   data arrival time

                                 30.000000   30.000000   clock clk (rise edge)
                                  0.000000   30.000000   clock source latency
     1    0.028310    0.132872    0.092459   30.092459 ^ clk (in)
                                                         clk (net)
                      0.132912    0.000000   30.092459 ^ clkbuf_0_clk/A (sky130_fd_sc_hd__clkbuf_16)
     8    0.108967    0.123112    0.223171   30.315630 ^ clkbuf_0_clk/X (sky130_fd_sc_hd__clkbuf_16)
                                                         clknet_0_clk (net)
                      0.123131    0.001247   30.316877 ^ clkbuf_3_6__f_clk/A (sky130_fd_sc_hd__clkbuf_16)
     9    0.045466    0.064752    0.174609   30.491486 ^ clkbuf_3_6__f_clk/X (sky130_fd_sc_hd__clkbuf_16)
                                                         clknet_3_6__leaf_clk (net)
                      0.064754    0.000412   30.491898 ^ spi_in.shift_reg[0]_sky130_fd_sc_hd__dfrtp_2_Q/CLK (sky130_fd_sc_hd__dfrtp_1)
                                 -0.250000   30.241898   clock uncertainty
                                  0.000000   30.241898   clock reconvergence pessimism
                                 -0.115038   30.126860   library setup time
                                             30.126860   data required time
---------------------------------------------------------------------------------------------
                                             30.126860   data required time
                                             -7.011647   data arrival time
---------------------------------------------------------------------------------------------
                                             23.115213   slack (MET)


Startpoint: spi_sel (input port clocked by clk)
Endpoint: spi_in.shift_reg[3]_sky130_fd_sc_hd__dfrtp_2_Q
          (rising edge-triggered flip-flop clocked by clk)
Path Group: clk
Path Type: max

Fanout         Cap        Slew       Delay        Time   Description
---------------------------------------------------------------------------------------------
                                  0.000000    0.000000   clock clk (rise edge)
                                  0.000000    0.000000   clock network delay (propagated)
                                  6.000000    6.000000 v input external delay
     1    0.002629    0.008236    0.004124    6.004124 v spi_sel (in)
                                                         spi_sel (net)
                      0.008236    0.000000    6.004124 v input4/A (sky130_fd_sc_hd__buf_1)
     3    0.009908    0.063929    0.104394    6.108518 v input4/X (sky130_fd_sc_hd__buf_1)
                                                         net4 (net)
                      0.063929    0.000089    6.108606 v spi_sel_sky130_fd_sc_hd__nor3b_2_A/A (sky130_fd_sc_hd__nor3b_1)
     1    0.007664    0.288857    0.296124    6.404730 ^ spi_sel_sky130_fd_sc_hd__nor3b_2_A/Y (sky130_fd_sc_hd__nor3b_1)
                                                         spi_sel_sky130_fd_sc_hd__nor3b_2_A_Y (net)
                      0.288857    0.000141    6.404871 ^ fanout16/A (sky130_fd_sc_hd__clkbuf_8)
     9    0.068267    0.128747    0.268985    6.673856 ^ fanout16/X (sky130_fd_sc_hd__clkbuf_8)
                                                         net16 (net)
                      0.129246    0.005909    6.679765 ^ spi_in.shift_reg[3]_sky130_fd_sc_hd__mux2_1_A0/S (sky130_fd_sc_hd__mux2_1)
     1    0.002233    0.053500    0.325410    7.005175 v spi_in.shift_reg[3]_sky130_fd_sc_hd__mux2_1_A0/X (sky130_fd_sc_hd__mux2_1)
                                                         spi_in.shift_reg[3]_sky130_fd_sc_hd__dfrtp_2_Q_D (net)
                      0.053500    0.000004    7.005179 v spi_in.shift_reg[3]_sky130_fd_sc_hd__dfrtp_2_Q/D (sky130_fd_sc_hd__dfrtp_1)
                                              7.005179   data arrival time

                                 30.000000   30.000000   clock clk (rise edge)
                                  0.000000   30.000000   clock source latency
     1    0.028310    0.132872    0.092459   30.092459 ^ clk (in)
                                                         clk (net)
                      0.132912    0.000000   30.092459 ^ clkbuf_0_clk/A (sky130_fd_sc_hd__clkbuf_16)
     8    0.108967    0.123112    0.223171   30.315630 ^ clkbuf_0_clk/X (sky130_fd_sc_hd__clkbuf_16)
                                                         clknet_0_clk (net)
                      0.123134    0.001343   30.316973 ^ clkbuf_3_7__f_clk/A (sky130_fd_sc_hd__clkbuf_16)
     9    0.038153    0.058206    0.169123   30.486095 ^ clkbuf_3_7__f_clk/X (sky130_fd_sc_hd__clkbuf_16)
                                                         clknet_3_7__leaf_clk (net)
                      0.058211    0.000497   30.486593 ^ spi_in.shift_reg[3]_sky130_fd_sc_hd__dfrtp_2_Q/CLK (sky130_fd_sc_hd__dfrtp_1)
                                 -0.250000   30.236593   clock uncertainty
                                  0.000000   30.236593   clock reconvergence pessimism
                                 -0.114957   30.121637   library setup time
                                             30.121637   data required time
---------------------------------------------------------------------------------------------
                                             30.121637   data required time
                                             -7.005179   data arrival time
---------------------------------------------------------------------------------------------
                                             23.116459   slack (MET)


Startpoint: spi_sel (input port clocked by clk)
Endpoint: spi_in.shift_reg[2]_sky130_fd_sc_hd__dfrtp_2_Q
          (rising edge-triggered flip-flop clocked by clk)
Path Group: clk
Path Type: max

Fanout         Cap        Slew       Delay        Time   Description
---------------------------------------------------------------------------------------------
                                  0.000000    0.000000   clock clk (rise edge)
                                  0.000000    0.000000   clock network delay (propagated)
                                  6.000000    6.000000 v input external delay
     1    0.002629    0.008236    0.004124    6.004124 v spi_sel (in)
                                                         spi_sel (net)
                      0.008236    0.000000    6.004124 v input4/A (sky130_fd_sc_hd__buf_1)
     3    0.009908    0.063929    0.104394    6.108518 v input4/X (sky130_fd_sc_hd__buf_1)
                                                         net4 (net)
                      0.063929    0.000089    6.108606 v spi_sel_sky130_fd_sc_hd__nor3b_2_A/A (sky130_fd_sc_hd__nor3b_1)
     1    0.007664    0.288857    0.296124    6.404730 ^ spi_sel_sky130_fd_sc_hd__nor3b_2_A/Y (sky130_fd_sc_hd__nor3b_1)
                                                         spi_sel_sky130_fd_sc_hd__nor3b_2_A_Y (net)
                      0.288857    0.000141    6.404871 ^ fanout16/A (sky130_fd_sc_hd__clkbuf_8)
     9    0.068267    0.128747    0.268985    6.673856 ^ fanout16/X (sky130_fd_sc_hd__clkbuf_8)
                                                         net16 (net)
                      0.129277    0.006118    6.679975 ^ spi_in.shift_reg[2]_sky130_fd_sc_hd__mux2_1_A0/S (sky130_fd_sc_hd__mux2_1)
     1    0.002132    0.052922    0.324467    7.004441 v spi_in.shift_reg[2]_sky130_fd_sc_hd__mux2_1_A0/X (sky130_fd_sc_hd__mux2_1)
                                                         spi_in.shift_reg[2]_sky130_fd_sc_hd__dfrtp_2_Q_D (net)
                      0.052922    0.000002    7.004443 v spi_in.shift_reg[2]_sky130_fd_sc_hd__dfrtp_2_Q/D (sky130_fd_sc_hd__dfrtp_1)
                                              7.004443   data arrival time

                                 30.000000   30.000000   clock clk (rise edge)
                                  0.000000   30.000000   clock source latency
     1    0.028310    0.132872    0.092459   30.092459 ^ clk (in)
                                                         clk (net)
                      0.132912    0.000000   30.092459 ^ clkbuf_0_clk/A (sky130_fd_sc_hd__clkbuf_16)
     8    0.108967    0.123112    0.223171   30.315630 ^ clkbuf_0_clk/X (sky130_fd_sc_hd__clkbuf_16)
                                                         clknet_0_clk (net)
                      0.123134    0.001343   30.316973 ^ clkbuf_3_7__f_clk/A (sky130_fd_sc_hd__clkbuf_16)
     9    0.038153    0.058206    0.169123   30.486095 ^ clkbuf_3_7__f_clk/X (sky130_fd_sc_hd__clkbuf_16)
                                                         clknet_3_7__leaf_clk (net)
                      0.058212    0.000554   30.486650 ^ spi_in.shift_reg[2]_sky130_fd_sc_hd__dfrtp_2_Q/CLK (sky130_fd_sc_hd__dfrtp_1)
                                 -0.250000   30.236650   clock uncertainty
                                  0.000000   30.236650   clock reconvergence pessimism
                                 -0.114704   30.121946   library setup time
                                             30.121946   data required time
---------------------------------------------------------------------------------------------
                                             30.121946   data required time
                                             -7.004443   data arrival time
---------------------------------------------------------------------------------------------
                                             23.117504   slack (MET)


Startpoint: spi_sel (input port clocked by clk)
Endpoint: spi_in.shift_reg[4]_sky130_fd_sc_hd__dfrtp_2_Q
          (rising edge-triggered flip-flop clocked by clk)
Path Group: clk
Path Type: max

Fanout         Cap        Slew       Delay        Time   Description
---------------------------------------------------------------------------------------------
                                  0.000000    0.000000   clock clk (rise edge)
                                  0.000000    0.000000   clock network delay (propagated)
                                  6.000000    6.000000 v input external delay
     1    0.002629    0.008236    0.004124    6.004124 v spi_sel (in)
                                                         spi_sel (net)
                      0.008236    0.000000    6.004124 v input4/A (sky130_fd_sc_hd__buf_1)
     3    0.009908    0.063929    0.104394    6.108518 v input4/X (sky130_fd_sc_hd__buf_1)
                                                         net4 (net)
                      0.063929    0.000089    6.108606 v spi_sel_sky130_fd_sc_hd__nor3b_2_A/A (sky130_fd_sc_hd__nor3b_1)
     1    0.007664    0.288857    0.296124    6.404730 ^ spi_sel_sky130_fd_sc_hd__nor3b_2_A/Y (sky130_fd_sc_hd__nor3b_1)
                                                         spi_sel_sky130_fd_sc_hd__nor3b_2_A_Y (net)
                      0.288857    0.000141    6.404871 ^ fanout16/A (sky130_fd_sc_hd__clkbuf_8)
     9    0.068267    0.128747    0.268985    6.673856 ^ fanout16/X (sky130_fd_sc_hd__clkbuf_8)
                                                         net16 (net)
                      0.129104    0.004808    6.678664 ^ spi_in.shift_reg[4]_sky130_fd_sc_hd__mux2_1_A0/S (sky130_fd_sc_hd__mux2_1)
     1    0.002605    0.055666    0.328902    7.007566 v spi_in.shift_reg[4]_sky130_fd_sc_hd__mux2_1_A0/X (sky130_fd_sc_hd__mux2_1)
                                                         spi_in.shift_reg[4]_sky130_fd_sc_hd__dfrtp_2_Q_D (net)
                      0.055666    0.000008    7.007574 v spi_in.shift_reg[4]_sky130_fd_sc_hd__dfrtp_2_Q/D (sky130_fd_sc_hd__dfrtp_1)
                                              7.007574   data arrival time

                                 30.000000   30.000000   clock clk (rise edge)
                                  0.000000   30.000000   clock source latency
     1    0.028310    0.132872    0.092459   30.092459 ^ clk (in)
                                                         clk (net)
                      0.132912    0.000000   30.092459 ^ clkbuf_0_clk/A (sky130_fd_sc_hd__clkbuf_16)
     8    0.108967    0.123112    0.223171   30.315630 ^ clkbuf_0_clk/X (sky130_fd_sc_hd__clkbuf_16)
                                                         clknet_0_clk (net)
                      0.123294    0.003784   30.319414 ^ clkbuf_3_5__f_clk/A (sky130_fd_sc_hd__clkbuf_16)
    13    0.042872    0.062425    0.172722   30.492136 ^ clkbuf_3_5__f_clk/X (sky130_fd_sc_hd__clkbuf_16)
                                                         clknet_3_5__leaf_clk (net)
                      0.062426    0.000373   30.492510 ^ spi_in.shift_reg[4]_sky130_fd_sc_hd__dfrtp_2_Q/CLK (sky130_fd_sc_hd__dfrtp_1)
                                 -0.250000   30.242508   clock uncertainty
                                  0.000000   30.242508   clock reconvergence pessimism
                                 -0.114935   30.127575   library setup time
                                             30.127575   data required time
---------------------------------------------------------------------------------------------
                                             30.127575   data required time
                                             -7.007574   data arrival time
---------------------------------------------------------------------------------------------
                                             23.120001   slack (MET)


Startpoint: spi_sel (input port clocked by clk)
Endpoint: spi_in.bit_cnt[0]_sky130_fd_sc_hd__dfrtp_2_Q
          (rising edge-triggered flip-flop clocked by clk)
Path Group: clk
Path Type: max

Fanout         Cap        Slew       Delay        Time   Description
---------------------------------------------------------------------------------------------
                                  0.000000    0.000000   clock clk (rise edge)
                                  0.000000    0.000000   clock network delay (propagated)
                                  6.000000    6.000000 v input external delay
     1    0.002629    0.008236    0.004124    6.004124 v spi_sel (in)
                                                         spi_sel (net)
                      0.008236    0.000000    6.004124 v input4/A (sky130_fd_sc_hd__buf_1)
     3    0.009908    0.063929    0.104394    6.108518 v input4/X (sky130_fd_sc_hd__buf_1)
                                                         net4 (net)
                      0.063929    0.000089    6.108606 v spi_sel_sky130_fd_sc_hd__nor3b_2_A/A (sky130_fd_sc_hd__nor3b_1)
     1    0.007664    0.288857    0.296124    6.404730 ^ spi_sel_sky130_fd_sc_hd__nor3b_2_A/Y (sky130_fd_sc_hd__nor3b_1)
                                                         spi_sel_sky130_fd_sc_hd__nor3b_2_A_Y (net)
                      0.288857    0.000141    6.404871 ^ fanout16/A (sky130_fd_sc_hd__clkbuf_8)
     9    0.068267    0.128747    0.268985    6.673856 ^ fanout16/X (sky130_fd_sc_hd__clkbuf_8)
                                                         net16 (net)
                      0.128747    0.000082    6.673938 ^ fanout15/A (sky130_fd_sc_hd__buf_4)
    10    0.055769    0.157969    0.226515    6.900453 ^ fanout15/X (sky130_fd_sc_hd__buf_4)
                                                         net15 (net)
                      0.157972    0.000974    6.901427 ^ spi_in.bit_cnt[0]_sky130_fd_sc_hd__xor2_2_A/B (sky130_fd_sc_hd__xor2_1)
     1    0.002242    0.103431    0.148425    7.049852 ^ spi_in.bit_cnt[0]_sky130_fd_sc_hd__xor2_2_A/X (sky130_fd_sc_hd__xor2_1)
                                                         spi_in.bit_cnt[0]_sky130_fd_sc_hd__dfrtp_2_Q_D (net)
                      0.103431    0.000003    7.049855 ^ spi_in.bit_cnt[0]_sky130_fd_sc_hd__dfrtp_2_Q/D (sky130_fd_sc_hd__dfrtp_1)
                                              7.049855   data arrival time

                                 30.000000   30.000000   clock clk (rise edge)
                                  0.000000   30.000000   clock source latency
     1    0.028310    0.132872    0.092459   30.092459 ^ clk (in)
                                                         clk (net)
                      0.132912    0.000000   30.092459 ^ clkbuf_0_clk/A (sky130_fd_sc_hd__clkbuf_16)
     8    0.108967    0.123112    0.223171   30.315630 ^ clkbuf_0_clk/X (sky130_fd_sc_hd__clkbuf_16)
                                                         clknet_0_clk (net)
                      0.123294    0.003784   30.319414 ^ clkbuf_3_5__f_clk/A (sky130_fd_sc_hd__clkbuf_16)
    13    0.042872    0.062425    0.172722   30.492136 ^ clkbuf_3_5__f_clk/X (sky130_fd_sc_hd__clkbuf_16)
                                                         clknet_3_5__leaf_clk (net)
                      0.062428    0.000462   30.492598 ^ spi_in.bit_cnt[0]_sky130_fd_sc_hd__dfrtp_2_Q/CLK (sky130_fd_sc_hd__dfrtp_1)
                                 -0.250000   30.242598   clock uncertainty
                                  0.000000   30.242598   clock reconvergence pessimism
                                 -0.070649   30.171947   library setup time
                                             30.171947   data required time
---------------------------------------------------------------------------------------------
                                             30.171947   data required time
                                             -7.049855   data arrival time
---------------------------------------------------------------------------------------------
                                             23.122091   slack (MET)


Startpoint: spi_sel (input port clocked by clk)
Endpoint: spi_in.shift_reg[5]_sky130_fd_sc_hd__dfrtp_2_Q
          (rising edge-triggered flip-flop clocked by clk)
Path Group: clk
Path Type: max

Fanout         Cap        Slew       Delay        Time   Description
---------------------------------------------------------------------------------------------
                                  0.000000    0.000000   clock clk (rise edge)
                                  0.000000    0.000000   clock network delay (propagated)
                                  6.000000    6.000000 v input external delay
     1    0.002629    0.008236    0.004124    6.004124 v spi_sel (in)
                                                         spi_sel (net)
                      0.008236    0.000000    6.004124 v input4/A (sky130_fd_sc_hd__buf_1)
     3    0.009908    0.063929    0.104394    6.108518 v input4/X (sky130_fd_sc_hd__buf_1)
                                                         net4 (net)
                      0.063929    0.000089    6.108606 v spi_sel_sky130_fd_sc_hd__nor3b_2_A/A (sky130_fd_sc_hd__nor3b_1)
     1    0.007664    0.288857    0.296124    6.404730 ^ spi_sel_sky130_fd_sc_hd__nor3b_2_A/Y (sky130_fd_sc_hd__nor3b_1)
                                                         spi_sel_sky130_fd_sc_hd__nor3b_2_A_Y (net)
                      0.288857    0.000141    6.404871 ^ fanout16/A (sky130_fd_sc_hd__clkbuf_8)
     9    0.068267    0.128747    0.268985    6.673856 ^ fanout16/X (sky130_fd_sc_hd__clkbuf_8)
                                                         net16 (net)
                      0.129030    0.004110    6.677967 ^ spi_in.shift_reg[5]_sky130_fd_sc_hd__mux2_1_A0/S (sky130_fd_sc_hd__mux2_1)
     1    0.002352    0.054184    0.326499    7.004466 v spi_in.shift_reg[5]_sky130_fd_sc_hd__mux2_1_A0/X (sky130_fd_sc_hd__mux2_1)
                                                         spi_in.shift_reg[5]_sky130_fd_sc_hd__dfrtp_2_Q_D (net)
                      0.054184    0.000005    7.004470 v spi_in.shift_reg[5]_sky130_fd_sc_hd__dfrtp_2_Q/D (sky130_fd_sc_hd__dfrtp_1)
                                              7.004470   data arrival time

                                 30.000000   30.000000   clock clk (rise edge)
                                  0.000000   30.000000   clock source latency
     1    0.028310    0.132872    0.092459   30.092459 ^ clk (in)
                                                         clk (net)
                      0.132912    0.000000   30.092459 ^ clkbuf_0_clk/A (sky130_fd_sc_hd__clkbuf_16)
     8    0.108967    0.123112    0.223171   30.315630 ^ clkbuf_0_clk/X (sky130_fd_sc_hd__clkbuf_16)
                                                         clknet_0_clk (net)
                      0.123294    0.003784   30.319414 ^ clkbuf_3_5__f_clk/A (sky130_fd_sc_hd__clkbuf_16)
    13    0.042872    0.062425    0.172722   30.492136 ^ clkbuf_3_5__f_clk/X (sky130_fd_sc_hd__clkbuf_16)
                                                         clknet_3_5__leaf_clk (net)
                      0.062425    0.000249   30.492384 ^ spi_in.shift_reg[5]_sky130_fd_sc_hd__dfrtp_2_Q/CLK (sky130_fd_sc_hd__dfrtp_1)
                                 -0.250000   30.242384   clock uncertainty
                                  0.000000   30.242384   clock reconvergence pessimism
                                 -0.114289   30.128094   library setup time
                                             30.128094   data required time
---------------------------------------------------------------------------------------------
                                             30.128094   data required time
                                             -7.004470   data arrival time
---------------------------------------------------------------------------------------------
                                             23.123623   slack (MET)


Startpoint: spi_sel (input port clocked by clk)
Endpoint: spi_in.shift_reg[6]_sky130_fd_sc_hd__dfrtp_2_Q
          (rising edge-triggered flip-flop clocked by clk)
Path Group: clk
Path Type: max

Fanout         Cap        Slew       Delay        Time   Description
---------------------------------------------------------------------------------------------
                                  0.000000    0.000000   clock clk (rise edge)
                                  0.000000    0.000000   clock network delay (propagated)
                                  6.000000    6.000000 v input external delay
     1    0.002629    0.008236    0.004124    6.004124 v spi_sel (in)
                                                         spi_sel (net)
                      0.008236    0.000000    6.004124 v input4/A (sky130_fd_sc_hd__buf_1)
     3    0.009908    0.063929    0.104394    6.108518 v input4/X (sky130_fd_sc_hd__buf_1)
                                                         net4 (net)
                      0.063929    0.000089    6.108606 v spi_sel_sky130_fd_sc_hd__nor3b_2_A/A (sky130_fd_sc_hd__nor3b_1)
     1    0.007664    0.288857    0.296124    6.404730 ^ spi_sel_sky130_fd_sc_hd__nor3b_2_A/Y (sky130_fd_sc_hd__nor3b_1)
                                                         spi_sel_sky130_fd_sc_hd__nor3b_2_A_Y (net)
                      0.288857    0.000141    6.404871 ^ fanout16/A (sky130_fd_sc_hd__clkbuf_8)
     9    0.068267    0.128747    0.268985    6.673856 ^ fanout16/X (sky130_fd_sc_hd__clkbuf_8)
                                                         net16 (net)
                      0.128971    0.003446    6.677302 ^ spi_in.shift_reg[6]_sky130_fd_sc_hd__mux2_1_A0/S (sky130_fd_sc_hd__mux2_1)
     1    0.002172    0.053150    0.324796    7.002098 v spi_in.shift_reg[6]_sky130_fd_sc_hd__mux2_1_A0/X (sky130_fd_sc_hd__mux2_1)
                                                         spi_in.shift_reg[6]_sky130_fd_sc_hd__dfrtp_2_Q_D (net)
                      0.053150    0.000002    7.002100 v spi_in.shift_reg[6]_sky130_fd_sc_hd__dfrtp_2_Q/D (sky130_fd_sc_hd__dfrtp_1)
                                              7.002100   data arrival time

                                 30.000000   30.000000   clock clk (rise edge)
                                  0.000000   30.000000   clock source latency
     1    0.028310    0.132872    0.092459   30.092459 ^ clk (in)
                                                         clk (net)
                      0.132912    0.000000   30.092459 ^ clkbuf_0_clk/A (sky130_fd_sc_hd__clkbuf_16)
     8    0.108967    0.123112    0.223171   30.315630 ^ clkbuf_0_clk/X (sky130_fd_sc_hd__clkbuf_16)
                                                         clknet_0_clk (net)
                      0.123294    0.003784   30.319414 ^ clkbuf_3_5__f_clk/A (sky130_fd_sc_hd__clkbuf_16)
    13    0.042872    0.062425    0.172722   30.492136 ^ clkbuf_3_5__f_clk/X (sky130_fd_sc_hd__clkbuf_16)
                                                         clknet_3_5__leaf_clk (net)
                      0.062425    0.000021   30.492157 ^ spi_in.shift_reg[6]_sky130_fd_sc_hd__dfrtp_2_Q/CLK (sky130_fd_sc_hd__dfrtp_1)
                                 -0.250000   30.242157   clock uncertainty
                                  0.000000   30.242157   clock reconvergence pessimism
                                 -0.113839   30.128317   library setup time
                                             30.128317   data required time
---------------------------------------------------------------------------------------------
                                             30.128317   data required time
                                             -7.002100   data arrival time
---------------------------------------------------------------------------------------------
                                             23.126217   slack (MET)


Startpoint: spi_sel (input port clocked by clk)
Endpoint: spi_in.shift_reg[7]_sky130_fd_sc_hd__dfrtp_2_Q
          (rising edge-triggered flip-flop clocked by clk)
Path Group: clk
Path Type: max

Fanout         Cap        Slew       Delay        Time   Description
---------------------------------------------------------------------------------------------
                                  0.000000    0.000000   clock clk (rise edge)
                                  0.000000    0.000000   clock network delay (propagated)
                                  6.000000    6.000000 v input external delay
     1    0.002629    0.008236    0.004124    6.004124 v spi_sel (in)
                                                         spi_sel (net)
                      0.008236    0.000000    6.004124 v input4/A (sky130_fd_sc_hd__buf_1)
     3    0.009908    0.063929    0.104394    6.108518 v input4/X (sky130_fd_sc_hd__buf_1)
                                                         net4 (net)
                      0.063929    0.000089    6.108606 v spi_sel_sky130_fd_sc_hd__nor3b_2_A/A (sky130_fd_sc_hd__nor3b_1)
     1    0.007664    0.288857    0.296124    6.404730 ^ spi_sel_sky130_fd_sc_hd__nor3b_2_A/Y (sky130_fd_sc_hd__nor3b_1)
                                                         spi_sel_sky130_fd_sc_hd__nor3b_2_A_Y (net)
                      0.288857    0.000141    6.404871 ^ fanout16/A (sky130_fd_sc_hd__clkbuf_8)
     9    0.068267    0.128747    0.268985    6.673856 ^ fanout16/X (sky130_fd_sc_hd__clkbuf_8)
                                                         net16 (net)
                      0.128845    0.000935    6.674792 ^ spi_in.shift_reg[7]_sky130_fd_sc_hd__mux2_1_A0/S (sky130_fd_sc_hd__mux2_1)
     1    0.002328    0.054049    0.326251    7.001043 v spi_in.shift_reg[7]_sky130_fd_sc_hd__mux2_1_A0/X (sky130_fd_sc_hd__mux2_1)
                                                         spi_in.shift_reg[7]_sky130_fd_sc_hd__dfrtp_2_Q_D (net)
                      0.054049    0.000004    7.001047 v spi_in.shift_reg[7]_sky130_fd_sc_hd__dfrtp_2_Q/D (sky130_fd_sc_hd__dfrtp_1)
                                              7.001047   data arrival time

                                 30.000000   30.000000   clock clk (rise edge)
                                  0.000000   30.000000   clock source latency
     1    0.028310    0.132872    0.092459   30.092459 ^ clk (in)
                                                         clk (net)
                      0.132912    0.000000   30.092459 ^ clkbuf_0_clk/A (sky130_fd_sc_hd__clkbuf_16)
     8    0.108967    0.123112    0.223171   30.315630 ^ clkbuf_0_clk/X (sky130_fd_sc_hd__clkbuf_16)
                                                         clknet_0_clk (net)
                      0.123241    0.003197   30.318827 ^ clkbuf_3_1__f_clk/A (sky130_fd_sc_hd__clkbuf_16)
    12    0.043307    0.062829    0.173113   30.491941 ^ clkbuf_3_1__f_clk/X (sky130_fd_sc_hd__clkbuf_16)
                                                         clknet_3_1__leaf_clk (net)
                      0.062829    0.000156   30.492096 ^ spi_in.shift_reg[7]_sky130_fd_sc_hd__dfrtp_2_Q/CLK (sky130_fd_sc_hd__dfrtp_1)
                                 -0.250000   30.242096   clock uncertainty
                                  0.000000   30.242096   clock reconvergence pessimism
                                 -0.114138   30.127958   library setup time
                                             30.127958   data required time
---------------------------------------------------------------------------------------------
                                             30.127958   data required time
                                             -7.001047   data arrival time
---------------------------------------------------------------------------------------------
                                             23.126911   slack (MET)


Startpoint: filter.y_out[10]_sky130_fd_sc_hd__dfrtp_2_Q
            (rising edge-triggered flip-flop clocked by clk)
Endpoint: filter.y_out[15]_sky130_fd_sc_hd__dfrtp_2_Q
          (rising edge-triggered flip-flop clocked by clk)
Path Group: clk
Path Type: max

Fanout         Cap        Slew       Delay        Time   Description
---------------------------------------------------------------------------------------------
                                  0.000000    0.000000   clock clk (rise edge)
                                  0.000000    0.000000   clock source latency
     1    0.028310    0.132872    0.092458    0.092458 ^ clk (in)
                                                         clk (net)
                      0.132912    0.000000    0.092458 ^ clkbuf_0_clk/A (sky130_fd_sc_hd__clkbuf_16)
     8    0.108967    0.123112    0.223171    0.315629 ^ clkbuf_0_clk/X (sky130_fd_sc_hd__clkbuf_16)
                                                         clknet_0_clk (net)
                      0.123380    0.004579    0.320208 ^ clkbuf_3_3__f_clk/A (sky130_fd_sc_hd__clkbuf_16)
     6    0.036229    0.056559    0.167876    0.488085 ^ clkbuf_3_3__f_clk/X (sky130_fd_sc_hd__clkbuf_16)
                                                         clknet_3_3__leaf_clk (net)
                      0.056559    0.000155    0.488240 ^ filter.y_out[10]_sky130_fd_sc_hd__dfrtp_2_Q/CLK (sky130_fd_sc_hd__dfrtp_1)
     3    0.013643    0.086125    0.410728    0.898968 v filter.y_out[10]_sky130_fd_sc_hd__dfrtp_2_Q/Q (sky130_fd_sc_hd__dfrtp_1)
                                                         filter.y_out[10] (net)
                      0.086125    0.000130    0.899098 v fanout24/A (sky130_fd_sc_hd__buf_4)
    10    0.057813    0.082333    0.211466    1.110564 v fanout24/X (sky130_fd_sc_hd__buf_4)
                                                         net24 (net)
                      0.082333    0.000408    1.110972 v filter.x_in[12]_sky130_fd_sc_hd__a21oi_2_A1_B1_sky130_fd_sc_hd__and3_2_X_B_sky130_fd_sc_hd__a22o_2_X_A1_sky130_fd_sc_hd__nand2_2_Y_A_sky130_fd_sc_hd__or2_2_X/A (sky130_fd_sc_hd__or2_2)
     7    0.021140    0.100430    0.368876    1.479848 v filter.x_in[12]_sky130_fd_sc_hd__a21oi_2_A1_B1_sky130_fd_sc_hd__and3_2_X_B_sky130_fd_sc_hd__a22o_2_X_A1_sky130_fd_sc_hd__nand2_2_Y_A_sky130_fd_sc_hd__or2_2_X/X (sky130_fd_sc_hd__or2_2)
                                                         filter.x_in[12]_sky130_fd_sc_hd__a21oi_2_A1_B1_sky130_fd_sc_hd__and3_2_X_B_sky130_fd_sc_hd__a22o_2_X_A1_sky130_fd_sc_hd__nand2_2_Y_A (net)
                      0.100430    0.000056    1.479904 v filter.x_in[10]_sky130_fd_sc_hd__or2_2_A_B_sky130_fd_sc_hd__xor2_2_X_B_sky130_fd_sc_hd__a31o_2_X_A3_sky130_fd_sc_hd__xnor2_2_Y_B_sky130_fd_sc_hd__nand2b_2_Y_B_sky130_fd_sc_hd__a21o_2_X/A1 (sky130_fd_sc_hd__a21o_1)
     2    0.004996    0.043708    0.183475    1.663378 v filter.x_in[10]_sky130_fd_sc_hd__or2_2_A_B_sky130_fd_sc_hd__xor2_2_X_B_sky130_fd_sc_hd__a31o_2_X_A3_sky130_fd_sc_hd__xnor2_2_Y_B_sky130_fd_sc_hd__nand2b_2_Y_B_sky130_fd_sc_hd__a21o_2_X/X (sky130_fd_sc_hd__a21o_1)
                                                         filter.x_in[10]_sky130_fd_sc_hd__or2_2_A_B_sky130_fd_sc_hd__xor2_2_X_B_sky130_fd_sc_hd__a31o_2_X_A3_sky130_fd_sc_hd__xnor2_2_Y_B_sky130_fd_sc_hd__nand2b_2_Y_B (net)
                      0.043708    0.000004    1.663383 v filter.x_in[9]_sky130_fd_sc_hd__xnor2_2_A_B_sky130_fd_sc_hd__xor2_2_X_A_sky130_fd_sc_hd__xnor2_2_Y_A_sky130_fd_sc_hd__a21o_2_X_B1_sky130_fd_sc_hd__a311o_2_B1/A3 (sky130_fd_sc_hd__a311o_1)
     2    0.013388    0.102748    0.401752    2.065135 v filter.x_in[9]_sky130_fd_sc_hd__xnor2_2_A_B_sky130_fd_sc_hd__xor2_2_X_A_sky130_fd_sc_hd__xnor2_2_Y_A_sky130_fd_sc_hd__a21o_2_X_B1_sky130_fd_sc_hd__a311o_2_B1/X (sky130_fd_sc_hd__a311o_1)
                                                         filter.x_in[9]_sky130_fd_sc_hd__xnor2_2_A_B_sky130_fd_sc_hd__xor2_2_X_A_sky130_fd_sc_hd__xnor2_2_Y_A_sky130_fd_sc_hd__a21o_2_X_B1_sky130_fd_sc_hd__a311o_2_B1_X (net)
                      0.102748    0.000469    2.065604 v fanout12/A (sky130_fd_sc_hd__clkbuf_4)
    10    0.041395    0.092038    0.219799    2.285403 v fanout12/X (sky130_fd_sc_hd__clkbuf_4)
                                                         net12 (net)
                      0.092039    0.000486    2.285889 v filter.x_in[3]_sky130_fd_sc_hd__a21oi_2_B1_Y_sky130_fd_sc_hd__o31a_2_A3_A1_sky130_fd_sc_hd__a21oi_2_Y_A2_sky130_fd_sc_hd__or2_2_X_B_sky130_fd_sc_hd__xor2_2_B/A (sky130_fd_sc_hd__xor2_1)
     1    0.005296    0.092157    0.184308    2.470196 v filter.x_in[3]_sky130_fd_sc_hd__a21oi_2_B1_Y_sky130_fd_sc_hd__o31a_2_A3_A1_sky130_fd_sc_hd__a21oi_2_Y_A2_sky130_fd_sc_hd__or2_2_X_B_sky130_fd_sc_hd__xor2_2_B/X (sky130_fd_sc_hd__xor2_1)
                                                         filter.x_in[3]_sky130_fd_sc_hd__a21oi_2_B1_Y_sky130_fd_sc_hd__o31a_2_A3_A1_sky130_fd_sc_hd__a21oi_2_Y_A1_sky130_fd_sc_hd__xnor2_2_A_B (net)
                      0.092157    0.000020    2.470216 v filter.x_in[3]_sky130_fd_sc_hd__a21oi_2_B1_Y_sky130_fd_sc_hd__o31a_2_A3_A1_sky130_fd_sc_hd__a21oi_2_Y_A1_sky130_fd_sc_hd__xnor2_2_A/B (sky130_fd_sc_hd__xnor2_1)
     2    0.008609    0.084242    0.170304    2.640520 v filter.x_in[3]_sky130_fd_sc_hd__a21oi_2_B1_Y_sky130_fd_sc_hd__o31a_2_A3_A1_sky130_fd_sc_hd__a21oi_2_Y_A1_sky130_fd_sc_hd__xnor2_2_A/Y (sky130_fd_sc_hd__xnor2_1)
                                                         filter.x_in[3]_sky130_fd_sc_hd__a21oi_2_B1_Y_sky130_fd_sc_hd__o31a_2_A3_A1_sky130_fd_sc_hd__a21oi_2_Y_A1_sky130_fd_sc_hd__xnor2_2_A_Y (net)
                      0.084242    0.000079    2.640599 v filter.x_in[3]_sky130_fd_sc_hd__a21oi_2_B1_Y_sky130_fd_sc_hd__o31a_2_A3_A1_sky130_fd_sc_hd__a21oi_2_Y_A1_sky130_fd_sc_hd__xnor2_2_A_Y_sky130_fd_sc_hd__o31a_2_A2/A2 (sky130_fd_sc_hd__o31a_1)
     2    0.007182    0.067319    0.310106    2.950705 v filter.x_in[3]_sky130_fd_sc_hd__a21oi_2_B1_Y_sky130_fd_sc_hd__o31a_2_A3_A1_sky130_fd_sc_hd__a21oi_2_Y_A1_sky130_fd_sc_hd__xnor2_2_A_Y_sky130_fd_sc_hd__o31a_2_A2/X (sky130_fd_sc_hd__o31a_1)
                                                         filter.x_in[2]_sky130_fd_sc_hd__inv_2_A_Y_sky130_fd_sc_hd__o2bb2ai_2_B2_Y_sky130_fd_sc_hd__xor2_2_A_X_sky130_fd_sc_hd__xnor2_2_A_B_sky130_fd_sc_hd__xnor2_2_Y_B (net)
                      0.067319    0.000044    2.950749 v filter.x_in[2]_sky130_fd_sc_hd__inv_2_A_Y_sky130_fd_sc_hd__o2bb2ai_2_B2_Y_sky130_fd_sc_hd__xor2_2_A_X_sky130_fd_sc_hd__xnor2_2_A_B_sky130_fd_sc_hd__xnor2_2_Y/B (sky130_fd_sc_hd__xnor2_1)
     2    0.008651    0.237141    0.223508    3.174258 ^ filter.x_in[2]_sky130_fd_sc_hd__inv_2_A_Y_sky130_fd_sc_hd__o2bb2ai_2_B2_Y_sky130_fd_sc_hd__xor2_2_A_X_sky130_fd_sc_hd__xnor2_2_A_B_sky130_fd_sc_hd__xnor2_2_Y/Y (sky130_fd_sc_hd__xnor2_1)
                                                         filter.x_in[2]_sky130_fd_sc_hd__inv_2_A_Y_sky130_fd_sc_hd__o2bb2ai_2_B2_Y_sky130_fd_sc_hd__xor2_2_A_X_sky130_fd_sc_hd__xnor2_2_A_B (net)
                      0.237141    0.000040    3.174297 ^ filter.x_in[2]_sky130_fd_sc_hd__inv_2_A_Y_sky130_fd_sc_hd__o2bb2ai_2_B2_Y_sky130_fd_sc_hd__xor2_2_A_X_sky130_fd_sc_hd__xnor2_2_A/B (sky130_fd_sc_hd__xnor2_1)
     3    0.010872    0.273657    0.209975    3.384273 ^ filter.x_in[2]_sky130_fd_sc_hd__inv_2_A_Y_sky130_fd_sc_hd__o2bb2ai_2_B2_Y_sky130_fd_sc_hd__xor2_2_A_X_sky130_fd_sc_hd__xnor2_2_A/Y (sky130_fd_sc_hd__xnor2_1)
                                                         filter.x_in[2]_sky130_fd_sc_hd__inv_2_A_Y_sky130_fd_sc_hd__o2bb2ai_2_B2_Y_sky130_fd_sc_hd__xor2_2_A_X_sky130_fd_sc_hd__xnor2_2_A_Y (net)
                      0.273657    0.000148    3.384421 ^ filter.x_in[2]_sky130_fd_sc_hd__inv_2_A_Y_sky130_fd_sc_hd__o2bb2ai_2_B2_Y_sky130_fd_sc_hd__xor2_2_A_X_sky130_fd_sc_hd__xnor2_2_A_Y_sky130_fd_sc_hd__and3_2_C/C (sky130_fd_sc_hd__and3_1)
     2    0.004496    0.068302    0.207115    3.591536 ^ filter.x_in[2]_sky130_fd_sc_hd__inv_2_A_Y_sky130_fd_sc_hd__o2bb2ai_2_B2_Y_sky130_fd_sc_hd__xor2_2_A_X_sky130_fd_sc_hd__xnor2_2_A_Y_sky130_fd_sc_hd__and3_2_C/X (sky130_fd_sc_hd__and3_1)
                                                         filter.x_in[2]_sky130_fd_sc_hd__inv_2_A_Y_sky130_fd_sc_hd__o2bb2ai_2_B2_Y_sky130_fd_sc_hd__xor2_2_A_X_sky130_fd_sc_hd__xnor2_2_A_Y_sky130_fd_sc_hd__and3_2_C_X (net)
                      0.068302    0.000010    3.591546 ^ filter.x_in[2]_sky130_fd_sc_hd__inv_2_A_Y_sky130_fd_sc_hd__o2bb2ai_2_B2_Y_sky130_fd_sc_hd__xor2_2_A_X_sky130_fd_sc_hd__xnor2_2_A_Y_sky130_fd_sc_hd__and3_2_C_X_sky130_fd_sc_hd__nor2_2_B/B (sky130_fd_sc_hd__nor2_1)
     1    0.005327    0.050540    0.051980    3.643526 v filter.x_in[2]_sky130_fd_sc_hd__inv_2_A_Y_sky130_fd_sc_hd__o2bb2ai_2_B2_Y_sky130_fd_sc_hd__xor2_2_A_X_sky130_fd_sc_hd__xnor2_2_A_Y_sky130_fd_sc_hd__and3_2_C_X_sky130_fd_sc_hd__nor2_2_B/Y (sky130_fd_sc_hd__nor2_1)
                                                         filter.x_in[2]_sky130_fd_sc_hd__inv_2_A_Y_sky130_fd_sc_hd__xnor2_2_A_Y_sky130_fd_sc_hd__and2b_2_A_N_X_sky130_fd_sc_hd__a41oi_2_B1_Y_sky130_fd_sc_hd__xnor2_2_A_B (net)
                      0.050540    0.000020    3.643546 v filter.x_in[2]_sky130_fd_sc_hd__inv_2_A_Y_sky130_fd_sc_hd__xnor2_2_A_Y_sky130_fd_sc_hd__and2b_2_A_N_X_sky130_fd_sc_hd__a41oi_2_B1_Y_sky130_fd_sc_hd__xnor2_2_A/B (sky130_fd_sc_hd__xnor2_1)
     2    0.007306    0.209962    0.196705    3.840251 ^ filter.x_in[2]_sky130_fd_sc_hd__inv_2_A_Y_sky130_fd_sc_hd__xnor2_2_A_Y_sky130_fd_sc_hd__and2b_2_A_N_X_sky130_fd_sc_hd__a41oi_2_B1_Y_sky130_fd_sc_hd__xnor2_2_A/Y (sky130_fd_sc_hd__xnor2_1)
                                                         filter.x_in[2]_sky130_fd_sc_hd__inv_2_A_Y_sky130_fd_sc_hd__xnor2_2_A_Y_sky130_fd_sc_hd__and2b_2_A_N_X_sky130_fd_sc_hd__a41oi_2_B1_Y_sky130_fd_sc_hd__xnor2_2_A_Y (net)
                      0.209962    0.000019    3.840271 ^ filter.x_in[0]_sky130_fd_sc_hd__o21ai_2_A1_Y_sky130_fd_sc_hd__and2b_2_A_N_X_sky130_fd_sc_hd__o21ai_2_A2_Y_sky130_fd_sc_hd__xnor2_2_A_B_sky130_fd_sc_hd__xnor2_2_Y/A (sky130_fd_sc_hd__xnor2_1)
     2    0.007769    0.091728    0.135183    3.975453 v filter.x_in[0]_sky130_fd_sc_hd__o21ai_2_A1_Y_sky130_fd_sc_hd__and2b_2_A_N_X_sky130_fd_sc_hd__o21ai_2_A2_Y_sky130_fd_sc_hd__xnor2_2_A_B_sky130_fd_sc_hd__xnor2_2_Y/Y (sky130_fd_sc_hd__xnor2_1)
                                                         filter.x_in[0]_sky130_fd_sc_hd__o21ai_2_A1_Y_sky130_fd_sc_hd__and2b_2_A_N_X_sky130_fd_sc_hd__o21ai_2_A2_Y_sky130_fd_sc_hd__xnor2_2_A_B (net)
                      0.091728    0.000020    3.975472 v filter.x_in[0]_sky130_fd_sc_hd__o21ai_2_A1_Y_sky130_fd_sc_hd__and2b_2_A_N_X_sky130_fd_sc_hd__o21ai_2_A2_Y_sky130_fd_sc_hd__xnor2_2_A/B (sky130_fd_sc_hd__xnor2_1)
     3    0.010771    0.280089    0.265126    4.240598 ^ filter.x_in[0]_sky130_fd_sc_hd__o21ai_2_A1_Y_sky130_fd_sc_hd__and2b_2_A_N_X_sky130_fd_sc_hd__o21ai_2_A2_Y_sky130_fd_sc_hd__xnor2_2_A/Y (sky130_fd_sc_hd__xnor2_1)
                                                         filter.y_out[2]_sky130_fd_sc_hd__dfrtp_2_Q_D_sky130_fd_sc_hd__xor2_2_X_A_sky130_fd_sc_hd__xor2_2_X_A_sky130_fd_sc_hd__nand2_2_Y_B (net)
                      0.280089    0.000083    4.240681 ^ filter.y_out[2]_sky130_fd_sc_hd__dfrtp_2_Q_D_sky130_fd_sc_hd__xor2_2_X_B_sky130_fd_sc_hd__a21bo_2_X_B1_N_sky130_fd_sc_hd__or4b_2_X/D_N (sky130_fd_sc_hd__or4b_1)
     2    0.005959    0.102032    0.493398    4.734079 v filter.y_out[2]_sky130_fd_sc_hd__dfrtp_2_Q_D_sky130_fd_sc_hd__xor2_2_X_B_sky130_fd_sc_hd__a21bo_2_X_B1_N_sky130_fd_sc_hd__or4b_2_X/X (sky130_fd_sc_hd__or4b_1)
                                                         filter.y_out[2]_sky130_fd_sc_hd__dfrtp_2_Q_D_sky130_fd_sc_hd__xor2_2_X_B_sky130_fd_sc_hd__a21bo_2_X_B1_N (net)
                      0.102032    0.000055    4.734134 v filter.y_out[2]_sky130_fd_sc_hd__dfrtp_2_Q_D_sky130_fd_sc_hd__xor2_2_X_A_sky130_fd_sc_hd__xor2_2_X_A_sky130_fd_sc_hd__a21oi_2_A1/A2 (sky130_fd_sc_hd__a21oi_1)
     1    0.003092    0.112462    0.162044    4.896178 ^ filter.y_out[2]_sky130_fd_sc_hd__dfrtp_2_Q_D_sky130_fd_sc_hd__xor2_2_X_A_sky130_fd_sc_hd__xor2_2_X_A_sky130_fd_sc_hd__a21oi_2_A1/Y (sky130_fd_sc_hd__a21oi_1)
                                                         filter.y_out[2]_sky130_fd_sc_hd__dfrtp_2_Q_D_sky130_fd_sc_hd__xor2_2_X_A_sky130_fd_sc_hd__a31o_2_A3_B1 (net)
                      0.112462    0.000008    4.896186 ^ filter.y_out[2]_sky130_fd_sc_hd__dfrtp_2_Q_D_sky130_fd_sc_hd__xor2_2_X_A_sky130_fd_sc_hd__a31o_2_A3/B1 (sky130_fd_sc_hd__a31o_1)
     3    0.012160    0.126544    0.171066    5.067252 ^ filter.y_out[2]_sky130_fd_sc_hd__dfrtp_2_Q_D_sky130_fd_sc_hd__xor2_2_X_A_sky130_fd_sc_hd__a31o_2_A3/X (sky130_fd_sc_hd__a31o_1)
                                                         filter.y_out[3]_sky130_fd_sc_hd__dfrtp_2_Q_D_sky130_fd_sc_hd__nor2_2_Y_A_sky130_fd_sc_hd__and2b_2_X_B (net)
                      0.126544    0.000259    5.067512 ^ filter.y_out[5]_sky130_fd_sc_hd__dfrtp_2_Q_D_sky130_fd_sc_hd__xor2_2_X_A_sky130_fd_sc_hd__nor2_2_Y_A_sky130_fd_sc_hd__nor3b_2_Y/C_N (sky130_fd_sc_hd__nor3b_1)
     2    0.009242    0.343685    0.330398    5.397910 ^ filter.y_out[5]_sky130_fd_sc_hd__dfrtp_2_Q_D_sky130_fd_sc_hd__xor2_2_X_A_sky130_fd_sc_hd__nor2_2_Y_A_sky130_fd_sc_hd__nor3b_2_Y/Y (sky130_fd_sc_hd__nor3b_1)
                                                         filter.y_out[5]_sky130_fd_sc_hd__dfrtp_2_Q_D_sky130_fd_sc_hd__xor2_2_X_A_sky130_fd_sc_hd__nor2_2_Y_A (net)
                      0.343685    0.000109    5.398019 ^ filter.y_out[5]_sky130_fd_sc_hd__dfrtp_2_Q_D_sky130_fd_sc_hd__xor2_2_X_B_sky130_fd_sc_hd__o21bai_2_B1_N/A1 (sky130_fd_sc_hd__o21bai_2)
     3    0.016567    0.113668    0.169734    5.567753 v filter.y_out[5]_sky130_fd_sc_hd__dfrtp_2_Q_D_sky130_fd_sc_hd__xor2_2_X_B_sky130_fd_sc_hd__o21bai_2_B1_N/Y (sky130_fd_sc_hd__o21bai_2)
                                                         filter.y_out[6]_sky130_fd_sc_hd__dfrtp_2_Q_D_sky130_fd_sc_hd__xnor2_2_Y_A_sky130_fd_sc_hd__nand2_2_Y_B (net)
                      0.113669    0.000587    5.568339 v filter.y_out[6]_sky130_fd_sc_hd__dfrtp_2_Q_D_sky130_fd_sc_hd__xnor2_2_Y_B_sky130_fd_sc_hd__o311a_2_A2/A1 (sky130_fd_sc_hd__o311a_2)
     4    0.021549    0.099864    0.478454    6.046793 v filter.y_out[6]_sky130_fd_sc_hd__dfrtp_2_Q_D_sky130_fd_sc_hd__xnor2_2_Y_B_sky130_fd_sc_hd__o311a_2_A2/X (sky130_fd_sc_hd__o311a_2)
                                                         filter.y_out[6]_sky130_fd_sc_hd__dfrtp_2_Q_D_sky130_fd_sc_hd__xnor2_2_Y_B_sky130_fd_sc_hd__o311a_2_A2_X (net)
                      0.099871    0.000913    6.047707 v filter.y_out[13]_sky130_fd_sc_hd__dfrtp_2_Q_D_sky130_fd_sc_hd__xnor2_2_Y_B_sky130_fd_sc_hd__o31a_2_X/A1 (sky130_fd_sc_hd__o31a_1)
     3    0.012395    0.088142    0.358760    6.406466 v filter.y_out[13]_sky130_fd_sc_hd__dfrtp_2_Q_D_sky130_fd_sc_hd__xnor2_2_Y_B_sky130_fd_sc_hd__o31a_2_X/X (sky130_fd_sc_hd__o31a_1)
                                                         filter.y_out[13]_sky130_fd_sc_hd__dfrtp_2_Q_D_sky130_fd_sc_hd__xnor2_2_Y_B (net)
                      0.088142    0.000226    6.406693 v filter.y_out[15]_sky130_fd_sc_hd__dfrtp_2_Q_D_sky130_fd_sc_hd__and3_2_X_A_sky130_fd_sc_hd__or3_2_X/B (sky130_fd_sc_hd__or3_1)
     1    0.003804    0.071168    0.361931    6.768624 v filter.y_out[15]_sky130_fd_sc_hd__dfrtp_2_Q_D_sky130_fd_sc_hd__and3_2_X_A_sky130_fd_sc_hd__or3_2_X/X (sky130_fd_sc_hd__or3_1)
                                                         filter.y_out[15]_sky130_fd_sc_hd__dfrtp_2_Q_D_sky130_fd_sc_hd__and3_2_X_A (net)
                      0.071168    0.000030    6.768654 v filter.y_out[15]_sky130_fd_sc_hd__dfrtp_2_Q_D_sky130_fd_sc_hd__and3_2_X/A (sky130_fd_sc_hd__and3_1)
     1    0.002185    0.034849    0.146001    6.914655 v filter.y_out[15]_sky130_fd_sc_hd__dfrtp_2_Q_D_sky130_fd_sc_hd__and3_2_X/X (sky130_fd_sc_hd__and3_1)
                                                         filter.y_out[15]_sky130_fd_sc_hd__dfrtp_2_Q_D (net)
                      0.034849    0.000003    6.914658 v filter.y_out[15]_sky130_fd_sc_hd__dfrtp_2_Q/D (sky130_fd_sc_hd__dfrtp_4)
                                              6.914658   data arrival time

                                 30.000000   30.000000   clock clk (rise edge)
                                  0.000000   30.000000   clock source latency
     1    0.028310    0.132872    0.092459   30.092459 ^ clk (in)
                                                         clk (net)
                      0.132912    0.000000   30.092459 ^ clkbuf_0_clk/A (sky130_fd_sc_hd__clkbuf_16)
     8    0.108967    0.123112    0.223171   30.315630 ^ clkbuf_0_clk/X (sky130_fd_sc_hd__clkbuf_16)
                                                         clknet_0_clk (net)
                      0.123417    0.004874   30.320505 ^ clkbuf_3_2__f_clk/A (sky130_fd_sc_hd__clkbuf_16)
     9    0.042714    0.062286    0.172658   30.493162 ^ clkbuf_3_2__f_clk/X (sky130_fd_sc_hd__clkbuf_16)
                                                         clknet_3_2__leaf_clk (net)
                      0.062286    0.000217   30.493380 ^ filter.y_out[15]_sky130_fd_sc_hd__dfrtp_2_Q/CLK (sky130_fd_sc_hd__dfrtp_4)
                                 -0.250000   30.243378   clock uncertainty
                                  0.000000   30.243378   clock reconvergence pessimism
                                 -0.105894   30.137486   library setup time
                                             30.137486   data required time
---------------------------------------------------------------------------------------------
                                             30.137486   data required time
                                             -6.914658   data arrival time
---------------------------------------------------------------------------------------------
                                             23.222828   slack (MET)


Startpoint: filter.y_out[10]_sky130_fd_sc_hd__dfrtp_2_Q
            (rising edge-triggered flip-flop clocked by clk)
Endpoint: filter.y_out[14]_sky130_fd_sc_hd__dfrtp_2_Q
          (rising edge-triggered flip-flop clocked by clk)
Path Group: clk
Path Type: max

Fanout         Cap        Slew       Delay        Time   Description
---------------------------------------------------------------------------------------------
                                  0.000000    0.000000   clock clk (rise edge)
                                  0.000000    0.000000   clock source latency
     1    0.028310    0.132872    0.092458    0.092458 ^ clk (in)
                                                         clk (net)
                      0.132912    0.000000    0.092458 ^ clkbuf_0_clk/A (sky130_fd_sc_hd__clkbuf_16)
     8    0.108967    0.123112    0.223171    0.315629 ^ clkbuf_0_clk/X (sky130_fd_sc_hd__clkbuf_16)
                                                         clknet_0_clk (net)
                      0.123380    0.004579    0.320208 ^ clkbuf_3_3__f_clk/A (sky130_fd_sc_hd__clkbuf_16)
     6    0.036229    0.056559    0.167876    0.488085 ^ clkbuf_3_3__f_clk/X (sky130_fd_sc_hd__clkbuf_16)
                                                         clknet_3_3__leaf_clk (net)
                      0.056559    0.000155    0.488240 ^ filter.y_out[10]_sky130_fd_sc_hd__dfrtp_2_Q/CLK (sky130_fd_sc_hd__dfrtp_1)
     3    0.013643    0.086125    0.410728    0.898968 v filter.y_out[10]_sky130_fd_sc_hd__dfrtp_2_Q/Q (sky130_fd_sc_hd__dfrtp_1)
                                                         filter.y_out[10] (net)
                      0.086125    0.000130    0.899098 v fanout24/A (sky130_fd_sc_hd__buf_4)
    10    0.057813    0.082333    0.211466    1.110564 v fanout24/X (sky130_fd_sc_hd__buf_4)
                                                         net24 (net)
                      0.082333    0.000408    1.110972 v filter.x_in[12]_sky130_fd_sc_hd__a21oi_2_A1_B1_sky130_fd_sc_hd__and3_2_X_B_sky130_fd_sc_hd__a22o_2_X_A1_sky130_fd_sc_hd__nand2_2_Y_A_sky130_fd_sc_hd__or2_2_X/A (sky130_fd_sc_hd__or2_2)
     7    0.021140    0.100430    0.368876    1.479848 v filter.x_in[12]_sky130_fd_sc_hd__a21oi_2_A1_B1_sky130_fd_sc_hd__and3_2_X_B_sky130_fd_sc_hd__a22o_2_X_A1_sky130_fd_sc_hd__nand2_2_Y_A_sky130_fd_sc_hd__or2_2_X/X (sky130_fd_sc_hd__or2_2)
                                                         filter.x_in[12]_sky130_fd_sc_hd__a21oi_2_A1_B1_sky130_fd_sc_hd__and3_2_X_B_sky130_fd_sc_hd__a22o_2_X_A1_sky130_fd_sc_hd__nand2_2_Y_A (net)
                      0.100430    0.000056    1.479904 v filter.x_in[10]_sky130_fd_sc_hd__or2_2_A_B_sky130_fd_sc_hd__xor2_2_X_B_sky130_fd_sc_hd__a31o_2_X_A3_sky130_fd_sc_hd__xnor2_2_Y_B_sky130_fd_sc_hd__nand2b_2_Y_B_sky130_fd_sc_hd__a21o_2_X/A1 (sky130_fd_sc_hd__a21o_1)
     2    0.004996    0.043708    0.183475    1.663378 v filter.x_in[10]_sky130_fd_sc_hd__or2_2_A_B_sky130_fd_sc_hd__xor2_2_X_B_sky130_fd_sc_hd__a31o_2_X_A3_sky130_fd_sc_hd__xnor2_2_Y_B_sky130_fd_sc_hd__nand2b_2_Y_B_sky130_fd_sc_hd__a21o_2_X/X (sky130_fd_sc_hd__a21o_1)
                                                         filter.x_in[10]_sky130_fd_sc_hd__or2_2_A_B_sky130_fd_sc_hd__xor2_2_X_B_sky130_fd_sc_hd__a31o_2_X_A3_sky130_fd_sc_hd__xnor2_2_Y_B_sky130_fd_sc_hd__nand2b_2_Y_B (net)
                      0.043708    0.000004    1.663383 v filter.x_in[9]_sky130_fd_sc_hd__xnor2_2_A_B_sky130_fd_sc_hd__xor2_2_X_A_sky130_fd_sc_hd__xnor2_2_Y_A_sky130_fd_sc_hd__a21o_2_X_B1_sky130_fd_sc_hd__a311o_2_B1/A3 (sky130_fd_sc_hd__a311o_1)
     2    0.013388    0.102748    0.401752    2.065135 v filter.x_in[9]_sky130_fd_sc_hd__xnor2_2_A_B_sky130_fd_sc_hd__xor2_2_X_A_sky130_fd_sc_hd__xnor2_2_Y_A_sky130_fd_sc_hd__a21o_2_X_B1_sky130_fd_sc_hd__a311o_2_B1/X (sky130_fd_sc_hd__a311o_1)
                                                         filter.x_in[9]_sky130_fd_sc_hd__xnor2_2_A_B_sky130_fd_sc_hd__xor2_2_X_A_sky130_fd_sc_hd__xnor2_2_Y_A_sky130_fd_sc_hd__a21o_2_X_B1_sky130_fd_sc_hd__a311o_2_B1_X (net)
                      0.102748    0.000469    2.065604 v fanout12/A (sky130_fd_sc_hd__clkbuf_4)
    10    0.041395    0.092038    0.219799    2.285403 v fanout12/X (sky130_fd_sc_hd__clkbuf_4)
                                                         net12 (net)
                      0.092039    0.000486    2.285889 v filter.x_in[3]_sky130_fd_sc_hd__a21oi_2_B1_Y_sky130_fd_sc_hd__o31a_2_A3_A1_sky130_fd_sc_hd__a21oi_2_Y_A2_sky130_fd_sc_hd__or2_2_X_B_sky130_fd_sc_hd__xor2_2_B/A (sky130_fd_sc_hd__xor2_1)
     1    0.005296    0.092157    0.184308    2.470196 v filter.x_in[3]_sky130_fd_sc_hd__a21oi_2_B1_Y_sky130_fd_sc_hd__o31a_2_A3_A1_sky130_fd_sc_hd__a21oi_2_Y_A2_sky130_fd_sc_hd__or2_2_X_B_sky130_fd_sc_hd__xor2_2_B/X (sky130_fd_sc_hd__xor2_1)
                                                         filter.x_in[3]_sky130_fd_sc_hd__a21oi_2_B1_Y_sky130_fd_sc_hd__o31a_2_A3_A1_sky130_fd_sc_hd__a21oi_2_Y_A1_sky130_fd_sc_hd__xnor2_2_A_B (net)
                      0.092157    0.000020    2.470216 v filter.x_in[3]_sky130_fd_sc_hd__a21oi_2_B1_Y_sky130_fd_sc_hd__o31a_2_A3_A1_sky130_fd_sc_hd__a21oi_2_Y_A1_sky130_fd_sc_hd__xnor2_2_A/B (sky130_fd_sc_hd__xnor2_1)
     2    0.008609    0.084242    0.170304    2.640520 v filter.x_in[3]_sky130_fd_sc_hd__a21oi_2_B1_Y_sky130_fd_sc_hd__o31a_2_A3_A1_sky130_fd_sc_hd__a21oi_2_Y_A1_sky130_fd_sc_hd__xnor2_2_A/Y (sky130_fd_sc_hd__xnor2_1)
                                                         filter.x_in[3]_sky130_fd_sc_hd__a21oi_2_B1_Y_sky130_fd_sc_hd__o31a_2_A3_A1_sky130_fd_sc_hd__a21oi_2_Y_A1_sky130_fd_sc_hd__xnor2_2_A_Y (net)
                      0.084242    0.000079    2.640599 v filter.x_in[3]_sky130_fd_sc_hd__a21oi_2_B1_Y_sky130_fd_sc_hd__o31a_2_A3_A1_sky130_fd_sc_hd__a21oi_2_Y_A1_sky130_fd_sc_hd__xnor2_2_A_Y_sky130_fd_sc_hd__o31a_2_A2/A2 (sky130_fd_sc_hd__o31a_1)
     2    0.007182    0.067319    0.310106    2.950705 v filter.x_in[3]_sky130_fd_sc_hd__a21oi_2_B1_Y_sky130_fd_sc_hd__o31a_2_A3_A1_sky130_fd_sc_hd__a21oi_2_Y_A1_sky130_fd_sc_hd__xnor2_2_A_Y_sky130_fd_sc_hd__o31a_2_A2/X (sky130_fd_sc_hd__o31a_1)
                                                         filter.x_in[2]_sky130_fd_sc_hd__inv_2_A_Y_sky130_fd_sc_hd__o2bb2ai_2_B2_Y_sky130_fd_sc_hd__xor2_2_A_X_sky130_fd_sc_hd__xnor2_2_A_B_sky130_fd_sc_hd__xnor2_2_Y_B (net)
                      0.067319    0.000044    2.950749 v filter.x_in[2]_sky130_fd_sc_hd__inv_2_A_Y_sky130_fd_sc_hd__o2bb2ai_2_B2_Y_sky130_fd_sc_hd__xor2_2_A_X_sky130_fd_sc_hd__xnor2_2_A_B_sky130_fd_sc_hd__xnor2_2_Y/B (sky130_fd_sc_hd__xnor2_1)
     2    0.008651    0.237141    0.223508    3.174258 ^ filter.x_in[2]_sky130_fd_sc_hd__inv_2_A_Y_sky130_fd_sc_hd__o2bb2ai_2_B2_Y_sky130_fd_sc_hd__xor2_2_A_X_sky130_fd_sc_hd__xnor2_2_A_B_sky130_fd_sc_hd__xnor2_2_Y/Y (sky130_fd_sc_hd__xnor2_1)
                                                         filter.x_in[2]_sky130_fd_sc_hd__inv_2_A_Y_sky130_fd_sc_hd__o2bb2ai_2_B2_Y_sky130_fd_sc_hd__xor2_2_A_X_sky130_fd_sc_hd__xnor2_2_A_B (net)
                      0.237141    0.000040    3.174297 ^ filter.x_in[2]_sky130_fd_sc_hd__inv_2_A_Y_sky130_fd_sc_hd__o2bb2ai_2_B2_Y_sky130_fd_sc_hd__xor2_2_A_X_sky130_fd_sc_hd__xnor2_2_A/B (sky130_fd_sc_hd__xnor2_1)
     3    0.010872    0.273657    0.209975    3.384273 ^ filter.x_in[2]_sky130_fd_sc_hd__inv_2_A_Y_sky130_fd_sc_hd__o2bb2ai_2_B2_Y_sky130_fd_sc_hd__xor2_2_A_X_sky130_fd_sc_hd__xnor2_2_A/Y (sky130_fd_sc_hd__xnor2_1)
                                                         filter.x_in[2]_sky130_fd_sc_hd__inv_2_A_Y_sky130_fd_sc_hd__o2bb2ai_2_B2_Y_sky130_fd_sc_hd__xor2_2_A_X_sky130_fd_sc_hd__xnor2_2_A_Y (net)
                      0.273657    0.000148    3.384421 ^ filter.x_in[2]_sky130_fd_sc_hd__inv_2_A_Y_sky130_fd_sc_hd__o2bb2ai_2_B2_Y_sky130_fd_sc_hd__xor2_2_A_X_sky130_fd_sc_hd__xnor2_2_A_Y_sky130_fd_sc_hd__and3_2_C/C (sky130_fd_sc_hd__and3_1)
     2    0.004496    0.068302    0.207115    3.591536 ^ filter.x_in[2]_sky130_fd_sc_hd__inv_2_A_Y_sky130_fd_sc_hd__o2bb2ai_2_B2_Y_sky130_fd_sc_hd__xor2_2_A_X_sky130_fd_sc_hd__xnor2_2_A_Y_sky130_fd_sc_hd__and3_2_C/X (sky130_fd_sc_hd__and3_1)
                                                         filter.x_in[2]_sky130_fd_sc_hd__inv_2_A_Y_sky130_fd_sc_hd__o2bb2ai_2_B2_Y_sky130_fd_sc_hd__xor2_2_A_X_sky130_fd_sc_hd__xnor2_2_A_Y_sky130_fd_sc_hd__and3_2_C_X (net)
                      0.068302    0.000010    3.591546 ^ filter.x_in[2]_sky130_fd_sc_hd__inv_2_A_Y_sky130_fd_sc_hd__o2bb2ai_2_B2_Y_sky130_fd_sc_hd__xor2_2_A_X_sky130_fd_sc_hd__xnor2_2_A_Y_sky130_fd_sc_hd__and3_2_C_X_sky130_fd_sc_hd__nor2_2_B/B (sky130_fd_sc_hd__nor2_1)
     1    0.005327    0.050540    0.051980    3.643526 v filter.x_in[2]_sky130_fd_sc_hd__inv_2_A_Y_sky130_fd_sc_hd__o2bb2ai_2_B2_Y_sky130_fd_sc_hd__xor2_2_A_X_sky130_fd_sc_hd__xnor2_2_A_Y_sky130_fd_sc_hd__and3_2_C_X_sky130_fd_sc_hd__nor2_2_B/Y (sky130_fd_sc_hd__nor2_1)
                                                         filter.x_in[2]_sky130_fd_sc_hd__inv_2_A_Y_sky130_fd_sc_hd__xnor2_2_A_Y_sky130_fd_sc_hd__and2b_2_A_N_X_sky130_fd_sc_hd__a41oi_2_B1_Y_sky130_fd_sc_hd__xnor2_2_A_B (net)
                      0.050540    0.000020    3.643546 v filter.x_in[2]_sky130_fd_sc_hd__inv_2_A_Y_sky130_fd_sc_hd__xnor2_2_A_Y_sky130_fd_sc_hd__and2b_2_A_N_X_sky130_fd_sc_hd__a41oi_2_B1_Y_sky130_fd_sc_hd__xnor2_2_A/B (sky130_fd_sc_hd__xnor2_1)
     2    0.007306    0.209962    0.196705    3.840251 ^ filter.x_in[2]_sky130_fd_sc_hd__inv_2_A_Y_sky130_fd_sc_hd__xnor2_2_A_Y_sky130_fd_sc_hd__and2b_2_A_N_X_sky130_fd_sc_hd__a41oi_2_B1_Y_sky130_fd_sc_hd__xnor2_2_A/Y (sky130_fd_sc_hd__xnor2_1)
                                                         filter.x_in[2]_sky130_fd_sc_hd__inv_2_A_Y_sky130_fd_sc_hd__xnor2_2_A_Y_sky130_fd_sc_hd__and2b_2_A_N_X_sky130_fd_sc_hd__a41oi_2_B1_Y_sky130_fd_sc_hd__xnor2_2_A_Y (net)
                      0.209962    0.000019    3.840271 ^ filter.x_in[0]_sky130_fd_sc_hd__o21ai_2_A1_Y_sky130_fd_sc_hd__and2b_2_A_N_X_sky130_fd_sc_hd__o21ai_2_A2_Y_sky130_fd_sc_hd__xnor2_2_A_B_sky130_fd_sc_hd__xnor2_2_Y/A (sky130_fd_sc_hd__xnor2_1)
     2    0.007769    0.091728    0.135183    3.975453 v filter.x_in[0]_sky130_fd_sc_hd__o21ai_2_A1_Y_sky130_fd_sc_hd__and2b_2_A_N_X_sky130_fd_sc_hd__o21ai_2_A2_Y_sky130_fd_sc_hd__xnor2_2_A_B_sky130_fd_sc_hd__xnor2_2_Y/Y (sky130_fd_sc_hd__xnor2_1)
                                                         filter.x_in[0]_sky130_fd_sc_hd__o21ai_2_A1_Y_sky130_fd_sc_hd__and2b_2_A_N_X_sky130_fd_sc_hd__o21ai_2_A2_Y_sky130_fd_sc_hd__xnor2_2_A_B (net)
                      0.091728    0.000020    3.975472 v filter.x_in[0]_sky130_fd_sc_hd__o21ai_2_A1_Y_sky130_fd_sc_hd__and2b_2_A_N_X_sky130_fd_sc_hd__o21ai_2_A2_Y_sky130_fd_sc_hd__xnor2_2_A/B (sky130_fd_sc_hd__xnor2_1)
     3    0.010771    0.280089    0.265126    4.240598 ^ filter.x_in[0]_sky130_fd_sc_hd__o21ai_2_A1_Y_sky130_fd_sc_hd__and2b_2_A_N_X_sky130_fd_sc_hd__o21ai_2_A2_Y_sky130_fd_sc_hd__xnor2_2_A/Y (sky130_fd_sc_hd__xnor2_1)
                                                         filter.y_out[2]_sky130_fd_sc_hd__dfrtp_2_Q_D_sky130_fd_sc_hd__xor2_2_X_A_sky130_fd_sc_hd__xor2_2_X_A_sky130_fd_sc_hd__nand2_2_Y_B (net)
                      0.280089    0.000083    4.240681 ^ filter.y_out[2]_sky130_fd_sc_hd__dfrtp_2_Q_D_sky130_fd_sc_hd__xor2_2_X_B_sky130_fd_sc_hd__a21bo_2_X_B1_N_sky130_fd_sc_hd__or4b_2_X/D_N (sky130_fd_sc_hd__or4b_1)
     2    0.005959    0.102032    0.493398    4.734079 v filter.y_out[2]_sky130_fd_sc_hd__dfrtp_2_Q_D_sky130_fd_sc_hd__xor2_2_X_B_sky130_fd_sc_hd__a21bo_2_X_B1_N_sky130_fd_sc_hd__or4b_2_X/X (sky130_fd_sc_hd__or4b_1)
                                                         filter.y_out[2]_sky130_fd_sc_hd__dfrtp_2_Q_D_sky130_fd_sc_hd__xor2_2_X_B_sky130_fd_sc_hd__a21bo_2_X_B1_N (net)
                      0.102032    0.000055    4.734134 v filter.y_out[2]_sky130_fd_sc_hd__dfrtp_2_Q_D_sky130_fd_sc_hd__xor2_2_X_A_sky130_fd_sc_hd__xor2_2_X_A_sky130_fd_sc_hd__a21oi_2_A1/A2 (sky130_fd_sc_hd__a21oi_1)
     1    0.003092    0.112462    0.162044    4.896178 ^ filter.y_out[2]_sky130_fd_sc_hd__dfrtp_2_Q_D_sky130_fd_sc_hd__xor2_2_X_A_sky130_fd_sc_hd__xor2_2_X_A_sky130_fd_sc_hd__a21oi_2_A1/Y (sky130_fd_sc_hd__a21oi_1)
                                                         filter.y_out[2]_sky130_fd_sc_hd__dfrtp_2_Q_D_sky130_fd_sc_hd__xor2_2_X_A_sky130_fd_sc_hd__a31o_2_A3_B1 (net)
                      0.112462    0.000008    4.896186 ^ filter.y_out[2]_sky130_fd_sc_hd__dfrtp_2_Q_D_sky130_fd_sc_hd__xor2_2_X_A_sky130_fd_sc_hd__a31o_2_A3/B1 (sky130_fd_sc_hd__a31o_1)
     3    0.012160    0.126544    0.171066    5.067252 ^ filter.y_out[2]_sky130_fd_sc_hd__dfrtp_2_Q_D_sky130_fd_sc_hd__xor2_2_X_A_sky130_fd_sc_hd__a31o_2_A3/X (sky130_fd_sc_hd__a31o_1)
                                                         filter.y_out[3]_sky130_fd_sc_hd__dfrtp_2_Q_D_sky130_fd_sc_hd__nor2_2_Y_A_sky130_fd_sc_hd__and2b_2_X_B (net)
                      0.126544    0.000259    5.067512 ^ filter.y_out[5]_sky130_fd_sc_hd__dfrtp_2_Q_D_sky130_fd_sc_hd__xor2_2_X_A_sky130_fd_sc_hd__nor2_2_Y_A_sky130_fd_sc_hd__nor3b_2_Y/C_N (sky130_fd_sc_hd__nor3b_1)
     2    0.009242    0.343685    0.330398    5.397910 ^ filter.y_out[5]_sky130_fd_sc_hd__dfrtp_2_Q_D_sky130_fd_sc_hd__xor2_2_X_A_sky130_fd_sc_hd__nor2_2_Y_A_sky130_fd_sc_hd__nor3b_2_Y/Y (sky130_fd_sc_hd__nor3b_1)
                                                         filter.y_out[5]_sky130_fd_sc_hd__dfrtp_2_Q_D_sky130_fd_sc_hd__xor2_2_X_A_sky130_fd_sc_hd__nor2_2_Y_A (net)
                      0.343685    0.000109    5.398019 ^ filter.y_out[5]_sky130_fd_sc_hd__dfrtp_2_Q_D_sky130_fd_sc_hd__xor2_2_X_B_sky130_fd_sc_hd__o21bai_2_B1_N/A1 (sky130_fd_sc_hd__o21bai_2)
     3    0.016567    0.113668    0.169734    5.567753 v filter.y_out[5]_sky130_fd_sc_hd__dfrtp_2_Q_D_sky130_fd_sc_hd__xor2_2_X_B_sky130_fd_sc_hd__o21bai_2_B1_N/Y (sky130_fd_sc_hd__o21bai_2)
                                                         filter.y_out[6]_sky130_fd_sc_hd__dfrtp_2_Q_D_sky130_fd_sc_hd__xnor2_2_Y_A_sky130_fd_sc_hd__nand2_2_Y_B (net)
                      0.113669    0.000587    5.568339 v filter.y_out[6]_sky130_fd_sc_hd__dfrtp_2_Q_D_sky130_fd_sc_hd__xnor2_2_Y_B_sky130_fd_sc_hd__o311a_2_A2/A1 (sky130_fd_sc_hd__o311a_2)
     4    0.021549    0.099864    0.478454    6.046793 v filter.y_out[6]_sky130_fd_sc_hd__dfrtp_2_Q_D_sky130_fd_sc_hd__xnor2_2_Y_B_sky130_fd_sc_hd__o311a_2_A2/X (sky130_fd_sc_hd__o311a_2)
                                                         filter.y_out[6]_sky130_fd_sc_hd__dfrtp_2_Q_D_sky130_fd_sc_hd__xnor2_2_Y_B_sky130_fd_sc_hd__o311a_2_A2_X (net)
                      0.099871    0.000913    6.047707 v filter.y_out[13]_sky130_fd_sc_hd__dfrtp_2_Q_D_sky130_fd_sc_hd__xnor2_2_Y_B_sky130_fd_sc_hd__o31a_2_X/A1 (sky130_fd_sc_hd__o31a_1)
     3    0.012395    0.088142    0.358760    6.406466 v filter.y_out[13]_sky130_fd_sc_hd__dfrtp_2_Q_D_sky130_fd_sc_hd__xnor2_2_Y_B_sky130_fd_sc_hd__o31a_2_X/X (sky130_fd_sc_hd__o31a_1)
                                                         filter.y_out[13]_sky130_fd_sc_hd__dfrtp_2_Q_D_sky130_fd_sc_hd__xnor2_2_Y_B (net)
                      0.088142    0.000225    6.406692 v filter.y_out[14]_sky130_fd_sc_hd__dfrtp_2_Q_D_sky130_fd_sc_hd__xnor2_2_Y_B_sky130_fd_sc_hd__o21ai_2_Y/A2 (sky130_fd_sc_hd__o21ai_1)
     1    0.004857    0.137131    0.154243    6.560935 ^ filter.y_out[14]_sky130_fd_sc_hd__dfrtp_2_Q_D_sky130_fd_sc_hd__xnor2_2_Y_B_sky130_fd_sc_hd__o21ai_2_Y/Y (sky130_fd_sc_hd__o21ai_1)
                                                         filter.y_out[14]_sky130_fd_sc_hd__dfrtp_2_Q_D_sky130_fd_sc_hd__xnor2_2_Y_B (net)
                      0.137131    0.000004    6.560939 ^ filter.y_out[14]_sky130_fd_sc_hd__dfrtp_2_Q_D_sky130_fd_sc_hd__xnor2_2_Y/B (sky130_fd_sc_hd__xnor2_1)
     1    0.003211    0.126661    0.133144    6.694083 ^ filter.y_out[14]_sky130_fd_sc_hd__dfrtp_2_Q_D_sky130_fd_sc_hd__xnor2_2_Y/Y (sky130_fd_sc_hd__xnor2_1)
                                                         filter.y_out[14]_sky130_fd_sc_hd__dfrtp_2_Q_D (net)
                      0.126661    0.000013    6.694096 ^ filter.y_out[14]_sky130_fd_sc_hd__dfrtp_2_Q/D (sky130_fd_sc_hd__dfrtp_4)
                                              6.694096   data arrival time

                                 30.000000   30.000000   clock clk (rise edge)
                                  0.000000   30.000000   clock source latency
     1    0.028310    0.132872    0.092459   30.092459 ^ clk (in)
                                                         clk (net)
                      0.132912    0.000000   30.092459 ^ clkbuf_0_clk/A (sky130_fd_sc_hd__clkbuf_16)
     8    0.108967    0.123112    0.223171   30.315630 ^ clkbuf_0_clk/X (sky130_fd_sc_hd__clkbuf_16)
                                                         clknet_0_clk (net)
                      0.123417    0.004874   30.320505 ^ clkbuf_3_2__f_clk/A (sky130_fd_sc_hd__clkbuf_16)
     9    0.042714    0.062286    0.172658   30.493162 ^ clkbuf_3_2__f_clk/X (sky130_fd_sc_hd__clkbuf_16)
                                                         clknet_3_2__leaf_clk (net)
                      0.062287    0.000409   30.493570 ^ filter.y_out[14]_sky130_fd_sc_hd__dfrtp_2_Q/CLK (sky130_fd_sc_hd__dfrtp_4)
                                 -0.250000   30.243570   clock uncertainty
                                  0.000000   30.243570   clock reconvergence pessimism
                                 -0.079866   30.163706   library setup time
                                             30.163706   data required time
---------------------------------------------------------------------------------------------
                                             30.163706   data required time
                                             -6.694096   data arrival time
---------------------------------------------------------------------------------------------
                                             23.469608   slack (MET)


Startpoint: reset (input port clocked by clk)
Endpoint: filter.x_in[10]_sky130_fd_sc_hd__dfrtp_2_Q
          (recovery check against rising-edge clock clk)
Path Group: asynchronous
Path Type: max

Fanout         Cap        Slew       Delay        Time   Description
---------------------------------------------------------------------------------------------
                                  0.000000    0.000000   clock clk (rise edge)
                                  0.000000    0.000000   clock network delay (propagated)
                                  6.000000    6.000000 v input external delay
     1    0.002519    0.007983    0.003938    6.003938 v reset (in)
                                                         reset (net)
                      0.007983    0.000000    6.003938 v input1/A (sky130_fd_sc_hd__clkbuf_1)
     1    0.002900    0.026986    0.072522    6.076460 v input1/X (sky130_fd_sc_hd__clkbuf_1)
                                                         net1 (net)
                      0.026986    0.000010    6.076470 v fanout35/A (sky130_fd_sc_hd__clkbuf_4)
     5    0.041249    0.092196    0.185337    6.261807 v fanout35/X (sky130_fd_sc_hd__clkbuf_4)
                                                         net35 (net)
                      0.092197    0.000449    6.262256 v fanout28/A (sky130_fd_sc_hd__clkbuf_4)
     5    0.042927    0.095025    0.215986    6.478242 v fanout28/X (sky130_fd_sc_hd__clkbuf_4)
                                                         net28 (net)
                      0.095025    0.000006    6.478248 v fanout27/A (sky130_fd_sc_hd__clkbuf_4)
     6    0.038166    0.086402    0.211131    6.689380 v fanout27/X (sky130_fd_sc_hd__clkbuf_4)
                                                         net27 (net)
                      0.086402    0.000138    6.689517 v fanout26/A (sky130_fd_sc_hd__buf_4)
    10    0.058289    0.082850    0.211982    6.901500 v fanout26/X (sky130_fd_sc_hd__buf_4)
                                                         net26 (net)
                      0.082856    0.000781    6.902281 v filter.x_in[10]_sky130_fd_sc_hd__dfrtp_2_Q_RESET_B_sky130_fd_sc_hd__inv_2_Y/A (sky130_fd_sc_hd__inv_2)
     1    0.004181    0.034741    0.059511    6.961792 ^ filter.x_in[10]_sky130_fd_sc_hd__dfrtp_2_Q_RESET_B_sky130_fd_sc_hd__inv_2_Y/Y (sky130_fd_sc_hd__inv_2)
                                                         filter.x_in[10]_sky130_fd_sc_hd__dfrtp_2_Q_RESET_B (net)
                      0.034741    0.000012    6.961804 ^ filter.x_in[10]_sky130_fd_sc_hd__dfrtp_2_Q/RESET_B (sky130_fd_sc_hd__dfrtp_1)
                                              6.961804   data arrival time

                                 30.000000   30.000000   clock clk (rise edge)
                                  0.000000   30.000000   clock source latency
     1    0.028310    0.132872    0.092459   30.092459 ^ clk (in)
                                                         clk (net)
                      0.132912    0.000000   30.092459 ^ clkbuf_0_clk/A (sky130_fd_sc_hd__clkbuf_16)
     8    0.108967    0.123112    0.223171   30.315630 ^ clkbuf_0_clk/X (sky130_fd_sc_hd__clkbuf_16)
                                                         clknet_0_clk (net)
                      0.123305    0.003901   30.319530 ^ clkbuf_3_0__f_clk/A (sky130_fd_sc_hd__clkbuf_16)
    10    0.037145    0.057367    0.168555   30.488087 ^ clkbuf_3_0__f_clk/X (sky130_fd_sc_hd__clkbuf_16)
                                                         clknet_3_0__leaf_clk (net)
                      0.057367    0.000078   30.488165 ^ filter.x_in[10]_sky130_fd_sc_hd__dfrtp_2_Q/CLK (sky130_fd_sc_hd__dfrtp_1)
                                 -0.250000   30.238163   clock uncertainty
                                  0.000000   30.238163   clock reconvergence pessimism
                                  0.236775   30.474937   library recovery time
                                             30.474937   data required time
---------------------------------------------------------------------------------------------
                                             30.474937   data required time
                                             -6.961804   data arrival time
---------------------------------------------------------------------------------------------
                                             23.513134   slack (MET)


Startpoint: reset (input port clocked by clk)
Endpoint: spi_in.shift_reg[11]_sky130_fd_sc_hd__dfrtp_2_Q
          (recovery check against rising-edge clock clk)
Path Group: asynchronous
Path Type: max

Fanout         Cap        Slew       Delay        Time   Description
---------------------------------------------------------------------------------------------
                                  0.000000    0.000000   clock clk (rise edge)
                                  0.000000    0.000000   clock network delay (propagated)
                                  6.000000    6.000000 v input external delay
     1    0.002519    0.007983    0.003938    6.003938 v reset (in)
                                                         reset (net)
                      0.007983    0.000000    6.003938 v input1/A (sky130_fd_sc_hd__clkbuf_1)
     1    0.002900    0.026986    0.072522    6.076460 v input1/X (sky130_fd_sc_hd__clkbuf_1)
                                                         net1 (net)
                      0.026986    0.000010    6.076470 v fanout35/A (sky130_fd_sc_hd__clkbuf_4)
     5    0.041249    0.092196    0.185337    6.261807 v fanout35/X (sky130_fd_sc_hd__clkbuf_4)
                                                         net35 (net)
                      0.092197    0.000449    6.262256 v fanout28/A (sky130_fd_sc_hd__clkbuf_4)
     5    0.042927    0.095025    0.215986    6.478242 v fanout28/X (sky130_fd_sc_hd__clkbuf_4)
                                                         net28 (net)
                      0.095025    0.000006    6.478248 v fanout27/A (sky130_fd_sc_hd__clkbuf_4)
     6    0.038166    0.086402    0.211131    6.689380 v fanout27/X (sky130_fd_sc_hd__clkbuf_4)
                                                         net27 (net)
                      0.086402    0.000138    6.689517 v fanout26/A (sky130_fd_sc_hd__buf_4)
    10    0.058289    0.082850    0.211982    6.901500 v fanout26/X (sky130_fd_sc_hd__buf_4)
                                                         net26 (net)
                      0.082858    0.000868    6.902368 v spi_in.shift_reg[11]_sky130_fd_sc_hd__dfrtp_2_Q_RESET_B_sky130_fd_sc_hd__inv_2_Y/A (sky130_fd_sc_hd__inv_2)
     1    0.004092    0.035489    0.059102    6.961470 ^ spi_in.shift_reg[11]_sky130_fd_sc_hd__dfrtp_2_Q_RESET_B_sky130_fd_sc_hd__inv_2_Y/Y (sky130_fd_sc_hd__inv_2)
                                                         spi_in.shift_reg[11]_sky130_fd_sc_hd__dfrtp_2_Q_RESET_B (net)
                      0.035489    0.000009    6.961479 ^ spi_in.shift_reg[11]_sky130_fd_sc_hd__dfrtp_2_Q/RESET_B (sky130_fd_sc_hd__dfrtp_1)
                                              6.961479   data arrival time

                                 30.000000   30.000000   clock clk (rise edge)
                                  0.000000   30.000000   clock source latency
     1    0.028310    0.132872    0.092459   30.092459 ^ clk (in)
                                                         clk (net)
                      0.132912    0.000000   30.092459 ^ clkbuf_0_clk/A (sky130_fd_sc_hd__clkbuf_16)
     8    0.108967    0.123112    0.223171   30.315630 ^ clkbuf_0_clk/X (sky130_fd_sc_hd__clkbuf_16)
                                                         clknet_0_clk (net)
                      0.123305    0.003901   30.319530 ^ clkbuf_3_0__f_clk/A (sky130_fd_sc_hd__clkbuf_16)
    10    0.037145    0.057367    0.168555   30.488087 ^ clkbuf_3_0__f_clk/X (sky130_fd_sc_hd__clkbuf_16)
                                                         clknet_3_0__leaf_clk (net)
                      0.057367    0.000057   30.488142 ^ spi_in.shift_reg[11]_sky130_fd_sc_hd__dfrtp_2_Q/CLK (sky130_fd_sc_hd__dfrtp_1)
                                 -0.250000   30.238142   clock uncertainty
                                  0.000000   30.238142   clock reconvergence pessimism
                                  0.236581   30.474724   library recovery time
                                             30.474724   data required time
---------------------------------------------------------------------------------------------
                                             30.474724   data required time
                                             -6.961479   data arrival time
---------------------------------------------------------------------------------------------
                                             23.513245   slack (MET)


Startpoint: reset (input port clocked by clk)
Endpoint: spi_out.shift_reg[10]_sky130_fd_sc_hd__dfrtp_2_Q
          (recovery check against rising-edge clock clk)
Path Group: asynchronous
Path Type: max

Fanout         Cap        Slew       Delay        Time   Description
---------------------------------------------------------------------------------------------
                                  0.000000    0.000000   clock clk (rise edge)
                                  0.000000    0.000000   clock network delay (propagated)
                                  6.000000    6.000000 v input external delay
     1    0.002519    0.007983    0.003938    6.003938 v reset (in)
                                                         reset (net)
                      0.007983    0.000000    6.003938 v input1/A (sky130_fd_sc_hd__clkbuf_1)
     1    0.002900    0.026986    0.072522    6.076460 v input1/X (sky130_fd_sc_hd__clkbuf_1)
                                                         net1 (net)
                      0.026986    0.000010    6.076470 v fanout35/A (sky130_fd_sc_hd__clkbuf_4)
     5    0.041249    0.092196    0.185337    6.261807 v fanout35/X (sky130_fd_sc_hd__clkbuf_4)
                                                         net35 (net)
                      0.092197    0.000449    6.262256 v fanout28/A (sky130_fd_sc_hd__clkbuf_4)
     5    0.042927    0.095025    0.215986    6.478242 v fanout28/X (sky130_fd_sc_hd__clkbuf_4)
                                                         net28 (net)
                      0.095025    0.000006    6.478248 v fanout27/A (sky130_fd_sc_hd__clkbuf_4)
     6    0.038166    0.086402    0.211131    6.689380 v fanout27/X (sky130_fd_sc_hd__clkbuf_4)
                                                         net27 (net)
                      0.086402    0.000138    6.689517 v fanout26/A (sky130_fd_sc_hd__buf_4)
    10    0.058289    0.082850    0.211982    6.901500 v fanout26/X (sky130_fd_sc_hd__buf_4)
                                                         net26 (net)
                      0.082857    0.000842    6.902341 v spi_out.shift_reg[10]_sky130_fd_sc_hd__dfrtp_2_Q_RESET_B_sky130_fd_sc_hd__inv_2_Y/A (sky130_fd_sc_hd__inv_2)
     1    0.004092    0.035489    0.059102    6.961443 ^ spi_out.shift_reg[10]_sky130_fd_sc_hd__dfrtp_2_Q_RESET_B_sky130_fd_sc_hd__inv_2_Y/Y (sky130_fd_sc_hd__inv_2)
                                                         spi_out.shift_reg[10]_sky130_fd_sc_hd__dfrtp_2_Q_RESET_B (net)
                      0.035489    0.000009    6.961452 ^ spi_out.shift_reg[10]_sky130_fd_sc_hd__dfrtp_2_Q/RESET_B (sky130_fd_sc_hd__dfrtp_1)
                                              6.961452   data arrival time

                                 30.000000   30.000000   clock clk (rise edge)
                                  0.000000   30.000000   clock source latency
     1    0.028310    0.132872    0.092459   30.092459 ^ clk (in)
                                                         clk (net)
                      0.132912    0.000000   30.092459 ^ clkbuf_0_clk/A (sky130_fd_sc_hd__clkbuf_16)
     8    0.108967    0.123112    0.223171   30.315630 ^ clkbuf_0_clk/X (sky130_fd_sc_hd__clkbuf_16)
                                                         clknet_0_clk (net)
                      0.123305    0.003901   30.319530 ^ clkbuf_3_0__f_clk/A (sky130_fd_sc_hd__clkbuf_16)
    10    0.037145    0.057367    0.168555   30.488087 ^ clkbuf_3_0__f_clk/X (sky130_fd_sc_hd__clkbuf_16)
                                                         clknet_3_0__leaf_clk (net)
                      0.057367    0.000053   30.488138 ^ spi_out.shift_reg[10]_sky130_fd_sc_hd__dfrtp_2_Q/CLK (sky130_fd_sc_hd__dfrtp_1)
                                 -0.250000   30.238138   clock uncertainty
                                  0.000000   30.238138   clock reconvergence pessimism
                                  0.236581   30.474720   library recovery time
                                             30.474720   data required time
---------------------------------------------------------------------------------------------
                                             30.474720   data required time
                                             -6.961452   data arrival time
---------------------------------------------------------------------------------------------
                                             23.513268   slack (MET)


Startpoint: reset (input port clocked by clk)
Endpoint: spi_out.shift_reg[9]_sky130_fd_sc_hd__dfrtp_2_Q
          (recovery check against rising-edge clock clk)
Path Group: asynchronous
Path Type: max

Fanout         Cap        Slew       Delay        Time   Description
---------------------------------------------------------------------------------------------
                                  0.000000    0.000000   clock clk (rise edge)
                                  0.000000    0.000000   clock network delay (propagated)
                                  6.000000    6.000000 v input external delay
     1    0.002519    0.007983    0.003938    6.003938 v reset (in)
                                                         reset (net)
                      0.007983    0.000000    6.003938 v input1/A (sky130_fd_sc_hd__clkbuf_1)
     1    0.002900    0.026986    0.072522    6.076460 v input1/X (sky130_fd_sc_hd__clkbuf_1)
                                                         net1 (net)
                      0.026986    0.000010    6.076470 v fanout35/A (sky130_fd_sc_hd__clkbuf_4)
     5    0.041249    0.092196    0.185337    6.261807 v fanout35/X (sky130_fd_sc_hd__clkbuf_4)
                                                         net35 (net)
                      0.092197    0.000449    6.262256 v fanout28/A (sky130_fd_sc_hd__clkbuf_4)
     5    0.042927    0.095025    0.215986    6.478242 v fanout28/X (sky130_fd_sc_hd__clkbuf_4)
                                                         net28 (net)
                      0.095025    0.000006    6.478248 v fanout27/A (sky130_fd_sc_hd__clkbuf_4)
     6    0.038166    0.086402    0.211131    6.689380 v fanout27/X (sky130_fd_sc_hd__clkbuf_4)
                                                         net27 (net)
                      0.086402    0.000138    6.689517 v fanout26/A (sky130_fd_sc_hd__buf_4)
    10    0.058289    0.082850    0.211982    6.901500 v fanout26/X (sky130_fd_sc_hd__buf_4)
                                                         net26 (net)
                      0.082859    0.000912    6.902412 v spi_out.shift_reg[9]_sky130_fd_sc_hd__dfrtp_2_Q_RESET_B_sky130_fd_sc_hd__inv_2_Y/A (sky130_fd_sc_hd__inv_2)
     1    0.004105    0.034457    0.059159    6.961572 ^ spi_out.shift_reg[9]_sky130_fd_sc_hd__dfrtp_2_Q_RESET_B_sky130_fd_sc_hd__inv_2_Y/Y (sky130_fd_sc_hd__inv_2)
                                                         spi_out.shift_reg[9]_sky130_fd_sc_hd__dfrtp_2_Q_RESET_B (net)
                      0.034457    0.000010    6.961582 ^ spi_out.shift_reg[9]_sky130_fd_sc_hd__dfrtp_2_Q/RESET_B (sky130_fd_sc_hd__dfrtp_1)
                                              6.961582   data arrival time

                                 30.000000   30.000000   clock clk (rise edge)
                                  0.000000   30.000000   clock source latency
     1    0.028310    0.132872    0.092459   30.092459 ^ clk (in)
                                                         clk (net)
                      0.132912    0.000000   30.092459 ^ clkbuf_0_clk/A (sky130_fd_sc_hd__clkbuf_16)
     8    0.108967    0.123112    0.223171   30.315630 ^ clkbuf_0_clk/X (sky130_fd_sc_hd__clkbuf_16)
                                                         clknet_0_clk (net)
                      0.123305    0.003901   30.319530 ^ clkbuf_3_0__f_clk/A (sky130_fd_sc_hd__clkbuf_16)
    10    0.037145    0.057367    0.168555   30.488087 ^ clkbuf_3_0__f_clk/X (sky130_fd_sc_hd__clkbuf_16)
                                                         clknet_3_0__leaf_clk (net)
                      0.057367    0.000085   30.488171 ^ spi_out.shift_reg[9]_sky130_fd_sc_hd__dfrtp_2_Q/CLK (sky130_fd_sc_hd__dfrtp_1)
                                 -0.250000   30.238171   clock uncertainty
                                  0.000000   30.238171   clock reconvergence pessimism
                                  0.236848   30.475019   library recovery time
                                             30.475019   data required time
---------------------------------------------------------------------------------------------
                                             30.475019   data required time
                                             -6.961582   data arrival time
---------------------------------------------------------------------------------------------
                                             23.513437   slack (MET)


Startpoint: reset (input port clocked by clk)
Endpoint: filter.x_in[11]_sky130_fd_sc_hd__dfrtp_2_Q
          (recovery check against rising-edge clock clk)
Path Group: asynchronous
Path Type: max

Fanout         Cap        Slew       Delay        Time   Description
---------------------------------------------------------------------------------------------
                                  0.000000    0.000000   clock clk (rise edge)
                                  0.000000    0.000000   clock network delay (propagated)
                                  6.000000    6.000000 v input external delay
     1    0.002519    0.007983    0.003938    6.003938 v reset (in)
                                                         reset (net)
                      0.007983    0.000000    6.003938 v input1/A (sky130_fd_sc_hd__clkbuf_1)
     1    0.002900    0.026986    0.072522    6.076460 v input1/X (sky130_fd_sc_hd__clkbuf_1)
                                                         net1 (net)
                      0.026986    0.000010    6.076470 v fanout35/A (sky130_fd_sc_hd__clkbuf_4)
     5    0.041249    0.092196    0.185337    6.261807 v fanout35/X (sky130_fd_sc_hd__clkbuf_4)
                                                         net35 (net)
                      0.092197    0.000449    6.262256 v fanout28/A (sky130_fd_sc_hd__clkbuf_4)
     5    0.042927    0.095025    0.215986    6.478242 v fanout28/X (sky130_fd_sc_hd__clkbuf_4)
                                                         net28 (net)
                      0.095025    0.000006    6.478248 v fanout27/A (sky130_fd_sc_hd__clkbuf_4)
     6    0.038166    0.086402    0.211131    6.689380 v fanout27/X (sky130_fd_sc_hd__clkbuf_4)
                                                         net27 (net)
                      0.086402    0.000138    6.689517 v fanout26/A (sky130_fd_sc_hd__buf_4)
    10    0.058289    0.082850    0.211982    6.901500 v fanout26/X (sky130_fd_sc_hd__buf_4)
                                                         net26 (net)
                      0.082859    0.000907    6.902407 v filter.x_in[11]_sky130_fd_sc_hd__dfrtp_2_Q_RESET_B_sky130_fd_sc_hd__inv_2_Y/A (sky130_fd_sc_hd__inv_2)
     1    0.003995    0.035147    0.058650    6.961057 ^ filter.x_in[11]_sky130_fd_sc_hd__dfrtp_2_Q_RESET_B_sky130_fd_sc_hd__inv_2_Y/Y (sky130_fd_sc_hd__inv_2)
                                                         filter.x_in[11]_sky130_fd_sc_hd__dfrtp_2_Q_RESET_B (net)
                      0.035147    0.000006    6.961063 ^ filter.x_in[11]_sky130_fd_sc_hd__dfrtp_2_Q/RESET_B (sky130_fd_sc_hd__dfrtp_1)
                                              6.961063   data arrival time

                                 30.000000   30.000000   clock clk (rise edge)
                                  0.000000   30.000000   clock source latency
     1    0.028310    0.132872    0.092459   30.092459 ^ clk (in)
                                                         clk (net)
                      0.132912    0.000000   30.092459 ^ clkbuf_0_clk/A (sky130_fd_sc_hd__clkbuf_16)
     8    0.108967    0.123112    0.223171   30.315630 ^ clkbuf_0_clk/X (sky130_fd_sc_hd__clkbuf_16)
                                                         clknet_0_clk (net)
                      0.123305    0.003901   30.319530 ^ clkbuf_3_0__f_clk/A (sky130_fd_sc_hd__clkbuf_16)
    10    0.037145    0.057367    0.168555   30.488087 ^ clkbuf_3_0__f_clk/X (sky130_fd_sc_hd__clkbuf_16)
                                                         clknet_3_0__leaf_clk (net)
                      0.057367    0.000075   30.488161 ^ filter.x_in[11]_sky130_fd_sc_hd__dfrtp_2_Q/CLK (sky130_fd_sc_hd__dfrtp_1)
                                 -0.250000   30.238159   clock uncertainty
                                  0.000000   30.238159   clock reconvergence pessimism
                                  0.236670   30.474831   library recovery time
                                             30.474831   data required time
---------------------------------------------------------------------------------------------
                                             30.474831   data required time
                                             -6.961063   data arrival time
---------------------------------------------------------------------------------------------
                                             23.513767   slack (MET)


Startpoint: reset (input port clocked by clk)
Endpoint: spi_in.shift_reg[10]_sky130_fd_sc_hd__dfrtp_2_Q
          (recovery check against rising-edge clock clk)
Path Group: asynchronous
Path Type: max

Fanout         Cap        Slew       Delay        Time   Description
---------------------------------------------------------------------------------------------
                                  0.000000    0.000000   clock clk (rise edge)
                                  0.000000    0.000000   clock network delay (propagated)
                                  6.000000    6.000000 v input external delay
     1    0.002519    0.007983    0.003938    6.003938 v reset (in)
                                                         reset (net)
                      0.007983    0.000000    6.003938 v input1/A (sky130_fd_sc_hd__clkbuf_1)
     1    0.002900    0.026986    0.072522    6.076460 v input1/X (sky130_fd_sc_hd__clkbuf_1)
                                                         net1 (net)
                      0.026986    0.000010    6.076470 v fanout35/A (sky130_fd_sc_hd__clkbuf_4)
     5    0.041249    0.092196    0.185337    6.261807 v fanout35/X (sky130_fd_sc_hd__clkbuf_4)
                                                         net35 (net)
                      0.092197    0.000449    6.262256 v fanout28/A (sky130_fd_sc_hd__clkbuf_4)
     5    0.042927    0.095025    0.215986    6.478242 v fanout28/X (sky130_fd_sc_hd__clkbuf_4)
                                                         net28 (net)
                      0.095025    0.000006    6.478248 v fanout27/A (sky130_fd_sc_hd__clkbuf_4)
     6    0.038166    0.086402    0.211131    6.689380 v fanout27/X (sky130_fd_sc_hd__clkbuf_4)
                                                         net27 (net)
                      0.086402    0.000138    6.689517 v fanout26/A (sky130_fd_sc_hd__buf_4)
    10    0.058289    0.082850    0.211982    6.901500 v fanout26/X (sky130_fd_sc_hd__buf_4)
                                                         net26 (net)
                      0.082857    0.000848    6.902348 v spi_in.shift_reg[10]_sky130_fd_sc_hd__dfrtp_2_Q_RESET_B_sky130_fd_sc_hd__inv_2_Y/A (sky130_fd_sc_hd__inv_2)
     1    0.003983    0.035107    0.058597    6.960945 ^ spi_in.shift_reg[10]_sky130_fd_sc_hd__dfrtp_2_Q_RESET_B_sky130_fd_sc_hd__inv_2_Y/Y (sky130_fd_sc_hd__inv_2)
                                                         spi_in.shift_reg[10]_sky130_fd_sc_hd__dfrtp_2_Q_RESET_B (net)
                      0.035107    0.000008    6.960952 ^ spi_in.shift_reg[10]_sky130_fd_sc_hd__dfrtp_2_Q/RESET_B (sky130_fd_sc_hd__dfrtp_1)
                                              6.960952   data arrival time

                                 30.000000   30.000000   clock clk (rise edge)
                                  0.000000   30.000000   clock source latency
     1    0.028310    0.132872    0.092459   30.092459 ^ clk (in)
                                                         clk (net)
                      0.132912    0.000000   30.092459 ^ clkbuf_0_clk/A (sky130_fd_sc_hd__clkbuf_16)
     8    0.108967    0.123112    0.223171   30.315630 ^ clkbuf_0_clk/X (sky130_fd_sc_hd__clkbuf_16)
                                                         clknet_0_clk (net)
                      0.123305    0.003901   30.319530 ^ clkbuf_3_0__f_clk/A (sky130_fd_sc_hd__clkbuf_16)
    10    0.037145    0.057367    0.168555   30.488087 ^ clkbuf_3_0__f_clk/X (sky130_fd_sc_hd__clkbuf_16)
                                                         clknet_3_0__leaf_clk (net)
                      0.057367    0.000135   30.488220 ^ spi_in.shift_reg[10]_sky130_fd_sc_hd__dfrtp_2_Q/CLK (sky130_fd_sc_hd__dfrtp_1)
                                 -0.250000   30.238220   clock uncertainty
                                  0.000000   30.238220   clock reconvergence pessimism
                                  0.236680   30.474901   library recovery time
                                             30.474901   data required time
---------------------------------------------------------------------------------------------
                                             30.474901   data required time
                                             -6.960952   data arrival time
---------------------------------------------------------------------------------------------
                                             23.513948   slack (MET)


Startpoint: reset (input port clocked by clk)
Endpoint: spi_out.shift_reg[11]_sky130_fd_sc_hd__dfrtp_2_Q
          (recovery check against rising-edge clock clk)
Path Group: asynchronous
Path Type: max

Fanout         Cap        Slew       Delay        Time   Description
---------------------------------------------------------------------------------------------
                                  0.000000    0.000000   clock clk (rise edge)
                                  0.000000    0.000000   clock network delay (propagated)
                                  6.000000    6.000000 v input external delay
     1    0.002519    0.007983    0.003938    6.003938 v reset (in)
                                                         reset (net)
                      0.007983    0.000000    6.003938 v input1/A (sky130_fd_sc_hd__clkbuf_1)
     1    0.002900    0.026986    0.072522    6.076460 v input1/X (sky130_fd_sc_hd__clkbuf_1)
                                                         net1 (net)
                      0.026986    0.000010    6.076470 v fanout35/A (sky130_fd_sc_hd__clkbuf_4)
     5    0.041249    0.092196    0.185337    6.261807 v fanout35/X (sky130_fd_sc_hd__clkbuf_4)
                                                         net35 (net)
                      0.092197    0.000449    6.262256 v fanout28/A (sky130_fd_sc_hd__clkbuf_4)
     5    0.042927    0.095025    0.215986    6.478242 v fanout28/X (sky130_fd_sc_hd__clkbuf_4)
                                                         net28 (net)
                      0.095025    0.000006    6.478248 v fanout27/A (sky130_fd_sc_hd__clkbuf_4)
     6    0.038166    0.086402    0.211131    6.689380 v fanout27/X (sky130_fd_sc_hd__clkbuf_4)
                                                         net27 (net)
                      0.086402    0.000138    6.689517 v fanout26/A (sky130_fd_sc_hd__buf_4)
    10    0.058289    0.082850    0.211982    6.901500 v fanout26/X (sky130_fd_sc_hd__buf_4)
                                                         net26 (net)
                      0.082853    0.000647    6.902147 v spi_out.shift_reg[11]_sky130_fd_sc_hd__dfrtp_2_Q_RESET_B_sky130_fd_sc_hd__inv_2_Y/A (sky130_fd_sc_hd__inv_2)
     1    0.003933    0.034931    0.058364    6.960511 ^ spi_out.shift_reg[11]_sky130_fd_sc_hd__dfrtp_2_Q_RESET_B_sky130_fd_sc_hd__inv_2_Y/Y (sky130_fd_sc_hd__inv_2)
                                                         spi_out.shift_reg[11]_sky130_fd_sc_hd__dfrtp_2_Q_RESET_B (net)
                      0.034931    0.000006    6.960517 ^ spi_out.shift_reg[11]_sky130_fd_sc_hd__dfrtp_2_Q/RESET_B (sky130_fd_sc_hd__dfrtp_1)
                                              6.960517   data arrival time

                                 30.000000   30.000000   clock clk (rise edge)
                                  0.000000   30.000000   clock source latency
     1    0.028310    0.132872    0.092459   30.092459 ^ clk (in)
                                                         clk (net)
                      0.132912    0.000000   30.092459 ^ clkbuf_0_clk/A (sky130_fd_sc_hd__clkbuf_16)
     8    0.108967    0.123112    0.223171   30.315630 ^ clkbuf_0_clk/X (sky130_fd_sc_hd__clkbuf_16)
                                                         clknet_0_clk (net)
                      0.123305    0.003901   30.319530 ^ clkbuf_3_0__f_clk/A (sky130_fd_sc_hd__clkbuf_16)
    10    0.037145    0.057367    0.168555   30.488087 ^ clkbuf_3_0__f_clk/X (sky130_fd_sc_hd__clkbuf_16)
                                                         clknet_3_0__leaf_clk (net)
                      0.057367    0.000053   30.488138 ^ spi_out.shift_reg[11]_sky130_fd_sc_hd__dfrtp_2_Q/CLK (sky130_fd_sc_hd__dfrtp_1)
                                 -0.250000   30.238138   clock uncertainty
                                  0.000000   30.238138   clock reconvergence pessimism
                                  0.236725   30.474863   library recovery time
                                             30.474863   data required time
---------------------------------------------------------------------------------------------
                                             30.474863   data required time
                                             -6.960517   data arrival time
---------------------------------------------------------------------------------------------
                                             23.514347   slack (MET)


Startpoint: reset (input port clocked by clk)
Endpoint: spi_in.shift_reg[9]_sky130_fd_sc_hd__dfrtp_2_Q
          (recovery check against rising-edge clock clk)
Path Group: asynchronous
Path Type: max

Fanout         Cap        Slew       Delay        Time   Description
---------------------------------------------------------------------------------------------
                                  0.000000    0.000000   clock clk (rise edge)
                                  0.000000    0.000000   clock network delay (propagated)
                                  6.000000    6.000000 v input external delay
     1    0.002519    0.007983    0.003938    6.003938 v reset (in)
                                                         reset (net)
                      0.007983    0.000000    6.003938 v input1/A (sky130_fd_sc_hd__clkbuf_1)
     1    0.002900    0.026986    0.072522    6.076460 v input1/X (sky130_fd_sc_hd__clkbuf_1)
                                                         net1 (net)
                      0.026986    0.000010    6.076470 v fanout35/A (sky130_fd_sc_hd__clkbuf_4)
     5    0.041249    0.092196    0.185337    6.261807 v fanout35/X (sky130_fd_sc_hd__clkbuf_4)
                                                         net35 (net)
                      0.092197    0.000449    6.262256 v fanout28/A (sky130_fd_sc_hd__clkbuf_4)
     5    0.042927    0.095025    0.215986    6.478242 v fanout28/X (sky130_fd_sc_hd__clkbuf_4)
                                                         net28 (net)
                      0.095025    0.000006    6.478248 v fanout27/A (sky130_fd_sc_hd__clkbuf_4)
     6    0.038166    0.086402    0.211131    6.689380 v fanout27/X (sky130_fd_sc_hd__clkbuf_4)
                                                         net27 (net)
                      0.086402    0.000138    6.689517 v fanout26/A (sky130_fd_sc_hd__buf_4)
    10    0.058289    0.082850    0.211982    6.901500 v fanout26/X (sky130_fd_sc_hd__buf_4)
                                                         net26 (net)
                      0.082851    0.000512    6.902012 v spi_in.shift_reg[9]_sky130_fd_sc_hd__dfrtp_2_Q_RESET_B_sky130_fd_sc_hd__inv_2_Y/A (sky130_fd_sc_hd__inv_2)
     1    0.003896    0.034800    0.058190    6.960202 ^ spi_in.shift_reg[9]_sky130_fd_sc_hd__dfrtp_2_Q_RESET_B_sky130_fd_sc_hd__inv_2_Y/Y (sky130_fd_sc_hd__inv_2)
                                                         spi_in.shift_reg[9]_sky130_fd_sc_hd__dfrtp_2_Q_RESET_B (net)
                      0.034800    0.000006    6.960208 ^ spi_in.shift_reg[9]_sky130_fd_sc_hd__dfrtp_2_Q/RESET_B (sky130_fd_sc_hd__dfrtp_1)
                                              6.960208   data arrival time

                                 30.000000   30.000000   clock clk (rise edge)
                                  0.000000   30.000000   clock source latency
     1    0.028310    0.132872    0.092459   30.092459 ^ clk (in)
                                                         clk (net)
                      0.132912    0.000000   30.092459 ^ clkbuf_0_clk/A (sky130_fd_sc_hd__clkbuf_16)
     8    0.108967    0.123112    0.223171   30.315630 ^ clkbuf_0_clk/X (sky130_fd_sc_hd__clkbuf_16)
                                                         clknet_0_clk (net)
                      0.123305    0.003901   30.319530 ^ clkbuf_3_0__f_clk/A (sky130_fd_sc_hd__clkbuf_16)
    10    0.037145    0.057367    0.168555   30.488087 ^ clkbuf_3_0__f_clk/X (sky130_fd_sc_hd__clkbuf_16)
                                                         clknet_3_0__leaf_clk (net)
                      0.057367    0.000078   30.488165 ^ spi_in.shift_reg[9]_sky130_fd_sc_hd__dfrtp_2_Q/CLK (sky130_fd_sc_hd__dfrtp_1)
                                 -0.250000   30.238163   clock uncertainty
                                  0.000000   30.238163   clock reconvergence pessimism
                                  0.236759   30.474922   library recovery time
                                             30.474922   data required time
---------------------------------------------------------------------------------------------
                                             30.474922   data required time
                                             -6.960208   data arrival time
---------------------------------------------------------------------------------------------
                                             23.514715   slack (MET)


Startpoint: reset (input port clocked by clk)
Endpoint: spi_out.shift_reg[12]_sky130_fd_sc_hd__dfrtp_2_Q
          (recovery check against rising-edge clock clk)
Path Group: asynchronous
Path Type: max

Fanout         Cap        Slew       Delay        Time   Description
---------------------------------------------------------------------------------------------
                                  0.000000    0.000000   clock clk (rise edge)
                                  0.000000    0.000000   clock network delay (propagated)
                                  6.000000    6.000000 v input external delay
     1    0.002519    0.007983    0.003938    6.003938 v reset (in)
                                                         reset (net)
                      0.007983    0.000000    6.003938 v input1/A (sky130_fd_sc_hd__clkbuf_1)
     1    0.002900    0.026986    0.072522    6.076460 v input1/X (sky130_fd_sc_hd__clkbuf_1)
                                                         net1 (net)
                      0.026986    0.000010    6.076470 v fanout35/A (sky130_fd_sc_hd__clkbuf_4)
     5    0.041249    0.092196    0.185337    6.261807 v fanout35/X (sky130_fd_sc_hd__clkbuf_4)
                                                         net35 (net)
                      0.092197    0.000449    6.262256 v fanout28/A (sky130_fd_sc_hd__clkbuf_4)
     5    0.042927    0.095025    0.215986    6.478242 v fanout28/X (sky130_fd_sc_hd__clkbuf_4)
                                                         net28 (net)
                      0.095025    0.000006    6.478248 v fanout27/A (sky130_fd_sc_hd__clkbuf_4)
     6    0.038166    0.086402    0.211131    6.689380 v fanout27/X (sky130_fd_sc_hd__clkbuf_4)
                                                         net27 (net)
                      0.086402    0.000138    6.689517 v fanout26/A (sky130_fd_sc_hd__buf_4)
    10    0.058289    0.082850    0.211982    6.901500 v fanout26/X (sky130_fd_sc_hd__buf_4)
                                                         net26 (net)
                      0.082850    0.000125    6.901625 v spi_out.shift_reg[12]_sky130_fd_sc_hd__dfrtp_2_Q_RESET_B_sky130_fd_sc_hd__inv_2_Y/A (sky130_fd_sc_hd__inv_2)
     1    0.003995    0.035145    0.058647    6.960272 ^ spi_out.shift_reg[12]_sky130_fd_sc_hd__dfrtp_2_Q_RESET_B_sky130_fd_sc_hd__inv_2_Y/Y (sky130_fd_sc_hd__inv_2)
                                                         spi_out.shift_reg[12]_sky130_fd_sc_hd__dfrtp_2_Q_RESET_B (net)
                      0.035145    0.000006    6.960278 ^ spi_out.shift_reg[12]_sky130_fd_sc_hd__dfrtp_2_Q/RESET_B (sky130_fd_sc_hd__dfrtp_1)
                                              6.960278   data arrival time

                                 30.000000   30.000000   clock clk (rise edge)
                                  0.000000   30.000000   clock source latency
     1    0.028310    0.132872    0.092459   30.092459 ^ clk (in)
                                                         clk (net)
                      0.132912    0.000000   30.092459 ^ clkbuf_0_clk/A (sky130_fd_sc_hd__clkbuf_16)
     8    0.108967    0.123112    0.223171   30.315630 ^ clkbuf_0_clk/X (sky130_fd_sc_hd__clkbuf_16)
                                                         clknet_0_clk (net)
                      0.123241    0.003197   30.318827 ^ clkbuf_3_1__f_clk/A (sky130_fd_sc_hd__clkbuf_16)
    12    0.043307    0.062829    0.173113   30.491941 ^ clkbuf_3_1__f_clk/X (sky130_fd_sc_hd__clkbuf_16)
                                                         clknet_3_1__leaf_clk (net)
                      0.062829    0.000078   30.492018 ^ spi_out.shift_reg[12]_sky130_fd_sc_hd__dfrtp_2_Q/CLK (sky130_fd_sc_hd__dfrtp_1)
                                 -0.250000   30.242018   clock uncertainty
                                  0.000000   30.242018   clock reconvergence pessimism
                                  0.238343   30.480358   library recovery time
                                             30.480358   data required time
---------------------------------------------------------------------------------------------
                                             30.480358   data required time
                                             -6.960278   data arrival time
---------------------------------------------------------------------------------------------
                                             23.520081   slack (MET)


Startpoint: reset (input port clocked by clk)
Endpoint: filter.x_in[9]_sky130_fd_sc_hd__dfrtp_2_Q
          (recovery check against rising-edge clock clk)
Path Group: asynchronous
Path Type: max

Fanout         Cap        Slew       Delay        Time   Description
---------------------------------------------------------------------------------------------
                                  0.000000    0.000000   clock clk (rise edge)
                                  0.000000    0.000000   clock network delay (propagated)
                                  6.000000    6.000000 v input external delay
     1    0.002519    0.007983    0.003938    6.003938 v reset (in)
                                                         reset (net)
                      0.007983    0.000000    6.003938 v input1/A (sky130_fd_sc_hd__clkbuf_1)
     1    0.002900    0.026986    0.072522    6.076460 v input1/X (sky130_fd_sc_hd__clkbuf_1)
                                                         net1 (net)
                      0.026986    0.000010    6.076470 v fanout35/A (sky130_fd_sc_hd__clkbuf_4)
     5    0.041249    0.092196    0.185337    6.261807 v fanout35/X (sky130_fd_sc_hd__clkbuf_4)
                                                         net35 (net)
                      0.092197    0.000449    6.262256 v fanout28/A (sky130_fd_sc_hd__clkbuf_4)
     5    0.042927    0.095025    0.215986    6.478242 v fanout28/X (sky130_fd_sc_hd__clkbuf_4)
                                                         net28 (net)
                      0.095025    0.000006    6.478248 v fanout27/A (sky130_fd_sc_hd__clkbuf_4)
     6    0.038166    0.086402    0.211131    6.689380 v fanout27/X (sky130_fd_sc_hd__clkbuf_4)
                                                         net27 (net)
                      0.086402    0.000138    6.689517 v fanout26/A (sky130_fd_sc_hd__buf_4)
    10    0.058289    0.082850    0.211982    6.901500 v fanout26/X (sky130_fd_sc_hd__buf_4)
                                                         net26 (net)
                      0.082850    0.000164    6.901664 v filter.x_in[9]_sky130_fd_sc_hd__dfrtp_2_Q_RESET_B_sky130_fd_sc_hd__inv_2_Y/A (sky130_fd_sc_hd__inv_2)
     1    0.003905    0.034830    0.058230    6.959894 ^ filter.x_in[9]_sky130_fd_sc_hd__dfrtp_2_Q_RESET_B_sky130_fd_sc_hd__inv_2_Y/Y (sky130_fd_sc_hd__inv_2)
                                                         filter.x_in[9]_sky130_fd_sc_hd__dfrtp_2_Q_RESET_B (net)
                      0.034830    0.000007    6.959901 ^ filter.x_in[9]_sky130_fd_sc_hd__dfrtp_2_Q/RESET_B (sky130_fd_sc_hd__dfrtp_1)
                                              6.959901   data arrival time

                                 30.000000   30.000000   clock clk (rise edge)
                                  0.000000   30.000000   clock source latency
     1    0.028310    0.132872    0.092459   30.092459 ^ clk (in)
                                                         clk (net)
                      0.132912    0.000000   30.092459 ^ clkbuf_0_clk/A (sky130_fd_sc_hd__clkbuf_16)
     8    0.108967    0.123112    0.223171   30.315630 ^ clkbuf_0_clk/X (sky130_fd_sc_hd__clkbuf_16)
                                                         clknet_0_clk (net)
                      0.123241    0.003197   30.318827 ^ clkbuf_3_1__f_clk/A (sky130_fd_sc_hd__clkbuf_16)
    12    0.043307    0.062829    0.173113   30.491941 ^ clkbuf_3_1__f_clk/X (sky130_fd_sc_hd__clkbuf_16)
                                                         clknet_3_1__leaf_clk (net)
                      0.062829    0.000096   30.492037 ^ filter.x_in[9]_sky130_fd_sc_hd__dfrtp_2_Q/CLK (sky130_fd_sc_hd__dfrtp_1)
                                 -0.250000   30.242035   clock uncertainty
                                  0.000000   30.242035   clock reconvergence pessimism
                                  0.238424   30.480457   library recovery time
                                             30.480457   data required time
---------------------------------------------------------------------------------------------
                                             30.480457   data required time
                                             -6.959901   data arrival time
---------------------------------------------------------------------------------------------
                                             23.520557   slack (MET)


Startpoint: filter.y_out[10]_sky130_fd_sc_hd__dfrtp_2_Q
            (rising edge-triggered flip-flop clocked by clk)
Endpoint: filter.y_out[13]_sky130_fd_sc_hd__dfrtp_2_Q
          (rising edge-triggered flip-flop clocked by clk)
Path Group: clk
Path Type: max

Fanout         Cap        Slew       Delay        Time   Description
---------------------------------------------------------------------------------------------
                                  0.000000    0.000000   clock clk (rise edge)
                                  0.000000    0.000000   clock source latency
     1    0.028310    0.132872    0.092458    0.092458 ^ clk (in)
                                                         clk (net)
                      0.132912    0.000000    0.092458 ^ clkbuf_0_clk/A (sky130_fd_sc_hd__clkbuf_16)
     8    0.108967    0.123112    0.223171    0.315629 ^ clkbuf_0_clk/X (sky130_fd_sc_hd__clkbuf_16)
                                                         clknet_0_clk (net)
                      0.123380    0.004579    0.320208 ^ clkbuf_3_3__f_clk/A (sky130_fd_sc_hd__clkbuf_16)
     6    0.036229    0.056559    0.167876    0.488085 ^ clkbuf_3_3__f_clk/X (sky130_fd_sc_hd__clkbuf_16)
                                                         clknet_3_3__leaf_clk (net)
                      0.056559    0.000155    0.488240 ^ filter.y_out[10]_sky130_fd_sc_hd__dfrtp_2_Q/CLK (sky130_fd_sc_hd__dfrtp_1)
     3    0.013643    0.086125    0.410728    0.898968 v filter.y_out[10]_sky130_fd_sc_hd__dfrtp_2_Q/Q (sky130_fd_sc_hd__dfrtp_1)
                                                         filter.y_out[10] (net)
                      0.086125    0.000130    0.899098 v fanout24/A (sky130_fd_sc_hd__buf_4)
    10    0.057813    0.082333    0.211466    1.110564 v fanout24/X (sky130_fd_sc_hd__buf_4)
                                                         net24 (net)
                      0.082333    0.000408    1.110972 v filter.x_in[12]_sky130_fd_sc_hd__a21oi_2_A1_B1_sky130_fd_sc_hd__and3_2_X_B_sky130_fd_sc_hd__a22o_2_X_A1_sky130_fd_sc_hd__nand2_2_Y_A_sky130_fd_sc_hd__or2_2_X/A (sky130_fd_sc_hd__or2_2)
     7    0.021140    0.100430    0.368876    1.479848 v filter.x_in[12]_sky130_fd_sc_hd__a21oi_2_A1_B1_sky130_fd_sc_hd__and3_2_X_B_sky130_fd_sc_hd__a22o_2_X_A1_sky130_fd_sc_hd__nand2_2_Y_A_sky130_fd_sc_hd__or2_2_X/X (sky130_fd_sc_hd__or2_2)
                                                         filter.x_in[12]_sky130_fd_sc_hd__a21oi_2_A1_B1_sky130_fd_sc_hd__and3_2_X_B_sky130_fd_sc_hd__a22o_2_X_A1_sky130_fd_sc_hd__nand2_2_Y_A (net)
                      0.100430    0.000056    1.479904 v filter.x_in[10]_sky130_fd_sc_hd__or2_2_A_B_sky130_fd_sc_hd__xor2_2_X_B_sky130_fd_sc_hd__a31o_2_X_A3_sky130_fd_sc_hd__xnor2_2_Y_B_sky130_fd_sc_hd__nand2b_2_Y_B_sky130_fd_sc_hd__a21o_2_X/A1 (sky130_fd_sc_hd__a21o_1)
     2    0.004996    0.043708    0.183475    1.663378 v filter.x_in[10]_sky130_fd_sc_hd__or2_2_A_B_sky130_fd_sc_hd__xor2_2_X_B_sky130_fd_sc_hd__a31o_2_X_A3_sky130_fd_sc_hd__xnor2_2_Y_B_sky130_fd_sc_hd__nand2b_2_Y_B_sky130_fd_sc_hd__a21o_2_X/X (sky130_fd_sc_hd__a21o_1)
                                                         filter.x_in[10]_sky130_fd_sc_hd__or2_2_A_B_sky130_fd_sc_hd__xor2_2_X_B_sky130_fd_sc_hd__a31o_2_X_A3_sky130_fd_sc_hd__xnor2_2_Y_B_sky130_fd_sc_hd__nand2b_2_Y_B (net)
                      0.043708    0.000004    1.663383 v filter.x_in[9]_sky130_fd_sc_hd__xnor2_2_A_B_sky130_fd_sc_hd__xor2_2_X_A_sky130_fd_sc_hd__xnor2_2_Y_A_sky130_fd_sc_hd__a21o_2_X_B1_sky130_fd_sc_hd__a311o_2_B1/A3 (sky130_fd_sc_hd__a311o_1)
     2    0.013388    0.102748    0.401752    2.065135 v filter.x_in[9]_sky130_fd_sc_hd__xnor2_2_A_B_sky130_fd_sc_hd__xor2_2_X_A_sky130_fd_sc_hd__xnor2_2_Y_A_sky130_fd_sc_hd__a21o_2_X_B1_sky130_fd_sc_hd__a311o_2_B1/X (sky130_fd_sc_hd__a311o_1)
                                                         filter.x_in[9]_sky130_fd_sc_hd__xnor2_2_A_B_sky130_fd_sc_hd__xor2_2_X_A_sky130_fd_sc_hd__xnor2_2_Y_A_sky130_fd_sc_hd__a21o_2_X_B1_sky130_fd_sc_hd__a311o_2_B1_X (net)
                      0.102748    0.000469    2.065604 v fanout12/A (sky130_fd_sc_hd__clkbuf_4)
    10    0.041395    0.092038    0.219799    2.285403 v fanout12/X (sky130_fd_sc_hd__clkbuf_4)
                                                         net12 (net)
                      0.092039    0.000486    2.285889 v filter.x_in[3]_sky130_fd_sc_hd__a21oi_2_B1_Y_sky130_fd_sc_hd__o31a_2_A3_A1_sky130_fd_sc_hd__a21oi_2_Y_A2_sky130_fd_sc_hd__or2_2_X_B_sky130_fd_sc_hd__xor2_2_B/A (sky130_fd_sc_hd__xor2_1)
     1    0.005296    0.092157    0.184308    2.470196 v filter.x_in[3]_sky130_fd_sc_hd__a21oi_2_B1_Y_sky130_fd_sc_hd__o31a_2_A3_A1_sky130_fd_sc_hd__a21oi_2_Y_A2_sky130_fd_sc_hd__or2_2_X_B_sky130_fd_sc_hd__xor2_2_B/X (sky130_fd_sc_hd__xor2_1)
                                                         filter.x_in[3]_sky130_fd_sc_hd__a21oi_2_B1_Y_sky130_fd_sc_hd__o31a_2_A3_A1_sky130_fd_sc_hd__a21oi_2_Y_A1_sky130_fd_sc_hd__xnor2_2_A_B (net)
                      0.092157    0.000020    2.470216 v filter.x_in[3]_sky130_fd_sc_hd__a21oi_2_B1_Y_sky130_fd_sc_hd__o31a_2_A3_A1_sky130_fd_sc_hd__a21oi_2_Y_A1_sky130_fd_sc_hd__xnor2_2_A/B (sky130_fd_sc_hd__xnor2_1)
     2    0.008609    0.084242    0.170304    2.640520 v filter.x_in[3]_sky130_fd_sc_hd__a21oi_2_B1_Y_sky130_fd_sc_hd__o31a_2_A3_A1_sky130_fd_sc_hd__a21oi_2_Y_A1_sky130_fd_sc_hd__xnor2_2_A/Y (sky130_fd_sc_hd__xnor2_1)
                                                         filter.x_in[3]_sky130_fd_sc_hd__a21oi_2_B1_Y_sky130_fd_sc_hd__o31a_2_A3_A1_sky130_fd_sc_hd__a21oi_2_Y_A1_sky130_fd_sc_hd__xnor2_2_A_Y (net)
                      0.084242    0.000079    2.640599 v filter.x_in[3]_sky130_fd_sc_hd__a21oi_2_B1_Y_sky130_fd_sc_hd__o31a_2_A3_A1_sky130_fd_sc_hd__a21oi_2_Y_A1_sky130_fd_sc_hd__xnor2_2_A_Y_sky130_fd_sc_hd__o31a_2_A2/A2 (sky130_fd_sc_hd__o31a_1)
     2    0.007182    0.067319    0.310106    2.950705 v filter.x_in[3]_sky130_fd_sc_hd__a21oi_2_B1_Y_sky130_fd_sc_hd__o31a_2_A3_A1_sky130_fd_sc_hd__a21oi_2_Y_A1_sky130_fd_sc_hd__xnor2_2_A_Y_sky130_fd_sc_hd__o31a_2_A2/X (sky130_fd_sc_hd__o31a_1)
                                                         filter.x_in[2]_sky130_fd_sc_hd__inv_2_A_Y_sky130_fd_sc_hd__o2bb2ai_2_B2_Y_sky130_fd_sc_hd__xor2_2_A_X_sky130_fd_sc_hd__xnor2_2_A_B_sky130_fd_sc_hd__xnor2_2_Y_B (net)
                      0.067319    0.000044    2.950749 v filter.x_in[2]_sky130_fd_sc_hd__inv_2_A_Y_sky130_fd_sc_hd__o2bb2ai_2_B2_Y_sky130_fd_sc_hd__xor2_2_A_X_sky130_fd_sc_hd__xnor2_2_A_B_sky130_fd_sc_hd__xnor2_2_Y/B (sky130_fd_sc_hd__xnor2_1)
     2    0.008651    0.237141    0.223508    3.174258 ^ filter.x_in[2]_sky130_fd_sc_hd__inv_2_A_Y_sky130_fd_sc_hd__o2bb2ai_2_B2_Y_sky130_fd_sc_hd__xor2_2_A_X_sky130_fd_sc_hd__xnor2_2_A_B_sky130_fd_sc_hd__xnor2_2_Y/Y (sky130_fd_sc_hd__xnor2_1)
                                                         filter.x_in[2]_sky130_fd_sc_hd__inv_2_A_Y_sky130_fd_sc_hd__o2bb2ai_2_B2_Y_sky130_fd_sc_hd__xor2_2_A_X_sky130_fd_sc_hd__xnor2_2_A_B (net)
                      0.237141    0.000040    3.174297 ^ filter.x_in[2]_sky130_fd_sc_hd__inv_2_A_Y_sky130_fd_sc_hd__o2bb2ai_2_B2_Y_sky130_fd_sc_hd__xor2_2_A_X_sky130_fd_sc_hd__xnor2_2_A/B (sky130_fd_sc_hd__xnor2_1)
     3    0.010872    0.273657    0.209975    3.384273 ^ filter.x_in[2]_sky130_fd_sc_hd__inv_2_A_Y_sky130_fd_sc_hd__o2bb2ai_2_B2_Y_sky130_fd_sc_hd__xor2_2_A_X_sky130_fd_sc_hd__xnor2_2_A/Y (sky130_fd_sc_hd__xnor2_1)
                                                         filter.x_in[2]_sky130_fd_sc_hd__inv_2_A_Y_sky130_fd_sc_hd__o2bb2ai_2_B2_Y_sky130_fd_sc_hd__xor2_2_A_X_sky130_fd_sc_hd__xnor2_2_A_Y (net)
                      0.273657    0.000148    3.384421 ^ filter.x_in[2]_sky130_fd_sc_hd__inv_2_A_Y_sky130_fd_sc_hd__o2bb2ai_2_B2_Y_sky130_fd_sc_hd__xor2_2_A_X_sky130_fd_sc_hd__xnor2_2_A_Y_sky130_fd_sc_hd__and3_2_C/C (sky130_fd_sc_hd__and3_1)
     2    0.004496    0.068302    0.207115    3.591536 ^ filter.x_in[2]_sky130_fd_sc_hd__inv_2_A_Y_sky130_fd_sc_hd__o2bb2ai_2_B2_Y_sky130_fd_sc_hd__xor2_2_A_X_sky130_fd_sc_hd__xnor2_2_A_Y_sky130_fd_sc_hd__and3_2_C/X (sky130_fd_sc_hd__and3_1)
                                                         filter.x_in[2]_sky130_fd_sc_hd__inv_2_A_Y_sky130_fd_sc_hd__o2bb2ai_2_B2_Y_sky130_fd_sc_hd__xor2_2_A_X_sky130_fd_sc_hd__xnor2_2_A_Y_sky130_fd_sc_hd__and3_2_C_X (net)
                      0.068302    0.000010    3.591546 ^ filter.x_in[2]_sky130_fd_sc_hd__inv_2_A_Y_sky130_fd_sc_hd__o2bb2ai_2_B2_Y_sky130_fd_sc_hd__xor2_2_A_X_sky130_fd_sc_hd__xnor2_2_A_Y_sky130_fd_sc_hd__and3_2_C_X_sky130_fd_sc_hd__nor2_2_B/B (sky130_fd_sc_hd__nor2_1)
     1    0.005327    0.050540    0.051980    3.643526 v filter.x_in[2]_sky130_fd_sc_hd__inv_2_A_Y_sky130_fd_sc_hd__o2bb2ai_2_B2_Y_sky130_fd_sc_hd__xor2_2_A_X_sky130_fd_sc_hd__xnor2_2_A_Y_sky130_fd_sc_hd__and3_2_C_X_sky130_fd_sc_hd__nor2_2_B/Y (sky130_fd_sc_hd__nor2_1)
                                                         filter.x_in[2]_sky130_fd_sc_hd__inv_2_A_Y_sky130_fd_sc_hd__xnor2_2_A_Y_sky130_fd_sc_hd__and2b_2_A_N_X_sky130_fd_sc_hd__a41oi_2_B1_Y_sky130_fd_sc_hd__xnor2_2_A_B (net)
                      0.050540    0.000020    3.643546 v filter.x_in[2]_sky130_fd_sc_hd__inv_2_A_Y_sky130_fd_sc_hd__xnor2_2_A_Y_sky130_fd_sc_hd__and2b_2_A_N_X_sky130_fd_sc_hd__a41oi_2_B1_Y_sky130_fd_sc_hd__xnor2_2_A/B (sky130_fd_sc_hd__xnor2_1)
     2    0.007306    0.209962    0.196705    3.840251 ^ filter.x_in[2]_sky130_fd_sc_hd__inv_2_A_Y_sky130_fd_sc_hd__xnor2_2_A_Y_sky130_fd_sc_hd__and2b_2_A_N_X_sky130_fd_sc_hd__a41oi_2_B1_Y_sky130_fd_sc_hd__xnor2_2_A/Y (sky130_fd_sc_hd__xnor2_1)
                                                         filter.x_in[2]_sky130_fd_sc_hd__inv_2_A_Y_sky130_fd_sc_hd__xnor2_2_A_Y_sky130_fd_sc_hd__and2b_2_A_N_X_sky130_fd_sc_hd__a41oi_2_B1_Y_sky130_fd_sc_hd__xnor2_2_A_Y (net)
                      0.209962    0.000019    3.840271 ^ filter.x_in[0]_sky130_fd_sc_hd__o21ai_2_A1_Y_sky130_fd_sc_hd__and2b_2_A_N_X_sky130_fd_sc_hd__o21ai_2_A2_Y_sky130_fd_sc_hd__xnor2_2_A_B_sky130_fd_sc_hd__xnor2_2_Y/A (sky130_fd_sc_hd__xnor2_1)
     2    0.007769    0.091728    0.135183    3.975453 v filter.x_in[0]_sky130_fd_sc_hd__o21ai_2_A1_Y_sky130_fd_sc_hd__and2b_2_A_N_X_sky130_fd_sc_hd__o21ai_2_A2_Y_sky130_fd_sc_hd__xnor2_2_A_B_sky130_fd_sc_hd__xnor2_2_Y/Y (sky130_fd_sc_hd__xnor2_1)
                                                         filter.x_in[0]_sky130_fd_sc_hd__o21ai_2_A1_Y_sky130_fd_sc_hd__and2b_2_A_N_X_sky130_fd_sc_hd__o21ai_2_A2_Y_sky130_fd_sc_hd__xnor2_2_A_B (net)
                      0.091728    0.000020    3.975472 v filter.x_in[0]_sky130_fd_sc_hd__o21ai_2_A1_Y_sky130_fd_sc_hd__and2b_2_A_N_X_sky130_fd_sc_hd__o21ai_2_A2_Y_sky130_fd_sc_hd__xnor2_2_A/B (sky130_fd_sc_hd__xnor2_1)
     3    0.010771    0.280089    0.265126    4.240598 ^ filter.x_in[0]_sky130_fd_sc_hd__o21ai_2_A1_Y_sky130_fd_sc_hd__and2b_2_A_N_X_sky130_fd_sc_hd__o21ai_2_A2_Y_sky130_fd_sc_hd__xnor2_2_A/Y (sky130_fd_sc_hd__xnor2_1)
                                                         filter.y_out[2]_sky130_fd_sc_hd__dfrtp_2_Q_D_sky130_fd_sc_hd__xor2_2_X_A_sky130_fd_sc_hd__xor2_2_X_A_sky130_fd_sc_hd__nand2_2_Y_B (net)
                      0.280089    0.000083    4.240681 ^ filter.y_out[2]_sky130_fd_sc_hd__dfrtp_2_Q_D_sky130_fd_sc_hd__xor2_2_X_B_sky130_fd_sc_hd__a21bo_2_X_B1_N_sky130_fd_sc_hd__or4b_2_X/D_N (sky130_fd_sc_hd__or4b_1)
     2    0.005959    0.102032    0.493398    4.734079 v filter.y_out[2]_sky130_fd_sc_hd__dfrtp_2_Q_D_sky130_fd_sc_hd__xor2_2_X_B_sky130_fd_sc_hd__a21bo_2_X_B1_N_sky130_fd_sc_hd__or4b_2_X/X (sky130_fd_sc_hd__or4b_1)
                                                         filter.y_out[2]_sky130_fd_sc_hd__dfrtp_2_Q_D_sky130_fd_sc_hd__xor2_2_X_B_sky130_fd_sc_hd__a21bo_2_X_B1_N (net)
                      0.102032    0.000055    4.734134 v filter.y_out[2]_sky130_fd_sc_hd__dfrtp_2_Q_D_sky130_fd_sc_hd__xor2_2_X_A_sky130_fd_sc_hd__xor2_2_X_A_sky130_fd_sc_hd__a21oi_2_A1/A2 (sky130_fd_sc_hd__a21oi_1)
     1    0.003092    0.112462    0.162044    4.896178 ^ filter.y_out[2]_sky130_fd_sc_hd__dfrtp_2_Q_D_sky130_fd_sc_hd__xor2_2_X_A_sky130_fd_sc_hd__xor2_2_X_A_sky130_fd_sc_hd__a21oi_2_A1/Y (sky130_fd_sc_hd__a21oi_1)
                                                         filter.y_out[2]_sky130_fd_sc_hd__dfrtp_2_Q_D_sky130_fd_sc_hd__xor2_2_X_A_sky130_fd_sc_hd__a31o_2_A3_B1 (net)
                      0.112462    0.000008    4.896186 ^ filter.y_out[2]_sky130_fd_sc_hd__dfrtp_2_Q_D_sky130_fd_sc_hd__xor2_2_X_A_sky130_fd_sc_hd__a31o_2_A3/B1 (sky130_fd_sc_hd__a31o_1)
     3    0.012160    0.126544    0.171066    5.067252 ^ filter.y_out[2]_sky130_fd_sc_hd__dfrtp_2_Q_D_sky130_fd_sc_hd__xor2_2_X_A_sky130_fd_sc_hd__a31o_2_A3/X (sky130_fd_sc_hd__a31o_1)
                                                         filter.y_out[3]_sky130_fd_sc_hd__dfrtp_2_Q_D_sky130_fd_sc_hd__nor2_2_Y_A_sky130_fd_sc_hd__and2b_2_X_B (net)
                      0.126544    0.000259    5.067512 ^ filter.y_out[5]_sky130_fd_sc_hd__dfrtp_2_Q_D_sky130_fd_sc_hd__xor2_2_X_A_sky130_fd_sc_hd__nor2_2_Y_A_sky130_fd_sc_hd__nor3b_2_Y/C_N (sky130_fd_sc_hd__nor3b_1)
     2    0.009242    0.343685    0.330398    5.397910 ^ filter.y_out[5]_sky130_fd_sc_hd__dfrtp_2_Q_D_sky130_fd_sc_hd__xor2_2_X_A_sky130_fd_sc_hd__nor2_2_Y_A_sky130_fd_sc_hd__nor3b_2_Y/Y (sky130_fd_sc_hd__nor3b_1)
                                                         filter.y_out[5]_sky130_fd_sc_hd__dfrtp_2_Q_D_sky130_fd_sc_hd__xor2_2_X_A_sky130_fd_sc_hd__nor2_2_Y_A (net)
                      0.343685    0.000109    5.398019 ^ filter.y_out[5]_sky130_fd_sc_hd__dfrtp_2_Q_D_sky130_fd_sc_hd__xor2_2_X_B_sky130_fd_sc_hd__o21bai_2_B1_N/A1 (sky130_fd_sc_hd__o21bai_2)
     3    0.016567    0.113668    0.169734    5.567753 v filter.y_out[5]_sky130_fd_sc_hd__dfrtp_2_Q_D_sky130_fd_sc_hd__xor2_2_X_B_sky130_fd_sc_hd__o21bai_2_B1_N/Y (sky130_fd_sc_hd__o21bai_2)
                                                         filter.y_out[6]_sky130_fd_sc_hd__dfrtp_2_Q_D_sky130_fd_sc_hd__xnor2_2_Y_A_sky130_fd_sc_hd__nand2_2_Y_B (net)
                      0.113669    0.000587    5.568339 v filter.y_out[6]_sky130_fd_sc_hd__dfrtp_2_Q_D_sky130_fd_sc_hd__xnor2_2_Y_B_sky130_fd_sc_hd__o311a_2_A2/A1 (sky130_fd_sc_hd__o311a_2)
     4    0.021549    0.099864    0.478454    6.046793 v filter.y_out[6]_sky130_fd_sc_hd__dfrtp_2_Q_D_sky130_fd_sc_hd__xnor2_2_Y_B_sky130_fd_sc_hd__o311a_2_A2/X (sky130_fd_sc_hd__o311a_2)
                                                         filter.y_out[6]_sky130_fd_sc_hd__dfrtp_2_Q_D_sky130_fd_sc_hd__xnor2_2_Y_B_sky130_fd_sc_hd__o311a_2_A2_X (net)
                      0.099871    0.000913    6.047707 v filter.y_out[13]_sky130_fd_sc_hd__dfrtp_2_Q_D_sky130_fd_sc_hd__xnor2_2_Y_B_sky130_fd_sc_hd__o31a_2_X/A1 (sky130_fd_sc_hd__o31a_1)
     3    0.012395    0.088142    0.358760    6.406466 v filter.y_out[13]_sky130_fd_sc_hd__dfrtp_2_Q_D_sky130_fd_sc_hd__xnor2_2_Y_B_sky130_fd_sc_hd__o31a_2_X/X (sky130_fd_sc_hd__o31a_1)
                                                         filter.y_out[13]_sky130_fd_sc_hd__dfrtp_2_Q_D_sky130_fd_sc_hd__xnor2_2_Y_B (net)
                      0.088142    0.000195    6.406661 v filter.y_out[13]_sky130_fd_sc_hd__dfrtp_2_Q_D_sky130_fd_sc_hd__xnor2_2_Y/B (sky130_fd_sc_hd__xnor2_1)
     1    0.003049    0.067183    0.137282    6.543943 v filter.y_out[13]_sky130_fd_sc_hd__dfrtp_2_Q_D_sky130_fd_sc_hd__xnor2_2_Y/Y (sky130_fd_sc_hd__xnor2_1)
                                                         filter.y_out[13]_sky130_fd_sc_hd__dfrtp_2_Q_D (net)
                      0.067183    0.000012    6.543956 v filter.y_out[13]_sky130_fd_sc_hd__dfrtp_2_Q/D (sky130_fd_sc_hd__dfrtp_1)
                                              6.543956   data arrival time

                                 30.000000   30.000000   clock clk (rise edge)
                                  0.000000   30.000000   clock source latency
     1    0.028310    0.132872    0.092459   30.092459 ^ clk (in)
                                                         clk (net)
                      0.132912    0.000000   30.092459 ^ clkbuf_0_clk/A (sky130_fd_sc_hd__clkbuf_16)
     8    0.108967    0.123112    0.223171   30.315630 ^ clkbuf_0_clk/X (sky130_fd_sc_hd__clkbuf_16)
                                                         clknet_0_clk (net)
                      0.123417    0.004874   30.320505 ^ clkbuf_3_2__f_clk/A (sky130_fd_sc_hd__clkbuf_16)
     9    0.042714    0.062286    0.172658   30.493162 ^ clkbuf_3_2__f_clk/X (sky130_fd_sc_hd__clkbuf_16)
                                                         clknet_3_2__leaf_clk (net)
                      0.062288    0.000465   30.493628 ^ filter.y_out[13]_sky130_fd_sc_hd__dfrtp_2_Q/CLK (sky130_fd_sc_hd__dfrtp_1)
                                 -0.250000   30.243628   clock uncertainty
                                  0.000000   30.243628   clock reconvergence pessimism
                                 -0.119986   30.123642   library setup time
                                             30.123642   data required time
---------------------------------------------------------------------------------------------
                                             30.123642   data required time
                                             -6.543956   data arrival time
---------------------------------------------------------------------------------------------
                                             23.579685   slack (MET)


Startpoint: filter.y_out[10]_sky130_fd_sc_hd__dfrtp_2_Q
            (rising edge-triggered flip-flop clocked by clk)
Endpoint: filter.y_out[12]_sky130_fd_sc_hd__dfrtp_2_Q
          (rising edge-triggered flip-flop clocked by clk)
Path Group: clk
Path Type: max

Fanout         Cap        Slew       Delay        Time   Description
---------------------------------------------------------------------------------------------
                                  0.000000    0.000000   clock clk (rise edge)
                                  0.000000    0.000000   clock source latency
     1    0.028310    0.132872    0.092458    0.092458 ^ clk (in)
                                                         clk (net)
                      0.132912    0.000000    0.092458 ^ clkbuf_0_clk/A (sky130_fd_sc_hd__clkbuf_16)
     8    0.108967    0.123112    0.223171    0.315629 ^ clkbuf_0_clk/X (sky130_fd_sc_hd__clkbuf_16)
                                                         clknet_0_clk (net)
                      0.123380    0.004579    0.320208 ^ clkbuf_3_3__f_clk/A (sky130_fd_sc_hd__clkbuf_16)
     6    0.036229    0.056559    0.167876    0.488085 ^ clkbuf_3_3__f_clk/X (sky130_fd_sc_hd__clkbuf_16)
                                                         clknet_3_3__leaf_clk (net)
                      0.056559    0.000155    0.488240 ^ filter.y_out[10]_sky130_fd_sc_hd__dfrtp_2_Q/CLK (sky130_fd_sc_hd__dfrtp_1)
     3    0.013643    0.086125    0.410728    0.898968 v filter.y_out[10]_sky130_fd_sc_hd__dfrtp_2_Q/Q (sky130_fd_sc_hd__dfrtp_1)
                                                         filter.y_out[10] (net)
                      0.086125    0.000130    0.899098 v fanout24/A (sky130_fd_sc_hd__buf_4)
    10    0.057813    0.082333    0.211466    1.110564 v fanout24/X (sky130_fd_sc_hd__buf_4)
                                                         net24 (net)
                      0.082333    0.000408    1.110972 v filter.x_in[12]_sky130_fd_sc_hd__a21oi_2_A1_B1_sky130_fd_sc_hd__and3_2_X_B_sky130_fd_sc_hd__a22o_2_X_A1_sky130_fd_sc_hd__nand2_2_Y_A_sky130_fd_sc_hd__or2_2_X/A (sky130_fd_sc_hd__or2_2)
     7    0.021140    0.100430    0.368876    1.479848 v filter.x_in[12]_sky130_fd_sc_hd__a21oi_2_A1_B1_sky130_fd_sc_hd__and3_2_X_B_sky130_fd_sc_hd__a22o_2_X_A1_sky130_fd_sc_hd__nand2_2_Y_A_sky130_fd_sc_hd__or2_2_X/X (sky130_fd_sc_hd__or2_2)
                                                         filter.x_in[12]_sky130_fd_sc_hd__a21oi_2_A1_B1_sky130_fd_sc_hd__and3_2_X_B_sky130_fd_sc_hd__a22o_2_X_A1_sky130_fd_sc_hd__nand2_2_Y_A (net)
                      0.100430    0.000056    1.479904 v filter.x_in[10]_sky130_fd_sc_hd__or2_2_A_B_sky130_fd_sc_hd__xor2_2_X_B_sky130_fd_sc_hd__a31o_2_X_A3_sky130_fd_sc_hd__xnor2_2_Y_B_sky130_fd_sc_hd__nand2b_2_Y_B_sky130_fd_sc_hd__a21o_2_X/A1 (sky130_fd_sc_hd__a21o_1)
     2    0.004996    0.043708    0.183475    1.663378 v filter.x_in[10]_sky130_fd_sc_hd__or2_2_A_B_sky130_fd_sc_hd__xor2_2_X_B_sky130_fd_sc_hd__a31o_2_X_A3_sky130_fd_sc_hd__xnor2_2_Y_B_sky130_fd_sc_hd__nand2b_2_Y_B_sky130_fd_sc_hd__a21o_2_X/X (sky130_fd_sc_hd__a21o_1)
                                                         filter.x_in[10]_sky130_fd_sc_hd__or2_2_A_B_sky130_fd_sc_hd__xor2_2_X_B_sky130_fd_sc_hd__a31o_2_X_A3_sky130_fd_sc_hd__xnor2_2_Y_B_sky130_fd_sc_hd__nand2b_2_Y_B (net)
                      0.043708    0.000004    1.663383 v filter.x_in[9]_sky130_fd_sc_hd__xnor2_2_A_B_sky130_fd_sc_hd__xor2_2_X_A_sky130_fd_sc_hd__xnor2_2_Y_A_sky130_fd_sc_hd__a21o_2_X_B1_sky130_fd_sc_hd__a311o_2_B1/A3 (sky130_fd_sc_hd__a311o_1)
     2    0.013388    0.102748    0.401752    2.065135 v filter.x_in[9]_sky130_fd_sc_hd__xnor2_2_A_B_sky130_fd_sc_hd__xor2_2_X_A_sky130_fd_sc_hd__xnor2_2_Y_A_sky130_fd_sc_hd__a21o_2_X_B1_sky130_fd_sc_hd__a311o_2_B1/X (sky130_fd_sc_hd__a311o_1)
                                                         filter.x_in[9]_sky130_fd_sc_hd__xnor2_2_A_B_sky130_fd_sc_hd__xor2_2_X_A_sky130_fd_sc_hd__xnor2_2_Y_A_sky130_fd_sc_hd__a21o_2_X_B1_sky130_fd_sc_hd__a311o_2_B1_X (net)
                      0.102748    0.000469    2.065604 v fanout12/A (sky130_fd_sc_hd__clkbuf_4)
    10    0.041395    0.092038    0.219799    2.285403 v fanout12/X (sky130_fd_sc_hd__clkbuf_4)
                                                         net12 (net)
                      0.092039    0.000486    2.285889 v filter.x_in[3]_sky130_fd_sc_hd__a21oi_2_B1_Y_sky130_fd_sc_hd__o31a_2_A3_A1_sky130_fd_sc_hd__a21oi_2_Y_A2_sky130_fd_sc_hd__or2_2_X_B_sky130_fd_sc_hd__xor2_2_B/A (sky130_fd_sc_hd__xor2_1)
     1    0.005296    0.092157    0.184308    2.470196 v filter.x_in[3]_sky130_fd_sc_hd__a21oi_2_B1_Y_sky130_fd_sc_hd__o31a_2_A3_A1_sky130_fd_sc_hd__a21oi_2_Y_A2_sky130_fd_sc_hd__or2_2_X_B_sky130_fd_sc_hd__xor2_2_B/X (sky130_fd_sc_hd__xor2_1)
                                                         filter.x_in[3]_sky130_fd_sc_hd__a21oi_2_B1_Y_sky130_fd_sc_hd__o31a_2_A3_A1_sky130_fd_sc_hd__a21oi_2_Y_A1_sky130_fd_sc_hd__xnor2_2_A_B (net)
                      0.092157    0.000020    2.470216 v filter.x_in[3]_sky130_fd_sc_hd__a21oi_2_B1_Y_sky130_fd_sc_hd__o31a_2_A3_A1_sky130_fd_sc_hd__a21oi_2_Y_A1_sky130_fd_sc_hd__xnor2_2_A/B (sky130_fd_sc_hd__xnor2_1)
     2    0.008609    0.084242    0.170304    2.640520 v filter.x_in[3]_sky130_fd_sc_hd__a21oi_2_B1_Y_sky130_fd_sc_hd__o31a_2_A3_A1_sky130_fd_sc_hd__a21oi_2_Y_A1_sky130_fd_sc_hd__xnor2_2_A/Y (sky130_fd_sc_hd__xnor2_1)
                                                         filter.x_in[3]_sky130_fd_sc_hd__a21oi_2_B1_Y_sky130_fd_sc_hd__o31a_2_A3_A1_sky130_fd_sc_hd__a21oi_2_Y_A1_sky130_fd_sc_hd__xnor2_2_A_Y (net)
                      0.084242    0.000079    2.640599 v filter.x_in[3]_sky130_fd_sc_hd__a21oi_2_B1_Y_sky130_fd_sc_hd__o31a_2_A3_A1_sky130_fd_sc_hd__a21oi_2_Y_A1_sky130_fd_sc_hd__xnor2_2_A_Y_sky130_fd_sc_hd__o31a_2_A2/A2 (sky130_fd_sc_hd__o31a_1)
     2    0.007182    0.067319    0.310106    2.950705 v filter.x_in[3]_sky130_fd_sc_hd__a21oi_2_B1_Y_sky130_fd_sc_hd__o31a_2_A3_A1_sky130_fd_sc_hd__a21oi_2_Y_A1_sky130_fd_sc_hd__xnor2_2_A_Y_sky130_fd_sc_hd__o31a_2_A2/X (sky130_fd_sc_hd__o31a_1)
                                                         filter.x_in[2]_sky130_fd_sc_hd__inv_2_A_Y_sky130_fd_sc_hd__o2bb2ai_2_B2_Y_sky130_fd_sc_hd__xor2_2_A_X_sky130_fd_sc_hd__xnor2_2_A_B_sky130_fd_sc_hd__xnor2_2_Y_B (net)
                      0.067319    0.000044    2.950749 v filter.x_in[2]_sky130_fd_sc_hd__inv_2_A_Y_sky130_fd_sc_hd__o2bb2ai_2_B2_Y_sky130_fd_sc_hd__xor2_2_A_X_sky130_fd_sc_hd__xnor2_2_A_B_sky130_fd_sc_hd__xnor2_2_Y/B (sky130_fd_sc_hd__xnor2_1)
     2    0.008651    0.237141    0.223508    3.174258 ^ filter.x_in[2]_sky130_fd_sc_hd__inv_2_A_Y_sky130_fd_sc_hd__o2bb2ai_2_B2_Y_sky130_fd_sc_hd__xor2_2_A_X_sky130_fd_sc_hd__xnor2_2_A_B_sky130_fd_sc_hd__xnor2_2_Y/Y (sky130_fd_sc_hd__xnor2_1)
                                                         filter.x_in[2]_sky130_fd_sc_hd__inv_2_A_Y_sky130_fd_sc_hd__o2bb2ai_2_B2_Y_sky130_fd_sc_hd__xor2_2_A_X_sky130_fd_sc_hd__xnor2_2_A_B (net)
                      0.237141    0.000040    3.174297 ^ filter.x_in[2]_sky130_fd_sc_hd__inv_2_A_Y_sky130_fd_sc_hd__o2bb2ai_2_B2_Y_sky130_fd_sc_hd__xor2_2_A_X_sky130_fd_sc_hd__xnor2_2_A/B (sky130_fd_sc_hd__xnor2_1)
     3    0.010872    0.273657    0.209975    3.384273 ^ filter.x_in[2]_sky130_fd_sc_hd__inv_2_A_Y_sky130_fd_sc_hd__o2bb2ai_2_B2_Y_sky130_fd_sc_hd__xor2_2_A_X_sky130_fd_sc_hd__xnor2_2_A/Y (sky130_fd_sc_hd__xnor2_1)
                                                         filter.x_in[2]_sky130_fd_sc_hd__inv_2_A_Y_sky130_fd_sc_hd__o2bb2ai_2_B2_Y_sky130_fd_sc_hd__xor2_2_A_X_sky130_fd_sc_hd__xnor2_2_A_Y (net)
                      0.273657    0.000148    3.384421 ^ filter.x_in[2]_sky130_fd_sc_hd__inv_2_A_Y_sky130_fd_sc_hd__o2bb2ai_2_B2_Y_sky130_fd_sc_hd__xor2_2_A_X_sky130_fd_sc_hd__xnor2_2_A_Y_sky130_fd_sc_hd__and3_2_C/C (sky130_fd_sc_hd__and3_1)
     2    0.004496    0.068302    0.207115    3.591536 ^ filter.x_in[2]_sky130_fd_sc_hd__inv_2_A_Y_sky130_fd_sc_hd__o2bb2ai_2_B2_Y_sky130_fd_sc_hd__xor2_2_A_X_sky130_fd_sc_hd__xnor2_2_A_Y_sky130_fd_sc_hd__and3_2_C/X (sky130_fd_sc_hd__and3_1)
                                                         filter.x_in[2]_sky130_fd_sc_hd__inv_2_A_Y_sky130_fd_sc_hd__o2bb2ai_2_B2_Y_sky130_fd_sc_hd__xor2_2_A_X_sky130_fd_sc_hd__xnor2_2_A_Y_sky130_fd_sc_hd__and3_2_C_X (net)
                      0.068302    0.000010    3.591546 ^ filter.x_in[2]_sky130_fd_sc_hd__inv_2_A_Y_sky130_fd_sc_hd__o2bb2ai_2_B2_Y_sky130_fd_sc_hd__xor2_2_A_X_sky130_fd_sc_hd__xnor2_2_A_Y_sky130_fd_sc_hd__and3_2_C_X_sky130_fd_sc_hd__nor2_2_B/B (sky130_fd_sc_hd__nor2_1)
     1    0.005327    0.050540    0.051980    3.643526 v filter.x_in[2]_sky130_fd_sc_hd__inv_2_A_Y_sky130_fd_sc_hd__o2bb2ai_2_B2_Y_sky130_fd_sc_hd__xor2_2_A_X_sky130_fd_sc_hd__xnor2_2_A_Y_sky130_fd_sc_hd__and3_2_C_X_sky130_fd_sc_hd__nor2_2_B/Y (sky130_fd_sc_hd__nor2_1)
                                                         filter.x_in[2]_sky130_fd_sc_hd__inv_2_A_Y_sky130_fd_sc_hd__xnor2_2_A_Y_sky130_fd_sc_hd__and2b_2_A_N_X_sky130_fd_sc_hd__a41oi_2_B1_Y_sky130_fd_sc_hd__xnor2_2_A_B (net)
                      0.050540    0.000020    3.643546 v filter.x_in[2]_sky130_fd_sc_hd__inv_2_A_Y_sky130_fd_sc_hd__xnor2_2_A_Y_sky130_fd_sc_hd__and2b_2_A_N_X_sky130_fd_sc_hd__a41oi_2_B1_Y_sky130_fd_sc_hd__xnor2_2_A/B (sky130_fd_sc_hd__xnor2_1)
     2    0.007306    0.209962    0.196705    3.840251 ^ filter.x_in[2]_sky130_fd_sc_hd__inv_2_A_Y_sky130_fd_sc_hd__xnor2_2_A_Y_sky130_fd_sc_hd__and2b_2_A_N_X_sky130_fd_sc_hd__a41oi_2_B1_Y_sky130_fd_sc_hd__xnor2_2_A/Y (sky130_fd_sc_hd__xnor2_1)
                                                         filter.x_in[2]_sky130_fd_sc_hd__inv_2_A_Y_sky130_fd_sc_hd__xnor2_2_A_Y_sky130_fd_sc_hd__and2b_2_A_N_X_sky130_fd_sc_hd__a41oi_2_B1_Y_sky130_fd_sc_hd__xnor2_2_A_Y (net)
                      0.209962    0.000019    3.840271 ^ filter.x_in[0]_sky130_fd_sc_hd__o21ai_2_A1_Y_sky130_fd_sc_hd__and2b_2_A_N_X_sky130_fd_sc_hd__o21ai_2_A2_Y_sky130_fd_sc_hd__xnor2_2_A_B_sky130_fd_sc_hd__xnor2_2_Y/A (sky130_fd_sc_hd__xnor2_1)
     2    0.007769    0.091728    0.135183    3.975453 v filter.x_in[0]_sky130_fd_sc_hd__o21ai_2_A1_Y_sky130_fd_sc_hd__and2b_2_A_N_X_sky130_fd_sc_hd__o21ai_2_A2_Y_sky130_fd_sc_hd__xnor2_2_A_B_sky130_fd_sc_hd__xnor2_2_Y/Y (sky130_fd_sc_hd__xnor2_1)
                                                         filter.x_in[0]_sky130_fd_sc_hd__o21ai_2_A1_Y_sky130_fd_sc_hd__and2b_2_A_N_X_sky130_fd_sc_hd__o21ai_2_A2_Y_sky130_fd_sc_hd__xnor2_2_A_B (net)
                      0.091728    0.000020    3.975472 v filter.x_in[0]_sky130_fd_sc_hd__o21ai_2_A1_Y_sky130_fd_sc_hd__and2b_2_A_N_X_sky130_fd_sc_hd__o21ai_2_A2_Y_sky130_fd_sc_hd__xnor2_2_A/B (sky130_fd_sc_hd__xnor2_1)
     3    0.010771    0.280089    0.265126    4.240598 ^ filter.x_in[0]_sky130_fd_sc_hd__o21ai_2_A1_Y_sky130_fd_sc_hd__and2b_2_A_N_X_sky130_fd_sc_hd__o21ai_2_A2_Y_sky130_fd_sc_hd__xnor2_2_A/Y (sky130_fd_sc_hd__xnor2_1)
                                                         filter.y_out[2]_sky130_fd_sc_hd__dfrtp_2_Q_D_sky130_fd_sc_hd__xor2_2_X_A_sky130_fd_sc_hd__xor2_2_X_A_sky130_fd_sc_hd__nand2_2_Y_B (net)
                      0.280089    0.000083    4.240681 ^ filter.y_out[2]_sky130_fd_sc_hd__dfrtp_2_Q_D_sky130_fd_sc_hd__xor2_2_X_B_sky130_fd_sc_hd__a21bo_2_X_B1_N_sky130_fd_sc_hd__or4b_2_X/D_N (sky130_fd_sc_hd__or4b_1)
     2    0.005959    0.102032    0.493398    4.734079 v filter.y_out[2]_sky130_fd_sc_hd__dfrtp_2_Q_D_sky130_fd_sc_hd__xor2_2_X_B_sky130_fd_sc_hd__a21bo_2_X_B1_N_sky130_fd_sc_hd__or4b_2_X/X (sky130_fd_sc_hd__or4b_1)
                                                         filter.y_out[2]_sky130_fd_sc_hd__dfrtp_2_Q_D_sky130_fd_sc_hd__xor2_2_X_B_sky130_fd_sc_hd__a21bo_2_X_B1_N (net)
                      0.102032    0.000055    4.734134 v filter.y_out[2]_sky130_fd_sc_hd__dfrtp_2_Q_D_sky130_fd_sc_hd__xor2_2_X_A_sky130_fd_sc_hd__xor2_2_X_A_sky130_fd_sc_hd__a21oi_2_A1/A2 (sky130_fd_sc_hd__a21oi_1)
     1    0.003092    0.112462    0.162044    4.896178 ^ filter.y_out[2]_sky130_fd_sc_hd__dfrtp_2_Q_D_sky130_fd_sc_hd__xor2_2_X_A_sky130_fd_sc_hd__xor2_2_X_A_sky130_fd_sc_hd__a21oi_2_A1/Y (sky130_fd_sc_hd__a21oi_1)
                                                         filter.y_out[2]_sky130_fd_sc_hd__dfrtp_2_Q_D_sky130_fd_sc_hd__xor2_2_X_A_sky130_fd_sc_hd__a31o_2_A3_B1 (net)
                      0.112462    0.000008    4.896186 ^ filter.y_out[2]_sky130_fd_sc_hd__dfrtp_2_Q_D_sky130_fd_sc_hd__xor2_2_X_A_sky130_fd_sc_hd__a31o_2_A3/B1 (sky130_fd_sc_hd__a31o_1)
     3    0.012160    0.126544    0.171066    5.067252 ^ filter.y_out[2]_sky130_fd_sc_hd__dfrtp_2_Q_D_sky130_fd_sc_hd__xor2_2_X_A_sky130_fd_sc_hd__a31o_2_A3/X (sky130_fd_sc_hd__a31o_1)
                                                         filter.y_out[3]_sky130_fd_sc_hd__dfrtp_2_Q_D_sky130_fd_sc_hd__nor2_2_Y_A_sky130_fd_sc_hd__and2b_2_X_B (net)
                      0.126544    0.000259    5.067512 ^ filter.y_out[5]_sky130_fd_sc_hd__dfrtp_2_Q_D_sky130_fd_sc_hd__xor2_2_X_A_sky130_fd_sc_hd__nor2_2_Y_A_sky130_fd_sc_hd__nor3b_2_Y/C_N (sky130_fd_sc_hd__nor3b_1)
     2    0.009242    0.343685    0.330398    5.397910 ^ filter.y_out[5]_sky130_fd_sc_hd__dfrtp_2_Q_D_sky130_fd_sc_hd__xor2_2_X_A_sky130_fd_sc_hd__nor2_2_Y_A_sky130_fd_sc_hd__nor3b_2_Y/Y (sky130_fd_sc_hd__nor3b_1)
                                                         filter.y_out[5]_sky130_fd_sc_hd__dfrtp_2_Q_D_sky130_fd_sc_hd__xor2_2_X_A_sky130_fd_sc_hd__nor2_2_Y_A (net)
                      0.343685    0.000109    5.398019 ^ filter.y_out[5]_sky130_fd_sc_hd__dfrtp_2_Q_D_sky130_fd_sc_hd__xor2_2_X_B_sky130_fd_sc_hd__o21bai_2_B1_N/A1 (sky130_fd_sc_hd__o21bai_2)
     3    0.016567    0.113668    0.169734    5.567753 v filter.y_out[5]_sky130_fd_sc_hd__dfrtp_2_Q_D_sky130_fd_sc_hd__xor2_2_X_B_sky130_fd_sc_hd__o21bai_2_B1_N/Y (sky130_fd_sc_hd__o21bai_2)
                                                         filter.y_out[6]_sky130_fd_sc_hd__dfrtp_2_Q_D_sky130_fd_sc_hd__xnor2_2_Y_A_sky130_fd_sc_hd__nand2_2_Y_B (net)
                      0.113669    0.000587    5.568339 v filter.y_out[6]_sky130_fd_sc_hd__dfrtp_2_Q_D_sky130_fd_sc_hd__xnor2_2_Y_B_sky130_fd_sc_hd__o311a_2_A2/A1 (sky130_fd_sc_hd__o311a_2)
     4    0.021549    0.099864    0.478454    6.046793 v filter.y_out[6]_sky130_fd_sc_hd__dfrtp_2_Q_D_sky130_fd_sc_hd__xnor2_2_Y_B_sky130_fd_sc_hd__o311a_2_A2/X (sky130_fd_sc_hd__o311a_2)
                                                         filter.y_out[6]_sky130_fd_sc_hd__dfrtp_2_Q_D_sky130_fd_sc_hd__xnor2_2_Y_B_sky130_fd_sc_hd__o311a_2_A2_X (net)
                      0.099871    0.000912    6.047705 v filter.y_out[11]_sky130_fd_sc_hd__dfrtp_2_Q_D_sky130_fd_sc_hd__xnor2_2_Y_B_sky130_fd_sc_hd__o21ai_2_Y/A1 (sky130_fd_sc_hd__o21ai_1)
     2    0.009819    0.217750    0.236126    6.283831 ^ filter.y_out[11]_sky130_fd_sc_hd__dfrtp_2_Q_D_sky130_fd_sc_hd__xnor2_2_Y_B_sky130_fd_sc_hd__o21ai_2_Y/Y (sky130_fd_sc_hd__o21ai_1)
                                                         filter.y_out[11]_sky130_fd_sc_hd__dfrtp_2_Q_D_sky130_fd_sc_hd__xnor2_2_Y_B (net)
                      0.217750    0.000097    6.283928 ^ filter.y_out[12]_sky130_fd_sc_hd__dfrtp_2_Q_D_sky130_fd_sc_hd__xnor2_2_Y_B_sky130_fd_sc_hd__a21o_2_X/A2 (sky130_fd_sc_hd__a21o_1)
     1    0.004875    0.056734    0.160189    6.444117 ^ filter.y_out[12]_sky130_fd_sc_hd__dfrtp_2_Q_D_sky130_fd_sc_hd__xnor2_2_Y_B_sky130_fd_sc_hd__a21o_2_X/X (sky130_fd_sc_hd__a21o_1)
                                                         filter.y_out[12]_sky130_fd_sc_hd__dfrtp_2_Q_D_sky130_fd_sc_hd__xnor2_2_Y_B (net)
                      0.056734    0.000007    6.444124 ^ filter.y_out[12]_sky130_fd_sc_hd__dfrtp_2_Q_D_sky130_fd_sc_hd__xnor2_2_Y/B (sky130_fd_sc_hd__xnor2_1)
     1    0.002710    0.116488    0.106945    6.551069 ^ filter.y_out[12]_sky130_fd_sc_hd__dfrtp_2_Q_D_sky130_fd_sc_hd__xnor2_2_Y/Y (sky130_fd_sc_hd__xnor2_1)
                                                         filter.y_out[12]_sky130_fd_sc_hd__dfrtp_2_Q_D (net)
                      0.116488    0.000008    6.551077 ^ filter.y_out[12]_sky130_fd_sc_hd__dfrtp_2_Q/D (sky130_fd_sc_hd__dfrtp_4)
                                              6.551077   data arrival time

                                 30.000000   30.000000   clock clk (rise edge)
                                  0.000000   30.000000   clock source latency
     1    0.028310    0.132872    0.092459   30.092459 ^ clk (in)
                                                         clk (net)
                      0.132912    0.000000   30.092459 ^ clkbuf_0_clk/A (sky130_fd_sc_hd__clkbuf_16)
     8    0.108967    0.123112    0.223171   30.315630 ^ clkbuf_0_clk/X (sky130_fd_sc_hd__clkbuf_16)
                                                         clknet_0_clk (net)
                      0.123417    0.004874   30.320505 ^ clkbuf_3_2__f_clk/A (sky130_fd_sc_hd__clkbuf_16)
     9    0.042714    0.062286    0.172658   30.493162 ^ clkbuf_3_2__f_clk/X (sky130_fd_sc_hd__clkbuf_16)
                                                         clknet_3_2__leaf_clk (net)
                      0.062290    0.000536   30.493700 ^ filter.y_out[12]_sky130_fd_sc_hd__dfrtp_2_Q/CLK (sky130_fd_sc_hd__dfrtp_4)
                                 -0.250000   30.243698   clock uncertainty
                                  0.000000   30.243698   clock reconvergence pessimism
                                 -0.077498   30.166199   library setup time
                                             30.166199   data required time
---------------------------------------------------------------------------------------------
                                             30.166199   data required time
                                             -6.551077   data arrival time
---------------------------------------------------------------------------------------------
                                             23.615124   slack (MET)


Startpoint: reset (input port clocked by clk)
Endpoint: filter.y_out[9]_sky130_fd_sc_hd__dfrtp_2_Q
          (recovery check against rising-edge clock clk)
Path Group: asynchronous
Path Type: max

Fanout         Cap        Slew       Delay        Time   Description
---------------------------------------------------------------------------------------------
                                  0.000000    0.000000   clock clk (rise edge)
                                  0.000000    0.000000   clock network delay (propagated)
                                  6.000000    6.000000 v input external delay
     1    0.002519    0.007983    0.003938    6.003938 v reset (in)
                                                         reset (net)
                      0.007983    0.000000    6.003938 v input1/A (sky130_fd_sc_hd__clkbuf_1)
     1    0.002900    0.026986    0.072522    6.076460 v input1/X (sky130_fd_sc_hd__clkbuf_1)
                                                         net1 (net)
                      0.026986    0.000010    6.076470 v fanout35/A (sky130_fd_sc_hd__clkbuf_4)
     5    0.041249    0.092196    0.185337    6.261807 v fanout35/X (sky130_fd_sc_hd__clkbuf_4)
                                                         net35 (net)
                      0.092197    0.000449    6.262256 v fanout28/A (sky130_fd_sc_hd__clkbuf_4)
     5    0.042927    0.095025    0.215986    6.478242 v fanout28/X (sky130_fd_sc_hd__clkbuf_4)
                                                         net28 (net)
                      0.095025    0.000006    6.478248 v fanout27/A (sky130_fd_sc_hd__clkbuf_4)
     6    0.038166    0.086402    0.211131    6.689380 v fanout27/X (sky130_fd_sc_hd__clkbuf_4)
                                                         net27 (net)
                      0.086412    0.000967    6.690346 v filter.y_out[9]_sky130_fd_sc_hd__dfrtp_2_Q_RESET_B_sky130_fd_sc_hd__inv_2_Y/A (sky130_fd_sc_hd__inv_2)
     1    0.003795    0.035211    0.058972    6.749319 ^ filter.y_out[9]_sky130_fd_sc_hd__dfrtp_2_Q_RESET_B_sky130_fd_sc_hd__inv_2_Y/Y (sky130_fd_sc_hd__inv_2)
                                                         filter.y_out[9]_sky130_fd_sc_hd__dfrtp_2_Q_RESET_B (net)
                      0.035211    0.000004    6.749323 ^ filter.y_out[9]_sky130_fd_sc_hd__dfrtp_2_Q/RESET_B (sky130_fd_sc_hd__dfrtp_2)
                                              6.749323   data arrival time

                                 30.000000   30.000000   clock clk (rise edge)
                                  0.000000   30.000000   clock source latency
     1    0.028310    0.132872    0.092459   30.092459 ^ clk (in)
                                                         clk (net)
                      0.132912    0.000000   30.092459 ^ clkbuf_0_clk/A (sky130_fd_sc_hd__clkbuf_16)
     8    0.108967    0.123112    0.223171   30.315630 ^ clkbuf_0_clk/X (sky130_fd_sc_hd__clkbuf_16)
                                                         clknet_0_clk (net)
                      0.123380    0.004579   30.320210 ^ clkbuf_3_3__f_clk/A (sky130_fd_sc_hd__clkbuf_16)
     6    0.036229    0.056559    0.167876   30.488087 ^ clkbuf_3_3__f_clk/X (sky130_fd_sc_hd__clkbuf_16)
                                                         clknet_3_3__leaf_clk (net)
                      0.056560    0.000220   30.488306 ^ filter.y_out[9]_sky130_fd_sc_hd__dfrtp_2_Q/CLK (sky130_fd_sc_hd__dfrtp_2)
                                 -0.250000   30.238306   clock uncertainty
                                  0.000000   30.238306   clock reconvergence pessimism
                                  0.225648   30.463953   library recovery time
                                             30.463953   data required time
---------------------------------------------------------------------------------------------
                                             30.463953   data required time
                                             -6.749323   data arrival time
---------------------------------------------------------------------------------------------
                                             23.714628   slack (MET)


Startpoint: filter.y_out[10]_sky130_fd_sc_hd__dfrtp_2_Q
            (rising edge-triggered flip-flop clocked by clk)
Endpoint: filter.y_out[10]_sky130_fd_sc_hd__dfrtp_2_Q
          (rising edge-triggered flip-flop clocked by clk)
Path Group: clk
Path Type: max

Fanout         Cap        Slew       Delay        Time   Description
---------------------------------------------------------------------------------------------
                                  0.000000    0.000000   clock clk (rise edge)
                                  0.000000    0.000000   clock source latency
     1    0.028310    0.132872    0.092458    0.092458 ^ clk (in)
                                                         clk (net)
                      0.132912    0.000000    0.092458 ^ clkbuf_0_clk/A (sky130_fd_sc_hd__clkbuf_16)
     8    0.108967    0.123112    0.223171    0.315629 ^ clkbuf_0_clk/X (sky130_fd_sc_hd__clkbuf_16)
                                                         clknet_0_clk (net)
                      0.123380    0.004579    0.320208 ^ clkbuf_3_3__f_clk/A (sky130_fd_sc_hd__clkbuf_16)
     6    0.036229    0.056559    0.167876    0.488085 ^ clkbuf_3_3__f_clk/X (sky130_fd_sc_hd__clkbuf_16)
                                                         clknet_3_3__leaf_clk (net)
                      0.056559    0.000155    0.488240 ^ filter.y_out[10]_sky130_fd_sc_hd__dfrtp_2_Q/CLK (sky130_fd_sc_hd__dfrtp_1)
     3    0.013643    0.086125    0.410728    0.898968 v filter.y_out[10]_sky130_fd_sc_hd__dfrtp_2_Q/Q (sky130_fd_sc_hd__dfrtp_1)
                                                         filter.y_out[10] (net)
                      0.086125    0.000130    0.899098 v fanout24/A (sky130_fd_sc_hd__buf_4)
    10    0.057813    0.082333    0.211466    1.110564 v fanout24/X (sky130_fd_sc_hd__buf_4)
                                                         net24 (net)
                      0.082333    0.000408    1.110972 v filter.x_in[12]_sky130_fd_sc_hd__a21oi_2_A1_B1_sky130_fd_sc_hd__and3_2_X_B_sky130_fd_sc_hd__a22o_2_X_A1_sky130_fd_sc_hd__nand2_2_Y_A_sky130_fd_sc_hd__or2_2_X/A (sky130_fd_sc_hd__or2_2)
     7    0.021140    0.100430    0.368876    1.479848 v filter.x_in[12]_sky130_fd_sc_hd__a21oi_2_A1_B1_sky130_fd_sc_hd__and3_2_X_B_sky130_fd_sc_hd__a22o_2_X_A1_sky130_fd_sc_hd__nand2_2_Y_A_sky130_fd_sc_hd__or2_2_X/X (sky130_fd_sc_hd__or2_2)
                                                         filter.x_in[12]_sky130_fd_sc_hd__a21oi_2_A1_B1_sky130_fd_sc_hd__and3_2_X_B_sky130_fd_sc_hd__a22o_2_X_A1_sky130_fd_sc_hd__nand2_2_Y_A (net)
                      0.100430    0.000056    1.479904 v filter.x_in[10]_sky130_fd_sc_hd__or2_2_A_B_sky130_fd_sc_hd__xor2_2_X_B_sky130_fd_sc_hd__a31o_2_X_A3_sky130_fd_sc_hd__xnor2_2_Y_B_sky130_fd_sc_hd__nand2b_2_Y_B_sky130_fd_sc_hd__a21o_2_X/A1 (sky130_fd_sc_hd__a21o_1)
     2    0.004996    0.043708    0.183475    1.663378 v filter.x_in[10]_sky130_fd_sc_hd__or2_2_A_B_sky130_fd_sc_hd__xor2_2_X_B_sky130_fd_sc_hd__a31o_2_X_A3_sky130_fd_sc_hd__xnor2_2_Y_B_sky130_fd_sc_hd__nand2b_2_Y_B_sky130_fd_sc_hd__a21o_2_X/X (sky130_fd_sc_hd__a21o_1)
                                                         filter.x_in[10]_sky130_fd_sc_hd__or2_2_A_B_sky130_fd_sc_hd__xor2_2_X_B_sky130_fd_sc_hd__a31o_2_X_A3_sky130_fd_sc_hd__xnor2_2_Y_B_sky130_fd_sc_hd__nand2b_2_Y_B (net)
                      0.043708    0.000004    1.663383 v filter.x_in[9]_sky130_fd_sc_hd__xnor2_2_A_B_sky130_fd_sc_hd__xor2_2_X_A_sky130_fd_sc_hd__xnor2_2_Y_A_sky130_fd_sc_hd__a21o_2_X_B1_sky130_fd_sc_hd__a311o_2_B1/A3 (sky130_fd_sc_hd__a311o_1)
     2    0.013388    0.102748    0.401752    2.065135 v filter.x_in[9]_sky130_fd_sc_hd__xnor2_2_A_B_sky130_fd_sc_hd__xor2_2_X_A_sky130_fd_sc_hd__xnor2_2_Y_A_sky130_fd_sc_hd__a21o_2_X_B1_sky130_fd_sc_hd__a311o_2_B1/X (sky130_fd_sc_hd__a311o_1)
                                                         filter.x_in[9]_sky130_fd_sc_hd__xnor2_2_A_B_sky130_fd_sc_hd__xor2_2_X_A_sky130_fd_sc_hd__xnor2_2_Y_A_sky130_fd_sc_hd__a21o_2_X_B1_sky130_fd_sc_hd__a311o_2_B1_X (net)
                      0.102748    0.000469    2.065604 v fanout12/A (sky130_fd_sc_hd__clkbuf_4)
    10    0.041395    0.092038    0.219799    2.285403 v fanout12/X (sky130_fd_sc_hd__clkbuf_4)
                                                         net12 (net)
                      0.092039    0.000486    2.285889 v filter.x_in[3]_sky130_fd_sc_hd__a21oi_2_B1_Y_sky130_fd_sc_hd__o31a_2_A3_A1_sky130_fd_sc_hd__a21oi_2_Y_A2_sky130_fd_sc_hd__or2_2_X_B_sky130_fd_sc_hd__xor2_2_B/A (sky130_fd_sc_hd__xor2_1)
     1    0.005296    0.092157    0.184308    2.470196 v filter.x_in[3]_sky130_fd_sc_hd__a21oi_2_B1_Y_sky130_fd_sc_hd__o31a_2_A3_A1_sky130_fd_sc_hd__a21oi_2_Y_A2_sky130_fd_sc_hd__or2_2_X_B_sky130_fd_sc_hd__xor2_2_B/X (sky130_fd_sc_hd__xor2_1)
                                                         filter.x_in[3]_sky130_fd_sc_hd__a21oi_2_B1_Y_sky130_fd_sc_hd__o31a_2_A3_A1_sky130_fd_sc_hd__a21oi_2_Y_A1_sky130_fd_sc_hd__xnor2_2_A_B (net)
                      0.092157    0.000020    2.470216 v filter.x_in[3]_sky130_fd_sc_hd__a21oi_2_B1_Y_sky130_fd_sc_hd__o31a_2_A3_A1_sky130_fd_sc_hd__a21oi_2_Y_A1_sky130_fd_sc_hd__xnor2_2_A/B (sky130_fd_sc_hd__xnor2_1)
     2    0.008609    0.084242    0.170304    2.640520 v filter.x_in[3]_sky130_fd_sc_hd__a21oi_2_B1_Y_sky130_fd_sc_hd__o31a_2_A3_A1_sky130_fd_sc_hd__a21oi_2_Y_A1_sky130_fd_sc_hd__xnor2_2_A/Y (sky130_fd_sc_hd__xnor2_1)
                                                         filter.x_in[3]_sky130_fd_sc_hd__a21oi_2_B1_Y_sky130_fd_sc_hd__o31a_2_A3_A1_sky130_fd_sc_hd__a21oi_2_Y_A1_sky130_fd_sc_hd__xnor2_2_A_Y (net)
                      0.084242    0.000079    2.640599 v filter.x_in[3]_sky130_fd_sc_hd__a21oi_2_B1_Y_sky130_fd_sc_hd__o31a_2_A3_A1_sky130_fd_sc_hd__a21oi_2_Y_A1_sky130_fd_sc_hd__xnor2_2_A_Y_sky130_fd_sc_hd__o31a_2_A2/A2 (sky130_fd_sc_hd__o31a_1)
     2    0.007182    0.067319    0.310106    2.950705 v filter.x_in[3]_sky130_fd_sc_hd__a21oi_2_B1_Y_sky130_fd_sc_hd__o31a_2_A3_A1_sky130_fd_sc_hd__a21oi_2_Y_A1_sky130_fd_sc_hd__xnor2_2_A_Y_sky130_fd_sc_hd__o31a_2_A2/X (sky130_fd_sc_hd__o31a_1)
                                                         filter.x_in[2]_sky130_fd_sc_hd__inv_2_A_Y_sky130_fd_sc_hd__o2bb2ai_2_B2_Y_sky130_fd_sc_hd__xor2_2_A_X_sky130_fd_sc_hd__xnor2_2_A_B_sky130_fd_sc_hd__xnor2_2_Y_B (net)
                      0.067319    0.000044    2.950749 v filter.x_in[2]_sky130_fd_sc_hd__inv_2_A_Y_sky130_fd_sc_hd__o2bb2ai_2_B2_Y_sky130_fd_sc_hd__xor2_2_A_X_sky130_fd_sc_hd__xnor2_2_A_B_sky130_fd_sc_hd__xnor2_2_Y/B (sky130_fd_sc_hd__xnor2_1)
     2    0.008651    0.237141    0.223508    3.174258 ^ filter.x_in[2]_sky130_fd_sc_hd__inv_2_A_Y_sky130_fd_sc_hd__o2bb2ai_2_B2_Y_sky130_fd_sc_hd__xor2_2_A_X_sky130_fd_sc_hd__xnor2_2_A_B_sky130_fd_sc_hd__xnor2_2_Y/Y (sky130_fd_sc_hd__xnor2_1)
                                                         filter.x_in[2]_sky130_fd_sc_hd__inv_2_A_Y_sky130_fd_sc_hd__o2bb2ai_2_B2_Y_sky130_fd_sc_hd__xor2_2_A_X_sky130_fd_sc_hd__xnor2_2_A_B (net)
                      0.237141    0.000040    3.174297 ^ filter.x_in[2]_sky130_fd_sc_hd__inv_2_A_Y_sky130_fd_sc_hd__o2bb2ai_2_B2_Y_sky130_fd_sc_hd__xor2_2_A_X_sky130_fd_sc_hd__xnor2_2_A/B (sky130_fd_sc_hd__xnor2_1)
     3    0.010872    0.273657    0.209975    3.384273 ^ filter.x_in[2]_sky130_fd_sc_hd__inv_2_A_Y_sky130_fd_sc_hd__o2bb2ai_2_B2_Y_sky130_fd_sc_hd__xor2_2_A_X_sky130_fd_sc_hd__xnor2_2_A/Y (sky130_fd_sc_hd__xnor2_1)
                                                         filter.x_in[2]_sky130_fd_sc_hd__inv_2_A_Y_sky130_fd_sc_hd__o2bb2ai_2_B2_Y_sky130_fd_sc_hd__xor2_2_A_X_sky130_fd_sc_hd__xnor2_2_A_Y (net)
                      0.273657    0.000148    3.384421 ^ filter.x_in[2]_sky130_fd_sc_hd__inv_2_A_Y_sky130_fd_sc_hd__o2bb2ai_2_B2_Y_sky130_fd_sc_hd__xor2_2_A_X_sky130_fd_sc_hd__xnor2_2_A_Y_sky130_fd_sc_hd__and3_2_C/C (sky130_fd_sc_hd__and3_1)
     2    0.004496    0.068302    0.207115    3.591536 ^ filter.x_in[2]_sky130_fd_sc_hd__inv_2_A_Y_sky130_fd_sc_hd__o2bb2ai_2_B2_Y_sky130_fd_sc_hd__xor2_2_A_X_sky130_fd_sc_hd__xnor2_2_A_Y_sky130_fd_sc_hd__and3_2_C/X (sky130_fd_sc_hd__and3_1)
                                                         filter.x_in[2]_sky130_fd_sc_hd__inv_2_A_Y_sky130_fd_sc_hd__o2bb2ai_2_B2_Y_sky130_fd_sc_hd__xor2_2_A_X_sky130_fd_sc_hd__xnor2_2_A_Y_sky130_fd_sc_hd__and3_2_C_X (net)
                      0.068302    0.000010    3.591546 ^ filter.x_in[2]_sky130_fd_sc_hd__inv_2_A_Y_sky130_fd_sc_hd__o2bb2ai_2_B2_Y_sky130_fd_sc_hd__xor2_2_A_X_sky130_fd_sc_hd__xnor2_2_A_Y_sky130_fd_sc_hd__and3_2_C_X_sky130_fd_sc_hd__nor2_2_B/B (sky130_fd_sc_hd__nor2_1)
     1    0.005327    0.050540    0.051980    3.643526 v filter.x_in[2]_sky130_fd_sc_hd__inv_2_A_Y_sky130_fd_sc_hd__o2bb2ai_2_B2_Y_sky130_fd_sc_hd__xor2_2_A_X_sky130_fd_sc_hd__xnor2_2_A_Y_sky130_fd_sc_hd__and3_2_C_X_sky130_fd_sc_hd__nor2_2_B/Y (sky130_fd_sc_hd__nor2_1)
                                                         filter.x_in[2]_sky130_fd_sc_hd__inv_2_A_Y_sky130_fd_sc_hd__xnor2_2_A_Y_sky130_fd_sc_hd__and2b_2_A_N_X_sky130_fd_sc_hd__a41oi_2_B1_Y_sky130_fd_sc_hd__xnor2_2_A_B (net)
                      0.050540    0.000020    3.643546 v filter.x_in[2]_sky130_fd_sc_hd__inv_2_A_Y_sky130_fd_sc_hd__xnor2_2_A_Y_sky130_fd_sc_hd__and2b_2_A_N_X_sky130_fd_sc_hd__a41oi_2_B1_Y_sky130_fd_sc_hd__xnor2_2_A/B (sky130_fd_sc_hd__xnor2_1)
     2    0.007306    0.209962    0.196705    3.840251 ^ filter.x_in[2]_sky130_fd_sc_hd__inv_2_A_Y_sky130_fd_sc_hd__xnor2_2_A_Y_sky130_fd_sc_hd__and2b_2_A_N_X_sky130_fd_sc_hd__a41oi_2_B1_Y_sky130_fd_sc_hd__xnor2_2_A/Y (sky130_fd_sc_hd__xnor2_1)
                                                         filter.x_in[2]_sky130_fd_sc_hd__inv_2_A_Y_sky130_fd_sc_hd__xnor2_2_A_Y_sky130_fd_sc_hd__and2b_2_A_N_X_sky130_fd_sc_hd__a41oi_2_B1_Y_sky130_fd_sc_hd__xnor2_2_A_Y (net)
                      0.209962    0.000019    3.840271 ^ filter.x_in[0]_sky130_fd_sc_hd__o21ai_2_A1_Y_sky130_fd_sc_hd__and2b_2_A_N_X_sky130_fd_sc_hd__o21ai_2_A2_Y_sky130_fd_sc_hd__xnor2_2_A_B_sky130_fd_sc_hd__xnor2_2_Y/A (sky130_fd_sc_hd__xnor2_1)
     2    0.007769    0.091728    0.135183    3.975453 v filter.x_in[0]_sky130_fd_sc_hd__o21ai_2_A1_Y_sky130_fd_sc_hd__and2b_2_A_N_X_sky130_fd_sc_hd__o21ai_2_A2_Y_sky130_fd_sc_hd__xnor2_2_A_B_sky130_fd_sc_hd__xnor2_2_Y/Y (sky130_fd_sc_hd__xnor2_1)
                                                         filter.x_in[0]_sky130_fd_sc_hd__o21ai_2_A1_Y_sky130_fd_sc_hd__and2b_2_A_N_X_sky130_fd_sc_hd__o21ai_2_A2_Y_sky130_fd_sc_hd__xnor2_2_A_B (net)
                      0.091728    0.000020    3.975472 v filter.x_in[0]_sky130_fd_sc_hd__o21ai_2_A1_Y_sky130_fd_sc_hd__and2b_2_A_N_X_sky130_fd_sc_hd__o21ai_2_A2_Y_sky130_fd_sc_hd__xnor2_2_A/B (sky130_fd_sc_hd__xnor2_1)
     3    0.010771    0.280089    0.265126    4.240598 ^ filter.x_in[0]_sky130_fd_sc_hd__o21ai_2_A1_Y_sky130_fd_sc_hd__and2b_2_A_N_X_sky130_fd_sc_hd__o21ai_2_A2_Y_sky130_fd_sc_hd__xnor2_2_A/Y (sky130_fd_sc_hd__xnor2_1)
                                                         filter.y_out[2]_sky130_fd_sc_hd__dfrtp_2_Q_D_sky130_fd_sc_hd__xor2_2_X_A_sky130_fd_sc_hd__xor2_2_X_A_sky130_fd_sc_hd__nand2_2_Y_B (net)
                      0.280089    0.000083    4.240681 ^ filter.y_out[2]_sky130_fd_sc_hd__dfrtp_2_Q_D_sky130_fd_sc_hd__xor2_2_X_B_sky130_fd_sc_hd__a21bo_2_X_B1_N_sky130_fd_sc_hd__or4b_2_X/D_N (sky130_fd_sc_hd__or4b_1)
     2    0.005959    0.102032    0.493398    4.734079 v filter.y_out[2]_sky130_fd_sc_hd__dfrtp_2_Q_D_sky130_fd_sc_hd__xor2_2_X_B_sky130_fd_sc_hd__a21bo_2_X_B1_N_sky130_fd_sc_hd__or4b_2_X/X (sky130_fd_sc_hd__or4b_1)
                                                         filter.y_out[2]_sky130_fd_sc_hd__dfrtp_2_Q_D_sky130_fd_sc_hd__xor2_2_X_B_sky130_fd_sc_hd__a21bo_2_X_B1_N (net)
                      0.102032    0.000055    4.734134 v filter.y_out[2]_sky130_fd_sc_hd__dfrtp_2_Q_D_sky130_fd_sc_hd__xor2_2_X_A_sky130_fd_sc_hd__xor2_2_X_A_sky130_fd_sc_hd__a21oi_2_A1/A2 (sky130_fd_sc_hd__a21oi_1)
     1    0.003092    0.112462    0.162044    4.896178 ^ filter.y_out[2]_sky130_fd_sc_hd__dfrtp_2_Q_D_sky130_fd_sc_hd__xor2_2_X_A_sky130_fd_sc_hd__xor2_2_X_A_sky130_fd_sc_hd__a21oi_2_A1/Y (sky130_fd_sc_hd__a21oi_1)
                                                         filter.y_out[2]_sky130_fd_sc_hd__dfrtp_2_Q_D_sky130_fd_sc_hd__xor2_2_X_A_sky130_fd_sc_hd__a31o_2_A3_B1 (net)
                      0.112462    0.000008    4.896186 ^ filter.y_out[2]_sky130_fd_sc_hd__dfrtp_2_Q_D_sky130_fd_sc_hd__xor2_2_X_A_sky130_fd_sc_hd__a31o_2_A3/B1 (sky130_fd_sc_hd__a31o_1)
     3    0.012160    0.126544    0.171066    5.067252 ^ filter.y_out[2]_sky130_fd_sc_hd__dfrtp_2_Q_D_sky130_fd_sc_hd__xor2_2_X_A_sky130_fd_sc_hd__a31o_2_A3/X (sky130_fd_sc_hd__a31o_1)
                                                         filter.y_out[3]_sky130_fd_sc_hd__dfrtp_2_Q_D_sky130_fd_sc_hd__nor2_2_Y_A_sky130_fd_sc_hd__and2b_2_X_B (net)
                      0.126544    0.000259    5.067512 ^ filter.y_out[5]_sky130_fd_sc_hd__dfrtp_2_Q_D_sky130_fd_sc_hd__xor2_2_X_A_sky130_fd_sc_hd__nor2_2_Y_A_sky130_fd_sc_hd__nor3b_2_Y/C_N (sky130_fd_sc_hd__nor3b_1)
     2    0.009242    0.343685    0.330398    5.397910 ^ filter.y_out[5]_sky130_fd_sc_hd__dfrtp_2_Q_D_sky130_fd_sc_hd__xor2_2_X_A_sky130_fd_sc_hd__nor2_2_Y_A_sky130_fd_sc_hd__nor3b_2_Y/Y (sky130_fd_sc_hd__nor3b_1)
                                                         filter.y_out[5]_sky130_fd_sc_hd__dfrtp_2_Q_D_sky130_fd_sc_hd__xor2_2_X_A_sky130_fd_sc_hd__nor2_2_Y_A (net)
                      0.343685    0.000109    5.398019 ^ filter.y_out[5]_sky130_fd_sc_hd__dfrtp_2_Q_D_sky130_fd_sc_hd__xor2_2_X_B_sky130_fd_sc_hd__o21bai_2_B1_N/A1 (sky130_fd_sc_hd__o21bai_2)
     3    0.016567    0.113668    0.169734    5.567753 v filter.y_out[5]_sky130_fd_sc_hd__dfrtp_2_Q_D_sky130_fd_sc_hd__xor2_2_X_B_sky130_fd_sc_hd__o21bai_2_B1_N/Y (sky130_fd_sc_hd__o21bai_2)
                                                         filter.y_out[6]_sky130_fd_sc_hd__dfrtp_2_Q_D_sky130_fd_sc_hd__xnor2_2_Y_A_sky130_fd_sc_hd__nand2_2_Y_B (net)
                      0.113669    0.000587    5.568339 v filter.y_out[6]_sky130_fd_sc_hd__dfrtp_2_Q_D_sky130_fd_sc_hd__xnor2_2_Y_B_sky130_fd_sc_hd__o311a_2_A2/A1 (sky130_fd_sc_hd__o311a_2)
     4    0.021549    0.099864    0.478454    6.046793 v filter.y_out[6]_sky130_fd_sc_hd__dfrtp_2_Q_D_sky130_fd_sc_hd__xnor2_2_Y_B_sky130_fd_sc_hd__o311a_2_A2/X (sky130_fd_sc_hd__o311a_2)
                                                         filter.y_out[6]_sky130_fd_sc_hd__dfrtp_2_Q_D_sky130_fd_sc_hd__xnor2_2_Y_B_sky130_fd_sc_hd__o311a_2_A2_X (net)
                      0.099868    0.000746    6.047539 v filter.y_out[10]_sky130_fd_sc_hd__dfrtp_2_Q_D_sky130_fd_sc_hd__xor2_2_X_A_sky130_fd_sc_hd__o32a_2_X/B2 (sky130_fd_sc_hd__o32a_1)
     1    0.005992    0.066429    0.190734    6.238273 v filter.y_out[10]_sky130_fd_sc_hd__dfrtp_2_Q_D_sky130_fd_sc_hd__xor2_2_X_A_sky130_fd_sc_hd__o32a_2_X/X (sky130_fd_sc_hd__o32a_1)
                                                         filter.y_out[10]_sky130_fd_sc_hd__dfrtp_2_Q_D_sky130_fd_sc_hd__xor2_2_X_A (net)
                      0.066429    0.000060    6.238333 v filter.y_out[10]_sky130_fd_sc_hd__dfrtp_2_Q_D_sky130_fd_sc_hd__xor2_2_X/A (sky130_fd_sc_hd__xor2_1)
     1    0.002923    0.067092    0.162620    6.400953 v filter.y_out[10]_sky130_fd_sc_hd__dfrtp_2_Q_D_sky130_fd_sc_hd__xor2_2_X/X (sky130_fd_sc_hd__xor2_1)
                                                         filter.y_out[10]_sky130_fd_sc_hd__dfrtp_2_Q_D (net)
                      0.067092    0.000016    6.400969 v filter.y_out[10]_sky130_fd_sc_hd__dfrtp_2_Q/D (sky130_fd_sc_hd__dfrtp_1)
                                              6.400969   data arrival time

                                 30.000000   30.000000   clock clk (rise edge)
                                  0.000000   30.000000   clock source latency
     1    0.028310    0.132872    0.092459   30.092459 ^ clk (in)
                                                         clk (net)
                      0.132912    0.000000   30.092459 ^ clkbuf_0_clk/A (sky130_fd_sc_hd__clkbuf_16)
     8    0.108967    0.123112    0.223171   30.315630 ^ clkbuf_0_clk/X (sky130_fd_sc_hd__clkbuf_16)
                                                         clknet_0_clk (net)
                      0.123380    0.004579   30.320210 ^ clkbuf_3_3__f_clk/A (sky130_fd_sc_hd__clkbuf_16)
     6    0.036229    0.056559    0.167876   30.488087 ^ clkbuf_3_3__f_clk/X (sky130_fd_sc_hd__clkbuf_16)
                                                         clknet_3_3__leaf_clk (net)
                      0.056559    0.000153   30.488239 ^ filter.y_out[10]_sky130_fd_sc_hd__dfrtp_2_Q/CLK (sky130_fd_sc_hd__dfrtp_1)
                                 -0.250000   30.238237   clock uncertainty
                                  0.000000   30.238237   clock reconvergence pessimism
                                 -0.121261   30.116976   library setup time
                                             30.116976   data required time
---------------------------------------------------------------------------------------------
                                             30.116976   data required time
                                             -6.400969   data arrival time
---------------------------------------------------------------------------------------------
                                             23.716007   slack (MET)


Startpoint: reset (input port clocked by clk)
Endpoint: spi_in.shift_reg[6]_sky130_fd_sc_hd__dfrtp_2_Q
          (recovery check against rising-edge clock clk)
Path Group: asynchronous
Path Type: max

Fanout         Cap        Slew       Delay        Time   Description
---------------------------------------------------------------------------------------------
                                  0.000000    0.000000   clock clk (rise edge)
                                  0.000000    0.000000   clock network delay (propagated)
                                  6.000000    6.000000 v input external delay
     1    0.002519    0.007983    0.003938    6.003938 v reset (in)
                                                         reset (net)
                      0.007983    0.000000    6.003938 v input1/A (sky130_fd_sc_hd__clkbuf_1)
     1    0.002900    0.026986    0.072522    6.076460 v input1/X (sky130_fd_sc_hd__clkbuf_1)
                                                         net1 (net)
                      0.026986    0.000010    6.076470 v fanout35/A (sky130_fd_sc_hd__clkbuf_4)
     5    0.041249    0.092196    0.185337    6.261807 v fanout35/X (sky130_fd_sc_hd__clkbuf_4)
                                                         net35 (net)
                      0.092196    0.000049    6.261857 v fanout32/A (sky130_fd_sc_hd__clkbuf_4)
     8    0.044980    0.098762    0.220031    6.481887 v fanout32/X (sky130_fd_sc_hd__clkbuf_4)
                                                         net32 (net)
                      0.098762    0.000087    6.481975 v fanout31/A (sky130_fd_sc_hd__buf_4)
    10    0.060947    0.085654    0.220019    6.701994 v fanout31/X (sky130_fd_sc_hd__buf_4)
                                                         net31 (net)
                      0.085656    0.000567    6.702560 v spi_in.shift_reg[6]_sky130_fd_sc_hd__dfrtp_2_Q_RESET_B_sky130_fd_sc_hd__inv_2_Y/A (sky130_fd_sc_hd__inv_2)
     1    0.004260    0.035653    0.060909    6.763469 ^ spi_in.shift_reg[6]_sky130_fd_sc_hd__dfrtp_2_Q_RESET_B_sky130_fd_sc_hd__inv_2_Y/Y (sky130_fd_sc_hd__inv_2)
                                                         spi_in.shift_reg[6]_sky130_fd_sc_hd__dfrtp_2_Q_RESET_B (net)
                      0.035653    0.000013    6.763482 ^ spi_in.shift_reg[6]_sky130_fd_sc_hd__dfrtp_2_Q/RESET_B (sky130_fd_sc_hd__dfrtp_1)
                                              6.763482   data arrival time

                                 30.000000   30.000000   clock clk (rise edge)
                                  0.000000   30.000000   clock source latency
     1    0.028310    0.132872    0.092459   30.092459 ^ clk (in)
                                                         clk (net)
                      0.132912    0.000000   30.092459 ^ clkbuf_0_clk/A (sky130_fd_sc_hd__clkbuf_16)
     8    0.108967    0.123112    0.223171   30.315630 ^ clkbuf_0_clk/X (sky130_fd_sc_hd__clkbuf_16)
                                                         clknet_0_clk (net)
                      0.123294    0.003784   30.319414 ^ clkbuf_3_5__f_clk/A (sky130_fd_sc_hd__clkbuf_16)
    13    0.042872    0.062425    0.172722   30.492136 ^ clkbuf_3_5__f_clk/X (sky130_fd_sc_hd__clkbuf_16)
                                                         clknet_3_5__leaf_clk (net)
                      0.062425    0.000021   30.492157 ^ spi_in.shift_reg[6]_sky130_fd_sc_hd__dfrtp_2_Q/CLK (sky130_fd_sc_hd__dfrtp_1)
                                 -0.250000   30.242157   clock uncertainty
                                  0.000000   30.242157   clock reconvergence pessimism
                                  0.238088   30.480246   library recovery time
                                             30.480246   data required time
---------------------------------------------------------------------------------------------
                                             30.480246   data required time
                                             -6.763482   data arrival time
---------------------------------------------------------------------------------------------
                                             23.716763   slack (MET)


Startpoint: reset (input port clocked by clk)
Endpoint: spi_out.shift_reg[2]_sky130_fd_sc_hd__dfrtp_2_Q
          (recovery check against rising-edge clock clk)
Path Group: asynchronous
Path Type: max

Fanout         Cap        Slew       Delay        Time   Description
---------------------------------------------------------------------------------------------
                                  0.000000    0.000000   clock clk (rise edge)
                                  0.000000    0.000000   clock network delay (propagated)
                                  6.000000    6.000000 v input external delay
     1    0.002519    0.007983    0.003938    6.003938 v reset (in)
                                                         reset (net)
                      0.007983    0.000000    6.003938 v input1/A (sky130_fd_sc_hd__clkbuf_1)
     1    0.002900    0.026986    0.072522    6.076460 v input1/X (sky130_fd_sc_hd__clkbuf_1)
                                                         net1 (net)
                      0.026986    0.000010    6.076470 v fanout35/A (sky130_fd_sc_hd__clkbuf_4)
     5    0.041249    0.092196    0.185337    6.261807 v fanout35/X (sky130_fd_sc_hd__clkbuf_4)
                                                         net35 (net)
                      0.092196    0.000049    6.261857 v fanout32/A (sky130_fd_sc_hd__clkbuf_4)
     8    0.044980    0.098762    0.220031    6.481887 v fanout32/X (sky130_fd_sc_hd__clkbuf_4)
                                                         net32 (net)
                      0.098762    0.000087    6.481975 v fanout31/A (sky130_fd_sc_hd__buf_4)
    10    0.060947    0.085654    0.220019    6.701994 v fanout31/X (sky130_fd_sc_hd__buf_4)
                                                         net31 (net)
                      0.085656    0.000558    6.702551 v spi_out.shift_reg[2]_sky130_fd_sc_hd__dfrtp_2_Q_RESET_B_sky130_fd_sc_hd__inv_2_Y/A (sky130_fd_sc_hd__inv_2)
     1    0.004095    0.036112    0.060130    6.762681 ^ spi_out.shift_reg[2]_sky130_fd_sc_hd__dfrtp_2_Q_RESET_B_sky130_fd_sc_hd__inv_2_Y/Y (sky130_fd_sc_hd__inv_2)
                                                         spi_out.shift_reg[2]_sky130_fd_sc_hd__dfrtp_2_Q_RESET_B (net)
                      0.036112    0.000009    6.762691 ^ spi_out.shift_reg[2]_sky130_fd_sc_hd__dfrtp_2_Q/RESET_B (sky130_fd_sc_hd__dfrtp_1)
                                              6.762691   data arrival time

                                 30.000000   30.000000   clock clk (rise edge)
                                  0.000000   30.000000   clock source latency
     1    0.028310    0.132872    0.092459   30.092459 ^ clk (in)
                                                         clk (net)
                      0.132912    0.000000   30.092459 ^ clkbuf_0_clk/A (sky130_fd_sc_hd__clkbuf_16)
     8    0.108967    0.123112    0.223171   30.315630 ^ clkbuf_0_clk/X (sky130_fd_sc_hd__clkbuf_16)
                                                         clknet_0_clk (net)
                      0.123270    0.003535   30.319164 ^ clkbuf_3_4__f_clk/A (sky130_fd_sc_hd__clkbuf_16)
    13    0.042847    0.062408    0.172733   30.491898 ^ clkbuf_3_4__f_clk/X (sky130_fd_sc_hd__clkbuf_16)
                                                         clknet_3_4__leaf_clk (net)
                      0.062408    0.000036   30.491934 ^ spi_out.shift_reg[2]_sky130_fd_sc_hd__dfrtp_2_Q/CLK (sky130_fd_sc_hd__dfrtp_1)
                                 -0.250000   30.241932   clock uncertainty
                                  0.000000   30.241932   clock reconvergence pessimism
                                  0.237964   30.479897   library recovery time
                                             30.479897   data required time
---------------------------------------------------------------------------------------------
                                             30.479897   data required time
                                             -6.762691   data arrival time
---------------------------------------------------------------------------------------------
                                             23.717207   slack (MET)


Startpoint: reset (input port clocked by clk)
Endpoint: spi_out.bit_cnt[0]_sky130_fd_sc_hd__dfrtp_2_Q
          (recovery check against rising-edge clock clk)
Path Group: asynchronous
Path Type: max

Fanout         Cap        Slew       Delay        Time   Description
---------------------------------------------------------------------------------------------
                                  0.000000    0.000000   clock clk (rise edge)
                                  0.000000    0.000000   clock network delay (propagated)
                                  6.000000    6.000000 v input external delay
     1    0.002519    0.007983    0.003938    6.003938 v reset (in)
                                                         reset (net)
                      0.007983    0.000000    6.003938 v input1/A (sky130_fd_sc_hd__clkbuf_1)
     1    0.002900    0.026986    0.072522    6.076460 v input1/X (sky130_fd_sc_hd__clkbuf_1)
                                                         net1 (net)
                      0.026986    0.000010    6.076470 v fanout35/A (sky130_fd_sc_hd__clkbuf_4)
     5    0.041249    0.092196    0.185337    6.261807 v fanout35/X (sky130_fd_sc_hd__clkbuf_4)
                                                         net35 (net)
                      0.092196    0.000049    6.261857 v fanout32/A (sky130_fd_sc_hd__clkbuf_4)
     8    0.044980    0.098762    0.220031    6.481887 v fanout32/X (sky130_fd_sc_hd__clkbuf_4)
                                                         net32 (net)
                      0.098762    0.000087    6.481975 v fanout31/A (sky130_fd_sc_hd__buf_4)
    10    0.060947    0.085654    0.220019    6.701994 v fanout31/X (sky130_fd_sc_hd__buf_4)
                                                         net31 (net)
                      0.085654    0.000414    6.702408 v spi_out.bit_cnt[0]_sky130_fd_sc_hd__dfrtp_2_Q_RESET_B_sky130_fd_sc_hd__inv_2_Y/A (sky130_fd_sc_hd__inv_2)
     1    0.003995    0.035756    0.059654    6.762061 ^ spi_out.bit_cnt[0]_sky130_fd_sc_hd__dfrtp_2_Q_RESET_B_sky130_fd_sc_hd__inv_2_Y/Y (sky130_fd_sc_hd__inv_2)
                                                         spi_out.bit_cnt[0]_sky130_fd_sc_hd__dfrtp_2_Q_RESET_B (net)
                      0.035756    0.000006    6.762067 ^ spi_out.bit_cnt[0]_sky130_fd_sc_hd__dfrtp_2_Q/RESET_B (sky130_fd_sc_hd__dfrtp_1)
                                              6.762067   data arrival time

                                 30.000000   30.000000   clock clk (rise edge)
                                  0.000000   30.000000   clock source latency
     1    0.028310    0.132872    0.092459   30.092459 ^ clk (in)
                                                         clk (net)
                      0.132912    0.000000   30.092459 ^ clkbuf_0_clk/A (sky130_fd_sc_hd__clkbuf_16)
     8    0.108967    0.123112    0.223171   30.315630 ^ clkbuf_0_clk/X (sky130_fd_sc_hd__clkbuf_16)
                                                         clknet_0_clk (net)
                      0.123270    0.003535   30.319164 ^ clkbuf_3_4__f_clk/A (sky130_fd_sc_hd__clkbuf_16)
    13    0.042847    0.062408    0.172733   30.491898 ^ clkbuf_3_4__f_clk/X (sky130_fd_sc_hd__clkbuf_16)
                                                         clknet_3_4__leaf_clk (net)
                      0.062408    0.000092   30.491991 ^ spi_out.bit_cnt[0]_sky130_fd_sc_hd__dfrtp_2_Q/CLK (sky130_fd_sc_hd__dfrtp_1)
                                 -0.250000   30.241989   clock uncertainty
                                  0.000000   30.241989   clock reconvergence pessimism
                                  0.238056   30.480045   library recovery time
                                             30.480045   data required time
---------------------------------------------------------------------------------------------
                                             30.480045   data required time
                                             -6.762067   data arrival time
---------------------------------------------------------------------------------------------
                                             23.717978   slack (MET)


Startpoint: reset (input port clocked by clk)
Endpoint: filter.y_out[8]_sky130_fd_sc_hd__dfrtp_2_Q
          (recovery check against rising-edge clock clk)
Path Group: asynchronous
Path Type: max

Fanout         Cap        Slew       Delay        Time   Description
---------------------------------------------------------------------------------------------
                                  0.000000    0.000000   clock clk (rise edge)
                                  0.000000    0.000000   clock network delay (propagated)
                                  6.000000    6.000000 v input external delay
     1    0.002519    0.007983    0.003938    6.003938 v reset (in)
                                                         reset (net)
                      0.007983    0.000000    6.003938 v input1/A (sky130_fd_sc_hd__clkbuf_1)
     1    0.002900    0.026986    0.072522    6.076460 v input1/X (sky130_fd_sc_hd__clkbuf_1)
                                                         net1 (net)
                      0.026986    0.000010    6.076470 v fanout35/A (sky130_fd_sc_hd__clkbuf_4)
     5    0.041249    0.092196    0.185337    6.261807 v fanout35/X (sky130_fd_sc_hd__clkbuf_4)
                                                         net35 (net)
                      0.092197    0.000449    6.262256 v fanout28/A (sky130_fd_sc_hd__clkbuf_4)
     5    0.042927    0.095025    0.215986    6.478242 v fanout28/X (sky130_fd_sc_hd__clkbuf_4)
                                                         net28 (net)
                      0.095025    0.000006    6.478248 v fanout27/A (sky130_fd_sc_hd__clkbuf_4)
     6    0.038166    0.086402    0.211131    6.689380 v fanout27/X (sky130_fd_sc_hd__clkbuf_4)
                                                         net27 (net)
                      0.086409    0.000822    6.690201 v filter.y_out[8]_sky130_fd_sc_hd__dfrtp_2_Q_RESET_B_sky130_fd_sc_hd__inv_2_Y/A (sky130_fd_sc_hd__inv_2)
     1    0.003910    0.035620    0.059521    6.749723 ^ filter.y_out[8]_sky130_fd_sc_hd__dfrtp_2_Q_RESET_B_sky130_fd_sc_hd__inv_2_Y/Y (sky130_fd_sc_hd__inv_2)
                                                         filter.y_out[8]_sky130_fd_sc_hd__dfrtp_2_Q_RESET_B (net)
                      0.035620    0.000007    6.749730 ^ filter.y_out[8]_sky130_fd_sc_hd__dfrtp_2_Q/RESET_B (sky130_fd_sc_hd__dfrtp_4)
                                              6.749730   data arrival time

                                 30.000000   30.000000   clock clk (rise edge)
                                  0.000000   30.000000   clock source latency
     1    0.028310    0.132872    0.092459   30.092459 ^ clk (in)
                                                         clk (net)
                      0.132912    0.000000   30.092459 ^ clkbuf_0_clk/A (sky130_fd_sc_hd__clkbuf_16)
     8    0.108967    0.123112    0.223171   30.315630 ^ clkbuf_0_clk/X (sky130_fd_sc_hd__clkbuf_16)
                                                         clknet_0_clk (net)
                      0.123241    0.003197   30.318827 ^ clkbuf_3_1__f_clk/A (sky130_fd_sc_hd__clkbuf_16)
    12    0.043307    0.062829    0.173113   30.491941 ^ clkbuf_3_1__f_clk/X (sky130_fd_sc_hd__clkbuf_16)
                                                         clknet_3_1__leaf_clk (net)
                      0.062829    0.000238   30.492178 ^ filter.y_out[8]_sky130_fd_sc_hd__dfrtp_2_Q/CLK (sky130_fd_sc_hd__dfrtp_4)
                                 -0.250000   30.242178   clock uncertainty
                                  0.000000   30.242178   clock reconvergence pessimism
                                  0.225713   30.467888   library recovery time
                                             30.467888   data required time
---------------------------------------------------------------------------------------------
                                             30.467888   data required time
                                             -6.749730   data arrival time
---------------------------------------------------------------------------------------------
                                             23.718159   slack (MET)


Startpoint: reset (input port clocked by clk)
Endpoint: spi_out.shift_reg[1]_sky130_fd_sc_hd__dfrtp_2_Q
          (recovery check against rising-edge clock clk)
Path Group: asynchronous
Path Type: max

Fanout         Cap        Slew       Delay        Time   Description
---------------------------------------------------------------------------------------------
                                  0.000000    0.000000   clock clk (rise edge)
                                  0.000000    0.000000   clock network delay (propagated)
                                  6.000000    6.000000 v input external delay
     1    0.002519    0.007983    0.003938    6.003938 v reset (in)
                                                         reset (net)
                      0.007983    0.000000    6.003938 v input1/A (sky130_fd_sc_hd__clkbuf_1)
     1    0.002900    0.026986    0.072522    6.076460 v input1/X (sky130_fd_sc_hd__clkbuf_1)
                                                         net1 (net)
                      0.026986    0.000010    6.076470 v fanout35/A (sky130_fd_sc_hd__clkbuf_4)
     5    0.041249    0.092196    0.185337    6.261807 v fanout35/X (sky130_fd_sc_hd__clkbuf_4)
                                                         net35 (net)
                      0.092196    0.000049    6.261857 v fanout32/A (sky130_fd_sc_hd__clkbuf_4)
     8    0.044980    0.098762    0.220031    6.481887 v fanout32/X (sky130_fd_sc_hd__clkbuf_4)
                                                         net32 (net)
                      0.098762    0.000087    6.481975 v fanout31/A (sky130_fd_sc_hd__buf_4)
    10    0.060947    0.085654    0.220019    6.701994 v fanout31/X (sky130_fd_sc_hd__buf_4)
                                                         net31 (net)
                      0.085655    0.000509    6.702503 v spi_out.shift_reg[1]_sky130_fd_sc_hd__dfrtp_2_Q_RESET_B_sky130_fd_sc_hd__inv_2_Y/A (sky130_fd_sc_hd__inv_2)
     1    0.003944    0.035576    0.059412    6.761915 ^ spi_out.shift_reg[1]_sky130_fd_sc_hd__dfrtp_2_Q_RESET_B_sky130_fd_sc_hd__inv_2_Y/Y (sky130_fd_sc_hd__inv_2)
                                                         spi_out.shift_reg[1]_sky130_fd_sc_hd__dfrtp_2_Q_RESET_B (net)
                      0.035576    0.000008    6.761923 ^ spi_out.shift_reg[1]_sky130_fd_sc_hd__dfrtp_2_Q/RESET_B (sky130_fd_sc_hd__dfrtp_1)
                                              6.761923   data arrival time

                                 30.000000   30.000000   clock clk (rise edge)
                                  0.000000   30.000000   clock source latency
     1    0.028310    0.132872    0.092459   30.092459 ^ clk (in)
                                                         clk (net)
                      0.132912    0.000000   30.092459 ^ clkbuf_0_clk/A (sky130_fd_sc_hd__clkbuf_16)
     8    0.108967    0.123112    0.223171   30.315630 ^ clkbuf_0_clk/X (sky130_fd_sc_hd__clkbuf_16)
                                                         clknet_0_clk (net)
                      0.123270    0.003535   30.319164 ^ clkbuf_3_4__f_clk/A (sky130_fd_sc_hd__clkbuf_16)
    13    0.042847    0.062408    0.172733   30.491898 ^ clkbuf_3_4__f_clk/X (sky130_fd_sc_hd__clkbuf_16)
                                                         clknet_3_4__leaf_clk (net)
                      0.062408    0.000068   30.491966 ^ spi_out.shift_reg[1]_sky130_fd_sc_hd__dfrtp_2_Q/CLK (sky130_fd_sc_hd__dfrtp_1)
                                 -0.250000   30.241964   clock uncertainty
                                  0.000000   30.241964   clock reconvergence pessimism
                                  0.238103   30.480068   library recovery time
                                             30.480068   data required time
---------------------------------------------------------------------------------------------
                                             30.480068   data required time
                                             -6.761923   data arrival time
---------------------------------------------------------------------------------------------
                                             23.718145   slack (MET)


Startpoint: reset (input port clocked by clk)
Endpoint: spi_in.bit_cnt[1]_sky130_fd_sc_hd__dfrtp_2_Q
          (recovery check against rising-edge clock clk)
Path Group: asynchronous
Path Type: max

Fanout         Cap        Slew       Delay        Time   Description
---------------------------------------------------------------------------------------------
                                  0.000000    0.000000   clock clk (rise edge)
                                  0.000000    0.000000   clock network delay (propagated)
                                  6.000000    6.000000 v input external delay
     1    0.002519    0.007983    0.003938    6.003938 v reset (in)
                                                         reset (net)
                      0.007983    0.000000    6.003938 v input1/A (sky130_fd_sc_hd__clkbuf_1)
     1    0.002900    0.026986    0.072522    6.076460 v input1/X (sky130_fd_sc_hd__clkbuf_1)
                                                         net1 (net)
                      0.026986    0.000010    6.076470 v fanout35/A (sky130_fd_sc_hd__clkbuf_4)
     5    0.041249    0.092196    0.185337    6.261807 v fanout35/X (sky130_fd_sc_hd__clkbuf_4)
                                                         net35 (net)
                      0.092196    0.000049    6.261857 v fanout32/A (sky130_fd_sc_hd__clkbuf_4)
     8    0.044980    0.098762    0.220031    6.481887 v fanout32/X (sky130_fd_sc_hd__clkbuf_4)
                                                         net32 (net)
                      0.098762    0.000087    6.481975 v fanout31/A (sky130_fd_sc_hd__buf_4)
    10    0.060947    0.085654    0.220019    6.701994 v fanout31/X (sky130_fd_sc_hd__buf_4)
                                                         net31 (net)
                      0.085654    0.000353    6.702346 v spi_in.bit_cnt[1]_sky130_fd_sc_hd__dfrtp_2_Q_RESET_B_sky130_fd_sc_hd__inv_2_Y/A (sky130_fd_sc_hd__inv_2)
     1    0.004102    0.035048    0.060158    6.762505 ^ spi_in.bit_cnt[1]_sky130_fd_sc_hd__dfrtp_2_Q_RESET_B_sky130_fd_sc_hd__inv_2_Y/Y (sky130_fd_sc_hd__inv_2)
                                                         spi_in.bit_cnt[1]_sky130_fd_sc_hd__dfrtp_2_Q_RESET_B (net)
                      0.035048    0.000010    6.762515 ^ spi_in.bit_cnt[1]_sky130_fd_sc_hd__dfrtp_2_Q/RESET_B (sky130_fd_sc_hd__dfrtp_1)
                                              6.762515   data arrival time

                                 30.000000   30.000000   clock clk (rise edge)
                                  0.000000   30.000000   clock source latency
     1    0.028310    0.132872    0.092459   30.092459 ^ clk (in)
                                                         clk (net)
                      0.132912    0.000000   30.092459 ^ clkbuf_0_clk/A (sky130_fd_sc_hd__clkbuf_16)
     8    0.108967    0.123112    0.223171   30.315630 ^ clkbuf_0_clk/X (sky130_fd_sc_hd__clkbuf_16)
                                                         clknet_0_clk (net)
                      0.123294    0.003784   30.319414 ^ clkbuf_3_5__f_clk/A (sky130_fd_sc_hd__clkbuf_16)
    13    0.042872    0.062425    0.172722   30.492136 ^ clkbuf_3_5__f_clk/X (sky130_fd_sc_hd__clkbuf_16)
                                                         clknet_3_5__leaf_clk (net)
                      0.062426    0.000352   30.492487 ^ spi_in.bit_cnt[1]_sky130_fd_sc_hd__dfrtp_2_Q/CLK (sky130_fd_sc_hd__dfrtp_1)
                                 -0.250000   30.242487   clock uncertainty
                                  0.000000   30.242487   clock reconvergence pessimism
                                  0.238244   30.480732   library recovery time
                                             30.480732   data required time
---------------------------------------------------------------------------------------------
                                             30.480732   data required time
                                             -6.762515   data arrival time
---------------------------------------------------------------------------------------------
                                             23.718218   slack (MET)


Startpoint: reset (input port clocked by clk)
Endpoint: spi_in.bit_cnt[2]_sky130_fd_sc_hd__dfrtp_2_Q
          (recovery check against rising-edge clock clk)
Path Group: asynchronous
Path Type: max

Fanout         Cap        Slew       Delay        Time   Description
---------------------------------------------------------------------------------------------
                                  0.000000    0.000000   clock clk (rise edge)
                                  0.000000    0.000000   clock network delay (propagated)
                                  6.000000    6.000000 v input external delay
     1    0.002519    0.007983    0.003938    6.003938 v reset (in)
                                                         reset (net)
                      0.007983    0.000000    6.003938 v input1/A (sky130_fd_sc_hd__clkbuf_1)
     1    0.002900    0.026986    0.072522    6.076460 v input1/X (sky130_fd_sc_hd__clkbuf_1)
                                                         net1 (net)
                      0.026986    0.000010    6.076470 v fanout35/A (sky130_fd_sc_hd__clkbuf_4)
     5    0.041249    0.092196    0.185337    6.261807 v fanout35/X (sky130_fd_sc_hd__clkbuf_4)
                                                         net35 (net)
                      0.092196    0.000049    6.261857 v fanout32/A (sky130_fd_sc_hd__clkbuf_4)
     8    0.044980    0.098762    0.220031    6.481887 v fanout32/X (sky130_fd_sc_hd__clkbuf_4)
                                                         net32 (net)
                      0.098762    0.000087    6.481975 v fanout31/A (sky130_fd_sc_hd__buf_4)
    10    0.060947    0.085654    0.220019    6.701994 v fanout31/X (sky130_fd_sc_hd__buf_4)
                                                         net31 (net)
                      0.085655    0.000440    6.702434 v spi_in.bit_cnt[2]_sky130_fd_sc_hd__dfrtp_2_Q_RESET_B_sky130_fd_sc_hd__inv_2_Y/A (sky130_fd_sc_hd__inv_2)
     1    0.003995    0.035756    0.059654    6.762087 ^ spi_in.bit_cnt[2]_sky130_fd_sc_hd__dfrtp_2_Q_RESET_B_sky130_fd_sc_hd__inv_2_Y/Y (sky130_fd_sc_hd__inv_2)
                                                         spi_in.bit_cnt[2]_sky130_fd_sc_hd__dfrtp_2_Q_RESET_B (net)
                      0.035756    0.000006    6.762094 ^ spi_in.bit_cnt[2]_sky130_fd_sc_hd__dfrtp_2_Q/RESET_B (sky130_fd_sc_hd__dfrtp_1)
                                              6.762094   data arrival time

                                 30.000000   30.000000   clock clk (rise edge)
                                  0.000000   30.000000   clock source latency
     1    0.028310    0.132872    0.092459   30.092459 ^ clk (in)
                                                         clk (net)
                      0.132912    0.000000   30.092459 ^ clkbuf_0_clk/A (sky130_fd_sc_hd__clkbuf_16)
     8    0.108967    0.123112    0.223171   30.315630 ^ clkbuf_0_clk/X (sky130_fd_sc_hd__clkbuf_16)
                                                         clknet_0_clk (net)
                      0.123294    0.003784   30.319414 ^ clkbuf_3_5__f_clk/A (sky130_fd_sc_hd__clkbuf_16)
    13    0.042872    0.062425    0.172722   30.492136 ^ clkbuf_3_5__f_clk/X (sky130_fd_sc_hd__clkbuf_16)
                                                         clknet_3_5__leaf_clk (net)
                      0.062425    0.000266   30.492403 ^ spi_in.bit_cnt[2]_sky130_fd_sc_hd__dfrtp_2_Q/CLK (sky130_fd_sc_hd__dfrtp_1)
                                 -0.250000   30.242401   clock uncertainty
                                  0.000000   30.242401   clock reconvergence pessimism
                                  0.238061   30.480461   library recovery time
                                             30.480461   data required time
---------------------------------------------------------------------------------------------
                                             30.480461   data required time
                                             -6.762094   data arrival time
---------------------------------------------------------------------------------------------
                                             23.718369   slack (MET)


Startpoint: reset (input port clocked by clk)
Endpoint: filter.x_in[6]_sky130_fd_sc_hd__dfrtp_2_Q
          (recovery check against rising-edge clock clk)
Path Group: asynchronous
Path Type: max

Fanout         Cap        Slew       Delay        Time   Description
---------------------------------------------------------------------------------------------
                                  0.000000    0.000000   clock clk (rise edge)
                                  0.000000    0.000000   clock network delay (propagated)
                                  6.000000    6.000000 v input external delay
     1    0.002519    0.007983    0.003938    6.003938 v reset (in)
                                                         reset (net)
                      0.007983    0.000000    6.003938 v input1/A (sky130_fd_sc_hd__clkbuf_1)
     1    0.002900    0.026986    0.072522    6.076460 v input1/X (sky130_fd_sc_hd__clkbuf_1)
                                                         net1 (net)
                      0.026986    0.000010    6.076470 v fanout35/A (sky130_fd_sc_hd__clkbuf_4)
     5    0.041249    0.092196    0.185337    6.261807 v fanout35/X (sky130_fd_sc_hd__clkbuf_4)
                                                         net35 (net)
                      0.092196    0.000049    6.261857 v fanout32/A (sky130_fd_sc_hd__clkbuf_4)
     8    0.044980    0.098762    0.220031    6.481887 v fanout32/X (sky130_fd_sc_hd__clkbuf_4)
                                                         net32 (net)
                      0.098762    0.000087    6.481975 v fanout31/A (sky130_fd_sc_hd__buf_4)
    10    0.060947    0.085654    0.220019    6.701994 v fanout31/X (sky130_fd_sc_hd__buf_4)
                                                         net31 (net)
                      0.085657    0.000611    6.702605 v filter.x_in[6]_sky130_fd_sc_hd__dfrtp_2_Q_RESET_B_sky130_fd_sc_hd__inv_2_Y/A (sky130_fd_sc_hd__inv_2)
     1    0.003854    0.035259    0.058989    6.761594 ^ filter.x_in[6]_sky130_fd_sc_hd__dfrtp_2_Q_RESET_B_sky130_fd_sc_hd__inv_2_Y/Y (sky130_fd_sc_hd__inv_2)
                                                         filter.x_in[6]_sky130_fd_sc_hd__dfrtp_2_Q_RESET_B (net)
                      0.035259    0.000005    6.761599 ^ filter.x_in[6]_sky130_fd_sc_hd__dfrtp_2_Q/RESET_B (sky130_fd_sc_hd__dfrtp_1)
                                              6.761599   data arrival time

                                 30.000000   30.000000   clock clk (rise edge)
                                  0.000000   30.000000   clock source latency
     1    0.028310    0.132872    0.092459   30.092459 ^ clk (in)
                                                         clk (net)
                      0.132912    0.000000   30.092459 ^ clkbuf_0_clk/A (sky130_fd_sc_hd__clkbuf_16)
     8    0.108967    0.123112    0.223171   30.315630 ^ clkbuf_0_clk/X (sky130_fd_sc_hd__clkbuf_16)
                                                         clknet_0_clk (net)
                      0.123294    0.003784   30.319414 ^ clkbuf_3_5__f_clk/A (sky130_fd_sc_hd__clkbuf_16)
    13    0.042872    0.062425    0.172722   30.492136 ^ clkbuf_3_5__f_clk/X (sky130_fd_sc_hd__clkbuf_16)
                                                         clknet_3_5__leaf_clk (net)
                      0.062425    0.000018   30.492153 ^ filter.x_in[6]_sky130_fd_sc_hd__dfrtp_2_Q/CLK (sky130_fd_sc_hd__dfrtp_1)
                                 -0.250000   30.242153   clock uncertainty
                                  0.000000   30.242153   clock reconvergence pessimism
                                  0.238189   30.480341   library recovery time
                                             30.480341   data required time
---------------------------------------------------------------------------------------------
                                             30.480341   data required time
                                             -6.761599   data arrival time
---------------------------------------------------------------------------------------------
                                             23.718742   slack (MET)


Startpoint: reset (input port clocked by clk)
Endpoint: spi_in.bit_cnt[0]_sky130_fd_sc_hd__dfrtp_2_Q
          (recovery check against rising-edge clock clk)
Path Group: asynchronous
Path Type: max

Fanout         Cap        Slew       Delay        Time   Description
---------------------------------------------------------------------------------------------
                                  0.000000    0.000000   clock clk (rise edge)
                                  0.000000    0.000000   clock network delay (propagated)
                                  6.000000    6.000000 v input external delay
     1    0.002519    0.007983    0.003938    6.003938 v reset (in)
                                                         reset (net)
                      0.007983    0.000000    6.003938 v input1/A (sky130_fd_sc_hd__clkbuf_1)
     1    0.002900    0.026986    0.072522    6.076460 v input1/X (sky130_fd_sc_hd__clkbuf_1)
                                                         net1 (net)
                      0.026986    0.000010    6.076470 v fanout35/A (sky130_fd_sc_hd__clkbuf_4)
     5    0.041249    0.092196    0.185337    6.261807 v fanout35/X (sky130_fd_sc_hd__clkbuf_4)
                                                         net35 (net)
                      0.092196    0.000049    6.261857 v fanout32/A (sky130_fd_sc_hd__clkbuf_4)
     8    0.044980    0.098762    0.220031    6.481887 v fanout32/X (sky130_fd_sc_hd__clkbuf_4)
                                                         net32 (net)
                      0.098762    0.000087    6.481975 v fanout31/A (sky130_fd_sc_hd__buf_4)
    10    0.060947    0.085654    0.220019    6.701994 v fanout31/X (sky130_fd_sc_hd__buf_4)
                                                         net31 (net)
                      0.085654    0.000285    6.702279 v spi_in.bit_cnt[0]_sky130_fd_sc_hd__dfrtp_2_Q_RESET_B_sky130_fd_sc_hd__inv_2_Y/A (sky130_fd_sc_hd__inv_2)
     1    0.003944    0.035578    0.059416    6.761694 ^ spi_in.bit_cnt[0]_sky130_fd_sc_hd__dfrtp_2_Q_RESET_B_sky130_fd_sc_hd__inv_2_Y/Y (sky130_fd_sc_hd__inv_2)
                                                         spi_in.bit_cnt[0]_sky130_fd_sc_hd__dfrtp_2_Q_RESET_B (net)
                      0.035578    0.000008    6.761702 ^ spi_in.bit_cnt[0]_sky130_fd_sc_hd__dfrtp_2_Q/RESET_B (sky130_fd_sc_hd__dfrtp_1)
                                              6.761702   data arrival time

                                 30.000000   30.000000   clock clk (rise edge)
                                  0.000000   30.000000   clock source latency
     1    0.028310    0.132872    0.092459   30.092459 ^ clk (in)
                                                         clk (net)
                      0.132912    0.000000   30.092459 ^ clkbuf_0_clk/A (sky130_fd_sc_hd__clkbuf_16)
     8    0.108967    0.123112    0.223171   30.315630 ^ clkbuf_0_clk/X (sky130_fd_sc_hd__clkbuf_16)
                                                         clknet_0_clk (net)
                      0.123294    0.003784   30.319414 ^ clkbuf_3_5__f_clk/A (sky130_fd_sc_hd__clkbuf_16)
    13    0.042872    0.062425    0.172722   30.492136 ^ clkbuf_3_5__f_clk/X (sky130_fd_sc_hd__clkbuf_16)
                                                         clknet_3_5__leaf_clk (net)
                      0.062428    0.000462   30.492598 ^ spi_in.bit_cnt[0]_sky130_fd_sc_hd__dfrtp_2_Q/CLK (sky130_fd_sc_hd__dfrtp_1)
                                 -0.250000   30.242598   clock uncertainty
                                  0.000000   30.242598   clock reconvergence pessimism
                                  0.238108   30.480703   library recovery time
                                             30.480703   data required time
---------------------------------------------------------------------------------------------
                                             30.480703   data required time
                                             -6.761702   data arrival time
---------------------------------------------------------------------------------------------
                                             23.719000   slack (MET)


Startpoint: reset (input port clocked by clk)
Endpoint: spi_out.bit_cnt[4]_sky130_fd_sc_hd__dfrtp_2_Q
          (recovery check against rising-edge clock clk)
Path Group: asynchronous
Path Type: max

Fanout         Cap        Slew       Delay        Time   Description
---------------------------------------------------------------------------------------------
                                  0.000000    0.000000   clock clk (rise edge)
                                  0.000000    0.000000   clock network delay (propagated)
                                  6.000000    6.000000 v input external delay
     1    0.002519    0.007983    0.003938    6.003938 v reset (in)
                                                         reset (net)
                      0.007983    0.000000    6.003938 v input1/A (sky130_fd_sc_hd__clkbuf_1)
     1    0.002900    0.026986    0.072522    6.076460 v input1/X (sky130_fd_sc_hd__clkbuf_1)
                                                         net1 (net)
                      0.026986    0.000010    6.076470 v fanout35/A (sky130_fd_sc_hd__clkbuf_4)
     5    0.041249    0.092196    0.185337    6.261807 v fanout35/X (sky130_fd_sc_hd__clkbuf_4)
                                                         net35 (net)
                      0.092196    0.000049    6.261857 v fanout32/A (sky130_fd_sc_hd__clkbuf_4)
     8    0.044980    0.098762    0.220031    6.481887 v fanout32/X (sky130_fd_sc_hd__clkbuf_4)
                                                         net32 (net)
                      0.098762    0.000087    6.481975 v fanout31/A (sky130_fd_sc_hd__buf_4)
    10    0.060947    0.085654    0.220019    6.701994 v fanout31/X (sky130_fd_sc_hd__buf_4)
                                                         net31 (net)
                      0.085654    0.000132    6.702126 v spi_out.bit_cnt[4]_sky130_fd_sc_hd__dfrtp_2_Q_RESET_B_sky130_fd_sc_hd__inv_2_Y/A (sky130_fd_sc_hd__inv_2)
     1    0.003896    0.035407    0.059187    6.761313 ^ spi_out.bit_cnt[4]_sky130_fd_sc_hd__dfrtp_2_Q_RESET_B_sky130_fd_sc_hd__inv_2_Y/Y (sky130_fd_sc_hd__inv_2)
                                                         spi_out.bit_cnt[4]_sky130_fd_sc_hd__dfrtp_2_Q_RESET_B (net)
                      0.035407    0.000006    6.761319 ^ spi_out.bit_cnt[4]_sky130_fd_sc_hd__dfrtp_2_Q/RESET_B (sky130_fd_sc_hd__dfrtp_1)
                                              6.761319   data arrival time

                                 30.000000   30.000000   clock clk (rise edge)
                                  0.000000   30.000000   clock source latency
     1    0.028310    0.132872    0.092459   30.092459 ^ clk (in)
                                                         clk (net)
                      0.132912    0.000000   30.092459 ^ clkbuf_0_clk/A (sky130_fd_sc_hd__clkbuf_16)
     8    0.108967    0.123112    0.223171   30.315630 ^ clkbuf_0_clk/X (sky130_fd_sc_hd__clkbuf_16)
                                                         clknet_0_clk (net)
                      0.123270    0.003535   30.319164 ^ clkbuf_3_4__f_clk/A (sky130_fd_sc_hd__clkbuf_16)
    13    0.042847    0.062408    0.172733   30.491898 ^ clkbuf_3_4__f_clk/X (sky130_fd_sc_hd__clkbuf_16)
                                                         clknet_3_4__leaf_clk (net)
                      0.062409    0.000295   30.492193 ^ spi_out.bit_cnt[4]_sky130_fd_sc_hd__dfrtp_2_Q/CLK (sky130_fd_sc_hd__dfrtp_1)
                                 -0.250000   30.242191   clock uncertainty
                                  0.000000   30.242191   clock reconvergence pessimism
                                  0.238146   30.480337   library recovery time
                                             30.480337   data required time
---------------------------------------------------------------------------------------------
                                             30.480337   data required time
                                             -6.761319   data arrival time
---------------------------------------------------------------------------------------------
                                             23.719019   slack (MET)


Startpoint: reset (input port clocked by clk)
Endpoint: spi_out.bit_cnt[3]_sky130_fd_sc_hd__dfrtp_2_Q
          (recovery check against rising-edge clock clk)
Path Group: asynchronous
Path Type: max

Fanout         Cap        Slew       Delay        Time   Description
---------------------------------------------------------------------------------------------
                                  0.000000    0.000000   clock clk (rise edge)
                                  0.000000    0.000000   clock network delay (propagated)
                                  6.000000    6.000000 v input external delay
     1    0.002519    0.007983    0.003938    6.003938 v reset (in)
                                                         reset (net)
                      0.007983    0.000000    6.003938 v input1/A (sky130_fd_sc_hd__clkbuf_1)
     1    0.002900    0.026986    0.072522    6.076460 v input1/X (sky130_fd_sc_hd__clkbuf_1)
                                                         net1 (net)
                      0.026986    0.000010    6.076470 v fanout35/A (sky130_fd_sc_hd__clkbuf_4)
     5    0.041249    0.092196    0.185337    6.261807 v fanout35/X (sky130_fd_sc_hd__clkbuf_4)
                                                         net35 (net)
                      0.092196    0.000049    6.261857 v fanout32/A (sky130_fd_sc_hd__clkbuf_4)
     8    0.044980    0.098762    0.220031    6.481887 v fanout32/X (sky130_fd_sc_hd__clkbuf_4)
                                                         net32 (net)
                      0.098762    0.000087    6.481975 v fanout31/A (sky130_fd_sc_hd__buf_4)
    10    0.060947    0.085654    0.220019    6.701994 v fanout31/X (sky130_fd_sc_hd__buf_4)
                                                         net31 (net)
                      0.085654    0.000074    6.702068 v spi_out.bit_cnt[3]_sky130_fd_sc_hd__dfrtp_2_Q_RESET_B_sky130_fd_sc_hd__inv_2_Y/A (sky130_fd_sc_hd__inv_2)
     1    0.003815    0.035118    0.058800    6.760868 ^ spi_out.bit_cnt[3]_sky130_fd_sc_hd__dfrtp_2_Q_RESET_B_sky130_fd_sc_hd__inv_2_Y/Y (sky130_fd_sc_hd__inv_2)
                                                         spi_out.bit_cnt[3]_sky130_fd_sc_hd__dfrtp_2_Q_RESET_B (net)
                      0.035118    0.000004    6.760872 ^ spi_out.bit_cnt[3]_sky130_fd_sc_hd__dfrtp_2_Q/RESET_B (sky130_fd_sc_hd__dfrtp_1)
                                              6.760872   data arrival time

                                 30.000000   30.000000   clock clk (rise edge)
                                  0.000000   30.000000   clock source latency
     1    0.028310    0.132872    0.092459   30.092459 ^ clk (in)
                                                         clk (net)
                      0.132912    0.000000   30.092459 ^ clkbuf_0_clk/A (sky130_fd_sc_hd__clkbuf_16)
     8    0.108967    0.123112    0.223171   30.315630 ^ clkbuf_0_clk/X (sky130_fd_sc_hd__clkbuf_16)
                                                         clknet_0_clk (net)
                      0.123294    0.003784   30.319414 ^ clkbuf_3_5__f_clk/A (sky130_fd_sc_hd__clkbuf_16)
    13    0.042872    0.062425    0.172722   30.492136 ^ clkbuf_3_5__f_clk/X (sky130_fd_sc_hd__clkbuf_16)
                                                         clknet_3_5__leaf_clk (net)
                      0.062428    0.000469   30.492605 ^ spi_out.bit_cnt[3]_sky130_fd_sc_hd__dfrtp_2_Q/CLK (sky130_fd_sc_hd__dfrtp_1)
                                 -0.250000   30.242603   clock uncertainty
                                  0.000000   30.242603   clock reconvergence pessimism
                                  0.238227   30.480831   library recovery time
                                             30.480831   data required time
---------------------------------------------------------------------------------------------
                                             30.480831   data required time
                                             -6.760872   data arrival time
---------------------------------------------------------------------------------------------
                                             23.719957   slack (MET)


Startpoint: reset (input port clocked by clk)
Endpoint: filter.y_out[12]_sky130_fd_sc_hd__dfrtp_2_Q
          (recovery check against rising-edge clock clk)
Path Group: asynchronous
Path Type: max

Fanout         Cap        Slew       Delay        Time   Description
---------------------------------------------------------------------------------------------
                                  0.000000    0.000000   clock clk (rise edge)
                                  0.000000    0.000000   clock network delay (propagated)
                                  6.000000    6.000000 v input external delay
     1    0.002519    0.007983    0.003938    6.003938 v reset (in)
                                                         reset (net)
                      0.007983    0.000000    6.003938 v input1/A (sky130_fd_sc_hd__clkbuf_1)
     1    0.002900    0.026986    0.072522    6.076460 v input1/X (sky130_fd_sc_hd__clkbuf_1)
                                                         net1 (net)
                      0.026986    0.000010    6.076470 v fanout35/A (sky130_fd_sc_hd__clkbuf_4)
     5    0.041249    0.092196    0.185337    6.261807 v fanout35/X (sky130_fd_sc_hd__clkbuf_4)
                                                         net35 (net)
                      0.092197    0.000449    6.262256 v fanout28/A (sky130_fd_sc_hd__clkbuf_4)
     5    0.042927    0.095025    0.215986    6.478242 v fanout28/X (sky130_fd_sc_hd__clkbuf_4)
                                                         net28 (net)
                      0.095050    0.001546    6.479788 v fanout25/A (sky130_fd_sc_hd__clkbuf_8)
    10    0.064384    0.080856    0.207947    6.687736 v fanout25/X (sky130_fd_sc_hd__clkbuf_8)
                                                         net25 (net)
                      0.080875    0.001218    6.688953 v filter.y_out[12]_sky130_fd_sc_hd__dfrtp_2_Q_RESET_B_sky130_fd_sc_hd__inv_2_Y/A (sky130_fd_sc_hd__inv_2)
     1    0.003982    0.034672    0.057881    6.746834 ^ filter.y_out[12]_sky130_fd_sc_hd__dfrtp_2_Q_RESET_B_sky130_fd_sc_hd__inv_2_Y/Y (sky130_fd_sc_hd__inv_2)
                                                         filter.y_out[12]_sky130_fd_sc_hd__dfrtp_2_Q_RESET_B (net)
                      0.034672    0.000007    6.746841 ^ filter.y_out[12]_sky130_fd_sc_hd__dfrtp_2_Q/RESET_B (sky130_fd_sc_hd__dfrtp_4)
                                              6.746841   data arrival time

                                 30.000000   30.000000   clock clk (rise edge)
                                  0.000000   30.000000   clock source latency
     1    0.028310    0.132872    0.092459   30.092459 ^ clk (in)
                                                         clk (net)
                      0.132912    0.000000   30.092459 ^ clkbuf_0_clk/A (sky130_fd_sc_hd__clkbuf_16)
     8    0.108967    0.123112    0.223171   30.315630 ^ clkbuf_0_clk/X (sky130_fd_sc_hd__clkbuf_16)
                                                         clknet_0_clk (net)
                      0.123417    0.004874   30.320505 ^ clkbuf_3_2__f_clk/A (sky130_fd_sc_hd__clkbuf_16)
     9    0.042714    0.062286    0.172658   30.493162 ^ clkbuf_3_2__f_clk/X (sky130_fd_sc_hd__clkbuf_16)
                                                         clknet_3_2__leaf_clk (net)
                      0.062290    0.000536   30.493700 ^ filter.y_out[12]_sky130_fd_sc_hd__dfrtp_2_Q/CLK (sky130_fd_sc_hd__dfrtp_4)
                                 -0.250000   30.243698   clock uncertainty
                                  0.000000   30.243698   clock reconvergence pessimism
                                  0.225852   30.469551   library recovery time
                                             30.469551   data required time
---------------------------------------------------------------------------------------------
                                             30.469551   data required time
                                             -6.746841   data arrival time
---------------------------------------------------------------------------------------------
                                             23.722710   slack (MET)


Startpoint: reset (input port clocked by clk)
Endpoint: filter.x_in[15]_sky130_fd_sc_hd__dfrtp_2_Q
          (recovery check against rising-edge clock clk)
Path Group: asynchronous
Path Type: max

Fanout         Cap        Slew       Delay        Time   Description
---------------------------------------------------------------------------------------------
                                  0.000000    0.000000   clock clk (rise edge)
                                  0.000000    0.000000   clock network delay (propagated)
                                  6.000000    6.000000 v input external delay
     1    0.002519    0.007983    0.003938    6.003938 v reset (in)
                                                         reset (net)
                      0.007983    0.000000    6.003938 v input1/A (sky130_fd_sc_hd__clkbuf_1)
     1    0.002900    0.026986    0.072522    6.076460 v input1/X (sky130_fd_sc_hd__clkbuf_1)
                                                         net1 (net)
                      0.026986    0.000010    6.076470 v fanout35/A (sky130_fd_sc_hd__clkbuf_4)
     5    0.041249    0.092196    0.185337    6.261807 v fanout35/X (sky130_fd_sc_hd__clkbuf_4)
                                                         net35 (net)
                      0.092197    0.000449    6.262256 v fanout28/A (sky130_fd_sc_hd__clkbuf_4)
     5    0.042927    0.095025    0.215986    6.478242 v fanout28/X (sky130_fd_sc_hd__clkbuf_4)
                                                         net28 (net)
                      0.095050    0.001546    6.479788 v fanout25/A (sky130_fd_sc_hd__clkbuf_8)
    10    0.064384    0.080856    0.207947    6.687736 v fanout25/X (sky130_fd_sc_hd__clkbuf_8)
                                                         net25 (net)
                      0.080856    0.000298    6.688033 v filter.x_in[15]_sky130_fd_sc_hd__dfrtp_2_Q_RESET_B_sky130_fd_sc_hd__inv_2_Y/A (sky130_fd_sc_hd__inv_2)
     1    0.003860    0.034242    0.057316    6.745349 ^ filter.x_in[15]_sky130_fd_sc_hd__dfrtp_2_Q_RESET_B_sky130_fd_sc_hd__inv_2_Y/Y (sky130_fd_sc_hd__inv_2)
                                                         filter.x_in[15]_sky130_fd_sc_hd__dfrtp_2_Q_RESET_B (net)
                      0.034242    0.000005    6.745355 ^ filter.x_in[15]_sky130_fd_sc_hd__dfrtp_2_Q/RESET_B (sky130_fd_sc_hd__dfrtp_4)
                                              6.745355   data arrival time

                                 30.000000   30.000000   clock clk (rise edge)
                                  0.000000   30.000000   clock source latency
     1    0.028310    0.132872    0.092459   30.092459 ^ clk (in)
                                                         clk (net)
                      0.132912    0.000000   30.092459 ^ clkbuf_0_clk/A (sky130_fd_sc_hd__clkbuf_16)
     8    0.108967    0.123112    0.223171   30.315630 ^ clkbuf_0_clk/X (sky130_fd_sc_hd__clkbuf_16)
                                                         clknet_0_clk (net)
                      0.123417    0.004874   30.320505 ^ clkbuf_3_2__f_clk/A (sky130_fd_sc_hd__clkbuf_16)
     9    0.042714    0.062286    0.172658   30.493162 ^ clkbuf_3_2__f_clk/X (sky130_fd_sc_hd__clkbuf_16)
                                                         clknet_3_2__leaf_clk (net)
                      0.062286    0.000302   30.493465 ^ filter.x_in[15]_sky130_fd_sc_hd__dfrtp_2_Q/CLK (sky130_fd_sc_hd__dfrtp_4)
                                 -0.250000   30.243464   clock uncertainty
                                  0.000000   30.243464   clock reconvergence pessimism
                                  0.225990   30.469452   library recovery time
                                             30.469452   data required time
---------------------------------------------------------------------------------------------
                                             30.469452   data required time
                                             -6.745355   data arrival time
---------------------------------------------------------------------------------------------
                                             23.724096   slack (MET)


Startpoint: reset (input port clocked by clk)
Endpoint: filter.y_out[10]_sky130_fd_sc_hd__dfrtp_2_Q
          (recovery check against rising-edge clock clk)
Path Group: asynchronous
Path Type: max

Fanout         Cap        Slew       Delay        Time   Description
---------------------------------------------------------------------------------------------
                                  0.000000    0.000000   clock clk (rise edge)
                                  0.000000    0.000000   clock network delay (propagated)
                                  6.000000    6.000000 v input external delay
     1    0.002519    0.007983    0.003938    6.003938 v reset (in)
                                                         reset (net)
                      0.007983    0.000000    6.003938 v input1/A (sky130_fd_sc_hd__clkbuf_1)
     1    0.002900    0.026986    0.072522    6.076460 v input1/X (sky130_fd_sc_hd__clkbuf_1)
                                                         net1 (net)
                      0.026986    0.000010    6.076470 v fanout35/A (sky130_fd_sc_hd__clkbuf_4)
     5    0.041249    0.092196    0.185337    6.261807 v fanout35/X (sky130_fd_sc_hd__clkbuf_4)
                                                         net35 (net)
                      0.092197    0.000449    6.262256 v fanout28/A (sky130_fd_sc_hd__clkbuf_4)
     5    0.042927    0.095025    0.215986    6.478242 v fanout28/X (sky130_fd_sc_hd__clkbuf_4)
                                                         net28 (net)
                      0.095050    0.001546    6.479788 v fanout25/A (sky130_fd_sc_hd__clkbuf_8)
    10    0.064384    0.080856    0.207947    6.687736 v fanout25/X (sky130_fd_sc_hd__clkbuf_8)
                                                         net25 (net)
                      0.080865    0.000889    6.688624 v filter.y_out[10]_sky130_fd_sc_hd__dfrtp_2_Q_RESET_B_sky130_fd_sc_hd__inv_2_Y/A (sky130_fd_sc_hd__inv_2)
     1    0.003944    0.034535    0.057701    6.746325 ^ filter.y_out[10]_sky130_fd_sc_hd__dfrtp_2_Q_RESET_B_sky130_fd_sc_hd__inv_2_Y/Y (sky130_fd_sc_hd__inv_2)
                                                         filter.y_out[10]_sky130_fd_sc_hd__dfrtp_2_Q_RESET_B (net)
                      0.034535    0.000008    6.746333 ^ filter.y_out[10]_sky130_fd_sc_hd__dfrtp_2_Q/RESET_B (sky130_fd_sc_hd__dfrtp_1)
                                              6.746333   data arrival time

                                 30.000000   30.000000   clock clk (rise edge)
                                  0.000000   30.000000   clock source latency
     1    0.028310    0.132872    0.092459   30.092459 ^ clk (in)
                                                         clk (net)
                      0.132912    0.000000   30.092459 ^ clkbuf_0_clk/A (sky130_fd_sc_hd__clkbuf_16)
     8    0.108967    0.123112    0.223171   30.315630 ^ clkbuf_0_clk/X (sky130_fd_sc_hd__clkbuf_16)
                                                         clknet_0_clk (net)
                      0.123380    0.004579   30.320210 ^ clkbuf_3_3__f_clk/A (sky130_fd_sc_hd__clkbuf_16)
     6    0.036229    0.056559    0.167876   30.488087 ^ clkbuf_3_3__f_clk/X (sky130_fd_sc_hd__clkbuf_16)
                                                         clknet_3_3__leaf_clk (net)
                      0.056559    0.000153   30.488239 ^ filter.y_out[10]_sky130_fd_sc_hd__dfrtp_2_Q/CLK (sky130_fd_sc_hd__dfrtp_1)
                                 -0.250000   30.238237   clock uncertainty
                                  0.000000   30.238237   clock reconvergence pessimism
                                  0.236580   30.474817   library recovery time
                                             30.474817   data required time
---------------------------------------------------------------------------------------------
                                             30.474817   data required time
                                             -6.746333   data arrival time
---------------------------------------------------------------------------------------------
                                             23.728483   slack (MET)


Startpoint: reset (input port clocked by clk)
Endpoint: spi_in.shift_reg[12]_sky130_fd_sc_hd__dfrtp_2_Q
          (recovery check against rising-edge clock clk)
Path Group: asynchronous
Path Type: max

Fanout         Cap        Slew       Delay        Time   Description
---------------------------------------------------------------------------------------------
                                  0.000000    0.000000   clock clk (rise edge)
                                  0.000000    0.000000   clock network delay (propagated)
                                  6.000000    6.000000 v input external delay
     1    0.002519    0.007983    0.003938    6.003938 v reset (in)
                                                         reset (net)
                      0.007983    0.000000    6.003938 v input1/A (sky130_fd_sc_hd__clkbuf_1)
     1    0.002900    0.026986    0.072522    6.076460 v input1/X (sky130_fd_sc_hd__clkbuf_1)
                                                         net1 (net)
                      0.026986    0.000010    6.076470 v fanout35/A (sky130_fd_sc_hd__clkbuf_4)
     5    0.041249    0.092196    0.185337    6.261807 v fanout35/X (sky130_fd_sc_hd__clkbuf_4)
                                                         net35 (net)
                      0.092197    0.000449    6.262256 v fanout28/A (sky130_fd_sc_hd__clkbuf_4)
     5    0.042927    0.095025    0.215986    6.478242 v fanout28/X (sky130_fd_sc_hd__clkbuf_4)
                                                         net28 (net)
                      0.095050    0.001546    6.479788 v fanout25/A (sky130_fd_sc_hd__clkbuf_8)
    10    0.064384    0.080856    0.207947    6.687736 v fanout25/X (sky130_fd_sc_hd__clkbuf_8)
                                                         net25 (net)
                      0.080856    0.000072    6.687808 v spi_in.shift_reg[12]_sky130_fd_sc_hd__dfrtp_2_Q_RESET_B_sky130_fd_sc_hd__inv_2_Y/A (sky130_fd_sc_hd__inv_2)
     1    0.003986    0.034680    0.057890    6.745697 ^ spi_in.shift_reg[12]_sky130_fd_sc_hd__dfrtp_2_Q_RESET_B_sky130_fd_sc_hd__inv_2_Y/Y (sky130_fd_sc_hd__inv_2)
                                                         spi_in.shift_reg[12]_sky130_fd_sc_hd__dfrtp_2_Q_RESET_B (net)
                      0.034680    0.000008    6.745706 ^ spi_in.shift_reg[12]_sky130_fd_sc_hd__dfrtp_2_Q/RESET_B (sky130_fd_sc_hd__dfrtp_1)
                                              6.745706   data arrival time

                                 30.000000   30.000000   clock clk (rise edge)
                                  0.000000   30.000000   clock source latency
     1    0.028310    0.132872    0.092459   30.092459 ^ clk (in)
                                                         clk (net)
                      0.132912    0.000000   30.092459 ^ clkbuf_0_clk/A (sky130_fd_sc_hd__clkbuf_16)
     8    0.108967    0.123112    0.223171   30.315630 ^ clkbuf_0_clk/X (sky130_fd_sc_hd__clkbuf_16)
                                                         clknet_0_clk (net)
                      0.123305    0.003901   30.319530 ^ clkbuf_3_0__f_clk/A (sky130_fd_sc_hd__clkbuf_16)
    10    0.037145    0.057367    0.168555   30.488087 ^ clkbuf_3_0__f_clk/X (sky130_fd_sc_hd__clkbuf_16)
                                                         clknet_3_0__leaf_clk (net)
                      0.057367    0.000156   30.488241 ^ spi_in.shift_reg[12]_sky130_fd_sc_hd__dfrtp_2_Q/CLK (sky130_fd_sc_hd__dfrtp_1)
                                 -0.250000   30.238241   clock uncertainty
                                  0.000000   30.238241   clock reconvergence pessimism
                                  0.236790   30.475033   library recovery time
                                             30.475033   data required time
---------------------------------------------------------------------------------------------
                                             30.475033   data required time
                                             -6.745706   data arrival time
---------------------------------------------------------------------------------------------
                                             23.729328   slack (MET)


Startpoint: reset (input port clocked by clk)
Endpoint: spi_in.shift_reg[13]_sky130_fd_sc_hd__dfrtp_2_Q
          (recovery check against rising-edge clock clk)
Path Group: asynchronous
Path Type: max

Fanout         Cap        Slew       Delay        Time   Description
---------------------------------------------------------------------------------------------
                                  0.000000    0.000000   clock clk (rise edge)
                                  0.000000    0.000000   clock network delay (propagated)
                                  6.000000    6.000000 v input external delay
     1    0.002519    0.007983    0.003938    6.003938 v reset (in)
                                                         reset (net)
                      0.007983    0.000000    6.003938 v input1/A (sky130_fd_sc_hd__clkbuf_1)
     1    0.002900    0.026986    0.072522    6.076460 v input1/X (sky130_fd_sc_hd__clkbuf_1)
                                                         net1 (net)
                      0.026986    0.000010    6.076470 v fanout35/A (sky130_fd_sc_hd__clkbuf_4)
     5    0.041249    0.092196    0.185337    6.261807 v fanout35/X (sky130_fd_sc_hd__clkbuf_4)
                                                         net35 (net)
                      0.092197    0.000449    6.262256 v fanout28/A (sky130_fd_sc_hd__clkbuf_4)
     5    0.042927    0.095025    0.215986    6.478242 v fanout28/X (sky130_fd_sc_hd__clkbuf_4)
                                                         net28 (net)
                      0.095050    0.001546    6.479788 v fanout25/A (sky130_fd_sc_hd__clkbuf_8)
    10    0.064384    0.080856    0.207947    6.687736 v fanout25/X (sky130_fd_sc_hd__clkbuf_8)
                                                         net25 (net)
                      0.080856    0.000162    6.687897 v spi_in.shift_reg[13]_sky130_fd_sc_hd__dfrtp_2_Q_RESET_B_sky130_fd_sc_hd__inv_2_Y/A (sky130_fd_sc_hd__inv_2)
     1    0.003933    0.034497    0.057651    6.745548 ^ spi_in.shift_reg[13]_sky130_fd_sc_hd__dfrtp_2_Q_RESET_B_sky130_fd_sc_hd__inv_2_Y/Y (sky130_fd_sc_hd__inv_2)
                                                         spi_in.shift_reg[13]_sky130_fd_sc_hd__dfrtp_2_Q_RESET_B (net)
                      0.034497    0.000006    6.745554 ^ spi_in.shift_reg[13]_sky130_fd_sc_hd__dfrtp_2_Q/RESET_B (sky130_fd_sc_hd__dfrtp_1)
                                              6.745554   data arrival time

                                 30.000000   30.000000   clock clk (rise edge)
                                  0.000000   30.000000   clock source latency
     1    0.028310    0.132872    0.092459   30.092459 ^ clk (in)
                                                         clk (net)
                      0.132912    0.000000   30.092459 ^ clkbuf_0_clk/A (sky130_fd_sc_hd__clkbuf_16)
     8    0.108967    0.123112    0.223171   30.315630 ^ clkbuf_0_clk/X (sky130_fd_sc_hd__clkbuf_16)
                                                         clknet_0_clk (net)
                      0.123380    0.004579   30.320210 ^ clkbuf_3_3__f_clk/A (sky130_fd_sc_hd__clkbuf_16)
     6    0.036229    0.056559    0.167876   30.488087 ^ clkbuf_3_3__f_clk/X (sky130_fd_sc_hd__clkbuf_16)
                                                         clknet_3_3__leaf_clk (net)
                      0.056560    0.000206   30.488293 ^ spi_in.shift_reg[13]_sky130_fd_sc_hd__dfrtp_2_Q/CLK (sky130_fd_sc_hd__dfrtp_1)
                                 -0.250000   30.238291   clock uncertainty
                                  0.000000   30.238291   clock reconvergence pessimism
                                  0.236590   30.474880   library recovery time
                                             30.474880   data required time
---------------------------------------------------------------------------------------------
                                             30.474880   data required time
                                             -6.745554   data arrival time
---------------------------------------------------------------------------------------------
                                             23.729324   slack (MET)


Startpoint: reset (input port clocked by clk)
Endpoint: filter.x_in[12]_sky130_fd_sc_hd__dfrtp_2_Q
          (recovery check against rising-edge clock clk)
Path Group: asynchronous
Path Type: max

Fanout         Cap        Slew       Delay        Time   Description
---------------------------------------------------------------------------------------------
                                  0.000000    0.000000   clock clk (rise edge)
                                  0.000000    0.000000   clock network delay (propagated)
                                  6.000000    6.000000 v input external delay
     1    0.002519    0.007983    0.003938    6.003938 v reset (in)
                                                         reset (net)
                      0.007983    0.000000    6.003938 v input1/A (sky130_fd_sc_hd__clkbuf_1)
     1    0.002900    0.026986    0.072522    6.076460 v input1/X (sky130_fd_sc_hd__clkbuf_1)
                                                         net1 (net)
                      0.026986    0.000010    6.076470 v fanout35/A (sky130_fd_sc_hd__clkbuf_4)
     5    0.041249    0.092196    0.185337    6.261807 v fanout35/X (sky130_fd_sc_hd__clkbuf_4)
                                                         net35 (net)
                      0.092197    0.000449    6.262256 v fanout28/A (sky130_fd_sc_hd__clkbuf_4)
     5    0.042927    0.095025    0.215986    6.478242 v fanout28/X (sky130_fd_sc_hd__clkbuf_4)
                                                         net28 (net)
                      0.095050    0.001546    6.479788 v fanout25/A (sky130_fd_sc_hd__clkbuf_8)
    10    0.064384    0.080856    0.207947    6.687736 v fanout25/X (sky130_fd_sc_hd__clkbuf_8)
                                                         net25 (net)
                      0.080856    0.000258    6.687994 v filter.x_in[12]_sky130_fd_sc_hd__dfrtp_2_Q_RESET_B_sky130_fd_sc_hd__inv_2_Y/A (sky130_fd_sc_hd__inv_2)
     1    0.003854    0.034221    0.057289    6.745283 ^ filter.x_in[12]_sky130_fd_sc_hd__dfrtp_2_Q_RESET_B_sky130_fd_sc_hd__inv_2_Y/Y (sky130_fd_sc_hd__inv_2)
                                                         filter.x_in[12]_sky130_fd_sc_hd__dfrtp_2_Q_RESET_B (net)
                      0.034221    0.000005    6.745287 ^ filter.x_in[12]_sky130_fd_sc_hd__dfrtp_2_Q/RESET_B (sky130_fd_sc_hd__dfrtp_1)
                                              6.745287   data arrival time

                                 30.000000   30.000000   clock clk (rise edge)
                                  0.000000   30.000000   clock source latency
     1    0.028310    0.132872    0.092459   30.092459 ^ clk (in)
                                                         clk (net)
                      0.132912    0.000000   30.092459 ^ clkbuf_0_clk/A (sky130_fd_sc_hd__clkbuf_16)
     8    0.108967    0.123112    0.223171   30.315630 ^ clkbuf_0_clk/X (sky130_fd_sc_hd__clkbuf_16)
                                                         clknet_0_clk (net)
                      0.123380    0.004579   30.320210 ^ clkbuf_3_3__f_clk/A (sky130_fd_sc_hd__clkbuf_16)
     6    0.036229    0.056559    0.167876   30.488087 ^ clkbuf_3_3__f_clk/X (sky130_fd_sc_hd__clkbuf_16)
                                                         clknet_3_3__leaf_clk (net)
                      0.056559    0.000153   30.488239 ^ filter.x_in[12]_sky130_fd_sc_hd__dfrtp_2_Q/CLK (sky130_fd_sc_hd__dfrtp_1)
                                 -0.250000   30.238237   clock uncertainty
                                  0.000000   30.238237   clock reconvergence pessimism
                                  0.236662   30.474897   library recovery time
                                             30.474897   data required time
---------------------------------------------------------------------------------------------
                                             30.474897   data required time
                                             -6.745287   data arrival time
---------------------------------------------------------------------------------------------
                                             23.729610   slack (MET)


Startpoint: reset (input port clocked by clk)
Endpoint: filter.x_in[13]_sky130_fd_sc_hd__dfrtp_2_Q
          (recovery check against rising-edge clock clk)
Path Group: asynchronous
Path Type: max

Fanout         Cap        Slew       Delay        Time   Description
---------------------------------------------------------------------------------------------
                                  0.000000    0.000000   clock clk (rise edge)
                                  0.000000    0.000000   clock network delay (propagated)
                                  6.000000    6.000000 v input external delay
     1    0.002519    0.007983    0.003938    6.003938 v reset (in)
                                                         reset (net)
                      0.007983    0.000000    6.003938 v input1/A (sky130_fd_sc_hd__clkbuf_1)
     1    0.002900    0.026986    0.072522    6.076460 v input1/X (sky130_fd_sc_hd__clkbuf_1)
                                                         net1 (net)
                      0.026986    0.000010    6.076470 v fanout35/A (sky130_fd_sc_hd__clkbuf_4)
     5    0.041249    0.092196    0.185337    6.261807 v fanout35/X (sky130_fd_sc_hd__clkbuf_4)
                                                         net35 (net)
                      0.092197    0.000449    6.262256 v fanout28/A (sky130_fd_sc_hd__clkbuf_4)
     5    0.042927    0.095025    0.215986    6.478242 v fanout28/X (sky130_fd_sc_hd__clkbuf_4)
                                                         net28 (net)
                      0.095050    0.001546    6.479788 v fanout25/A (sky130_fd_sc_hd__clkbuf_8)
    10    0.064384    0.080856    0.207947    6.687736 v fanout25/X (sky130_fd_sc_hd__clkbuf_8)
                                                         net25 (net)
                      0.080856    0.000289    6.688025 v filter.x_in[13]_sky130_fd_sc_hd__dfrtp_2_Q_RESET_B_sky130_fd_sc_hd__inv_2_Y/A (sky130_fd_sc_hd__inv_2)
     1    0.003854    0.034221    0.057289    6.745313 ^ filter.x_in[13]_sky130_fd_sc_hd__dfrtp_2_Q_RESET_B_sky130_fd_sc_hd__inv_2_Y/Y (sky130_fd_sc_hd__inv_2)
                                                         filter.x_in[13]_sky130_fd_sc_hd__dfrtp_2_Q_RESET_B (net)
                      0.034221    0.000005    6.745318 ^ filter.x_in[13]_sky130_fd_sc_hd__dfrtp_2_Q/RESET_B (sky130_fd_sc_hd__dfrtp_1)
                                              6.745318   data arrival time

                                 30.000000   30.000000   clock clk (rise edge)
                                  0.000000   30.000000   clock source latency
     1    0.028310    0.132872    0.092459   30.092459 ^ clk (in)
                                                         clk (net)
                      0.132912    0.000000   30.092459 ^ clkbuf_0_clk/A (sky130_fd_sc_hd__clkbuf_16)
     8    0.108967    0.123112    0.223171   30.315630 ^ clkbuf_0_clk/X (sky130_fd_sc_hd__clkbuf_16)
                                                         clknet_0_clk (net)
                      0.123380    0.004579   30.320210 ^ clkbuf_3_3__f_clk/A (sky130_fd_sc_hd__clkbuf_16)
     6    0.036229    0.056559    0.167876   30.488087 ^ clkbuf_3_3__f_clk/X (sky130_fd_sc_hd__clkbuf_16)
                                                         clknet_3_3__leaf_clk (net)
                      0.056560    0.000199   30.488285 ^ filter.x_in[13]_sky130_fd_sc_hd__dfrtp_2_Q/CLK (sky130_fd_sc_hd__dfrtp_1)
                                 -0.250000   30.238283   clock uncertainty
                                  0.000000   30.238283   clock reconvergence pessimism
                                  0.236662   30.474945   library recovery time
                                             30.474945   data required time
---------------------------------------------------------------------------------------------
                                             30.474945   data required time
                                             -6.745318   data arrival time
---------------------------------------------------------------------------------------------
                                             23.729628   slack (MET)


Startpoint: reset (input port clocked by clk)
Endpoint: spi_out.shift_reg[8]_sky130_fd_sc_hd__dfrtp_2_Q
          (recovery check against rising-edge clock clk)
Path Group: asynchronous
Path Type: max

Fanout         Cap        Slew       Delay        Time   Description
---------------------------------------------------------------------------------------------
                                  0.000000    0.000000   clock clk (rise edge)
                                  0.000000    0.000000   clock network delay (propagated)
                                  6.000000    6.000000 v input external delay
     1    0.002519    0.007983    0.003938    6.003938 v reset (in)
                                                         reset (net)
                      0.007983    0.000000    6.003938 v input1/A (sky130_fd_sc_hd__clkbuf_1)
     1    0.002900    0.026986    0.072522    6.076460 v input1/X (sky130_fd_sc_hd__clkbuf_1)
                                                         net1 (net)
                      0.026986    0.000010    6.076470 v fanout35/A (sky130_fd_sc_hd__clkbuf_4)
     5    0.041249    0.092196    0.185337    6.261807 v fanout35/X (sky130_fd_sc_hd__clkbuf_4)
                                                         net35 (net)
                      0.092197    0.000449    6.262256 v fanout28/A (sky130_fd_sc_hd__clkbuf_4)
     5    0.042927    0.095025    0.215986    6.478242 v fanout28/X (sky130_fd_sc_hd__clkbuf_4)
                                                         net28 (net)
                      0.095025    0.000006    6.478248 v fanout27/A (sky130_fd_sc_hd__clkbuf_4)
     6    0.038166    0.086402    0.211131    6.689380 v fanout27/X (sky130_fd_sc_hd__clkbuf_4)
                                                         net27 (net)
                      0.086404    0.000540    6.689919 v spi_out.shift_reg[8]_sky130_fd_sc_hd__dfrtp_2_Q_RESET_B_sky130_fd_sc_hd__inv_2_Y/A (sky130_fd_sc_hd__inv_2)
     1    0.003854    0.035421    0.059253    6.749173 ^ spi_out.shift_reg[8]_sky130_fd_sc_hd__dfrtp_2_Q_RESET_B_sky130_fd_sc_hd__inv_2_Y/Y (sky130_fd_sc_hd__inv_2)
                                                         spi_out.shift_reg[8]_sky130_fd_sc_hd__dfrtp_2_Q_RESET_B (net)
                      0.035421    0.000005    6.749177 ^ spi_out.shift_reg[8]_sky130_fd_sc_hd__dfrtp_2_Q/RESET_B (sky130_fd_sc_hd__dfrtp_1)
                                              6.749177   data arrival time

                                 30.000000   30.000000   clock clk (rise edge)
                                  0.000000   30.000000   clock source latency
     1    0.028310    0.132872    0.092459   30.092459 ^ clk (in)
                                                         clk (net)
                      0.132912    0.000000   30.092459 ^ clkbuf_0_clk/A (sky130_fd_sc_hd__clkbuf_16)
     8    0.108967    0.123112    0.223171   30.315630 ^ clkbuf_0_clk/X (sky130_fd_sc_hd__clkbuf_16)
                                                         clknet_0_clk (net)
                      0.123241    0.003197   30.318827 ^ clkbuf_3_1__f_clk/A (sky130_fd_sc_hd__clkbuf_16)
    12    0.043307    0.062829    0.173113   30.491941 ^ clkbuf_3_1__f_clk/X (sky130_fd_sc_hd__clkbuf_16)
                                                         clknet_3_1__leaf_clk (net)
                      0.062829    0.000096   30.492037 ^ spi_out.shift_reg[8]_sky130_fd_sc_hd__dfrtp_2_Q/CLK (sky130_fd_sc_hd__dfrtp_1)
                                 -0.250000   30.242035   clock uncertainty
                                  0.000000   30.242035   clock reconvergence pessimism
                                  0.238271   30.480305   library recovery time
                                             30.480305   data required time
---------------------------------------------------------------------------------------------
                                             30.480305   data required time
                                             -6.749177   data arrival time
---------------------------------------------------------------------------------------------
                                             23.731129   slack (MET)


Startpoint: reset (input port clocked by clk)
Endpoint: spi_out.shift_reg[7]_sky130_fd_sc_hd__dfrtp_2_Q
          (recovery check against rising-edge clock clk)
Path Group: asynchronous
Path Type: max

Fanout         Cap        Slew       Delay        Time   Description
---------------------------------------------------------------------------------------------
                                  0.000000    0.000000   clock clk (rise edge)
                                  0.000000    0.000000   clock network delay (propagated)
                                  6.000000    6.000000 v input external delay
     1    0.002519    0.007983    0.003938    6.003938 v reset (in)
                                                         reset (net)
                      0.007983    0.000000    6.003938 v input1/A (sky130_fd_sc_hd__clkbuf_1)
     1    0.002900    0.026986    0.072522    6.076460 v input1/X (sky130_fd_sc_hd__clkbuf_1)
                                                         net1 (net)
                      0.026986    0.000010    6.076470 v fanout35/A (sky130_fd_sc_hd__clkbuf_4)
     5    0.041249    0.092196    0.185337    6.261807 v fanout35/X (sky130_fd_sc_hd__clkbuf_4)
                                                         net35 (net)
                      0.092197    0.000449    6.262256 v fanout28/A (sky130_fd_sc_hd__clkbuf_4)
     5    0.042927    0.095025    0.215986    6.478242 v fanout28/X (sky130_fd_sc_hd__clkbuf_4)
                                                         net28 (net)
                      0.095025    0.000006    6.478248 v fanout27/A (sky130_fd_sc_hd__clkbuf_4)
     6    0.038166    0.086402    0.211131    6.689380 v fanout27/X (sky130_fd_sc_hd__clkbuf_4)
                                                         net27 (net)
                      0.086403    0.000447    6.689826 v spi_out.shift_reg[7]_sky130_fd_sc_hd__dfrtp_2_Q_RESET_B_sky130_fd_sc_hd__inv_2_Y/A (sky130_fd_sc_hd__inv_2)
     1    0.003854    0.035421    0.059253    6.749080 ^ spi_out.shift_reg[7]_sky130_fd_sc_hd__dfrtp_2_Q_RESET_B_sky130_fd_sc_hd__inv_2_Y/Y (sky130_fd_sc_hd__inv_2)
                                                         spi_out.shift_reg[7]_sky130_fd_sc_hd__dfrtp_2_Q_RESET_B (net)
                      0.035421    0.000005    6.749084 ^ spi_out.shift_reg[7]_sky130_fd_sc_hd__dfrtp_2_Q/RESET_B (sky130_fd_sc_hd__dfrtp_1)
                                              6.749084   data arrival time

                                 30.000000   30.000000   clock clk (rise edge)
                                  0.000000   30.000000   clock source latency
     1    0.028310    0.132872    0.092459   30.092459 ^ clk (in)
                                                         clk (net)
                      0.132912    0.000000   30.092459 ^ clkbuf_0_clk/A (sky130_fd_sc_hd__clkbuf_16)
     8    0.108967    0.123112    0.223171   30.315630 ^ clkbuf_0_clk/X (sky130_fd_sc_hd__clkbuf_16)
                                                         clknet_0_clk (net)
                      0.123241    0.003197   30.318827 ^ clkbuf_3_1__f_clk/A (sky130_fd_sc_hd__clkbuf_16)
    12    0.043307    0.062829    0.173113   30.491941 ^ clkbuf_3_1__f_clk/X (sky130_fd_sc_hd__clkbuf_16)
                                                         clknet_3_1__leaf_clk (net)
                      0.062829    0.000131   30.492071 ^ spi_out.shift_reg[7]_sky130_fd_sc_hd__dfrtp_2_Q/CLK (sky130_fd_sc_hd__dfrtp_1)
                                 -0.250000   30.242071   clock uncertainty
                                  0.000000   30.242071   clock reconvergence pessimism
                                  0.238271   30.480341   library recovery time
                                             30.480341   data required time
---------------------------------------------------------------------------------------------
                                             30.480341   data required time
                                             -6.749084   data arrival time
---------------------------------------------------------------------------------------------
                                             23.731256   slack (MET)


Startpoint: reset (input port clocked by clk)
Endpoint: spi_out.shift_reg[13]_sky130_fd_sc_hd__dfrtp_2_Q
          (recovery check against rising-edge clock clk)
Path Group: asynchronous
Path Type: max

Fanout         Cap        Slew       Delay        Time   Description
---------------------------------------------------------------------------------------------
                                  0.000000    0.000000   clock clk (rise edge)
                                  0.000000    0.000000   clock network delay (propagated)
                                  6.000000    6.000000 v input external delay
     1    0.002519    0.007983    0.003938    6.003938 v reset (in)
                                                         reset (net)
                      0.007983    0.000000    6.003938 v input1/A (sky130_fd_sc_hd__clkbuf_1)
     1    0.002900    0.026986    0.072522    6.076460 v input1/X (sky130_fd_sc_hd__clkbuf_1)
                                                         net1 (net)
                      0.026986    0.000010    6.076470 v fanout35/A (sky130_fd_sc_hd__clkbuf_4)
     5    0.041249    0.092196    0.185337    6.261807 v fanout35/X (sky130_fd_sc_hd__clkbuf_4)
                                                         net35 (net)
                      0.092197    0.000449    6.262256 v fanout28/A (sky130_fd_sc_hd__clkbuf_4)
     5    0.042927    0.095025    0.215986    6.478242 v fanout28/X (sky130_fd_sc_hd__clkbuf_4)
                                                         net28 (net)
                      0.095025    0.000006    6.478248 v fanout27/A (sky130_fd_sc_hd__clkbuf_4)
     6    0.038166    0.086402    0.211131    6.689380 v fanout27/X (sky130_fd_sc_hd__clkbuf_4)
                                                         net27 (net)
                      0.086402    0.000107    6.689487 v spi_out.shift_reg[13]_sky130_fd_sc_hd__dfrtp_2_Q_RESET_B_sky130_fd_sc_hd__inv_2_Y/A (sky130_fd_sc_hd__inv_2)
     1    0.003857    0.035429    0.059264    6.748751 ^ spi_out.shift_reg[13]_sky130_fd_sc_hd__dfrtp_2_Q_RESET_B_sky130_fd_sc_hd__inv_2_Y/Y (sky130_fd_sc_hd__inv_2)
                                                         spi_out.shift_reg[13]_sky130_fd_sc_hd__dfrtp_2_Q_RESET_B (net)
                      0.035429    0.000005    6.748756 ^ spi_out.shift_reg[13]_sky130_fd_sc_hd__dfrtp_2_Q/RESET_B (sky130_fd_sc_hd__dfrtp_1)
                                              6.748756   data arrival time

                                 30.000000   30.000000   clock clk (rise edge)
                                  0.000000   30.000000   clock source latency
     1    0.028310    0.132872    0.092459   30.092459 ^ clk (in)
                                                         clk (net)
                      0.132912    0.000000   30.092459 ^ clkbuf_0_clk/A (sky130_fd_sc_hd__clkbuf_16)
     8    0.108967    0.123112    0.223171   30.315630 ^ clkbuf_0_clk/X (sky130_fd_sc_hd__clkbuf_16)
                                                         clknet_0_clk (net)
                      0.123241    0.003197   30.318827 ^ clkbuf_3_1__f_clk/A (sky130_fd_sc_hd__clkbuf_16)
    12    0.043307    0.062829    0.173113   30.491941 ^ clkbuf_3_1__f_clk/X (sky130_fd_sc_hd__clkbuf_16)
                                                         clknet_3_1__leaf_clk (net)
                      0.062829    0.000139   30.492079 ^ spi_out.shift_reg[13]_sky130_fd_sc_hd__dfrtp_2_Q/CLK (sky130_fd_sc_hd__dfrtp_1)
                                 -0.250000   30.242079   clock uncertainty
                                  0.000000   30.242079   clock reconvergence pessimism
                                  0.238269   30.480349   library recovery time
                                             30.480349   data required time
---------------------------------------------------------------------------------------------
                                             30.480349   data required time
                                             -6.748756   data arrival time
---------------------------------------------------------------------------------------------
                                             23.731592   slack (MET)


Startpoint: filter.y_out[10]_sky130_fd_sc_hd__dfrtp_2_Q
            (rising edge-triggered flip-flop clocked by clk)
Endpoint: filter.y_out[11]_sky130_fd_sc_hd__dfrtp_2_Q
          (rising edge-triggered flip-flop clocked by clk)
Path Group: clk
Path Type: max

Fanout         Cap        Slew       Delay        Time   Description
---------------------------------------------------------------------------------------------
                                  0.000000    0.000000   clock clk (rise edge)
                                  0.000000    0.000000   clock source latency
     1    0.028310    0.132872    0.092458    0.092458 ^ clk (in)
                                                         clk (net)
                      0.132912    0.000000    0.092458 ^ clkbuf_0_clk/A (sky130_fd_sc_hd__clkbuf_16)
     8    0.108967    0.123112    0.223171    0.315629 ^ clkbuf_0_clk/X (sky130_fd_sc_hd__clkbuf_16)
                                                         clknet_0_clk (net)
                      0.123380    0.004579    0.320208 ^ clkbuf_3_3__f_clk/A (sky130_fd_sc_hd__clkbuf_16)
     6    0.036229    0.056559    0.167876    0.488085 ^ clkbuf_3_3__f_clk/X (sky130_fd_sc_hd__clkbuf_16)
                                                         clknet_3_3__leaf_clk (net)
                      0.056559    0.000155    0.488240 ^ filter.y_out[10]_sky130_fd_sc_hd__dfrtp_2_Q/CLK (sky130_fd_sc_hd__dfrtp_1)
     3    0.013643    0.086125    0.410728    0.898968 v filter.y_out[10]_sky130_fd_sc_hd__dfrtp_2_Q/Q (sky130_fd_sc_hd__dfrtp_1)
                                                         filter.y_out[10] (net)
                      0.086125    0.000130    0.899098 v fanout24/A (sky130_fd_sc_hd__buf_4)
    10    0.057813    0.082333    0.211466    1.110564 v fanout24/X (sky130_fd_sc_hd__buf_4)
                                                         net24 (net)
                      0.082333    0.000408    1.110972 v filter.x_in[12]_sky130_fd_sc_hd__a21oi_2_A1_B1_sky130_fd_sc_hd__and3_2_X_B_sky130_fd_sc_hd__a22o_2_X_A1_sky130_fd_sc_hd__nand2_2_Y_A_sky130_fd_sc_hd__or2_2_X/A (sky130_fd_sc_hd__or2_2)
     7    0.021140    0.100430    0.368876    1.479848 v filter.x_in[12]_sky130_fd_sc_hd__a21oi_2_A1_B1_sky130_fd_sc_hd__and3_2_X_B_sky130_fd_sc_hd__a22o_2_X_A1_sky130_fd_sc_hd__nand2_2_Y_A_sky130_fd_sc_hd__or2_2_X/X (sky130_fd_sc_hd__or2_2)
                                                         filter.x_in[12]_sky130_fd_sc_hd__a21oi_2_A1_B1_sky130_fd_sc_hd__and3_2_X_B_sky130_fd_sc_hd__a22o_2_X_A1_sky130_fd_sc_hd__nand2_2_Y_A (net)
                      0.100430    0.000056    1.479904 v filter.x_in[10]_sky130_fd_sc_hd__or2_2_A_B_sky130_fd_sc_hd__xor2_2_X_B_sky130_fd_sc_hd__a31o_2_X_A3_sky130_fd_sc_hd__xnor2_2_Y_B_sky130_fd_sc_hd__nand2b_2_Y_B_sky130_fd_sc_hd__a21o_2_X/A1 (sky130_fd_sc_hd__a21o_1)
     2    0.004996    0.043708    0.183475    1.663378 v filter.x_in[10]_sky130_fd_sc_hd__or2_2_A_B_sky130_fd_sc_hd__xor2_2_X_B_sky130_fd_sc_hd__a31o_2_X_A3_sky130_fd_sc_hd__xnor2_2_Y_B_sky130_fd_sc_hd__nand2b_2_Y_B_sky130_fd_sc_hd__a21o_2_X/X (sky130_fd_sc_hd__a21o_1)
                                                         filter.x_in[10]_sky130_fd_sc_hd__or2_2_A_B_sky130_fd_sc_hd__xor2_2_X_B_sky130_fd_sc_hd__a31o_2_X_A3_sky130_fd_sc_hd__xnor2_2_Y_B_sky130_fd_sc_hd__nand2b_2_Y_B (net)
                      0.043708    0.000004    1.663383 v filter.x_in[9]_sky130_fd_sc_hd__xnor2_2_A_B_sky130_fd_sc_hd__xor2_2_X_A_sky130_fd_sc_hd__xnor2_2_Y_A_sky130_fd_sc_hd__a21o_2_X_B1_sky130_fd_sc_hd__a311o_2_B1/A3 (sky130_fd_sc_hd__a311o_1)
     2    0.013388    0.102748    0.401752    2.065135 v filter.x_in[9]_sky130_fd_sc_hd__xnor2_2_A_B_sky130_fd_sc_hd__xor2_2_X_A_sky130_fd_sc_hd__xnor2_2_Y_A_sky130_fd_sc_hd__a21o_2_X_B1_sky130_fd_sc_hd__a311o_2_B1/X (sky130_fd_sc_hd__a311o_1)
                                                         filter.x_in[9]_sky130_fd_sc_hd__xnor2_2_A_B_sky130_fd_sc_hd__xor2_2_X_A_sky130_fd_sc_hd__xnor2_2_Y_A_sky130_fd_sc_hd__a21o_2_X_B1_sky130_fd_sc_hd__a311o_2_B1_X (net)
                      0.102748    0.000469    2.065604 v fanout12/A (sky130_fd_sc_hd__clkbuf_4)
    10    0.041395    0.092038    0.219799    2.285403 v fanout12/X (sky130_fd_sc_hd__clkbuf_4)
                                                         net12 (net)
                      0.092039    0.000486    2.285889 v filter.x_in[3]_sky130_fd_sc_hd__a21oi_2_B1_Y_sky130_fd_sc_hd__o31a_2_A3_A1_sky130_fd_sc_hd__a21oi_2_Y_A2_sky130_fd_sc_hd__or2_2_X_B_sky130_fd_sc_hd__xor2_2_B/A (sky130_fd_sc_hd__xor2_1)
     1    0.005296    0.092157    0.184308    2.470196 v filter.x_in[3]_sky130_fd_sc_hd__a21oi_2_B1_Y_sky130_fd_sc_hd__o31a_2_A3_A1_sky130_fd_sc_hd__a21oi_2_Y_A2_sky130_fd_sc_hd__or2_2_X_B_sky130_fd_sc_hd__xor2_2_B/X (sky130_fd_sc_hd__xor2_1)
                                                         filter.x_in[3]_sky130_fd_sc_hd__a21oi_2_B1_Y_sky130_fd_sc_hd__o31a_2_A3_A1_sky130_fd_sc_hd__a21oi_2_Y_A1_sky130_fd_sc_hd__xnor2_2_A_B (net)
                      0.092157    0.000020    2.470216 v filter.x_in[3]_sky130_fd_sc_hd__a21oi_2_B1_Y_sky130_fd_sc_hd__o31a_2_A3_A1_sky130_fd_sc_hd__a21oi_2_Y_A1_sky130_fd_sc_hd__xnor2_2_A/B (sky130_fd_sc_hd__xnor2_1)
     2    0.008609    0.084242    0.170304    2.640520 v filter.x_in[3]_sky130_fd_sc_hd__a21oi_2_B1_Y_sky130_fd_sc_hd__o31a_2_A3_A1_sky130_fd_sc_hd__a21oi_2_Y_A1_sky130_fd_sc_hd__xnor2_2_A/Y (sky130_fd_sc_hd__xnor2_1)
                                                         filter.x_in[3]_sky130_fd_sc_hd__a21oi_2_B1_Y_sky130_fd_sc_hd__o31a_2_A3_A1_sky130_fd_sc_hd__a21oi_2_Y_A1_sky130_fd_sc_hd__xnor2_2_A_Y (net)
                      0.084242    0.000079    2.640599 v filter.x_in[3]_sky130_fd_sc_hd__a21oi_2_B1_Y_sky130_fd_sc_hd__o31a_2_A3_A1_sky130_fd_sc_hd__a21oi_2_Y_A1_sky130_fd_sc_hd__xnor2_2_A_Y_sky130_fd_sc_hd__o31a_2_A2/A2 (sky130_fd_sc_hd__o31a_1)
     2    0.007182    0.067319    0.310106    2.950705 v filter.x_in[3]_sky130_fd_sc_hd__a21oi_2_B1_Y_sky130_fd_sc_hd__o31a_2_A3_A1_sky130_fd_sc_hd__a21oi_2_Y_A1_sky130_fd_sc_hd__xnor2_2_A_Y_sky130_fd_sc_hd__o31a_2_A2/X (sky130_fd_sc_hd__o31a_1)
                                                         filter.x_in[2]_sky130_fd_sc_hd__inv_2_A_Y_sky130_fd_sc_hd__o2bb2ai_2_B2_Y_sky130_fd_sc_hd__xor2_2_A_X_sky130_fd_sc_hd__xnor2_2_A_B_sky130_fd_sc_hd__xnor2_2_Y_B (net)
                      0.067319    0.000044    2.950749 v filter.x_in[2]_sky130_fd_sc_hd__inv_2_A_Y_sky130_fd_sc_hd__o2bb2ai_2_B2_Y_sky130_fd_sc_hd__xor2_2_A_X_sky130_fd_sc_hd__xnor2_2_A_B_sky130_fd_sc_hd__xnor2_2_Y/B (sky130_fd_sc_hd__xnor2_1)
     2    0.008651    0.237141    0.223508    3.174258 ^ filter.x_in[2]_sky130_fd_sc_hd__inv_2_A_Y_sky130_fd_sc_hd__o2bb2ai_2_B2_Y_sky130_fd_sc_hd__xor2_2_A_X_sky130_fd_sc_hd__xnor2_2_A_B_sky130_fd_sc_hd__xnor2_2_Y/Y (sky130_fd_sc_hd__xnor2_1)
                                                         filter.x_in[2]_sky130_fd_sc_hd__inv_2_A_Y_sky130_fd_sc_hd__o2bb2ai_2_B2_Y_sky130_fd_sc_hd__xor2_2_A_X_sky130_fd_sc_hd__xnor2_2_A_B (net)
                      0.237141    0.000040    3.174297 ^ filter.x_in[2]_sky130_fd_sc_hd__inv_2_A_Y_sky130_fd_sc_hd__o2bb2ai_2_B2_Y_sky130_fd_sc_hd__xor2_2_A_X_sky130_fd_sc_hd__xnor2_2_A/B (sky130_fd_sc_hd__xnor2_1)
     3    0.010872    0.273657    0.209975    3.384273 ^ filter.x_in[2]_sky130_fd_sc_hd__inv_2_A_Y_sky130_fd_sc_hd__o2bb2ai_2_B2_Y_sky130_fd_sc_hd__xor2_2_A_X_sky130_fd_sc_hd__xnor2_2_A/Y (sky130_fd_sc_hd__xnor2_1)
                                                         filter.x_in[2]_sky130_fd_sc_hd__inv_2_A_Y_sky130_fd_sc_hd__o2bb2ai_2_B2_Y_sky130_fd_sc_hd__xor2_2_A_X_sky130_fd_sc_hd__xnor2_2_A_Y (net)
                      0.273657    0.000148    3.384421 ^ filter.x_in[2]_sky130_fd_sc_hd__inv_2_A_Y_sky130_fd_sc_hd__o2bb2ai_2_B2_Y_sky130_fd_sc_hd__xor2_2_A_X_sky130_fd_sc_hd__xnor2_2_A_Y_sky130_fd_sc_hd__and3_2_C/C (sky130_fd_sc_hd__and3_1)
     2    0.004496    0.068302    0.207115    3.591536 ^ filter.x_in[2]_sky130_fd_sc_hd__inv_2_A_Y_sky130_fd_sc_hd__o2bb2ai_2_B2_Y_sky130_fd_sc_hd__xor2_2_A_X_sky130_fd_sc_hd__xnor2_2_A_Y_sky130_fd_sc_hd__and3_2_C/X (sky130_fd_sc_hd__and3_1)
                                                         filter.x_in[2]_sky130_fd_sc_hd__inv_2_A_Y_sky130_fd_sc_hd__o2bb2ai_2_B2_Y_sky130_fd_sc_hd__xor2_2_A_X_sky130_fd_sc_hd__xnor2_2_A_Y_sky130_fd_sc_hd__and3_2_C_X (net)
                      0.068302    0.000010    3.591546 ^ filter.x_in[2]_sky130_fd_sc_hd__inv_2_A_Y_sky130_fd_sc_hd__o2bb2ai_2_B2_Y_sky130_fd_sc_hd__xor2_2_A_X_sky130_fd_sc_hd__xnor2_2_A_Y_sky130_fd_sc_hd__and3_2_C_X_sky130_fd_sc_hd__nor2_2_B/B (sky130_fd_sc_hd__nor2_1)
     1    0.005327    0.050540    0.051980    3.643526 v filter.x_in[2]_sky130_fd_sc_hd__inv_2_A_Y_sky130_fd_sc_hd__o2bb2ai_2_B2_Y_sky130_fd_sc_hd__xor2_2_A_X_sky130_fd_sc_hd__xnor2_2_A_Y_sky130_fd_sc_hd__and3_2_C_X_sky130_fd_sc_hd__nor2_2_B/Y (sky130_fd_sc_hd__nor2_1)
                                                         filter.x_in[2]_sky130_fd_sc_hd__inv_2_A_Y_sky130_fd_sc_hd__xnor2_2_A_Y_sky130_fd_sc_hd__and2b_2_A_N_X_sky130_fd_sc_hd__a41oi_2_B1_Y_sky130_fd_sc_hd__xnor2_2_A_B (net)
                      0.050540    0.000020    3.643546 v filter.x_in[2]_sky130_fd_sc_hd__inv_2_A_Y_sky130_fd_sc_hd__xnor2_2_A_Y_sky130_fd_sc_hd__and2b_2_A_N_X_sky130_fd_sc_hd__a41oi_2_B1_Y_sky130_fd_sc_hd__xnor2_2_A/B (sky130_fd_sc_hd__xnor2_1)
     2    0.007306    0.209962    0.196705    3.840251 ^ filter.x_in[2]_sky130_fd_sc_hd__inv_2_A_Y_sky130_fd_sc_hd__xnor2_2_A_Y_sky130_fd_sc_hd__and2b_2_A_N_X_sky130_fd_sc_hd__a41oi_2_B1_Y_sky130_fd_sc_hd__xnor2_2_A/Y (sky130_fd_sc_hd__xnor2_1)
                                                         filter.x_in[2]_sky130_fd_sc_hd__inv_2_A_Y_sky130_fd_sc_hd__xnor2_2_A_Y_sky130_fd_sc_hd__and2b_2_A_N_X_sky130_fd_sc_hd__a41oi_2_B1_Y_sky130_fd_sc_hd__xnor2_2_A_Y (net)
                      0.209962    0.000019    3.840271 ^ filter.x_in[0]_sky130_fd_sc_hd__o21ai_2_A1_Y_sky130_fd_sc_hd__and2b_2_A_N_X_sky130_fd_sc_hd__o21ai_2_A2_Y_sky130_fd_sc_hd__xnor2_2_A_B_sky130_fd_sc_hd__xnor2_2_Y/A (sky130_fd_sc_hd__xnor2_1)
     2    0.007769    0.091728    0.135183    3.975453 v filter.x_in[0]_sky130_fd_sc_hd__o21ai_2_A1_Y_sky130_fd_sc_hd__and2b_2_A_N_X_sky130_fd_sc_hd__o21ai_2_A2_Y_sky130_fd_sc_hd__xnor2_2_A_B_sky130_fd_sc_hd__xnor2_2_Y/Y (sky130_fd_sc_hd__xnor2_1)
                                                         filter.x_in[0]_sky130_fd_sc_hd__o21ai_2_A1_Y_sky130_fd_sc_hd__and2b_2_A_N_X_sky130_fd_sc_hd__o21ai_2_A2_Y_sky130_fd_sc_hd__xnor2_2_A_B (net)
                      0.091728    0.000020    3.975472 v filter.x_in[0]_sky130_fd_sc_hd__o21ai_2_A1_Y_sky130_fd_sc_hd__and2b_2_A_N_X_sky130_fd_sc_hd__o21ai_2_A2_Y_sky130_fd_sc_hd__xnor2_2_A/B (sky130_fd_sc_hd__xnor2_1)
     3    0.010771    0.280089    0.265126    4.240598 ^ filter.x_in[0]_sky130_fd_sc_hd__o21ai_2_A1_Y_sky130_fd_sc_hd__and2b_2_A_N_X_sky130_fd_sc_hd__o21ai_2_A2_Y_sky130_fd_sc_hd__xnor2_2_A/Y (sky130_fd_sc_hd__xnor2_1)
                                                         filter.y_out[2]_sky130_fd_sc_hd__dfrtp_2_Q_D_sky130_fd_sc_hd__xor2_2_X_A_sky130_fd_sc_hd__xor2_2_X_A_sky130_fd_sc_hd__nand2_2_Y_B (net)
                      0.280089    0.000083    4.240681 ^ filter.y_out[2]_sky130_fd_sc_hd__dfrtp_2_Q_D_sky130_fd_sc_hd__xor2_2_X_B_sky130_fd_sc_hd__a21bo_2_X_B1_N_sky130_fd_sc_hd__or4b_2_X/D_N (sky130_fd_sc_hd__or4b_1)
     2    0.005959    0.102032    0.493398    4.734079 v filter.y_out[2]_sky130_fd_sc_hd__dfrtp_2_Q_D_sky130_fd_sc_hd__xor2_2_X_B_sky130_fd_sc_hd__a21bo_2_X_B1_N_sky130_fd_sc_hd__or4b_2_X/X (sky130_fd_sc_hd__or4b_1)
                                                         filter.y_out[2]_sky130_fd_sc_hd__dfrtp_2_Q_D_sky130_fd_sc_hd__xor2_2_X_B_sky130_fd_sc_hd__a21bo_2_X_B1_N (net)
                      0.102032    0.000055    4.734134 v filter.y_out[2]_sky130_fd_sc_hd__dfrtp_2_Q_D_sky130_fd_sc_hd__xor2_2_X_A_sky130_fd_sc_hd__xor2_2_X_A_sky130_fd_sc_hd__a21oi_2_A1/A2 (sky130_fd_sc_hd__a21oi_1)
     1    0.003092    0.112462    0.162044    4.896178 ^ filter.y_out[2]_sky130_fd_sc_hd__dfrtp_2_Q_D_sky130_fd_sc_hd__xor2_2_X_A_sky130_fd_sc_hd__xor2_2_X_A_sky130_fd_sc_hd__a21oi_2_A1/Y (sky130_fd_sc_hd__a21oi_1)
                                                         filter.y_out[2]_sky130_fd_sc_hd__dfrtp_2_Q_D_sky130_fd_sc_hd__xor2_2_X_A_sky130_fd_sc_hd__a31o_2_A3_B1 (net)
                      0.112462    0.000008    4.896186 ^ filter.y_out[2]_sky130_fd_sc_hd__dfrtp_2_Q_D_sky130_fd_sc_hd__xor2_2_X_A_sky130_fd_sc_hd__a31o_2_A3/B1 (sky130_fd_sc_hd__a31o_1)
     3    0.012160    0.126544    0.171066    5.067252 ^ filter.y_out[2]_sky130_fd_sc_hd__dfrtp_2_Q_D_sky130_fd_sc_hd__xor2_2_X_A_sky130_fd_sc_hd__a31o_2_A3/X (sky130_fd_sc_hd__a31o_1)
                                                         filter.y_out[3]_sky130_fd_sc_hd__dfrtp_2_Q_D_sky130_fd_sc_hd__nor2_2_Y_A_sky130_fd_sc_hd__and2b_2_X_B (net)
                      0.126544    0.000259    5.067512 ^ filter.y_out[5]_sky130_fd_sc_hd__dfrtp_2_Q_D_sky130_fd_sc_hd__xor2_2_X_A_sky130_fd_sc_hd__nor2_2_Y_A_sky130_fd_sc_hd__nor3b_2_Y/C_N (sky130_fd_sc_hd__nor3b_1)
     2    0.009242    0.343685    0.330398    5.397910 ^ filter.y_out[5]_sky130_fd_sc_hd__dfrtp_2_Q_D_sky130_fd_sc_hd__xor2_2_X_A_sky130_fd_sc_hd__nor2_2_Y_A_sky130_fd_sc_hd__nor3b_2_Y/Y (sky130_fd_sc_hd__nor3b_1)
                                                         filter.y_out[5]_sky130_fd_sc_hd__dfrtp_2_Q_D_sky130_fd_sc_hd__xor2_2_X_A_sky130_fd_sc_hd__nor2_2_Y_A (net)
                      0.343685    0.000109    5.398019 ^ filter.y_out[5]_sky130_fd_sc_hd__dfrtp_2_Q_D_sky130_fd_sc_hd__xor2_2_X_B_sky130_fd_sc_hd__o21bai_2_B1_N/A1 (sky130_fd_sc_hd__o21bai_2)
     3    0.016567    0.113668    0.169734    5.567753 v filter.y_out[5]_sky130_fd_sc_hd__dfrtp_2_Q_D_sky130_fd_sc_hd__xor2_2_X_B_sky130_fd_sc_hd__o21bai_2_B1_N/Y (sky130_fd_sc_hd__o21bai_2)
                                                         filter.y_out[6]_sky130_fd_sc_hd__dfrtp_2_Q_D_sky130_fd_sc_hd__xnor2_2_Y_A_sky130_fd_sc_hd__nand2_2_Y_B (net)
                      0.113669    0.000587    5.568339 v filter.y_out[6]_sky130_fd_sc_hd__dfrtp_2_Q_D_sky130_fd_sc_hd__xnor2_2_Y_B_sky130_fd_sc_hd__o311a_2_A2/A1 (sky130_fd_sc_hd__o311a_2)
     4    0.021549    0.099864    0.478454    6.046793 v filter.y_out[6]_sky130_fd_sc_hd__dfrtp_2_Q_D_sky130_fd_sc_hd__xnor2_2_Y_B_sky130_fd_sc_hd__o311a_2_A2/X (sky130_fd_sc_hd__o311a_2)
                                                         filter.y_out[6]_sky130_fd_sc_hd__dfrtp_2_Q_D_sky130_fd_sc_hd__xnor2_2_Y_B_sky130_fd_sc_hd__o311a_2_A2_X (net)
                      0.099871    0.000912    6.047705 v filter.y_out[11]_sky130_fd_sc_hd__dfrtp_2_Q_D_sky130_fd_sc_hd__xnor2_2_Y_B_sky130_fd_sc_hd__o21ai_2_Y/A1 (sky130_fd_sc_hd__o21ai_1)
     2    0.009819    0.217750    0.236126    6.283831 ^ filter.y_out[11]_sky130_fd_sc_hd__dfrtp_2_Q_D_sky130_fd_sc_hd__xnor2_2_Y_B_sky130_fd_sc_hd__o21ai_2_Y/Y (sky130_fd_sc_hd__o21ai_1)
                                                         filter.y_out[11]_sky130_fd_sc_hd__dfrtp_2_Q_D_sky130_fd_sc_hd__xnor2_2_Y_B (net)
                      0.217750    0.000107    6.283937 ^ filter.y_out[11]_sky130_fd_sc_hd__dfrtp_2_Q_D_sky130_fd_sc_hd__xnor2_2_Y/B (sky130_fd_sc_hd__xnor2_1)
     1    0.003210    0.126640    0.147292    6.431230 ^ filter.y_out[11]_sky130_fd_sc_hd__dfrtp_2_Q_D_sky130_fd_sc_hd__xnor2_2_Y/Y (sky130_fd_sc_hd__xnor2_1)
                                                         filter.y_out[11]_sky130_fd_sc_hd__dfrtp_2_Q_D (net)
                      0.126640    0.000013    6.431243 ^ filter.y_out[11]_sky130_fd_sc_hd__dfrtp_2_Q/D (sky130_fd_sc_hd__dfrtp_2)
                                              6.431243   data arrival time

                                 30.000000   30.000000   clock clk (rise edge)
                                  0.000000   30.000000   clock source latency
     1    0.028310    0.132872    0.092459   30.092459 ^ clk (in)
                                                         clk (net)
                      0.132912    0.000000   30.092459 ^ clkbuf_0_clk/A (sky130_fd_sc_hd__clkbuf_16)
     8    0.108967    0.123112    0.223171   30.315630 ^ clkbuf_0_clk/X (sky130_fd_sc_hd__clkbuf_16)
                                                         clknet_0_clk (net)
                      0.123417    0.004874   30.320505 ^ clkbuf_3_2__f_clk/A (sky130_fd_sc_hd__clkbuf_16)
     9    0.042714    0.062286    0.172658   30.493162 ^ clkbuf_3_2__f_clk/X (sky130_fd_sc_hd__clkbuf_16)
                                                         clknet_3_2__leaf_clk (net)
                      0.062290    0.000561   30.493725 ^ filter.y_out[11]_sky130_fd_sc_hd__dfrtp_2_Q/CLK (sky130_fd_sc_hd__dfrtp_2)
                                 -0.250000   30.243723   clock uncertainty
                                  0.000000   30.243723   clock reconvergence pessimism
                                 -0.079861   30.163862   library setup time
                                             30.163862   data required time
---------------------------------------------------------------------------------------------
                                             30.163862   data required time
                                             -6.431243   data arrival time
---------------------------------------------------------------------------------------------
                                             23.732618   slack (MET)


Startpoint: reset (input port clocked by clk)
Endpoint: filter.y_out[13]_sky130_fd_sc_hd__dfrtp_2_Q
          (recovery check against rising-edge clock clk)
Path Group: asynchronous
Path Type: max

Fanout         Cap        Slew       Delay        Time   Description
---------------------------------------------------------------------------------------------
                                  0.000000    0.000000   clock clk (rise edge)
                                  0.000000    0.000000   clock network delay (propagated)
                                  6.000000    6.000000 v input external delay
     1    0.002519    0.007983    0.003938    6.003938 v reset (in)
                                                         reset (net)
                      0.007983    0.000000    6.003938 v input1/A (sky130_fd_sc_hd__clkbuf_1)
     1    0.002900    0.026986    0.072522    6.076460 v input1/X (sky130_fd_sc_hd__clkbuf_1)
                                                         net1 (net)
                      0.026986    0.000010    6.076470 v fanout35/A (sky130_fd_sc_hd__clkbuf_4)
     5    0.041249    0.092196    0.185337    6.261807 v fanout35/X (sky130_fd_sc_hd__clkbuf_4)
                                                         net35 (net)
                      0.092197    0.000449    6.262256 v fanout28/A (sky130_fd_sc_hd__clkbuf_4)
     5    0.042927    0.095025    0.215986    6.478242 v fanout28/X (sky130_fd_sc_hd__clkbuf_4)
                                                         net28 (net)
                      0.095050    0.001546    6.479788 v fanout25/A (sky130_fd_sc_hd__clkbuf_8)
    10    0.064384    0.080856    0.207947    6.687736 v fanout25/X (sky130_fd_sc_hd__clkbuf_8)
                                                         net25 (net)
                      0.080876    0.001245    6.688980 v filter.y_out[13]_sky130_fd_sc_hd__dfrtp_2_Q_RESET_B_sky130_fd_sc_hd__inv_2_Y/A (sky130_fd_sc_hd__inv_2)
     1    0.003995    0.034715    0.057939    6.746919 ^ filter.y_out[13]_sky130_fd_sc_hd__dfrtp_2_Q_RESET_B_sky130_fd_sc_hd__inv_2_Y/Y (sky130_fd_sc_hd__inv_2)
                                                         filter.y_out[13]_sky130_fd_sc_hd__dfrtp_2_Q_RESET_B (net)
                      0.034715    0.000006    6.746925 ^ filter.y_out[13]_sky130_fd_sc_hd__dfrtp_2_Q/RESET_B (sky130_fd_sc_hd__dfrtp_1)
                                              6.746925   data arrival time

                                 30.000000   30.000000   clock clk (rise edge)
                                  0.000000   30.000000   clock source latency
     1    0.028310    0.132872    0.092459   30.092459 ^ clk (in)
                                                         clk (net)
                      0.132912    0.000000   30.092459 ^ clkbuf_0_clk/A (sky130_fd_sc_hd__clkbuf_16)
     8    0.108967    0.123112    0.223171   30.315630 ^ clkbuf_0_clk/X (sky130_fd_sc_hd__clkbuf_16)
                                                         clknet_0_clk (net)
                      0.123417    0.004874   30.320505 ^ clkbuf_3_2__f_clk/A (sky130_fd_sc_hd__clkbuf_16)
     9    0.042714    0.062286    0.172658   30.493162 ^ clkbuf_3_2__f_clk/X (sky130_fd_sc_hd__clkbuf_16)
                                                         clknet_3_2__leaf_clk (net)
                      0.062288    0.000465   30.493628 ^ filter.y_out[13]_sky130_fd_sc_hd__dfrtp_2_Q/CLK (sky130_fd_sc_hd__dfrtp_1)
                                 -0.250000   30.243628   clock uncertainty
                                  0.000000   30.243628   clock reconvergence pessimism
                                  0.238288   30.481915   library recovery time
                                             30.481915   data required time
---------------------------------------------------------------------------------------------
                                             30.481915   data required time
                                             -6.746925   data arrival time
---------------------------------------------------------------------------------------------
                                             23.734989   slack (MET)


Startpoint: reset (input port clocked by clk)
Endpoint: spi_in.shift_reg[14]_sky130_fd_sc_hd__dfrtp_2_Q
          (recovery check against rising-edge clock clk)
Path Group: asynchronous
Path Type: max

Fanout         Cap        Slew       Delay        Time   Description
---------------------------------------------------------------------------------------------
                                  0.000000    0.000000   clock clk (rise edge)
                                  0.000000    0.000000   clock network delay (propagated)
                                  6.000000    6.000000 v input external delay
     1    0.002519    0.007983    0.003938    6.003938 v reset (in)
                                                         reset (net)
                      0.007983    0.000000    6.003938 v input1/A (sky130_fd_sc_hd__clkbuf_1)
     1    0.002900    0.026986    0.072522    6.076460 v input1/X (sky130_fd_sc_hd__clkbuf_1)
                                                         net1 (net)
                      0.026986    0.000010    6.076470 v fanout35/A (sky130_fd_sc_hd__clkbuf_4)
     5    0.041249    0.092196    0.185337    6.261807 v fanout35/X (sky130_fd_sc_hd__clkbuf_4)
                                                         net35 (net)
                      0.092197    0.000449    6.262256 v fanout28/A (sky130_fd_sc_hd__clkbuf_4)
     5    0.042927    0.095025    0.215986    6.478242 v fanout28/X (sky130_fd_sc_hd__clkbuf_4)
                                                         net28 (net)
                      0.095050    0.001546    6.479788 v fanout25/A (sky130_fd_sc_hd__clkbuf_8)
    10    0.064384    0.080856    0.207947    6.687736 v fanout25/X (sky130_fd_sc_hd__clkbuf_8)
                                                         net25 (net)
                      0.080856    0.000257    6.687992 v spi_in.shift_reg[14]_sky130_fd_sc_hd__dfrtp_2_Q_RESET_B_sky130_fd_sc_hd__inv_2_Y/A (sky130_fd_sc_hd__inv_2)
     1    0.004034    0.034849    0.058113    6.746105 ^ spi_in.shift_reg[14]_sky130_fd_sc_hd__dfrtp_2_Q_RESET_B_sky130_fd_sc_hd__inv_2_Y/Y (sky130_fd_sc_hd__inv_2)
                                                         spi_in.shift_reg[14]_sky130_fd_sc_hd__dfrtp_2_Q_RESET_B (net)
                      0.034849    0.000007    6.746111 ^ spi_in.shift_reg[14]_sky130_fd_sc_hd__dfrtp_2_Q/RESET_B (sky130_fd_sc_hd__dfrtp_1)
                                              6.746111   data arrival time

                                 30.000000   30.000000   clock clk (rise edge)
                                  0.000000   30.000000   clock source latency
     1    0.028310    0.132872    0.092459   30.092459 ^ clk (in)
                                                         clk (net)
                      0.132912    0.000000   30.092459 ^ clkbuf_0_clk/A (sky130_fd_sc_hd__clkbuf_16)
     8    0.108967    0.123112    0.223171   30.315630 ^ clkbuf_0_clk/X (sky130_fd_sc_hd__clkbuf_16)
                                                         clknet_0_clk (net)
                      0.123417    0.004874   30.320505 ^ clkbuf_3_2__f_clk/A (sky130_fd_sc_hd__clkbuf_16)
     9    0.042714    0.062286    0.172658   30.493162 ^ clkbuf_3_2__f_clk/X (sky130_fd_sc_hd__clkbuf_16)
                                                         clknet_3_2__leaf_clk (net)
                      0.062286    0.000295   30.493458 ^ spi_in.shift_reg[14]_sky130_fd_sc_hd__dfrtp_2_Q/CLK (sky130_fd_sc_hd__dfrtp_1)
                                 -0.250000   30.243456   clock uncertainty
                                  0.000000   30.243456   clock reconvergence pessimism
                                  0.238253   30.481709   library recovery time
                                             30.481709   data required time
---------------------------------------------------------------------------------------------
                                             30.481709   data required time
                                             -6.746111   data arrival time
---------------------------------------------------------------------------------------------
                                             23.735598   slack (MET)


Startpoint: reset (input port clocked by clk)
Endpoint: filter.x_in[14]_sky130_fd_sc_hd__dfrtp_2_Q
          (recovery check against rising-edge clock clk)
Path Group: asynchronous
Path Type: max

Fanout         Cap        Slew       Delay        Time   Description
---------------------------------------------------------------------------------------------
                                  0.000000    0.000000   clock clk (rise edge)
                                  0.000000    0.000000   clock network delay (propagated)
                                  6.000000    6.000000 v input external delay
     1    0.002519    0.007983    0.003938    6.003938 v reset (in)
                                                         reset (net)
                      0.007983    0.000000    6.003938 v input1/A (sky130_fd_sc_hd__clkbuf_1)
     1    0.002900    0.026986    0.072522    6.076460 v input1/X (sky130_fd_sc_hd__clkbuf_1)
                                                         net1 (net)
                      0.026986    0.000010    6.076470 v fanout35/A (sky130_fd_sc_hd__clkbuf_4)
     5    0.041249    0.092196    0.185337    6.261807 v fanout35/X (sky130_fd_sc_hd__clkbuf_4)
                                                         net35 (net)
                      0.092197    0.000449    6.262256 v fanout28/A (sky130_fd_sc_hd__clkbuf_4)
     5    0.042927    0.095025    0.215986    6.478242 v fanout28/X (sky130_fd_sc_hd__clkbuf_4)
                                                         net28 (net)
                      0.095050    0.001546    6.479788 v fanout25/A (sky130_fd_sc_hd__clkbuf_8)
    10    0.064384    0.080856    0.207947    6.687736 v fanout25/X (sky130_fd_sc_hd__clkbuf_8)
                                                         net25 (net)
                      0.080857    0.000357    6.688093 v filter.x_in[14]_sky130_fd_sc_hd__dfrtp_2_Q_RESET_B_sky130_fd_sc_hd__inv_2_Y/A (sky130_fd_sc_hd__inv_2)
     1    0.003815    0.034083    0.057108    6.745201 ^ filter.x_in[14]_sky130_fd_sc_hd__dfrtp_2_Q_RESET_B_sky130_fd_sc_hd__inv_2_Y/Y (sky130_fd_sc_hd__inv_2)
                                                         filter.x_in[14]_sky130_fd_sc_hd__dfrtp_2_Q_RESET_B (net)
                      0.034083    0.000004    6.745205 ^ filter.x_in[14]_sky130_fd_sc_hd__dfrtp_2_Q/RESET_B (sky130_fd_sc_hd__dfrtp_1)
                                              6.745205   data arrival time

                                 30.000000   30.000000   clock clk (rise edge)
                                  0.000000   30.000000   clock source latency
     1    0.028310    0.132872    0.092459   30.092459 ^ clk (in)
                                                         clk (net)
                      0.132912    0.000000   30.092459 ^ clkbuf_0_clk/A (sky130_fd_sc_hd__clkbuf_16)
     8    0.108967    0.123112    0.223171   30.315630 ^ clkbuf_0_clk/X (sky130_fd_sc_hd__clkbuf_16)
                                                         clknet_0_clk (net)
                      0.123417    0.004874   30.320505 ^ clkbuf_3_2__f_clk/A (sky130_fd_sc_hd__clkbuf_16)
     9    0.042714    0.062286    0.172658   30.493162 ^ clkbuf_3_2__f_clk/X (sky130_fd_sc_hd__clkbuf_16)
                                                         clknet_3_2__leaf_clk (net)
                      0.062286    0.000245   30.493408 ^ filter.x_in[14]_sky130_fd_sc_hd__dfrtp_2_Q/CLK (sky130_fd_sc_hd__dfrtp_1)
                                 -0.250000   30.243406   clock uncertainty
                                  0.000000   30.243406   clock reconvergence pessimism
                                  0.238450   30.481857   library recovery time
                                             30.481857   data required time
---------------------------------------------------------------------------------------------
                                             30.481857   data required time
                                             -6.745205   data arrival time
---------------------------------------------------------------------------------------------
                                             23.736652   slack (MET)


Startpoint: reset (input port clocked by clk)
Endpoint: filter.x_in[8]_sky130_fd_sc_hd__dfrtp_2_Q
          (recovery check against rising-edge clock clk)
Path Group: asynchronous
Path Type: max

Fanout         Cap        Slew       Delay        Time   Description
---------------------------------------------------------------------------------------------
                                  0.000000    0.000000   clock clk (rise edge)
                                  0.000000    0.000000   clock network delay (propagated)
                                  6.000000    6.000000 v input external delay
     1    0.002519    0.007983    0.003938    6.003938 v reset (in)
                                                         reset (net)
                      0.007983    0.000000    6.003938 v input1/A (sky130_fd_sc_hd__clkbuf_1)
     1    0.002900    0.026986    0.072522    6.076460 v input1/X (sky130_fd_sc_hd__clkbuf_1)
                                                         net1 (net)
                      0.026986    0.000010    6.076470 v fanout35/A (sky130_fd_sc_hd__clkbuf_4)
     5    0.041249    0.092196    0.185337    6.261807 v fanout35/X (sky130_fd_sc_hd__clkbuf_4)
                                                         net35 (net)
                      0.092196    0.000266    6.262073 v fanout30/A (sky130_fd_sc_hd__clkbuf_4)
     5    0.035871    0.082404    0.206164    6.468236 v fanout30/X (sky130_fd_sc_hd__clkbuf_4)
                                                         net30 (net)
                      0.082404    0.000125    6.468361 v fanout29/A (sky130_fd_sc_hd__buf_4)
    10    0.057812    0.082284    0.209924    6.678286 v fanout29/X (sky130_fd_sc_hd__buf_4)
                                                         net29 (net)
                      0.082289    0.000767    6.679053 v filter.x_in[8]_sky130_fd_sc_hd__dfrtp_2_Q_RESET_B_sky130_fd_sc_hd__inv_2_Y/A (sky130_fd_sc_hd__inv_2)
     1    0.003944    0.034844    0.058210    6.737263 ^ filter.x_in[8]_sky130_fd_sc_hd__dfrtp_2_Q_RESET_B_sky130_fd_sc_hd__inv_2_Y/Y (sky130_fd_sc_hd__inv_2)
                                                         filter.x_in[8]_sky130_fd_sc_hd__dfrtp_2_Q_RESET_B (net)
                      0.034844    0.000008    6.737270 ^ filter.x_in[8]_sky130_fd_sc_hd__dfrtp_2_Q/RESET_B (sky130_fd_sc_hd__dfrtp_1)
                                              6.737270   data arrival time

                                 30.000000   30.000000   clock clk (rise edge)
                                  0.000000   30.000000   clock source latency
     1    0.028310    0.132872    0.092459   30.092459 ^ clk (in)
                                                         clk (net)
                      0.132912    0.000000   30.092459 ^ clkbuf_0_clk/A (sky130_fd_sc_hd__clkbuf_16)
     8    0.108967    0.123112    0.223171   30.315630 ^ clkbuf_0_clk/X (sky130_fd_sc_hd__clkbuf_16)
                                                         clknet_0_clk (net)
                      0.123241    0.003197   30.318827 ^ clkbuf_3_1__f_clk/A (sky130_fd_sc_hd__clkbuf_16)
    12    0.043307    0.062829    0.173113   30.491941 ^ clkbuf_3_1__f_clk/X (sky130_fd_sc_hd__clkbuf_16)
                                                         clknet_3_1__leaf_clk (net)
                      0.062829    0.000092   30.492033 ^ filter.x_in[8]_sky130_fd_sc_hd__dfrtp_2_Q/CLK (sky130_fd_sc_hd__dfrtp_1)
                                 -0.250000   30.242031   clock uncertainty
                                  0.000000   30.242031   clock reconvergence pessimism
                                  0.238420   30.480452   library recovery time
                                             30.480452   data required time
---------------------------------------------------------------------------------------------
                                             30.480452   data required time
                                             -6.737270   data arrival time
---------------------------------------------------------------------------------------------
                                             23.743181   slack (MET)


Startpoint: reset (input port clocked by clk)
Endpoint: spi_in.sclk_prev_sky130_fd_sc_hd__dfrtp_2_Q
          (recovery check against rising-edge clock clk)
Path Group: asynchronous
Path Type: max

Fanout         Cap        Slew       Delay        Time   Description
---------------------------------------------------------------------------------------------
                                  0.000000    0.000000   clock clk (rise edge)
                                  0.000000    0.000000   clock network delay (propagated)
                                  6.000000    6.000000 v input external delay
     1    0.002519    0.007983    0.003938    6.003938 v reset (in)
                                                         reset (net)
                      0.007983    0.000000    6.003938 v input1/A (sky130_fd_sc_hd__clkbuf_1)
     1    0.002900    0.026986    0.072522    6.076460 v input1/X (sky130_fd_sc_hd__clkbuf_1)
                                                         net1 (net)
                      0.026986    0.000010    6.076470 v fanout35/A (sky130_fd_sc_hd__clkbuf_4)
     5    0.041249    0.092196    0.185337    6.261807 v fanout35/X (sky130_fd_sc_hd__clkbuf_4)
                                                         net35 (net)
                      0.092196    0.000266    6.262073 v fanout30/A (sky130_fd_sc_hd__clkbuf_4)
     5    0.035871    0.082404    0.206164    6.468236 v fanout30/X (sky130_fd_sc_hd__clkbuf_4)
                                                         net30 (net)
                      0.082404    0.000125    6.468361 v fanout29/A (sky130_fd_sc_hd__buf_4)
    10    0.057812    0.082284    0.209924    6.678286 v fanout29/X (sky130_fd_sc_hd__buf_4)
                                                         net29 (net)
                      0.082284    0.000039    6.678325 v spi_in.sclk_prev_sky130_fd_sc_hd__dfrtp_2_Q_RESET_B_sky130_fd_sc_hd__inv_2_Y/A (sky130_fd_sc_hd__inv_2)
     1    0.004063    0.035263    0.058761    6.737086 ^ spi_in.sclk_prev_sky130_fd_sc_hd__dfrtp_2_Q_RESET_B_sky130_fd_sc_hd__inv_2_Y/Y (sky130_fd_sc_hd__inv_2)
                                                         spi_in.sclk_prev_sky130_fd_sc_hd__dfrtp_2_Q_RESET_B (net)
                      0.035263    0.000009    6.737095 ^ spi_in.sclk_prev_sky130_fd_sc_hd__dfrtp_2_Q/RESET_B (sky130_fd_sc_hd__dfrtp_1)
                                              6.737095   data arrival time

                                 30.000000   30.000000   clock clk (rise edge)
                                  0.000000   30.000000   clock source latency
     1    0.028310    0.132872    0.092459   30.092459 ^ clk (in)
                                                         clk (net)
                      0.132912    0.000000   30.092459 ^ clkbuf_0_clk/A (sky130_fd_sc_hd__clkbuf_16)
     8    0.108967    0.123112    0.223171   30.315630 ^ clkbuf_0_clk/X (sky130_fd_sc_hd__clkbuf_16)
                                                         clknet_0_clk (net)
                      0.123270    0.003535   30.319164 ^ clkbuf_3_4__f_clk/A (sky130_fd_sc_hd__clkbuf_16)
    13    0.042847    0.062408    0.172733   30.491898 ^ clkbuf_3_4__f_clk/X (sky130_fd_sc_hd__clkbuf_16)
                                                         clknet_3_4__leaf_clk (net)
                      0.062409    0.000284   30.492182 ^ spi_in.sclk_prev_sky130_fd_sc_hd__dfrtp_2_Q/CLK (sky130_fd_sc_hd__dfrtp_1)
                                 -0.250000   30.242182   clock uncertainty
                                  0.000000   30.242182   clock reconvergence pessimism
                                  0.238183   30.480366   library recovery time
                                             30.480366   data required time
---------------------------------------------------------------------------------------------
                                             30.480366   data required time
                                             -6.737095   data arrival time
---------------------------------------------------------------------------------------------
                                             23.743271   slack (MET)


Startpoint: reset (input port clocked by clk)
Endpoint: spi_out.shift_reg[6]_sky130_fd_sc_hd__dfrtp_2_Q
          (recovery check against rising-edge clock clk)
Path Group: asynchronous
Path Type: max

Fanout         Cap        Slew       Delay        Time   Description
---------------------------------------------------------------------------------------------
                                  0.000000    0.000000   clock clk (rise edge)
                                  0.000000    0.000000   clock network delay (propagated)
                                  6.000000    6.000000 v input external delay
     1    0.002519    0.007983    0.003938    6.003938 v reset (in)
                                                         reset (net)
                      0.007983    0.000000    6.003938 v input1/A (sky130_fd_sc_hd__clkbuf_1)
     1    0.002900    0.026986    0.072522    6.076460 v input1/X (sky130_fd_sc_hd__clkbuf_1)
                                                         net1 (net)
                      0.026986    0.000010    6.076470 v fanout35/A (sky130_fd_sc_hd__clkbuf_4)
     5    0.041249    0.092196    0.185337    6.261807 v fanout35/X (sky130_fd_sc_hd__clkbuf_4)
                                                         net35 (net)
                      0.092196    0.000266    6.262073 v fanout30/A (sky130_fd_sc_hd__clkbuf_4)
     5    0.035871    0.082404    0.206164    6.468236 v fanout30/X (sky130_fd_sc_hd__clkbuf_4)
                                                         net30 (net)
                      0.082404    0.000125    6.468361 v fanout29/A (sky130_fd_sc_hd__buf_4)
    10    0.057812    0.082284    0.209924    6.678286 v fanout29/X (sky130_fd_sc_hd__buf_4)
                                                         net29 (net)
                      0.082289    0.000756    6.679041 v spi_out.shift_reg[6]_sky130_fd_sc_hd__dfrtp_2_Q_RESET_B_sky130_fd_sc_hd__inv_2_Y/A (sky130_fd_sc_hd__inv_2)
     1    0.003944    0.034844    0.058210    6.737251 ^ spi_out.shift_reg[6]_sky130_fd_sc_hd__dfrtp_2_Q_RESET_B_sky130_fd_sc_hd__inv_2_Y/Y (sky130_fd_sc_hd__inv_2)
                                                         spi_out.shift_reg[6]_sky130_fd_sc_hd__dfrtp_2_Q_RESET_B (net)
                      0.034844    0.000008    6.737259 ^ spi_out.shift_reg[6]_sky130_fd_sc_hd__dfrtp_2_Q/RESET_B (sky130_fd_sc_hd__dfrtp_1)
                                              6.737259   data arrival time

                                 30.000000   30.000000   clock clk (rise edge)
                                  0.000000   30.000000   clock source latency
     1    0.028310    0.132872    0.092459   30.092459 ^ clk (in)
                                                         clk (net)
                      0.132912    0.000000   30.092459 ^ clkbuf_0_clk/A (sky130_fd_sc_hd__clkbuf_16)
     8    0.108967    0.123112    0.223171   30.315630 ^ clkbuf_0_clk/X (sky130_fd_sc_hd__clkbuf_16)
                                                         clknet_0_clk (net)
                      0.123241    0.003197   30.318827 ^ clkbuf_3_1__f_clk/A (sky130_fd_sc_hd__clkbuf_16)
    12    0.043307    0.062829    0.173113   30.491941 ^ clkbuf_3_1__f_clk/X (sky130_fd_sc_hd__clkbuf_16)
                                                         clknet_3_1__leaf_clk (net)
                      0.062829    0.000163   30.492104 ^ spi_out.shift_reg[6]_sky130_fd_sc_hd__dfrtp_2_Q/CLK (sky130_fd_sc_hd__dfrtp_1)
                                 -0.250000   30.242104   clock uncertainty
                                  0.000000   30.242104   clock reconvergence pessimism
                                  0.238420   30.480522   library recovery time
                                             30.480522   data required time
---------------------------------------------------------------------------------------------
                                             30.480522   data required time
                                             -6.737259   data arrival time
---------------------------------------------------------------------------------------------
                                             23.743261   slack (MET)


Startpoint: reset (input port clocked by clk)
Endpoint: spi_in.valid_out_sky130_fd_sc_hd__dfrtp_2_Q
          (recovery check against rising-edge clock clk)
Path Group: asynchronous
Path Type: max

Fanout         Cap        Slew       Delay        Time   Description
---------------------------------------------------------------------------------------------
                                  0.000000    0.000000   clock clk (rise edge)
                                  0.000000    0.000000   clock network delay (propagated)
                                  6.000000    6.000000 v input external delay
     1    0.002519    0.007983    0.003938    6.003938 v reset (in)
                                                         reset (net)
                      0.007983    0.000000    6.003938 v input1/A (sky130_fd_sc_hd__clkbuf_1)
     1    0.002900    0.026986    0.072522    6.076460 v input1/X (sky130_fd_sc_hd__clkbuf_1)
                                                         net1 (net)
                      0.026986    0.000010    6.076470 v fanout35/A (sky130_fd_sc_hd__clkbuf_4)
     5    0.041249    0.092196    0.185337    6.261807 v fanout35/X (sky130_fd_sc_hd__clkbuf_4)
                                                         net35 (net)
                      0.092196    0.000266    6.262073 v fanout30/A (sky130_fd_sc_hd__clkbuf_4)
     5    0.035871    0.082404    0.206164    6.468236 v fanout30/X (sky130_fd_sc_hd__clkbuf_4)
                                                         net30 (net)
                      0.082404    0.000125    6.468361 v fanout29/A (sky130_fd_sc_hd__buf_4)
    10    0.057812    0.082284    0.209924    6.678286 v fanout29/X (sky130_fd_sc_hd__buf_4)
                                                         net29 (net)
                      0.082284    0.000387    6.678673 v spi_in.valid_out_sky130_fd_sc_hd__dfrtp_2_Q_RESET_B_sky130_fd_sc_hd__inv_2_Y/A (sky130_fd_sc_hd__inv_2)
     1    0.003995    0.035022    0.058443    6.737116 ^ spi_in.valid_out_sky130_fd_sc_hd__dfrtp_2_Q_RESET_B_sky130_fd_sc_hd__inv_2_Y/Y (sky130_fd_sc_hd__inv_2)
                                                         spi_in.valid_out_sky130_fd_sc_hd__dfrtp_2_Q_RESET_B (net)
                      0.035022    0.000006    6.737123 ^ spi_in.valid_out_sky130_fd_sc_hd__dfrtp_2_Q/RESET_B (sky130_fd_sc_hd__dfrtp_1)
                                              6.737123   data arrival time

                                 30.000000   30.000000   clock clk (rise edge)
                                  0.000000   30.000000   clock source latency
     1    0.028310    0.132872    0.092459   30.092459 ^ clk (in)
                                                         clk (net)
                      0.132912    0.000000   30.092459 ^ clkbuf_0_clk/A (sky130_fd_sc_hd__clkbuf_16)
     8    0.108967    0.123112    0.223171   30.315630 ^ clkbuf_0_clk/X (sky130_fd_sc_hd__clkbuf_16)
                                                         clknet_0_clk (net)
                      0.123270    0.003535   30.319164 ^ clkbuf_3_4__f_clk/A (sky130_fd_sc_hd__clkbuf_16)
    13    0.042847    0.062408    0.172733   30.491898 ^ clkbuf_3_4__f_clk/X (sky130_fd_sc_hd__clkbuf_16)
                                                         clknet_3_4__leaf_clk (net)
                      0.062410    0.000423   30.492321 ^ spi_in.valid_out_sky130_fd_sc_hd__dfrtp_2_Q/CLK (sky130_fd_sc_hd__dfrtp_1)
                                 -0.250000   30.242319   clock uncertainty
                                  0.000000   30.242319   clock reconvergence pessimism
                                  0.238246   30.480564   library recovery time
                                             30.480564   data required time
---------------------------------------------------------------------------------------------
                                             30.480564   data required time
                                             -6.737123   data arrival time
---------------------------------------------------------------------------------------------
                                             23.743443   slack (MET)


Startpoint: reset (input port clocked by clk)
Endpoint: spi_miso_sky130_fd_sc_hd__dfrtp_2_Q
          (recovery check against rising-edge clock clk)
Path Group: asynchronous
Path Type: max

Fanout         Cap        Slew       Delay        Time   Description
---------------------------------------------------------------------------------------------
                                  0.000000    0.000000   clock clk (rise edge)
                                  0.000000    0.000000   clock network delay (propagated)
                                  6.000000    6.000000 v input external delay
     1    0.002519    0.007983    0.003938    6.003938 v reset (in)
                                                         reset (net)
                      0.007983    0.000000    6.003938 v input1/A (sky130_fd_sc_hd__clkbuf_1)
     1    0.002900    0.026986    0.072522    6.076460 v input1/X (sky130_fd_sc_hd__clkbuf_1)
                                                         net1 (net)
                      0.026986    0.000010    6.076470 v fanout35/A (sky130_fd_sc_hd__clkbuf_4)
     5    0.041249    0.092196    0.185337    6.261807 v fanout35/X (sky130_fd_sc_hd__clkbuf_4)
                                                         net35 (net)
                      0.092196    0.000266    6.262073 v fanout30/A (sky130_fd_sc_hd__clkbuf_4)
     5    0.035871    0.082404    0.206164    6.468236 v fanout30/X (sky130_fd_sc_hd__clkbuf_4)
                                                         net30 (net)
                      0.082404    0.000125    6.468361 v fanout29/A (sky130_fd_sc_hd__buf_4)
    10    0.057812    0.082284    0.209924    6.678286 v fanout29/X (sky130_fd_sc_hd__buf_4)
                                                         net29 (net)
                      0.082284    0.000195    6.678481 v spi_miso_sky130_fd_sc_hd__dfrtp_2_Q_RESET_B_sky130_fd_sc_hd__inv_2_Y/A (sky130_fd_sc_hd__inv_2)
     1    0.004025    0.035129    0.058585    6.737066 ^ spi_miso_sky130_fd_sc_hd__dfrtp_2_Q_RESET_B_sky130_fd_sc_hd__inv_2_Y/Y (sky130_fd_sc_hd__inv_2)
                                                         spi_miso_sky130_fd_sc_hd__dfrtp_2_Q_RESET_B (net)
                      0.035129    0.000009    6.737075 ^ spi_miso_sky130_fd_sc_hd__dfrtp_2_Q/RESET_B (sky130_fd_sc_hd__dfrtp_1)
                                              6.737075   data arrival time

                                 30.000000   30.000000   clock clk (rise edge)
                                  0.000000   30.000000   clock source latency
     1    0.028310    0.132872    0.092459   30.092459 ^ clk (in)
                                                         clk (net)
                      0.132912    0.000000   30.092459 ^ clkbuf_0_clk/A (sky130_fd_sc_hd__clkbuf_16)
     8    0.108967    0.123112    0.223171   30.315630 ^ clkbuf_0_clk/X (sky130_fd_sc_hd__clkbuf_16)
                                                         clknet_0_clk (net)
                      0.123270    0.003535   30.319164 ^ clkbuf_3_4__f_clk/A (sky130_fd_sc_hd__clkbuf_16)
    13    0.042847    0.062408    0.172733   30.491898 ^ clkbuf_3_4__f_clk/X (sky130_fd_sc_hd__clkbuf_16)
                                                         clknet_3_4__leaf_clk (net)
                      0.062410    0.000419   30.492317 ^ spi_miso_sky130_fd_sc_hd__dfrtp_2_Q/CLK (sky130_fd_sc_hd__dfrtp_1)
                                 -0.250000   30.242315   clock uncertainty
                                  0.000000   30.242315   clock reconvergence pessimism
                                  0.238218   30.480536   library recovery time
                                             30.480536   data required time
---------------------------------------------------------------------------------------------
                                             30.480536   data required time
                                             -6.737075   data arrival time
---------------------------------------------------------------------------------------------
                                             23.743462   slack (MET)


Startpoint: reset (input port clocked by clk)
Endpoint: spi_in.shift_reg[7]_sky130_fd_sc_hd__dfrtp_2_Q
          (recovery check against rising-edge clock clk)
Path Group: asynchronous
Path Type: max

Fanout         Cap        Slew       Delay        Time   Description
---------------------------------------------------------------------------------------------
                                  0.000000    0.000000   clock clk (rise edge)
                                  0.000000    0.000000   clock network delay (propagated)
                                  6.000000    6.000000 v input external delay
     1    0.002519    0.007983    0.003938    6.003938 v reset (in)
                                                         reset (net)
                      0.007983    0.000000    6.003938 v input1/A (sky130_fd_sc_hd__clkbuf_1)
     1    0.002900    0.026986    0.072522    6.076460 v input1/X (sky130_fd_sc_hd__clkbuf_1)
                                                         net1 (net)
                      0.026986    0.000010    6.076470 v fanout35/A (sky130_fd_sc_hd__clkbuf_4)
     5    0.041249    0.092196    0.185337    6.261807 v fanout35/X (sky130_fd_sc_hd__clkbuf_4)
                                                         net35 (net)
                      0.092196    0.000266    6.262073 v fanout30/A (sky130_fd_sc_hd__clkbuf_4)
     5    0.035871    0.082404    0.206164    6.468236 v fanout30/X (sky130_fd_sc_hd__clkbuf_4)
                                                         net30 (net)
                      0.082404    0.000125    6.468361 v fanout29/A (sky130_fd_sc_hd__buf_4)
    10    0.057812    0.082284    0.209924    6.678286 v fanout29/X (sky130_fd_sc_hd__buf_4)
                                                         net29 (net)
                      0.082288    0.000688    6.678974 v spi_in.shift_reg[7]_sky130_fd_sc_hd__dfrtp_2_Q_RESET_B_sky130_fd_sc_hd__inv_2_Y/A (sky130_fd_sc_hd__inv_2)
     1    0.003894    0.034669    0.057979    6.736952 ^ spi_in.shift_reg[7]_sky130_fd_sc_hd__dfrtp_2_Q_RESET_B_sky130_fd_sc_hd__inv_2_Y/Y (sky130_fd_sc_hd__inv_2)
                                                         spi_in.shift_reg[7]_sky130_fd_sc_hd__dfrtp_2_Q_RESET_B (net)
                      0.034669    0.000006    6.736958 ^ spi_in.shift_reg[7]_sky130_fd_sc_hd__dfrtp_2_Q/RESET_B (sky130_fd_sc_hd__dfrtp_1)
                                              6.736958   data arrival time

                                 30.000000   30.000000   clock clk (rise edge)
                                  0.000000   30.000000   clock source latency
     1    0.028310    0.132872    0.092459   30.092459 ^ clk (in)
                                                         clk (net)
                      0.132912    0.000000   30.092459 ^ clkbuf_0_clk/A (sky130_fd_sc_hd__clkbuf_16)
     8    0.108967    0.123112    0.223171   30.315630 ^ clkbuf_0_clk/X (sky130_fd_sc_hd__clkbuf_16)
                                                         clknet_0_clk (net)
                      0.123241    0.003197   30.318827 ^ clkbuf_3_1__f_clk/A (sky130_fd_sc_hd__clkbuf_16)
    12    0.043307    0.062829    0.173113   30.491941 ^ clkbuf_3_1__f_clk/X (sky130_fd_sc_hd__clkbuf_16)
                                                         clknet_3_1__leaf_clk (net)
                      0.062829    0.000156   30.492096 ^ spi_in.shift_reg[7]_sky130_fd_sc_hd__dfrtp_2_Q/CLK (sky130_fd_sc_hd__dfrtp_1)
                                 -0.250000   30.242096   clock uncertainty
                                  0.000000   30.242096   clock reconvergence pessimism
                                  0.238465   30.480560   library recovery time
                                             30.480560   data required time
---------------------------------------------------------------------------------------------
                                             30.480560   data required time
                                             -6.736958   data arrival time
---------------------------------------------------------------------------------------------
                                             23.743603   slack (MET)


Startpoint: reset (input port clocked by clk)
Endpoint: spi_out.shift_reg[14]_sky130_fd_sc_hd__dfrtp_2_Q
          (recovery check against rising-edge clock clk)
Path Group: asynchronous
Path Type: max

Fanout         Cap        Slew       Delay        Time   Description
---------------------------------------------------------------------------------------------
                                  0.000000    0.000000   clock clk (rise edge)
                                  0.000000    0.000000   clock network delay (propagated)
                                  6.000000    6.000000 v input external delay
     1    0.002519    0.007983    0.003938    6.003938 v reset (in)
                                                         reset (net)
                      0.007983    0.000000    6.003938 v input1/A (sky130_fd_sc_hd__clkbuf_1)
     1    0.002900    0.026986    0.072522    6.076460 v input1/X (sky130_fd_sc_hd__clkbuf_1)
                                                         net1 (net)
                      0.026986    0.000010    6.076470 v fanout35/A (sky130_fd_sc_hd__clkbuf_4)
     5    0.041249    0.092196    0.185337    6.261807 v fanout35/X (sky130_fd_sc_hd__clkbuf_4)
                                                         net35 (net)
                      0.092196    0.000266    6.262073 v fanout30/A (sky130_fd_sc_hd__clkbuf_4)
     5    0.035871    0.082404    0.206164    6.468236 v fanout30/X (sky130_fd_sc_hd__clkbuf_4)
                                                         net30 (net)
                      0.082404    0.000125    6.468361 v fanout29/A (sky130_fd_sc_hd__buf_4)
    10    0.057812    0.082284    0.209924    6.678286 v fanout29/X (sky130_fd_sc_hd__buf_4)
                                                         net29 (net)
                      0.082284    0.000261    6.678546 v spi_out.shift_reg[14]_sky130_fd_sc_hd__dfrtp_2_Q_RESET_B_sky130_fd_sc_hd__inv_2_Y/A (sky130_fd_sc_hd__inv_2)
     1    0.003944    0.034843    0.058208    6.736754 ^ spi_out.shift_reg[14]_sky130_fd_sc_hd__dfrtp_2_Q_RESET_B_sky130_fd_sc_hd__inv_2_Y/Y (sky130_fd_sc_hd__inv_2)
                                                         spi_out.shift_reg[14]_sky130_fd_sc_hd__dfrtp_2_Q_RESET_B (net)
                      0.034843    0.000008    6.736762 ^ spi_out.shift_reg[14]_sky130_fd_sc_hd__dfrtp_2_Q/RESET_B (sky130_fd_sc_hd__dfrtp_1)
                                              6.736762   data arrival time

                                 30.000000   30.000000   clock clk (rise edge)
                                  0.000000   30.000000   clock source latency
     1    0.028310    0.132872    0.092459   30.092459 ^ clk (in)
                                                         clk (net)
                      0.132912    0.000000   30.092459 ^ clkbuf_0_clk/A (sky130_fd_sc_hd__clkbuf_16)
     8    0.108967    0.123112    0.223171   30.315630 ^ clkbuf_0_clk/X (sky130_fd_sc_hd__clkbuf_16)
                                                         clknet_0_clk (net)
                      0.123241    0.003197   30.318827 ^ clkbuf_3_1__f_clk/A (sky130_fd_sc_hd__clkbuf_16)
    12    0.043307    0.062829    0.173113   30.491941 ^ clkbuf_3_1__f_clk/X (sky130_fd_sc_hd__clkbuf_16)
                                                         clknet_3_1__leaf_clk (net)
                      0.062829    0.000181   30.492121 ^ spi_out.shift_reg[14]_sky130_fd_sc_hd__dfrtp_2_Q/CLK (sky130_fd_sc_hd__dfrtp_1)
                                 -0.250000   30.242121   clock uncertainty
                                  0.000000   30.242121   clock reconvergence pessimism
                                  0.238420   30.480539   library recovery time
                                             30.480539   data required time
---------------------------------------------------------------------------------------------
                                             30.480539   data required time
                                             -6.736762   data arrival time
---------------------------------------------------------------------------------------------
                                             23.743778   slack (MET)


Startpoint: reset (input port clocked by clk)
Endpoint: filter.x_in[7]_sky130_fd_sc_hd__dfrtp_2_Q
          (recovery check against rising-edge clock clk)
Path Group: asynchronous
Path Type: max

Fanout         Cap        Slew       Delay        Time   Description
---------------------------------------------------------------------------------------------
                                  0.000000    0.000000   clock clk (rise edge)
                                  0.000000    0.000000   clock network delay (propagated)
                                  6.000000    6.000000 v input external delay
     1    0.002519    0.007983    0.003938    6.003938 v reset (in)
                                                         reset (net)
                      0.007983    0.000000    6.003938 v input1/A (sky130_fd_sc_hd__clkbuf_1)
     1    0.002900    0.026986    0.072522    6.076460 v input1/X (sky130_fd_sc_hd__clkbuf_1)
                                                         net1 (net)
                      0.026986    0.000010    6.076470 v fanout35/A (sky130_fd_sc_hd__clkbuf_4)
     5    0.041249    0.092196    0.185337    6.261807 v fanout35/X (sky130_fd_sc_hd__clkbuf_4)
                                                         net35 (net)
                      0.092196    0.000266    6.262073 v fanout30/A (sky130_fd_sc_hd__clkbuf_4)
     5    0.035871    0.082404    0.206164    6.468236 v fanout30/X (sky130_fd_sc_hd__clkbuf_4)
                                                         net30 (net)
                      0.082404    0.000125    6.468361 v fanout29/A (sky130_fd_sc_hd__buf_4)
    10    0.057812    0.082284    0.209924    6.678286 v fanout29/X (sky130_fd_sc_hd__buf_4)
                                                         net29 (net)
                      0.082285    0.000540    6.678825 v filter.x_in[7]_sky130_fd_sc_hd__dfrtp_2_Q_RESET_B_sky130_fd_sc_hd__inv_2_Y/A (sky130_fd_sc_hd__inv_2)
     1    0.003894    0.034669    0.057978    6.736804 ^ filter.x_in[7]_sky130_fd_sc_hd__dfrtp_2_Q_RESET_B_sky130_fd_sc_hd__inv_2_Y/Y (sky130_fd_sc_hd__inv_2)
                                                         filter.x_in[7]_sky130_fd_sc_hd__dfrtp_2_Q_RESET_B (net)
                      0.034669    0.000006    6.736809 ^ filter.x_in[7]_sky130_fd_sc_hd__dfrtp_2_Q/RESET_B (sky130_fd_sc_hd__dfrtp_1)
                                              6.736809   data arrival time

                                 30.000000   30.000000   clock clk (rise edge)
                                  0.000000   30.000000   clock source latency
     1    0.028310    0.132872    0.092459   30.092459 ^ clk (in)
                                                         clk (net)
                      0.132912    0.000000   30.092459 ^ clkbuf_0_clk/A (sky130_fd_sc_hd__clkbuf_16)
     8    0.108967    0.123112    0.223171   30.315630 ^ clkbuf_0_clk/X (sky130_fd_sc_hd__clkbuf_16)
                                                         clknet_0_clk (net)
                      0.123270    0.003535   30.319164 ^ clkbuf_3_4__f_clk/A (sky130_fd_sc_hd__clkbuf_16)
    13    0.042847    0.062408    0.172733   30.491898 ^ clkbuf_3_4__f_clk/X (sky130_fd_sc_hd__clkbuf_16)
                                                         clknet_3_4__leaf_clk (net)
                      0.062410    0.000384   30.492281 ^ filter.x_in[7]_sky130_fd_sc_hd__dfrtp_2_Q/CLK (sky130_fd_sc_hd__dfrtp_1)
                                 -0.250000   30.242281   clock uncertainty
                                  0.000000   30.242281   clock reconvergence pessimism
                                  0.238337   30.480618   library recovery time
                                             30.480618   data required time
---------------------------------------------------------------------------------------------
                                             30.480618   data required time
                                             -6.736809   data arrival time
---------------------------------------------------------------------------------------------
                                             23.743809   slack (MET)


Startpoint: reset (input port clocked by clk)
Endpoint: spi_in.shift_reg[8]_sky130_fd_sc_hd__dfrtp_2_Q
          (recovery check against rising-edge clock clk)
Path Group: asynchronous
Path Type: max

Fanout         Cap        Slew       Delay        Time   Description
---------------------------------------------------------------------------------------------
                                  0.000000    0.000000   clock clk (rise edge)
                                  0.000000    0.000000   clock network delay (propagated)
                                  6.000000    6.000000 v input external delay
     1    0.002519    0.007983    0.003938    6.003938 v reset (in)
                                                         reset (net)
                      0.007983    0.000000    6.003938 v input1/A (sky130_fd_sc_hd__clkbuf_1)
     1    0.002900    0.026986    0.072522    6.076460 v input1/X (sky130_fd_sc_hd__clkbuf_1)
                                                         net1 (net)
                      0.026986    0.000010    6.076470 v fanout35/A (sky130_fd_sc_hd__clkbuf_4)
     5    0.041249    0.092196    0.185337    6.261807 v fanout35/X (sky130_fd_sc_hd__clkbuf_4)
                                                         net35 (net)
                      0.092196    0.000266    6.262073 v fanout30/A (sky130_fd_sc_hd__clkbuf_4)
     5    0.035871    0.082404    0.206164    6.468236 v fanout30/X (sky130_fd_sc_hd__clkbuf_4)
                                                         net30 (net)
                      0.082404    0.000125    6.468361 v fanout29/A (sky130_fd_sc_hd__buf_4)
    10    0.057812    0.082284    0.209924    6.678286 v fanout29/X (sky130_fd_sc_hd__buf_4)
                                                         net29 (net)
                      0.082284    0.000282    6.678568 v spi_in.shift_reg[8]_sky130_fd_sc_hd__dfrtp_2_Q_RESET_B_sky130_fd_sc_hd__inv_2_Y/A (sky130_fd_sc_hd__inv_2)
     1    0.003933    0.034807    0.058161    6.736728 ^ spi_in.shift_reg[8]_sky130_fd_sc_hd__dfrtp_2_Q_RESET_B_sky130_fd_sc_hd__inv_2_Y/Y (sky130_fd_sc_hd__inv_2)
                                                         spi_in.shift_reg[8]_sky130_fd_sc_hd__dfrtp_2_Q_RESET_B (net)
                      0.034807    0.000006    6.736734 ^ spi_in.shift_reg[8]_sky130_fd_sc_hd__dfrtp_2_Q/RESET_B (sky130_fd_sc_hd__dfrtp_1)
                                              6.736734   data arrival time

                                 30.000000   30.000000   clock clk (rise edge)
                                  0.000000   30.000000   clock source latency
     1    0.028310    0.132872    0.092459   30.092459 ^ clk (in)
                                                         clk (net)
                      0.132912    0.000000   30.092459 ^ clkbuf_0_clk/A (sky130_fd_sc_hd__clkbuf_16)
     8    0.108967    0.123112    0.223171   30.315630 ^ clkbuf_0_clk/X (sky130_fd_sc_hd__clkbuf_16)
                                                         clknet_0_clk (net)
                      0.123241    0.003197   30.318827 ^ clkbuf_3_1__f_clk/A (sky130_fd_sc_hd__clkbuf_16)
    12    0.043307    0.062829    0.173113   30.491941 ^ clkbuf_3_1__f_clk/X (sky130_fd_sc_hd__clkbuf_16)
                                                         clknet_3_1__leaf_clk (net)
                      0.062829    0.000174   30.492115 ^ spi_in.shift_reg[8]_sky130_fd_sc_hd__dfrtp_2_Q/CLK (sky130_fd_sc_hd__dfrtp_1)
                                 -0.250000   30.242113   clock uncertainty
                                  0.000000   30.242113   clock reconvergence pessimism
                                  0.238430   30.480543   library recovery time
                                             30.480543   data required time
---------------------------------------------------------------------------------------------
                                             30.480543   data required time
                                             -6.736734   data arrival time
---------------------------------------------------------------------------------------------
                                             23.743809   slack (MET)


Startpoint: reset (input port clocked by clk)
Endpoint: spi_out.shift_reg[0]_sky130_fd_sc_hd__dfrtp_2_Q
          (recovery check against rising-edge clock clk)
Path Group: asynchronous
Path Type: max

Fanout         Cap        Slew       Delay        Time   Description
---------------------------------------------------------------------------------------------
                                  0.000000    0.000000   clock clk (rise edge)
                                  0.000000    0.000000   clock network delay (propagated)
                                  6.000000    6.000000 v input external delay
     1    0.002519    0.007983    0.003938    6.003938 v reset (in)
                                                         reset (net)
                      0.007983    0.000000    6.003938 v input1/A (sky130_fd_sc_hd__clkbuf_1)
     1    0.002900    0.026986    0.072522    6.076460 v input1/X (sky130_fd_sc_hd__clkbuf_1)
                                                         net1 (net)
                      0.026986    0.000010    6.076470 v fanout35/A (sky130_fd_sc_hd__clkbuf_4)
     5    0.041249    0.092196    0.185337    6.261807 v fanout35/X (sky130_fd_sc_hd__clkbuf_4)
                                                         net35 (net)
                      0.092196    0.000266    6.262073 v fanout30/A (sky130_fd_sc_hd__clkbuf_4)
     5    0.035871    0.082404    0.206164    6.468236 v fanout30/X (sky130_fd_sc_hd__clkbuf_4)
                                                         net30 (net)
                      0.082404    0.000125    6.468361 v fanout29/A (sky130_fd_sc_hd__buf_4)
    10    0.057812    0.082284    0.209924    6.678286 v fanout29/X (sky130_fd_sc_hd__buf_4)
                                                         net29 (net)
                      0.082284    0.000285    6.678570 v spi_out.shift_reg[0]_sky130_fd_sc_hd__dfrtp_2_Q_RESET_B_sky130_fd_sc_hd__inv_2_Y/A (sky130_fd_sc_hd__inv_2)
     1    0.003895    0.034671    0.057981    6.736551 ^ spi_out.shift_reg[0]_sky130_fd_sc_hd__dfrtp_2_Q_RESET_B_sky130_fd_sc_hd__inv_2_Y/Y (sky130_fd_sc_hd__inv_2)
                                                         spi_out.shift_reg[0]_sky130_fd_sc_hd__dfrtp_2_Q_RESET_B (net)
                      0.034671    0.000006    6.736557 ^ spi_out.shift_reg[0]_sky130_fd_sc_hd__dfrtp_2_Q/RESET_B (sky130_fd_sc_hd__dfrtp_1)
                                              6.736557   data arrival time

                                 30.000000   30.000000   clock clk (rise edge)
                                  0.000000   30.000000   clock source latency
     1    0.028310    0.132872    0.092459   30.092459 ^ clk (in)
                                                         clk (net)
                      0.132912    0.000000   30.092459 ^ clkbuf_0_clk/A (sky130_fd_sc_hd__clkbuf_16)
     8    0.108967    0.123112    0.223171   30.315630 ^ clkbuf_0_clk/X (sky130_fd_sc_hd__clkbuf_16)
                                                         clknet_0_clk (net)
                      0.123270    0.003535   30.319164 ^ clkbuf_3_4__f_clk/A (sky130_fd_sc_hd__clkbuf_16)
    13    0.042847    0.062408    0.172733   30.491898 ^ clkbuf_3_4__f_clk/X (sky130_fd_sc_hd__clkbuf_16)
                                                         clknet_3_4__leaf_clk (net)
                      0.062408    0.000213   30.492111 ^ spi_out.shift_reg[0]_sky130_fd_sc_hd__dfrtp_2_Q/CLK (sky130_fd_sc_hd__dfrtp_1)
                                 -0.250000   30.242109   clock uncertainty
                                  0.000000   30.242109   clock reconvergence pessimism
                                  0.238336   30.480448   library recovery time
                                             30.480448   data required time
---------------------------------------------------------------------------------------------
                                             30.480448   data required time
                                             -6.736557   data arrival time
---------------------------------------------------------------------------------------------
                                             23.743891   slack (MET)


Startpoint: filter.y_out[10]_sky130_fd_sc_hd__dfrtp_2_Q
            (rising edge-triggered flip-flop clocked by clk)
Endpoint: filter.y_out[9]_sky130_fd_sc_hd__dfrtp_2_Q
          (rising edge-triggered flip-flop clocked by clk)
Path Group: clk
Path Type: max

Fanout         Cap        Slew       Delay        Time   Description
---------------------------------------------------------------------------------------------
                                  0.000000    0.000000   clock clk (rise edge)
                                  0.000000    0.000000   clock source latency
     1    0.028310    0.132872    0.092458    0.092458 ^ clk (in)
                                                         clk (net)
                      0.132912    0.000000    0.092458 ^ clkbuf_0_clk/A (sky130_fd_sc_hd__clkbuf_16)
     8    0.108967    0.123112    0.223171    0.315629 ^ clkbuf_0_clk/X (sky130_fd_sc_hd__clkbuf_16)
                                                         clknet_0_clk (net)
                      0.123380    0.004579    0.320208 ^ clkbuf_3_3__f_clk/A (sky130_fd_sc_hd__clkbuf_16)
     6    0.036229    0.056559    0.167876    0.488085 ^ clkbuf_3_3__f_clk/X (sky130_fd_sc_hd__clkbuf_16)
                                                         clknet_3_3__leaf_clk (net)
                      0.056559    0.000155    0.488240 ^ filter.y_out[10]_sky130_fd_sc_hd__dfrtp_2_Q/CLK (sky130_fd_sc_hd__dfrtp_1)
     3    0.013643    0.086125    0.410728    0.898968 v filter.y_out[10]_sky130_fd_sc_hd__dfrtp_2_Q/Q (sky130_fd_sc_hd__dfrtp_1)
                                                         filter.y_out[10] (net)
                      0.086125    0.000130    0.899098 v fanout24/A (sky130_fd_sc_hd__buf_4)
    10    0.057813    0.082333    0.211466    1.110564 v fanout24/X (sky130_fd_sc_hd__buf_4)
                                                         net24 (net)
                      0.082333    0.000408    1.110972 v filter.x_in[12]_sky130_fd_sc_hd__a21oi_2_A1_B1_sky130_fd_sc_hd__and3_2_X_B_sky130_fd_sc_hd__a22o_2_X_A1_sky130_fd_sc_hd__nand2_2_Y_A_sky130_fd_sc_hd__or2_2_X/A (sky130_fd_sc_hd__or2_2)
     7    0.021140    0.100430    0.368876    1.479848 v filter.x_in[12]_sky130_fd_sc_hd__a21oi_2_A1_B1_sky130_fd_sc_hd__and3_2_X_B_sky130_fd_sc_hd__a22o_2_X_A1_sky130_fd_sc_hd__nand2_2_Y_A_sky130_fd_sc_hd__or2_2_X/X (sky130_fd_sc_hd__or2_2)
                                                         filter.x_in[12]_sky130_fd_sc_hd__a21oi_2_A1_B1_sky130_fd_sc_hd__and3_2_X_B_sky130_fd_sc_hd__a22o_2_X_A1_sky130_fd_sc_hd__nand2_2_Y_A (net)
                      0.100430    0.000056    1.479904 v filter.x_in[10]_sky130_fd_sc_hd__or2_2_A_B_sky130_fd_sc_hd__xor2_2_X_B_sky130_fd_sc_hd__a31o_2_X_A3_sky130_fd_sc_hd__xnor2_2_Y_B_sky130_fd_sc_hd__nand2b_2_Y_B_sky130_fd_sc_hd__a21o_2_X/A1 (sky130_fd_sc_hd__a21o_1)
     2    0.004996    0.043708    0.183475    1.663378 v filter.x_in[10]_sky130_fd_sc_hd__or2_2_A_B_sky130_fd_sc_hd__xor2_2_X_B_sky130_fd_sc_hd__a31o_2_X_A3_sky130_fd_sc_hd__xnor2_2_Y_B_sky130_fd_sc_hd__nand2b_2_Y_B_sky130_fd_sc_hd__a21o_2_X/X (sky130_fd_sc_hd__a21o_1)
                                                         filter.x_in[10]_sky130_fd_sc_hd__or2_2_A_B_sky130_fd_sc_hd__xor2_2_X_B_sky130_fd_sc_hd__a31o_2_X_A3_sky130_fd_sc_hd__xnor2_2_Y_B_sky130_fd_sc_hd__nand2b_2_Y_B (net)
                      0.043708    0.000004    1.663383 v filter.x_in[9]_sky130_fd_sc_hd__xnor2_2_A_B_sky130_fd_sc_hd__xor2_2_X_A_sky130_fd_sc_hd__xnor2_2_Y_A_sky130_fd_sc_hd__a21o_2_X_B1_sky130_fd_sc_hd__a311o_2_B1/A3 (sky130_fd_sc_hd__a311o_1)
     2    0.013388    0.102748    0.401752    2.065135 v filter.x_in[9]_sky130_fd_sc_hd__xnor2_2_A_B_sky130_fd_sc_hd__xor2_2_X_A_sky130_fd_sc_hd__xnor2_2_Y_A_sky130_fd_sc_hd__a21o_2_X_B1_sky130_fd_sc_hd__a311o_2_B1/X (sky130_fd_sc_hd__a311o_1)
                                                         filter.x_in[9]_sky130_fd_sc_hd__xnor2_2_A_B_sky130_fd_sc_hd__xor2_2_X_A_sky130_fd_sc_hd__xnor2_2_Y_A_sky130_fd_sc_hd__a21o_2_X_B1_sky130_fd_sc_hd__a311o_2_B1_X (net)
                      0.102748    0.000469    2.065604 v fanout12/A (sky130_fd_sc_hd__clkbuf_4)
    10    0.041395    0.092038    0.219799    2.285403 v fanout12/X (sky130_fd_sc_hd__clkbuf_4)
                                                         net12 (net)
                      0.092039    0.000486    2.285889 v filter.x_in[3]_sky130_fd_sc_hd__a21oi_2_B1_Y_sky130_fd_sc_hd__o31a_2_A3_A1_sky130_fd_sc_hd__a21oi_2_Y_A2_sky130_fd_sc_hd__or2_2_X_B_sky130_fd_sc_hd__xor2_2_B/A (sky130_fd_sc_hd__xor2_1)
     1    0.005296    0.092157    0.184308    2.470196 v filter.x_in[3]_sky130_fd_sc_hd__a21oi_2_B1_Y_sky130_fd_sc_hd__o31a_2_A3_A1_sky130_fd_sc_hd__a21oi_2_Y_A2_sky130_fd_sc_hd__or2_2_X_B_sky130_fd_sc_hd__xor2_2_B/X (sky130_fd_sc_hd__xor2_1)
                                                         filter.x_in[3]_sky130_fd_sc_hd__a21oi_2_B1_Y_sky130_fd_sc_hd__o31a_2_A3_A1_sky130_fd_sc_hd__a21oi_2_Y_A1_sky130_fd_sc_hd__xnor2_2_A_B (net)
                      0.092157    0.000020    2.470216 v filter.x_in[3]_sky130_fd_sc_hd__a21oi_2_B1_Y_sky130_fd_sc_hd__o31a_2_A3_A1_sky130_fd_sc_hd__a21oi_2_Y_A1_sky130_fd_sc_hd__xnor2_2_A/B (sky130_fd_sc_hd__xnor2_1)
     2    0.008609    0.084242    0.170304    2.640520 v filter.x_in[3]_sky130_fd_sc_hd__a21oi_2_B1_Y_sky130_fd_sc_hd__o31a_2_A3_A1_sky130_fd_sc_hd__a21oi_2_Y_A1_sky130_fd_sc_hd__xnor2_2_A/Y (sky130_fd_sc_hd__xnor2_1)
                                                         filter.x_in[3]_sky130_fd_sc_hd__a21oi_2_B1_Y_sky130_fd_sc_hd__o31a_2_A3_A1_sky130_fd_sc_hd__a21oi_2_Y_A1_sky130_fd_sc_hd__xnor2_2_A_Y (net)
                      0.084242    0.000079    2.640599 v filter.x_in[3]_sky130_fd_sc_hd__a21oi_2_B1_Y_sky130_fd_sc_hd__o31a_2_A3_A1_sky130_fd_sc_hd__a21oi_2_Y_A1_sky130_fd_sc_hd__xnor2_2_A_Y_sky130_fd_sc_hd__o31a_2_A2/A2 (sky130_fd_sc_hd__o31a_1)
     2    0.007182    0.067319    0.310106    2.950705 v filter.x_in[3]_sky130_fd_sc_hd__a21oi_2_B1_Y_sky130_fd_sc_hd__o31a_2_A3_A1_sky130_fd_sc_hd__a21oi_2_Y_A1_sky130_fd_sc_hd__xnor2_2_A_Y_sky130_fd_sc_hd__o31a_2_A2/X (sky130_fd_sc_hd__o31a_1)
                                                         filter.x_in[2]_sky130_fd_sc_hd__inv_2_A_Y_sky130_fd_sc_hd__o2bb2ai_2_B2_Y_sky130_fd_sc_hd__xor2_2_A_X_sky130_fd_sc_hd__xnor2_2_A_B_sky130_fd_sc_hd__xnor2_2_Y_B (net)
                      0.067319    0.000044    2.950749 v filter.x_in[2]_sky130_fd_sc_hd__inv_2_A_Y_sky130_fd_sc_hd__o2bb2ai_2_B2_Y_sky130_fd_sc_hd__xor2_2_A_X_sky130_fd_sc_hd__xnor2_2_A_B_sky130_fd_sc_hd__xnor2_2_Y/B (sky130_fd_sc_hd__xnor2_1)
     2    0.008651    0.237141    0.223508    3.174258 ^ filter.x_in[2]_sky130_fd_sc_hd__inv_2_A_Y_sky130_fd_sc_hd__o2bb2ai_2_B2_Y_sky130_fd_sc_hd__xor2_2_A_X_sky130_fd_sc_hd__xnor2_2_A_B_sky130_fd_sc_hd__xnor2_2_Y/Y (sky130_fd_sc_hd__xnor2_1)
                                                         filter.x_in[2]_sky130_fd_sc_hd__inv_2_A_Y_sky130_fd_sc_hd__o2bb2ai_2_B2_Y_sky130_fd_sc_hd__xor2_2_A_X_sky130_fd_sc_hd__xnor2_2_A_B (net)
                      0.237141    0.000040    3.174297 ^ filter.x_in[2]_sky130_fd_sc_hd__inv_2_A_Y_sky130_fd_sc_hd__o2bb2ai_2_B2_Y_sky130_fd_sc_hd__xor2_2_A_X_sky130_fd_sc_hd__xnor2_2_A/B (sky130_fd_sc_hd__xnor2_1)
     3    0.010872    0.273657    0.209975    3.384273 ^ filter.x_in[2]_sky130_fd_sc_hd__inv_2_A_Y_sky130_fd_sc_hd__o2bb2ai_2_B2_Y_sky130_fd_sc_hd__xor2_2_A_X_sky130_fd_sc_hd__xnor2_2_A/Y (sky130_fd_sc_hd__xnor2_1)
                                                         filter.x_in[2]_sky130_fd_sc_hd__inv_2_A_Y_sky130_fd_sc_hd__o2bb2ai_2_B2_Y_sky130_fd_sc_hd__xor2_2_A_X_sky130_fd_sc_hd__xnor2_2_A_Y (net)
                      0.273657    0.000148    3.384421 ^ filter.x_in[2]_sky130_fd_sc_hd__inv_2_A_Y_sky130_fd_sc_hd__o2bb2ai_2_B2_Y_sky130_fd_sc_hd__xor2_2_A_X_sky130_fd_sc_hd__xnor2_2_A_Y_sky130_fd_sc_hd__and3_2_C/C (sky130_fd_sc_hd__and3_1)
     2    0.004496    0.068302    0.207115    3.591536 ^ filter.x_in[2]_sky130_fd_sc_hd__inv_2_A_Y_sky130_fd_sc_hd__o2bb2ai_2_B2_Y_sky130_fd_sc_hd__xor2_2_A_X_sky130_fd_sc_hd__xnor2_2_A_Y_sky130_fd_sc_hd__and3_2_C/X (sky130_fd_sc_hd__and3_1)
                                                         filter.x_in[2]_sky130_fd_sc_hd__inv_2_A_Y_sky130_fd_sc_hd__o2bb2ai_2_B2_Y_sky130_fd_sc_hd__xor2_2_A_X_sky130_fd_sc_hd__xnor2_2_A_Y_sky130_fd_sc_hd__and3_2_C_X (net)
                      0.068302    0.000010    3.591546 ^ filter.x_in[2]_sky130_fd_sc_hd__inv_2_A_Y_sky130_fd_sc_hd__o2bb2ai_2_B2_Y_sky130_fd_sc_hd__xor2_2_A_X_sky130_fd_sc_hd__xnor2_2_A_Y_sky130_fd_sc_hd__and3_2_C_X_sky130_fd_sc_hd__nor2_2_B/B (sky130_fd_sc_hd__nor2_1)
     1    0.005327    0.050540    0.051980    3.643526 v filter.x_in[2]_sky130_fd_sc_hd__inv_2_A_Y_sky130_fd_sc_hd__o2bb2ai_2_B2_Y_sky130_fd_sc_hd__xor2_2_A_X_sky130_fd_sc_hd__xnor2_2_A_Y_sky130_fd_sc_hd__and3_2_C_X_sky130_fd_sc_hd__nor2_2_B/Y (sky130_fd_sc_hd__nor2_1)
                                                         filter.x_in[2]_sky130_fd_sc_hd__inv_2_A_Y_sky130_fd_sc_hd__xnor2_2_A_Y_sky130_fd_sc_hd__and2b_2_A_N_X_sky130_fd_sc_hd__a41oi_2_B1_Y_sky130_fd_sc_hd__xnor2_2_A_B (net)
                      0.050540    0.000020    3.643546 v filter.x_in[2]_sky130_fd_sc_hd__inv_2_A_Y_sky130_fd_sc_hd__xnor2_2_A_Y_sky130_fd_sc_hd__and2b_2_A_N_X_sky130_fd_sc_hd__a41oi_2_B1_Y_sky130_fd_sc_hd__xnor2_2_A/B (sky130_fd_sc_hd__xnor2_1)
     2    0.007306    0.209962    0.196705    3.840251 ^ filter.x_in[2]_sky130_fd_sc_hd__inv_2_A_Y_sky130_fd_sc_hd__xnor2_2_A_Y_sky130_fd_sc_hd__and2b_2_A_N_X_sky130_fd_sc_hd__a41oi_2_B1_Y_sky130_fd_sc_hd__xnor2_2_A/Y (sky130_fd_sc_hd__xnor2_1)
                                                         filter.x_in[2]_sky130_fd_sc_hd__inv_2_A_Y_sky130_fd_sc_hd__xnor2_2_A_Y_sky130_fd_sc_hd__and2b_2_A_N_X_sky130_fd_sc_hd__a41oi_2_B1_Y_sky130_fd_sc_hd__xnor2_2_A_Y (net)
                      0.209962    0.000019    3.840271 ^ filter.x_in[0]_sky130_fd_sc_hd__o21ai_2_A1_Y_sky130_fd_sc_hd__and2b_2_A_N_X_sky130_fd_sc_hd__o21ai_2_A2_Y_sky130_fd_sc_hd__xnor2_2_A_B_sky130_fd_sc_hd__xnor2_2_Y/A (sky130_fd_sc_hd__xnor2_1)
     2    0.007769    0.091728    0.135183    3.975453 v filter.x_in[0]_sky130_fd_sc_hd__o21ai_2_A1_Y_sky130_fd_sc_hd__and2b_2_A_N_X_sky130_fd_sc_hd__o21ai_2_A2_Y_sky130_fd_sc_hd__xnor2_2_A_B_sky130_fd_sc_hd__xnor2_2_Y/Y (sky130_fd_sc_hd__xnor2_1)
                                                         filter.x_in[0]_sky130_fd_sc_hd__o21ai_2_A1_Y_sky130_fd_sc_hd__and2b_2_A_N_X_sky130_fd_sc_hd__o21ai_2_A2_Y_sky130_fd_sc_hd__xnor2_2_A_B (net)
                      0.091728    0.000020    3.975472 v filter.x_in[0]_sky130_fd_sc_hd__o21ai_2_A1_Y_sky130_fd_sc_hd__and2b_2_A_N_X_sky130_fd_sc_hd__o21ai_2_A2_Y_sky130_fd_sc_hd__xnor2_2_A/B (sky130_fd_sc_hd__xnor2_1)
     3    0.010771    0.280089    0.265126    4.240598 ^ filter.x_in[0]_sky130_fd_sc_hd__o21ai_2_A1_Y_sky130_fd_sc_hd__and2b_2_A_N_X_sky130_fd_sc_hd__o21ai_2_A2_Y_sky130_fd_sc_hd__xnor2_2_A/Y (sky130_fd_sc_hd__xnor2_1)
                                                         filter.y_out[2]_sky130_fd_sc_hd__dfrtp_2_Q_D_sky130_fd_sc_hd__xor2_2_X_A_sky130_fd_sc_hd__xor2_2_X_A_sky130_fd_sc_hd__nand2_2_Y_B (net)
                      0.280089    0.000083    4.240681 ^ filter.y_out[2]_sky130_fd_sc_hd__dfrtp_2_Q_D_sky130_fd_sc_hd__xor2_2_X_B_sky130_fd_sc_hd__a21bo_2_X_B1_N_sky130_fd_sc_hd__or4b_2_X/D_N (sky130_fd_sc_hd__or4b_1)
     2    0.005959    0.102032    0.493398    4.734079 v filter.y_out[2]_sky130_fd_sc_hd__dfrtp_2_Q_D_sky130_fd_sc_hd__xor2_2_X_B_sky130_fd_sc_hd__a21bo_2_X_B1_N_sky130_fd_sc_hd__or4b_2_X/X (sky130_fd_sc_hd__or4b_1)
                                                         filter.y_out[2]_sky130_fd_sc_hd__dfrtp_2_Q_D_sky130_fd_sc_hd__xor2_2_X_B_sky130_fd_sc_hd__a21bo_2_X_B1_N (net)
                      0.102032    0.000055    4.734134 v filter.y_out[2]_sky130_fd_sc_hd__dfrtp_2_Q_D_sky130_fd_sc_hd__xor2_2_X_A_sky130_fd_sc_hd__xor2_2_X_A_sky130_fd_sc_hd__a21oi_2_A1/A2 (sky130_fd_sc_hd__a21oi_1)
     1    0.003092    0.112462    0.162044    4.896178 ^ filter.y_out[2]_sky130_fd_sc_hd__dfrtp_2_Q_D_sky130_fd_sc_hd__xor2_2_X_A_sky130_fd_sc_hd__xor2_2_X_A_sky130_fd_sc_hd__a21oi_2_A1/Y (sky130_fd_sc_hd__a21oi_1)
                                                         filter.y_out[2]_sky130_fd_sc_hd__dfrtp_2_Q_D_sky130_fd_sc_hd__xor2_2_X_A_sky130_fd_sc_hd__a31o_2_A3_B1 (net)
                      0.112462    0.000008    4.896186 ^ filter.y_out[2]_sky130_fd_sc_hd__dfrtp_2_Q_D_sky130_fd_sc_hd__xor2_2_X_A_sky130_fd_sc_hd__a31o_2_A3/B1 (sky130_fd_sc_hd__a31o_1)
     3    0.012160    0.126544    0.171066    5.067252 ^ filter.y_out[2]_sky130_fd_sc_hd__dfrtp_2_Q_D_sky130_fd_sc_hd__xor2_2_X_A_sky130_fd_sc_hd__a31o_2_A3/X (sky130_fd_sc_hd__a31o_1)
                                                         filter.y_out[3]_sky130_fd_sc_hd__dfrtp_2_Q_D_sky130_fd_sc_hd__nor2_2_Y_A_sky130_fd_sc_hd__and2b_2_X_B (net)
                      0.126544    0.000259    5.067512 ^ filter.y_out[5]_sky130_fd_sc_hd__dfrtp_2_Q_D_sky130_fd_sc_hd__xor2_2_X_A_sky130_fd_sc_hd__nor2_2_Y_A_sky130_fd_sc_hd__nor3b_2_Y/C_N (sky130_fd_sc_hd__nor3b_1)
     2    0.009242    0.343685    0.330398    5.397910 ^ filter.y_out[5]_sky130_fd_sc_hd__dfrtp_2_Q_D_sky130_fd_sc_hd__xor2_2_X_A_sky130_fd_sc_hd__nor2_2_Y_A_sky130_fd_sc_hd__nor3b_2_Y/Y (sky130_fd_sc_hd__nor3b_1)
                                                         filter.y_out[5]_sky130_fd_sc_hd__dfrtp_2_Q_D_sky130_fd_sc_hd__xor2_2_X_A_sky130_fd_sc_hd__nor2_2_Y_A (net)
                      0.343685    0.000109    5.398019 ^ filter.y_out[5]_sky130_fd_sc_hd__dfrtp_2_Q_D_sky130_fd_sc_hd__xor2_2_X_B_sky130_fd_sc_hd__o21bai_2_B1_N/A1 (sky130_fd_sc_hd__o21bai_2)
     3    0.016567    0.113668    0.169734    5.567753 v filter.y_out[5]_sky130_fd_sc_hd__dfrtp_2_Q_D_sky130_fd_sc_hd__xor2_2_X_B_sky130_fd_sc_hd__o21bai_2_B1_N/Y (sky130_fd_sc_hd__o21bai_2)
                                                         filter.y_out[6]_sky130_fd_sc_hd__dfrtp_2_Q_D_sky130_fd_sc_hd__xnor2_2_Y_A_sky130_fd_sc_hd__nand2_2_Y_B (net)
                      0.113669    0.000587    5.568339 v filter.y_out[6]_sky130_fd_sc_hd__dfrtp_2_Q_D_sky130_fd_sc_hd__xnor2_2_Y_B_sky130_fd_sc_hd__o311a_2_A2/A1 (sky130_fd_sc_hd__o311a_2)
     4    0.021549    0.099864    0.478454    6.046793 v filter.y_out[6]_sky130_fd_sc_hd__dfrtp_2_Q_D_sky130_fd_sc_hd__xnor2_2_Y_B_sky130_fd_sc_hd__o311a_2_A2/X (sky130_fd_sc_hd__o311a_2)
                                                         filter.y_out[6]_sky130_fd_sc_hd__dfrtp_2_Q_D_sky130_fd_sc_hd__xnor2_2_Y_B_sky130_fd_sc_hd__o311a_2_A2_X (net)
                      0.099868    0.000760    6.047554 v filter.y_out[9]_sky130_fd_sc_hd__dfrtp_2_Q_D_sky130_fd_sc_hd__xor2_2_X/A (sky130_fd_sc_hd__xor2_1)
     1    0.002483    0.075886    0.173658    6.221212 v filter.y_out[9]_sky130_fd_sc_hd__dfrtp_2_Q_D_sky130_fd_sc_hd__xor2_2_X/X (sky130_fd_sc_hd__xor2_1)
                                                         filter.y_out[9]_sky130_fd_sc_hd__dfrtp_2_Q_D (net)
                      0.075886    0.000005    6.221217 v filter.y_out[9]_sky130_fd_sc_hd__dfrtp_2_Q/D (sky130_fd_sc_hd__dfrtp_2)
                                              6.221217   data arrival time

                                 30.000000   30.000000   clock clk (rise edge)
                                  0.000000   30.000000   clock source latency
     1    0.028310    0.132872    0.092459   30.092459 ^ clk (in)
                                                         clk (net)
                      0.132912    0.000000   30.092459 ^ clkbuf_0_clk/A (sky130_fd_sc_hd__clkbuf_16)
     8    0.108967    0.123112    0.223171   30.315630 ^ clkbuf_0_clk/X (sky130_fd_sc_hd__clkbuf_16)
                                                         clknet_0_clk (net)
                      0.123380    0.004579   30.320210 ^ clkbuf_3_3__f_clk/A (sky130_fd_sc_hd__clkbuf_16)
     6    0.036229    0.056559    0.167876   30.488087 ^ clkbuf_3_3__f_clk/X (sky130_fd_sc_hd__clkbuf_16)
                                                         clknet_3_3__leaf_clk (net)
                      0.056560    0.000220   30.488306 ^ filter.y_out[9]_sky130_fd_sc_hd__dfrtp_2_Q/CLK (sky130_fd_sc_hd__dfrtp_2)
                                 -0.250000   30.238306   clock uncertainty
                                  0.000000   30.238306   clock reconvergence pessimism
                                 -0.126364   30.111942   library setup time
                                             30.111942   data required time
---------------------------------------------------------------------------------------------
                                             30.111942   data required time
                                             -6.221217   data arrival time
---------------------------------------------------------------------------------------------
                                             23.890724   slack (MET)


Startpoint: reset (input port clocked by clk)
Endpoint: filter.y_out[14]_sky130_fd_sc_hd__dfrtp_2_Q
          (recovery check against rising-edge clock clk)
Path Group: asynchronous
Path Type: max

Fanout         Cap        Slew       Delay        Time   Description
---------------------------------------------------------------------------------------------
                                  0.000000    0.000000   clock clk (rise edge)
                                  0.000000    0.000000   clock network delay (propagated)
                                  6.000000    6.000000 v input external delay
     1    0.002519    0.007983    0.003938    6.003938 v reset (in)
                                                         reset (net)
                      0.007983    0.000000    6.003938 v input1/A (sky130_fd_sc_hd__clkbuf_1)
     1    0.002900    0.026986    0.072522    6.076460 v input1/X (sky130_fd_sc_hd__clkbuf_1)
                                                         net1 (net)
                      0.026986    0.000010    6.076470 v fanout35/A (sky130_fd_sc_hd__clkbuf_4)
     5    0.041249    0.092196    0.185337    6.261807 v fanout35/X (sky130_fd_sc_hd__clkbuf_4)
                                                         net35 (net)
                      0.092197    0.000449    6.262256 v fanout28/A (sky130_fd_sc_hd__clkbuf_4)
     5    0.042927    0.095025    0.215986    6.478242 v fanout28/X (sky130_fd_sc_hd__clkbuf_4)
                                                         net28 (net)
                      0.095146    0.003046    6.481288 v filter.y_out[14]_sky130_fd_sc_hd__dfrtp_2_Q_RESET_B_sky130_fd_sc_hd__inv_2_Y/A (sky130_fd_sc_hd__inv_2)
     1    0.003990    0.037807    0.063038    6.544326 ^ filter.y_out[14]_sky130_fd_sc_hd__dfrtp_2_Q_RESET_B_sky130_fd_sc_hd__inv_2_Y/Y (sky130_fd_sc_hd__inv_2)
                                                         filter.y_out[14]_sky130_fd_sc_hd__dfrtp_2_Q_RESET_B (net)
                      0.037807    0.000008    6.544334 ^ filter.y_out[14]_sky130_fd_sc_hd__dfrtp_2_Q/RESET_B (sky130_fd_sc_hd__dfrtp_4)
                                              6.544334   data arrival time

                                 30.000000   30.000000   clock clk (rise edge)
                                  0.000000   30.000000   clock source latency
     1    0.028310    0.132872    0.092459   30.092459 ^ clk (in)
                                                         clk (net)
                      0.132912    0.000000   30.092459 ^ clkbuf_0_clk/A (sky130_fd_sc_hd__clkbuf_16)
     8    0.108967    0.123112    0.223171   30.315630 ^ clkbuf_0_clk/X (sky130_fd_sc_hd__clkbuf_16)
                                                         clknet_0_clk (net)
                      0.123417    0.004874   30.320505 ^ clkbuf_3_2__f_clk/A (sky130_fd_sc_hd__clkbuf_16)
     9    0.042714    0.062286    0.172658   30.493162 ^ clkbuf_3_2__f_clk/X (sky130_fd_sc_hd__clkbuf_16)
                                                         clknet_3_2__leaf_clk (net)
                      0.062287    0.000409   30.493570 ^ filter.y_out[14]_sky130_fd_sc_hd__dfrtp_2_Q/CLK (sky130_fd_sc_hd__dfrtp_4)
                                 -0.250000   30.243570   clock uncertainty
                                  0.000000   30.243570   clock reconvergence pessimism
                                  0.224840   30.468410   library recovery time
                                             30.468410   data required time
---------------------------------------------------------------------------------------------
                                             30.468410   data required time
                                             -6.544334   data arrival time
---------------------------------------------------------------------------------------------
                                             23.924078   slack (MET)


Startpoint: reset (input port clocked by clk)
Endpoint: filter.y_out[1]_sky130_fd_sc_hd__dfrtp_2_Q
          (recovery check against rising-edge clock clk)
Path Group: asynchronous
Path Type: max

Fanout         Cap        Slew       Delay        Time   Description
---------------------------------------------------------------------------------------------
                                  0.000000    0.000000   clock clk (rise edge)
                                  0.000000    0.000000   clock network delay (propagated)
                                  6.000000    6.000000 v input external delay
     1    0.002519    0.007983    0.003938    6.003938 v reset (in)
                                                         reset (net)
                      0.007983    0.000000    6.003938 v input1/A (sky130_fd_sc_hd__clkbuf_1)
     1    0.002900    0.026986    0.072522    6.076460 v input1/X (sky130_fd_sc_hd__clkbuf_1)
                                                         net1 (net)
                      0.026986    0.000010    6.076470 v fanout35/A (sky130_fd_sc_hd__clkbuf_4)
     5    0.041249    0.092196    0.185337    6.261807 v fanout35/X (sky130_fd_sc_hd__clkbuf_4)
                                                         net35 (net)
                      0.092211    0.001195    6.263003 v fanout33/A (sky130_fd_sc_hd__clkbuf_8)
    10    0.070815    0.087586    0.211304    6.474307 v fanout33/X (sky130_fd_sc_hd__clkbuf_8)
                                                         net33 (net)
                      0.087634    0.001939    6.476246 v filter.y_out[1]_sky130_fd_sc_hd__dfrtp_2_Q_RESET_B_sky130_fd_sc_hd__inv_2_Y/A (sky130_fd_sc_hd__inv_2)
     1    0.003950    0.036027    0.060148    6.536394 ^ filter.y_out[1]_sky130_fd_sc_hd__dfrtp_2_Q_RESET_B_sky130_fd_sc_hd__inv_2_Y/Y (sky130_fd_sc_hd__inv_2)
                                                         filter.y_out[1]_sky130_fd_sc_hd__dfrtp_2_Q_RESET_B (net)
                      0.036027    0.000008    6.536401 ^ filter.y_out[1]_sky130_fd_sc_hd__dfrtp_2_Q/RESET_B (sky130_fd_sc_hd__dfrtp_4)
                                              6.536401   data arrival time

                                 30.000000   30.000000   clock clk (rise edge)
                                  0.000000   30.000000   clock source latency
     1    0.028310    0.132872    0.092459   30.092459 ^ clk (in)
                                                         clk (net)
                      0.132912    0.000000   30.092459 ^ clkbuf_0_clk/A (sky130_fd_sc_hd__clkbuf_16)
     8    0.108967    0.123112    0.223171   30.315630 ^ clkbuf_0_clk/X (sky130_fd_sc_hd__clkbuf_16)
                                                         clknet_0_clk (net)
                      0.123134    0.001343   30.316973 ^ clkbuf_3_7__f_clk/A (sky130_fd_sc_hd__clkbuf_16)
     9    0.038153    0.058206    0.169123   30.486095 ^ clkbuf_3_7__f_clk/X (sky130_fd_sc_hd__clkbuf_16)
                                                         clknet_3_7__leaf_clk (net)
                      0.058218    0.000696   30.486794 ^ filter.y_out[1]_sky130_fd_sc_hd__dfrtp_2_Q/CLK (sky130_fd_sc_hd__dfrtp_4)
                                 -0.250000   30.236792   clock uncertainty
                                  0.000000   30.236792   clock reconvergence pessimism
                                  0.224157   30.460951   library recovery time
                                             30.460951   data required time
---------------------------------------------------------------------------------------------
                                             30.460951   data required time
                                             -6.536401   data arrival time
---------------------------------------------------------------------------------------------
                                             23.924549   slack (MET)


Startpoint: reset (input port clocked by clk)
Endpoint: filter.y_out[15]_sky130_fd_sc_hd__dfrtp_2_Q
          (recovery check against rising-edge clock clk)
Path Group: asynchronous
Path Type: max

Fanout         Cap        Slew       Delay        Time   Description
---------------------------------------------------------------------------------------------
                                  0.000000    0.000000   clock clk (rise edge)
                                  0.000000    0.000000   clock network delay (propagated)
                                  6.000000    6.000000 v input external delay
     1    0.002519    0.007983    0.003938    6.003938 v reset (in)
                                                         reset (net)
                      0.007983    0.000000    6.003938 v input1/A (sky130_fd_sc_hd__clkbuf_1)
     1    0.002900    0.026986    0.072522    6.076460 v input1/X (sky130_fd_sc_hd__clkbuf_1)
                                                         net1 (net)
                      0.026986    0.000010    6.076470 v fanout35/A (sky130_fd_sc_hd__clkbuf_4)
     5    0.041249    0.092196    0.185337    6.261807 v fanout35/X (sky130_fd_sc_hd__clkbuf_4)
                                                         net35 (net)
                      0.092197    0.000449    6.262256 v fanout28/A (sky130_fd_sc_hd__clkbuf_4)
     5    0.042927    0.095025    0.215986    6.478242 v fanout28/X (sky130_fd_sc_hd__clkbuf_4)
                                                         net28 (net)
                      0.095129    0.002842    6.481084 v filter.y_out[15]_sky130_fd_sc_hd__dfrtp_2_Q_RESET_B_sky130_fd_sc_hd__inv_2_Y/A (sky130_fd_sc_hd__inv_2)
     1    0.003860    0.037330    0.062374    6.543458 ^ filter.y_out[15]_sky130_fd_sc_hd__dfrtp_2_Q_RESET_B_sky130_fd_sc_hd__inv_2_Y/Y (sky130_fd_sc_hd__inv_2)
                                                         filter.y_out[15]_sky130_fd_sc_hd__dfrtp_2_Q_RESET_B (net)
                      0.037330    0.000005    6.543464 ^ filter.y_out[15]_sky130_fd_sc_hd__dfrtp_2_Q/RESET_B (sky130_fd_sc_hd__dfrtp_4)
                                              6.543464   data arrival time

                                 30.000000   30.000000   clock clk (rise edge)
                                  0.000000   30.000000   clock source latency
     1    0.028310    0.132872    0.092459   30.092459 ^ clk (in)
                                                         clk (net)
                      0.132912    0.000000   30.092459 ^ clkbuf_0_clk/A (sky130_fd_sc_hd__clkbuf_16)
     8    0.108967    0.123112    0.223171   30.315630 ^ clkbuf_0_clk/X (sky130_fd_sc_hd__clkbuf_16)
                                                         clknet_0_clk (net)
                      0.123417    0.004874   30.320505 ^ clkbuf_3_2__f_clk/A (sky130_fd_sc_hd__clkbuf_16)
     9    0.042714    0.062286    0.172658   30.493162 ^ clkbuf_3_2__f_clk/X (sky130_fd_sc_hd__clkbuf_16)
                                                         clknet_3_2__leaf_clk (net)
                      0.062286    0.000217   30.493380 ^ filter.y_out[15]_sky130_fd_sc_hd__dfrtp_2_Q/CLK (sky130_fd_sc_hd__dfrtp_4)
                                 -0.250000   30.243378   clock uncertainty
                                  0.000000   30.243378   clock reconvergence pessimism
                                  0.224993   30.468372   library recovery time
                                             30.468372   data required time
---------------------------------------------------------------------------------------------
                                             30.468372   data required time
                                             -6.543464   data arrival time
---------------------------------------------------------------------------------------------
                                             23.924910   slack (MET)


Startpoint: reset (input port clocked by clk)
Endpoint: filter.y_out[3]_sky130_fd_sc_hd__dfrtp_2_Q
          (recovery check against rising-edge clock clk)
Path Group: asynchronous
Path Type: max

Fanout         Cap        Slew       Delay        Time   Description
---------------------------------------------------------------------------------------------
                                  0.000000    0.000000   clock clk (rise edge)
                                  0.000000    0.000000   clock network delay (propagated)
                                  6.000000    6.000000 v input external delay
     1    0.002519    0.007983    0.003938    6.003938 v reset (in)
                                                         reset (net)
                      0.007983    0.000000    6.003938 v input1/A (sky130_fd_sc_hd__clkbuf_1)
     1    0.002900    0.026986    0.072522    6.076460 v input1/X (sky130_fd_sc_hd__clkbuf_1)
                                                         net1 (net)
                      0.026986    0.000010    6.076470 v fanout35/A (sky130_fd_sc_hd__clkbuf_4)
     5    0.041249    0.092196    0.185337    6.261807 v fanout35/X (sky130_fd_sc_hd__clkbuf_4)
                                                         net35 (net)
                      0.092211    0.001195    6.263003 v fanout33/A (sky130_fd_sc_hd__clkbuf_8)
    10    0.070815    0.087586    0.211304    6.474307 v fanout33/X (sky130_fd_sc_hd__clkbuf_8)
                                                         net33 (net)
                      0.087590    0.000751    6.475058 v filter.y_out[3]_sky130_fd_sc_hd__dfrtp_2_Q_RESET_B_sky130_fd_sc_hd__inv_2_Y/A (sky130_fd_sc_hd__inv_2)
     1    0.003821    0.035560    0.059516    6.534574 ^ filter.y_out[3]_sky130_fd_sc_hd__dfrtp_2_Q_RESET_B_sky130_fd_sc_hd__inv_2_Y/Y (sky130_fd_sc_hd__inv_2)
                                                         filter.y_out[3]_sky130_fd_sc_hd__dfrtp_2_Q_RESET_B (net)
                      0.035560    0.000004    6.534578 ^ filter.y_out[3]_sky130_fd_sc_hd__dfrtp_2_Q/RESET_B (sky130_fd_sc_hd__dfrtp_4)
                                              6.534578   data arrival time

                                 30.000000   30.000000   clock clk (rise edge)
                                  0.000000   30.000000   clock source latency
     1    0.028310    0.132872    0.092459   30.092459 ^ clk (in)
                                                         clk (net)
                      0.132912    0.000000   30.092459 ^ clkbuf_0_clk/A (sky130_fd_sc_hd__clkbuf_16)
     8    0.108967    0.123112    0.223171   30.315630 ^ clkbuf_0_clk/X (sky130_fd_sc_hd__clkbuf_16)
                                                         clknet_0_clk (net)
                      0.123134    0.001343   30.316973 ^ clkbuf_3_7__f_clk/A (sky130_fd_sc_hd__clkbuf_16)
     9    0.038153    0.058206    0.169123   30.486095 ^ clkbuf_3_7__f_clk/X (sky130_fd_sc_hd__clkbuf_16)
                                                         clknet_3_7__leaf_clk (net)
                      0.058210    0.000476   30.486572 ^ filter.y_out[3]_sky130_fd_sc_hd__dfrtp_2_Q/CLK (sky130_fd_sc_hd__dfrtp_4)
                                 -0.250000   30.236572   clock uncertainty
                                  0.000000   30.236572   clock reconvergence pessimism
                                  0.224305   30.460876   library recovery time
                                             30.460876   data required time
---------------------------------------------------------------------------------------------
                                             30.460876   data required time
                                             -6.534578   data arrival time
---------------------------------------------------------------------------------------------
                                             23.926298   slack (MET)


Startpoint: reset (input port clocked by clk)
Endpoint: filter.y_out[11]_sky130_fd_sc_hd__dfrtp_2_Q
          (recovery check against rising-edge clock clk)
Path Group: asynchronous
Path Type: max

Fanout         Cap        Slew       Delay        Time   Description
---------------------------------------------------------------------------------------------
                                  0.000000    0.000000   clock clk (rise edge)
                                  0.000000    0.000000   clock network delay (propagated)
                                  6.000000    6.000000 v input external delay
     1    0.002519    0.007983    0.003938    6.003938 v reset (in)
                                                         reset (net)
                      0.007983    0.000000    6.003938 v input1/A (sky130_fd_sc_hd__clkbuf_1)
     1    0.002900    0.026986    0.072522    6.076460 v input1/X (sky130_fd_sc_hd__clkbuf_1)
                                                         net1 (net)
                      0.026986    0.000010    6.076470 v fanout35/A (sky130_fd_sc_hd__clkbuf_4)
     5    0.041249    0.092196    0.185337    6.261807 v fanout35/X (sky130_fd_sc_hd__clkbuf_4)
                                                         net35 (net)
                      0.092197    0.000449    6.262256 v fanout28/A (sky130_fd_sc_hd__clkbuf_4)
     5    0.042927    0.095025    0.215986    6.478242 v fanout28/X (sky130_fd_sc_hd__clkbuf_4)
                                                         net28 (net)
                      0.095159    0.003187    6.481429 v filter.y_out[11]_sky130_fd_sc_hd__dfrtp_2_Q_RESET_B_sky130_fd_sc_hd__inv_2_Y/A (sky130_fd_sc_hd__inv_2)
     1    0.003887    0.037434    0.062521    6.543950 ^ filter.y_out[11]_sky130_fd_sc_hd__dfrtp_2_Q_RESET_B_sky130_fd_sc_hd__inv_2_Y/Y (sky130_fd_sc_hd__inv_2)
                                                         filter.y_out[11]_sky130_fd_sc_hd__dfrtp_2_Q_RESET_B (net)
                      0.037434    0.000007    6.543956 ^ filter.y_out[11]_sky130_fd_sc_hd__dfrtp_2_Q/RESET_B (sky130_fd_sc_hd__dfrtp_2)
                                              6.543956   data arrival time

                                 30.000000   30.000000   clock clk (rise edge)
                                  0.000000   30.000000   clock source latency
     1    0.028310    0.132872    0.092459   30.092459 ^ clk (in)
                                                         clk (net)
                      0.132912    0.000000   30.092459 ^ clkbuf_0_clk/A (sky130_fd_sc_hd__clkbuf_16)
     8    0.108967    0.123112    0.223171   30.315630 ^ clkbuf_0_clk/X (sky130_fd_sc_hd__clkbuf_16)
                                                         clknet_0_clk (net)
                      0.123417    0.004874   30.320505 ^ clkbuf_3_2__f_clk/A (sky130_fd_sc_hd__clkbuf_16)
     9    0.042714    0.062286    0.172658   30.493162 ^ clkbuf_3_2__f_clk/X (sky130_fd_sc_hd__clkbuf_16)
                                                         clknet_3_2__leaf_clk (net)
                      0.062290    0.000561   30.493725 ^ filter.y_out[11]_sky130_fd_sc_hd__dfrtp_2_Q/CLK (sky130_fd_sc_hd__dfrtp_2)
                                 -0.250000   30.243723   clock uncertainty
                                  0.000000   30.243723   clock reconvergence pessimism
                                  0.226742   30.470465   library recovery time
                                             30.470465   data required time
---------------------------------------------------------------------------------------------
                                             30.470465   data required time
                                             -6.543956   data arrival time
---------------------------------------------------------------------------------------------
                                             23.926508   slack (MET)


Startpoint: reset (input port clocked by clk)
Endpoint: filter.y_out[0]_sky130_fd_sc_hd__dfrtp_2_Q
          (recovery check against rising-edge clock clk)
Path Group: asynchronous
Path Type: max

Fanout         Cap        Slew       Delay        Time   Description
---------------------------------------------------------------------------------------------
                                  0.000000    0.000000   clock clk (rise edge)
                                  0.000000    0.000000   clock network delay (propagated)
                                  6.000000    6.000000 v input external delay
     1    0.002519    0.007983    0.003938    6.003938 v reset (in)
                                                         reset (net)
                      0.007983    0.000000    6.003938 v input1/A (sky130_fd_sc_hd__clkbuf_1)
     1    0.002900    0.026986    0.072522    6.076460 v input1/X (sky130_fd_sc_hd__clkbuf_1)
                                                         net1 (net)
                      0.026986    0.000010    6.076470 v fanout35/A (sky130_fd_sc_hd__clkbuf_4)
     5    0.041249    0.092196    0.185337    6.261807 v fanout35/X (sky130_fd_sc_hd__clkbuf_4)
                                                         net35 (net)
                      0.092211    0.001195    6.263003 v fanout33/A (sky130_fd_sc_hd__clkbuf_8)
    10    0.070815    0.087586    0.211304    6.474307 v fanout33/X (sky130_fd_sc_hd__clkbuf_8)
                                                         net33 (net)
                      0.087711    0.002969    6.477275 v filter.y_out[0]_sky130_fd_sc_hd__dfrtp_2_Q_RESET_B_sky130_fd_sc_hd__inv_2_Y/A (sky130_fd_sc_hd__inv_2)
     1    0.004068    0.036468    0.060747    6.538023 ^ filter.y_out[0]_sky130_fd_sc_hd__dfrtp_2_Q_RESET_B_sky130_fd_sc_hd__inv_2_Y/Y (sky130_fd_sc_hd__inv_2)
                                                         filter.y_out[0]_sky130_fd_sc_hd__dfrtp_2_Q_RESET_B (net)
                      0.036468    0.000009    6.538032 ^ filter.y_out[0]_sky130_fd_sc_hd__dfrtp_2_Q/RESET_B (sky130_fd_sc_hd__dfrtp_4)
                                              6.538032   data arrival time

                                 30.000000   30.000000   clock clk (rise edge)
                                  0.000000   30.000000   clock source latency
     1    0.028310    0.132872    0.092459   30.092459 ^ clk (in)
                                                         clk (net)
                      0.132912    0.000000   30.092459 ^ clkbuf_0_clk/A (sky130_fd_sc_hd__clkbuf_16)
     8    0.108967    0.123112    0.223171   30.315630 ^ clkbuf_0_clk/X (sky130_fd_sc_hd__clkbuf_16)
                                                         clknet_0_clk (net)
                      0.123131    0.001247   30.316877 ^ clkbuf_3_6__f_clk/A (sky130_fd_sc_hd__clkbuf_16)
     9    0.045466    0.064752    0.174609   30.491486 ^ clkbuf_3_6__f_clk/X (sky130_fd_sc_hd__clkbuf_16)
                                                         clknet_3_6__leaf_clk (net)
                      0.064754    0.000462   30.491947 ^ filter.y_out[0]_sky130_fd_sc_hd__dfrtp_2_Q/CLK (sky130_fd_sc_hd__dfrtp_4)
                                 -0.250000   30.241947   clock uncertainty
                                  0.000000   30.241947   clock reconvergence pessimism
                                  0.226034   30.467981   library recovery time
                                             30.467981   data required time
---------------------------------------------------------------------------------------------
                                             30.467981   data required time
                                             -6.538032   data arrival time
---------------------------------------------------------------------------------------------
                                             23.929951   slack (MET)


Startpoint: reset (input port clocked by clk)
Endpoint: spi_in.shift_reg[5]_sky130_fd_sc_hd__dfrtp_2_Q
          (recovery check against rising-edge clock clk)
Path Group: asynchronous
Path Type: max

Fanout         Cap        Slew       Delay        Time   Description
---------------------------------------------------------------------------------------------
                                  0.000000    0.000000   clock clk (rise edge)
                                  0.000000    0.000000   clock network delay (propagated)
                                  6.000000    6.000000 v input external delay
     1    0.002519    0.007983    0.003938    6.003938 v reset (in)
                                                         reset (net)
                      0.007983    0.000000    6.003938 v input1/A (sky130_fd_sc_hd__clkbuf_1)
     1    0.002900    0.026986    0.072522    6.076460 v input1/X (sky130_fd_sc_hd__clkbuf_1)
                                                         net1 (net)
                      0.026986    0.000010    6.076470 v fanout35/A (sky130_fd_sc_hd__clkbuf_4)
     5    0.041249    0.092196    0.185337    6.261807 v fanout35/X (sky130_fd_sc_hd__clkbuf_4)
                                                         net35 (net)
                      0.092196    0.000049    6.261857 v fanout32/A (sky130_fd_sc_hd__clkbuf_4)
     8    0.044980    0.098762    0.220031    6.481887 v fanout32/X (sky130_fd_sc_hd__clkbuf_4)
                                                         net32 (net)
                      0.098774    0.001119    6.483006 v spi_in.shift_reg[5]_sky130_fd_sc_hd__dfrtp_2_Q_RESET_B_sky130_fd_sc_hd__inv_2_Y/A (sky130_fd_sc_hd__inv_2)
     1    0.004231    0.039487    0.065592    6.548597 ^ spi_in.shift_reg[5]_sky130_fd_sc_hd__dfrtp_2_Q_RESET_B_sky130_fd_sc_hd__inv_2_Y/Y (sky130_fd_sc_hd__inv_2)
                                                         spi_in.shift_reg[5]_sky130_fd_sc_hd__dfrtp_2_Q_RESET_B (net)
                      0.039487    0.000010    6.548608 ^ spi_in.shift_reg[5]_sky130_fd_sc_hd__dfrtp_2_Q/RESET_B (sky130_fd_sc_hd__dfrtp_1)
                                              6.548608   data arrival time

                                 30.000000   30.000000   clock clk (rise edge)
                                  0.000000   30.000000   clock source latency
     1    0.028310    0.132872    0.092459   30.092459 ^ clk (in)
                                                         clk (net)
                      0.132912    0.000000   30.092459 ^ clkbuf_0_clk/A (sky130_fd_sc_hd__clkbuf_16)
     8    0.108967    0.123112    0.223171   30.315630 ^ clkbuf_0_clk/X (sky130_fd_sc_hd__clkbuf_16)
                                                         clknet_0_clk (net)
                      0.123294    0.003784   30.319414 ^ clkbuf_3_5__f_clk/A (sky130_fd_sc_hd__clkbuf_16)
    13    0.042872    0.062425    0.172722   30.492136 ^ clkbuf_3_5__f_clk/X (sky130_fd_sc_hd__clkbuf_16)
                                                         clknet_3_5__leaf_clk (net)
                      0.062425    0.000249   30.492384 ^ spi_in.shift_reg[5]_sky130_fd_sc_hd__dfrtp_2_Q/CLK (sky130_fd_sc_hd__dfrtp_1)
                                 -0.250000   30.242384   clock uncertainty
                                  0.000000   30.242384   clock reconvergence pessimism
                                  0.237098   30.479481   library recovery time
                                             30.479481   data required time
---------------------------------------------------------------------------------------------
                                             30.479481   data required time
                                             -6.548608   data arrival time
---------------------------------------------------------------------------------------------
                                             23.930874   slack (MET)


Startpoint: reset (input port clocked by clk)
Endpoint: filter.y_out[2]_sky130_fd_sc_hd__dfrtp_2_Q
          (recovery check against rising-edge clock clk)
Path Group: asynchronous
Path Type: max

Fanout         Cap        Slew       Delay        Time   Description
---------------------------------------------------------------------------------------------
                                  0.000000    0.000000   clock clk (rise edge)
                                  0.000000    0.000000   clock network delay (propagated)
                                  6.000000    6.000000 v input external delay
     1    0.002519    0.007983    0.003938    6.003938 v reset (in)
                                                         reset (net)
                      0.007983    0.000000    6.003938 v input1/A (sky130_fd_sc_hd__clkbuf_1)
     1    0.002900    0.026986    0.072522    6.076460 v input1/X (sky130_fd_sc_hd__clkbuf_1)
                                                         net1 (net)
                      0.026986    0.000010    6.076470 v fanout35/A (sky130_fd_sc_hd__clkbuf_4)
     5    0.041249    0.092196    0.185337    6.261807 v fanout35/X (sky130_fd_sc_hd__clkbuf_4)
                                                         net35 (net)
                      0.092211    0.001195    6.263003 v fanout33/A (sky130_fd_sc_hd__clkbuf_8)
    10    0.070815    0.087586    0.211304    6.474307 v fanout33/X (sky130_fd_sc_hd__clkbuf_8)
                                                         net33 (net)
                      0.087690    0.002731    6.477038 v filter.y_out[2]_sky130_fd_sc_hd__dfrtp_2_Q_RESET_B_sky130_fd_sc_hd__inv_2_Y/A (sky130_fd_sc_hd__inv_2)
     1    0.003910    0.035898    0.059977    6.537015 ^ filter.y_out[2]_sky130_fd_sc_hd__dfrtp_2_Q_RESET_B_sky130_fd_sc_hd__inv_2_Y/Y (sky130_fd_sc_hd__inv_2)
                                                         filter.y_out[2]_sky130_fd_sc_hd__dfrtp_2_Q_RESET_B (net)
                      0.035898    0.000007    6.537022 ^ filter.y_out[2]_sky130_fd_sc_hd__dfrtp_2_Q/RESET_B (sky130_fd_sc_hd__dfrtp_4)
                                              6.537022   data arrival time

                                 30.000000   30.000000   clock clk (rise edge)
                                  0.000000   30.000000   clock source latency
     1    0.028310    0.132872    0.092459   30.092459 ^ clk (in)
                                                         clk (net)
                      0.132912    0.000000   30.092459 ^ clkbuf_0_clk/A (sky130_fd_sc_hd__clkbuf_16)
     8    0.108967    0.123112    0.223171   30.315630 ^ clkbuf_0_clk/X (sky130_fd_sc_hd__clkbuf_16)
                                                         clknet_0_clk (net)
                      0.123131    0.001247   30.316877 ^ clkbuf_3_6__f_clk/A (sky130_fd_sc_hd__clkbuf_16)
     9    0.045466    0.064752    0.174609   30.491486 ^ clkbuf_3_6__f_clk/X (sky130_fd_sc_hd__clkbuf_16)
                                                         clknet_3_6__leaf_clk (net)
                      0.064754    0.000423   30.491909 ^ filter.y_out[2]_sky130_fd_sc_hd__dfrtp_2_Q/CLK (sky130_fd_sc_hd__dfrtp_4)
                                 -0.250000   30.241907   clock uncertainty
                                  0.000000   30.241907   clock reconvergence pessimism
                                  0.226217   30.468126   library recovery time
                                             30.468126   data required time
---------------------------------------------------------------------------------------------
                                             30.468126   data required time
                                             -6.537022   data arrival time
---------------------------------------------------------------------------------------------
                                             23.931105   slack (MET)


Startpoint: reset (input port clocked by clk)
Endpoint: spi_out.bit_cnt[1]_sky130_fd_sc_hd__dfrtp_2_Q
          (recovery check against rising-edge clock clk)
Path Group: asynchronous
Path Type: max

Fanout         Cap        Slew       Delay        Time   Description
---------------------------------------------------------------------------------------------
                                  0.000000    0.000000   clock clk (rise edge)
                                  0.000000    0.000000   clock network delay (propagated)
                                  6.000000    6.000000 v input external delay
     1    0.002519    0.007983    0.003938    6.003938 v reset (in)
                                                         reset (net)
                      0.007983    0.000000    6.003938 v input1/A (sky130_fd_sc_hd__clkbuf_1)
     1    0.002900    0.026986    0.072522    6.076460 v input1/X (sky130_fd_sc_hd__clkbuf_1)
                                                         net1 (net)
                      0.026986    0.000010    6.076470 v fanout35/A (sky130_fd_sc_hd__clkbuf_4)
     5    0.041249    0.092196    0.185337    6.261807 v fanout35/X (sky130_fd_sc_hd__clkbuf_4)
                                                         net35 (net)
                      0.092196    0.000049    6.261857 v fanout32/A (sky130_fd_sc_hd__clkbuf_4)
     8    0.044980    0.098762    0.220031    6.481887 v fanout32/X (sky130_fd_sc_hd__clkbuf_4)
                                                         net32 (net)
                      0.098765    0.000653    6.482540 v spi_out.bit_cnt[1]_sky130_fd_sc_hd__dfrtp_2_Q_RESET_B_sky130_fd_sc_hd__inv_2_Y/A (sky130_fd_sc_hd__inv_2)
     1    0.004142    0.038038    0.065117    6.547657 ^ spi_out.bit_cnt[1]_sky130_fd_sc_hd__dfrtp_2_Q_RESET_B_sky130_fd_sc_hd__inv_2_Y/Y (sky130_fd_sc_hd__inv_2)
                                                         spi_out.bit_cnt[1]_sky130_fd_sc_hd__dfrtp_2_Q_RESET_B (net)
                      0.038038    0.000011    6.547668 ^ spi_out.bit_cnt[1]_sky130_fd_sc_hd__dfrtp_2_Q/RESET_B (sky130_fd_sc_hd__dfrtp_1)
                                              6.547668   data arrival time

                                 30.000000   30.000000   clock clk (rise edge)
                                  0.000000   30.000000   clock source latency
     1    0.028310    0.132872    0.092459   30.092459 ^ clk (in)
                                                         clk (net)
                      0.132912    0.000000   30.092459 ^ clkbuf_0_clk/A (sky130_fd_sc_hd__clkbuf_16)
     8    0.108967    0.123112    0.223171   30.315630 ^ clkbuf_0_clk/X (sky130_fd_sc_hd__clkbuf_16)
                                                         clknet_0_clk (net)
                      0.123294    0.003784   30.319414 ^ clkbuf_3_5__f_clk/A (sky130_fd_sc_hd__clkbuf_16)
    13    0.042872    0.062425    0.172722   30.492136 ^ clkbuf_3_5__f_clk/X (sky130_fd_sc_hd__clkbuf_16)
                                                         clknet_3_5__leaf_clk (net)
                      0.062426    0.000323   30.492458 ^ spi_out.bit_cnt[1]_sky130_fd_sc_hd__dfrtp_2_Q/CLK (sky130_fd_sc_hd__dfrtp_1)
                                 -0.250000   30.242458   clock uncertainty
                                  0.000000   30.242458   clock reconvergence pessimism
                                  0.237472   30.479929   library recovery time
                                             30.479929   data required time
---------------------------------------------------------------------------------------------
                                             30.479929   data required time
                                             -6.547668   data arrival time
---------------------------------------------------------------------------------------------
                                             23.932261   slack (MET)


Startpoint: reset (input port clocked by clk)
Endpoint: spi_in.shift_reg[4]_sky130_fd_sc_hd__dfrtp_2_Q
          (recovery check against rising-edge clock clk)
Path Group: asynchronous
Path Type: max

Fanout         Cap        Slew       Delay        Time   Description
---------------------------------------------------------------------------------------------
                                  0.000000    0.000000   clock clk (rise edge)
                                  0.000000    0.000000   clock network delay (propagated)
                                  6.000000    6.000000 v input external delay
     1    0.002519    0.007983    0.003938    6.003938 v reset (in)
                                                         reset (net)
                      0.007983    0.000000    6.003938 v input1/A (sky130_fd_sc_hd__clkbuf_1)
     1    0.002900    0.026986    0.072522    6.076460 v input1/X (sky130_fd_sc_hd__clkbuf_1)
                                                         net1 (net)
                      0.026986    0.000010    6.076470 v fanout35/A (sky130_fd_sc_hd__clkbuf_4)
     5    0.041249    0.092196    0.185337    6.261807 v fanout35/X (sky130_fd_sc_hd__clkbuf_4)
                                                         net35 (net)
                      0.092196    0.000049    6.261857 v fanout32/A (sky130_fd_sc_hd__clkbuf_4)
     8    0.044980    0.098762    0.220031    6.481887 v fanout32/X (sky130_fd_sc_hd__clkbuf_4)
                                                         net32 (net)
                      0.098781    0.001349    6.483236 v spi_in.shift_reg[4]_sky130_fd_sc_hd__dfrtp_2_Q_RESET_B_sky130_fd_sc_hd__inv_2_Y/A (sky130_fd_sc_hd__inv_2)
     1    0.003905    0.038284    0.063900    6.547136 ^ spi_in.shift_reg[4]_sky130_fd_sc_hd__dfrtp_2_Q_RESET_B_sky130_fd_sc_hd__inv_2_Y/Y (sky130_fd_sc_hd__inv_2)
                                                         spi_in.shift_reg[4]_sky130_fd_sc_hd__dfrtp_2_Q_RESET_B (net)
                      0.038284    0.000007    6.547143 ^ spi_in.shift_reg[4]_sky130_fd_sc_hd__dfrtp_2_Q/RESET_B (sky130_fd_sc_hd__dfrtp_1)
                                              6.547143   data arrival time

                                 30.000000   30.000000   clock clk (rise edge)
                                  0.000000   30.000000   clock source latency
     1    0.028310    0.132872    0.092459   30.092459 ^ clk (in)
                                                         clk (net)
                      0.132912    0.000000   30.092459 ^ clkbuf_0_clk/A (sky130_fd_sc_hd__clkbuf_16)
     8    0.108967    0.123112    0.223171   30.315630 ^ clkbuf_0_clk/X (sky130_fd_sc_hd__clkbuf_16)
                                                         clknet_0_clk (net)
                      0.123294    0.003784   30.319414 ^ clkbuf_3_5__f_clk/A (sky130_fd_sc_hd__clkbuf_16)
    13    0.042872    0.062425    0.172722   30.492136 ^ clkbuf_3_5__f_clk/X (sky130_fd_sc_hd__clkbuf_16)
                                                         clknet_3_5__leaf_clk (net)
                      0.062426    0.000373   30.492510 ^ spi_in.shift_reg[4]_sky130_fd_sc_hd__dfrtp_2_Q/CLK (sky130_fd_sc_hd__dfrtp_1)
                                 -0.250000   30.242508   clock uncertainty
                                  0.000000   30.242508   clock reconvergence pessimism
                                  0.237409   30.479918   library recovery time
                                             30.479918   data required time
---------------------------------------------------------------------------------------------
                                             30.479918   data required time
                                             -6.547143   data arrival time
---------------------------------------------------------------------------------------------
                                             23.932775   slack (MET)


Startpoint: reset (input port clocked by clk)
Endpoint: filter.x_in[5]_sky130_fd_sc_hd__dfrtp_2_Q
          (recovery check against rising-edge clock clk)
Path Group: asynchronous
Path Type: max

Fanout         Cap        Slew       Delay        Time   Description
---------------------------------------------------------------------------------------------
                                  0.000000    0.000000   clock clk (rise edge)
                                  0.000000    0.000000   clock network delay (propagated)
                                  6.000000    6.000000 v input external delay
     1    0.002519    0.007983    0.003938    6.003938 v reset (in)
                                                         reset (net)
                      0.007983    0.000000    6.003938 v input1/A (sky130_fd_sc_hd__clkbuf_1)
     1    0.002900    0.026986    0.072522    6.076460 v input1/X (sky130_fd_sc_hd__clkbuf_1)
                                                         net1 (net)
                      0.026986    0.000010    6.076470 v fanout35/A (sky130_fd_sc_hd__clkbuf_4)
     5    0.041249    0.092196    0.185337    6.261807 v fanout35/X (sky130_fd_sc_hd__clkbuf_4)
                                                         net35 (net)
                      0.092196    0.000049    6.261857 v fanout32/A (sky130_fd_sc_hd__clkbuf_4)
     8    0.044980    0.098762    0.220031    6.481887 v fanout32/X (sky130_fd_sc_hd__clkbuf_4)
                                                         net32 (net)
                      0.098777    0.001219    6.483106 v filter.x_in[5]_sky130_fd_sc_hd__dfrtp_2_Q_RESET_B_sky130_fd_sc_hd__inv_2_Y/A (sky130_fd_sc_hd__inv_2)
     1    0.003894    0.038243    0.063841    6.546947 ^ filter.x_in[5]_sky130_fd_sc_hd__dfrtp_2_Q_RESET_B_sky130_fd_sc_hd__inv_2_Y/Y (sky130_fd_sc_hd__inv_2)
                                                         filter.x_in[5]_sky130_fd_sc_hd__dfrtp_2_Q_RESET_B (net)
                      0.038243    0.000006    6.546953 ^ filter.x_in[5]_sky130_fd_sc_hd__dfrtp_2_Q/RESET_B (sky130_fd_sc_hd__dfrtp_1)
                                              6.546953   data arrival time

                                 30.000000   30.000000   clock clk (rise edge)
                                  0.000000   30.000000   clock source latency
     1    0.028310    0.132872    0.092459   30.092459 ^ clk (in)
                                                         clk (net)
                      0.132912    0.000000   30.092459 ^ clkbuf_0_clk/A (sky130_fd_sc_hd__clkbuf_16)
     8    0.108967    0.123112    0.223171   30.315630 ^ clkbuf_0_clk/X (sky130_fd_sc_hd__clkbuf_16)
                                                         clknet_0_clk (net)
                      0.123294    0.003784   30.319414 ^ clkbuf_3_5__f_clk/A (sky130_fd_sc_hd__clkbuf_16)
    13    0.042872    0.062425    0.172722   30.492136 ^ clkbuf_3_5__f_clk/X (sky130_fd_sc_hd__clkbuf_16)
                                                         clknet_3_5__leaf_clk (net)
                      0.062425    0.000284   30.492420 ^ filter.x_in[5]_sky130_fd_sc_hd__dfrtp_2_Q/CLK (sky130_fd_sc_hd__dfrtp_1)
                                 -0.250000   30.242418   clock uncertainty
                                  0.000000   30.242418   clock reconvergence pessimism
                                  0.237419   30.479839   library recovery time
                                             30.479839   data required time
---------------------------------------------------------------------------------------------
                                             30.479839   data required time
                                             -6.546953   data arrival time
---------------------------------------------------------------------------------------------
                                             23.932886   slack (MET)


Startpoint: reset (input port clocked by clk)
Endpoint: filter.x_in[4]_sky130_fd_sc_hd__dfrtp_2_Q
          (recovery check against rising-edge clock clk)
Path Group: asynchronous
Path Type: max

Fanout         Cap        Slew       Delay        Time   Description
---------------------------------------------------------------------------------------------
                                  0.000000    0.000000   clock clk (rise edge)
                                  0.000000    0.000000   clock network delay (propagated)
                                  6.000000    6.000000 v input external delay
     1    0.002519    0.007983    0.003938    6.003938 v reset (in)
                                                         reset (net)
                      0.007983    0.000000    6.003938 v input1/A (sky130_fd_sc_hd__clkbuf_1)
     1    0.002900    0.026986    0.072522    6.076460 v input1/X (sky130_fd_sc_hd__clkbuf_1)
                                                         net1 (net)
                      0.026986    0.000010    6.076470 v fanout35/A (sky130_fd_sc_hd__clkbuf_4)
     5    0.041249    0.092196    0.185337    6.261807 v fanout35/X (sky130_fd_sc_hd__clkbuf_4)
                                                         net35 (net)
                      0.092196    0.000049    6.261857 v fanout32/A (sky130_fd_sc_hd__clkbuf_4)
     8    0.044980    0.098762    0.220031    6.481887 v fanout32/X (sky130_fd_sc_hd__clkbuf_4)
                                                         net32 (net)
                      0.098783    0.001388    6.483275 v filter.x_in[4]_sky130_fd_sc_hd__dfrtp_2_Q_RESET_B_sky130_fd_sc_hd__inv_2_Y/A (sky130_fd_sc_hd__inv_2)
     1    0.003854    0.038098    0.063638    6.546913 ^ filter.x_in[4]_sky130_fd_sc_hd__dfrtp_2_Q_RESET_B_sky130_fd_sc_hd__inv_2_Y/Y (sky130_fd_sc_hd__inv_2)
                                                         filter.x_in[4]_sky130_fd_sc_hd__dfrtp_2_Q_RESET_B (net)
                      0.038098    0.000005    6.546917 ^ filter.x_in[4]_sky130_fd_sc_hd__dfrtp_2_Q/RESET_B (sky130_fd_sc_hd__dfrtp_1)
                                              6.546917   data arrival time

                                 30.000000   30.000000   clock clk (rise edge)
                                  0.000000   30.000000   clock source latency
     1    0.028310    0.132872    0.092459   30.092459 ^ clk (in)
                                                         clk (net)
                      0.132912    0.000000   30.092459 ^ clkbuf_0_clk/A (sky130_fd_sc_hd__clkbuf_16)
     8    0.108967    0.123112    0.223171   30.315630 ^ clkbuf_0_clk/X (sky130_fd_sc_hd__clkbuf_16)
                                                         clknet_0_clk (net)
                      0.123294    0.003784   30.319414 ^ clkbuf_3_5__f_clk/A (sky130_fd_sc_hd__clkbuf_16)
    13    0.042872    0.062425    0.172722   30.492136 ^ clkbuf_3_5__f_clk/X (sky130_fd_sc_hd__clkbuf_16)
                                                         clknet_3_5__leaf_clk (net)
                      0.062427    0.000384   30.492519 ^ filter.x_in[4]_sky130_fd_sc_hd__dfrtp_2_Q/CLK (sky130_fd_sc_hd__dfrtp_1)
                                 -0.250000   30.242519   clock uncertainty
                                  0.000000   30.242519   clock reconvergence pessimism
                                  0.237457   30.479975   library recovery time
                                             30.479975   data required time
---------------------------------------------------------------------------------------------
                                             30.479975   data required time
                                             -6.546917   data arrival time
---------------------------------------------------------------------------------------------
                                             23.933058   slack (MET)


Startpoint: reset (input port clocked by clk)
Endpoint: spi_in.bit_cnt[3]_sky130_fd_sc_hd__dfrtp_2_Q
          (recovery check against rising-edge clock clk)
Path Group: asynchronous
Path Type: max

Fanout         Cap        Slew       Delay        Time   Description
---------------------------------------------------------------------------------------------
                                  0.000000    0.000000   clock clk (rise edge)
                                  0.000000    0.000000   clock network delay (propagated)
                                  6.000000    6.000000 v input external delay
     1    0.002519    0.007983    0.003938    6.003938 v reset (in)
                                                         reset (net)
                      0.007983    0.000000    6.003938 v input1/A (sky130_fd_sc_hd__clkbuf_1)
     1    0.002900    0.026986    0.072522    6.076460 v input1/X (sky130_fd_sc_hd__clkbuf_1)
                                                         net1 (net)
                      0.026986    0.000010    6.076470 v fanout35/A (sky130_fd_sc_hd__clkbuf_4)
     5    0.041249    0.092196    0.185337    6.261807 v fanout35/X (sky130_fd_sc_hd__clkbuf_4)
                                                         net35 (net)
                      0.092196    0.000049    6.261857 v fanout32/A (sky130_fd_sc_hd__clkbuf_4)
     8    0.044980    0.098762    0.220031    6.481887 v fanout32/X (sky130_fd_sc_hd__clkbuf_4)
                                                         net32 (net)
                      0.098770    0.000928    6.482815 v spi_in.bit_cnt[3]_sky130_fd_sc_hd__dfrtp_2_Q_RESET_B_sky130_fd_sc_hd__inv_2_Y/A (sky130_fd_sc_hd__inv_2)
     1    0.003904    0.038279    0.063891    6.546707 ^ spi_in.bit_cnt[3]_sky130_fd_sc_hd__dfrtp_2_Q_RESET_B_sky130_fd_sc_hd__inv_2_Y/Y (sky130_fd_sc_hd__inv_2)
                                                         spi_in.bit_cnt[3]_sky130_fd_sc_hd__dfrtp_2_Q_RESET_B (net)
                      0.038279    0.000007    6.546713 ^ spi_in.bit_cnt[3]_sky130_fd_sc_hd__dfrtp_2_Q/RESET_B (sky130_fd_sc_hd__dfrtp_1)
                                              6.546713   data arrival time

                                 30.000000   30.000000   clock clk (rise edge)
                                  0.000000   30.000000   clock source latency
     1    0.028310    0.132872    0.092459   30.092459 ^ clk (in)
                                                         clk (net)
                      0.132912    0.000000   30.092459 ^ clkbuf_0_clk/A (sky130_fd_sc_hd__clkbuf_16)
     8    0.108967    0.123112    0.223171   30.315630 ^ clkbuf_0_clk/X (sky130_fd_sc_hd__clkbuf_16)
                                                         clknet_0_clk (net)
                      0.123294    0.003784   30.319414 ^ clkbuf_3_5__f_clk/A (sky130_fd_sc_hd__clkbuf_16)
    13    0.042872    0.062425    0.172722   30.492136 ^ clkbuf_3_5__f_clk/X (sky130_fd_sc_hd__clkbuf_16)
                                                         clknet_3_5__leaf_clk (net)
                      0.062425    0.000249   30.492384 ^ spi_in.bit_cnt[3]_sky130_fd_sc_hd__dfrtp_2_Q/CLK (sky130_fd_sc_hd__dfrtp_1)
                                 -0.250000   30.242384   clock uncertainty
                                  0.000000   30.242384   clock reconvergence pessimism
                                  0.237410   30.479794   library recovery time
                                             30.479794   data required time
---------------------------------------------------------------------------------------------
                                             30.479794   data required time
                                             -6.546713   data arrival time
---------------------------------------------------------------------------------------------
                                             23.933081   slack (MET)


Startpoint: reset (input port clocked by clk)
Endpoint: spi_out.bit_cnt[2]_sky130_fd_sc_hd__dfrtp_2_Q
          (recovery check against rising-edge clock clk)
Path Group: asynchronous
Path Type: max

Fanout         Cap        Slew       Delay        Time   Description
---------------------------------------------------------------------------------------------
                                  0.000000    0.000000   clock clk (rise edge)
                                  0.000000    0.000000   clock network delay (propagated)
                                  6.000000    6.000000 v input external delay
     1    0.002519    0.007983    0.003938    6.003938 v reset (in)
                                                         reset (net)
                      0.007983    0.000000    6.003938 v input1/A (sky130_fd_sc_hd__clkbuf_1)
     1    0.002900    0.026986    0.072522    6.076460 v input1/X (sky130_fd_sc_hd__clkbuf_1)
                                                         net1 (net)
                      0.026986    0.000010    6.076470 v fanout35/A (sky130_fd_sc_hd__clkbuf_4)
     5    0.041249    0.092196    0.185337    6.261807 v fanout35/X (sky130_fd_sc_hd__clkbuf_4)
                                                         net35 (net)
                      0.092196    0.000049    6.261857 v fanout32/A (sky130_fd_sc_hd__clkbuf_4)
     8    0.044980    0.098762    0.220031    6.481887 v fanout32/X (sky130_fd_sc_hd__clkbuf_4)
                                                         net32 (net)
                      0.098762    0.000414    6.482301 v spi_out.bit_cnt[2]_sky130_fd_sc_hd__dfrtp_2_Q_RESET_B_sky130_fd_sc_hd__inv_2_Y/A (sky130_fd_sc_hd__inv_2)
     1    0.003896    0.038248    0.063848    6.546149 ^ spi_out.bit_cnt[2]_sky130_fd_sc_hd__dfrtp_2_Q_RESET_B_sky130_fd_sc_hd__inv_2_Y/Y (sky130_fd_sc_hd__inv_2)
                                                         spi_out.bit_cnt[2]_sky130_fd_sc_hd__dfrtp_2_Q_RESET_B (net)
                      0.038248    0.000006    6.546155 ^ spi_out.bit_cnt[2]_sky130_fd_sc_hd__dfrtp_2_Q/RESET_B (sky130_fd_sc_hd__dfrtp_1)
                                              6.546155   data arrival time

                                 30.000000   30.000000   clock clk (rise edge)
                                  0.000000   30.000000   clock source latency
     1    0.028310    0.132872    0.092459   30.092459 ^ clk (in)
                                                         clk (net)
                      0.132912    0.000000   30.092459 ^ clkbuf_0_clk/A (sky130_fd_sc_hd__clkbuf_16)
     8    0.108967    0.123112    0.223171   30.315630 ^ clkbuf_0_clk/X (sky130_fd_sc_hd__clkbuf_16)
                                                         clknet_0_clk (net)
                      0.123294    0.003784   30.319414 ^ clkbuf_3_5__f_clk/A (sky130_fd_sc_hd__clkbuf_16)
    13    0.042872    0.062425    0.172722   30.492136 ^ clkbuf_3_5__f_clk/X (sky130_fd_sc_hd__clkbuf_16)
                                                         clknet_3_5__leaf_clk (net)
                      0.062427    0.000441   30.492577 ^ spi_out.bit_cnt[2]_sky130_fd_sc_hd__dfrtp_2_Q/CLK (sky130_fd_sc_hd__dfrtp_1)
                                 -0.250000   30.242575   clock uncertainty
                                  0.000000   30.242575   clock reconvergence pessimism
                                  0.237418   30.479992   library recovery time
                                             30.479992   data required time
---------------------------------------------------------------------------------------------
                                             30.479992   data required time
                                             -6.546155   data arrival time
---------------------------------------------------------------------------------------------
                                             23.933836   slack (MET)


Startpoint: reset (input port clocked by clk)
Endpoint: filter.x_in[2]_sky130_fd_sc_hd__dfrtp_2_Q
          (recovery check against rising-edge clock clk)
Path Group: asynchronous
Path Type: max

Fanout         Cap        Slew       Delay        Time   Description
---------------------------------------------------------------------------------------------
                                  0.000000    0.000000   clock clk (rise edge)
                                  0.000000    0.000000   clock network delay (propagated)
                                  6.000000    6.000000 v input external delay
     1    0.002519    0.007983    0.003938    6.003938 v reset (in)
                                                         reset (net)
                      0.007983    0.000000    6.003938 v input1/A (sky130_fd_sc_hd__clkbuf_1)
     1    0.002900    0.026986    0.072522    6.076460 v input1/X (sky130_fd_sc_hd__clkbuf_1)
                                                         net1 (net)
                      0.026986    0.000010    6.076470 v fanout35/A (sky130_fd_sc_hd__clkbuf_4)
     5    0.041249    0.092196    0.185337    6.261807 v fanout35/X (sky130_fd_sc_hd__clkbuf_4)
                                                         net35 (net)
                      0.092211    0.001195    6.263003 v fanout33/A (sky130_fd_sc_hd__clkbuf_8)
    10    0.070815    0.087586    0.211304    6.474307 v fanout33/X (sky130_fd_sc_hd__clkbuf_8)
                                                         net33 (net)
                      0.087612    0.001489    6.475795 v filter.x_in[2]_sky130_fd_sc_hd__dfrtp_2_Q_RESET_B_sky130_fd_sc_hd__inv_2_Y/A (sky130_fd_sc_hd__inv_2)
     1    0.003995    0.036182    0.060356    6.536151 ^ filter.x_in[2]_sky130_fd_sc_hd__dfrtp_2_Q_RESET_B_sky130_fd_sc_hd__inv_2_Y/Y (sky130_fd_sc_hd__inv_2)
                                                         filter.x_in[2]_sky130_fd_sc_hd__dfrtp_2_Q_RESET_B (net)
                      0.036182    0.000006    6.536157 ^ filter.x_in[2]_sky130_fd_sc_hd__dfrtp_2_Q/RESET_B (sky130_fd_sc_hd__dfrtp_1)
                                              6.536157   data arrival time

                                 30.000000   30.000000   clock clk (rise edge)
                                  0.000000   30.000000   clock source latency
     1    0.028310    0.132872    0.092459   30.092459 ^ clk (in)
                                                         clk (net)
                      0.132912    0.000000   30.092459 ^ clkbuf_0_clk/A (sky130_fd_sc_hd__clkbuf_16)
     8    0.108967    0.123112    0.223171   30.315630 ^ clkbuf_0_clk/X (sky130_fd_sc_hd__clkbuf_16)
                                                         clknet_0_clk (net)
                      0.123134    0.001343   30.316973 ^ clkbuf_3_7__f_clk/A (sky130_fd_sc_hd__clkbuf_16)
     9    0.038153    0.058206    0.169123   30.486095 ^ clkbuf_3_7__f_clk/X (sky130_fd_sc_hd__clkbuf_16)
                                                         clknet_3_7__leaf_clk (net)
                      0.058215    0.000622   30.486717 ^ filter.x_in[2]_sky130_fd_sc_hd__dfrtp_2_Q/CLK (sky130_fd_sc_hd__dfrtp_1)
                                 -0.250000   30.236717   clock uncertainty
                                  0.000000   30.236717   clock reconvergence pessimism
                                  0.236662   30.473377   library recovery time
                                             30.473377   data required time
---------------------------------------------------------------------------------------------
                                             30.473377   data required time
                                             -6.536157   data arrival time
---------------------------------------------------------------------------------------------
                                             23.937222   slack (MET)


Startpoint: reset (input port clocked by clk)
Endpoint: filter.x_in[3]_sky130_fd_sc_hd__dfrtp_2_Q
          (recovery check against rising-edge clock clk)
Path Group: asynchronous
Path Type: max

Fanout         Cap        Slew       Delay        Time   Description
---------------------------------------------------------------------------------------------
                                  0.000000    0.000000   clock clk (rise edge)
                                  0.000000    0.000000   clock network delay (propagated)
                                  6.000000    6.000000 v input external delay
     1    0.002519    0.007983    0.003938    6.003938 v reset (in)
                                                         reset (net)
                      0.007983    0.000000    6.003938 v input1/A (sky130_fd_sc_hd__clkbuf_1)
     1    0.002900    0.026986    0.072522    6.076460 v input1/X (sky130_fd_sc_hd__clkbuf_1)
                                                         net1 (net)
                      0.026986    0.000010    6.076470 v fanout35/A (sky130_fd_sc_hd__clkbuf_4)
     5    0.041249    0.092196    0.185337    6.261807 v fanout35/X (sky130_fd_sc_hd__clkbuf_4)
                                                         net35 (net)
                      0.092211    0.001195    6.263003 v fanout33/A (sky130_fd_sc_hd__clkbuf_8)
    10    0.070815    0.087586    0.211304    6.474307 v fanout33/X (sky130_fd_sc_hd__clkbuf_8)
                                                         net33 (net)
                      0.087586    0.000012    6.474319 v filter.x_in[3]_sky130_fd_sc_hd__dfrtp_2_Q_RESET_B_sky130_fd_sc_hd__inv_2_Y/A (sky130_fd_sc_hd__inv_2)
     1    0.004231    0.035963    0.061481    6.535800 ^ filter.x_in[3]_sky130_fd_sc_hd__dfrtp_2_Q_RESET_B_sky130_fd_sc_hd__inv_2_Y/Y (sky130_fd_sc_hd__inv_2)
                                                         filter.x_in[3]_sky130_fd_sc_hd__dfrtp_2_Q_RESET_B (net)
                      0.035963    0.000010    6.535810 ^ filter.x_in[3]_sky130_fd_sc_hd__dfrtp_2_Q/RESET_B (sky130_fd_sc_hd__dfrtp_1)
                                              6.535810   data arrival time

                                 30.000000   30.000000   clock clk (rise edge)
                                  0.000000   30.000000   clock source latency
     1    0.028310    0.132872    0.092459   30.092459 ^ clk (in)
                                                         clk (net)
                      0.132912    0.000000   30.092459 ^ clkbuf_0_clk/A (sky130_fd_sc_hd__clkbuf_16)
     8    0.108967    0.123112    0.223171   30.315630 ^ clkbuf_0_clk/X (sky130_fd_sc_hd__clkbuf_16)
                                                         clknet_0_clk (net)
                      0.123134    0.001343   30.316973 ^ clkbuf_3_7__f_clk/A (sky130_fd_sc_hd__clkbuf_16)
     9    0.038153    0.058206    0.169123   30.486095 ^ clkbuf_3_7__f_clk/X (sky130_fd_sc_hd__clkbuf_16)
                                                         clknet_3_7__leaf_clk (net)
                      0.058211    0.000519   30.486614 ^ filter.x_in[3]_sky130_fd_sc_hd__dfrtp_2_Q/CLK (sky130_fd_sc_hd__dfrtp_1)
                                 -0.250000   30.236614   clock uncertainty
                                  0.000000   30.236614   clock reconvergence pessimism
                                  0.236717   30.473331   library recovery time
                                             30.473331   data required time
---------------------------------------------------------------------------------------------
                                             30.473331   data required time
                                             -6.535810   data arrival time
---------------------------------------------------------------------------------------------
                                             23.937521   slack (MET)


Startpoint: reset (input port clocked by clk)
Endpoint: filter.y_out[7]_sky130_fd_sc_hd__dfrtp_2_Q
          (recovery check against rising-edge clock clk)
Path Group: asynchronous
Path Type: max

Fanout         Cap        Slew       Delay        Time   Description
---------------------------------------------------------------------------------------------
                                  0.000000    0.000000   clock clk (rise edge)
                                  0.000000    0.000000   clock network delay (propagated)
                                  6.000000    6.000000 v input external delay
     1    0.002519    0.007983    0.003938    6.003938 v reset (in)
                                                         reset (net)
                      0.007983    0.000000    6.003938 v input1/A (sky130_fd_sc_hd__clkbuf_1)
     1    0.002900    0.026986    0.072522    6.076460 v input1/X (sky130_fd_sc_hd__clkbuf_1)
                                                         net1 (net)
                      0.026986    0.000010    6.076470 v fanout35/A (sky130_fd_sc_hd__clkbuf_4)
     5    0.041249    0.092196    0.185337    6.261807 v fanout35/X (sky130_fd_sc_hd__clkbuf_4)
                                                         net35 (net)
                      0.092196    0.000266    6.262073 v fanout30/A (sky130_fd_sc_hd__clkbuf_4)
     5    0.035871    0.082404    0.206164    6.468236 v fanout30/X (sky130_fd_sc_hd__clkbuf_4)
                                                         net30 (net)
                      0.082422    0.001199    6.469435 v filter.y_out[7]_sky130_fd_sc_hd__dfrtp_2_Q_RESET_B_sky130_fd_sc_hd__inv_2_Y/A (sky130_fd_sc_hd__inv_2)
     1    0.003953    0.034905    0.058300    6.527735 ^ filter.y_out[7]_sky130_fd_sc_hd__dfrtp_2_Q_RESET_B_sky130_fd_sc_hd__inv_2_Y/Y (sky130_fd_sc_hd__inv_2)
                                                         filter.y_out[7]_sky130_fd_sc_hd__dfrtp_2_Q_RESET_B (net)
                      0.034905    0.000008    6.527742 ^ filter.y_out[7]_sky130_fd_sc_hd__dfrtp_2_Q/RESET_B (sky130_fd_sc_hd__dfrtp_4)
                                              6.527742   data arrival time

                                 30.000000   30.000000   clock clk (rise edge)
                                  0.000000   30.000000   clock source latency
     1    0.028310    0.132872    0.092459   30.092459 ^ clk (in)
                                                         clk (net)
                      0.132912    0.000000   30.092459 ^ clkbuf_0_clk/A (sky130_fd_sc_hd__clkbuf_16)
     8    0.108967    0.123112    0.223171   30.315630 ^ clkbuf_0_clk/X (sky130_fd_sc_hd__clkbuf_16)
                                                         clknet_0_clk (net)
                      0.123131    0.001247   30.316877 ^ clkbuf_3_6__f_clk/A (sky130_fd_sc_hd__clkbuf_16)
     9    0.045466    0.064752    0.174609   30.491486 ^ clkbuf_3_6__f_clk/X (sky130_fd_sc_hd__clkbuf_16)
                                                         clknet_3_6__leaf_clk (net)
                      0.064755    0.000480   30.491966 ^ filter.y_out[7]_sky130_fd_sc_hd__dfrtp_2_Q/CLK (sky130_fd_sc_hd__dfrtp_4)
                                 -0.250000   30.241964   clock uncertainty
                                  0.000000   30.241964   clock reconvergence pessimism
                                  0.226538   30.468504   library recovery time
                                             30.468504   data required time
---------------------------------------------------------------------------------------------
                                             30.468504   data required time
                                             -6.527742   data arrival time
---------------------------------------------------------------------------------------------
                                             23.940762   slack (MET)


Startpoint: reset (input port clocked by clk)
Endpoint: filter.x_in[1]_sky130_fd_sc_hd__dfrtp_2_Q
          (recovery check against rising-edge clock clk)
Path Group: asynchronous
Path Type: max

Fanout         Cap        Slew       Delay        Time   Description
---------------------------------------------------------------------------------------------
                                  0.000000    0.000000   clock clk (rise edge)
                                  0.000000    0.000000   clock network delay (propagated)
                                  6.000000    6.000000 v input external delay
     1    0.002519    0.007983    0.003938    6.003938 v reset (in)
                                                         reset (net)
                      0.007983    0.000000    6.003938 v input1/A (sky130_fd_sc_hd__clkbuf_1)
     1    0.002900    0.026986    0.072522    6.076460 v input1/X (sky130_fd_sc_hd__clkbuf_1)
                                                         net1 (net)
                      0.026986    0.000010    6.076470 v fanout35/A (sky130_fd_sc_hd__clkbuf_4)
     5    0.041249    0.092196    0.185337    6.261807 v fanout35/X (sky130_fd_sc_hd__clkbuf_4)
                                                         net35 (net)
                      0.092211    0.001195    6.263003 v fanout33/A (sky130_fd_sc_hd__clkbuf_8)
    10    0.070815    0.087586    0.211304    6.474307 v fanout33/X (sky130_fd_sc_hd__clkbuf_8)
                                                         net33 (net)
                      0.087702    0.002870    6.477176 v filter.x_in[1]_sky130_fd_sc_hd__dfrtp_2_Q_RESET_B_sky130_fd_sc_hd__inv_2_Y/A (sky130_fd_sc_hd__inv_2)
     1    0.004062    0.036444    0.060715    6.537891 ^ filter.x_in[1]_sky130_fd_sc_hd__dfrtp_2_Q_RESET_B_sky130_fd_sc_hd__inv_2_Y/Y (sky130_fd_sc_hd__inv_2)
                                                         filter.x_in[1]_sky130_fd_sc_hd__dfrtp_2_Q_RESET_B (net)
                      0.036444    0.000009    6.537900 ^ filter.x_in[1]_sky130_fd_sc_hd__dfrtp_2_Q/RESET_B (sky130_fd_sc_hd__dfrtp_1)
                                              6.537900   data arrival time

                                 30.000000   30.000000   clock clk (rise edge)
                                  0.000000   30.000000   clock source latency
     1    0.028310    0.132872    0.092459   30.092459 ^ clk (in)
                                                         clk (net)
                      0.132912    0.000000   30.092459 ^ clkbuf_0_clk/A (sky130_fd_sc_hd__clkbuf_16)
     8    0.108967    0.123112    0.223171   30.315630 ^ clkbuf_0_clk/X (sky130_fd_sc_hd__clkbuf_16)
                                                         clknet_0_clk (net)
                      0.123131    0.001247   30.316877 ^ clkbuf_3_6__f_clk/A (sky130_fd_sc_hd__clkbuf_16)
     9    0.045466    0.064752    0.174609   30.491486 ^ clkbuf_3_6__f_clk/X (sky130_fd_sc_hd__clkbuf_16)
                                                         clknet_3_6__leaf_clk (net)
                      0.064753    0.000377   30.491863 ^ filter.x_in[1]_sky130_fd_sc_hd__dfrtp_2_Q/CLK (sky130_fd_sc_hd__dfrtp_1)
                                 -0.250000   30.241861   clock uncertainty
                                  0.000000   30.241861   clock reconvergence pessimism
                                  0.238596   30.480457   library recovery time
                                             30.480457   data required time
---------------------------------------------------------------------------------------------
                                             30.480457   data required time
                                             -6.537900   data arrival time
---------------------------------------------------------------------------------------------
                                             23.942558   slack (MET)


Startpoint: reset (input port clocked by clk)
Endpoint: filter.x_in[0]_sky130_fd_sc_hd__dfrtp_2_Q
          (recovery check against rising-edge clock clk)
Path Group: asynchronous
Path Type: max

Fanout         Cap        Slew       Delay        Time   Description
---------------------------------------------------------------------------------------------
                                  0.000000    0.000000   clock clk (rise edge)
                                  0.000000    0.000000   clock network delay (propagated)
                                  6.000000    6.000000 v input external delay
     1    0.002519    0.007983    0.003938    6.003938 v reset (in)
                                                         reset (net)
                      0.007983    0.000000    6.003938 v input1/A (sky130_fd_sc_hd__clkbuf_1)
     1    0.002900    0.026986    0.072522    6.076460 v input1/X (sky130_fd_sc_hd__clkbuf_1)
                                                         net1 (net)
                      0.026986    0.000010    6.076470 v fanout35/A (sky130_fd_sc_hd__clkbuf_4)
     5    0.041249    0.092196    0.185337    6.261807 v fanout35/X (sky130_fd_sc_hd__clkbuf_4)
                                                         net35 (net)
                      0.092211    0.001195    6.263003 v fanout33/A (sky130_fd_sc_hd__clkbuf_8)
    10    0.070815    0.087586    0.211304    6.474307 v fanout33/X (sky130_fd_sc_hd__clkbuf_8)
                                                         net33 (net)
                      0.087711    0.002967    6.477274 v filter.x_in[0]_sky130_fd_sc_hd__dfrtp_2_Q_RESET_B_sky130_fd_sc_hd__inv_2_Y/A (sky130_fd_sc_hd__inv_2)
     1    0.003995    0.036204    0.060392    6.537666 ^ filter.x_in[0]_sky130_fd_sc_hd__dfrtp_2_Q_RESET_B_sky130_fd_sc_hd__inv_2_Y/Y (sky130_fd_sc_hd__inv_2)
                                                         filter.x_in[0]_sky130_fd_sc_hd__dfrtp_2_Q_RESET_B (net)
                      0.036204    0.000006    6.537672 ^ filter.x_in[0]_sky130_fd_sc_hd__dfrtp_2_Q/RESET_B (sky130_fd_sc_hd__dfrtp_1)
                                              6.537672   data arrival time

                                 30.000000   30.000000   clock clk (rise edge)
                                  0.000000   30.000000   clock source latency
     1    0.028310    0.132872    0.092459   30.092459 ^ clk (in)
                                                         clk (net)
                      0.132912    0.000000   30.092459 ^ clkbuf_0_clk/A (sky130_fd_sc_hd__clkbuf_16)
     8    0.108967    0.123112    0.223171   30.315630 ^ clkbuf_0_clk/X (sky130_fd_sc_hd__clkbuf_16)
                                                         clknet_0_clk (net)
                      0.123131    0.001247   30.316877 ^ clkbuf_3_6__f_clk/A (sky130_fd_sc_hd__clkbuf_16)
     9    0.045466    0.064752    0.174609   30.491486 ^ clkbuf_3_6__f_clk/X (sky130_fd_sc_hd__clkbuf_16)
                                                         clknet_3_6__leaf_clk (net)
                      0.064754    0.000444   30.491930 ^ filter.x_in[0]_sky130_fd_sc_hd__dfrtp_2_Q/CLK (sky130_fd_sc_hd__dfrtp_1)
                                 -0.250000   30.241928   clock uncertainty
                                  0.000000   30.241928   clock reconvergence pessimism
                                  0.238659   30.480585   library recovery time
                                             30.480585   data required time
---------------------------------------------------------------------------------------------
                                             30.480585   data required time
                                             -6.537672   data arrival time
---------------------------------------------------------------------------------------------
                                             23.942915   slack (MET)


Startpoint: reset (input port clocked by clk)
Endpoint: spi_in.shift_reg[0]_sky130_fd_sc_hd__dfrtp_2_Q
          (recovery check against rising-edge clock clk)
Path Group: asynchronous
Path Type: max

Fanout         Cap        Slew       Delay        Time   Description
---------------------------------------------------------------------------------------------
                                  0.000000    0.000000   clock clk (rise edge)
                                  0.000000    0.000000   clock network delay (propagated)
                                  6.000000    6.000000 v input external delay
     1    0.002519    0.007983    0.003938    6.003938 v reset (in)
                                                         reset (net)
                      0.007983    0.000000    6.003938 v input1/A (sky130_fd_sc_hd__clkbuf_1)
     1    0.002900    0.026986    0.072522    6.076460 v input1/X (sky130_fd_sc_hd__clkbuf_1)
                                                         net1 (net)
                      0.026986    0.000010    6.076470 v fanout35/A (sky130_fd_sc_hd__clkbuf_4)
     5    0.041249    0.092196    0.185337    6.261807 v fanout35/X (sky130_fd_sc_hd__clkbuf_4)
                                                         net35 (net)
                      0.092211    0.001195    6.263003 v fanout33/A (sky130_fd_sc_hd__clkbuf_8)
    10    0.070815    0.087586    0.211304    6.474307 v fanout33/X (sky130_fd_sc_hd__clkbuf_8)
                                                         net33 (net)
                      0.087703    0.002879    6.477186 v spi_in.shift_reg[0]_sky130_fd_sc_hd__dfrtp_2_Q_RESET_B_sky130_fd_sc_hd__inv_2_Y/A (sky130_fd_sc_hd__inv_2)
     1    0.003894    0.035843    0.059904    6.537089 ^ spi_in.shift_reg[0]_sky130_fd_sc_hd__dfrtp_2_Q_RESET_B_sky130_fd_sc_hd__inv_2_Y/Y (sky130_fd_sc_hd__inv_2)
                                                         spi_in.shift_reg[0]_sky130_fd_sc_hd__dfrtp_2_Q_RESET_B (net)
                      0.035843    0.000006    6.537095 ^ spi_in.shift_reg[0]_sky130_fd_sc_hd__dfrtp_2_Q/RESET_B (sky130_fd_sc_hd__dfrtp_1)
                                              6.537095   data arrival time

                                 30.000000   30.000000   clock clk (rise edge)
                                  0.000000   30.000000   clock source latency
     1    0.028310    0.132872    0.092459   30.092459 ^ clk (in)
                                                         clk (net)
                      0.132912    0.000000   30.092459 ^ clkbuf_0_clk/A (sky130_fd_sc_hd__clkbuf_16)
     8    0.108967    0.123112    0.223171   30.315630 ^ clkbuf_0_clk/X (sky130_fd_sc_hd__clkbuf_16)
                                                         clknet_0_clk (net)
                      0.123131    0.001247   30.316877 ^ clkbuf_3_6__f_clk/A (sky130_fd_sc_hd__clkbuf_16)
     9    0.045466    0.064752    0.174609   30.491486 ^ clkbuf_3_6__f_clk/X (sky130_fd_sc_hd__clkbuf_16)
                                                         clknet_3_6__leaf_clk (net)
                      0.064754    0.000412   30.491898 ^ spi_in.shift_reg[0]_sky130_fd_sc_hd__dfrtp_2_Q/CLK (sky130_fd_sc_hd__dfrtp_1)
                                 -0.250000   30.241898   clock uncertainty
                                  0.000000   30.241898   clock reconvergence pessimism
                                  0.238752   30.480650   library recovery time
                                             30.480650   data required time
---------------------------------------------------------------------------------------------
                                             30.480650   data required time
                                             -6.537095   data arrival time
---------------------------------------------------------------------------------------------
                                             23.943556   slack (MET)


Startpoint: reset (input port clocked by clk)
Endpoint: filter.y_out[5]_sky130_fd_sc_hd__dfrtp_2_Q
          (recovery check against rising-edge clock clk)
Path Group: asynchronous
Path Type: max

Fanout         Cap        Slew       Delay        Time   Description
---------------------------------------------------------------------------------------------
                                  0.000000    0.000000   clock clk (rise edge)
                                  0.000000    0.000000   clock network delay (propagated)
                                  6.000000    6.000000 v input external delay
     1    0.002519    0.007983    0.003938    6.003938 v reset (in)
                                                         reset (net)
                      0.007983    0.000000    6.003938 v input1/A (sky130_fd_sc_hd__clkbuf_1)
     1    0.002900    0.026986    0.072522    6.076460 v input1/X (sky130_fd_sc_hd__clkbuf_1)
                                                         net1 (net)
                      0.026986    0.000010    6.076470 v fanout35/A (sky130_fd_sc_hd__clkbuf_4)
     5    0.041249    0.092196    0.185337    6.261807 v fanout35/X (sky130_fd_sc_hd__clkbuf_4)
                                                         net35 (net)
                      0.092210    0.001162    6.262969 v fanout34/A (sky130_fd_sc_hd__clkbuf_4)
     5    0.034394    0.079631    0.204202    6.467172 v fanout34/X (sky130_fd_sc_hd__clkbuf_4)
                                                         net34 (net)
                      0.079631    0.000109    6.467281 v filter.y_out[5]_sky130_fd_sc_hd__dfrtp_2_Q_RESET_B_sky130_fd_sc_hd__inv_2_Y/A (sky130_fd_sc_hd__inv_2)
     1    0.003912    0.034158    0.057118    6.524399 ^ filter.y_out[5]_sky130_fd_sc_hd__dfrtp_2_Q_RESET_B_sky130_fd_sc_hd__inv_2_Y/Y (sky130_fd_sc_hd__inv_2)
                                                         filter.y_out[5]_sky130_fd_sc_hd__dfrtp_2_Q_RESET_B (net)
                      0.034158    0.000007    6.524405 ^ filter.y_out[5]_sky130_fd_sc_hd__dfrtp_2_Q/RESET_B (sky130_fd_sc_hd__dfrtp_4)
                                              6.524405   data arrival time

                                 30.000000   30.000000   clock clk (rise edge)
                                  0.000000   30.000000   clock source latency
     1    0.028310    0.132872    0.092459   30.092459 ^ clk (in)
                                                         clk (net)
                      0.132912    0.000000   30.092459 ^ clkbuf_0_clk/A (sky130_fd_sc_hd__clkbuf_16)
     8    0.108967    0.123112    0.223171   30.315630 ^ clkbuf_0_clk/X (sky130_fd_sc_hd__clkbuf_16)
                                                         clknet_0_clk (net)
                      0.123131    0.001247   30.316877 ^ clkbuf_3_6__f_clk/A (sky130_fd_sc_hd__clkbuf_16)
     9    0.045466    0.064752    0.174609   30.491486 ^ clkbuf_3_6__f_clk/X (sky130_fd_sc_hd__clkbuf_16)
                                                         clknet_3_6__leaf_clk (net)
                      0.064752    0.000192   30.491678 ^ filter.y_out[5]_sky130_fd_sc_hd__dfrtp_2_Q/CLK (sky130_fd_sc_hd__dfrtp_4)
                                 -0.250000   30.241676   clock uncertainty
                                  0.000000   30.241676   clock reconvergence pessimism
                                  0.226778   30.468454   library recovery time
                                             30.468454   data required time
---------------------------------------------------------------------------------------------
                                             30.468454   data required time
                                             -6.524405   data arrival time
---------------------------------------------------------------------------------------------
                                             23.944048   slack (MET)


Startpoint: reset (input port clocked by clk)
Endpoint: filter.y_out[6]_sky130_fd_sc_hd__dfrtp_2_Q
          (recovery check against rising-edge clock clk)
Path Group: asynchronous
Path Type: max

Fanout         Cap        Slew       Delay        Time   Description
---------------------------------------------------------------------------------------------
                                  0.000000    0.000000   clock clk (rise edge)
                                  0.000000    0.000000   clock network delay (propagated)
                                  6.000000    6.000000 v input external delay
     1    0.002519    0.007983    0.003938    6.003938 v reset (in)
                                                         reset (net)
                      0.007983    0.000000    6.003938 v input1/A (sky130_fd_sc_hd__clkbuf_1)
     1    0.002900    0.026986    0.072522    6.076460 v input1/X (sky130_fd_sc_hd__clkbuf_1)
                                                         net1 (net)
                      0.026986    0.000010    6.076470 v fanout35/A (sky130_fd_sc_hd__clkbuf_4)
     5    0.041249    0.092196    0.185337    6.261807 v fanout35/X (sky130_fd_sc_hd__clkbuf_4)
                                                         net35 (net)
                      0.092211    0.001195    6.263003 v fanout33/A (sky130_fd_sc_hd__clkbuf_8)
    10    0.070815    0.087586    0.211304    6.474307 v fanout33/X (sky130_fd_sc_hd__clkbuf_8)
                                                         net33 (net)
                      0.087590    0.000736    6.475043 v filter.y_out[6]_sky130_fd_sc_hd__dfrtp_2_Q_RESET_B_sky130_fd_sc_hd__inv_2_Y/A (sky130_fd_sc_hd__inv_2)
     1    0.003995    0.036178    0.060348    6.535391 ^ filter.y_out[6]_sky130_fd_sc_hd__dfrtp_2_Q_RESET_B_sky130_fd_sc_hd__inv_2_Y/Y (sky130_fd_sc_hd__inv_2)
                                                         filter.y_out[6]_sky130_fd_sc_hd__dfrtp_2_Q_RESET_B (net)
                      0.036178    0.000006    6.535398 ^ filter.y_out[6]_sky130_fd_sc_hd__dfrtp_2_Q/RESET_B (sky130_fd_sc_hd__dfrtp_1)
                                              6.535398   data arrival time

                                 30.000000   30.000000   clock clk (rise edge)
                                  0.000000   30.000000   clock source latency
     1    0.028310    0.132872    0.092459   30.092459 ^ clk (in)
                                                         clk (net)
                      0.132912    0.000000   30.092459 ^ clkbuf_0_clk/A (sky130_fd_sc_hd__clkbuf_16)
     8    0.108967    0.123112    0.223171   30.315630 ^ clkbuf_0_clk/X (sky130_fd_sc_hd__clkbuf_16)
                                                         clknet_0_clk (net)
                      0.123131    0.001247   30.316877 ^ clkbuf_3_6__f_clk/A (sky130_fd_sc_hd__clkbuf_16)
     9    0.045466    0.064752    0.174609   30.491486 ^ clkbuf_3_6__f_clk/X (sky130_fd_sc_hd__clkbuf_16)
                                                         clknet_3_6__leaf_clk (net)
                      0.064754    0.000444   30.491930 ^ filter.y_out[6]_sky130_fd_sc_hd__dfrtp_2_Q/CLK (sky130_fd_sc_hd__dfrtp_1)
                                 -0.250000   30.241928   clock uncertainty
                                  0.000000   30.241928   clock reconvergence pessimism
                                  0.238665   30.480593   library recovery time
                                             30.480593   data required time
---------------------------------------------------------------------------------------------
                                             30.480593   data required time
                                             -6.535398   data arrival time
---------------------------------------------------------------------------------------------
                                             23.945194   slack (MET)


Startpoint: reset (input port clocked by clk)
Endpoint: spi_in.shift_reg[1]_sky130_fd_sc_hd__dfrtp_2_Q
          (recovery check against rising-edge clock clk)
Path Group: asynchronous
Path Type: max

Fanout         Cap        Slew       Delay        Time   Description
---------------------------------------------------------------------------------------------
                                  0.000000    0.000000   clock clk (rise edge)
                                  0.000000    0.000000   clock network delay (propagated)
                                  6.000000    6.000000 v input external delay
     1    0.002519    0.007983    0.003938    6.003938 v reset (in)
                                                         reset (net)
                      0.007983    0.000000    6.003938 v input1/A (sky130_fd_sc_hd__clkbuf_1)
     1    0.002900    0.026986    0.072522    6.076460 v input1/X (sky130_fd_sc_hd__clkbuf_1)
                                                         net1 (net)
                      0.026986    0.000010    6.076470 v fanout35/A (sky130_fd_sc_hd__clkbuf_4)
     5    0.041249    0.092196    0.185337    6.261807 v fanout35/X (sky130_fd_sc_hd__clkbuf_4)
                                                         net35 (net)
                      0.092210    0.001162    6.262969 v fanout34/A (sky130_fd_sc_hd__clkbuf_4)
     5    0.034394    0.079631    0.204202    6.467172 v fanout34/X (sky130_fd_sc_hd__clkbuf_4)
                                                         net34 (net)
                      0.079635    0.000632    6.467804 v spi_in.shift_reg[1]_sky130_fd_sc_hd__dfrtp_2_Q_RESET_B_sky130_fd_sc_hd__inv_2_Y/A (sky130_fd_sc_hd__inv_2)
     1    0.004461    0.035053    0.059487    6.527290 ^ spi_in.shift_reg[1]_sky130_fd_sc_hd__dfrtp_2_Q_RESET_B_sky130_fd_sc_hd__inv_2_Y/Y (sky130_fd_sc_hd__inv_2)
                                                         spi_in.shift_reg[1]_sky130_fd_sc_hd__dfrtp_2_Q_RESET_B (net)
                      0.035053    0.000016    6.527307 ^ spi_in.shift_reg[1]_sky130_fd_sc_hd__dfrtp_2_Q/RESET_B (sky130_fd_sc_hd__dfrtp_1)
                                              6.527307   data arrival time

                                 30.000000   30.000000   clock clk (rise edge)
                                  0.000000   30.000000   clock source latency
     1    0.028310    0.132872    0.092459   30.092459 ^ clk (in)
                                                         clk (net)
                      0.132912    0.000000   30.092459 ^ clkbuf_0_clk/A (sky130_fd_sc_hd__clkbuf_16)
     8    0.108967    0.123112    0.223171   30.315630 ^ clkbuf_0_clk/X (sky130_fd_sc_hd__clkbuf_16)
                                                         clknet_0_clk (net)
                      0.123134    0.001343   30.316973 ^ clkbuf_3_7__f_clk/A (sky130_fd_sc_hd__clkbuf_16)
     9    0.038153    0.058206    0.169123   30.486095 ^ clkbuf_3_7__f_clk/X (sky130_fd_sc_hd__clkbuf_16)
                                                         clknet_3_7__leaf_clk (net)
                      0.058217    0.000693   30.486790 ^ spi_in.shift_reg[1]_sky130_fd_sc_hd__dfrtp_2_Q/CLK (sky130_fd_sc_hd__dfrtp_1)
                                 -0.250000   30.236788   clock uncertainty
                                  0.000000   30.236788   clock reconvergence pessimism
                                  0.236954   30.473743   library recovery time
                                             30.473743   data required time
---------------------------------------------------------------------------------------------
                                             30.473743   data required time
                                             -6.527307   data arrival time
---------------------------------------------------------------------------------------------
                                             23.946436   slack (MET)


Startpoint: reset (input port clocked by clk)
Endpoint: spi_in.shift_reg[3]_sky130_fd_sc_hd__dfrtp_2_Q
          (recovery check against rising-edge clock clk)
Path Group: asynchronous
Path Type: max

Fanout         Cap        Slew       Delay        Time   Description
---------------------------------------------------------------------------------------------
                                  0.000000    0.000000   clock clk (rise edge)
                                  0.000000    0.000000   clock network delay (propagated)
                                  6.000000    6.000000 v input external delay
     1    0.002519    0.007983    0.003938    6.003938 v reset (in)
                                                         reset (net)
                      0.007983    0.000000    6.003938 v input1/A (sky130_fd_sc_hd__clkbuf_1)
     1    0.002900    0.026986    0.072522    6.076460 v input1/X (sky130_fd_sc_hd__clkbuf_1)
                                                         net1 (net)
                      0.026986    0.000010    6.076470 v fanout35/A (sky130_fd_sc_hd__clkbuf_4)
     5    0.041249    0.092196    0.185337    6.261807 v fanout35/X (sky130_fd_sc_hd__clkbuf_4)
                                                         net35 (net)
                      0.092210    0.001162    6.262969 v fanout34/A (sky130_fd_sc_hd__clkbuf_4)
     5    0.034394    0.079631    0.204202    6.467172 v fanout34/X (sky130_fd_sc_hd__clkbuf_4)
                                                         net34 (net)
                      0.079633    0.000495    6.467667 v spi_in.shift_reg[3]_sky130_fd_sc_hd__dfrtp_2_Q_RESET_B_sky130_fd_sc_hd__inv_2_Y/A (sky130_fd_sc_hd__inv_2)
     1    0.004231    0.034225    0.058562    6.526228 ^ spi_in.shift_reg[3]_sky130_fd_sc_hd__dfrtp_2_Q_RESET_B_sky130_fd_sc_hd__inv_2_Y/Y (sky130_fd_sc_hd__inv_2)
                                                         spi_in.shift_reg[3]_sky130_fd_sc_hd__dfrtp_2_Q_RESET_B (net)
                      0.034225    0.000010    6.526239 ^ spi_in.shift_reg[3]_sky130_fd_sc_hd__dfrtp_2_Q/RESET_B (sky130_fd_sc_hd__dfrtp_1)
                                              6.526239   data arrival time

                                 30.000000   30.000000   clock clk (rise edge)
                                  0.000000   30.000000   clock source latency
     1    0.028310    0.132872    0.092459   30.092459 ^ clk (in)
                                                         clk (net)
                      0.132912    0.000000   30.092459 ^ clkbuf_0_clk/A (sky130_fd_sc_hd__clkbuf_16)
     8    0.108967    0.123112    0.223171   30.315630 ^ clkbuf_0_clk/X (sky130_fd_sc_hd__clkbuf_16)
                                                         clknet_0_clk (net)
                      0.123134    0.001343   30.316973 ^ clkbuf_3_7__f_clk/A (sky130_fd_sc_hd__clkbuf_16)
     9    0.038153    0.058206    0.169123   30.486095 ^ clkbuf_3_7__f_clk/X (sky130_fd_sc_hd__clkbuf_16)
                                                         clknet_3_7__leaf_clk (net)
                      0.058211    0.000497   30.486593 ^ spi_in.shift_reg[3]_sky130_fd_sc_hd__dfrtp_2_Q/CLK (sky130_fd_sc_hd__dfrtp_1)
                                 -0.250000   30.236593   clock uncertainty
                                  0.000000   30.236593   clock reconvergence pessimism
                                  0.237166   30.473757   library recovery time
                                             30.473757   data required time
---------------------------------------------------------------------------------------------
                                             30.473757   data required time
                                             -6.526239   data arrival time
---------------------------------------------------------------------------------------------
                                             23.947519   slack (MET)


Startpoint: reset (input port clocked by clk)
Endpoint: spi_in.shift_reg[2]_sky130_fd_sc_hd__dfrtp_2_Q
          (recovery check against rising-edge clock clk)
Path Group: asynchronous
Path Type: max

Fanout         Cap        Slew       Delay        Time   Description
---------------------------------------------------------------------------------------------
                                  0.000000    0.000000   clock clk (rise edge)
                                  0.000000    0.000000   clock network delay (propagated)
                                  6.000000    6.000000 v input external delay
     1    0.002519    0.007983    0.003938    6.003938 v reset (in)
                                                         reset (net)
                      0.007983    0.000000    6.003938 v input1/A (sky130_fd_sc_hd__clkbuf_1)
     1    0.002900    0.026986    0.072522    6.076460 v input1/X (sky130_fd_sc_hd__clkbuf_1)
                                                         net1 (net)
                      0.026986    0.000010    6.076470 v fanout35/A (sky130_fd_sc_hd__clkbuf_4)
     5    0.041249    0.092196    0.185337    6.261807 v fanout35/X (sky130_fd_sc_hd__clkbuf_4)
                                                         net35 (net)
                      0.092210    0.001162    6.262969 v fanout34/A (sky130_fd_sc_hd__clkbuf_4)
     5    0.034394    0.079631    0.204202    6.467172 v fanout34/X (sky130_fd_sc_hd__clkbuf_4)
                                                         net34 (net)
                      0.079633    0.000511    6.467682 v spi_in.shift_reg[2]_sky130_fd_sc_hd__dfrtp_2_Q_RESET_B_sky130_fd_sc_hd__inv_2_Y/A (sky130_fd_sc_hd__inv_2)
     1    0.004221    0.034186    0.058513    6.526196 ^ spi_in.shift_reg[2]_sky130_fd_sc_hd__dfrtp_2_Q_RESET_B_sky130_fd_sc_hd__inv_2_Y/Y (sky130_fd_sc_hd__inv_2)
                                                         spi_in.shift_reg[2]_sky130_fd_sc_hd__dfrtp_2_Q_RESET_B (net)
                      0.034186    0.000012    6.526208 ^ spi_in.shift_reg[2]_sky130_fd_sc_hd__dfrtp_2_Q/RESET_B (sky130_fd_sc_hd__dfrtp_1)
                                              6.526208   data arrival time

                                 30.000000   30.000000   clock clk (rise edge)
                                  0.000000   30.000000   clock source latency
     1    0.028310    0.132872    0.092459   30.092459 ^ clk (in)
                                                         clk (net)
                      0.132912    0.000000   30.092459 ^ clkbuf_0_clk/A (sky130_fd_sc_hd__clkbuf_16)
     8    0.108967    0.123112    0.223171   30.315630 ^ clkbuf_0_clk/X (sky130_fd_sc_hd__clkbuf_16)
                                                         clknet_0_clk (net)
                      0.123134    0.001343   30.316973 ^ clkbuf_3_7__f_clk/A (sky130_fd_sc_hd__clkbuf_16)
     9    0.038153    0.058206    0.169123   30.486095 ^ clkbuf_3_7__f_clk/X (sky130_fd_sc_hd__clkbuf_16)
                                                         clknet_3_7__leaf_clk (net)
                      0.058212    0.000554   30.486650 ^ spi_in.shift_reg[2]_sky130_fd_sc_hd__dfrtp_2_Q/CLK (sky130_fd_sc_hd__dfrtp_1)
                                 -0.250000   30.236650   clock uncertainty
                                  0.000000   30.236650   clock reconvergence pessimism
                                  0.237177   30.473825   library recovery time
                                             30.473825   data required time
---------------------------------------------------------------------------------------------
                                             30.473825   data required time
                                             -6.526208   data arrival time
---------------------------------------------------------------------------------------------
                                             23.947618   slack (MET)


Startpoint: reset (input port clocked by clk)
Endpoint: filter.y_out[4]_sky130_fd_sc_hd__dfrtp_2_Q
          (recovery check against rising-edge clock clk)
Path Group: asynchronous
Path Type: max

Fanout         Cap        Slew       Delay        Time   Description
---------------------------------------------------------------------------------------------
                                  0.000000    0.000000   clock clk (rise edge)
                                  0.000000    0.000000   clock network delay (propagated)
                                  6.000000    6.000000 v input external delay
     1    0.002519    0.007983    0.003938    6.003938 v reset (in)
                                                         reset (net)
                      0.007983    0.000000    6.003938 v input1/A (sky130_fd_sc_hd__clkbuf_1)
     1    0.002900    0.026986    0.072522    6.076460 v input1/X (sky130_fd_sc_hd__clkbuf_1)
                                                         net1 (net)
                      0.026986    0.000010    6.076470 v fanout35/A (sky130_fd_sc_hd__clkbuf_4)
     5    0.041249    0.092196    0.185337    6.261807 v fanout35/X (sky130_fd_sc_hd__clkbuf_4)
                                                         net35 (net)
                      0.092210    0.001162    6.262969 v fanout34/A (sky130_fd_sc_hd__clkbuf_4)
     5    0.034394    0.079631    0.204202    6.467172 v fanout34/X (sky130_fd_sc_hd__clkbuf_4)
                                                         net34 (net)
                      0.079631    0.000035    6.467206 v filter.y_out[4]_sky130_fd_sc_hd__dfrtp_2_Q_RESET_B_sky130_fd_sc_hd__inv_2_Y/A (sky130_fd_sc_hd__inv_2)
     1    0.003944    0.034270    0.057264    6.524470 ^ filter.y_out[4]_sky130_fd_sc_hd__dfrtp_2_Q_RESET_B_sky130_fd_sc_hd__inv_2_Y/Y (sky130_fd_sc_hd__inv_2)
                                                         filter.y_out[4]_sky130_fd_sc_hd__dfrtp_2_Q_RESET_B (net)
                      0.034270    0.000008    6.524478 ^ filter.y_out[4]_sky130_fd_sc_hd__dfrtp_2_Q/RESET_B (sky130_fd_sc_hd__dfrtp_1)
                                              6.524478   data arrival time

                                 30.000000   30.000000   clock clk (rise edge)
                                  0.000000   30.000000   clock source latency
     1    0.028310    0.132872    0.092459   30.092459 ^ clk (in)
                                                         clk (net)
                      0.132912    0.000000   30.092459 ^ clkbuf_0_clk/A (sky130_fd_sc_hd__clkbuf_16)
     8    0.108967    0.123112    0.223171   30.315630 ^ clkbuf_0_clk/X (sky130_fd_sc_hd__clkbuf_16)
                                                         clknet_0_clk (net)
                      0.123134    0.001343   30.316973 ^ clkbuf_3_7__f_clk/A (sky130_fd_sc_hd__clkbuf_16)
     9    0.038153    0.058206    0.169123   30.486095 ^ clkbuf_3_7__f_clk/X (sky130_fd_sc_hd__clkbuf_16)
                                                         clknet_3_7__leaf_clk (net)
                      0.058206    0.000043   30.486139 ^ filter.y_out[4]_sky130_fd_sc_hd__dfrtp_2_Q/CLK (sky130_fd_sc_hd__dfrtp_1)
                                 -0.250000   30.236137   clock uncertainty
                                  0.000000   30.236137   clock reconvergence pessimism
                                  0.237153   30.473291   library recovery time
                                             30.473291   data required time
---------------------------------------------------------------------------------------------
                                             30.473291   data required time
                                             -6.524478   data arrival time
---------------------------------------------------------------------------------------------
                                             23.948814   slack (MET)


Startpoint: reset (input port clocked by clk)
Endpoint: spi_out.shift_reg[3]_sky130_fd_sc_hd__dfrtp_2_Q
          (recovery check against rising-edge clock clk)
Path Group: asynchronous
Path Type: max

Fanout         Cap        Slew       Delay        Time   Description
---------------------------------------------------------------------------------------------
                                  0.000000    0.000000   clock clk (rise edge)
                                  0.000000    0.000000   clock network delay (propagated)
                                  6.000000    6.000000 v input external delay
     1    0.002519    0.007983    0.003938    6.003938 v reset (in)
                                                         reset (net)
                      0.007983    0.000000    6.003938 v input1/A (sky130_fd_sc_hd__clkbuf_1)
     1    0.002900    0.026986    0.072522    6.076460 v input1/X (sky130_fd_sc_hd__clkbuf_1)
                                                         net1 (net)
                      0.026986    0.000010    6.076470 v fanout35/A (sky130_fd_sc_hd__clkbuf_4)
     5    0.041249    0.092196    0.185337    6.261807 v fanout35/X (sky130_fd_sc_hd__clkbuf_4)
                                                         net35 (net)
                      0.092196    0.000266    6.262073 v fanout30/A (sky130_fd_sc_hd__clkbuf_4)
     5    0.035871    0.082404    0.206164    6.468236 v fanout30/X (sky130_fd_sc_hd__clkbuf_4)
                                                         net30 (net)
                      0.082409    0.000759    6.468995 v spi_out.shift_reg[3]_sky130_fd_sc_hd__dfrtp_2_Q_RESET_B_sky130_fd_sc_hd__inv_2_Y/A (sky130_fd_sc_hd__inv_2)
     1    0.004034    0.035188    0.058672    6.527667 ^ spi_out.shift_reg[3]_sky130_fd_sc_hd__dfrtp_2_Q_RESET_B_sky130_fd_sc_hd__inv_2_Y/Y (sky130_fd_sc_hd__inv_2)
                                                         spi_out.shift_reg[3]_sky130_fd_sc_hd__dfrtp_2_Q_RESET_B (net)
                      0.035188    0.000007    6.527674 ^ spi_out.shift_reg[3]_sky130_fd_sc_hd__dfrtp_2_Q/RESET_B (sky130_fd_sc_hd__dfrtp_1)
                                              6.527674   data arrival time

                                 30.000000   30.000000   clock clk (rise edge)
                                  0.000000   30.000000   clock source latency
     1    0.028310    0.132872    0.092459   30.092459 ^ clk (in)
                                                         clk (net)
                      0.132912    0.000000   30.092459 ^ clkbuf_0_clk/A (sky130_fd_sc_hd__clkbuf_16)
     8    0.108967    0.123112    0.223171   30.315630 ^ clkbuf_0_clk/X (sky130_fd_sc_hd__clkbuf_16)
                                                         clknet_0_clk (net)
                      0.123270    0.003535   30.319164 ^ clkbuf_3_4__f_clk/A (sky130_fd_sc_hd__clkbuf_16)
    13    0.042847    0.062408    0.172733   30.491898 ^ clkbuf_3_4__f_clk/X (sky130_fd_sc_hd__clkbuf_16)
                                                         clknet_3_4__leaf_clk (net)
                      0.062408    0.000160   30.492058 ^ spi_out.shift_reg[3]_sky130_fd_sc_hd__dfrtp_2_Q/CLK (sky130_fd_sc_hd__dfrtp_1)
                                 -0.250000   30.242056   clock uncertainty
                                  0.000000   30.242056   clock reconvergence pessimism
                                  0.238203   30.480259   library recovery time
                                             30.480259   data required time
---------------------------------------------------------------------------------------------
                                             30.480259   data required time
                                             -6.527674   data arrival time
---------------------------------------------------------------------------------------------
                                             23.952585   slack (MET)


Startpoint: reset (input port clocked by clk)
Endpoint: spi_out.shift_reg[4]_sky130_fd_sc_hd__dfrtp_2_Q
          (recovery check against rising-edge clock clk)
Path Group: asynchronous
Path Type: max

Fanout         Cap        Slew       Delay        Time   Description
---------------------------------------------------------------------------------------------
                                  0.000000    0.000000   clock clk (rise edge)
                                  0.000000    0.000000   clock network delay (propagated)
                                  6.000000    6.000000 v input external delay
     1    0.002519    0.007983    0.003938    6.003938 v reset (in)
                                                         reset (net)
                      0.007983    0.000000    6.003938 v input1/A (sky130_fd_sc_hd__clkbuf_1)
     1    0.002900    0.026986    0.072522    6.076460 v input1/X (sky130_fd_sc_hd__clkbuf_1)
                                                         net1 (net)
                      0.026986    0.000010    6.076470 v fanout35/A (sky130_fd_sc_hd__clkbuf_4)
     5    0.041249    0.092196    0.185337    6.261807 v fanout35/X (sky130_fd_sc_hd__clkbuf_4)
                                                         net35 (net)
                      0.092196    0.000266    6.262073 v fanout30/A (sky130_fd_sc_hd__clkbuf_4)
     5    0.035871    0.082404    0.206164    6.468236 v fanout30/X (sky130_fd_sc_hd__clkbuf_4)
                                                         net30 (net)
                      0.082406    0.000585    6.468822 v spi_out.shift_reg[4]_sky130_fd_sc_hd__dfrtp_2_Q_RESET_B_sky130_fd_sc_hd__inv_2_Y/A (sky130_fd_sc_hd__inv_2)
     1    0.003983    0.035009    0.058435    6.527256 ^ spi_out.shift_reg[4]_sky130_fd_sc_hd__dfrtp_2_Q_RESET_B_sky130_fd_sc_hd__inv_2_Y/Y (sky130_fd_sc_hd__inv_2)
                                                         spi_out.shift_reg[4]_sky130_fd_sc_hd__dfrtp_2_Q_RESET_B (net)
                      0.035009    0.000008    6.527265 ^ spi_out.shift_reg[4]_sky130_fd_sc_hd__dfrtp_2_Q/RESET_B (sky130_fd_sc_hd__dfrtp_1)
                                              6.527265   data arrival time

                                 30.000000   30.000000   clock clk (rise edge)
                                  0.000000   30.000000   clock source latency
     1    0.028310    0.132872    0.092459   30.092459 ^ clk (in)
                                                         clk (net)
                      0.132912    0.000000   30.092459 ^ clkbuf_0_clk/A (sky130_fd_sc_hd__clkbuf_16)
     8    0.108967    0.123112    0.223171   30.315630 ^ clkbuf_0_clk/X (sky130_fd_sc_hd__clkbuf_16)
                                                         clknet_0_clk (net)
                      0.123270    0.003535   30.319164 ^ clkbuf_3_4__f_clk/A (sky130_fd_sc_hd__clkbuf_16)
    13    0.042847    0.062408    0.172733   30.491898 ^ clkbuf_3_4__f_clk/X (sky130_fd_sc_hd__clkbuf_16)
                                                         clknet_3_4__leaf_clk (net)
                      0.062408    0.000203   30.492100 ^ spi_out.shift_reg[4]_sky130_fd_sc_hd__dfrtp_2_Q/CLK (sky130_fd_sc_hd__dfrtp_1)
                                 -0.250000   30.242100   clock uncertainty
                                  0.000000   30.242100   clock reconvergence pessimism
                                  0.238249   30.480349   library recovery time
                                             30.480349   data required time
---------------------------------------------------------------------------------------------
                                             30.480349   data required time
                                             -6.527265   data arrival time
---------------------------------------------------------------------------------------------
                                             23.953083   slack (MET)


Startpoint: reset (input port clocked by clk)
Endpoint: spi_out.shift_reg[5]_sky130_fd_sc_hd__dfrtp_2_Q
          (recovery check against rising-edge clock clk)
Path Group: asynchronous
Path Type: max

Fanout         Cap        Slew       Delay        Time   Description
---------------------------------------------------------------------------------------------
                                  0.000000    0.000000   clock clk (rise edge)
                                  0.000000    0.000000   clock network delay (propagated)
                                  6.000000    6.000000 v input external delay
     1    0.002519    0.007983    0.003938    6.003938 v reset (in)
                                                         reset (net)
                      0.007983    0.000000    6.003938 v input1/A (sky130_fd_sc_hd__clkbuf_1)
     1    0.002900    0.026986    0.072522    6.076460 v input1/X (sky130_fd_sc_hd__clkbuf_1)
                                                         net1 (net)
                      0.026986    0.000010    6.076470 v fanout35/A (sky130_fd_sc_hd__clkbuf_4)
     5    0.041249    0.092196    0.185337    6.261807 v fanout35/X (sky130_fd_sc_hd__clkbuf_4)
                                                         net35 (net)
                      0.092196    0.000266    6.262073 v fanout30/A (sky130_fd_sc_hd__clkbuf_4)
     5    0.035871    0.082404    0.206164    6.468236 v fanout30/X (sky130_fd_sc_hd__clkbuf_4)
                                                         net30 (net)
                      0.082412    0.000867    6.469103 v spi_out.shift_reg[5]_sky130_fd_sc_hd__dfrtp_2_Q_RESET_B_sky130_fd_sc_hd__inv_2_Y/A (sky130_fd_sc_hd__inv_2)
     1    0.003944    0.034871    0.058253    6.527357 ^ spi_out.shift_reg[5]_sky130_fd_sc_hd__dfrtp_2_Q_RESET_B_sky130_fd_sc_hd__inv_2_Y/Y (sky130_fd_sc_hd__inv_2)
                                                         spi_out.shift_reg[5]_sky130_fd_sc_hd__dfrtp_2_Q_RESET_B (net)
                      0.034871    0.000008    6.527364 ^ spi_out.shift_reg[5]_sky130_fd_sc_hd__dfrtp_2_Q/RESET_B (sky130_fd_sc_hd__dfrtp_1)
                                              6.527364   data arrival time

                                 30.000000   30.000000   clock clk (rise edge)
                                  0.000000   30.000000   clock source latency
     1    0.028310    0.132872    0.092459   30.092459 ^ clk (in)
                                                         clk (net)
                      0.132912    0.000000   30.092459 ^ clkbuf_0_clk/A (sky130_fd_sc_hd__clkbuf_16)
     8    0.108967    0.123112    0.223171   30.315630 ^ clkbuf_0_clk/X (sky130_fd_sc_hd__clkbuf_16)
                                                         clknet_0_clk (net)
                      0.123270    0.003535   30.319164 ^ clkbuf_3_4__f_clk/A (sky130_fd_sc_hd__clkbuf_16)
    13    0.042847    0.062408    0.172733   30.491898 ^ clkbuf_3_4__f_clk/X (sky130_fd_sc_hd__clkbuf_16)
                                                         clknet_3_4__leaf_clk (net)
                      0.062409    0.000320   30.492218 ^ spi_out.shift_reg[5]_sky130_fd_sc_hd__dfrtp_2_Q/CLK (sky130_fd_sc_hd__dfrtp_1)
                                 -0.250000   30.242216   clock uncertainty
                                  0.000000   30.242216   clock reconvergence pessimism
                                  0.238285   30.480501   library recovery time
                                             30.480501   data required time
---------------------------------------------------------------------------------------------
                                             30.480501   data required time
                                             -6.527364   data arrival time
---------------------------------------------------------------------------------------------
                                             23.953136   slack (MET)


Startpoint: filter.y_out[2]_sky130_fd_sc_hd__dfrtp_2_Q
            (rising edge-triggered flip-flop clocked by clk)
Endpoint: filter.y_out[8]_sky130_fd_sc_hd__dfrtp_2_Q
          (rising edge-triggered flip-flop clocked by clk)
Path Group: clk
Path Type: max

Fanout         Cap        Slew       Delay        Time   Description
---------------------------------------------------------------------------------------------
                                  0.000000    0.000000   clock clk (rise edge)
                                  0.000000    0.000000   clock source latency
     1    0.028310    0.132872    0.092458    0.092458 ^ clk (in)
                                                         clk (net)
                      0.132912    0.000000    0.092458 ^ clkbuf_0_clk/A (sky130_fd_sc_hd__clkbuf_16)
     8    0.108967    0.123112    0.223171    0.315629 ^ clkbuf_0_clk/X (sky130_fd_sc_hd__clkbuf_16)
                                                         clknet_0_clk (net)
                      0.123131    0.001246    0.316876 ^ clkbuf_3_6__f_clk/A (sky130_fd_sc_hd__clkbuf_16)
     9    0.045466    0.064752    0.174611    0.491487 ^ clkbuf_3_6__f_clk/X (sky130_fd_sc_hd__clkbuf_16)
                                                         clknet_3_6__leaf_clk (net)
                      0.064754    0.000423    0.491910 ^ filter.y_out[2]_sky130_fd_sc_hd__dfrtp_2_Q/CLK (sky130_fd_sc_hd__dfrtp_4)
     6    0.052652    0.122859    0.561044    1.052954 v filter.y_out[2]_sky130_fd_sc_hd__dfrtp_2_Q/Q (sky130_fd_sc_hd__dfrtp_4)
                                                         filter.y_out[2] (net)
                      0.122890    0.001910    1.054864 v filter.y_out[2]_sky130_fd_sc_hd__xor2_2_A/A (sky130_fd_sc_hd__xor2_4)
     4    0.033338    0.273275    0.312632    1.367497 ^ filter.y_out[2]_sky130_fd_sc_hd__xor2_2_A/X (sky130_fd_sc_hd__xor2_4)
                                                         filter.x_in[2]_sky130_fd_sc_hd__inv_2_A_Y_sky130_fd_sc_hd__o2bb2ai_2_B2_A2_N_sky130_fd_sc_hd__a21o_2_B1_A2 (net)
                      0.273275    0.000083    1.367580 ^ filter.y_out[1]_sky130_fd_sc_hd__xor2_2_A/B (sky130_fd_sc_hd__xor2_4)
    10    0.043496    0.148820    0.189665    1.557244 v filter.y_out[1]_sky130_fd_sc_hd__xor2_2_A/X (sky130_fd_sc_hd__xor2_4)
                                                         filter.y_out[1]_sky130_fd_sc_hd__xor2_2_A_X (net)
                      0.148820    0.000067    1.557311 v filter.x_in[10]_sky130_fd_sc_hd__or2_2_A_B_sky130_fd_sc_hd__xor2_2_X_B_sky130_fd_sc_hd__a31o_2_X_A3_sky130_fd_sc_hd__xnor2_2_Y_A_sky130_fd_sc_hd__o21ai_2_B1_Y_sky130_fd_sc_hd__xnor2_2_A_B_sky130_fd_sc_hd__and3_2_X_B_sky130_fd_sc_hd__or3_2_X/B (sky130_fd_sc_hd__or3_2)
     5    0.014956    0.114747    0.540498    2.097809 v filter.x_in[10]_sky130_fd_sc_hd__or2_2_A_B_sky130_fd_sc_hd__xor2_2_X_B_sky130_fd_sc_hd__a31o_2_X_A3_sky130_fd_sc_hd__xnor2_2_Y_A_sky130_fd_sc_hd__o21ai_2_B1_Y_sky130_fd_sc_hd__xnor2_2_A_B_sky130_fd_sc_hd__and3_2_X_B_sky130_fd_sc_hd__or3_2_X/X (sky130_fd_sc_hd__or3_2)
                                                         filter.x_in[10]_sky130_fd_sc_hd__or2_2_A_B_sky130_fd_sc_hd__xor2_2_X_B_sky130_fd_sc_hd__a31o_2_X_A3_sky130_fd_sc_hd__xnor2_2_Y_A_sky130_fd_sc_hd__o21ai_2_B1_Y_sky130_fd_sc_hd__xnor2_2_A_B_sky130_fd_sc_hd__and3_2_X_B (net)
                      0.114747    0.000334    2.098143 v filter.x_in[10]_sky130_fd_sc_hd__or2_2_A_B_sky130_fd_sc_hd__xor2_2_X_B_sky130_fd_sc_hd__a31o_2_X_A3_sky130_fd_sc_hd__xnor2_2_Y_A_sky130_fd_sc_hd__o21ai_2_B1_Y_sky130_fd_sc_hd__xnor2_2_A_B_sky130_fd_sc_hd__and3_2_X/B (sky130_fd_sc_hd__and3_1)
     3    0.009657    0.065507    0.223131    2.321274 v filter.x_in[10]_sky130_fd_sc_hd__or2_2_A_B_sky130_fd_sc_hd__xor2_2_X_B_sky130_fd_sc_hd__a31o_2_X_A3_sky130_fd_sc_hd__xnor2_2_Y_A_sky130_fd_sc_hd__o21ai_2_B1_Y_sky130_fd_sc_hd__xnor2_2_A_B_sky130_fd_sc_hd__and3_2_X/X (sky130_fd_sc_hd__and3_1)
                                                         filter.x_in[10]_sky130_fd_sc_hd__or2_2_A_B_sky130_fd_sc_hd__xor2_2_X_B_sky130_fd_sc_hd__a31o_2_X_A3_sky130_fd_sc_hd__xnor2_2_Y_A_sky130_fd_sc_hd__o21ai_2_B1_Y_sky130_fd_sc_hd__xnor2_2_A_B (net)
                      0.065507    0.000010    2.321284 v filter.y_out[0]_sky130_fd_sc_hd__dfrtp_2_Q_D_sky130_fd_sc_hd__xor2_2_X_A_sky130_fd_sc_hd__and3b_2_X_C_sky130_fd_sc_hd__a21o_2_X_B1_sky130_fd_sc_hd__a2bb2o_2_X_A1_N_sky130_fd_sc_hd__o2bb2a_2_X_A1_N_sky130_fd_sc_hd__a32o_2_X_A2_sky130_fd_sc_hd__and4_2_B/C (sky130_fd_sc_hd__and4_1)
     4    0.011256    0.072261    0.231886    2.553170 v filter.y_out[0]_sky130_fd_sc_hd__dfrtp_2_Q_D_sky130_fd_sc_hd__xor2_2_X_A_sky130_fd_sc_hd__and3b_2_X_C_sky130_fd_sc_hd__a21o_2_X_B1_sky130_fd_sc_hd__a2bb2o_2_X_A1_N_sky130_fd_sc_hd__o2bb2a_2_X_A1_N_sky130_fd_sc_hd__a32o_2_X_A2_sky130_fd_sc_hd__and4_2_B/X (sky130_fd_sc_hd__and4_1)
                                                         filter.y_out[0]_sky130_fd_sc_hd__dfrtp_2_Q_D_sky130_fd_sc_hd__xor2_2_X_A_sky130_fd_sc_hd__and3b_2_X_C_sky130_fd_sc_hd__a21o_2_X_B1_sky130_fd_sc_hd__a2bb2o_2_X_A1_N_sky130_fd_sc_hd__o2bb2a_2_X_A1_N_sky130_fd_sc_hd__a32o_2_X_A2_sky130_fd_sc_hd__and4_2_B_X (net)
                      0.072261    0.000041    2.553211 v filter.y_out[0]_sky130_fd_sc_hd__dfrtp_2_Q_D_sky130_fd_sc_hd__xor2_2_X_A_sky130_fd_sc_hd__and3b_2_X_C_sky130_fd_sc_hd__a21o_2_X_B1_sky130_fd_sc_hd__a2bb2o_2_X_B1_sky130_fd_sc_hd__a2bb2o_2_X_B2_sky130_fd_sc_hd__o32a_2_X_A2_sky130_fd_sc_hd__nor3_2_Y/B (sky130_fd_sc_hd__nor3_1)
     3    0.008341    0.296714    0.282430    2.835641 ^ filter.y_out[0]_sky130_fd_sc_hd__dfrtp_2_Q_D_sky130_fd_sc_hd__xor2_2_X_A_sky130_fd_sc_hd__and3b_2_X_C_sky130_fd_sc_hd__a21o_2_X_B1_sky130_fd_sc_hd__a2bb2o_2_X_B1_sky130_fd_sc_hd__a2bb2o_2_X_B2_sky130_fd_sc_hd__o32a_2_X_A2_sky130_fd_sc_hd__nor3_2_Y/Y (sky130_fd_sc_hd__nor3_1)
                                                         filter.y_out[0]_sky130_fd_sc_hd__dfrtp_2_Q_D_sky130_fd_sc_hd__xor2_2_X_A_sky130_fd_sc_hd__and3b_2_X_C_sky130_fd_sc_hd__a21o_2_X_B1_sky130_fd_sc_hd__a2bb2o_2_X_B1_sky130_fd_sc_hd__a2bb2o_2_X_B2_sky130_fd_sc_hd__o32a_2_X_A2 (net)
                      0.296714    0.000010    2.835651 ^ filter.y_out[0]_sky130_fd_sc_hd__dfrtp_2_Q_D_sky130_fd_sc_hd__xor2_2_X_A_sky130_fd_sc_hd__and3b_2_X_C_sky130_fd_sc_hd__a21o_2_X_B1_sky130_fd_sc_hd__a2bb2o_2_X_B1_sky130_fd_sc_hd__a2bb2o_2_X_B2_sky130_fd_sc_hd__o32a_2_X_A2_sky130_fd_sc_hd__and2b_2_A_N/A_N (sky130_fd_sc_hd__and2b_1)
     2    0.005935    0.046805    0.236614    3.072265 v filter.y_out[0]_sky130_fd_sc_hd__dfrtp_2_Q_D_sky130_fd_sc_hd__xor2_2_X_A_sky130_fd_sc_hd__and3b_2_X_C_sky130_fd_sc_hd__a21o_2_X_B1_sky130_fd_sc_hd__a2bb2o_2_X_B1_sky130_fd_sc_hd__a2bb2o_2_X_B2_sky130_fd_sc_hd__o32a_2_X_A2_sky130_fd_sc_hd__and2b_2_A_N/X (sky130_fd_sc_hd__and2b_1)
                                                         filter.y_out[0]_sky130_fd_sc_hd__dfrtp_2_Q_D_sky130_fd_sc_hd__xor2_2_X_A_sky130_fd_sc_hd__and3b_2_X_C_sky130_fd_sc_hd__a21o_2_X_B1_sky130_fd_sc_hd__a2bb2o_2_X_B1_sky130_fd_sc_hd__a2bb2o_2_X_B1_sky130_fd_sc_hd__or3_2_X_C_sky130_fd_sc_hd__o21a_2_X_A1 (net)
                      0.046805    0.000042    3.072307 v filter.y_out[0]_sky130_fd_sc_hd__dfrtp_2_Q_D_sky130_fd_sc_hd__xor2_2_X_A_sky130_fd_sc_hd__and3b_2_X_C_sky130_fd_sc_hd__a21o_2_X_B1_sky130_fd_sc_hd__a2bb2o_2_X_B1_sky130_fd_sc_hd__a2bb2o_2_X_B1_sky130_fd_sc_hd__or3_2_X_C_sky130_fd_sc_hd__o21a_2_X_B1_sky130_fd_sc_hd__a221o_2_X/A1 (sky130_fd_sc_hd__a221o_1)
     1    0.002652    0.052493    0.305387    3.377694 v filter.y_out[0]_sky130_fd_sc_hd__dfrtp_2_Q_D_sky130_fd_sc_hd__xor2_2_X_A_sky130_fd_sc_hd__and3b_2_X_C_sky130_fd_sc_hd__a21o_2_X_B1_sky130_fd_sc_hd__a2bb2o_2_X_B1_sky130_fd_sc_hd__a2bb2o_2_X_B1_sky130_fd_sc_hd__or3_2_X_C_sky130_fd_sc_hd__o21a_2_X_B1_sky130_fd_sc_hd__a221o_2_X/X (sky130_fd_sc_hd__a221o_1)
                                                         filter.y_out[0]_sky130_fd_sc_hd__dfrtp_2_Q_D_sky130_fd_sc_hd__xor2_2_X_A_sky130_fd_sc_hd__and3b_2_X_C_sky130_fd_sc_hd__a21o_2_X_B1_sky130_fd_sc_hd__a2bb2o_2_X_B1_sky130_fd_sc_hd__a2bb2o_2_X_B1_sky130_fd_sc_hd__or3_2_X_C_sky130_fd_sc_hd__o21a_2_X_B1 (net)
                      0.052493    0.000005    3.377699 v filter.y_out[0]_sky130_fd_sc_hd__dfrtp_2_Q_D_sky130_fd_sc_hd__xor2_2_X_A_sky130_fd_sc_hd__and3b_2_X_C_sky130_fd_sc_hd__a21o_2_X_B1_sky130_fd_sc_hd__a2bb2o_2_X_B1_sky130_fd_sc_hd__a2bb2o_2_X_B1_sky130_fd_sc_hd__or3_2_X_C_sky130_fd_sc_hd__o21a_2_X/B1 (sky130_fd_sc_hd__o21a_1)
     2    0.005061    0.045227    0.112413    3.490112 v filter.y_out[0]_sky130_fd_sc_hd__dfrtp_2_Q_D_sky130_fd_sc_hd__xor2_2_X_A_sky130_fd_sc_hd__and3b_2_X_C_sky130_fd_sc_hd__a21o_2_X_B1_sky130_fd_sc_hd__a2bb2o_2_X_B1_sky130_fd_sc_hd__a2bb2o_2_X_B1_sky130_fd_sc_hd__or3_2_X_C_sky130_fd_sc_hd__o21a_2_X/X (sky130_fd_sc_hd__o21a_1)
                                                         filter.y_out[0]_sky130_fd_sc_hd__dfrtp_2_Q_D_sky130_fd_sc_hd__xor2_2_X_A_sky130_fd_sc_hd__and3b_2_X_C_sky130_fd_sc_hd__a21o_2_X_B1_sky130_fd_sc_hd__a2bb2o_2_X_B1_sky130_fd_sc_hd__a2bb2o_2_X_B1_sky130_fd_sc_hd__or3_2_X_C (net)
                      0.045227    0.000040    3.490152 v filter.y_out[0]_sky130_fd_sc_hd__dfrtp_2_Q_D_sky130_fd_sc_hd__xor2_2_X_A_sky130_fd_sc_hd__and3b_2_X_C_sky130_fd_sc_hd__a21o_2_X_B1_sky130_fd_sc_hd__a2bb2o_2_X_B1_sky130_fd_sc_hd__a2bb2o_2_X_B1_sky130_fd_sc_hd__or3_2_X/C (sky130_fd_sc_hd__or3_1)
     1    0.001834    0.059656    0.290319    3.780471 v filter.y_out[0]_sky130_fd_sc_hd__dfrtp_2_Q_D_sky130_fd_sc_hd__xor2_2_X_A_sky130_fd_sc_hd__and3b_2_X_C_sky130_fd_sc_hd__a21o_2_X_B1_sky130_fd_sc_hd__a2bb2o_2_X_B1_sky130_fd_sc_hd__a2bb2o_2_X_B1_sky130_fd_sc_hd__or3_2_X/X (sky130_fd_sc_hd__or3_1)
                                                         filter.y_out[0]_sky130_fd_sc_hd__dfrtp_2_Q_D_sky130_fd_sc_hd__xor2_2_X_A_sky130_fd_sc_hd__and3b_2_X_C_sky130_fd_sc_hd__a21o_2_X_B1_sky130_fd_sc_hd__a2bb2o_2_X_B1_sky130_fd_sc_hd__a2bb2o_2_X_B1 (net)
                      0.059656    0.000004    3.780474 v filter.y_out[0]_sky130_fd_sc_hd__dfrtp_2_Q_D_sky130_fd_sc_hd__xor2_2_X_A_sky130_fd_sc_hd__and3b_2_X_C_sky130_fd_sc_hd__a21o_2_X_B1_sky130_fd_sc_hd__a2bb2o_2_X_B1_sky130_fd_sc_hd__a2bb2o_2_X/B1 (sky130_fd_sc_hd__a2bb2o_1)
     1    0.003053    0.052002    0.276537    4.057011 v filter.y_out[0]_sky130_fd_sc_hd__dfrtp_2_Q_D_sky130_fd_sc_hd__xor2_2_X_A_sky130_fd_sc_hd__and3b_2_X_C_sky130_fd_sc_hd__a21o_2_X_B1_sky130_fd_sc_hd__a2bb2o_2_X_B1_sky130_fd_sc_hd__a2bb2o_2_X/X (sky130_fd_sc_hd__a2bb2o_1)
                                                         filter.y_out[0]_sky130_fd_sc_hd__dfrtp_2_Q_D_sky130_fd_sc_hd__xor2_2_X_A_sky130_fd_sc_hd__and3b_2_X_C_sky130_fd_sc_hd__a21o_2_X_B1_sky130_fd_sc_hd__a2bb2o_2_X_B1 (net)
                      0.052002    0.000024    4.057035 v filter.y_out[0]_sky130_fd_sc_hd__dfrtp_2_Q_D_sky130_fd_sc_hd__xor2_2_X_A_sky130_fd_sc_hd__and3b_2_X_C_sky130_fd_sc_hd__a21o_2_X_B1_sky130_fd_sc_hd__a2bb2o_2_X/B1 (sky130_fd_sc_hd__a2bb2o_1)
     1    0.005012    0.060892    0.286823    4.343857 v filter.y_out[0]_sky130_fd_sc_hd__dfrtp_2_Q_D_sky130_fd_sc_hd__xor2_2_X_A_sky130_fd_sc_hd__and3b_2_X_C_sky130_fd_sc_hd__a21o_2_X_B1_sky130_fd_sc_hd__a2bb2o_2_X/X (sky130_fd_sc_hd__a2bb2o_1)
                                                         filter.y_out[0]_sky130_fd_sc_hd__dfrtp_2_Q_D_sky130_fd_sc_hd__xor2_2_X_A_sky130_fd_sc_hd__and3b_2_X_C_sky130_fd_sc_hd__a21o_2_X_B1 (net)
                      0.060892    0.000042    4.343899 v filter.y_out[0]_sky130_fd_sc_hd__dfrtp_2_Q_D_sky130_fd_sc_hd__xor2_2_X_A_sky130_fd_sc_hd__and3b_2_X_C_sky130_fd_sc_hd__a21o_2_X/B1 (sky130_fd_sc_hd__a21o_1)
     1    0.003806    0.037474    0.159167    4.503066 v filter.y_out[0]_sky130_fd_sc_hd__dfrtp_2_Q_D_sky130_fd_sc_hd__xor2_2_X_A_sky130_fd_sc_hd__and3b_2_X_C_sky130_fd_sc_hd__a21o_2_X/X (sky130_fd_sc_hd__a21o_1)
                                                         filter.y_out[0]_sky130_fd_sc_hd__dfrtp_2_Q_D_sky130_fd_sc_hd__xor2_2_X_A_sky130_fd_sc_hd__and3b_2_X_C (net)
                      0.037474    0.000040    4.503106 v filter.y_out[0]_sky130_fd_sc_hd__dfrtp_2_Q_D_sky130_fd_sc_hd__xor2_2_X_A_sky130_fd_sc_hd__and3b_2_X/C (sky130_fd_sc_hd__and3b_1)
     2    0.007778    0.058526    0.194403    4.697509 v filter.y_out[0]_sky130_fd_sc_hd__dfrtp_2_Q_D_sky130_fd_sc_hd__xor2_2_X_A_sky130_fd_sc_hd__and3b_2_X/X (sky130_fd_sc_hd__and3b_1)
                                                         filter.y_out[0]_sky130_fd_sc_hd__dfrtp_2_Q_D_sky130_fd_sc_hd__xor2_2_X_A (net)
                      0.058526    0.000075    4.697583 v filter.y_out[1]_sky130_fd_sc_hd__dfrtp_2_Q_D_sky130_fd_sc_hd__xor2_2_X_A_sky130_fd_sc_hd__a2bb2o_2_X/B2 (sky130_fd_sc_hd__a2bb2o_2)
     3    0.016597    0.076893    0.280000    4.977583 v filter.y_out[1]_sky130_fd_sc_hd__dfrtp_2_Q_D_sky130_fd_sc_hd__xor2_2_X_A_sky130_fd_sc_hd__a2bb2o_2_X/X (sky130_fd_sc_hd__a2bb2o_2)
                                                         filter.y_out[1]_sky130_fd_sc_hd__dfrtp_2_Q_D_sky130_fd_sc_hd__xor2_2_X_A (net)
                      0.076896    0.000600    4.978183 v filter.y_out[2]_sky130_fd_sc_hd__dfrtp_2_Q_D_sky130_fd_sc_hd__xor2_2_X_A_sky130_fd_sc_hd__a31o_2_A3/A1 (sky130_fd_sc_hd__a31o_1)
     3    0.011780    0.074940    0.223591    5.201774 v filter.y_out[2]_sky130_fd_sc_hd__dfrtp_2_Q_D_sky130_fd_sc_hd__xor2_2_X_A_sky130_fd_sc_hd__a31o_2_A3/X (sky130_fd_sc_hd__a31o_1)
                                                         filter.y_out[3]_sky130_fd_sc_hd__dfrtp_2_Q_D_sky130_fd_sc_hd__nor2_2_Y_A_sky130_fd_sc_hd__and2b_2_X_B (net)
                      0.074940    0.000248    5.202023 v filter.y_out[5]_sky130_fd_sc_hd__dfrtp_2_Q_D_sky130_fd_sc_hd__xor2_2_X_A_sky130_fd_sc_hd__nor2_2_Y_A_sky130_fd_sc_hd__nor3b_2_Y/C_N (sky130_fd_sc_hd__nor3b_1)
     2    0.008622    0.079808    0.171102    5.373125 v filter.y_out[5]_sky130_fd_sc_hd__dfrtp_2_Q_D_sky130_fd_sc_hd__xor2_2_X_A_sky130_fd_sc_hd__nor2_2_Y_A_sky130_fd_sc_hd__nor3b_2_Y/Y (sky130_fd_sc_hd__nor3b_1)
                                                         filter.y_out[5]_sky130_fd_sc_hd__dfrtp_2_Q_D_sky130_fd_sc_hd__xor2_2_X_A_sky130_fd_sc_hd__nor2_2_Y_A (net)
                      0.079808    0.000101    5.373226 v filter.y_out[5]_sky130_fd_sc_hd__dfrtp_2_Q_D_sky130_fd_sc_hd__xor2_2_X_B_sky130_fd_sc_hd__o21bai_2_B1_N/A1 (sky130_fd_sc_hd__o21bai_2)
     3    0.017243    0.227392    0.243462    5.616688 ^ filter.y_out[5]_sky130_fd_sc_hd__dfrtp_2_Q_D_sky130_fd_sc_hd__xor2_2_X_B_sky130_fd_sc_hd__o21bai_2_B1_N/Y (sky130_fd_sc_hd__o21bai_2)
                                                         filter.y_out[6]_sky130_fd_sc_hd__dfrtp_2_Q_D_sky130_fd_sc_hd__xnor2_2_Y_A_sky130_fd_sc_hd__nand2_2_Y_B (net)
                      0.227394    0.000614    5.617301 ^ filter.y_out[7]_sky130_fd_sc_hd__dfrtp_2_Q_D_sky130_fd_sc_hd__xnor2_2_Y_B_sky130_fd_sc_hd__o21ai_2_Y/A1 (sky130_fd_sc_hd__o21ai_1)
     2    0.008290    0.094728    0.142464    5.759765 v filter.y_out[7]_sky130_fd_sc_hd__dfrtp_2_Q_D_sky130_fd_sc_hd__xnor2_2_Y_B_sky130_fd_sc_hd__o21ai_2_Y/Y (sky130_fd_sc_hd__o21ai_1)
                                                         filter.y_out[7]_sky130_fd_sc_hd__dfrtp_2_Q_D_sky130_fd_sc_hd__xnor2_2_Y_B (net)
                      0.094728    0.000051    5.759816 v filter.y_out[8]_sky130_fd_sc_hd__dfrtp_2_Q_D_sky130_fd_sc_hd__xnor2_2_Y_B_sky130_fd_sc_hd__a21bo_2_X/A2 (sky130_fd_sc_hd__a21bo_1)
     1    0.005770    0.047139    0.218102    5.977919 v filter.y_out[8]_sky130_fd_sc_hd__dfrtp_2_Q_D_sky130_fd_sc_hd__xnor2_2_Y_B_sky130_fd_sc_hd__a21bo_2_X/X (sky130_fd_sc_hd__a21bo_1)
                                                         filter.y_out[8]_sky130_fd_sc_hd__dfrtp_2_Q_D_sky130_fd_sc_hd__xnor2_2_Y_B (net)
                      0.047139    0.000039    5.977958 v filter.y_out[8]_sky130_fd_sc_hd__dfrtp_2_Q_D_sky130_fd_sc_hd__xnor2_2_Y/B (sky130_fd_sc_hd__xnor2_1)
     1    0.003053    0.060347    0.119660    6.097618 v filter.y_out[8]_sky130_fd_sc_hd__dfrtp_2_Q_D_sky130_fd_sc_hd__xnor2_2_Y/Y (sky130_fd_sc_hd__xnor2_1)
                                                         filter.y_out[8]_sky130_fd_sc_hd__dfrtp_2_Q_D (net)
                      0.060347    0.000019    6.097637 v filter.y_out[8]_sky130_fd_sc_hd__dfrtp_2_Q/D (sky130_fd_sc_hd__dfrtp_4)
                                              6.097637   data arrival time

                                 30.000000   30.000000   clock clk (rise edge)
                                  0.000000   30.000000   clock source latency
     1    0.028310    0.132872    0.092459   30.092459 ^ clk (in)
                                                         clk (net)
                      0.132912    0.000000   30.092459 ^ clkbuf_0_clk/A (sky130_fd_sc_hd__clkbuf_16)
     8    0.108967    0.123112    0.223171   30.315630 ^ clkbuf_0_clk/X (sky130_fd_sc_hd__clkbuf_16)
                                                         clknet_0_clk (net)
                      0.123241    0.003197   30.318827 ^ clkbuf_3_1__f_clk/A (sky130_fd_sc_hd__clkbuf_16)
    12    0.043307    0.062829    0.173113   30.491941 ^ clkbuf_3_1__f_clk/X (sky130_fd_sc_hd__clkbuf_16)
                                                         clknet_3_1__leaf_clk (net)
                      0.062829    0.000238   30.492178 ^ filter.y_out[8]_sky130_fd_sc_hd__dfrtp_2_Q/CLK (sky130_fd_sc_hd__dfrtp_4)
                                 -0.250000   30.242178   clock uncertainty
                                  0.000000   30.242178   clock reconvergence pessimism
                                 -0.116883   30.125294   library setup time
                                             30.125294   data required time
---------------------------------------------------------------------------------------------
                                             30.125294   data required time
                                             -6.097637   data arrival time
---------------------------------------------------------------------------------------------
                                             24.027657   slack (MET)


Startpoint: spi_clk (input port clocked by clk)
Endpoint: spi_in.sclk_prev_sky130_fd_sc_hd__dfrtp_2_Q
          (rising edge-triggered flip-flop clocked by clk)
Path Group: clk
Path Type: max

Fanout         Cap        Slew       Delay        Time   Description
---------------------------------------------------------------------------------------------
                                  0.000000    0.000000   clock clk (rise edge)
                                  0.000000    0.000000   clock network delay (propagated)
                                  6.000000    6.000000 v input external delay
     1    0.002571    0.008103    0.004026    6.004026 v spi_clk (in)
                                                         spi_clk (net)
                      0.008103    0.000000    6.004026 v input2/A (sky130_fd_sc_hd__clkbuf_1)
     3    0.006439    0.046556    0.089085    6.093111 v input2/X (sky130_fd_sc_hd__clkbuf_1)
                                                         net2 (net)
                      0.046556    0.000007    6.093118 v spi_in.sclk_prev_sky130_fd_sc_hd__dfrtp_2_Q/D (sky130_fd_sc_hd__dfrtp_1)
                                              6.093118   data arrival time

                                 30.000000   30.000000   clock clk (rise edge)
                                  0.000000   30.000000   clock source latency
     1    0.028310    0.132872    0.092459   30.092459 ^ clk (in)
                                                         clk (net)
                      0.132912    0.000000   30.092459 ^ clkbuf_0_clk/A (sky130_fd_sc_hd__clkbuf_16)
     8    0.108967    0.123112    0.223171   30.315630 ^ clkbuf_0_clk/X (sky130_fd_sc_hd__clkbuf_16)
                                                         clknet_0_clk (net)
                      0.123270    0.003535   30.319164 ^ clkbuf_3_4__f_clk/A (sky130_fd_sc_hd__clkbuf_16)
    13    0.042847    0.062408    0.172733   30.491898 ^ clkbuf_3_4__f_clk/X (sky130_fd_sc_hd__clkbuf_16)
                                                         clknet_3_4__leaf_clk (net)
                      0.062409    0.000284   30.492182 ^ spi_in.sclk_prev_sky130_fd_sc_hd__dfrtp_2_Q/CLK (sky130_fd_sc_hd__dfrtp_1)
                                 -0.250000   30.242182   clock uncertainty
                                  0.000000   30.242182   clock reconvergence pessimism
                                 -0.110968   30.131212   library setup time
                                             30.131212   data required time
---------------------------------------------------------------------------------------------
                                             30.131212   data required time
                                             -6.093118   data arrival time
---------------------------------------------------------------------------------------------
                                             24.038095   slack (MET)


Startpoint: filter.y_out[10]_sky130_fd_sc_hd__dfrtp_2_Q
            (rising edge-triggered flip-flop clocked by clk)
Endpoint: filter.y_out[7]_sky130_fd_sc_hd__dfrtp_2_Q
          (rising edge-triggered flip-flop clocked by clk)
Path Group: clk
Path Type: max

Fanout         Cap        Slew       Delay        Time   Description
---------------------------------------------------------------------------------------------
                                  0.000000    0.000000   clock clk (rise edge)
                                  0.000000    0.000000   clock source latency
     1    0.028310    0.132872    0.092458    0.092458 ^ clk (in)
                                                         clk (net)
                      0.132912    0.000000    0.092458 ^ clkbuf_0_clk/A (sky130_fd_sc_hd__clkbuf_16)
     8    0.108967    0.123112    0.223171    0.315629 ^ clkbuf_0_clk/X (sky130_fd_sc_hd__clkbuf_16)
                                                         clknet_0_clk (net)
                      0.123380    0.004579    0.320208 ^ clkbuf_3_3__f_clk/A (sky130_fd_sc_hd__clkbuf_16)
     6    0.036229    0.056559    0.167876    0.488085 ^ clkbuf_3_3__f_clk/X (sky130_fd_sc_hd__clkbuf_16)
                                                         clknet_3_3__leaf_clk (net)
                      0.056559    0.000155    0.488240 ^ filter.y_out[10]_sky130_fd_sc_hd__dfrtp_2_Q/CLK (sky130_fd_sc_hd__dfrtp_1)
     3    0.013643    0.086125    0.410728    0.898968 v filter.y_out[10]_sky130_fd_sc_hd__dfrtp_2_Q/Q (sky130_fd_sc_hd__dfrtp_1)
                                                         filter.y_out[10] (net)
                      0.086125    0.000130    0.899098 v fanout24/A (sky130_fd_sc_hd__buf_4)
    10    0.057813    0.082333    0.211466    1.110564 v fanout24/X (sky130_fd_sc_hd__buf_4)
                                                         net24 (net)
                      0.082333    0.000408    1.110972 v filter.x_in[12]_sky130_fd_sc_hd__a21oi_2_A1_B1_sky130_fd_sc_hd__and3_2_X_B_sky130_fd_sc_hd__a22o_2_X_A1_sky130_fd_sc_hd__nand2_2_Y_A_sky130_fd_sc_hd__or2_2_X/A (sky130_fd_sc_hd__or2_2)
     7    0.021140    0.100430    0.368876    1.479848 v filter.x_in[12]_sky130_fd_sc_hd__a21oi_2_A1_B1_sky130_fd_sc_hd__and3_2_X_B_sky130_fd_sc_hd__a22o_2_X_A1_sky130_fd_sc_hd__nand2_2_Y_A_sky130_fd_sc_hd__or2_2_X/X (sky130_fd_sc_hd__or2_2)
                                                         filter.x_in[12]_sky130_fd_sc_hd__a21oi_2_A1_B1_sky130_fd_sc_hd__and3_2_X_B_sky130_fd_sc_hd__a22o_2_X_A1_sky130_fd_sc_hd__nand2_2_Y_A (net)
                      0.100430    0.000056    1.479904 v filter.x_in[10]_sky130_fd_sc_hd__or2_2_A_B_sky130_fd_sc_hd__xor2_2_X_B_sky130_fd_sc_hd__a31o_2_X_A3_sky130_fd_sc_hd__xnor2_2_Y_B_sky130_fd_sc_hd__nand2b_2_Y_B_sky130_fd_sc_hd__a21o_2_X/A1 (sky130_fd_sc_hd__a21o_1)
     2    0.004996    0.043708    0.183475    1.663378 v filter.x_in[10]_sky130_fd_sc_hd__or2_2_A_B_sky130_fd_sc_hd__xor2_2_X_B_sky130_fd_sc_hd__a31o_2_X_A3_sky130_fd_sc_hd__xnor2_2_Y_B_sky130_fd_sc_hd__nand2b_2_Y_B_sky130_fd_sc_hd__a21o_2_X/X (sky130_fd_sc_hd__a21o_1)
                                                         filter.x_in[10]_sky130_fd_sc_hd__or2_2_A_B_sky130_fd_sc_hd__xor2_2_X_B_sky130_fd_sc_hd__a31o_2_X_A3_sky130_fd_sc_hd__xnor2_2_Y_B_sky130_fd_sc_hd__nand2b_2_Y_B (net)
                      0.043708    0.000004    1.663383 v filter.x_in[9]_sky130_fd_sc_hd__xnor2_2_A_B_sky130_fd_sc_hd__xor2_2_X_A_sky130_fd_sc_hd__xnor2_2_Y_A_sky130_fd_sc_hd__a21o_2_X_B1_sky130_fd_sc_hd__a311o_2_B1/A3 (sky130_fd_sc_hd__a311o_1)
     2    0.013388    0.102748    0.401752    2.065135 v filter.x_in[9]_sky130_fd_sc_hd__xnor2_2_A_B_sky130_fd_sc_hd__xor2_2_X_A_sky130_fd_sc_hd__xnor2_2_Y_A_sky130_fd_sc_hd__a21o_2_X_B1_sky130_fd_sc_hd__a311o_2_B1/X (sky130_fd_sc_hd__a311o_1)
                                                         filter.x_in[9]_sky130_fd_sc_hd__xnor2_2_A_B_sky130_fd_sc_hd__xor2_2_X_A_sky130_fd_sc_hd__xnor2_2_Y_A_sky130_fd_sc_hd__a21o_2_X_B1_sky130_fd_sc_hd__a311o_2_B1_X (net)
                      0.102748    0.000469    2.065604 v fanout12/A (sky130_fd_sc_hd__clkbuf_4)
    10    0.041395    0.092038    0.219799    2.285403 v fanout12/X (sky130_fd_sc_hd__clkbuf_4)
                                                         net12 (net)
                      0.092039    0.000486    2.285889 v filter.x_in[3]_sky130_fd_sc_hd__a21oi_2_B1_Y_sky130_fd_sc_hd__o31a_2_A3_A1_sky130_fd_sc_hd__a21oi_2_Y_A2_sky130_fd_sc_hd__or2_2_X_B_sky130_fd_sc_hd__xor2_2_B/A (sky130_fd_sc_hd__xor2_1)
     1    0.005296    0.092157    0.184308    2.470196 v filter.x_in[3]_sky130_fd_sc_hd__a21oi_2_B1_Y_sky130_fd_sc_hd__o31a_2_A3_A1_sky130_fd_sc_hd__a21oi_2_Y_A2_sky130_fd_sc_hd__or2_2_X_B_sky130_fd_sc_hd__xor2_2_B/X (sky130_fd_sc_hd__xor2_1)
                                                         filter.x_in[3]_sky130_fd_sc_hd__a21oi_2_B1_Y_sky130_fd_sc_hd__o31a_2_A3_A1_sky130_fd_sc_hd__a21oi_2_Y_A1_sky130_fd_sc_hd__xnor2_2_A_B (net)
                      0.092157    0.000020    2.470216 v filter.x_in[3]_sky130_fd_sc_hd__a21oi_2_B1_Y_sky130_fd_sc_hd__o31a_2_A3_A1_sky130_fd_sc_hd__a21oi_2_Y_A1_sky130_fd_sc_hd__xnor2_2_A/B (sky130_fd_sc_hd__xnor2_1)
     2    0.008609    0.084242    0.170304    2.640520 v filter.x_in[3]_sky130_fd_sc_hd__a21oi_2_B1_Y_sky130_fd_sc_hd__o31a_2_A3_A1_sky130_fd_sc_hd__a21oi_2_Y_A1_sky130_fd_sc_hd__xnor2_2_A/Y (sky130_fd_sc_hd__xnor2_1)
                                                         filter.x_in[3]_sky130_fd_sc_hd__a21oi_2_B1_Y_sky130_fd_sc_hd__o31a_2_A3_A1_sky130_fd_sc_hd__a21oi_2_Y_A1_sky130_fd_sc_hd__xnor2_2_A_Y (net)
                      0.084242    0.000079    2.640599 v filter.x_in[3]_sky130_fd_sc_hd__a21oi_2_B1_Y_sky130_fd_sc_hd__o31a_2_A3_A1_sky130_fd_sc_hd__a21oi_2_Y_A1_sky130_fd_sc_hd__xnor2_2_A_Y_sky130_fd_sc_hd__o31a_2_A2/A2 (sky130_fd_sc_hd__o31a_1)
     2    0.007182    0.067319    0.310106    2.950705 v filter.x_in[3]_sky130_fd_sc_hd__a21oi_2_B1_Y_sky130_fd_sc_hd__o31a_2_A3_A1_sky130_fd_sc_hd__a21oi_2_Y_A1_sky130_fd_sc_hd__xnor2_2_A_Y_sky130_fd_sc_hd__o31a_2_A2/X (sky130_fd_sc_hd__o31a_1)
                                                         filter.x_in[2]_sky130_fd_sc_hd__inv_2_A_Y_sky130_fd_sc_hd__o2bb2ai_2_B2_Y_sky130_fd_sc_hd__xor2_2_A_X_sky130_fd_sc_hd__xnor2_2_A_B_sky130_fd_sc_hd__xnor2_2_Y_B (net)
                      0.067319    0.000044    2.950749 v filter.x_in[2]_sky130_fd_sc_hd__inv_2_A_Y_sky130_fd_sc_hd__o2bb2ai_2_B2_Y_sky130_fd_sc_hd__xor2_2_A_X_sky130_fd_sc_hd__xnor2_2_A_B_sky130_fd_sc_hd__xnor2_2_Y/B (sky130_fd_sc_hd__xnor2_1)
     2    0.008651    0.237141    0.223508    3.174258 ^ filter.x_in[2]_sky130_fd_sc_hd__inv_2_A_Y_sky130_fd_sc_hd__o2bb2ai_2_B2_Y_sky130_fd_sc_hd__xor2_2_A_X_sky130_fd_sc_hd__xnor2_2_A_B_sky130_fd_sc_hd__xnor2_2_Y/Y (sky130_fd_sc_hd__xnor2_1)
                                                         filter.x_in[2]_sky130_fd_sc_hd__inv_2_A_Y_sky130_fd_sc_hd__o2bb2ai_2_B2_Y_sky130_fd_sc_hd__xor2_2_A_X_sky130_fd_sc_hd__xnor2_2_A_B (net)
                      0.237141    0.000040    3.174297 ^ filter.x_in[2]_sky130_fd_sc_hd__inv_2_A_Y_sky130_fd_sc_hd__o2bb2ai_2_B2_Y_sky130_fd_sc_hd__xor2_2_A_X_sky130_fd_sc_hd__xnor2_2_A/B (sky130_fd_sc_hd__xnor2_1)
     3    0.010872    0.273657    0.209975    3.384273 ^ filter.x_in[2]_sky130_fd_sc_hd__inv_2_A_Y_sky130_fd_sc_hd__o2bb2ai_2_B2_Y_sky130_fd_sc_hd__xor2_2_A_X_sky130_fd_sc_hd__xnor2_2_A/Y (sky130_fd_sc_hd__xnor2_1)
                                                         filter.x_in[2]_sky130_fd_sc_hd__inv_2_A_Y_sky130_fd_sc_hd__o2bb2ai_2_B2_Y_sky130_fd_sc_hd__xor2_2_A_X_sky130_fd_sc_hd__xnor2_2_A_Y (net)
                      0.273657    0.000148    3.384421 ^ filter.x_in[2]_sky130_fd_sc_hd__inv_2_A_Y_sky130_fd_sc_hd__o2bb2ai_2_B2_Y_sky130_fd_sc_hd__xor2_2_A_X_sky130_fd_sc_hd__xnor2_2_A_Y_sky130_fd_sc_hd__and3_2_C/C (sky130_fd_sc_hd__and3_1)
     2    0.004496    0.068302    0.207115    3.591536 ^ filter.x_in[2]_sky130_fd_sc_hd__inv_2_A_Y_sky130_fd_sc_hd__o2bb2ai_2_B2_Y_sky130_fd_sc_hd__xor2_2_A_X_sky130_fd_sc_hd__xnor2_2_A_Y_sky130_fd_sc_hd__and3_2_C/X (sky130_fd_sc_hd__and3_1)
                                                         filter.x_in[2]_sky130_fd_sc_hd__inv_2_A_Y_sky130_fd_sc_hd__o2bb2ai_2_B2_Y_sky130_fd_sc_hd__xor2_2_A_X_sky130_fd_sc_hd__xnor2_2_A_Y_sky130_fd_sc_hd__and3_2_C_X (net)
                      0.068302    0.000010    3.591546 ^ filter.x_in[2]_sky130_fd_sc_hd__inv_2_A_Y_sky130_fd_sc_hd__o2bb2ai_2_B2_Y_sky130_fd_sc_hd__xor2_2_A_X_sky130_fd_sc_hd__xnor2_2_A_Y_sky130_fd_sc_hd__and3_2_C_X_sky130_fd_sc_hd__nor2_2_B/B (sky130_fd_sc_hd__nor2_1)
     1    0.005327    0.050540    0.051980    3.643526 v filter.x_in[2]_sky130_fd_sc_hd__inv_2_A_Y_sky130_fd_sc_hd__o2bb2ai_2_B2_Y_sky130_fd_sc_hd__xor2_2_A_X_sky130_fd_sc_hd__xnor2_2_A_Y_sky130_fd_sc_hd__and3_2_C_X_sky130_fd_sc_hd__nor2_2_B/Y (sky130_fd_sc_hd__nor2_1)
                                                         filter.x_in[2]_sky130_fd_sc_hd__inv_2_A_Y_sky130_fd_sc_hd__xnor2_2_A_Y_sky130_fd_sc_hd__and2b_2_A_N_X_sky130_fd_sc_hd__a41oi_2_B1_Y_sky130_fd_sc_hd__xnor2_2_A_B (net)
                      0.050540    0.000020    3.643546 v filter.x_in[2]_sky130_fd_sc_hd__inv_2_A_Y_sky130_fd_sc_hd__xnor2_2_A_Y_sky130_fd_sc_hd__and2b_2_A_N_X_sky130_fd_sc_hd__a41oi_2_B1_Y_sky130_fd_sc_hd__xnor2_2_A/B (sky130_fd_sc_hd__xnor2_1)
     2    0.007306    0.209962    0.196705    3.840251 ^ filter.x_in[2]_sky130_fd_sc_hd__inv_2_A_Y_sky130_fd_sc_hd__xnor2_2_A_Y_sky130_fd_sc_hd__and2b_2_A_N_X_sky130_fd_sc_hd__a41oi_2_B1_Y_sky130_fd_sc_hd__xnor2_2_A/Y (sky130_fd_sc_hd__xnor2_1)
                                                         filter.x_in[2]_sky130_fd_sc_hd__inv_2_A_Y_sky130_fd_sc_hd__xnor2_2_A_Y_sky130_fd_sc_hd__and2b_2_A_N_X_sky130_fd_sc_hd__a41oi_2_B1_Y_sky130_fd_sc_hd__xnor2_2_A_Y (net)
                      0.209962    0.000019    3.840271 ^ filter.x_in[0]_sky130_fd_sc_hd__o21ai_2_A1_Y_sky130_fd_sc_hd__and2b_2_A_N_X_sky130_fd_sc_hd__o21ai_2_A2_Y_sky130_fd_sc_hd__xnor2_2_A_B_sky130_fd_sc_hd__xnor2_2_Y/A (sky130_fd_sc_hd__xnor2_1)
     2    0.007769    0.091728    0.135183    3.975453 v filter.x_in[0]_sky130_fd_sc_hd__o21ai_2_A1_Y_sky130_fd_sc_hd__and2b_2_A_N_X_sky130_fd_sc_hd__o21ai_2_A2_Y_sky130_fd_sc_hd__xnor2_2_A_B_sky130_fd_sc_hd__xnor2_2_Y/Y (sky130_fd_sc_hd__xnor2_1)
                                                         filter.x_in[0]_sky130_fd_sc_hd__o21ai_2_A1_Y_sky130_fd_sc_hd__and2b_2_A_N_X_sky130_fd_sc_hd__o21ai_2_A2_Y_sky130_fd_sc_hd__xnor2_2_A_B (net)
                      0.091728    0.000020    3.975472 v filter.x_in[0]_sky130_fd_sc_hd__o21ai_2_A1_Y_sky130_fd_sc_hd__and2b_2_A_N_X_sky130_fd_sc_hd__o21ai_2_A2_Y_sky130_fd_sc_hd__xnor2_2_A/B (sky130_fd_sc_hd__xnor2_1)
     3    0.010771    0.280089    0.265126    4.240598 ^ filter.x_in[0]_sky130_fd_sc_hd__o21ai_2_A1_Y_sky130_fd_sc_hd__and2b_2_A_N_X_sky130_fd_sc_hd__o21ai_2_A2_Y_sky130_fd_sc_hd__xnor2_2_A/Y (sky130_fd_sc_hd__xnor2_1)
                                                         filter.y_out[2]_sky130_fd_sc_hd__dfrtp_2_Q_D_sky130_fd_sc_hd__xor2_2_X_A_sky130_fd_sc_hd__xor2_2_X_A_sky130_fd_sc_hd__nand2_2_Y_B (net)
                      0.280089    0.000083    4.240681 ^ filter.y_out[2]_sky130_fd_sc_hd__dfrtp_2_Q_D_sky130_fd_sc_hd__xor2_2_X_B_sky130_fd_sc_hd__a21bo_2_X_B1_N_sky130_fd_sc_hd__or4b_2_X/D_N (sky130_fd_sc_hd__or4b_1)
     2    0.005959    0.102032    0.493398    4.734079 v filter.y_out[2]_sky130_fd_sc_hd__dfrtp_2_Q_D_sky130_fd_sc_hd__xor2_2_X_B_sky130_fd_sc_hd__a21bo_2_X_B1_N_sky130_fd_sc_hd__or4b_2_X/X (sky130_fd_sc_hd__or4b_1)
                                                         filter.y_out[2]_sky130_fd_sc_hd__dfrtp_2_Q_D_sky130_fd_sc_hd__xor2_2_X_B_sky130_fd_sc_hd__a21bo_2_X_B1_N (net)
                      0.102032    0.000055    4.734134 v filter.y_out[2]_sky130_fd_sc_hd__dfrtp_2_Q_D_sky130_fd_sc_hd__xor2_2_X_A_sky130_fd_sc_hd__xor2_2_X_A_sky130_fd_sc_hd__a21oi_2_A1/A2 (sky130_fd_sc_hd__a21oi_1)
     1    0.003092    0.112462    0.162044    4.896178 ^ filter.y_out[2]_sky130_fd_sc_hd__dfrtp_2_Q_D_sky130_fd_sc_hd__xor2_2_X_A_sky130_fd_sc_hd__xor2_2_X_A_sky130_fd_sc_hd__a21oi_2_A1/Y (sky130_fd_sc_hd__a21oi_1)
                                                         filter.y_out[2]_sky130_fd_sc_hd__dfrtp_2_Q_D_sky130_fd_sc_hd__xor2_2_X_A_sky130_fd_sc_hd__a31o_2_A3_B1 (net)
                      0.112462    0.000008    4.896186 ^ filter.y_out[2]_sky130_fd_sc_hd__dfrtp_2_Q_D_sky130_fd_sc_hd__xor2_2_X_A_sky130_fd_sc_hd__a31o_2_A3/B1 (sky130_fd_sc_hd__a31o_1)
     3    0.012160    0.126544    0.171066    5.067252 ^ filter.y_out[2]_sky130_fd_sc_hd__dfrtp_2_Q_D_sky130_fd_sc_hd__xor2_2_X_A_sky130_fd_sc_hd__a31o_2_A3/X (sky130_fd_sc_hd__a31o_1)
                                                         filter.y_out[3]_sky130_fd_sc_hd__dfrtp_2_Q_D_sky130_fd_sc_hd__nor2_2_Y_A_sky130_fd_sc_hd__and2b_2_X_B (net)
                      0.126544    0.000259    5.067512 ^ filter.y_out[5]_sky130_fd_sc_hd__dfrtp_2_Q_D_sky130_fd_sc_hd__xor2_2_X_A_sky130_fd_sc_hd__nor2_2_Y_A_sky130_fd_sc_hd__nor3b_2_Y/C_N (sky130_fd_sc_hd__nor3b_1)
     2    0.009242    0.343685    0.330398    5.397910 ^ filter.y_out[5]_sky130_fd_sc_hd__dfrtp_2_Q_D_sky130_fd_sc_hd__xor2_2_X_A_sky130_fd_sc_hd__nor2_2_Y_A_sky130_fd_sc_hd__nor3b_2_Y/Y (sky130_fd_sc_hd__nor3b_1)
                                                         filter.y_out[5]_sky130_fd_sc_hd__dfrtp_2_Q_D_sky130_fd_sc_hd__xor2_2_X_A_sky130_fd_sc_hd__nor2_2_Y_A (net)
                      0.343685    0.000109    5.398019 ^ filter.y_out[5]_sky130_fd_sc_hd__dfrtp_2_Q_D_sky130_fd_sc_hd__xor2_2_X_B_sky130_fd_sc_hd__o21bai_2_B1_N/A1 (sky130_fd_sc_hd__o21bai_2)
     3    0.016567    0.113668    0.169734    5.567753 v filter.y_out[5]_sky130_fd_sc_hd__dfrtp_2_Q_D_sky130_fd_sc_hd__xor2_2_X_B_sky130_fd_sc_hd__o21bai_2_B1_N/Y (sky130_fd_sc_hd__o21bai_2)
                                                         filter.y_out[6]_sky130_fd_sc_hd__dfrtp_2_Q_D_sky130_fd_sc_hd__xnor2_2_Y_A_sky130_fd_sc_hd__nand2_2_Y_B (net)
                      0.113669    0.000581    5.568334 v filter.y_out[7]_sky130_fd_sc_hd__dfrtp_2_Q_D_sky130_fd_sc_hd__xnor2_2_Y_B_sky130_fd_sc_hd__o21ai_2_Y/A1 (sky130_fd_sc_hd__o21ai_1)
     2    0.008724    0.205309    0.227119    5.795453 ^ filter.y_out[7]_sky130_fd_sc_hd__dfrtp_2_Q_D_sky130_fd_sc_hd__xnor2_2_Y_B_sky130_fd_sc_hd__o21ai_2_Y/Y (sky130_fd_sc_hd__o21ai_1)
                                                         filter.y_out[7]_sky130_fd_sc_hd__dfrtp_2_Q_D_sky130_fd_sc_hd__xnor2_2_Y_B (net)
                      0.205309    0.000049    5.795502 ^ filter.y_out[7]_sky130_fd_sc_hd__dfrtp_2_Q_D_sky130_fd_sc_hd__xnor2_2_Y/B (sky130_fd_sc_hd__xnor2_1)
     1    0.003139    0.125208    0.144549    5.940051 ^ filter.y_out[7]_sky130_fd_sc_hd__dfrtp_2_Q_D_sky130_fd_sc_hd__xnor2_2_Y/Y (sky130_fd_sc_hd__xnor2_1)
                                                         filter.y_out[7]_sky130_fd_sc_hd__dfrtp_2_Q_D (net)
                      0.125208    0.000014    5.940064 ^ filter.y_out[7]_sky130_fd_sc_hd__dfrtp_2_Q/D (sky130_fd_sc_hd__dfrtp_4)
                                              5.940064   data arrival time

                                 30.000000   30.000000   clock clk (rise edge)
                                  0.000000   30.000000   clock source latency
     1    0.028310    0.132872    0.092459   30.092459 ^ clk (in)
                                                         clk (net)
                      0.132912    0.000000   30.092459 ^ clkbuf_0_clk/A (sky130_fd_sc_hd__clkbuf_16)
     8    0.108967    0.123112    0.223171   30.315630 ^ clkbuf_0_clk/X (sky130_fd_sc_hd__clkbuf_16)
                                                         clknet_0_clk (net)
                      0.123131    0.001247   30.316877 ^ clkbuf_3_6__f_clk/A (sky130_fd_sc_hd__clkbuf_16)
     9    0.045466    0.064752    0.174609   30.491486 ^ clkbuf_3_6__f_clk/X (sky130_fd_sc_hd__clkbuf_16)
                                                         clknet_3_6__leaf_clk (net)
                      0.064755    0.000480   30.491966 ^ filter.y_out[7]_sky130_fd_sc_hd__dfrtp_2_Q/CLK (sky130_fd_sc_hd__dfrtp_4)
                                 -0.250000   30.241964   clock uncertainty
                                  0.000000   30.241964   clock reconvergence pessimism
                                 -0.079142   30.162825   library setup time
                                             30.162825   data required time
---------------------------------------------------------------------------------------------
                                             30.162825   data required time
                                             -5.940064   data arrival time
---------------------------------------------------------------------------------------------
                                             24.222759   slack (MET)


Startpoint: filter.y_out[2]_sky130_fd_sc_hd__dfrtp_2_Q
            (rising edge-triggered flip-flop clocked by clk)
Endpoint: filter.y_out[6]_sky130_fd_sc_hd__dfrtp_2_Q
          (rising edge-triggered flip-flop clocked by clk)
Path Group: clk
Path Type: max

Fanout         Cap        Slew       Delay        Time   Description
---------------------------------------------------------------------------------------------
                                  0.000000    0.000000   clock clk (rise edge)
                                  0.000000    0.000000   clock source latency
     1    0.028310    0.132872    0.092458    0.092458 ^ clk (in)
                                                         clk (net)
                      0.132912    0.000000    0.092458 ^ clkbuf_0_clk/A (sky130_fd_sc_hd__clkbuf_16)
     8    0.108967    0.123112    0.223171    0.315629 ^ clkbuf_0_clk/X (sky130_fd_sc_hd__clkbuf_16)
                                                         clknet_0_clk (net)
                      0.123131    0.001246    0.316876 ^ clkbuf_3_6__f_clk/A (sky130_fd_sc_hd__clkbuf_16)
     9    0.045466    0.064752    0.174611    0.491487 ^ clkbuf_3_6__f_clk/X (sky130_fd_sc_hd__clkbuf_16)
                                                         clknet_3_6__leaf_clk (net)
                      0.064754    0.000423    0.491910 ^ filter.y_out[2]_sky130_fd_sc_hd__dfrtp_2_Q/CLK (sky130_fd_sc_hd__dfrtp_4)
     6    0.052652    0.122859    0.561044    1.052954 v filter.y_out[2]_sky130_fd_sc_hd__dfrtp_2_Q/Q (sky130_fd_sc_hd__dfrtp_4)
                                                         filter.y_out[2] (net)
                      0.122890    0.001910    1.054864 v filter.y_out[2]_sky130_fd_sc_hd__xor2_2_A/A (sky130_fd_sc_hd__xor2_4)
     4    0.033338    0.273275    0.312632    1.367497 ^ filter.y_out[2]_sky130_fd_sc_hd__xor2_2_A/X (sky130_fd_sc_hd__xor2_4)
                                                         filter.x_in[2]_sky130_fd_sc_hd__inv_2_A_Y_sky130_fd_sc_hd__o2bb2ai_2_B2_A2_N_sky130_fd_sc_hd__a21o_2_B1_A2 (net)
                      0.273275    0.000083    1.367580 ^ filter.y_out[1]_sky130_fd_sc_hd__xor2_2_A/B (sky130_fd_sc_hd__xor2_4)
    10    0.043496    0.148820    0.189665    1.557244 v filter.y_out[1]_sky130_fd_sc_hd__xor2_2_A/X (sky130_fd_sc_hd__xor2_4)
                                                         filter.y_out[1]_sky130_fd_sc_hd__xor2_2_A_X (net)
                      0.148820    0.000067    1.557311 v filter.x_in[10]_sky130_fd_sc_hd__or2_2_A_B_sky130_fd_sc_hd__xor2_2_X_B_sky130_fd_sc_hd__a31o_2_X_A3_sky130_fd_sc_hd__xnor2_2_Y_A_sky130_fd_sc_hd__o21ai_2_B1_Y_sky130_fd_sc_hd__xnor2_2_A_B_sky130_fd_sc_hd__and3_2_X_B_sky130_fd_sc_hd__or3_2_X/B (sky130_fd_sc_hd__or3_2)
     5    0.014956    0.114747    0.540498    2.097809 v filter.x_in[10]_sky130_fd_sc_hd__or2_2_A_B_sky130_fd_sc_hd__xor2_2_X_B_sky130_fd_sc_hd__a31o_2_X_A3_sky130_fd_sc_hd__xnor2_2_Y_A_sky130_fd_sc_hd__o21ai_2_B1_Y_sky130_fd_sc_hd__xnor2_2_A_B_sky130_fd_sc_hd__and3_2_X_B_sky130_fd_sc_hd__or3_2_X/X (sky130_fd_sc_hd__or3_2)
                                                         filter.x_in[10]_sky130_fd_sc_hd__or2_2_A_B_sky130_fd_sc_hd__xor2_2_X_B_sky130_fd_sc_hd__a31o_2_X_A3_sky130_fd_sc_hd__xnor2_2_Y_A_sky130_fd_sc_hd__o21ai_2_B1_Y_sky130_fd_sc_hd__xnor2_2_A_B_sky130_fd_sc_hd__and3_2_X_B (net)
                      0.114747    0.000334    2.098143 v filter.x_in[10]_sky130_fd_sc_hd__or2_2_A_B_sky130_fd_sc_hd__xor2_2_X_B_sky130_fd_sc_hd__a31o_2_X_A3_sky130_fd_sc_hd__xnor2_2_Y_A_sky130_fd_sc_hd__o21ai_2_B1_Y_sky130_fd_sc_hd__xnor2_2_A_B_sky130_fd_sc_hd__and3_2_X/B (sky130_fd_sc_hd__and3_1)
     3    0.009657    0.065507    0.223131    2.321274 v filter.x_in[10]_sky130_fd_sc_hd__or2_2_A_B_sky130_fd_sc_hd__xor2_2_X_B_sky130_fd_sc_hd__a31o_2_X_A3_sky130_fd_sc_hd__xnor2_2_Y_A_sky130_fd_sc_hd__o21ai_2_B1_Y_sky130_fd_sc_hd__xnor2_2_A_B_sky130_fd_sc_hd__and3_2_X/X (sky130_fd_sc_hd__and3_1)
                                                         filter.x_in[10]_sky130_fd_sc_hd__or2_2_A_B_sky130_fd_sc_hd__xor2_2_X_B_sky130_fd_sc_hd__a31o_2_X_A3_sky130_fd_sc_hd__xnor2_2_Y_A_sky130_fd_sc_hd__o21ai_2_B1_Y_sky130_fd_sc_hd__xnor2_2_A_B (net)
                      0.065507    0.000010    2.321284 v filter.y_out[0]_sky130_fd_sc_hd__dfrtp_2_Q_D_sky130_fd_sc_hd__xor2_2_X_A_sky130_fd_sc_hd__and3b_2_X_C_sky130_fd_sc_hd__a21o_2_X_B1_sky130_fd_sc_hd__a2bb2o_2_X_A1_N_sky130_fd_sc_hd__o2bb2a_2_X_A1_N_sky130_fd_sc_hd__a32o_2_X_A2_sky130_fd_sc_hd__and4_2_B/C (sky130_fd_sc_hd__and4_1)
     4    0.011256    0.072261    0.231886    2.553170 v filter.y_out[0]_sky130_fd_sc_hd__dfrtp_2_Q_D_sky130_fd_sc_hd__xor2_2_X_A_sky130_fd_sc_hd__and3b_2_X_C_sky130_fd_sc_hd__a21o_2_X_B1_sky130_fd_sc_hd__a2bb2o_2_X_A1_N_sky130_fd_sc_hd__o2bb2a_2_X_A1_N_sky130_fd_sc_hd__a32o_2_X_A2_sky130_fd_sc_hd__and4_2_B/X (sky130_fd_sc_hd__and4_1)
                                                         filter.y_out[0]_sky130_fd_sc_hd__dfrtp_2_Q_D_sky130_fd_sc_hd__xor2_2_X_A_sky130_fd_sc_hd__and3b_2_X_C_sky130_fd_sc_hd__a21o_2_X_B1_sky130_fd_sc_hd__a2bb2o_2_X_A1_N_sky130_fd_sc_hd__o2bb2a_2_X_A1_N_sky130_fd_sc_hd__a32o_2_X_A2_sky130_fd_sc_hd__and4_2_B_X (net)
                      0.072261    0.000041    2.553211 v filter.y_out[0]_sky130_fd_sc_hd__dfrtp_2_Q_D_sky130_fd_sc_hd__xor2_2_X_A_sky130_fd_sc_hd__and3b_2_X_C_sky130_fd_sc_hd__a21o_2_X_B1_sky130_fd_sc_hd__a2bb2o_2_X_B1_sky130_fd_sc_hd__a2bb2o_2_X_B2_sky130_fd_sc_hd__o32a_2_X_A2_sky130_fd_sc_hd__nor3_2_Y/B (sky130_fd_sc_hd__nor3_1)
     3    0.008341    0.296714    0.282430    2.835641 ^ filter.y_out[0]_sky130_fd_sc_hd__dfrtp_2_Q_D_sky130_fd_sc_hd__xor2_2_X_A_sky130_fd_sc_hd__and3b_2_X_C_sky130_fd_sc_hd__a21o_2_X_B1_sky130_fd_sc_hd__a2bb2o_2_X_B1_sky130_fd_sc_hd__a2bb2o_2_X_B2_sky130_fd_sc_hd__o32a_2_X_A2_sky130_fd_sc_hd__nor3_2_Y/Y (sky130_fd_sc_hd__nor3_1)
                                                         filter.y_out[0]_sky130_fd_sc_hd__dfrtp_2_Q_D_sky130_fd_sc_hd__xor2_2_X_A_sky130_fd_sc_hd__and3b_2_X_C_sky130_fd_sc_hd__a21o_2_X_B1_sky130_fd_sc_hd__a2bb2o_2_X_B1_sky130_fd_sc_hd__a2bb2o_2_X_B2_sky130_fd_sc_hd__o32a_2_X_A2 (net)
                      0.296714    0.000010    2.835651 ^ filter.y_out[0]_sky130_fd_sc_hd__dfrtp_2_Q_D_sky130_fd_sc_hd__xor2_2_X_A_sky130_fd_sc_hd__and3b_2_X_C_sky130_fd_sc_hd__a21o_2_X_B1_sky130_fd_sc_hd__a2bb2o_2_X_B1_sky130_fd_sc_hd__a2bb2o_2_X_B2_sky130_fd_sc_hd__o32a_2_X_A2_sky130_fd_sc_hd__and2b_2_A_N/A_N (sky130_fd_sc_hd__and2b_1)
     2    0.005935    0.046805    0.236614    3.072265 v filter.y_out[0]_sky130_fd_sc_hd__dfrtp_2_Q_D_sky130_fd_sc_hd__xor2_2_X_A_sky130_fd_sc_hd__and3b_2_X_C_sky130_fd_sc_hd__a21o_2_X_B1_sky130_fd_sc_hd__a2bb2o_2_X_B1_sky130_fd_sc_hd__a2bb2o_2_X_B2_sky130_fd_sc_hd__o32a_2_X_A2_sky130_fd_sc_hd__and2b_2_A_N/X (sky130_fd_sc_hd__and2b_1)
                                                         filter.y_out[0]_sky130_fd_sc_hd__dfrtp_2_Q_D_sky130_fd_sc_hd__xor2_2_X_A_sky130_fd_sc_hd__and3b_2_X_C_sky130_fd_sc_hd__a21o_2_X_B1_sky130_fd_sc_hd__a2bb2o_2_X_B1_sky130_fd_sc_hd__a2bb2o_2_X_B1_sky130_fd_sc_hd__or3_2_X_C_sky130_fd_sc_hd__o21a_2_X_A1 (net)
                      0.046805    0.000042    3.072307 v filter.y_out[0]_sky130_fd_sc_hd__dfrtp_2_Q_D_sky130_fd_sc_hd__xor2_2_X_A_sky130_fd_sc_hd__and3b_2_X_C_sky130_fd_sc_hd__a21o_2_X_B1_sky130_fd_sc_hd__a2bb2o_2_X_B1_sky130_fd_sc_hd__a2bb2o_2_X_B1_sky130_fd_sc_hd__or3_2_X_C_sky130_fd_sc_hd__o21a_2_X_B1_sky130_fd_sc_hd__a221o_2_X/A1 (sky130_fd_sc_hd__a221o_1)
     1    0.002652    0.052493    0.305387    3.377694 v filter.y_out[0]_sky130_fd_sc_hd__dfrtp_2_Q_D_sky130_fd_sc_hd__xor2_2_X_A_sky130_fd_sc_hd__and3b_2_X_C_sky130_fd_sc_hd__a21o_2_X_B1_sky130_fd_sc_hd__a2bb2o_2_X_B1_sky130_fd_sc_hd__a2bb2o_2_X_B1_sky130_fd_sc_hd__or3_2_X_C_sky130_fd_sc_hd__o21a_2_X_B1_sky130_fd_sc_hd__a221o_2_X/X (sky130_fd_sc_hd__a221o_1)
                                                         filter.y_out[0]_sky130_fd_sc_hd__dfrtp_2_Q_D_sky130_fd_sc_hd__xor2_2_X_A_sky130_fd_sc_hd__and3b_2_X_C_sky130_fd_sc_hd__a21o_2_X_B1_sky130_fd_sc_hd__a2bb2o_2_X_B1_sky130_fd_sc_hd__a2bb2o_2_X_B1_sky130_fd_sc_hd__or3_2_X_C_sky130_fd_sc_hd__o21a_2_X_B1 (net)
                      0.052493    0.000005    3.377699 v filter.y_out[0]_sky130_fd_sc_hd__dfrtp_2_Q_D_sky130_fd_sc_hd__xor2_2_X_A_sky130_fd_sc_hd__and3b_2_X_C_sky130_fd_sc_hd__a21o_2_X_B1_sky130_fd_sc_hd__a2bb2o_2_X_B1_sky130_fd_sc_hd__a2bb2o_2_X_B1_sky130_fd_sc_hd__or3_2_X_C_sky130_fd_sc_hd__o21a_2_X/B1 (sky130_fd_sc_hd__o21a_1)
     2    0.005061    0.045227    0.112413    3.490112 v filter.y_out[0]_sky130_fd_sc_hd__dfrtp_2_Q_D_sky130_fd_sc_hd__xor2_2_X_A_sky130_fd_sc_hd__and3b_2_X_C_sky130_fd_sc_hd__a21o_2_X_B1_sky130_fd_sc_hd__a2bb2o_2_X_B1_sky130_fd_sc_hd__a2bb2o_2_X_B1_sky130_fd_sc_hd__or3_2_X_C_sky130_fd_sc_hd__o21a_2_X/X (sky130_fd_sc_hd__o21a_1)
                                                         filter.y_out[0]_sky130_fd_sc_hd__dfrtp_2_Q_D_sky130_fd_sc_hd__xor2_2_X_A_sky130_fd_sc_hd__and3b_2_X_C_sky130_fd_sc_hd__a21o_2_X_B1_sky130_fd_sc_hd__a2bb2o_2_X_B1_sky130_fd_sc_hd__a2bb2o_2_X_B1_sky130_fd_sc_hd__or3_2_X_C (net)
                      0.045227    0.000040    3.490152 v filter.y_out[0]_sky130_fd_sc_hd__dfrtp_2_Q_D_sky130_fd_sc_hd__xor2_2_X_A_sky130_fd_sc_hd__and3b_2_X_C_sky130_fd_sc_hd__a21o_2_X_B1_sky130_fd_sc_hd__a2bb2o_2_X_B1_sky130_fd_sc_hd__a2bb2o_2_X_B1_sky130_fd_sc_hd__or3_2_X/C (sky130_fd_sc_hd__or3_1)
     1    0.001834    0.059656    0.290319    3.780471 v filter.y_out[0]_sky130_fd_sc_hd__dfrtp_2_Q_D_sky130_fd_sc_hd__xor2_2_X_A_sky130_fd_sc_hd__and3b_2_X_C_sky130_fd_sc_hd__a21o_2_X_B1_sky130_fd_sc_hd__a2bb2o_2_X_B1_sky130_fd_sc_hd__a2bb2o_2_X_B1_sky130_fd_sc_hd__or3_2_X/X (sky130_fd_sc_hd__or3_1)
                                                         filter.y_out[0]_sky130_fd_sc_hd__dfrtp_2_Q_D_sky130_fd_sc_hd__xor2_2_X_A_sky130_fd_sc_hd__and3b_2_X_C_sky130_fd_sc_hd__a21o_2_X_B1_sky130_fd_sc_hd__a2bb2o_2_X_B1_sky130_fd_sc_hd__a2bb2o_2_X_B1 (net)
                      0.059656    0.000004    3.780474 v filter.y_out[0]_sky130_fd_sc_hd__dfrtp_2_Q_D_sky130_fd_sc_hd__xor2_2_X_A_sky130_fd_sc_hd__and3b_2_X_C_sky130_fd_sc_hd__a21o_2_X_B1_sky130_fd_sc_hd__a2bb2o_2_X_B1_sky130_fd_sc_hd__a2bb2o_2_X/B1 (sky130_fd_sc_hd__a2bb2o_1)
     1    0.003053    0.052002    0.276537    4.057011 v filter.y_out[0]_sky130_fd_sc_hd__dfrtp_2_Q_D_sky130_fd_sc_hd__xor2_2_X_A_sky130_fd_sc_hd__and3b_2_X_C_sky130_fd_sc_hd__a21o_2_X_B1_sky130_fd_sc_hd__a2bb2o_2_X_B1_sky130_fd_sc_hd__a2bb2o_2_X/X (sky130_fd_sc_hd__a2bb2o_1)
                                                         filter.y_out[0]_sky130_fd_sc_hd__dfrtp_2_Q_D_sky130_fd_sc_hd__xor2_2_X_A_sky130_fd_sc_hd__and3b_2_X_C_sky130_fd_sc_hd__a21o_2_X_B1_sky130_fd_sc_hd__a2bb2o_2_X_B1 (net)
                      0.052002    0.000024    4.057035 v filter.y_out[0]_sky130_fd_sc_hd__dfrtp_2_Q_D_sky130_fd_sc_hd__xor2_2_X_A_sky130_fd_sc_hd__and3b_2_X_C_sky130_fd_sc_hd__a21o_2_X_B1_sky130_fd_sc_hd__a2bb2o_2_X/B1 (sky130_fd_sc_hd__a2bb2o_1)
     1    0.005012    0.060892    0.286823    4.343857 v filter.y_out[0]_sky130_fd_sc_hd__dfrtp_2_Q_D_sky130_fd_sc_hd__xor2_2_X_A_sky130_fd_sc_hd__and3b_2_X_C_sky130_fd_sc_hd__a21o_2_X_B1_sky130_fd_sc_hd__a2bb2o_2_X/X (sky130_fd_sc_hd__a2bb2o_1)
                                                         filter.y_out[0]_sky130_fd_sc_hd__dfrtp_2_Q_D_sky130_fd_sc_hd__xor2_2_X_A_sky130_fd_sc_hd__and3b_2_X_C_sky130_fd_sc_hd__a21o_2_X_B1 (net)
                      0.060892    0.000042    4.343899 v filter.y_out[0]_sky130_fd_sc_hd__dfrtp_2_Q_D_sky130_fd_sc_hd__xor2_2_X_A_sky130_fd_sc_hd__and3b_2_X_C_sky130_fd_sc_hd__a21o_2_X/B1 (sky130_fd_sc_hd__a21o_1)
     1    0.003806    0.037474    0.159167    4.503066 v filter.y_out[0]_sky130_fd_sc_hd__dfrtp_2_Q_D_sky130_fd_sc_hd__xor2_2_X_A_sky130_fd_sc_hd__and3b_2_X_C_sky130_fd_sc_hd__a21o_2_X/X (sky130_fd_sc_hd__a21o_1)
                                                         filter.y_out[0]_sky130_fd_sc_hd__dfrtp_2_Q_D_sky130_fd_sc_hd__xor2_2_X_A_sky130_fd_sc_hd__and3b_2_X_C (net)
                      0.037474    0.000040    4.503106 v filter.y_out[0]_sky130_fd_sc_hd__dfrtp_2_Q_D_sky130_fd_sc_hd__xor2_2_X_A_sky130_fd_sc_hd__and3b_2_X/C (sky130_fd_sc_hd__and3b_1)
     2    0.007778    0.058526    0.194403    4.697509 v filter.y_out[0]_sky130_fd_sc_hd__dfrtp_2_Q_D_sky130_fd_sc_hd__xor2_2_X_A_sky130_fd_sc_hd__and3b_2_X/X (sky130_fd_sc_hd__and3b_1)
                                                         filter.y_out[0]_sky130_fd_sc_hd__dfrtp_2_Q_D_sky130_fd_sc_hd__xor2_2_X_A (net)
                      0.058526    0.000075    4.697583 v filter.y_out[1]_sky130_fd_sc_hd__dfrtp_2_Q_D_sky130_fd_sc_hd__xor2_2_X_A_sky130_fd_sc_hd__a2bb2o_2_X/B2 (sky130_fd_sc_hd__a2bb2o_2)
     3    0.016597    0.076893    0.280000    4.977583 v filter.y_out[1]_sky130_fd_sc_hd__dfrtp_2_Q_D_sky130_fd_sc_hd__xor2_2_X_A_sky130_fd_sc_hd__a2bb2o_2_X/X (sky130_fd_sc_hd__a2bb2o_2)
                                                         filter.y_out[1]_sky130_fd_sc_hd__dfrtp_2_Q_D_sky130_fd_sc_hd__xor2_2_X_A (net)
                      0.076896    0.000600    4.978183 v filter.y_out[2]_sky130_fd_sc_hd__dfrtp_2_Q_D_sky130_fd_sc_hd__xor2_2_X_A_sky130_fd_sc_hd__a31o_2_A3/A1 (sky130_fd_sc_hd__a31o_1)
     3    0.011780    0.074940    0.223591    5.201774 v filter.y_out[2]_sky130_fd_sc_hd__dfrtp_2_Q_D_sky130_fd_sc_hd__xor2_2_X_A_sky130_fd_sc_hd__a31o_2_A3/X (sky130_fd_sc_hd__a31o_1)
                                                         filter.y_out[3]_sky130_fd_sc_hd__dfrtp_2_Q_D_sky130_fd_sc_hd__nor2_2_Y_A_sky130_fd_sc_hd__and2b_2_X_B (net)
                      0.074940    0.000248    5.202023 v filter.y_out[5]_sky130_fd_sc_hd__dfrtp_2_Q_D_sky130_fd_sc_hd__xor2_2_X_A_sky130_fd_sc_hd__nor2_2_Y_A_sky130_fd_sc_hd__nor3b_2_Y/C_N (sky130_fd_sc_hd__nor3b_1)
     2    0.008622    0.079808    0.171102    5.373125 v filter.y_out[5]_sky130_fd_sc_hd__dfrtp_2_Q_D_sky130_fd_sc_hd__xor2_2_X_A_sky130_fd_sc_hd__nor2_2_Y_A_sky130_fd_sc_hd__nor3b_2_Y/Y (sky130_fd_sc_hd__nor3b_1)
                                                         filter.y_out[5]_sky130_fd_sc_hd__dfrtp_2_Q_D_sky130_fd_sc_hd__xor2_2_X_A_sky130_fd_sc_hd__nor2_2_Y_A (net)
                      0.079808    0.000101    5.373226 v filter.y_out[5]_sky130_fd_sc_hd__dfrtp_2_Q_D_sky130_fd_sc_hd__xor2_2_X_B_sky130_fd_sc_hd__o21bai_2_B1_N/A1 (sky130_fd_sc_hd__o21bai_2)
     3    0.017243    0.227392    0.243462    5.616688 ^ filter.y_out[5]_sky130_fd_sc_hd__dfrtp_2_Q_D_sky130_fd_sc_hd__xor2_2_X_B_sky130_fd_sc_hd__o21bai_2_B1_N/Y (sky130_fd_sc_hd__o21bai_2)
                                                         filter.y_out[6]_sky130_fd_sc_hd__dfrtp_2_Q_D_sky130_fd_sc_hd__xnor2_2_Y_A_sky130_fd_sc_hd__nand2_2_Y_B (net)
                      0.227394    0.000552    5.617239 ^ filter.y_out[6]_sky130_fd_sc_hd__dfrtp_2_Q_D_sky130_fd_sc_hd__xnor2_2_Y_A_sky130_fd_sc_hd__nand2_2_Y/B (sky130_fd_sc_hd__nand2_1)
     1    0.004563    0.065539    0.096921    5.714160 v filter.y_out[6]_sky130_fd_sc_hd__dfrtp_2_Q_D_sky130_fd_sc_hd__xnor2_2_Y_A_sky130_fd_sc_hd__nand2_2_Y/Y (sky130_fd_sc_hd__nand2_1)
                                                         filter.y_out[6]_sky130_fd_sc_hd__dfrtp_2_Q_D_sky130_fd_sc_hd__xnor2_2_Y_A (net)
                      0.065539    0.000004    5.714164 v filter.y_out[6]_sky130_fd_sc_hd__dfrtp_2_Q_D_sky130_fd_sc_hd__xnor2_2_Y/A (sky130_fd_sc_hd__xnor2_1)
     1    0.002884    0.052827    0.128714    5.842879 v filter.y_out[6]_sky130_fd_sc_hd__dfrtp_2_Q_D_sky130_fd_sc_hd__xnor2_2_Y/Y (sky130_fd_sc_hd__xnor2_1)
                                                         filter.y_out[6]_sky130_fd_sc_hd__dfrtp_2_Q_D (net)
                      0.052827    0.000011    5.842890 v filter.y_out[6]_sky130_fd_sc_hd__dfrtp_2_Q/D (sky130_fd_sc_hd__dfrtp_1)
                                              5.842890   data arrival time

                                 30.000000   30.000000   clock clk (rise edge)
                                  0.000000   30.000000   clock source latency
     1    0.028310    0.132872    0.092459   30.092459 ^ clk (in)
                                                         clk (net)
                      0.132912    0.000000   30.092459 ^ clkbuf_0_clk/A (sky130_fd_sc_hd__clkbuf_16)
     8    0.108967    0.123112    0.223171   30.315630 ^ clkbuf_0_clk/X (sky130_fd_sc_hd__clkbuf_16)
                                                         clknet_0_clk (net)
                      0.123131    0.001247   30.316877 ^ clkbuf_3_6__f_clk/A (sky130_fd_sc_hd__clkbuf_16)
     9    0.045466    0.064752    0.174609   30.491486 ^ clkbuf_3_6__f_clk/X (sky130_fd_sc_hd__clkbuf_16)
                                                         clknet_3_6__leaf_clk (net)
                      0.064754    0.000444   30.491930 ^ filter.y_out[6]_sky130_fd_sc_hd__dfrtp_2_Q/CLK (sky130_fd_sc_hd__dfrtp_1)
                                 -0.250000   30.241928   clock uncertainty
                                  0.000000   30.241928   clock reconvergence pessimism
                                 -0.113165   30.128765   library setup time
                                             30.128765   data required time
---------------------------------------------------------------------------------------------
                                             30.128765   data required time
                                             -5.842890   data arrival time
---------------------------------------------------------------------------------------------
                                             24.285875   slack (MET)


Startpoint: filter.y_out[10]_sky130_fd_sc_hd__dfrtp_2_Q
            (rising edge-triggered flip-flop clocked by clk)
Endpoint: filter.y_out[5]_sky130_fd_sc_hd__dfrtp_2_Q
          (rising edge-triggered flip-flop clocked by clk)
Path Group: clk
Path Type: max

Fanout         Cap        Slew       Delay        Time   Description
---------------------------------------------------------------------------------------------
                                  0.000000    0.000000   clock clk (rise edge)
                                  0.000000    0.000000   clock source latency
     1    0.028310    0.132872    0.092458    0.092458 ^ clk (in)
                                                         clk (net)
                      0.132912    0.000000    0.092458 ^ clkbuf_0_clk/A (sky130_fd_sc_hd__clkbuf_16)
     8    0.108967    0.123112    0.223171    0.315629 ^ clkbuf_0_clk/X (sky130_fd_sc_hd__clkbuf_16)
                                                         clknet_0_clk (net)
                      0.123380    0.004579    0.320208 ^ clkbuf_3_3__f_clk/A (sky130_fd_sc_hd__clkbuf_16)
     6    0.036229    0.056559    0.167876    0.488085 ^ clkbuf_3_3__f_clk/X (sky130_fd_sc_hd__clkbuf_16)
                                                         clknet_3_3__leaf_clk (net)
                      0.056559    0.000155    0.488240 ^ filter.y_out[10]_sky130_fd_sc_hd__dfrtp_2_Q/CLK (sky130_fd_sc_hd__dfrtp_1)
     3    0.013643    0.086125    0.410728    0.898968 v filter.y_out[10]_sky130_fd_sc_hd__dfrtp_2_Q/Q (sky130_fd_sc_hd__dfrtp_1)
                                                         filter.y_out[10] (net)
                      0.086125    0.000130    0.899098 v fanout24/A (sky130_fd_sc_hd__buf_4)
    10    0.057813    0.082333    0.211466    1.110564 v fanout24/X (sky130_fd_sc_hd__buf_4)
                                                         net24 (net)
                      0.082333    0.000408    1.110972 v filter.x_in[12]_sky130_fd_sc_hd__a21oi_2_A1_B1_sky130_fd_sc_hd__and3_2_X_B_sky130_fd_sc_hd__a22o_2_X_A1_sky130_fd_sc_hd__nand2_2_Y_A_sky130_fd_sc_hd__or2_2_X/A (sky130_fd_sc_hd__or2_2)
     7    0.021140    0.100430    0.368876    1.479848 v filter.x_in[12]_sky130_fd_sc_hd__a21oi_2_A1_B1_sky130_fd_sc_hd__and3_2_X_B_sky130_fd_sc_hd__a22o_2_X_A1_sky130_fd_sc_hd__nand2_2_Y_A_sky130_fd_sc_hd__or2_2_X/X (sky130_fd_sc_hd__or2_2)
                                                         filter.x_in[12]_sky130_fd_sc_hd__a21oi_2_A1_B1_sky130_fd_sc_hd__and3_2_X_B_sky130_fd_sc_hd__a22o_2_X_A1_sky130_fd_sc_hd__nand2_2_Y_A (net)
                      0.100430    0.000056    1.479904 v filter.x_in[10]_sky130_fd_sc_hd__or2_2_A_B_sky130_fd_sc_hd__xor2_2_X_B_sky130_fd_sc_hd__a31o_2_X_A3_sky130_fd_sc_hd__xnor2_2_Y_B_sky130_fd_sc_hd__nand2b_2_Y_B_sky130_fd_sc_hd__a21o_2_X/A1 (sky130_fd_sc_hd__a21o_1)
     2    0.004996    0.043708    0.183475    1.663378 v filter.x_in[10]_sky130_fd_sc_hd__or2_2_A_B_sky130_fd_sc_hd__xor2_2_X_B_sky130_fd_sc_hd__a31o_2_X_A3_sky130_fd_sc_hd__xnor2_2_Y_B_sky130_fd_sc_hd__nand2b_2_Y_B_sky130_fd_sc_hd__a21o_2_X/X (sky130_fd_sc_hd__a21o_1)
                                                         filter.x_in[10]_sky130_fd_sc_hd__or2_2_A_B_sky130_fd_sc_hd__xor2_2_X_B_sky130_fd_sc_hd__a31o_2_X_A3_sky130_fd_sc_hd__xnor2_2_Y_B_sky130_fd_sc_hd__nand2b_2_Y_B (net)
                      0.043708    0.000004    1.663383 v filter.x_in[9]_sky130_fd_sc_hd__xnor2_2_A_B_sky130_fd_sc_hd__xor2_2_X_A_sky130_fd_sc_hd__xnor2_2_Y_A_sky130_fd_sc_hd__a21o_2_X_B1_sky130_fd_sc_hd__a311o_2_B1/A3 (sky130_fd_sc_hd__a311o_1)
     2    0.013388    0.102748    0.401752    2.065135 v filter.x_in[9]_sky130_fd_sc_hd__xnor2_2_A_B_sky130_fd_sc_hd__xor2_2_X_A_sky130_fd_sc_hd__xnor2_2_Y_A_sky130_fd_sc_hd__a21o_2_X_B1_sky130_fd_sc_hd__a311o_2_B1/X (sky130_fd_sc_hd__a311o_1)
                                                         filter.x_in[9]_sky130_fd_sc_hd__xnor2_2_A_B_sky130_fd_sc_hd__xor2_2_X_A_sky130_fd_sc_hd__xnor2_2_Y_A_sky130_fd_sc_hd__a21o_2_X_B1_sky130_fd_sc_hd__a311o_2_B1_X (net)
                      0.102748    0.000469    2.065604 v fanout12/A (sky130_fd_sc_hd__clkbuf_4)
    10    0.041395    0.092038    0.219799    2.285403 v fanout12/X (sky130_fd_sc_hd__clkbuf_4)
                                                         net12 (net)
                      0.092039    0.000486    2.285889 v filter.x_in[3]_sky130_fd_sc_hd__a21oi_2_B1_Y_sky130_fd_sc_hd__o31a_2_A3_A1_sky130_fd_sc_hd__a21oi_2_Y_A2_sky130_fd_sc_hd__or2_2_X_B_sky130_fd_sc_hd__xor2_2_B/A (sky130_fd_sc_hd__xor2_1)
     1    0.005296    0.092157    0.184308    2.470196 v filter.x_in[3]_sky130_fd_sc_hd__a21oi_2_B1_Y_sky130_fd_sc_hd__o31a_2_A3_A1_sky130_fd_sc_hd__a21oi_2_Y_A2_sky130_fd_sc_hd__or2_2_X_B_sky130_fd_sc_hd__xor2_2_B/X (sky130_fd_sc_hd__xor2_1)
                                                         filter.x_in[3]_sky130_fd_sc_hd__a21oi_2_B1_Y_sky130_fd_sc_hd__o31a_2_A3_A1_sky130_fd_sc_hd__a21oi_2_Y_A1_sky130_fd_sc_hd__xnor2_2_A_B (net)
                      0.092157    0.000020    2.470216 v filter.x_in[3]_sky130_fd_sc_hd__a21oi_2_B1_Y_sky130_fd_sc_hd__o31a_2_A3_A1_sky130_fd_sc_hd__a21oi_2_Y_A1_sky130_fd_sc_hd__xnor2_2_A/B (sky130_fd_sc_hd__xnor2_1)
     2    0.008609    0.084242    0.170304    2.640520 v filter.x_in[3]_sky130_fd_sc_hd__a21oi_2_B1_Y_sky130_fd_sc_hd__o31a_2_A3_A1_sky130_fd_sc_hd__a21oi_2_Y_A1_sky130_fd_sc_hd__xnor2_2_A/Y (sky130_fd_sc_hd__xnor2_1)
                                                         filter.x_in[3]_sky130_fd_sc_hd__a21oi_2_B1_Y_sky130_fd_sc_hd__o31a_2_A3_A1_sky130_fd_sc_hd__a21oi_2_Y_A1_sky130_fd_sc_hd__xnor2_2_A_Y (net)
                      0.084242    0.000079    2.640599 v filter.x_in[3]_sky130_fd_sc_hd__a21oi_2_B1_Y_sky130_fd_sc_hd__o31a_2_A3_A1_sky130_fd_sc_hd__a21oi_2_Y_A1_sky130_fd_sc_hd__xnor2_2_A_Y_sky130_fd_sc_hd__o31a_2_A2/A2 (sky130_fd_sc_hd__o31a_1)
     2    0.007182    0.067319    0.310106    2.950705 v filter.x_in[3]_sky130_fd_sc_hd__a21oi_2_B1_Y_sky130_fd_sc_hd__o31a_2_A3_A1_sky130_fd_sc_hd__a21oi_2_Y_A1_sky130_fd_sc_hd__xnor2_2_A_Y_sky130_fd_sc_hd__o31a_2_A2/X (sky130_fd_sc_hd__o31a_1)
                                                         filter.x_in[2]_sky130_fd_sc_hd__inv_2_A_Y_sky130_fd_sc_hd__o2bb2ai_2_B2_Y_sky130_fd_sc_hd__xor2_2_A_X_sky130_fd_sc_hd__xnor2_2_A_B_sky130_fd_sc_hd__xnor2_2_Y_B (net)
                      0.067319    0.000044    2.950749 v filter.x_in[2]_sky130_fd_sc_hd__inv_2_A_Y_sky130_fd_sc_hd__o2bb2ai_2_B2_Y_sky130_fd_sc_hd__xor2_2_A_X_sky130_fd_sc_hd__xnor2_2_A_B_sky130_fd_sc_hd__xnor2_2_Y/B (sky130_fd_sc_hd__xnor2_1)
     2    0.008651    0.237141    0.223508    3.174258 ^ filter.x_in[2]_sky130_fd_sc_hd__inv_2_A_Y_sky130_fd_sc_hd__o2bb2ai_2_B2_Y_sky130_fd_sc_hd__xor2_2_A_X_sky130_fd_sc_hd__xnor2_2_A_B_sky130_fd_sc_hd__xnor2_2_Y/Y (sky130_fd_sc_hd__xnor2_1)
                                                         filter.x_in[2]_sky130_fd_sc_hd__inv_2_A_Y_sky130_fd_sc_hd__o2bb2ai_2_B2_Y_sky130_fd_sc_hd__xor2_2_A_X_sky130_fd_sc_hd__xnor2_2_A_B (net)
                      0.237141    0.000040    3.174297 ^ filter.x_in[2]_sky130_fd_sc_hd__inv_2_A_Y_sky130_fd_sc_hd__o2bb2ai_2_B2_Y_sky130_fd_sc_hd__xor2_2_A_X_sky130_fd_sc_hd__xnor2_2_A/B (sky130_fd_sc_hd__xnor2_1)
     3    0.010872    0.273657    0.209975    3.384273 ^ filter.x_in[2]_sky130_fd_sc_hd__inv_2_A_Y_sky130_fd_sc_hd__o2bb2ai_2_B2_Y_sky130_fd_sc_hd__xor2_2_A_X_sky130_fd_sc_hd__xnor2_2_A/Y (sky130_fd_sc_hd__xnor2_1)
                                                         filter.x_in[2]_sky130_fd_sc_hd__inv_2_A_Y_sky130_fd_sc_hd__o2bb2ai_2_B2_Y_sky130_fd_sc_hd__xor2_2_A_X_sky130_fd_sc_hd__xnor2_2_A_Y (net)
                      0.273657    0.000148    3.384421 ^ filter.x_in[2]_sky130_fd_sc_hd__inv_2_A_Y_sky130_fd_sc_hd__o2bb2ai_2_B2_Y_sky130_fd_sc_hd__xor2_2_A_X_sky130_fd_sc_hd__xnor2_2_A_Y_sky130_fd_sc_hd__and3_2_C/C (sky130_fd_sc_hd__and3_1)
     2    0.004496    0.068302    0.207115    3.591536 ^ filter.x_in[2]_sky130_fd_sc_hd__inv_2_A_Y_sky130_fd_sc_hd__o2bb2ai_2_B2_Y_sky130_fd_sc_hd__xor2_2_A_X_sky130_fd_sc_hd__xnor2_2_A_Y_sky130_fd_sc_hd__and3_2_C/X (sky130_fd_sc_hd__and3_1)
                                                         filter.x_in[2]_sky130_fd_sc_hd__inv_2_A_Y_sky130_fd_sc_hd__o2bb2ai_2_B2_Y_sky130_fd_sc_hd__xor2_2_A_X_sky130_fd_sc_hd__xnor2_2_A_Y_sky130_fd_sc_hd__and3_2_C_X (net)
                      0.068302    0.000010    3.591546 ^ filter.x_in[2]_sky130_fd_sc_hd__inv_2_A_Y_sky130_fd_sc_hd__o2bb2ai_2_B2_Y_sky130_fd_sc_hd__xor2_2_A_X_sky130_fd_sc_hd__xnor2_2_A_Y_sky130_fd_sc_hd__and3_2_C_X_sky130_fd_sc_hd__nor2_2_B/B (sky130_fd_sc_hd__nor2_1)
     1    0.005327    0.050540    0.051980    3.643526 v filter.x_in[2]_sky130_fd_sc_hd__inv_2_A_Y_sky130_fd_sc_hd__o2bb2ai_2_B2_Y_sky130_fd_sc_hd__xor2_2_A_X_sky130_fd_sc_hd__xnor2_2_A_Y_sky130_fd_sc_hd__and3_2_C_X_sky130_fd_sc_hd__nor2_2_B/Y (sky130_fd_sc_hd__nor2_1)
                                                         filter.x_in[2]_sky130_fd_sc_hd__inv_2_A_Y_sky130_fd_sc_hd__xnor2_2_A_Y_sky130_fd_sc_hd__and2b_2_A_N_X_sky130_fd_sc_hd__a41oi_2_B1_Y_sky130_fd_sc_hd__xnor2_2_A_B (net)
                      0.050540    0.000020    3.643546 v filter.x_in[2]_sky130_fd_sc_hd__inv_2_A_Y_sky130_fd_sc_hd__xnor2_2_A_Y_sky130_fd_sc_hd__and2b_2_A_N_X_sky130_fd_sc_hd__a41oi_2_B1_Y_sky130_fd_sc_hd__xnor2_2_A/B (sky130_fd_sc_hd__xnor2_1)
     2    0.007306    0.209962    0.196705    3.840251 ^ filter.x_in[2]_sky130_fd_sc_hd__inv_2_A_Y_sky130_fd_sc_hd__xnor2_2_A_Y_sky130_fd_sc_hd__and2b_2_A_N_X_sky130_fd_sc_hd__a41oi_2_B1_Y_sky130_fd_sc_hd__xnor2_2_A/Y (sky130_fd_sc_hd__xnor2_1)
                                                         filter.x_in[2]_sky130_fd_sc_hd__inv_2_A_Y_sky130_fd_sc_hd__xnor2_2_A_Y_sky130_fd_sc_hd__and2b_2_A_N_X_sky130_fd_sc_hd__a41oi_2_B1_Y_sky130_fd_sc_hd__xnor2_2_A_Y (net)
                      0.209962    0.000019    3.840271 ^ filter.x_in[0]_sky130_fd_sc_hd__o21ai_2_A1_Y_sky130_fd_sc_hd__and2b_2_A_N_X_sky130_fd_sc_hd__o21ai_2_A2_Y_sky130_fd_sc_hd__xnor2_2_A_B_sky130_fd_sc_hd__xnor2_2_Y/A (sky130_fd_sc_hd__xnor2_1)
     2    0.007769    0.091728    0.135183    3.975453 v filter.x_in[0]_sky130_fd_sc_hd__o21ai_2_A1_Y_sky130_fd_sc_hd__and2b_2_A_N_X_sky130_fd_sc_hd__o21ai_2_A2_Y_sky130_fd_sc_hd__xnor2_2_A_B_sky130_fd_sc_hd__xnor2_2_Y/Y (sky130_fd_sc_hd__xnor2_1)
                                                         filter.x_in[0]_sky130_fd_sc_hd__o21ai_2_A1_Y_sky130_fd_sc_hd__and2b_2_A_N_X_sky130_fd_sc_hd__o21ai_2_A2_Y_sky130_fd_sc_hd__xnor2_2_A_B (net)
                      0.091728    0.000020    3.975472 v filter.x_in[0]_sky130_fd_sc_hd__o21ai_2_A1_Y_sky130_fd_sc_hd__and2b_2_A_N_X_sky130_fd_sc_hd__o21ai_2_A2_Y_sky130_fd_sc_hd__xnor2_2_A/B (sky130_fd_sc_hd__xnor2_1)
     3    0.010771    0.280089    0.265126    4.240598 ^ filter.x_in[0]_sky130_fd_sc_hd__o21ai_2_A1_Y_sky130_fd_sc_hd__and2b_2_A_N_X_sky130_fd_sc_hd__o21ai_2_A2_Y_sky130_fd_sc_hd__xnor2_2_A/Y (sky130_fd_sc_hd__xnor2_1)
                                                         filter.y_out[2]_sky130_fd_sc_hd__dfrtp_2_Q_D_sky130_fd_sc_hd__xor2_2_X_A_sky130_fd_sc_hd__xor2_2_X_A_sky130_fd_sc_hd__nand2_2_Y_B (net)
                      0.280089    0.000083    4.240681 ^ filter.y_out[2]_sky130_fd_sc_hd__dfrtp_2_Q_D_sky130_fd_sc_hd__xor2_2_X_B_sky130_fd_sc_hd__a21bo_2_X_B1_N_sky130_fd_sc_hd__or4b_2_X/D_N (sky130_fd_sc_hd__or4b_1)
     2    0.005959    0.102032    0.493398    4.734079 v filter.y_out[2]_sky130_fd_sc_hd__dfrtp_2_Q_D_sky130_fd_sc_hd__xor2_2_X_B_sky130_fd_sc_hd__a21bo_2_X_B1_N_sky130_fd_sc_hd__or4b_2_X/X (sky130_fd_sc_hd__or4b_1)
                                                         filter.y_out[2]_sky130_fd_sc_hd__dfrtp_2_Q_D_sky130_fd_sc_hd__xor2_2_X_B_sky130_fd_sc_hd__a21bo_2_X_B1_N (net)
                      0.102032    0.000055    4.734134 v filter.y_out[2]_sky130_fd_sc_hd__dfrtp_2_Q_D_sky130_fd_sc_hd__xor2_2_X_A_sky130_fd_sc_hd__xor2_2_X_A_sky130_fd_sc_hd__a21oi_2_A1/A2 (sky130_fd_sc_hd__a21oi_1)
     1    0.003092    0.112462    0.162044    4.896178 ^ filter.y_out[2]_sky130_fd_sc_hd__dfrtp_2_Q_D_sky130_fd_sc_hd__xor2_2_X_A_sky130_fd_sc_hd__xor2_2_X_A_sky130_fd_sc_hd__a21oi_2_A1/Y (sky130_fd_sc_hd__a21oi_1)
                                                         filter.y_out[2]_sky130_fd_sc_hd__dfrtp_2_Q_D_sky130_fd_sc_hd__xor2_2_X_A_sky130_fd_sc_hd__a31o_2_A3_B1 (net)
                      0.112462    0.000008    4.896186 ^ filter.y_out[2]_sky130_fd_sc_hd__dfrtp_2_Q_D_sky130_fd_sc_hd__xor2_2_X_A_sky130_fd_sc_hd__a31o_2_A3/B1 (sky130_fd_sc_hd__a31o_1)
     3    0.012160    0.126544    0.171066    5.067252 ^ filter.y_out[2]_sky130_fd_sc_hd__dfrtp_2_Q_D_sky130_fd_sc_hd__xor2_2_X_A_sky130_fd_sc_hd__a31o_2_A3/X (sky130_fd_sc_hd__a31o_1)
                                                         filter.y_out[3]_sky130_fd_sc_hd__dfrtp_2_Q_D_sky130_fd_sc_hd__nor2_2_Y_A_sky130_fd_sc_hd__and2b_2_X_B (net)
                      0.126544    0.000259    5.067512 ^ filter.y_out[5]_sky130_fd_sc_hd__dfrtp_2_Q_D_sky130_fd_sc_hd__xor2_2_X_A_sky130_fd_sc_hd__nor2_2_Y_A_sky130_fd_sc_hd__nor3b_2_Y/C_N (sky130_fd_sc_hd__nor3b_1)
     2    0.009242    0.343685    0.330398    5.397910 ^ filter.y_out[5]_sky130_fd_sc_hd__dfrtp_2_Q_D_sky130_fd_sc_hd__xor2_2_X_A_sky130_fd_sc_hd__nor2_2_Y_A_sky130_fd_sc_hd__nor3b_2_Y/Y (sky130_fd_sc_hd__nor3b_1)
                                                         filter.y_out[5]_sky130_fd_sc_hd__dfrtp_2_Q_D_sky130_fd_sc_hd__xor2_2_X_A_sky130_fd_sc_hd__nor2_2_Y_A (net)
                      0.343685    0.000107    5.398016 ^ filter.y_out[5]_sky130_fd_sc_hd__dfrtp_2_Q_D_sky130_fd_sc_hd__xor2_2_X_A_sky130_fd_sc_hd__nor2_2_Y/A (sky130_fd_sc_hd__nor2_1)
     1    0.004778    0.084258    0.106205    5.504221 v filter.y_out[5]_sky130_fd_sc_hd__dfrtp_2_Q_D_sky130_fd_sc_hd__xor2_2_X_A_sky130_fd_sc_hd__nor2_2_Y/Y (sky130_fd_sc_hd__nor2_1)
                                                         filter.y_out[5]_sky130_fd_sc_hd__dfrtp_2_Q_D_sky130_fd_sc_hd__xor2_2_X_A (net)
                      0.084258    0.000013    5.504235 v filter.y_out[5]_sky130_fd_sc_hd__dfrtp_2_Q_D_sky130_fd_sc_hd__xor2_2_X/A (sky130_fd_sc_hd__xor2_1)
     1    0.003146    0.051795    0.170824    5.675058 v filter.y_out[5]_sky130_fd_sc_hd__dfrtp_2_Q_D_sky130_fd_sc_hd__xor2_2_X/X (sky130_fd_sc_hd__xor2_1)
                                                         filter.y_out[5]_sky130_fd_sc_hd__dfrtp_2_Q_D (net)
                      0.051795    0.000020    5.675078 v filter.y_out[5]_sky130_fd_sc_hd__dfrtp_2_Q/D (sky130_fd_sc_hd__dfrtp_4)
                                              5.675078   data arrival time

                                 30.000000   30.000000   clock clk (rise edge)
                                  0.000000   30.000000   clock source latency
     1    0.028310    0.132872    0.092459   30.092459 ^ clk (in)
                                                         clk (net)
                      0.132912    0.000000   30.092459 ^ clkbuf_0_clk/A (sky130_fd_sc_hd__clkbuf_16)
     8    0.108967    0.123112    0.223171   30.315630 ^ clkbuf_0_clk/X (sky130_fd_sc_hd__clkbuf_16)
                                                         clknet_0_clk (net)
                      0.123131    0.001247   30.316877 ^ clkbuf_3_6__f_clk/A (sky130_fd_sc_hd__clkbuf_16)
     9    0.045466    0.064752    0.174609   30.491486 ^ clkbuf_3_6__f_clk/X (sky130_fd_sc_hd__clkbuf_16)
                                                         clknet_3_6__leaf_clk (net)
                      0.064752    0.000192   30.491678 ^ filter.y_out[5]_sky130_fd_sc_hd__dfrtp_2_Q/CLK (sky130_fd_sc_hd__dfrtp_4)
                                 -0.250000   30.241676   clock uncertainty
                                  0.000000   30.241676   clock reconvergence pessimism
                                 -0.112715   30.128963   library setup time
                                             30.128963   data required time
---------------------------------------------------------------------------------------------
                                             30.128963   data required time
                                             -5.675078   data arrival time
---------------------------------------------------------------------------------------------
                                             24.453884   slack (MET)


Startpoint: filter.y_out[2]_sky130_fd_sc_hd__dfrtp_2_Q
            (rising edge-triggered flip-flop clocked by clk)
Endpoint: filter.y_out[4]_sky130_fd_sc_hd__dfrtp_2_Q
          (rising edge-triggered flip-flop clocked by clk)
Path Group: clk
Path Type: max

Fanout         Cap        Slew       Delay        Time   Description
---------------------------------------------------------------------------------------------
                                  0.000000    0.000000   clock clk (rise edge)
                                  0.000000    0.000000   clock source latency
     1    0.028310    0.132872    0.092458    0.092458 ^ clk (in)
                                                         clk (net)
                      0.132912    0.000000    0.092458 ^ clkbuf_0_clk/A (sky130_fd_sc_hd__clkbuf_16)
     8    0.108967    0.123112    0.223171    0.315629 ^ clkbuf_0_clk/X (sky130_fd_sc_hd__clkbuf_16)
                                                         clknet_0_clk (net)
                      0.123131    0.001246    0.316876 ^ clkbuf_3_6__f_clk/A (sky130_fd_sc_hd__clkbuf_16)
     9    0.045466    0.064752    0.174611    0.491487 ^ clkbuf_3_6__f_clk/X (sky130_fd_sc_hd__clkbuf_16)
                                                         clknet_3_6__leaf_clk (net)
                      0.064754    0.000423    0.491910 ^ filter.y_out[2]_sky130_fd_sc_hd__dfrtp_2_Q/CLK (sky130_fd_sc_hd__dfrtp_4)
     6    0.052652    0.122859    0.561044    1.052954 v filter.y_out[2]_sky130_fd_sc_hd__dfrtp_2_Q/Q (sky130_fd_sc_hd__dfrtp_4)
                                                         filter.y_out[2] (net)
                      0.122890    0.001910    1.054864 v filter.y_out[2]_sky130_fd_sc_hd__xor2_2_A/A (sky130_fd_sc_hd__xor2_4)
     4    0.033338    0.273275    0.312632    1.367497 ^ filter.y_out[2]_sky130_fd_sc_hd__xor2_2_A/X (sky130_fd_sc_hd__xor2_4)
                                                         filter.x_in[2]_sky130_fd_sc_hd__inv_2_A_Y_sky130_fd_sc_hd__o2bb2ai_2_B2_A2_N_sky130_fd_sc_hd__a21o_2_B1_A2 (net)
                      0.273275    0.000083    1.367580 ^ filter.y_out[1]_sky130_fd_sc_hd__xor2_2_A/B (sky130_fd_sc_hd__xor2_4)
    10    0.043496    0.148820    0.189665    1.557244 v filter.y_out[1]_sky130_fd_sc_hd__xor2_2_A/X (sky130_fd_sc_hd__xor2_4)
                                                         filter.y_out[1]_sky130_fd_sc_hd__xor2_2_A_X (net)
                      0.148820    0.000067    1.557311 v filter.x_in[10]_sky130_fd_sc_hd__or2_2_A_B_sky130_fd_sc_hd__xor2_2_X_B_sky130_fd_sc_hd__a31o_2_X_A3_sky130_fd_sc_hd__xnor2_2_Y_A_sky130_fd_sc_hd__o21ai_2_B1_Y_sky130_fd_sc_hd__xnor2_2_A_B_sky130_fd_sc_hd__and3_2_X_B_sky130_fd_sc_hd__or3_2_X/B (sky130_fd_sc_hd__or3_2)
     5    0.014956    0.114747    0.540498    2.097809 v filter.x_in[10]_sky130_fd_sc_hd__or2_2_A_B_sky130_fd_sc_hd__xor2_2_X_B_sky130_fd_sc_hd__a31o_2_X_A3_sky130_fd_sc_hd__xnor2_2_Y_A_sky130_fd_sc_hd__o21ai_2_B1_Y_sky130_fd_sc_hd__xnor2_2_A_B_sky130_fd_sc_hd__and3_2_X_B_sky130_fd_sc_hd__or3_2_X/X (sky130_fd_sc_hd__or3_2)
                                                         filter.x_in[10]_sky130_fd_sc_hd__or2_2_A_B_sky130_fd_sc_hd__xor2_2_X_B_sky130_fd_sc_hd__a31o_2_X_A3_sky130_fd_sc_hd__xnor2_2_Y_A_sky130_fd_sc_hd__o21ai_2_B1_Y_sky130_fd_sc_hd__xnor2_2_A_B_sky130_fd_sc_hd__and3_2_X_B (net)
                      0.114747    0.000334    2.098143 v filter.x_in[10]_sky130_fd_sc_hd__or2_2_A_B_sky130_fd_sc_hd__xor2_2_X_B_sky130_fd_sc_hd__a31o_2_X_A3_sky130_fd_sc_hd__xnor2_2_Y_A_sky130_fd_sc_hd__o21ai_2_B1_Y_sky130_fd_sc_hd__xnor2_2_A_B_sky130_fd_sc_hd__and3_2_X/B (sky130_fd_sc_hd__and3_1)
     3    0.009657    0.065507    0.223131    2.321274 v filter.x_in[10]_sky130_fd_sc_hd__or2_2_A_B_sky130_fd_sc_hd__xor2_2_X_B_sky130_fd_sc_hd__a31o_2_X_A3_sky130_fd_sc_hd__xnor2_2_Y_A_sky130_fd_sc_hd__o21ai_2_B1_Y_sky130_fd_sc_hd__xnor2_2_A_B_sky130_fd_sc_hd__and3_2_X/X (sky130_fd_sc_hd__and3_1)
                                                         filter.x_in[10]_sky130_fd_sc_hd__or2_2_A_B_sky130_fd_sc_hd__xor2_2_X_B_sky130_fd_sc_hd__a31o_2_X_A3_sky130_fd_sc_hd__xnor2_2_Y_A_sky130_fd_sc_hd__o21ai_2_B1_Y_sky130_fd_sc_hd__xnor2_2_A_B (net)
                      0.065507    0.000010    2.321284 v filter.y_out[0]_sky130_fd_sc_hd__dfrtp_2_Q_D_sky130_fd_sc_hd__xor2_2_X_A_sky130_fd_sc_hd__and3b_2_X_C_sky130_fd_sc_hd__a21o_2_X_B1_sky130_fd_sc_hd__a2bb2o_2_X_A1_N_sky130_fd_sc_hd__o2bb2a_2_X_A1_N_sky130_fd_sc_hd__a32o_2_X_A2_sky130_fd_sc_hd__and4_2_B/C (sky130_fd_sc_hd__and4_1)
     4    0.011256    0.072261    0.231886    2.553170 v filter.y_out[0]_sky130_fd_sc_hd__dfrtp_2_Q_D_sky130_fd_sc_hd__xor2_2_X_A_sky130_fd_sc_hd__and3b_2_X_C_sky130_fd_sc_hd__a21o_2_X_B1_sky130_fd_sc_hd__a2bb2o_2_X_A1_N_sky130_fd_sc_hd__o2bb2a_2_X_A1_N_sky130_fd_sc_hd__a32o_2_X_A2_sky130_fd_sc_hd__and4_2_B/X (sky130_fd_sc_hd__and4_1)
                                                         filter.y_out[0]_sky130_fd_sc_hd__dfrtp_2_Q_D_sky130_fd_sc_hd__xor2_2_X_A_sky130_fd_sc_hd__and3b_2_X_C_sky130_fd_sc_hd__a21o_2_X_B1_sky130_fd_sc_hd__a2bb2o_2_X_A1_N_sky130_fd_sc_hd__o2bb2a_2_X_A1_N_sky130_fd_sc_hd__a32o_2_X_A2_sky130_fd_sc_hd__and4_2_B_X (net)
                      0.072261    0.000041    2.553211 v filter.y_out[0]_sky130_fd_sc_hd__dfrtp_2_Q_D_sky130_fd_sc_hd__xor2_2_X_A_sky130_fd_sc_hd__and3b_2_X_C_sky130_fd_sc_hd__a21o_2_X_B1_sky130_fd_sc_hd__a2bb2o_2_X_B1_sky130_fd_sc_hd__a2bb2o_2_X_B2_sky130_fd_sc_hd__o32a_2_X_A2_sky130_fd_sc_hd__nor3_2_Y/B (sky130_fd_sc_hd__nor3_1)
     3    0.008341    0.296714    0.282430    2.835641 ^ filter.y_out[0]_sky130_fd_sc_hd__dfrtp_2_Q_D_sky130_fd_sc_hd__xor2_2_X_A_sky130_fd_sc_hd__and3b_2_X_C_sky130_fd_sc_hd__a21o_2_X_B1_sky130_fd_sc_hd__a2bb2o_2_X_B1_sky130_fd_sc_hd__a2bb2o_2_X_B2_sky130_fd_sc_hd__o32a_2_X_A2_sky130_fd_sc_hd__nor3_2_Y/Y (sky130_fd_sc_hd__nor3_1)
                                                         filter.y_out[0]_sky130_fd_sc_hd__dfrtp_2_Q_D_sky130_fd_sc_hd__xor2_2_X_A_sky130_fd_sc_hd__and3b_2_X_C_sky130_fd_sc_hd__a21o_2_X_B1_sky130_fd_sc_hd__a2bb2o_2_X_B1_sky130_fd_sc_hd__a2bb2o_2_X_B2_sky130_fd_sc_hd__o32a_2_X_A2 (net)
                      0.296714    0.000010    2.835651 ^ filter.y_out[0]_sky130_fd_sc_hd__dfrtp_2_Q_D_sky130_fd_sc_hd__xor2_2_X_A_sky130_fd_sc_hd__and3b_2_X_C_sky130_fd_sc_hd__a21o_2_X_B1_sky130_fd_sc_hd__a2bb2o_2_X_B1_sky130_fd_sc_hd__a2bb2o_2_X_B2_sky130_fd_sc_hd__o32a_2_X_A2_sky130_fd_sc_hd__and2b_2_A_N/A_N (sky130_fd_sc_hd__and2b_1)
     2    0.005935    0.046805    0.236614    3.072265 v filter.y_out[0]_sky130_fd_sc_hd__dfrtp_2_Q_D_sky130_fd_sc_hd__xor2_2_X_A_sky130_fd_sc_hd__and3b_2_X_C_sky130_fd_sc_hd__a21o_2_X_B1_sky130_fd_sc_hd__a2bb2o_2_X_B1_sky130_fd_sc_hd__a2bb2o_2_X_B2_sky130_fd_sc_hd__o32a_2_X_A2_sky130_fd_sc_hd__and2b_2_A_N/X (sky130_fd_sc_hd__and2b_1)
                                                         filter.y_out[0]_sky130_fd_sc_hd__dfrtp_2_Q_D_sky130_fd_sc_hd__xor2_2_X_A_sky130_fd_sc_hd__and3b_2_X_C_sky130_fd_sc_hd__a21o_2_X_B1_sky130_fd_sc_hd__a2bb2o_2_X_B1_sky130_fd_sc_hd__a2bb2o_2_X_B1_sky130_fd_sc_hd__or3_2_X_C_sky130_fd_sc_hd__o21a_2_X_A1 (net)
                      0.046805    0.000042    3.072307 v filter.y_out[0]_sky130_fd_sc_hd__dfrtp_2_Q_D_sky130_fd_sc_hd__xor2_2_X_A_sky130_fd_sc_hd__and3b_2_X_C_sky130_fd_sc_hd__a21o_2_X_B1_sky130_fd_sc_hd__a2bb2o_2_X_B1_sky130_fd_sc_hd__a2bb2o_2_X_B1_sky130_fd_sc_hd__or3_2_X_C_sky130_fd_sc_hd__o21a_2_X_B1_sky130_fd_sc_hd__a221o_2_X/A1 (sky130_fd_sc_hd__a221o_1)
     1    0.002652    0.052493    0.305387    3.377694 v filter.y_out[0]_sky130_fd_sc_hd__dfrtp_2_Q_D_sky130_fd_sc_hd__xor2_2_X_A_sky130_fd_sc_hd__and3b_2_X_C_sky130_fd_sc_hd__a21o_2_X_B1_sky130_fd_sc_hd__a2bb2o_2_X_B1_sky130_fd_sc_hd__a2bb2o_2_X_B1_sky130_fd_sc_hd__or3_2_X_C_sky130_fd_sc_hd__o21a_2_X_B1_sky130_fd_sc_hd__a221o_2_X/X (sky130_fd_sc_hd__a221o_1)
                                                         filter.y_out[0]_sky130_fd_sc_hd__dfrtp_2_Q_D_sky130_fd_sc_hd__xor2_2_X_A_sky130_fd_sc_hd__and3b_2_X_C_sky130_fd_sc_hd__a21o_2_X_B1_sky130_fd_sc_hd__a2bb2o_2_X_B1_sky130_fd_sc_hd__a2bb2o_2_X_B1_sky130_fd_sc_hd__or3_2_X_C_sky130_fd_sc_hd__o21a_2_X_B1 (net)
                      0.052493    0.000005    3.377699 v filter.y_out[0]_sky130_fd_sc_hd__dfrtp_2_Q_D_sky130_fd_sc_hd__xor2_2_X_A_sky130_fd_sc_hd__and3b_2_X_C_sky130_fd_sc_hd__a21o_2_X_B1_sky130_fd_sc_hd__a2bb2o_2_X_B1_sky130_fd_sc_hd__a2bb2o_2_X_B1_sky130_fd_sc_hd__or3_2_X_C_sky130_fd_sc_hd__o21a_2_X/B1 (sky130_fd_sc_hd__o21a_1)
     2    0.005061    0.045227    0.112413    3.490112 v filter.y_out[0]_sky130_fd_sc_hd__dfrtp_2_Q_D_sky130_fd_sc_hd__xor2_2_X_A_sky130_fd_sc_hd__and3b_2_X_C_sky130_fd_sc_hd__a21o_2_X_B1_sky130_fd_sc_hd__a2bb2o_2_X_B1_sky130_fd_sc_hd__a2bb2o_2_X_B1_sky130_fd_sc_hd__or3_2_X_C_sky130_fd_sc_hd__o21a_2_X/X (sky130_fd_sc_hd__o21a_1)
                                                         filter.y_out[0]_sky130_fd_sc_hd__dfrtp_2_Q_D_sky130_fd_sc_hd__xor2_2_X_A_sky130_fd_sc_hd__and3b_2_X_C_sky130_fd_sc_hd__a21o_2_X_B1_sky130_fd_sc_hd__a2bb2o_2_X_B1_sky130_fd_sc_hd__a2bb2o_2_X_B1_sky130_fd_sc_hd__or3_2_X_C (net)
                      0.045227    0.000040    3.490152 v filter.y_out[0]_sky130_fd_sc_hd__dfrtp_2_Q_D_sky130_fd_sc_hd__xor2_2_X_A_sky130_fd_sc_hd__and3b_2_X_C_sky130_fd_sc_hd__a21o_2_X_B1_sky130_fd_sc_hd__a2bb2o_2_X_B1_sky130_fd_sc_hd__a2bb2o_2_X_B1_sky130_fd_sc_hd__or3_2_X/C (sky130_fd_sc_hd__or3_1)
     1    0.001834    0.059656    0.290319    3.780471 v filter.y_out[0]_sky130_fd_sc_hd__dfrtp_2_Q_D_sky130_fd_sc_hd__xor2_2_X_A_sky130_fd_sc_hd__and3b_2_X_C_sky130_fd_sc_hd__a21o_2_X_B1_sky130_fd_sc_hd__a2bb2o_2_X_B1_sky130_fd_sc_hd__a2bb2o_2_X_B1_sky130_fd_sc_hd__or3_2_X/X (sky130_fd_sc_hd__or3_1)
                                                         filter.y_out[0]_sky130_fd_sc_hd__dfrtp_2_Q_D_sky130_fd_sc_hd__xor2_2_X_A_sky130_fd_sc_hd__and3b_2_X_C_sky130_fd_sc_hd__a21o_2_X_B1_sky130_fd_sc_hd__a2bb2o_2_X_B1_sky130_fd_sc_hd__a2bb2o_2_X_B1 (net)
                      0.059656    0.000004    3.780474 v filter.y_out[0]_sky130_fd_sc_hd__dfrtp_2_Q_D_sky130_fd_sc_hd__xor2_2_X_A_sky130_fd_sc_hd__and3b_2_X_C_sky130_fd_sc_hd__a21o_2_X_B1_sky130_fd_sc_hd__a2bb2o_2_X_B1_sky130_fd_sc_hd__a2bb2o_2_X/B1 (sky130_fd_sc_hd__a2bb2o_1)
     1    0.003053    0.052002    0.276537    4.057011 v filter.y_out[0]_sky130_fd_sc_hd__dfrtp_2_Q_D_sky130_fd_sc_hd__xor2_2_X_A_sky130_fd_sc_hd__and3b_2_X_C_sky130_fd_sc_hd__a21o_2_X_B1_sky130_fd_sc_hd__a2bb2o_2_X_B1_sky130_fd_sc_hd__a2bb2o_2_X/X (sky130_fd_sc_hd__a2bb2o_1)
                                                         filter.y_out[0]_sky130_fd_sc_hd__dfrtp_2_Q_D_sky130_fd_sc_hd__xor2_2_X_A_sky130_fd_sc_hd__and3b_2_X_C_sky130_fd_sc_hd__a21o_2_X_B1_sky130_fd_sc_hd__a2bb2o_2_X_B1 (net)
                      0.052002    0.000024    4.057035 v filter.y_out[0]_sky130_fd_sc_hd__dfrtp_2_Q_D_sky130_fd_sc_hd__xor2_2_X_A_sky130_fd_sc_hd__and3b_2_X_C_sky130_fd_sc_hd__a21o_2_X_B1_sky130_fd_sc_hd__a2bb2o_2_X/B1 (sky130_fd_sc_hd__a2bb2o_1)
     1    0.005012    0.060892    0.286823    4.343857 v filter.y_out[0]_sky130_fd_sc_hd__dfrtp_2_Q_D_sky130_fd_sc_hd__xor2_2_X_A_sky130_fd_sc_hd__and3b_2_X_C_sky130_fd_sc_hd__a21o_2_X_B1_sky130_fd_sc_hd__a2bb2o_2_X/X (sky130_fd_sc_hd__a2bb2o_1)
                                                         filter.y_out[0]_sky130_fd_sc_hd__dfrtp_2_Q_D_sky130_fd_sc_hd__xor2_2_X_A_sky130_fd_sc_hd__and3b_2_X_C_sky130_fd_sc_hd__a21o_2_X_B1 (net)
                      0.060892    0.000042    4.343899 v filter.y_out[0]_sky130_fd_sc_hd__dfrtp_2_Q_D_sky130_fd_sc_hd__xor2_2_X_A_sky130_fd_sc_hd__and3b_2_X_C_sky130_fd_sc_hd__a21o_2_X/B1 (sky130_fd_sc_hd__a21o_1)
     1    0.003806    0.037474    0.159167    4.503066 v filter.y_out[0]_sky130_fd_sc_hd__dfrtp_2_Q_D_sky130_fd_sc_hd__xor2_2_X_A_sky130_fd_sc_hd__and3b_2_X_C_sky130_fd_sc_hd__a21o_2_X/X (sky130_fd_sc_hd__a21o_1)
                                                         filter.y_out[0]_sky130_fd_sc_hd__dfrtp_2_Q_D_sky130_fd_sc_hd__xor2_2_X_A_sky130_fd_sc_hd__and3b_2_X_C (net)
                      0.037474    0.000040    4.503106 v filter.y_out[0]_sky130_fd_sc_hd__dfrtp_2_Q_D_sky130_fd_sc_hd__xor2_2_X_A_sky130_fd_sc_hd__and3b_2_X/C (sky130_fd_sc_hd__and3b_1)
     2    0.007778    0.058526    0.194403    4.697509 v filter.y_out[0]_sky130_fd_sc_hd__dfrtp_2_Q_D_sky130_fd_sc_hd__xor2_2_X_A_sky130_fd_sc_hd__and3b_2_X/X (sky130_fd_sc_hd__and3b_1)
                                                         filter.y_out[0]_sky130_fd_sc_hd__dfrtp_2_Q_D_sky130_fd_sc_hd__xor2_2_X_A (net)
                      0.058526    0.000075    4.697583 v filter.y_out[1]_sky130_fd_sc_hd__dfrtp_2_Q_D_sky130_fd_sc_hd__xor2_2_X_A_sky130_fd_sc_hd__a2bb2o_2_X/B2 (sky130_fd_sc_hd__a2bb2o_2)
     3    0.016597    0.076893    0.280000    4.977583 v filter.y_out[1]_sky130_fd_sc_hd__dfrtp_2_Q_D_sky130_fd_sc_hd__xor2_2_X_A_sky130_fd_sc_hd__a2bb2o_2_X/X (sky130_fd_sc_hd__a2bb2o_2)
                                                         filter.y_out[1]_sky130_fd_sc_hd__dfrtp_2_Q_D_sky130_fd_sc_hd__xor2_2_X_A (net)
                      0.076896    0.000600    4.978183 v filter.y_out[2]_sky130_fd_sc_hd__dfrtp_2_Q_D_sky130_fd_sc_hd__xor2_2_X_A_sky130_fd_sc_hd__a31o_2_A3/A1 (sky130_fd_sc_hd__a31o_1)
     3    0.011780    0.074940    0.223591    5.201774 v filter.y_out[2]_sky130_fd_sc_hd__dfrtp_2_Q_D_sky130_fd_sc_hd__xor2_2_X_A_sky130_fd_sc_hd__a31o_2_A3/X (sky130_fd_sc_hd__a31o_1)
                                                         filter.y_out[3]_sky130_fd_sc_hd__dfrtp_2_Q_D_sky130_fd_sc_hd__nor2_2_Y_A_sky130_fd_sc_hd__and2b_2_X_B (net)
                      0.074940    0.000240    5.202014 v filter.y_out[3]_sky130_fd_sc_hd__dfrtp_2_Q_D_sky130_fd_sc_hd__nor2_2_Y_A_sky130_fd_sc_hd__and2b_2_X/B (sky130_fd_sc_hd__and2b_1)
     2    0.005438    0.046242    0.177008    5.379022 v filter.y_out[3]_sky130_fd_sc_hd__dfrtp_2_Q_D_sky130_fd_sc_hd__nor2_2_Y_A_sky130_fd_sc_hd__and2b_2_X/X (sky130_fd_sc_hd__and2b_1)
                                                         filter.y_out[3]_sky130_fd_sc_hd__dfrtp_2_Q_D_sky130_fd_sc_hd__nor2_2_Y_A (net)
                      0.046242    0.000012    5.379034 v filter.y_out[4]_sky130_fd_sc_hd__dfrtp_2_Q_D_sky130_fd_sc_hd__xnor2_2_Y_B_sky130_fd_sc_hd__nor2_2_Y/B (sky130_fd_sc_hd__nor2_1)
     1    0.005502    0.123363    0.115415    5.494450 ^ filter.y_out[4]_sky130_fd_sc_hd__dfrtp_2_Q_D_sky130_fd_sc_hd__xnor2_2_Y_B_sky130_fd_sc_hd__nor2_2_Y/Y (sky130_fd_sc_hd__nor2_1)
                                                         filter.y_out[4]_sky130_fd_sc_hd__dfrtp_2_Q_D_sky130_fd_sc_hd__xnor2_2_Y_B (net)
                      0.123363    0.000029    5.494479 ^ filter.y_out[4]_sky130_fd_sc_hd__dfrtp_2_Q_D_sky130_fd_sc_hd__xnor2_2_Y/B (sky130_fd_sc_hd__xnor2_1)
     1    0.002733    0.116984    0.126969    5.621448 ^ filter.y_out[4]_sky130_fd_sc_hd__dfrtp_2_Q_D_sky130_fd_sc_hd__xnor2_2_Y/Y (sky130_fd_sc_hd__xnor2_1)
                                                         filter.y_out[4]_sky130_fd_sc_hd__dfrtp_2_Q_D (net)
                      0.116984    0.000012    5.621459 ^ filter.y_out[4]_sky130_fd_sc_hd__dfrtp_2_Q/D (sky130_fd_sc_hd__dfrtp_1)
                                              5.621459   data arrival time

                                 30.000000   30.000000   clock clk (rise edge)
                                  0.000000   30.000000   clock source latency
     1    0.028310    0.132872    0.092459   30.092459 ^ clk (in)
                                                         clk (net)
                      0.132912    0.000000   30.092459 ^ clkbuf_0_clk/A (sky130_fd_sc_hd__clkbuf_16)
     8    0.108967    0.123112    0.223171   30.315630 ^ clkbuf_0_clk/X (sky130_fd_sc_hd__clkbuf_16)
                                                         clknet_0_clk (net)
                      0.123134    0.001343   30.316973 ^ clkbuf_3_7__f_clk/A (sky130_fd_sc_hd__clkbuf_16)
     9    0.038153    0.058206    0.169123   30.486095 ^ clkbuf_3_7__f_clk/X (sky130_fd_sc_hd__clkbuf_16)
                                                         clknet_3_7__leaf_clk (net)
                      0.058206    0.000043   30.486139 ^ filter.y_out[4]_sky130_fd_sc_hd__dfrtp_2_Q/CLK (sky130_fd_sc_hd__dfrtp_1)
                                 -0.250000   30.236137   clock uncertainty
                                  0.000000   30.236137   clock reconvergence pessimism
                                 -0.074417   30.161722   library setup time
                                             30.161722   data required time
---------------------------------------------------------------------------------------------
                                             30.161722   data required time
                                             -5.621459   data arrival time
---------------------------------------------------------------------------------------------
                                             24.540264   slack (MET)


Startpoint: filter.y_out[2]_sky130_fd_sc_hd__dfrtp_2_Q
            (rising edge-triggered flip-flop clocked by clk)
Endpoint: filter.y_out[3]_sky130_fd_sc_hd__dfrtp_2_Q
          (rising edge-triggered flip-flop clocked by clk)
Path Group: clk
Path Type: max

Fanout         Cap        Slew       Delay        Time   Description
---------------------------------------------------------------------------------------------
                                  0.000000    0.000000   clock clk (rise edge)
                                  0.000000    0.000000   clock source latency
     1    0.028310    0.132872    0.092458    0.092458 ^ clk (in)
                                                         clk (net)
                      0.132912    0.000000    0.092458 ^ clkbuf_0_clk/A (sky130_fd_sc_hd__clkbuf_16)
     8    0.108967    0.123112    0.223171    0.315629 ^ clkbuf_0_clk/X (sky130_fd_sc_hd__clkbuf_16)
                                                         clknet_0_clk (net)
                      0.123131    0.001246    0.316876 ^ clkbuf_3_6__f_clk/A (sky130_fd_sc_hd__clkbuf_16)
     9    0.045466    0.064752    0.174611    0.491487 ^ clkbuf_3_6__f_clk/X (sky130_fd_sc_hd__clkbuf_16)
                                                         clknet_3_6__leaf_clk (net)
                      0.064754    0.000423    0.491910 ^ filter.y_out[2]_sky130_fd_sc_hd__dfrtp_2_Q/CLK (sky130_fd_sc_hd__dfrtp_4)
     6    0.052652    0.122859    0.561044    1.052954 v filter.y_out[2]_sky130_fd_sc_hd__dfrtp_2_Q/Q (sky130_fd_sc_hd__dfrtp_4)
                                                         filter.y_out[2] (net)
                      0.122890    0.001910    1.054864 v filter.y_out[2]_sky130_fd_sc_hd__xor2_2_A/A (sky130_fd_sc_hd__xor2_4)
     4    0.033338    0.273275    0.312632    1.367497 ^ filter.y_out[2]_sky130_fd_sc_hd__xor2_2_A/X (sky130_fd_sc_hd__xor2_4)
                                                         filter.x_in[2]_sky130_fd_sc_hd__inv_2_A_Y_sky130_fd_sc_hd__o2bb2ai_2_B2_A2_N_sky130_fd_sc_hd__a21o_2_B1_A2 (net)
                      0.273275    0.000083    1.367580 ^ filter.y_out[1]_sky130_fd_sc_hd__xor2_2_A/B (sky130_fd_sc_hd__xor2_4)
    10    0.043496    0.148820    0.189665    1.557244 v filter.y_out[1]_sky130_fd_sc_hd__xor2_2_A/X (sky130_fd_sc_hd__xor2_4)
                                                         filter.y_out[1]_sky130_fd_sc_hd__xor2_2_A_X (net)
                      0.148820    0.000067    1.557311 v filter.x_in[10]_sky130_fd_sc_hd__or2_2_A_B_sky130_fd_sc_hd__xor2_2_X_B_sky130_fd_sc_hd__a31o_2_X_A3_sky130_fd_sc_hd__xnor2_2_Y_A_sky130_fd_sc_hd__o21ai_2_B1_Y_sky130_fd_sc_hd__xnor2_2_A_B_sky130_fd_sc_hd__and3_2_X_B_sky130_fd_sc_hd__or3_2_X/B (sky130_fd_sc_hd__or3_2)
     5    0.014956    0.114747    0.540498    2.097809 v filter.x_in[10]_sky130_fd_sc_hd__or2_2_A_B_sky130_fd_sc_hd__xor2_2_X_B_sky130_fd_sc_hd__a31o_2_X_A3_sky130_fd_sc_hd__xnor2_2_Y_A_sky130_fd_sc_hd__o21ai_2_B1_Y_sky130_fd_sc_hd__xnor2_2_A_B_sky130_fd_sc_hd__and3_2_X_B_sky130_fd_sc_hd__or3_2_X/X (sky130_fd_sc_hd__or3_2)
                                                         filter.x_in[10]_sky130_fd_sc_hd__or2_2_A_B_sky130_fd_sc_hd__xor2_2_X_B_sky130_fd_sc_hd__a31o_2_X_A3_sky130_fd_sc_hd__xnor2_2_Y_A_sky130_fd_sc_hd__o21ai_2_B1_Y_sky130_fd_sc_hd__xnor2_2_A_B_sky130_fd_sc_hd__and3_2_X_B (net)
                      0.114747    0.000334    2.098143 v filter.x_in[10]_sky130_fd_sc_hd__or2_2_A_B_sky130_fd_sc_hd__xor2_2_X_B_sky130_fd_sc_hd__a31o_2_X_A3_sky130_fd_sc_hd__xnor2_2_Y_A_sky130_fd_sc_hd__o21ai_2_B1_Y_sky130_fd_sc_hd__xnor2_2_A_B_sky130_fd_sc_hd__and3_2_X/B (sky130_fd_sc_hd__and3_1)
     3    0.009657    0.065507    0.223131    2.321274 v filter.x_in[10]_sky130_fd_sc_hd__or2_2_A_B_sky130_fd_sc_hd__xor2_2_X_B_sky130_fd_sc_hd__a31o_2_X_A3_sky130_fd_sc_hd__xnor2_2_Y_A_sky130_fd_sc_hd__o21ai_2_B1_Y_sky130_fd_sc_hd__xnor2_2_A_B_sky130_fd_sc_hd__and3_2_X/X (sky130_fd_sc_hd__and3_1)
                                                         filter.x_in[10]_sky130_fd_sc_hd__or2_2_A_B_sky130_fd_sc_hd__xor2_2_X_B_sky130_fd_sc_hd__a31o_2_X_A3_sky130_fd_sc_hd__xnor2_2_Y_A_sky130_fd_sc_hd__o21ai_2_B1_Y_sky130_fd_sc_hd__xnor2_2_A_B (net)
                      0.065507    0.000010    2.321284 v filter.y_out[0]_sky130_fd_sc_hd__dfrtp_2_Q_D_sky130_fd_sc_hd__xor2_2_X_A_sky130_fd_sc_hd__and3b_2_X_C_sky130_fd_sc_hd__a21o_2_X_B1_sky130_fd_sc_hd__a2bb2o_2_X_A1_N_sky130_fd_sc_hd__o2bb2a_2_X_A1_N_sky130_fd_sc_hd__a32o_2_X_A2_sky130_fd_sc_hd__and4_2_B/C (sky130_fd_sc_hd__and4_1)
     4    0.011256    0.072261    0.231886    2.553170 v filter.y_out[0]_sky130_fd_sc_hd__dfrtp_2_Q_D_sky130_fd_sc_hd__xor2_2_X_A_sky130_fd_sc_hd__and3b_2_X_C_sky130_fd_sc_hd__a21o_2_X_B1_sky130_fd_sc_hd__a2bb2o_2_X_A1_N_sky130_fd_sc_hd__o2bb2a_2_X_A1_N_sky130_fd_sc_hd__a32o_2_X_A2_sky130_fd_sc_hd__and4_2_B/X (sky130_fd_sc_hd__and4_1)
                                                         filter.y_out[0]_sky130_fd_sc_hd__dfrtp_2_Q_D_sky130_fd_sc_hd__xor2_2_X_A_sky130_fd_sc_hd__and3b_2_X_C_sky130_fd_sc_hd__a21o_2_X_B1_sky130_fd_sc_hd__a2bb2o_2_X_A1_N_sky130_fd_sc_hd__o2bb2a_2_X_A1_N_sky130_fd_sc_hd__a32o_2_X_A2_sky130_fd_sc_hd__and4_2_B_X (net)
                      0.072261    0.000041    2.553211 v filter.y_out[0]_sky130_fd_sc_hd__dfrtp_2_Q_D_sky130_fd_sc_hd__xor2_2_X_A_sky130_fd_sc_hd__and3b_2_X_C_sky130_fd_sc_hd__a21o_2_X_B1_sky130_fd_sc_hd__a2bb2o_2_X_B1_sky130_fd_sc_hd__a2bb2o_2_X_B2_sky130_fd_sc_hd__o32a_2_X_A2_sky130_fd_sc_hd__nor3_2_Y/B (sky130_fd_sc_hd__nor3_1)
     3    0.008341    0.296714    0.282430    2.835641 ^ filter.y_out[0]_sky130_fd_sc_hd__dfrtp_2_Q_D_sky130_fd_sc_hd__xor2_2_X_A_sky130_fd_sc_hd__and3b_2_X_C_sky130_fd_sc_hd__a21o_2_X_B1_sky130_fd_sc_hd__a2bb2o_2_X_B1_sky130_fd_sc_hd__a2bb2o_2_X_B2_sky130_fd_sc_hd__o32a_2_X_A2_sky130_fd_sc_hd__nor3_2_Y/Y (sky130_fd_sc_hd__nor3_1)
                                                         filter.y_out[0]_sky130_fd_sc_hd__dfrtp_2_Q_D_sky130_fd_sc_hd__xor2_2_X_A_sky130_fd_sc_hd__and3b_2_X_C_sky130_fd_sc_hd__a21o_2_X_B1_sky130_fd_sc_hd__a2bb2o_2_X_B1_sky130_fd_sc_hd__a2bb2o_2_X_B2_sky130_fd_sc_hd__o32a_2_X_A2 (net)
                      0.296714    0.000010    2.835651 ^ filter.y_out[0]_sky130_fd_sc_hd__dfrtp_2_Q_D_sky130_fd_sc_hd__xor2_2_X_A_sky130_fd_sc_hd__and3b_2_X_C_sky130_fd_sc_hd__a21o_2_X_B1_sky130_fd_sc_hd__a2bb2o_2_X_B1_sky130_fd_sc_hd__a2bb2o_2_X_B2_sky130_fd_sc_hd__o32a_2_X_A2_sky130_fd_sc_hd__and2b_2_A_N/A_N (sky130_fd_sc_hd__and2b_1)
     2    0.005935    0.046805    0.236614    3.072265 v filter.y_out[0]_sky130_fd_sc_hd__dfrtp_2_Q_D_sky130_fd_sc_hd__xor2_2_X_A_sky130_fd_sc_hd__and3b_2_X_C_sky130_fd_sc_hd__a21o_2_X_B1_sky130_fd_sc_hd__a2bb2o_2_X_B1_sky130_fd_sc_hd__a2bb2o_2_X_B2_sky130_fd_sc_hd__o32a_2_X_A2_sky130_fd_sc_hd__and2b_2_A_N/X (sky130_fd_sc_hd__and2b_1)
                                                         filter.y_out[0]_sky130_fd_sc_hd__dfrtp_2_Q_D_sky130_fd_sc_hd__xor2_2_X_A_sky130_fd_sc_hd__and3b_2_X_C_sky130_fd_sc_hd__a21o_2_X_B1_sky130_fd_sc_hd__a2bb2o_2_X_B1_sky130_fd_sc_hd__a2bb2o_2_X_B1_sky130_fd_sc_hd__or3_2_X_C_sky130_fd_sc_hd__o21a_2_X_A1 (net)
                      0.046805    0.000042    3.072307 v filter.y_out[0]_sky130_fd_sc_hd__dfrtp_2_Q_D_sky130_fd_sc_hd__xor2_2_X_A_sky130_fd_sc_hd__and3b_2_X_C_sky130_fd_sc_hd__a21o_2_X_B1_sky130_fd_sc_hd__a2bb2o_2_X_B1_sky130_fd_sc_hd__a2bb2o_2_X_B1_sky130_fd_sc_hd__or3_2_X_C_sky130_fd_sc_hd__o21a_2_X_B1_sky130_fd_sc_hd__a221o_2_X/A1 (sky130_fd_sc_hd__a221o_1)
     1    0.002652    0.052493    0.305387    3.377694 v filter.y_out[0]_sky130_fd_sc_hd__dfrtp_2_Q_D_sky130_fd_sc_hd__xor2_2_X_A_sky130_fd_sc_hd__and3b_2_X_C_sky130_fd_sc_hd__a21o_2_X_B1_sky130_fd_sc_hd__a2bb2o_2_X_B1_sky130_fd_sc_hd__a2bb2o_2_X_B1_sky130_fd_sc_hd__or3_2_X_C_sky130_fd_sc_hd__o21a_2_X_B1_sky130_fd_sc_hd__a221o_2_X/X (sky130_fd_sc_hd__a221o_1)
                                                         filter.y_out[0]_sky130_fd_sc_hd__dfrtp_2_Q_D_sky130_fd_sc_hd__xor2_2_X_A_sky130_fd_sc_hd__and3b_2_X_C_sky130_fd_sc_hd__a21o_2_X_B1_sky130_fd_sc_hd__a2bb2o_2_X_B1_sky130_fd_sc_hd__a2bb2o_2_X_B1_sky130_fd_sc_hd__or3_2_X_C_sky130_fd_sc_hd__o21a_2_X_B1 (net)
                      0.052493    0.000005    3.377699 v filter.y_out[0]_sky130_fd_sc_hd__dfrtp_2_Q_D_sky130_fd_sc_hd__xor2_2_X_A_sky130_fd_sc_hd__and3b_2_X_C_sky130_fd_sc_hd__a21o_2_X_B1_sky130_fd_sc_hd__a2bb2o_2_X_B1_sky130_fd_sc_hd__a2bb2o_2_X_B1_sky130_fd_sc_hd__or3_2_X_C_sky130_fd_sc_hd__o21a_2_X/B1 (sky130_fd_sc_hd__o21a_1)
     2    0.005061    0.045227    0.112413    3.490112 v filter.y_out[0]_sky130_fd_sc_hd__dfrtp_2_Q_D_sky130_fd_sc_hd__xor2_2_X_A_sky130_fd_sc_hd__and3b_2_X_C_sky130_fd_sc_hd__a21o_2_X_B1_sky130_fd_sc_hd__a2bb2o_2_X_B1_sky130_fd_sc_hd__a2bb2o_2_X_B1_sky130_fd_sc_hd__or3_2_X_C_sky130_fd_sc_hd__o21a_2_X/X (sky130_fd_sc_hd__o21a_1)
                                                         filter.y_out[0]_sky130_fd_sc_hd__dfrtp_2_Q_D_sky130_fd_sc_hd__xor2_2_X_A_sky130_fd_sc_hd__and3b_2_X_C_sky130_fd_sc_hd__a21o_2_X_B1_sky130_fd_sc_hd__a2bb2o_2_X_B1_sky130_fd_sc_hd__a2bb2o_2_X_B1_sky130_fd_sc_hd__or3_2_X_C (net)
                      0.045227    0.000040    3.490152 v filter.y_out[0]_sky130_fd_sc_hd__dfrtp_2_Q_D_sky130_fd_sc_hd__xor2_2_X_A_sky130_fd_sc_hd__and3b_2_X_C_sky130_fd_sc_hd__a21o_2_X_B1_sky130_fd_sc_hd__a2bb2o_2_X_B1_sky130_fd_sc_hd__a2bb2o_2_X_B1_sky130_fd_sc_hd__or3_2_X/C (sky130_fd_sc_hd__or3_1)
     1    0.001834    0.059656    0.290319    3.780471 v filter.y_out[0]_sky130_fd_sc_hd__dfrtp_2_Q_D_sky130_fd_sc_hd__xor2_2_X_A_sky130_fd_sc_hd__and3b_2_X_C_sky130_fd_sc_hd__a21o_2_X_B1_sky130_fd_sc_hd__a2bb2o_2_X_B1_sky130_fd_sc_hd__a2bb2o_2_X_B1_sky130_fd_sc_hd__or3_2_X/X (sky130_fd_sc_hd__or3_1)
                                                         filter.y_out[0]_sky130_fd_sc_hd__dfrtp_2_Q_D_sky130_fd_sc_hd__xor2_2_X_A_sky130_fd_sc_hd__and3b_2_X_C_sky130_fd_sc_hd__a21o_2_X_B1_sky130_fd_sc_hd__a2bb2o_2_X_B1_sky130_fd_sc_hd__a2bb2o_2_X_B1 (net)
                      0.059656    0.000004    3.780474 v filter.y_out[0]_sky130_fd_sc_hd__dfrtp_2_Q_D_sky130_fd_sc_hd__xor2_2_X_A_sky130_fd_sc_hd__and3b_2_X_C_sky130_fd_sc_hd__a21o_2_X_B1_sky130_fd_sc_hd__a2bb2o_2_X_B1_sky130_fd_sc_hd__a2bb2o_2_X/B1 (sky130_fd_sc_hd__a2bb2o_1)
     1    0.003053    0.052002    0.276537    4.057011 v filter.y_out[0]_sky130_fd_sc_hd__dfrtp_2_Q_D_sky130_fd_sc_hd__xor2_2_X_A_sky130_fd_sc_hd__and3b_2_X_C_sky130_fd_sc_hd__a21o_2_X_B1_sky130_fd_sc_hd__a2bb2o_2_X_B1_sky130_fd_sc_hd__a2bb2o_2_X/X (sky130_fd_sc_hd__a2bb2o_1)
                                                         filter.y_out[0]_sky130_fd_sc_hd__dfrtp_2_Q_D_sky130_fd_sc_hd__xor2_2_X_A_sky130_fd_sc_hd__and3b_2_X_C_sky130_fd_sc_hd__a21o_2_X_B1_sky130_fd_sc_hd__a2bb2o_2_X_B1 (net)
                      0.052002    0.000024    4.057035 v filter.y_out[0]_sky130_fd_sc_hd__dfrtp_2_Q_D_sky130_fd_sc_hd__xor2_2_X_A_sky130_fd_sc_hd__and3b_2_X_C_sky130_fd_sc_hd__a21o_2_X_B1_sky130_fd_sc_hd__a2bb2o_2_X/B1 (sky130_fd_sc_hd__a2bb2o_1)
     1    0.005012    0.060892    0.286823    4.343857 v filter.y_out[0]_sky130_fd_sc_hd__dfrtp_2_Q_D_sky130_fd_sc_hd__xor2_2_X_A_sky130_fd_sc_hd__and3b_2_X_C_sky130_fd_sc_hd__a21o_2_X_B1_sky130_fd_sc_hd__a2bb2o_2_X/X (sky130_fd_sc_hd__a2bb2o_1)
                                                         filter.y_out[0]_sky130_fd_sc_hd__dfrtp_2_Q_D_sky130_fd_sc_hd__xor2_2_X_A_sky130_fd_sc_hd__and3b_2_X_C_sky130_fd_sc_hd__a21o_2_X_B1 (net)
                      0.060892    0.000042    4.343899 v filter.y_out[0]_sky130_fd_sc_hd__dfrtp_2_Q_D_sky130_fd_sc_hd__xor2_2_X_A_sky130_fd_sc_hd__and3b_2_X_C_sky130_fd_sc_hd__a21o_2_X/B1 (sky130_fd_sc_hd__a21o_1)
     1    0.003806    0.037474    0.159167    4.503066 v filter.y_out[0]_sky130_fd_sc_hd__dfrtp_2_Q_D_sky130_fd_sc_hd__xor2_2_X_A_sky130_fd_sc_hd__and3b_2_X_C_sky130_fd_sc_hd__a21o_2_X/X (sky130_fd_sc_hd__a21o_1)
                                                         filter.y_out[0]_sky130_fd_sc_hd__dfrtp_2_Q_D_sky130_fd_sc_hd__xor2_2_X_A_sky130_fd_sc_hd__and3b_2_X_C (net)
                      0.037474    0.000040    4.503106 v filter.y_out[0]_sky130_fd_sc_hd__dfrtp_2_Q_D_sky130_fd_sc_hd__xor2_2_X_A_sky130_fd_sc_hd__and3b_2_X/C (sky130_fd_sc_hd__and3b_1)
     2    0.007778    0.058526    0.194403    4.697509 v filter.y_out[0]_sky130_fd_sc_hd__dfrtp_2_Q_D_sky130_fd_sc_hd__xor2_2_X_A_sky130_fd_sc_hd__and3b_2_X/X (sky130_fd_sc_hd__and3b_1)
                                                         filter.y_out[0]_sky130_fd_sc_hd__dfrtp_2_Q_D_sky130_fd_sc_hd__xor2_2_X_A (net)
                      0.058526    0.000075    4.697583 v filter.y_out[1]_sky130_fd_sc_hd__dfrtp_2_Q_D_sky130_fd_sc_hd__xor2_2_X_A_sky130_fd_sc_hd__a2bb2o_2_X/B2 (sky130_fd_sc_hd__a2bb2o_2)
     3    0.016597    0.076893    0.280000    4.977583 v filter.y_out[1]_sky130_fd_sc_hd__dfrtp_2_Q_D_sky130_fd_sc_hd__xor2_2_X_A_sky130_fd_sc_hd__a2bb2o_2_X/X (sky130_fd_sc_hd__a2bb2o_2)
                                                         filter.y_out[1]_sky130_fd_sc_hd__dfrtp_2_Q_D_sky130_fd_sc_hd__xor2_2_X_A (net)
                      0.076896    0.000600    4.978183 v filter.y_out[2]_sky130_fd_sc_hd__dfrtp_2_Q_D_sky130_fd_sc_hd__xor2_2_X_A_sky130_fd_sc_hd__a31o_2_A3/A1 (sky130_fd_sc_hd__a31o_1)
     3    0.011780    0.074940    0.223591    5.201774 v filter.y_out[2]_sky130_fd_sc_hd__dfrtp_2_Q_D_sky130_fd_sc_hd__xor2_2_X_A_sky130_fd_sc_hd__a31o_2_A3/X (sky130_fd_sc_hd__a31o_1)
                                                         filter.y_out[3]_sky130_fd_sc_hd__dfrtp_2_Q_D_sky130_fd_sc_hd__nor2_2_Y_A_sky130_fd_sc_hd__and2b_2_X_B (net)
                      0.074940    0.000240    5.202014 v filter.y_out[3]_sky130_fd_sc_hd__dfrtp_2_Q_D_sky130_fd_sc_hd__nor2_2_Y_A_sky130_fd_sc_hd__and2b_2_X/B (sky130_fd_sc_hd__and2b_1)
     2    0.005438    0.046242    0.177008    5.379022 v filter.y_out[3]_sky130_fd_sc_hd__dfrtp_2_Q_D_sky130_fd_sc_hd__nor2_2_Y_A_sky130_fd_sc_hd__and2b_2_X/X (sky130_fd_sc_hd__and2b_1)
                                                         filter.y_out[3]_sky130_fd_sc_hd__dfrtp_2_Q_D_sky130_fd_sc_hd__nor2_2_Y_A (net)
                      0.046242    0.000005    5.379027 v filter.y_out[3]_sky130_fd_sc_hd__dfrtp_2_Q_D_sky130_fd_sc_hd__nor2_2_Y/A (sky130_fd_sc_hd__nor2_1)
     1    0.003037    0.082387    0.099789    5.478816 ^ filter.y_out[3]_sky130_fd_sc_hd__dfrtp_2_Q_D_sky130_fd_sc_hd__nor2_2_Y/Y (sky130_fd_sc_hd__nor2_1)
                                                         filter.y_out[3]_sky130_fd_sc_hd__dfrtp_2_Q_D (net)
                      0.082387    0.000016    5.478833 ^ filter.y_out[3]_sky130_fd_sc_hd__dfrtp_2_Q/D (sky130_fd_sc_hd__dfrtp_4)
                                              5.478833   data arrival time

                                 30.000000   30.000000   clock clk (rise edge)
                                  0.000000   30.000000   clock source latency
     1    0.028310    0.132872    0.092459   30.092459 ^ clk (in)
                                                         clk (net)
                      0.132912    0.000000   30.092459 ^ clkbuf_0_clk/A (sky130_fd_sc_hd__clkbuf_16)
     8    0.108967    0.123112    0.223171   30.315630 ^ clkbuf_0_clk/X (sky130_fd_sc_hd__clkbuf_16)
                                                         clknet_0_clk (net)
                      0.123134    0.001343   30.316973 ^ clkbuf_3_7__f_clk/A (sky130_fd_sc_hd__clkbuf_16)
     9    0.038153    0.058206    0.169123   30.486095 ^ clkbuf_3_7__f_clk/X (sky130_fd_sc_hd__clkbuf_16)
                                                         clknet_3_7__leaf_clk (net)
                      0.058210    0.000476   30.486572 ^ filter.y_out[3]_sky130_fd_sc_hd__dfrtp_2_Q/CLK (sky130_fd_sc_hd__dfrtp_4)
                                 -0.250000   30.236572   clock uncertainty
                                  0.000000   30.236572   clock reconvergence pessimism
                                 -0.070191   30.166380   library setup time
                                             30.166380   data required time
---------------------------------------------------------------------------------------------
                                             30.166380   data required time
                                             -5.478833   data arrival time
---------------------------------------------------------------------------------------------
                                             24.687550   slack (MET)


Startpoint: filter.y_out[2]_sky130_fd_sc_hd__dfrtp_2_Q
            (rising edge-triggered flip-flop clocked by clk)
Endpoint: filter.y_out[2]_sky130_fd_sc_hd__dfrtp_2_Q
          (rising edge-triggered flip-flop clocked by clk)
Path Group: clk
Path Type: max

Fanout         Cap        Slew       Delay        Time   Description
---------------------------------------------------------------------------------------------
                                  0.000000    0.000000   clock clk (rise edge)
                                  0.000000    0.000000   clock source latency
     1    0.028310    0.132872    0.092458    0.092458 ^ clk (in)
                                                         clk (net)
                      0.132912    0.000000    0.092458 ^ clkbuf_0_clk/A (sky130_fd_sc_hd__clkbuf_16)
     8    0.108967    0.123112    0.223171    0.315629 ^ clkbuf_0_clk/X (sky130_fd_sc_hd__clkbuf_16)
                                                         clknet_0_clk (net)
                      0.123131    0.001246    0.316876 ^ clkbuf_3_6__f_clk/A (sky130_fd_sc_hd__clkbuf_16)
     9    0.045466    0.064752    0.174611    0.491487 ^ clkbuf_3_6__f_clk/X (sky130_fd_sc_hd__clkbuf_16)
                                                         clknet_3_6__leaf_clk (net)
                      0.064754    0.000423    0.491910 ^ filter.y_out[2]_sky130_fd_sc_hd__dfrtp_2_Q/CLK (sky130_fd_sc_hd__dfrtp_4)
     6    0.052652    0.122859    0.561044    1.052954 v filter.y_out[2]_sky130_fd_sc_hd__dfrtp_2_Q/Q (sky130_fd_sc_hd__dfrtp_4)
                                                         filter.y_out[2] (net)
                      0.122890    0.001910    1.054864 v filter.y_out[2]_sky130_fd_sc_hd__xor2_2_A/A (sky130_fd_sc_hd__xor2_4)
     4    0.033338    0.273275    0.312632    1.367497 ^ filter.y_out[2]_sky130_fd_sc_hd__xor2_2_A/X (sky130_fd_sc_hd__xor2_4)
                                                         filter.x_in[2]_sky130_fd_sc_hd__inv_2_A_Y_sky130_fd_sc_hd__o2bb2ai_2_B2_A2_N_sky130_fd_sc_hd__a21o_2_B1_A2 (net)
                      0.273275    0.000083    1.367580 ^ filter.y_out[1]_sky130_fd_sc_hd__xor2_2_A/B (sky130_fd_sc_hd__xor2_4)
    10    0.043496    0.148820    0.189665    1.557244 v filter.y_out[1]_sky130_fd_sc_hd__xor2_2_A/X (sky130_fd_sc_hd__xor2_4)
                                                         filter.y_out[1]_sky130_fd_sc_hd__xor2_2_A_X (net)
                      0.148820    0.000067    1.557311 v filter.x_in[10]_sky130_fd_sc_hd__or2_2_A_B_sky130_fd_sc_hd__xor2_2_X_B_sky130_fd_sc_hd__a31o_2_X_A3_sky130_fd_sc_hd__xnor2_2_Y_A_sky130_fd_sc_hd__o21ai_2_B1_Y_sky130_fd_sc_hd__xnor2_2_A_B_sky130_fd_sc_hd__and3_2_X_B_sky130_fd_sc_hd__or3_2_X/B (sky130_fd_sc_hd__or3_2)
     5    0.014956    0.114747    0.540498    2.097809 v filter.x_in[10]_sky130_fd_sc_hd__or2_2_A_B_sky130_fd_sc_hd__xor2_2_X_B_sky130_fd_sc_hd__a31o_2_X_A3_sky130_fd_sc_hd__xnor2_2_Y_A_sky130_fd_sc_hd__o21ai_2_B1_Y_sky130_fd_sc_hd__xnor2_2_A_B_sky130_fd_sc_hd__and3_2_X_B_sky130_fd_sc_hd__or3_2_X/X (sky130_fd_sc_hd__or3_2)
                                                         filter.x_in[10]_sky130_fd_sc_hd__or2_2_A_B_sky130_fd_sc_hd__xor2_2_X_B_sky130_fd_sc_hd__a31o_2_X_A3_sky130_fd_sc_hd__xnor2_2_Y_A_sky130_fd_sc_hd__o21ai_2_B1_Y_sky130_fd_sc_hd__xnor2_2_A_B_sky130_fd_sc_hd__and3_2_X_B (net)
                      0.114747    0.000334    2.098143 v filter.x_in[10]_sky130_fd_sc_hd__or2_2_A_B_sky130_fd_sc_hd__xor2_2_X_B_sky130_fd_sc_hd__a31o_2_X_A3_sky130_fd_sc_hd__xnor2_2_Y_A_sky130_fd_sc_hd__o21ai_2_B1_Y_sky130_fd_sc_hd__xnor2_2_A_B_sky130_fd_sc_hd__and3_2_X/B (sky130_fd_sc_hd__and3_1)
     3    0.009657    0.065507    0.223131    2.321274 v filter.x_in[10]_sky130_fd_sc_hd__or2_2_A_B_sky130_fd_sc_hd__xor2_2_X_B_sky130_fd_sc_hd__a31o_2_X_A3_sky130_fd_sc_hd__xnor2_2_Y_A_sky130_fd_sc_hd__o21ai_2_B1_Y_sky130_fd_sc_hd__xnor2_2_A_B_sky130_fd_sc_hd__and3_2_X/X (sky130_fd_sc_hd__and3_1)
                                                         filter.x_in[10]_sky130_fd_sc_hd__or2_2_A_B_sky130_fd_sc_hd__xor2_2_X_B_sky130_fd_sc_hd__a31o_2_X_A3_sky130_fd_sc_hd__xnor2_2_Y_A_sky130_fd_sc_hd__o21ai_2_B1_Y_sky130_fd_sc_hd__xnor2_2_A_B (net)
                      0.065507    0.000010    2.321284 v filter.y_out[0]_sky130_fd_sc_hd__dfrtp_2_Q_D_sky130_fd_sc_hd__xor2_2_X_A_sky130_fd_sc_hd__and3b_2_X_C_sky130_fd_sc_hd__a21o_2_X_B1_sky130_fd_sc_hd__a2bb2o_2_X_A1_N_sky130_fd_sc_hd__o2bb2a_2_X_A1_N_sky130_fd_sc_hd__a32o_2_X_A2_sky130_fd_sc_hd__and4_2_B/C (sky130_fd_sc_hd__and4_1)
     4    0.011256    0.072261    0.231886    2.553170 v filter.y_out[0]_sky130_fd_sc_hd__dfrtp_2_Q_D_sky130_fd_sc_hd__xor2_2_X_A_sky130_fd_sc_hd__and3b_2_X_C_sky130_fd_sc_hd__a21o_2_X_B1_sky130_fd_sc_hd__a2bb2o_2_X_A1_N_sky130_fd_sc_hd__o2bb2a_2_X_A1_N_sky130_fd_sc_hd__a32o_2_X_A2_sky130_fd_sc_hd__and4_2_B/X (sky130_fd_sc_hd__and4_1)
                                                         filter.y_out[0]_sky130_fd_sc_hd__dfrtp_2_Q_D_sky130_fd_sc_hd__xor2_2_X_A_sky130_fd_sc_hd__and3b_2_X_C_sky130_fd_sc_hd__a21o_2_X_B1_sky130_fd_sc_hd__a2bb2o_2_X_A1_N_sky130_fd_sc_hd__o2bb2a_2_X_A1_N_sky130_fd_sc_hd__a32o_2_X_A2_sky130_fd_sc_hd__and4_2_B_X (net)
                      0.072261    0.000041    2.553211 v filter.y_out[0]_sky130_fd_sc_hd__dfrtp_2_Q_D_sky130_fd_sc_hd__xor2_2_X_A_sky130_fd_sc_hd__and3b_2_X_C_sky130_fd_sc_hd__a21o_2_X_B1_sky130_fd_sc_hd__a2bb2o_2_X_B1_sky130_fd_sc_hd__a2bb2o_2_X_B2_sky130_fd_sc_hd__o32a_2_X_A2_sky130_fd_sc_hd__nor3_2_Y/B (sky130_fd_sc_hd__nor3_1)
     3    0.008341    0.296714    0.282430    2.835641 ^ filter.y_out[0]_sky130_fd_sc_hd__dfrtp_2_Q_D_sky130_fd_sc_hd__xor2_2_X_A_sky130_fd_sc_hd__and3b_2_X_C_sky130_fd_sc_hd__a21o_2_X_B1_sky130_fd_sc_hd__a2bb2o_2_X_B1_sky130_fd_sc_hd__a2bb2o_2_X_B2_sky130_fd_sc_hd__o32a_2_X_A2_sky130_fd_sc_hd__nor3_2_Y/Y (sky130_fd_sc_hd__nor3_1)
                                                         filter.y_out[0]_sky130_fd_sc_hd__dfrtp_2_Q_D_sky130_fd_sc_hd__xor2_2_X_A_sky130_fd_sc_hd__and3b_2_X_C_sky130_fd_sc_hd__a21o_2_X_B1_sky130_fd_sc_hd__a2bb2o_2_X_B1_sky130_fd_sc_hd__a2bb2o_2_X_B2_sky130_fd_sc_hd__o32a_2_X_A2 (net)
                      0.296714    0.000010    2.835651 ^ filter.y_out[0]_sky130_fd_sc_hd__dfrtp_2_Q_D_sky130_fd_sc_hd__xor2_2_X_A_sky130_fd_sc_hd__and3b_2_X_C_sky130_fd_sc_hd__a21o_2_X_B1_sky130_fd_sc_hd__a2bb2o_2_X_B1_sky130_fd_sc_hd__a2bb2o_2_X_B2_sky130_fd_sc_hd__o32a_2_X_A2_sky130_fd_sc_hd__and2b_2_A_N/A_N (sky130_fd_sc_hd__and2b_1)
     2    0.005935    0.046805    0.236614    3.072265 v filter.y_out[0]_sky130_fd_sc_hd__dfrtp_2_Q_D_sky130_fd_sc_hd__xor2_2_X_A_sky130_fd_sc_hd__and3b_2_X_C_sky130_fd_sc_hd__a21o_2_X_B1_sky130_fd_sc_hd__a2bb2o_2_X_B1_sky130_fd_sc_hd__a2bb2o_2_X_B2_sky130_fd_sc_hd__o32a_2_X_A2_sky130_fd_sc_hd__and2b_2_A_N/X (sky130_fd_sc_hd__and2b_1)
                                                         filter.y_out[0]_sky130_fd_sc_hd__dfrtp_2_Q_D_sky130_fd_sc_hd__xor2_2_X_A_sky130_fd_sc_hd__and3b_2_X_C_sky130_fd_sc_hd__a21o_2_X_B1_sky130_fd_sc_hd__a2bb2o_2_X_B1_sky130_fd_sc_hd__a2bb2o_2_X_B1_sky130_fd_sc_hd__or3_2_X_C_sky130_fd_sc_hd__o21a_2_X_A1 (net)
                      0.046805    0.000042    3.072307 v filter.y_out[0]_sky130_fd_sc_hd__dfrtp_2_Q_D_sky130_fd_sc_hd__xor2_2_X_A_sky130_fd_sc_hd__and3b_2_X_C_sky130_fd_sc_hd__a21o_2_X_B1_sky130_fd_sc_hd__a2bb2o_2_X_B1_sky130_fd_sc_hd__a2bb2o_2_X_B1_sky130_fd_sc_hd__or3_2_X_C_sky130_fd_sc_hd__o21a_2_X_B1_sky130_fd_sc_hd__a221o_2_X/A1 (sky130_fd_sc_hd__a221o_1)
     1    0.002652    0.052493    0.305387    3.377694 v filter.y_out[0]_sky130_fd_sc_hd__dfrtp_2_Q_D_sky130_fd_sc_hd__xor2_2_X_A_sky130_fd_sc_hd__and3b_2_X_C_sky130_fd_sc_hd__a21o_2_X_B1_sky130_fd_sc_hd__a2bb2o_2_X_B1_sky130_fd_sc_hd__a2bb2o_2_X_B1_sky130_fd_sc_hd__or3_2_X_C_sky130_fd_sc_hd__o21a_2_X_B1_sky130_fd_sc_hd__a221o_2_X/X (sky130_fd_sc_hd__a221o_1)
                                                         filter.y_out[0]_sky130_fd_sc_hd__dfrtp_2_Q_D_sky130_fd_sc_hd__xor2_2_X_A_sky130_fd_sc_hd__and3b_2_X_C_sky130_fd_sc_hd__a21o_2_X_B1_sky130_fd_sc_hd__a2bb2o_2_X_B1_sky130_fd_sc_hd__a2bb2o_2_X_B1_sky130_fd_sc_hd__or3_2_X_C_sky130_fd_sc_hd__o21a_2_X_B1 (net)
                      0.052493    0.000005    3.377699 v filter.y_out[0]_sky130_fd_sc_hd__dfrtp_2_Q_D_sky130_fd_sc_hd__xor2_2_X_A_sky130_fd_sc_hd__and3b_2_X_C_sky130_fd_sc_hd__a21o_2_X_B1_sky130_fd_sc_hd__a2bb2o_2_X_B1_sky130_fd_sc_hd__a2bb2o_2_X_B1_sky130_fd_sc_hd__or3_2_X_C_sky130_fd_sc_hd__o21a_2_X/B1 (sky130_fd_sc_hd__o21a_1)
     2    0.005061    0.045227    0.112413    3.490112 v filter.y_out[0]_sky130_fd_sc_hd__dfrtp_2_Q_D_sky130_fd_sc_hd__xor2_2_X_A_sky130_fd_sc_hd__and3b_2_X_C_sky130_fd_sc_hd__a21o_2_X_B1_sky130_fd_sc_hd__a2bb2o_2_X_B1_sky130_fd_sc_hd__a2bb2o_2_X_B1_sky130_fd_sc_hd__or3_2_X_C_sky130_fd_sc_hd__o21a_2_X/X (sky130_fd_sc_hd__o21a_1)
                                                         filter.y_out[0]_sky130_fd_sc_hd__dfrtp_2_Q_D_sky130_fd_sc_hd__xor2_2_X_A_sky130_fd_sc_hd__and3b_2_X_C_sky130_fd_sc_hd__a21o_2_X_B1_sky130_fd_sc_hd__a2bb2o_2_X_B1_sky130_fd_sc_hd__a2bb2o_2_X_B1_sky130_fd_sc_hd__or3_2_X_C (net)
                      0.045227    0.000040    3.490152 v filter.y_out[0]_sky130_fd_sc_hd__dfrtp_2_Q_D_sky130_fd_sc_hd__xor2_2_X_A_sky130_fd_sc_hd__and3b_2_X_C_sky130_fd_sc_hd__a21o_2_X_B1_sky130_fd_sc_hd__a2bb2o_2_X_B1_sky130_fd_sc_hd__a2bb2o_2_X_B1_sky130_fd_sc_hd__or3_2_X/C (sky130_fd_sc_hd__or3_1)
     1    0.001834    0.059656    0.290319    3.780471 v filter.y_out[0]_sky130_fd_sc_hd__dfrtp_2_Q_D_sky130_fd_sc_hd__xor2_2_X_A_sky130_fd_sc_hd__and3b_2_X_C_sky130_fd_sc_hd__a21o_2_X_B1_sky130_fd_sc_hd__a2bb2o_2_X_B1_sky130_fd_sc_hd__a2bb2o_2_X_B1_sky130_fd_sc_hd__or3_2_X/X (sky130_fd_sc_hd__or3_1)
                                                         filter.y_out[0]_sky130_fd_sc_hd__dfrtp_2_Q_D_sky130_fd_sc_hd__xor2_2_X_A_sky130_fd_sc_hd__and3b_2_X_C_sky130_fd_sc_hd__a21o_2_X_B1_sky130_fd_sc_hd__a2bb2o_2_X_B1_sky130_fd_sc_hd__a2bb2o_2_X_B1 (net)
                      0.059656    0.000004    3.780474 v filter.y_out[0]_sky130_fd_sc_hd__dfrtp_2_Q_D_sky130_fd_sc_hd__xor2_2_X_A_sky130_fd_sc_hd__and3b_2_X_C_sky130_fd_sc_hd__a21o_2_X_B1_sky130_fd_sc_hd__a2bb2o_2_X_B1_sky130_fd_sc_hd__a2bb2o_2_X/B1 (sky130_fd_sc_hd__a2bb2o_1)
     1    0.003053    0.052002    0.276537    4.057011 v filter.y_out[0]_sky130_fd_sc_hd__dfrtp_2_Q_D_sky130_fd_sc_hd__xor2_2_X_A_sky130_fd_sc_hd__and3b_2_X_C_sky130_fd_sc_hd__a21o_2_X_B1_sky130_fd_sc_hd__a2bb2o_2_X_B1_sky130_fd_sc_hd__a2bb2o_2_X/X (sky130_fd_sc_hd__a2bb2o_1)
                                                         filter.y_out[0]_sky130_fd_sc_hd__dfrtp_2_Q_D_sky130_fd_sc_hd__xor2_2_X_A_sky130_fd_sc_hd__and3b_2_X_C_sky130_fd_sc_hd__a21o_2_X_B1_sky130_fd_sc_hd__a2bb2o_2_X_B1 (net)
                      0.052002    0.000024    4.057035 v filter.y_out[0]_sky130_fd_sc_hd__dfrtp_2_Q_D_sky130_fd_sc_hd__xor2_2_X_A_sky130_fd_sc_hd__and3b_2_X_C_sky130_fd_sc_hd__a21o_2_X_B1_sky130_fd_sc_hd__a2bb2o_2_X/B1 (sky130_fd_sc_hd__a2bb2o_1)
     1    0.005012    0.060892    0.286823    4.343857 v filter.y_out[0]_sky130_fd_sc_hd__dfrtp_2_Q_D_sky130_fd_sc_hd__xor2_2_X_A_sky130_fd_sc_hd__and3b_2_X_C_sky130_fd_sc_hd__a21o_2_X_B1_sky130_fd_sc_hd__a2bb2o_2_X/X (sky130_fd_sc_hd__a2bb2o_1)
                                                         filter.y_out[0]_sky130_fd_sc_hd__dfrtp_2_Q_D_sky130_fd_sc_hd__xor2_2_X_A_sky130_fd_sc_hd__and3b_2_X_C_sky130_fd_sc_hd__a21o_2_X_B1 (net)
                      0.060892    0.000042    4.343899 v filter.y_out[0]_sky130_fd_sc_hd__dfrtp_2_Q_D_sky130_fd_sc_hd__xor2_2_X_A_sky130_fd_sc_hd__and3b_2_X_C_sky130_fd_sc_hd__a21o_2_X/B1 (sky130_fd_sc_hd__a21o_1)
     1    0.003806    0.037474    0.159167    4.503066 v filter.y_out[0]_sky130_fd_sc_hd__dfrtp_2_Q_D_sky130_fd_sc_hd__xor2_2_X_A_sky130_fd_sc_hd__and3b_2_X_C_sky130_fd_sc_hd__a21o_2_X/X (sky130_fd_sc_hd__a21o_1)
                                                         filter.y_out[0]_sky130_fd_sc_hd__dfrtp_2_Q_D_sky130_fd_sc_hd__xor2_2_X_A_sky130_fd_sc_hd__and3b_2_X_C (net)
                      0.037474    0.000040    4.503106 v filter.y_out[0]_sky130_fd_sc_hd__dfrtp_2_Q_D_sky130_fd_sc_hd__xor2_2_X_A_sky130_fd_sc_hd__and3b_2_X/C (sky130_fd_sc_hd__and3b_1)
     2    0.007778    0.058526    0.194403    4.697509 v filter.y_out[0]_sky130_fd_sc_hd__dfrtp_2_Q_D_sky130_fd_sc_hd__xor2_2_X_A_sky130_fd_sc_hd__and3b_2_X/X (sky130_fd_sc_hd__and3b_1)
                                                         filter.y_out[0]_sky130_fd_sc_hd__dfrtp_2_Q_D_sky130_fd_sc_hd__xor2_2_X_A (net)
                      0.058526    0.000075    4.697583 v filter.y_out[1]_sky130_fd_sc_hd__dfrtp_2_Q_D_sky130_fd_sc_hd__xor2_2_X_A_sky130_fd_sc_hd__a2bb2o_2_X/B2 (sky130_fd_sc_hd__a2bb2o_2)
     3    0.016597    0.076893    0.280000    4.977583 v filter.y_out[1]_sky130_fd_sc_hd__dfrtp_2_Q_D_sky130_fd_sc_hd__xor2_2_X_A_sky130_fd_sc_hd__a2bb2o_2_X/X (sky130_fd_sc_hd__a2bb2o_2)
                                                         filter.y_out[1]_sky130_fd_sc_hd__dfrtp_2_Q_D_sky130_fd_sc_hd__xor2_2_X_A (net)
                      0.076895    0.000573    4.978156 v filter.y_out[2]_sky130_fd_sc_hd__dfrtp_2_Q_D_sky130_fd_sc_hd__xor2_2_X_B_sky130_fd_sc_hd__a21bo_2_X/A1 (sky130_fd_sc_hd__a21bo_1)
     1    0.004679    0.044059    0.183778    5.161934 v filter.y_out[2]_sky130_fd_sc_hd__dfrtp_2_Q_D_sky130_fd_sc_hd__xor2_2_X_B_sky130_fd_sc_hd__a21bo_2_X/X (sky130_fd_sc_hd__a21bo_1)
                                                         filter.y_out[2]_sky130_fd_sc_hd__dfrtp_2_Q_D_sky130_fd_sc_hd__xor2_2_X_B (net)
                      0.044059    0.000009    5.161944 v filter.y_out[2]_sky130_fd_sc_hd__dfrtp_2_Q_D_sky130_fd_sc_hd__xor2_2_X/B (sky130_fd_sc_hd__xor2_1)
     1    0.004638    0.069427    0.144220    5.306164 v filter.y_out[2]_sky130_fd_sc_hd__dfrtp_2_Q_D_sky130_fd_sc_hd__xor2_2_X/X (sky130_fd_sc_hd__xor2_1)
                                                         filter.y_out[2]_sky130_fd_sc_hd__dfrtp_2_Q_D (net)
                      0.069427    0.000057    5.306221 v filter.y_out[2]_sky130_fd_sc_hd__dfrtp_2_Q/D (sky130_fd_sc_hd__dfrtp_4)
                                              5.306221   data arrival time

                                 30.000000   30.000000   clock clk (rise edge)
                                  0.000000   30.000000   clock source latency
     1    0.028310    0.132872    0.092459   30.092459 ^ clk (in)
                                                         clk (net)
                      0.132912    0.000000   30.092459 ^ clkbuf_0_clk/A (sky130_fd_sc_hd__clkbuf_16)
     8    0.108967    0.123112    0.223171   30.315630 ^ clkbuf_0_clk/X (sky130_fd_sc_hd__clkbuf_16)
                                                         clknet_0_clk (net)
                      0.123131    0.001247   30.316877 ^ clkbuf_3_6__f_clk/A (sky130_fd_sc_hd__clkbuf_16)
     9    0.045466    0.064752    0.174609   30.491486 ^ clkbuf_3_6__f_clk/X (sky130_fd_sc_hd__clkbuf_16)
                                                         clknet_3_6__leaf_clk (net)
                      0.064754    0.000423   30.491909 ^ filter.y_out[2]_sky130_fd_sc_hd__dfrtp_2_Q/CLK (sky130_fd_sc_hd__dfrtp_4)
                                 -0.250000   30.241907   clock uncertainty
                                  0.000000   30.241907   clock reconvergence pessimism
                                 -0.120399   30.121510   library setup time
                                             30.121510   data required time
---------------------------------------------------------------------------------------------
                                             30.121510   data required time
                                             -5.306221   data arrival time
---------------------------------------------------------------------------------------------
                                             24.815289   slack (MET)


Startpoint: filter.y_out[2]_sky130_fd_sc_hd__dfrtp_2_Q
            (rising edge-triggered flip-flop clocked by clk)
Endpoint: filter.y_out[1]_sky130_fd_sc_hd__dfrtp_2_Q
          (rising edge-triggered flip-flop clocked by clk)
Path Group: clk
Path Type: max

Fanout         Cap        Slew       Delay        Time   Description
---------------------------------------------------------------------------------------------
                                  0.000000    0.000000   clock clk (rise edge)
                                  0.000000    0.000000   clock source latency
     1    0.028310    0.132872    0.092458    0.092458 ^ clk (in)
                                                         clk (net)
                      0.132912    0.000000    0.092458 ^ clkbuf_0_clk/A (sky130_fd_sc_hd__clkbuf_16)
     8    0.108967    0.123112    0.223171    0.315629 ^ clkbuf_0_clk/X (sky130_fd_sc_hd__clkbuf_16)
                                                         clknet_0_clk (net)
                      0.123131    0.001246    0.316876 ^ clkbuf_3_6__f_clk/A (sky130_fd_sc_hd__clkbuf_16)
     9    0.045466    0.064752    0.174611    0.491487 ^ clkbuf_3_6__f_clk/X (sky130_fd_sc_hd__clkbuf_16)
                                                         clknet_3_6__leaf_clk (net)
                      0.064754    0.000423    0.491910 ^ filter.y_out[2]_sky130_fd_sc_hd__dfrtp_2_Q/CLK (sky130_fd_sc_hd__dfrtp_4)
     6    0.052652    0.122859    0.561044    1.052954 v filter.y_out[2]_sky130_fd_sc_hd__dfrtp_2_Q/Q (sky130_fd_sc_hd__dfrtp_4)
                                                         filter.y_out[2] (net)
                      0.122890    0.001910    1.054864 v filter.y_out[2]_sky130_fd_sc_hd__xor2_2_A/A (sky130_fd_sc_hd__xor2_4)
     4    0.033338    0.273275    0.312632    1.367497 ^ filter.y_out[2]_sky130_fd_sc_hd__xor2_2_A/X (sky130_fd_sc_hd__xor2_4)
                                                         filter.x_in[2]_sky130_fd_sc_hd__inv_2_A_Y_sky130_fd_sc_hd__o2bb2ai_2_B2_A2_N_sky130_fd_sc_hd__a21o_2_B1_A2 (net)
                      0.273275    0.000083    1.367580 ^ filter.y_out[1]_sky130_fd_sc_hd__xor2_2_A/B (sky130_fd_sc_hd__xor2_4)
    10    0.043496    0.148820    0.189665    1.557244 v filter.y_out[1]_sky130_fd_sc_hd__xor2_2_A/X (sky130_fd_sc_hd__xor2_4)
                                                         filter.y_out[1]_sky130_fd_sc_hd__xor2_2_A_X (net)
                      0.148820    0.000067    1.557311 v filter.x_in[10]_sky130_fd_sc_hd__or2_2_A_B_sky130_fd_sc_hd__xor2_2_X_B_sky130_fd_sc_hd__a31o_2_X_A3_sky130_fd_sc_hd__xnor2_2_Y_A_sky130_fd_sc_hd__o21ai_2_B1_Y_sky130_fd_sc_hd__xnor2_2_A_B_sky130_fd_sc_hd__and3_2_X_B_sky130_fd_sc_hd__or3_2_X/B (sky130_fd_sc_hd__or3_2)
     5    0.014956    0.114747    0.540498    2.097809 v filter.x_in[10]_sky130_fd_sc_hd__or2_2_A_B_sky130_fd_sc_hd__xor2_2_X_B_sky130_fd_sc_hd__a31o_2_X_A3_sky130_fd_sc_hd__xnor2_2_Y_A_sky130_fd_sc_hd__o21ai_2_B1_Y_sky130_fd_sc_hd__xnor2_2_A_B_sky130_fd_sc_hd__and3_2_X_B_sky130_fd_sc_hd__or3_2_X/X (sky130_fd_sc_hd__or3_2)
                                                         filter.x_in[10]_sky130_fd_sc_hd__or2_2_A_B_sky130_fd_sc_hd__xor2_2_X_B_sky130_fd_sc_hd__a31o_2_X_A3_sky130_fd_sc_hd__xnor2_2_Y_A_sky130_fd_sc_hd__o21ai_2_B1_Y_sky130_fd_sc_hd__xnor2_2_A_B_sky130_fd_sc_hd__and3_2_X_B (net)
                      0.114747    0.000334    2.098143 v filter.x_in[10]_sky130_fd_sc_hd__or2_2_A_B_sky130_fd_sc_hd__xor2_2_X_B_sky130_fd_sc_hd__a31o_2_X_A3_sky130_fd_sc_hd__xnor2_2_Y_A_sky130_fd_sc_hd__o21ai_2_B1_Y_sky130_fd_sc_hd__xnor2_2_A_B_sky130_fd_sc_hd__and3_2_X/B (sky130_fd_sc_hd__and3_1)
     3    0.009657    0.065507    0.223131    2.321274 v filter.x_in[10]_sky130_fd_sc_hd__or2_2_A_B_sky130_fd_sc_hd__xor2_2_X_B_sky130_fd_sc_hd__a31o_2_X_A3_sky130_fd_sc_hd__xnor2_2_Y_A_sky130_fd_sc_hd__o21ai_2_B1_Y_sky130_fd_sc_hd__xnor2_2_A_B_sky130_fd_sc_hd__and3_2_X/X (sky130_fd_sc_hd__and3_1)
                                                         filter.x_in[10]_sky130_fd_sc_hd__or2_2_A_B_sky130_fd_sc_hd__xor2_2_X_B_sky130_fd_sc_hd__a31o_2_X_A3_sky130_fd_sc_hd__xnor2_2_Y_A_sky130_fd_sc_hd__o21ai_2_B1_Y_sky130_fd_sc_hd__xnor2_2_A_B (net)
                      0.065507    0.000010    2.321284 v filter.y_out[0]_sky130_fd_sc_hd__dfrtp_2_Q_D_sky130_fd_sc_hd__xor2_2_X_A_sky130_fd_sc_hd__and3b_2_X_C_sky130_fd_sc_hd__a21o_2_X_B1_sky130_fd_sc_hd__a2bb2o_2_X_A1_N_sky130_fd_sc_hd__o2bb2a_2_X_A1_N_sky130_fd_sc_hd__a32o_2_X_A2_sky130_fd_sc_hd__and4_2_B/C (sky130_fd_sc_hd__and4_1)
     4    0.011256    0.072261    0.231886    2.553170 v filter.y_out[0]_sky130_fd_sc_hd__dfrtp_2_Q_D_sky130_fd_sc_hd__xor2_2_X_A_sky130_fd_sc_hd__and3b_2_X_C_sky130_fd_sc_hd__a21o_2_X_B1_sky130_fd_sc_hd__a2bb2o_2_X_A1_N_sky130_fd_sc_hd__o2bb2a_2_X_A1_N_sky130_fd_sc_hd__a32o_2_X_A2_sky130_fd_sc_hd__and4_2_B/X (sky130_fd_sc_hd__and4_1)
                                                         filter.y_out[0]_sky130_fd_sc_hd__dfrtp_2_Q_D_sky130_fd_sc_hd__xor2_2_X_A_sky130_fd_sc_hd__and3b_2_X_C_sky130_fd_sc_hd__a21o_2_X_B1_sky130_fd_sc_hd__a2bb2o_2_X_A1_N_sky130_fd_sc_hd__o2bb2a_2_X_A1_N_sky130_fd_sc_hd__a32o_2_X_A2_sky130_fd_sc_hd__and4_2_B_X (net)
                      0.072261    0.000041    2.553211 v filter.y_out[0]_sky130_fd_sc_hd__dfrtp_2_Q_D_sky130_fd_sc_hd__xor2_2_X_A_sky130_fd_sc_hd__and3b_2_X_C_sky130_fd_sc_hd__a21o_2_X_B1_sky130_fd_sc_hd__a2bb2o_2_X_B1_sky130_fd_sc_hd__a2bb2o_2_X_B2_sky130_fd_sc_hd__o32a_2_X_A2_sky130_fd_sc_hd__nor3_2_Y/B (sky130_fd_sc_hd__nor3_1)
     3    0.008341    0.296714    0.282430    2.835641 ^ filter.y_out[0]_sky130_fd_sc_hd__dfrtp_2_Q_D_sky130_fd_sc_hd__xor2_2_X_A_sky130_fd_sc_hd__and3b_2_X_C_sky130_fd_sc_hd__a21o_2_X_B1_sky130_fd_sc_hd__a2bb2o_2_X_B1_sky130_fd_sc_hd__a2bb2o_2_X_B2_sky130_fd_sc_hd__o32a_2_X_A2_sky130_fd_sc_hd__nor3_2_Y/Y (sky130_fd_sc_hd__nor3_1)
                                                         filter.y_out[0]_sky130_fd_sc_hd__dfrtp_2_Q_D_sky130_fd_sc_hd__xor2_2_X_A_sky130_fd_sc_hd__and3b_2_X_C_sky130_fd_sc_hd__a21o_2_X_B1_sky130_fd_sc_hd__a2bb2o_2_X_B1_sky130_fd_sc_hd__a2bb2o_2_X_B2_sky130_fd_sc_hd__o32a_2_X_A2 (net)
                      0.296714    0.000010    2.835651 ^ filter.y_out[0]_sky130_fd_sc_hd__dfrtp_2_Q_D_sky130_fd_sc_hd__xor2_2_X_A_sky130_fd_sc_hd__and3b_2_X_C_sky130_fd_sc_hd__a21o_2_X_B1_sky130_fd_sc_hd__a2bb2o_2_X_B1_sky130_fd_sc_hd__a2bb2o_2_X_B2_sky130_fd_sc_hd__o32a_2_X_A2_sky130_fd_sc_hd__and2b_2_A_N/A_N (sky130_fd_sc_hd__and2b_1)
     2    0.005935    0.046805    0.236614    3.072265 v filter.y_out[0]_sky130_fd_sc_hd__dfrtp_2_Q_D_sky130_fd_sc_hd__xor2_2_X_A_sky130_fd_sc_hd__and3b_2_X_C_sky130_fd_sc_hd__a21o_2_X_B1_sky130_fd_sc_hd__a2bb2o_2_X_B1_sky130_fd_sc_hd__a2bb2o_2_X_B2_sky130_fd_sc_hd__o32a_2_X_A2_sky130_fd_sc_hd__and2b_2_A_N/X (sky130_fd_sc_hd__and2b_1)
                                                         filter.y_out[0]_sky130_fd_sc_hd__dfrtp_2_Q_D_sky130_fd_sc_hd__xor2_2_X_A_sky130_fd_sc_hd__and3b_2_X_C_sky130_fd_sc_hd__a21o_2_X_B1_sky130_fd_sc_hd__a2bb2o_2_X_B1_sky130_fd_sc_hd__a2bb2o_2_X_B1_sky130_fd_sc_hd__or3_2_X_C_sky130_fd_sc_hd__o21a_2_X_A1 (net)
                      0.046805    0.000042    3.072307 v filter.y_out[0]_sky130_fd_sc_hd__dfrtp_2_Q_D_sky130_fd_sc_hd__xor2_2_X_A_sky130_fd_sc_hd__and3b_2_X_C_sky130_fd_sc_hd__a21o_2_X_B1_sky130_fd_sc_hd__a2bb2o_2_X_B1_sky130_fd_sc_hd__a2bb2o_2_X_B1_sky130_fd_sc_hd__or3_2_X_C_sky130_fd_sc_hd__o21a_2_X_B1_sky130_fd_sc_hd__a221o_2_X/A1 (sky130_fd_sc_hd__a221o_1)
     1    0.002652    0.052493    0.305387    3.377694 v filter.y_out[0]_sky130_fd_sc_hd__dfrtp_2_Q_D_sky130_fd_sc_hd__xor2_2_X_A_sky130_fd_sc_hd__and3b_2_X_C_sky130_fd_sc_hd__a21o_2_X_B1_sky130_fd_sc_hd__a2bb2o_2_X_B1_sky130_fd_sc_hd__a2bb2o_2_X_B1_sky130_fd_sc_hd__or3_2_X_C_sky130_fd_sc_hd__o21a_2_X_B1_sky130_fd_sc_hd__a221o_2_X/X (sky130_fd_sc_hd__a221o_1)
                                                         filter.y_out[0]_sky130_fd_sc_hd__dfrtp_2_Q_D_sky130_fd_sc_hd__xor2_2_X_A_sky130_fd_sc_hd__and3b_2_X_C_sky130_fd_sc_hd__a21o_2_X_B1_sky130_fd_sc_hd__a2bb2o_2_X_B1_sky130_fd_sc_hd__a2bb2o_2_X_B1_sky130_fd_sc_hd__or3_2_X_C_sky130_fd_sc_hd__o21a_2_X_B1 (net)
                      0.052493    0.000005    3.377699 v filter.y_out[0]_sky130_fd_sc_hd__dfrtp_2_Q_D_sky130_fd_sc_hd__xor2_2_X_A_sky130_fd_sc_hd__and3b_2_X_C_sky130_fd_sc_hd__a21o_2_X_B1_sky130_fd_sc_hd__a2bb2o_2_X_B1_sky130_fd_sc_hd__a2bb2o_2_X_B1_sky130_fd_sc_hd__or3_2_X_C_sky130_fd_sc_hd__o21a_2_X/B1 (sky130_fd_sc_hd__o21a_1)
     2    0.005061    0.045227    0.112413    3.490112 v filter.y_out[0]_sky130_fd_sc_hd__dfrtp_2_Q_D_sky130_fd_sc_hd__xor2_2_X_A_sky130_fd_sc_hd__and3b_2_X_C_sky130_fd_sc_hd__a21o_2_X_B1_sky130_fd_sc_hd__a2bb2o_2_X_B1_sky130_fd_sc_hd__a2bb2o_2_X_B1_sky130_fd_sc_hd__or3_2_X_C_sky130_fd_sc_hd__o21a_2_X/X (sky130_fd_sc_hd__o21a_1)
                                                         filter.y_out[0]_sky130_fd_sc_hd__dfrtp_2_Q_D_sky130_fd_sc_hd__xor2_2_X_A_sky130_fd_sc_hd__and3b_2_X_C_sky130_fd_sc_hd__a21o_2_X_B1_sky130_fd_sc_hd__a2bb2o_2_X_B1_sky130_fd_sc_hd__a2bb2o_2_X_B1_sky130_fd_sc_hd__or3_2_X_C (net)
                      0.045227    0.000040    3.490152 v filter.y_out[0]_sky130_fd_sc_hd__dfrtp_2_Q_D_sky130_fd_sc_hd__xor2_2_X_A_sky130_fd_sc_hd__and3b_2_X_C_sky130_fd_sc_hd__a21o_2_X_B1_sky130_fd_sc_hd__a2bb2o_2_X_B1_sky130_fd_sc_hd__a2bb2o_2_X_B1_sky130_fd_sc_hd__or3_2_X/C (sky130_fd_sc_hd__or3_1)
     1    0.001834    0.059656    0.290319    3.780471 v filter.y_out[0]_sky130_fd_sc_hd__dfrtp_2_Q_D_sky130_fd_sc_hd__xor2_2_X_A_sky130_fd_sc_hd__and3b_2_X_C_sky130_fd_sc_hd__a21o_2_X_B1_sky130_fd_sc_hd__a2bb2o_2_X_B1_sky130_fd_sc_hd__a2bb2o_2_X_B1_sky130_fd_sc_hd__or3_2_X/X (sky130_fd_sc_hd__or3_1)
                                                         filter.y_out[0]_sky130_fd_sc_hd__dfrtp_2_Q_D_sky130_fd_sc_hd__xor2_2_X_A_sky130_fd_sc_hd__and3b_2_X_C_sky130_fd_sc_hd__a21o_2_X_B1_sky130_fd_sc_hd__a2bb2o_2_X_B1_sky130_fd_sc_hd__a2bb2o_2_X_B1 (net)
                      0.059656    0.000004    3.780474 v filter.y_out[0]_sky130_fd_sc_hd__dfrtp_2_Q_D_sky130_fd_sc_hd__xor2_2_X_A_sky130_fd_sc_hd__and3b_2_X_C_sky130_fd_sc_hd__a21o_2_X_B1_sky130_fd_sc_hd__a2bb2o_2_X_B1_sky130_fd_sc_hd__a2bb2o_2_X/B1 (sky130_fd_sc_hd__a2bb2o_1)
     1    0.003053    0.052002    0.276537    4.057011 v filter.y_out[0]_sky130_fd_sc_hd__dfrtp_2_Q_D_sky130_fd_sc_hd__xor2_2_X_A_sky130_fd_sc_hd__and3b_2_X_C_sky130_fd_sc_hd__a21o_2_X_B1_sky130_fd_sc_hd__a2bb2o_2_X_B1_sky130_fd_sc_hd__a2bb2o_2_X/X (sky130_fd_sc_hd__a2bb2o_1)
                                                         filter.y_out[0]_sky130_fd_sc_hd__dfrtp_2_Q_D_sky130_fd_sc_hd__xor2_2_X_A_sky130_fd_sc_hd__and3b_2_X_C_sky130_fd_sc_hd__a21o_2_X_B1_sky130_fd_sc_hd__a2bb2o_2_X_B1 (net)
                      0.052002    0.000024    4.057035 v filter.y_out[0]_sky130_fd_sc_hd__dfrtp_2_Q_D_sky130_fd_sc_hd__xor2_2_X_A_sky130_fd_sc_hd__and3b_2_X_C_sky130_fd_sc_hd__a21o_2_X_B1_sky130_fd_sc_hd__a2bb2o_2_X/B1 (sky130_fd_sc_hd__a2bb2o_1)
     1    0.005012    0.060892    0.286823    4.343857 v filter.y_out[0]_sky130_fd_sc_hd__dfrtp_2_Q_D_sky130_fd_sc_hd__xor2_2_X_A_sky130_fd_sc_hd__and3b_2_X_C_sky130_fd_sc_hd__a21o_2_X_B1_sky130_fd_sc_hd__a2bb2o_2_X/X (sky130_fd_sc_hd__a2bb2o_1)
                                                         filter.y_out[0]_sky130_fd_sc_hd__dfrtp_2_Q_D_sky130_fd_sc_hd__xor2_2_X_A_sky130_fd_sc_hd__and3b_2_X_C_sky130_fd_sc_hd__a21o_2_X_B1 (net)
                      0.060892    0.000042    4.343899 v filter.y_out[0]_sky130_fd_sc_hd__dfrtp_2_Q_D_sky130_fd_sc_hd__xor2_2_X_A_sky130_fd_sc_hd__and3b_2_X_C_sky130_fd_sc_hd__a21o_2_X/B1 (sky130_fd_sc_hd__a21o_1)
     1    0.003806    0.037474    0.159167    4.503066 v filter.y_out[0]_sky130_fd_sc_hd__dfrtp_2_Q_D_sky130_fd_sc_hd__xor2_2_X_A_sky130_fd_sc_hd__and3b_2_X_C_sky130_fd_sc_hd__a21o_2_X/X (sky130_fd_sc_hd__a21o_1)
                                                         filter.y_out[0]_sky130_fd_sc_hd__dfrtp_2_Q_D_sky130_fd_sc_hd__xor2_2_X_A_sky130_fd_sc_hd__and3b_2_X_C (net)
                      0.037474    0.000040    4.503106 v filter.y_out[0]_sky130_fd_sc_hd__dfrtp_2_Q_D_sky130_fd_sc_hd__xor2_2_X_A_sky130_fd_sc_hd__and3b_2_X/C (sky130_fd_sc_hd__and3b_1)
     2    0.007778    0.058526    0.194403    4.697509 v filter.y_out[0]_sky130_fd_sc_hd__dfrtp_2_Q_D_sky130_fd_sc_hd__xor2_2_X_A_sky130_fd_sc_hd__and3b_2_X/X (sky130_fd_sc_hd__and3b_1)
                                                         filter.y_out[0]_sky130_fd_sc_hd__dfrtp_2_Q_D_sky130_fd_sc_hd__xor2_2_X_A (net)
                      0.058526    0.000075    4.697583 v filter.y_out[1]_sky130_fd_sc_hd__dfrtp_2_Q_D_sky130_fd_sc_hd__xor2_2_X_A_sky130_fd_sc_hd__a2bb2o_2_X/B2 (sky130_fd_sc_hd__a2bb2o_2)
     3    0.016597    0.076893    0.280000    4.977583 v filter.y_out[1]_sky130_fd_sc_hd__dfrtp_2_Q_D_sky130_fd_sc_hd__xor2_2_X_A_sky130_fd_sc_hd__a2bb2o_2_X/X (sky130_fd_sc_hd__a2bb2o_2)
                                                         filter.y_out[1]_sky130_fd_sc_hd__dfrtp_2_Q_D_sky130_fd_sc_hd__xor2_2_X_A (net)
                      0.076896    0.000608    4.978192 v filter.y_out[1]_sky130_fd_sc_hd__dfrtp_2_Q_D_sky130_fd_sc_hd__xor2_2_X/A (sky130_fd_sc_hd__xor2_1)
     1    0.002869    0.066772    0.166543    5.144734 v filter.y_out[1]_sky130_fd_sc_hd__dfrtp_2_Q_D_sky130_fd_sc_hd__xor2_2_X/X (sky130_fd_sc_hd__xor2_1)
                                                         filter.y_out[1]_sky130_fd_sc_hd__dfrtp_2_Q_D (net)
                      0.066772    0.000015    5.144749 v filter.y_out[1]_sky130_fd_sc_hd__dfrtp_2_Q/D (sky130_fd_sc_hd__dfrtp_4)
                                              5.144749   data arrival time

                                 30.000000   30.000000   clock clk (rise edge)
                                  0.000000   30.000000   clock source latency
     1    0.028310    0.132872    0.092459   30.092459 ^ clk (in)
                                                         clk (net)
                      0.132912    0.000000   30.092459 ^ clkbuf_0_clk/A (sky130_fd_sc_hd__clkbuf_16)
     8    0.108967    0.123112    0.223171   30.315630 ^ clkbuf_0_clk/X (sky130_fd_sc_hd__clkbuf_16)
                                                         clknet_0_clk (net)
                      0.123134    0.001343   30.316973 ^ clkbuf_3_7__f_clk/A (sky130_fd_sc_hd__clkbuf_16)
     9    0.038153    0.058206    0.169123   30.486095 ^ clkbuf_3_7__f_clk/X (sky130_fd_sc_hd__clkbuf_16)
                                                         clknet_3_7__leaf_clk (net)
                      0.058218    0.000696   30.486794 ^ filter.y_out[1]_sky130_fd_sc_hd__dfrtp_2_Q/CLK (sky130_fd_sc_hd__dfrtp_4)
                                 -0.250000   30.236792   clock uncertainty
                                  0.000000   30.236792   clock reconvergence pessimism
                                 -0.120741   30.116049   library setup time
                                             30.116049   data required time
---------------------------------------------------------------------------------------------
                                             30.116049   data required time
                                             -5.144749   data arrival time
---------------------------------------------------------------------------------------------
                                             24.971300   slack (MET)


Startpoint: filter.y_out[2]_sky130_fd_sc_hd__dfrtp_2_Q
            (rising edge-triggered flip-flop clocked by clk)
Endpoint: filter.y_out[0]_sky130_fd_sc_hd__dfrtp_2_Q
          (rising edge-triggered flip-flop clocked by clk)
Path Group: clk
Path Type: max

Fanout         Cap        Slew       Delay        Time   Description
---------------------------------------------------------------------------------------------
                                  0.000000    0.000000   clock clk (rise edge)
                                  0.000000    0.000000   clock source latency
     1    0.028310    0.132872    0.092458    0.092458 ^ clk (in)
                                                         clk (net)
                      0.132912    0.000000    0.092458 ^ clkbuf_0_clk/A (sky130_fd_sc_hd__clkbuf_16)
     8    0.108967    0.123112    0.223171    0.315629 ^ clkbuf_0_clk/X (sky130_fd_sc_hd__clkbuf_16)
                                                         clknet_0_clk (net)
                      0.123131    0.001246    0.316876 ^ clkbuf_3_6__f_clk/A (sky130_fd_sc_hd__clkbuf_16)
     9    0.045466    0.064752    0.174611    0.491487 ^ clkbuf_3_6__f_clk/X (sky130_fd_sc_hd__clkbuf_16)
                                                         clknet_3_6__leaf_clk (net)
                      0.064754    0.000423    0.491910 ^ filter.y_out[2]_sky130_fd_sc_hd__dfrtp_2_Q/CLK (sky130_fd_sc_hd__dfrtp_4)
     6    0.052652    0.122859    0.561044    1.052954 v filter.y_out[2]_sky130_fd_sc_hd__dfrtp_2_Q/Q (sky130_fd_sc_hd__dfrtp_4)
                                                         filter.y_out[2] (net)
                      0.122890    0.001910    1.054864 v filter.y_out[2]_sky130_fd_sc_hd__xor2_2_A/A (sky130_fd_sc_hd__xor2_4)
     4    0.033338    0.273275    0.312632    1.367497 ^ filter.y_out[2]_sky130_fd_sc_hd__xor2_2_A/X (sky130_fd_sc_hd__xor2_4)
                                                         filter.x_in[2]_sky130_fd_sc_hd__inv_2_A_Y_sky130_fd_sc_hd__o2bb2ai_2_B2_A2_N_sky130_fd_sc_hd__a21o_2_B1_A2 (net)
                      0.273275    0.000083    1.367580 ^ filter.y_out[1]_sky130_fd_sc_hd__xor2_2_A/B (sky130_fd_sc_hd__xor2_4)
    10    0.043496    0.148820    0.189665    1.557244 v filter.y_out[1]_sky130_fd_sc_hd__xor2_2_A/X (sky130_fd_sc_hd__xor2_4)
                                                         filter.y_out[1]_sky130_fd_sc_hd__xor2_2_A_X (net)
                      0.148820    0.000067    1.557311 v filter.x_in[10]_sky130_fd_sc_hd__or2_2_A_B_sky130_fd_sc_hd__xor2_2_X_B_sky130_fd_sc_hd__a31o_2_X_A3_sky130_fd_sc_hd__xnor2_2_Y_A_sky130_fd_sc_hd__o21ai_2_B1_Y_sky130_fd_sc_hd__xnor2_2_A_B_sky130_fd_sc_hd__and3_2_X_B_sky130_fd_sc_hd__or3_2_X/B (sky130_fd_sc_hd__or3_2)
     5    0.014956    0.114747    0.540498    2.097809 v filter.x_in[10]_sky130_fd_sc_hd__or2_2_A_B_sky130_fd_sc_hd__xor2_2_X_B_sky130_fd_sc_hd__a31o_2_X_A3_sky130_fd_sc_hd__xnor2_2_Y_A_sky130_fd_sc_hd__o21ai_2_B1_Y_sky130_fd_sc_hd__xnor2_2_A_B_sky130_fd_sc_hd__and3_2_X_B_sky130_fd_sc_hd__or3_2_X/X (sky130_fd_sc_hd__or3_2)
                                                         filter.x_in[10]_sky130_fd_sc_hd__or2_2_A_B_sky130_fd_sc_hd__xor2_2_X_B_sky130_fd_sc_hd__a31o_2_X_A3_sky130_fd_sc_hd__xnor2_2_Y_A_sky130_fd_sc_hd__o21ai_2_B1_Y_sky130_fd_sc_hd__xnor2_2_A_B_sky130_fd_sc_hd__and3_2_X_B (net)
                      0.114747    0.000334    2.098143 v filter.x_in[10]_sky130_fd_sc_hd__or2_2_A_B_sky130_fd_sc_hd__xor2_2_X_B_sky130_fd_sc_hd__a31o_2_X_A3_sky130_fd_sc_hd__xnor2_2_Y_A_sky130_fd_sc_hd__o21ai_2_B1_Y_sky130_fd_sc_hd__xnor2_2_A_B_sky130_fd_sc_hd__and3_2_X/B (sky130_fd_sc_hd__and3_1)
     3    0.009657    0.065507    0.223131    2.321274 v filter.x_in[10]_sky130_fd_sc_hd__or2_2_A_B_sky130_fd_sc_hd__xor2_2_X_B_sky130_fd_sc_hd__a31o_2_X_A3_sky130_fd_sc_hd__xnor2_2_Y_A_sky130_fd_sc_hd__o21ai_2_B1_Y_sky130_fd_sc_hd__xnor2_2_A_B_sky130_fd_sc_hd__and3_2_X/X (sky130_fd_sc_hd__and3_1)
                                                         filter.x_in[10]_sky130_fd_sc_hd__or2_2_A_B_sky130_fd_sc_hd__xor2_2_X_B_sky130_fd_sc_hd__a31o_2_X_A3_sky130_fd_sc_hd__xnor2_2_Y_A_sky130_fd_sc_hd__o21ai_2_B1_Y_sky130_fd_sc_hd__xnor2_2_A_B (net)
                      0.065507    0.000010    2.321284 v filter.y_out[0]_sky130_fd_sc_hd__dfrtp_2_Q_D_sky130_fd_sc_hd__xor2_2_X_A_sky130_fd_sc_hd__and3b_2_X_C_sky130_fd_sc_hd__a21o_2_X_B1_sky130_fd_sc_hd__a2bb2o_2_X_A1_N_sky130_fd_sc_hd__o2bb2a_2_X_A1_N_sky130_fd_sc_hd__a32o_2_X_A2_sky130_fd_sc_hd__and4_2_B/C (sky130_fd_sc_hd__and4_1)
     4    0.011256    0.072261    0.231886    2.553170 v filter.y_out[0]_sky130_fd_sc_hd__dfrtp_2_Q_D_sky130_fd_sc_hd__xor2_2_X_A_sky130_fd_sc_hd__and3b_2_X_C_sky130_fd_sc_hd__a21o_2_X_B1_sky130_fd_sc_hd__a2bb2o_2_X_A1_N_sky130_fd_sc_hd__o2bb2a_2_X_A1_N_sky130_fd_sc_hd__a32o_2_X_A2_sky130_fd_sc_hd__and4_2_B/X (sky130_fd_sc_hd__and4_1)
                                                         filter.y_out[0]_sky130_fd_sc_hd__dfrtp_2_Q_D_sky130_fd_sc_hd__xor2_2_X_A_sky130_fd_sc_hd__and3b_2_X_C_sky130_fd_sc_hd__a21o_2_X_B1_sky130_fd_sc_hd__a2bb2o_2_X_A1_N_sky130_fd_sc_hd__o2bb2a_2_X_A1_N_sky130_fd_sc_hd__a32o_2_X_A2_sky130_fd_sc_hd__and4_2_B_X (net)
                      0.072261    0.000041    2.553211 v filter.y_out[0]_sky130_fd_sc_hd__dfrtp_2_Q_D_sky130_fd_sc_hd__xor2_2_X_A_sky130_fd_sc_hd__and3b_2_X_C_sky130_fd_sc_hd__a21o_2_X_B1_sky130_fd_sc_hd__a2bb2o_2_X_B1_sky130_fd_sc_hd__a2bb2o_2_X_B2_sky130_fd_sc_hd__o32a_2_X_A2_sky130_fd_sc_hd__nor3_2_Y/B (sky130_fd_sc_hd__nor3_1)
     3    0.008341    0.296714    0.282430    2.835641 ^ filter.y_out[0]_sky130_fd_sc_hd__dfrtp_2_Q_D_sky130_fd_sc_hd__xor2_2_X_A_sky130_fd_sc_hd__and3b_2_X_C_sky130_fd_sc_hd__a21o_2_X_B1_sky130_fd_sc_hd__a2bb2o_2_X_B1_sky130_fd_sc_hd__a2bb2o_2_X_B2_sky130_fd_sc_hd__o32a_2_X_A2_sky130_fd_sc_hd__nor3_2_Y/Y (sky130_fd_sc_hd__nor3_1)
                                                         filter.y_out[0]_sky130_fd_sc_hd__dfrtp_2_Q_D_sky130_fd_sc_hd__xor2_2_X_A_sky130_fd_sc_hd__and3b_2_X_C_sky130_fd_sc_hd__a21o_2_X_B1_sky130_fd_sc_hd__a2bb2o_2_X_B1_sky130_fd_sc_hd__a2bb2o_2_X_B2_sky130_fd_sc_hd__o32a_2_X_A2 (net)
                      0.296714    0.000010    2.835651 ^ filter.y_out[0]_sky130_fd_sc_hd__dfrtp_2_Q_D_sky130_fd_sc_hd__xor2_2_X_A_sky130_fd_sc_hd__and3b_2_X_C_sky130_fd_sc_hd__a21o_2_X_B1_sky130_fd_sc_hd__a2bb2o_2_X_B1_sky130_fd_sc_hd__a2bb2o_2_X_B2_sky130_fd_sc_hd__o32a_2_X_A2_sky130_fd_sc_hd__and2b_2_A_N/A_N (sky130_fd_sc_hd__and2b_1)
     2    0.005935    0.046805    0.236614    3.072265 v filter.y_out[0]_sky130_fd_sc_hd__dfrtp_2_Q_D_sky130_fd_sc_hd__xor2_2_X_A_sky130_fd_sc_hd__and3b_2_X_C_sky130_fd_sc_hd__a21o_2_X_B1_sky130_fd_sc_hd__a2bb2o_2_X_B1_sky130_fd_sc_hd__a2bb2o_2_X_B2_sky130_fd_sc_hd__o32a_2_X_A2_sky130_fd_sc_hd__and2b_2_A_N/X (sky130_fd_sc_hd__and2b_1)
                                                         filter.y_out[0]_sky130_fd_sc_hd__dfrtp_2_Q_D_sky130_fd_sc_hd__xor2_2_X_A_sky130_fd_sc_hd__and3b_2_X_C_sky130_fd_sc_hd__a21o_2_X_B1_sky130_fd_sc_hd__a2bb2o_2_X_B1_sky130_fd_sc_hd__a2bb2o_2_X_B1_sky130_fd_sc_hd__or3_2_X_C_sky130_fd_sc_hd__o21a_2_X_A1 (net)
                      0.046805    0.000042    3.072307 v filter.y_out[0]_sky130_fd_sc_hd__dfrtp_2_Q_D_sky130_fd_sc_hd__xor2_2_X_A_sky130_fd_sc_hd__and3b_2_X_C_sky130_fd_sc_hd__a21o_2_X_B1_sky130_fd_sc_hd__a2bb2o_2_X_B1_sky130_fd_sc_hd__a2bb2o_2_X_B1_sky130_fd_sc_hd__or3_2_X_C_sky130_fd_sc_hd__o21a_2_X_B1_sky130_fd_sc_hd__a221o_2_X/A1 (sky130_fd_sc_hd__a221o_1)
     1    0.002652    0.052493    0.305387    3.377694 v filter.y_out[0]_sky130_fd_sc_hd__dfrtp_2_Q_D_sky130_fd_sc_hd__xor2_2_X_A_sky130_fd_sc_hd__and3b_2_X_C_sky130_fd_sc_hd__a21o_2_X_B1_sky130_fd_sc_hd__a2bb2o_2_X_B1_sky130_fd_sc_hd__a2bb2o_2_X_B1_sky130_fd_sc_hd__or3_2_X_C_sky130_fd_sc_hd__o21a_2_X_B1_sky130_fd_sc_hd__a221o_2_X/X (sky130_fd_sc_hd__a221o_1)
                                                         filter.y_out[0]_sky130_fd_sc_hd__dfrtp_2_Q_D_sky130_fd_sc_hd__xor2_2_X_A_sky130_fd_sc_hd__and3b_2_X_C_sky130_fd_sc_hd__a21o_2_X_B1_sky130_fd_sc_hd__a2bb2o_2_X_B1_sky130_fd_sc_hd__a2bb2o_2_X_B1_sky130_fd_sc_hd__or3_2_X_C_sky130_fd_sc_hd__o21a_2_X_B1 (net)
                      0.052493    0.000005    3.377699 v filter.y_out[0]_sky130_fd_sc_hd__dfrtp_2_Q_D_sky130_fd_sc_hd__xor2_2_X_A_sky130_fd_sc_hd__and3b_2_X_C_sky130_fd_sc_hd__a21o_2_X_B1_sky130_fd_sc_hd__a2bb2o_2_X_B1_sky130_fd_sc_hd__a2bb2o_2_X_B1_sky130_fd_sc_hd__or3_2_X_C_sky130_fd_sc_hd__o21a_2_X/B1 (sky130_fd_sc_hd__o21a_1)
     2    0.005061    0.045227    0.112413    3.490112 v filter.y_out[0]_sky130_fd_sc_hd__dfrtp_2_Q_D_sky130_fd_sc_hd__xor2_2_X_A_sky130_fd_sc_hd__and3b_2_X_C_sky130_fd_sc_hd__a21o_2_X_B1_sky130_fd_sc_hd__a2bb2o_2_X_B1_sky130_fd_sc_hd__a2bb2o_2_X_B1_sky130_fd_sc_hd__or3_2_X_C_sky130_fd_sc_hd__o21a_2_X/X (sky130_fd_sc_hd__o21a_1)
                                                         filter.y_out[0]_sky130_fd_sc_hd__dfrtp_2_Q_D_sky130_fd_sc_hd__xor2_2_X_A_sky130_fd_sc_hd__and3b_2_X_C_sky130_fd_sc_hd__a21o_2_X_B1_sky130_fd_sc_hd__a2bb2o_2_X_B1_sky130_fd_sc_hd__a2bb2o_2_X_B1_sky130_fd_sc_hd__or3_2_X_C (net)
                      0.045227    0.000040    3.490152 v filter.y_out[0]_sky130_fd_sc_hd__dfrtp_2_Q_D_sky130_fd_sc_hd__xor2_2_X_A_sky130_fd_sc_hd__and3b_2_X_C_sky130_fd_sc_hd__a21o_2_X_B1_sky130_fd_sc_hd__a2bb2o_2_X_B1_sky130_fd_sc_hd__a2bb2o_2_X_B1_sky130_fd_sc_hd__or3_2_X/C (sky130_fd_sc_hd__or3_1)
     1    0.001834    0.059656    0.290319    3.780471 v filter.y_out[0]_sky130_fd_sc_hd__dfrtp_2_Q_D_sky130_fd_sc_hd__xor2_2_X_A_sky130_fd_sc_hd__and3b_2_X_C_sky130_fd_sc_hd__a21o_2_X_B1_sky130_fd_sc_hd__a2bb2o_2_X_B1_sky130_fd_sc_hd__a2bb2o_2_X_B1_sky130_fd_sc_hd__or3_2_X/X (sky130_fd_sc_hd__or3_1)
                                                         filter.y_out[0]_sky130_fd_sc_hd__dfrtp_2_Q_D_sky130_fd_sc_hd__xor2_2_X_A_sky130_fd_sc_hd__and3b_2_X_C_sky130_fd_sc_hd__a21o_2_X_B1_sky130_fd_sc_hd__a2bb2o_2_X_B1_sky130_fd_sc_hd__a2bb2o_2_X_B1 (net)
                      0.059656    0.000004    3.780474 v filter.y_out[0]_sky130_fd_sc_hd__dfrtp_2_Q_D_sky130_fd_sc_hd__xor2_2_X_A_sky130_fd_sc_hd__and3b_2_X_C_sky130_fd_sc_hd__a21o_2_X_B1_sky130_fd_sc_hd__a2bb2o_2_X_B1_sky130_fd_sc_hd__a2bb2o_2_X/B1 (sky130_fd_sc_hd__a2bb2o_1)
     1    0.003053    0.052002    0.276537    4.057011 v filter.y_out[0]_sky130_fd_sc_hd__dfrtp_2_Q_D_sky130_fd_sc_hd__xor2_2_X_A_sky130_fd_sc_hd__and3b_2_X_C_sky130_fd_sc_hd__a21o_2_X_B1_sky130_fd_sc_hd__a2bb2o_2_X_B1_sky130_fd_sc_hd__a2bb2o_2_X/X (sky130_fd_sc_hd__a2bb2o_1)
                                                         filter.y_out[0]_sky130_fd_sc_hd__dfrtp_2_Q_D_sky130_fd_sc_hd__xor2_2_X_A_sky130_fd_sc_hd__and3b_2_X_C_sky130_fd_sc_hd__a21o_2_X_B1_sky130_fd_sc_hd__a2bb2o_2_X_B1 (net)
                      0.052002    0.000024    4.057035 v filter.y_out[0]_sky130_fd_sc_hd__dfrtp_2_Q_D_sky130_fd_sc_hd__xor2_2_X_A_sky130_fd_sc_hd__and3b_2_X_C_sky130_fd_sc_hd__a21o_2_X_B1_sky130_fd_sc_hd__a2bb2o_2_X/B1 (sky130_fd_sc_hd__a2bb2o_1)
     1    0.005012    0.060892    0.286823    4.343857 v filter.y_out[0]_sky130_fd_sc_hd__dfrtp_2_Q_D_sky130_fd_sc_hd__xor2_2_X_A_sky130_fd_sc_hd__and3b_2_X_C_sky130_fd_sc_hd__a21o_2_X_B1_sky130_fd_sc_hd__a2bb2o_2_X/X (sky130_fd_sc_hd__a2bb2o_1)
                                                         filter.y_out[0]_sky130_fd_sc_hd__dfrtp_2_Q_D_sky130_fd_sc_hd__xor2_2_X_A_sky130_fd_sc_hd__and3b_2_X_C_sky130_fd_sc_hd__a21o_2_X_B1 (net)
                      0.060892    0.000042    4.343899 v filter.y_out[0]_sky130_fd_sc_hd__dfrtp_2_Q_D_sky130_fd_sc_hd__xor2_2_X_A_sky130_fd_sc_hd__and3b_2_X_C_sky130_fd_sc_hd__a21o_2_X/B1 (sky130_fd_sc_hd__a21o_1)
     1    0.003806    0.037474    0.159167    4.503066 v filter.y_out[0]_sky130_fd_sc_hd__dfrtp_2_Q_D_sky130_fd_sc_hd__xor2_2_X_A_sky130_fd_sc_hd__and3b_2_X_C_sky130_fd_sc_hd__a21o_2_X/X (sky130_fd_sc_hd__a21o_1)
                                                         filter.y_out[0]_sky130_fd_sc_hd__dfrtp_2_Q_D_sky130_fd_sc_hd__xor2_2_X_A_sky130_fd_sc_hd__and3b_2_X_C (net)
                      0.037474    0.000040    4.503106 v filter.y_out[0]_sky130_fd_sc_hd__dfrtp_2_Q_D_sky130_fd_sc_hd__xor2_2_X_A_sky130_fd_sc_hd__and3b_2_X/C (sky130_fd_sc_hd__and3b_1)
     2    0.007778    0.058526    0.194403    4.697509 v filter.y_out[0]_sky130_fd_sc_hd__dfrtp_2_Q_D_sky130_fd_sc_hd__xor2_2_X_A_sky130_fd_sc_hd__and3b_2_X/X (sky130_fd_sc_hd__and3b_1)
                                                         filter.y_out[0]_sky130_fd_sc_hd__dfrtp_2_Q_D_sky130_fd_sc_hd__xor2_2_X_A (net)
                      0.058526    0.000080    4.697589 v filter.y_out[0]_sky130_fd_sc_hd__dfrtp_2_Q_D_sky130_fd_sc_hd__xor2_2_X/A (sky130_fd_sc_hd__xor2_1)
     1    0.002849    0.066960    0.159102    4.856691 v filter.y_out[0]_sky130_fd_sc_hd__dfrtp_2_Q_D_sky130_fd_sc_hd__xor2_2_X/X (sky130_fd_sc_hd__xor2_1)
                                                         filter.y_out[0]_sky130_fd_sc_hd__dfrtp_2_Q_D (net)
                      0.066960    0.000015    4.856706 v filter.y_out[0]_sky130_fd_sc_hd__dfrtp_2_Q/D (sky130_fd_sc_hd__dfrtp_4)
                                              4.856706   data arrival time

                                 30.000000   30.000000   clock clk (rise edge)
                                  0.000000   30.000000   clock source latency
     1    0.028310    0.132872    0.092459   30.092459 ^ clk (in)
                                                         clk (net)
                      0.132912    0.000000   30.092459 ^ clkbuf_0_clk/A (sky130_fd_sc_hd__clkbuf_16)
     8    0.108967    0.123112    0.223171   30.315630 ^ clkbuf_0_clk/X (sky130_fd_sc_hd__clkbuf_16)
                                                         clknet_0_clk (net)
                      0.123131    0.001247   30.316877 ^ clkbuf_3_6__f_clk/A (sky130_fd_sc_hd__clkbuf_16)
     9    0.045466    0.064752    0.174609   30.491486 ^ clkbuf_3_6__f_clk/X (sky130_fd_sc_hd__clkbuf_16)
                                                         clknet_3_6__leaf_clk (net)
                      0.064754    0.000462   30.491947 ^ filter.y_out[0]_sky130_fd_sc_hd__dfrtp_2_Q/CLK (sky130_fd_sc_hd__dfrtp_4)
                                 -0.250000   30.241947   clock uncertainty
                                  0.000000   30.241947   clock reconvergence pessimism
                                 -0.119324   30.122622   library setup time
                                             30.122622   data required time
---------------------------------------------------------------------------------------------
                                             30.122622   data required time
                                             -4.856706   data arrival time
---------------------------------------------------------------------------------------------
                                             25.265917   slack (MET)



