
===========================================================================
report_checks -path_delay min (Hold)
============================================================================
======================= nom_tt_025C_1v80 Corner ===================================

Startpoint: spi_in.bit_cnt[2]_sky130_fd_sc_hd__dfrtp_2_Q
            (rising edge-triggered flip-flop clocked by clk)
Endpoint: spi_in.bit_cnt[2]_sky130_fd_sc_hd__dfrtp_2_Q
          (rising edge-triggered flip-flop clocked by clk)
Path Group: clk
Path Type: min

Fanout         Cap        Slew       Delay        Time   Description
---------------------------------------------------------------------------------------------
                                  0.000000    0.000000   clock clk (rise edge)
                                  0.000000    0.000000   clock source latency
     1    0.028310    0.132872    0.092458    0.092458 ^ clk (in)
                                                         clk (net)
                      0.132912    0.000000    0.092458 ^ clkbuf_0_clk/A (sky130_fd_sc_hd__clkbuf_16)
     8    0.108967    0.123112    0.223171    0.315629 ^ clkbuf_0_clk/X (sky130_fd_sc_hd__clkbuf_16)
                                                         clknet_0_clk (net)
                      0.123294    0.003785    0.319414 ^ clkbuf_3_5__f_clk/A (sky130_fd_sc_hd__clkbuf_16)
    13    0.042872    0.062425    0.172723    0.492137 ^ clkbuf_3_5__f_clk/X (sky130_fd_sc_hd__clkbuf_16)
                                                         clknet_3_5__leaf_clk (net)
                      0.062425    0.000267    0.492404 ^ spi_in.bit_cnt[2]_sky130_fd_sc_hd__dfrtp_2_Q/CLK (sky130_fd_sc_hd__dfrtp_1)
     3    0.009211    0.096882    0.364853    0.857257 ^ spi_in.bit_cnt[2]_sky130_fd_sc_hd__dfrtp_2_Q/Q (sky130_fd_sc_hd__dfrtp_1)
                                                         spi_in.bit_cnt[2] (net)
                      0.096882    0.000022    0.857279 ^ spi_in.bit_cnt[2]_sky130_fd_sc_hd__xor2_2_A/A (sky130_fd_sc_hd__xor2_1)
     1    0.002166    0.034265    0.069437    0.926716 v spi_in.bit_cnt[2]_sky130_fd_sc_hd__xor2_2_A/X (sky130_fd_sc_hd__xor2_1)
                                                         spi_in.bit_cnt[2]_sky130_fd_sc_hd__dfrtp_2_Q_D (net)
                      0.034265    0.000002    0.926718 v spi_in.bit_cnt[2]_sky130_fd_sc_hd__dfrtp_2_Q/D (sky130_fd_sc_hd__dfrtp_1)
                                              0.926718   data arrival time

                                  0.000000    0.000000   clock clk (rise edge)
                                  0.000000    0.000000   clock source latency
     1    0.028310    0.132872    0.092458    0.092458 ^ clk (in)
                                                         clk (net)
                      0.132912    0.000000    0.092458 ^ clkbuf_0_clk/A (sky130_fd_sc_hd__clkbuf_16)
     8    0.108967    0.123112    0.223171    0.315629 ^ clkbuf_0_clk/X (sky130_fd_sc_hd__clkbuf_16)
                                                         clknet_0_clk (net)
                      0.123294    0.003785    0.319414 ^ clkbuf_3_5__f_clk/A (sky130_fd_sc_hd__clkbuf_16)
    13    0.042872    0.062425    0.172723    0.492137 ^ clkbuf_3_5__f_clk/X (sky130_fd_sc_hd__clkbuf_16)
                                                         clknet_3_5__leaf_clk (net)
                      0.062425    0.000267    0.492404 ^ spi_in.bit_cnt[2]_sky130_fd_sc_hd__dfrtp_2_Q/CLK (sky130_fd_sc_hd__dfrtp_1)
                                  0.250000    0.742404   clock uncertainty
                                  0.000000    0.742404   clock reconvergence pessimism
                                 -0.037431    0.704973   library hold time
                                              0.704973   data required time
---------------------------------------------------------------------------------------------
                                              0.704973   data required time
                                             -0.926718   data arrival time
---------------------------------------------------------------------------------------------
                                              0.221746   slack (MET)


Startpoint: spi_out.shift_reg[9]_sky130_fd_sc_hd__dfrtp_2_Q
            (rising edge-triggered flip-flop clocked by clk)
Endpoint: spi_out.shift_reg[9]_sky130_fd_sc_hd__dfrtp_2_Q
          (rising edge-triggered flip-flop clocked by clk)
Path Group: clk
Path Type: min

Fanout         Cap        Slew       Delay        Time   Description
---------------------------------------------------------------------------------------------
                                  0.000000    0.000000   clock clk (rise edge)
                                  0.000000    0.000000   clock source latency
     1    0.028310    0.132872    0.092458    0.092458 ^ clk (in)
                                                         clk (net)
                      0.132912    0.000000    0.092458 ^ clkbuf_0_clk/A (sky130_fd_sc_hd__clkbuf_16)
     8    0.108967    0.123112    0.223171    0.315629 ^ clkbuf_0_clk/X (sky130_fd_sc_hd__clkbuf_16)
                                                         clknet_0_clk (net)
                      0.123305    0.003900    0.319530 ^ clkbuf_3_0__f_clk/A (sky130_fd_sc_hd__clkbuf_16)
    10    0.037145    0.057367    0.168557    0.488087 ^ clkbuf_3_0__f_clk/X (sky130_fd_sc_hd__clkbuf_16)
                                                         clknet_3_0__leaf_clk (net)
                      0.057367    0.000085    0.488172 ^ spi_out.shift_reg[9]_sky130_fd_sc_hd__dfrtp_2_Q/CLK (sky130_fd_sc_hd__dfrtp_1)
     2    0.004315    0.058666    0.329891    0.818062 ^ spi_out.shift_reg[9]_sky130_fd_sc_hd__dfrtp_2_Q/Q (sky130_fd_sc_hd__dfrtp_1)
                                                         spi_out.shift_reg[9] (net)
                      0.058666    0.000012    0.818074 ^ spi_out.shift_reg[9]_sky130_fd_sc_hd__mux2_1_A0/A0 (sky130_fd_sc_hd__mux2_1)
     1    0.002367    0.039378    0.115662    0.933736 ^ spi_out.shift_reg[9]_sky130_fd_sc_hd__mux2_1_A0/X (sky130_fd_sc_hd__mux2_1)
                                                         spi_out.shift_reg[9]_sky130_fd_sc_hd__dfrtp_2_Q_D (net)
                      0.039378    0.000004    0.933741 ^ spi_out.shift_reg[9]_sky130_fd_sc_hd__dfrtp_2_Q/D (sky130_fd_sc_hd__dfrtp_1)
                                              0.933741   data arrival time

                                  0.000000    0.000000   clock clk (rise edge)
                                  0.000000    0.000000   clock source latency
     1    0.028310    0.132872    0.092458    0.092458 ^ clk (in)
                                                         clk (net)
                      0.132912    0.000000    0.092458 ^ clkbuf_0_clk/A (sky130_fd_sc_hd__clkbuf_16)
     8    0.108967    0.123112    0.223171    0.315629 ^ clkbuf_0_clk/X (sky130_fd_sc_hd__clkbuf_16)
                                                         clknet_0_clk (net)
                      0.123305    0.003900    0.319530 ^ clkbuf_3_0__f_clk/A (sky130_fd_sc_hd__clkbuf_16)
    10    0.037145    0.057367    0.168557    0.488087 ^ clkbuf_3_0__f_clk/X (sky130_fd_sc_hd__clkbuf_16)
                                                         clknet_3_0__leaf_clk (net)
                      0.057367    0.000085    0.488172 ^ spi_out.shift_reg[9]_sky130_fd_sc_hd__dfrtp_2_Q/CLK (sky130_fd_sc_hd__dfrtp_1)
                                  0.250000    0.738172   clock uncertainty
                                  0.000000    0.738172   clock reconvergence pessimism
                                 -0.031898    0.706274   library hold time
                                              0.706274   data required time
---------------------------------------------------------------------------------------------
                                              0.706274   data required time
                                             -0.933741   data arrival time
---------------------------------------------------------------------------------------------
                                              0.227467   slack (MET)


Startpoint: spi_out.shift_reg[10]_sky130_fd_sc_hd__dfrtp_2_Q
            (rising edge-triggered flip-flop clocked by clk)
Endpoint: spi_out.shift_reg[10]_sky130_fd_sc_hd__dfrtp_2_Q
          (rising edge-triggered flip-flop clocked by clk)
Path Group: clk
Path Type: min

Fanout         Cap        Slew       Delay        Time   Description
---------------------------------------------------------------------------------------------
                                  0.000000    0.000000   clock clk (rise edge)
                                  0.000000    0.000000   clock source latency
     1    0.028310    0.132872    0.092458    0.092458 ^ clk (in)
                                                         clk (net)
                      0.132912    0.000000    0.092458 ^ clkbuf_0_clk/A (sky130_fd_sc_hd__clkbuf_16)
     8    0.108967    0.123112    0.223171    0.315629 ^ clkbuf_0_clk/X (sky130_fd_sc_hd__clkbuf_16)
                                                         clknet_0_clk (net)
                      0.123305    0.003900    0.319530 ^ clkbuf_3_0__f_clk/A (sky130_fd_sc_hd__clkbuf_16)
    10    0.037145    0.057367    0.168557    0.488087 ^ clkbuf_3_0__f_clk/X (sky130_fd_sc_hd__clkbuf_16)
                                                         clknet_3_0__leaf_clk (net)
                      0.057367    0.000053    0.488139 ^ spi_out.shift_reg[10]_sky130_fd_sc_hd__dfrtp_2_Q/CLK (sky130_fd_sc_hd__dfrtp_1)
     2    0.004395    0.059292    0.330432    0.818571 ^ spi_out.shift_reg[10]_sky130_fd_sc_hd__dfrtp_2_Q/Q (sky130_fd_sc_hd__dfrtp_1)
                                                         spi_out.shift_reg[10] (net)
                      0.059292    0.000013    0.818585 ^ spi_out.shift_reg[10]_sky130_fd_sc_hd__mux2_1_A0/A0 (sky130_fd_sc_hd__mux2_1)
     1    0.002327    0.039065    0.115560    0.934144 ^ spi_out.shift_reg[10]_sky130_fd_sc_hd__mux2_1_A0/X (sky130_fd_sc_hd__mux2_1)
                                                         spi_out.shift_reg[10]_sky130_fd_sc_hd__dfrtp_2_Q_D (net)
                      0.039065    0.000004    0.934148 ^ spi_out.shift_reg[10]_sky130_fd_sc_hd__dfrtp_2_Q/D (sky130_fd_sc_hd__dfrtp_1)
                                              0.934148   data arrival time

                                  0.000000    0.000000   clock clk (rise edge)
                                  0.000000    0.000000   clock source latency
     1    0.028310    0.132872    0.092458    0.092458 ^ clk (in)
                                                         clk (net)
                      0.132912    0.000000    0.092458 ^ clkbuf_0_clk/A (sky130_fd_sc_hd__clkbuf_16)
     8    0.108967    0.123112    0.223171    0.315629 ^ clkbuf_0_clk/X (sky130_fd_sc_hd__clkbuf_16)
                                                         clknet_0_clk (net)
                      0.123305    0.003900    0.319530 ^ clkbuf_3_0__f_clk/A (sky130_fd_sc_hd__clkbuf_16)
    10    0.037145    0.057367    0.168557    0.488087 ^ clkbuf_3_0__f_clk/X (sky130_fd_sc_hd__clkbuf_16)
                                                         clknet_3_0__leaf_clk (net)
                      0.057367    0.000053    0.488139 ^ spi_out.shift_reg[10]_sky130_fd_sc_hd__dfrtp_2_Q/CLK (sky130_fd_sc_hd__dfrtp_1)
                                  0.250000    0.738139   clock uncertainty
                                  0.000000    0.738139   clock reconvergence pessimism
                                 -0.031832    0.706307   library hold time
                                              0.706307   data required time
---------------------------------------------------------------------------------------------
                                              0.706307   data required time
                                             -0.934148   data arrival time
---------------------------------------------------------------------------------------------
                                              0.227841   slack (MET)


Startpoint: spi_out.shift_reg[3]_sky130_fd_sc_hd__dfrtp_2_Q
            (rising edge-triggered flip-flop clocked by clk)
Endpoint: spi_out.shift_reg[3]_sky130_fd_sc_hd__dfrtp_2_Q
          (rising edge-triggered flip-flop clocked by clk)
Path Group: clk
Path Type: min

Fanout         Cap        Slew       Delay        Time   Description
---------------------------------------------------------------------------------------------
                                  0.000000    0.000000   clock clk (rise edge)
                                  0.000000    0.000000   clock source latency
     1    0.028310    0.132872    0.092458    0.092458 ^ clk (in)
                                                         clk (net)
                      0.132912    0.000000    0.092458 ^ clkbuf_0_clk/A (sky130_fd_sc_hd__clkbuf_16)
     8    0.108967    0.123112    0.223171    0.315629 ^ clkbuf_0_clk/X (sky130_fd_sc_hd__clkbuf_16)
                                                         clknet_0_clk (net)
                      0.123270    0.003535    0.319164 ^ clkbuf_3_4__f_clk/A (sky130_fd_sc_hd__clkbuf_16)
    13    0.042847    0.062408    0.172734    0.491898 ^ clkbuf_3_4__f_clk/X (sky130_fd_sc_hd__clkbuf_16)
                                                         clknet_3_4__leaf_clk (net)
                      0.062408    0.000159    0.492058 ^ spi_out.shift_reg[3]_sky130_fd_sc_hd__dfrtp_2_Q/CLK (sky130_fd_sc_hd__dfrtp_1)
     2    0.004143    0.057328    0.330615    0.822672 ^ spi_out.shift_reg[3]_sky130_fd_sc_hd__dfrtp_2_Q/Q (sky130_fd_sc_hd__dfrtp_1)
                                                         spi_out.shift_reg[3] (net)
                      0.057328    0.000004    0.822677 ^ spi_out.shift_reg[3]_sky130_fd_sc_hd__mux2_1_A0/A0 (sky130_fd_sc_hd__mux2_1)
     1    0.002565    0.040939    0.116788    0.939465 ^ spi_out.shift_reg[3]_sky130_fd_sc_hd__mux2_1_A0/X (sky130_fd_sc_hd__mux2_1)
                                                         spi_out.shift_reg[3]_sky130_fd_sc_hd__dfrtp_2_Q_D (net)
                      0.040939    0.000007    0.939471 ^ spi_out.shift_reg[3]_sky130_fd_sc_hd__dfrtp_2_Q/D (sky130_fd_sc_hd__dfrtp_1)
                                              0.939471   data arrival time

                                  0.000000    0.000000   clock clk (rise edge)
                                  0.000000    0.000000   clock source latency
     1    0.028310    0.132872    0.092458    0.092458 ^ clk (in)
                                                         clk (net)
                      0.132912    0.000000    0.092458 ^ clkbuf_0_clk/A (sky130_fd_sc_hd__clkbuf_16)
     8    0.108967    0.123112    0.223171    0.315629 ^ clkbuf_0_clk/X (sky130_fd_sc_hd__clkbuf_16)
                                                         clknet_0_clk (net)
                      0.123270    0.003535    0.319164 ^ clkbuf_3_4__f_clk/A (sky130_fd_sc_hd__clkbuf_16)
    13    0.042847    0.062408    0.172734    0.491898 ^ clkbuf_3_4__f_clk/X (sky130_fd_sc_hd__clkbuf_16)
                                                         clknet_3_4__leaf_clk (net)
                      0.062408    0.000159    0.492058 ^ spi_out.shift_reg[3]_sky130_fd_sc_hd__dfrtp_2_Q/CLK (sky130_fd_sc_hd__dfrtp_1)
                                  0.250000    0.742058   clock uncertainty
                                  0.000000    0.742058   clock reconvergence pessimism
                                 -0.031536    0.710522   library hold time
                                              0.710522   data required time
---------------------------------------------------------------------------------------------
                                              0.710522   data required time
                                             -0.939471   data arrival time
---------------------------------------------------------------------------------------------
                                              0.228950   slack (MET)


Startpoint: spi_out.shift_reg[14]_sky130_fd_sc_hd__dfrtp_2_Q
            (rising edge-triggered flip-flop clocked by clk)
Endpoint: spi_out.shift_reg[14]_sky130_fd_sc_hd__dfrtp_2_Q
          (rising edge-triggered flip-flop clocked by clk)
Path Group: clk
Path Type: min

Fanout         Cap        Slew       Delay        Time   Description
---------------------------------------------------------------------------------------------
                                  0.000000    0.000000   clock clk (rise edge)
                                  0.000000    0.000000   clock source latency
     1    0.028310    0.132872    0.092458    0.092458 ^ clk (in)
                                                         clk (net)
                      0.132912    0.000000    0.092458 ^ clkbuf_0_clk/A (sky130_fd_sc_hd__clkbuf_16)
     8    0.108967    0.123112    0.223171    0.315629 ^ clkbuf_0_clk/X (sky130_fd_sc_hd__clkbuf_16)
                                                         clknet_0_clk (net)
                      0.123241    0.003198    0.318828 ^ clkbuf_3_1__f_clk/A (sky130_fd_sc_hd__clkbuf_16)
    12    0.043307    0.062829    0.173111    0.491939 ^ clkbuf_3_1__f_clk/X (sky130_fd_sc_hd__clkbuf_16)
                                                         clknet_3_1__leaf_clk (net)
                      0.062829    0.000185    0.492124 ^ spi_out.shift_reg[14]_sky130_fd_sc_hd__dfrtp_2_Q/CLK (sky130_fd_sc_hd__dfrtp_1)
     2    0.004390    0.059257    0.332441    0.824565 ^ spi_out.shift_reg[14]_sky130_fd_sc_hd__dfrtp_2_Q/Q (sky130_fd_sc_hd__dfrtp_1)
                                                         spi_out.shift_reg[14] (net)
                      0.059257    0.000005    0.824570 ^ spi_out.shift_reg[14]_sky130_fd_sc_hd__mux2_1_A0/A0 (sky130_fd_sc_hd__mux2_1)
     1    0.002462    0.040131    0.116629    0.941199 ^ spi_out.shift_reg[14]_sky130_fd_sc_hd__mux2_1_A0/X (sky130_fd_sc_hd__mux2_1)
                                                         spi_out.shift_reg[14]_sky130_fd_sc_hd__dfrtp_2_Q_D (net)
                      0.040131    0.000006    0.941204 ^ spi_out.shift_reg[14]_sky130_fd_sc_hd__dfrtp_2_Q/D (sky130_fd_sc_hd__dfrtp_1)
                                              0.941204   data arrival time

                                  0.000000    0.000000   clock clk (rise edge)
                                  0.000000    0.000000   clock source latency
     1    0.028310    0.132872    0.092458    0.092458 ^ clk (in)
                                                         clk (net)
                      0.132912    0.000000    0.092458 ^ clkbuf_0_clk/A (sky130_fd_sc_hd__clkbuf_16)
     8    0.108967    0.123112    0.223171    0.315629 ^ clkbuf_0_clk/X (sky130_fd_sc_hd__clkbuf_16)
                                                         clknet_0_clk (net)
                      0.123241    0.003198    0.318828 ^ clkbuf_3_1__f_clk/A (sky130_fd_sc_hd__clkbuf_16)
    12    0.043307    0.062829    0.173111    0.491939 ^ clkbuf_3_1__f_clk/X (sky130_fd_sc_hd__clkbuf_16)
                                                         clknet_3_1__leaf_clk (net)
                      0.062829    0.000185    0.492124 ^ spi_out.shift_reg[14]_sky130_fd_sc_hd__dfrtp_2_Q/CLK (sky130_fd_sc_hd__dfrtp_1)
                                  0.250000    0.742123   clock uncertainty
                                  0.000000    0.742123   clock reconvergence pessimism
                                 -0.031310    0.710814   library hold time
                                              0.710814   data required time
---------------------------------------------------------------------------------------------
                                              0.710814   data required time
                                             -0.941204   data arrival time
---------------------------------------------------------------------------------------------
                                              0.230390   slack (MET)


Startpoint: spi_out.shift_reg[8]_sky130_fd_sc_hd__dfrtp_2_Q
            (rising edge-triggered flip-flop clocked by clk)
Endpoint: spi_out.shift_reg[8]_sky130_fd_sc_hd__dfrtp_2_Q
          (rising edge-triggered flip-flop clocked by clk)
Path Group: clk
Path Type: min

Fanout         Cap        Slew       Delay        Time   Description
---------------------------------------------------------------------------------------------
                                  0.000000    0.000000   clock clk (rise edge)
                                  0.000000    0.000000   clock source latency
     1    0.028310    0.132872    0.092458    0.092458 ^ clk (in)
                                                         clk (net)
                      0.132912    0.000000    0.092458 ^ clkbuf_0_clk/A (sky130_fd_sc_hd__clkbuf_16)
     8    0.108967    0.123112    0.223171    0.315629 ^ clkbuf_0_clk/X (sky130_fd_sc_hd__clkbuf_16)
                                                         clknet_0_clk (net)
                      0.123241    0.003198    0.318828 ^ clkbuf_3_1__f_clk/A (sky130_fd_sc_hd__clkbuf_16)
    12    0.043307    0.062829    0.173111    0.491939 ^ clkbuf_3_1__f_clk/X (sky130_fd_sc_hd__clkbuf_16)
                                                         clknet_3_1__leaf_clk (net)
                      0.062829    0.000097    0.492036 ^ spi_out.shift_reg[8]_sky130_fd_sc_hd__dfrtp_2_Q/CLK (sky130_fd_sc_hd__dfrtp_1)
     2    0.004476    0.059921    0.333016    0.825052 ^ spi_out.shift_reg[8]_sky130_fd_sc_hd__dfrtp_2_Q/Q (sky130_fd_sc_hd__dfrtp_1)
                                                         spi_out.shift_reg[8] (net)
                      0.059921    0.000009    0.825061 ^ spi_out.shift_reg[8]_sky130_fd_sc_hd__mux2_1_A0/A0 (sky130_fd_sc_hd__mux2_1)
     1    0.002446    0.040004    0.116728    0.941789 ^ spi_out.shift_reg[8]_sky130_fd_sc_hd__mux2_1_A0/X (sky130_fd_sc_hd__mux2_1)
                                                         spi_out.shift_reg[8]_sky130_fd_sc_hd__dfrtp_2_Q_D (net)
                      0.040004    0.000005    0.941794 ^ spi_out.shift_reg[8]_sky130_fd_sc_hd__dfrtp_2_Q/D (sky130_fd_sc_hd__dfrtp_1)
                                              0.941794   data arrival time

                                  0.000000    0.000000   clock clk (rise edge)
                                  0.000000    0.000000   clock source latency
     1    0.028310    0.132872    0.092458    0.092458 ^ clk (in)
                                                         clk (net)
                      0.132912    0.000000    0.092458 ^ clkbuf_0_clk/A (sky130_fd_sc_hd__clkbuf_16)
     8    0.108967    0.123112    0.223171    0.315629 ^ clkbuf_0_clk/X (sky130_fd_sc_hd__clkbuf_16)
                                                         clknet_0_clk (net)
                      0.123241    0.003198    0.318828 ^ clkbuf_3_1__f_clk/A (sky130_fd_sc_hd__clkbuf_16)
    12    0.043307    0.062829    0.173111    0.491939 ^ clkbuf_3_1__f_clk/X (sky130_fd_sc_hd__clkbuf_16)
                                                         clknet_3_1__leaf_clk (net)
                      0.062829    0.000097    0.492036 ^ spi_out.shift_reg[8]_sky130_fd_sc_hd__dfrtp_2_Q/CLK (sky130_fd_sc_hd__dfrtp_1)
                                  0.250000    0.742036   clock uncertainty
                                  0.000000    0.742036   clock reconvergence pessimism
                                 -0.031283    0.710753   library hold time
                                              0.710753   data required time
---------------------------------------------------------------------------------------------
                                              0.710753   data required time
                                             -0.941794   data arrival time
---------------------------------------------------------------------------------------------
                                              0.231041   slack (MET)


Startpoint: spi_out.shift_reg[13]_sky130_fd_sc_hd__dfrtp_2_Q
            (rising edge-triggered flip-flop clocked by clk)
Endpoint: spi_out.shift_reg[13]_sky130_fd_sc_hd__dfrtp_2_Q
          (rising edge-triggered flip-flop clocked by clk)
Path Group: clk
Path Type: min

Fanout         Cap        Slew       Delay        Time   Description
---------------------------------------------------------------------------------------------
                                  0.000000    0.000000   clock clk (rise edge)
                                  0.000000    0.000000   clock source latency
     1    0.028310    0.132872    0.092458    0.092458 ^ clk (in)
                                                         clk (net)
                      0.132912    0.000000    0.092458 ^ clkbuf_0_clk/A (sky130_fd_sc_hd__clkbuf_16)
     8    0.108967    0.123112    0.223171    0.315629 ^ clkbuf_0_clk/X (sky130_fd_sc_hd__clkbuf_16)
                                                         clknet_0_clk (net)
                      0.123241    0.003198    0.318828 ^ clkbuf_3_1__f_clk/A (sky130_fd_sc_hd__clkbuf_16)
    12    0.043307    0.062829    0.173111    0.491939 ^ clkbuf_3_1__f_clk/X (sky130_fd_sc_hd__clkbuf_16)
                                                         clknet_3_1__leaf_clk (net)
                      0.062829    0.000141    0.492080 ^ spi_out.shift_reg[13]_sky130_fd_sc_hd__dfrtp_2_Q/CLK (sky130_fd_sc_hd__dfrtp_1)
     2    0.004274    0.058347    0.331654    0.823734 ^ spi_out.shift_reg[13]_sky130_fd_sc_hd__dfrtp_2_Q/Q (sky130_fd_sc_hd__dfrtp_1)
                                                         spi_out.shift_reg[13] (net)
                      0.058347    0.000002    0.823736 ^ spi_out.shift_reg[13]_sky130_fd_sc_hd__mux2_1_A0/A0 (sky130_fd_sc_hd__mux2_1)
     1    0.002660    0.041695    0.117903    0.941639 ^ spi_out.shift_reg[13]_sky130_fd_sc_hd__mux2_1_A0/X (sky130_fd_sc_hd__mux2_1)
                                                         spi_out.shift_reg[13]_sky130_fd_sc_hd__dfrtp_2_Q_D (net)
                      0.041695    0.000008    0.941646 ^ spi_out.shift_reg[13]_sky130_fd_sc_hd__dfrtp_2_Q/D (sky130_fd_sc_hd__dfrtp_1)
                                              0.941646   data arrival time

                                  0.000000    0.000000   clock clk (rise edge)
                                  0.000000    0.000000   clock source latency
     1    0.028310    0.132872    0.092458    0.092458 ^ clk (in)
                                                         clk (net)
                      0.132912    0.000000    0.092458 ^ clkbuf_0_clk/A (sky130_fd_sc_hd__clkbuf_16)
     8    0.108967    0.123112    0.223171    0.315629 ^ clkbuf_0_clk/X (sky130_fd_sc_hd__clkbuf_16)
                                                         clknet_0_clk (net)
                      0.123241    0.003198    0.318828 ^ clkbuf_3_1__f_clk/A (sky130_fd_sc_hd__clkbuf_16)
    12    0.043307    0.062829    0.173111    0.491939 ^ clkbuf_3_1__f_clk/X (sky130_fd_sc_hd__clkbuf_16)
                                                         clknet_3_1__leaf_clk (net)
                      0.062829    0.000141    0.492080 ^ spi_out.shift_reg[13]_sky130_fd_sc_hd__dfrtp_2_Q/CLK (sky130_fd_sc_hd__dfrtp_1)
                                  0.250000    0.742080   clock uncertainty
                                  0.000000    0.742080   clock reconvergence pessimism
                                 -0.031637    0.710443   library hold time
                                              0.710443   data required time
---------------------------------------------------------------------------------------------
                                              0.710443   data required time
                                             -0.941646   data arrival time
---------------------------------------------------------------------------------------------
                                              0.231203   slack (MET)


Startpoint: spi_out.shift_reg[7]_sky130_fd_sc_hd__dfrtp_2_Q
            (rising edge-triggered flip-flop clocked by clk)
Endpoint: spi_out.shift_reg[7]_sky130_fd_sc_hd__dfrtp_2_Q
          (rising edge-triggered flip-flop clocked by clk)
Path Group: clk
Path Type: min

Fanout         Cap        Slew       Delay        Time   Description
---------------------------------------------------------------------------------------------
                                  0.000000    0.000000   clock clk (rise edge)
                                  0.000000    0.000000   clock source latency
     1    0.028310    0.132872    0.092458    0.092458 ^ clk (in)
                                                         clk (net)
                      0.132912    0.000000    0.092458 ^ clkbuf_0_clk/A (sky130_fd_sc_hd__clkbuf_16)
     8    0.108967    0.123112    0.223171    0.315629 ^ clkbuf_0_clk/X (sky130_fd_sc_hd__clkbuf_16)
                                                         clknet_0_clk (net)
                      0.123241    0.003198    0.318828 ^ clkbuf_3_1__f_clk/A (sky130_fd_sc_hd__clkbuf_16)
    12    0.043307    0.062829    0.173111    0.491939 ^ clkbuf_3_1__f_clk/X (sky130_fd_sc_hd__clkbuf_16)
                                                         clknet_3_1__leaf_clk (net)
                      0.062829    0.000133    0.492072 ^ spi_out.shift_reg[7]_sky130_fd_sc_hd__dfrtp_2_Q/CLK (sky130_fd_sc_hd__dfrtp_1)
     2    0.004265    0.058274    0.331591    0.823662 ^ spi_out.shift_reg[7]_sky130_fd_sc_hd__dfrtp_2_Q/Q (sky130_fd_sc_hd__dfrtp_1)
                                                         spi_out.shift_reg[7] (net)
                      0.058274    0.000004    0.823667 ^ spi_out.shift_reg[7]_sky130_fd_sc_hd__mux2_1_A0/A0 (sky130_fd_sc_hd__mux2_1)
     1    0.002709    0.042082    0.118270    0.941937 ^ spi_out.shift_reg[7]_sky130_fd_sc_hd__mux2_1_A0/X (sky130_fd_sc_hd__mux2_1)
                                                         spi_out.shift_reg[7]_sky130_fd_sc_hd__dfrtp_2_Q_D (net)
                      0.042082    0.000007    0.941944 ^ spi_out.shift_reg[7]_sky130_fd_sc_hd__dfrtp_2_Q/D (sky130_fd_sc_hd__dfrtp_1)
                                              0.941944   data arrival time

                                  0.000000    0.000000   clock clk (rise edge)
                                  0.000000    0.000000   clock source latency
     1    0.028310    0.132872    0.092458    0.092458 ^ clk (in)
                                                         clk (net)
                      0.132912    0.000000    0.092458 ^ clkbuf_0_clk/A (sky130_fd_sc_hd__clkbuf_16)
     8    0.108967    0.123112    0.223171    0.315629 ^ clkbuf_0_clk/X (sky130_fd_sc_hd__clkbuf_16)
                                                         clknet_0_clk (net)
                      0.123241    0.003198    0.318828 ^ clkbuf_3_1__f_clk/A (sky130_fd_sc_hd__clkbuf_16)
    12    0.043307    0.062829    0.173111    0.491939 ^ clkbuf_3_1__f_clk/X (sky130_fd_sc_hd__clkbuf_16)
                                                         clknet_3_1__leaf_clk (net)
                      0.062829    0.000133    0.492072 ^ spi_out.shift_reg[7]_sky130_fd_sc_hd__dfrtp_2_Q/CLK (sky130_fd_sc_hd__dfrtp_1)
                                  0.250000    0.742072   clock uncertainty
                                  0.000000    0.742072   clock reconvergence pessimism
                                 -0.031718    0.710354   library hold time
                                              0.710354   data required time
---------------------------------------------------------------------------------------------
                                              0.710354   data required time
                                             -0.941944   data arrival time
---------------------------------------------------------------------------------------------
                                              0.231590   slack (MET)


Startpoint: spi_out.shift_reg[2]_sky130_fd_sc_hd__dfrtp_2_Q
            (rising edge-triggered flip-flop clocked by clk)
Endpoint: spi_out.shift_reg[2]_sky130_fd_sc_hd__dfrtp_2_Q
          (rising edge-triggered flip-flop clocked by clk)
Path Group: clk
Path Type: min

Fanout         Cap        Slew       Delay        Time   Description
---------------------------------------------------------------------------------------------
                                  0.000000    0.000000   clock clk (rise edge)
                                  0.000000    0.000000   clock source latency
     1    0.028310    0.132872    0.092458    0.092458 ^ clk (in)
                                                         clk (net)
                      0.132912    0.000000    0.092458 ^ clkbuf_0_clk/A (sky130_fd_sc_hd__clkbuf_16)
     8    0.108967    0.123112    0.223171    0.315629 ^ clkbuf_0_clk/X (sky130_fd_sc_hd__clkbuf_16)
                                                         clknet_0_clk (net)
                      0.123270    0.003535    0.319164 ^ clkbuf_3_4__f_clk/A (sky130_fd_sc_hd__clkbuf_16)
    13    0.042847    0.062408    0.172734    0.491898 ^ clkbuf_3_4__f_clk/X (sky130_fd_sc_hd__clkbuf_16)
                                                         clknet_3_4__leaf_clk (net)
                      0.062408    0.000034    0.491932 ^ spi_out.shift_reg[2]_sky130_fd_sc_hd__dfrtp_2_Q/CLK (sky130_fd_sc_hd__dfrtp_1)
     2    0.004572    0.060672    0.333509    0.825441 ^ spi_out.shift_reg[2]_sky130_fd_sc_hd__dfrtp_2_Q/Q (sky130_fd_sc_hd__dfrtp_1)
                                                         spi_out.shift_reg[2] (net)
                      0.060672    0.000005    0.825446 ^ spi_out.shift_reg[2]_sky130_fd_sc_hd__mux2_1_A0/A0 (sky130_fd_sc_hd__mux2_1)
     1    0.002502    0.040441    0.117433    0.942880 ^ spi_out.shift_reg[2]_sky130_fd_sc_hd__mux2_1_A0/X (sky130_fd_sc_hd__mux2_1)
                                                         spi_out.shift_reg[2]_sky130_fd_sc_hd__dfrtp_2_Q_D (net)
                      0.040441    0.000006    0.942886 ^ spi_out.shift_reg[2]_sky130_fd_sc_hd__dfrtp_2_Q/D (sky130_fd_sc_hd__dfrtp_1)
                                              0.942886   data arrival time

                                  0.000000    0.000000   clock clk (rise edge)
                                  0.000000    0.000000   clock source latency
     1    0.028310    0.132872    0.092458    0.092458 ^ clk (in)
                                                         clk (net)
                      0.132912    0.000000    0.092458 ^ clkbuf_0_clk/A (sky130_fd_sc_hd__clkbuf_16)
     8    0.108967    0.123112    0.223171    0.315629 ^ clkbuf_0_clk/X (sky130_fd_sc_hd__clkbuf_16)
                                                         clknet_0_clk (net)
                      0.123270    0.003535    0.319164 ^ clkbuf_3_4__f_clk/A (sky130_fd_sc_hd__clkbuf_16)
    13    0.042847    0.062408    0.172734    0.491898 ^ clkbuf_3_4__f_clk/X (sky130_fd_sc_hd__clkbuf_16)
                                                         clknet_3_4__leaf_clk (net)
                      0.062408    0.000034    0.491932 ^ spi_out.shift_reg[2]_sky130_fd_sc_hd__dfrtp_2_Q/CLK (sky130_fd_sc_hd__dfrtp_1)
                                  0.250000    0.741932   clock uncertainty
                                  0.000000    0.741932   clock reconvergence pessimism
                                 -0.031432    0.710500   library hold time
                                              0.710500   data required time
---------------------------------------------------------------------------------------------
                                              0.710500   data required time
                                             -0.942886   data arrival time
---------------------------------------------------------------------------------------------
                                              0.232385   slack (MET)


Startpoint: spi_out.shift_reg[6]_sky130_fd_sc_hd__dfrtp_2_Q
            (rising edge-triggered flip-flop clocked by clk)
Endpoint: spi_out.shift_reg[6]_sky130_fd_sc_hd__dfrtp_2_Q
          (rising edge-triggered flip-flop clocked by clk)
Path Group: clk
Path Type: min

Fanout         Cap        Slew       Delay        Time   Description
---------------------------------------------------------------------------------------------
                                  0.000000    0.000000   clock clk (rise edge)
                                  0.000000    0.000000   clock source latency
     1    0.028310    0.132872    0.092458    0.092458 ^ clk (in)
                                                         clk (net)
                      0.132912    0.000000    0.092458 ^ clkbuf_0_clk/A (sky130_fd_sc_hd__clkbuf_16)
     8    0.108967    0.123112    0.223171    0.315629 ^ clkbuf_0_clk/X (sky130_fd_sc_hd__clkbuf_16)
                                                         clknet_0_clk (net)
                      0.123241    0.003198    0.318828 ^ clkbuf_3_1__f_clk/A (sky130_fd_sc_hd__clkbuf_16)
    12    0.043307    0.062829    0.173111    0.491939 ^ clkbuf_3_1__f_clk/X (sky130_fd_sc_hd__clkbuf_16)
                                                         clknet_3_1__leaf_clk (net)
                      0.062829    0.000166    0.492105 ^ spi_out.shift_reg[6]_sky130_fd_sc_hd__dfrtp_2_Q/CLK (sky130_fd_sc_hd__dfrtp_1)
     2    0.004450    0.059720    0.332842    0.824947 ^ spi_out.shift_reg[6]_sky130_fd_sc_hd__dfrtp_2_Q/Q (sky130_fd_sc_hd__dfrtp_1)
                                                         spi_out.shift_reg[6] (net)
                      0.059720    0.000003    0.824950 ^ spi_out.shift_reg[6]_sky130_fd_sc_hd__mux2_1_A0/A0 (sky130_fd_sc_hd__mux2_1)
     1    0.002709    0.042082    0.118768    0.943717 ^ spi_out.shift_reg[6]_sky130_fd_sc_hd__mux2_1_A0/X (sky130_fd_sc_hd__mux2_1)
                                                         spi_out.shift_reg[6]_sky130_fd_sc_hd__dfrtp_2_Q_D (net)
                      0.042082    0.000007    0.943724 ^ spi_out.shift_reg[6]_sky130_fd_sc_hd__dfrtp_2_Q/D (sky130_fd_sc_hd__dfrtp_1)
                                              0.943724   data arrival time

                                  0.000000    0.000000   clock clk (rise edge)
                                  0.000000    0.000000   clock source latency
     1    0.028310    0.132872    0.092458    0.092458 ^ clk (in)
                                                         clk (net)
                      0.132912    0.000000    0.092458 ^ clkbuf_0_clk/A (sky130_fd_sc_hd__clkbuf_16)
     8    0.108967    0.123112    0.223171    0.315629 ^ clkbuf_0_clk/X (sky130_fd_sc_hd__clkbuf_16)
                                                         clknet_0_clk (net)
                      0.123241    0.003198    0.318828 ^ clkbuf_3_1__f_clk/A (sky130_fd_sc_hd__clkbuf_16)
    12    0.043307    0.062829    0.173111    0.491939 ^ clkbuf_3_1__f_clk/X (sky130_fd_sc_hd__clkbuf_16)
                                                         clknet_3_1__leaf_clk (net)
                      0.062829    0.000166    0.492105 ^ spi_out.shift_reg[6]_sky130_fd_sc_hd__dfrtp_2_Q/CLK (sky130_fd_sc_hd__dfrtp_1)
                                  0.250000    0.742105   clock uncertainty
                                  0.000000    0.742105   clock reconvergence pessimism
                                 -0.031718    0.710388   library hold time
                                              0.710388   data required time
---------------------------------------------------------------------------------------------
                                              0.710388   data required time
                                             -0.943724   data arrival time
---------------------------------------------------------------------------------------------
                                              0.233337   slack (MET)


Startpoint: spi_in.bit_cnt[1]_sky130_fd_sc_hd__dfrtp_2_Q
            (rising edge-triggered flip-flop clocked by clk)
Endpoint: spi_in.bit_cnt[1]_sky130_fd_sc_hd__dfrtp_2_Q
          (rising edge-triggered flip-flop clocked by clk)
Path Group: clk
Path Type: min

Fanout         Cap        Slew       Delay        Time   Description
---------------------------------------------------------------------------------------------
                                  0.000000    0.000000   clock clk (rise edge)
                                  0.000000    0.000000   clock source latency
     1    0.028310    0.132872    0.092458    0.092458 ^ clk (in)
                                                         clk (net)
                      0.132912    0.000000    0.092458 ^ clkbuf_0_clk/A (sky130_fd_sc_hd__clkbuf_16)
     8    0.108967    0.123112    0.223171    0.315629 ^ clkbuf_0_clk/X (sky130_fd_sc_hd__clkbuf_16)
                                                         clknet_0_clk (net)
                      0.123294    0.003785    0.319414 ^ clkbuf_3_5__f_clk/A (sky130_fd_sc_hd__clkbuf_16)
    13    0.042872    0.062425    0.172723    0.492137 ^ clkbuf_3_5__f_clk/X (sky130_fd_sc_hd__clkbuf_16)
                                                         clknet_3_5__leaf_clk (net)
                      0.062426    0.000351    0.492488 ^ spi_in.bit_cnt[1]_sky130_fd_sc_hd__dfrtp_2_Q/CLK (sky130_fd_sc_hd__dfrtp_1)
     2    0.004780    0.062296    0.334921    0.827410 ^ spi_in.bit_cnt[1]_sky130_fd_sc_hd__dfrtp_2_Q/Q (sky130_fd_sc_hd__dfrtp_1)
                                                         spi_in.bit_cnt[1] (net)
                      0.062296    0.000012    0.827421 ^ spi_in.bit_cnt[1]_sky130_fd_sc_hd__a21oi_2_B1/B1 (sky130_fd_sc_hd__a21oi_1)
     1    0.002810    0.029666    0.041532    0.868954 v spi_in.bit_cnt[1]_sky130_fd_sc_hd__a21oi_2_B1/Y (sky130_fd_sc_hd__a21oi_1)
                                                         spi_in.bit_cnt[1]_sky130_fd_sc_hd__a21oi_2_B1_Y (net)
                      0.029666    0.000009    0.868963 v spi_in.bit_cnt[1]_sky130_fd_sc_hd__dfrtp_2_Q_D_sky130_fd_sc_hd__nor2_2_Y/B (sky130_fd_sc_hd__nor2_1)
     1    0.002290    0.069714    0.069636    0.938599 ^ spi_in.bit_cnt[1]_sky130_fd_sc_hd__dfrtp_2_Q_D_sky130_fd_sc_hd__nor2_2_Y/Y (sky130_fd_sc_hd__nor2_1)
                                                         spi_in.bit_cnt[1]_sky130_fd_sc_hd__dfrtp_2_Q_D (net)
                      0.069714    0.000004    0.938603 ^ spi_in.bit_cnt[1]_sky130_fd_sc_hd__dfrtp_2_Q/D (sky130_fd_sc_hd__dfrtp_1)
                                              0.938603   data arrival time

                                  0.000000    0.000000   clock clk (rise edge)
                                  0.000000    0.000000   clock source latency
     1    0.028310    0.132872    0.092458    0.092458 ^ clk (in)
                                                         clk (net)
                      0.132912    0.000000    0.092458 ^ clkbuf_0_clk/A (sky130_fd_sc_hd__clkbuf_16)
     8    0.108967    0.123112    0.223171    0.315629 ^ clkbuf_0_clk/X (sky130_fd_sc_hd__clkbuf_16)
                                                         clknet_0_clk (net)
                      0.123294    0.003785    0.319414 ^ clkbuf_3_5__f_clk/A (sky130_fd_sc_hd__clkbuf_16)
    13    0.042872    0.062425    0.172723    0.492137 ^ clkbuf_3_5__f_clk/X (sky130_fd_sc_hd__clkbuf_16)
                                                         clknet_3_5__leaf_clk (net)
                      0.062426    0.000351    0.492488 ^ spi_in.bit_cnt[1]_sky130_fd_sc_hd__dfrtp_2_Q/CLK (sky130_fd_sc_hd__dfrtp_1)
                                  0.250000    0.742488   clock uncertainty
                                  0.000000    0.742488   clock reconvergence pessimism
                                 -0.037552    0.704936   library hold time
                                              0.704936   data required time
---------------------------------------------------------------------------------------------
                                              0.704936   data required time
                                             -0.938603   data arrival time
---------------------------------------------------------------------------------------------
                                              0.233667   slack (MET)


Startpoint: spi_in.shift_reg[14]_sky130_fd_sc_hd__dfrtp_2_Q
            (rising edge-triggered flip-flop clocked by clk)
Endpoint: spi_in.shift_reg[14]_sky130_fd_sc_hd__dfrtp_2_Q
          (rising edge-triggered flip-flop clocked by clk)
Path Group: clk
Path Type: min

Fanout         Cap        Slew       Delay        Time   Description
---------------------------------------------------------------------------------------------
                                  0.000000    0.000000   clock clk (rise edge)
                                  0.000000    0.000000   clock source latency
     1    0.028310    0.132872    0.092458    0.092458 ^ clk (in)
                                                         clk (net)
                      0.132912    0.000000    0.092458 ^ clkbuf_0_clk/A (sky130_fd_sc_hd__clkbuf_16)
     8    0.108967    0.123112    0.223171    0.315629 ^ clkbuf_0_clk/X (sky130_fd_sc_hd__clkbuf_16)
                                                         clknet_0_clk (net)
                      0.123417    0.004875    0.320504 ^ clkbuf_3_2__f_clk/A (sky130_fd_sc_hd__clkbuf_16)
     9    0.042714    0.062286    0.172659    0.493163 ^ clkbuf_3_2__f_clk/X (sky130_fd_sc_hd__clkbuf_16)
                                                         clknet_3_2__leaf_clk (net)
                      0.062286    0.000294    0.493457 ^ spi_in.shift_reg[14]_sky130_fd_sc_hd__dfrtp_2_Q/CLK (sky130_fd_sc_hd__dfrtp_1)
     2    0.004646    0.061253    0.333966    0.827423 ^ spi_in.shift_reg[14]_sky130_fd_sc_hd__dfrtp_2_Q/Q (sky130_fd_sc_hd__dfrtp_1)
                                                         spi_in.shift_reg[14] (net)
                      0.061253    0.000003    0.827426 ^ spi_in.shift_reg[14]_sky130_fd_sc_hd__mux2_1_A0/A0 (sky130_fd_sc_hd__mux2_1)
     1    0.002684    0.041880    0.119090    0.946516 ^ spi_in.shift_reg[14]_sky130_fd_sc_hd__mux2_1_A0/X (sky130_fd_sc_hd__mux2_1)
                                                         spi_in.shift_reg[14]_sky130_fd_sc_hd__dfrtp_2_Q_D (net)
                      0.041880    0.000008    0.946524 ^ spi_in.shift_reg[14]_sky130_fd_sc_hd__dfrtp_2_Q/D (sky130_fd_sc_hd__dfrtp_1)
                                              0.946524   data arrival time

                                  0.000000    0.000000   clock clk (rise edge)
                                  0.000000    0.000000   clock source latency
     1    0.028310    0.132872    0.092458    0.092458 ^ clk (in)
                                                         clk (net)
                      0.132912    0.000000    0.092458 ^ clkbuf_0_clk/A (sky130_fd_sc_hd__clkbuf_16)
     8    0.108967    0.123112    0.223171    0.315629 ^ clkbuf_0_clk/X (sky130_fd_sc_hd__clkbuf_16)
                                                         clknet_0_clk (net)
                      0.123417    0.004875    0.320504 ^ clkbuf_3_2__f_clk/A (sky130_fd_sc_hd__clkbuf_16)
     9    0.042714    0.062286    0.172659    0.493163 ^ clkbuf_3_2__f_clk/X (sky130_fd_sc_hd__clkbuf_16)
                                                         clknet_3_2__leaf_clk (net)
                      0.062286    0.000294    0.493457 ^ spi_in.shift_reg[14]_sky130_fd_sc_hd__dfrtp_2_Q/CLK (sky130_fd_sc_hd__dfrtp_1)
                                  0.250000    0.743457   clock uncertainty
                                  0.000000    0.743457   clock reconvergence pessimism
                                 -0.031750    0.711707   library hold time
                                              0.711707   data required time
---------------------------------------------------------------------------------------------
                                              0.711707   data required time
                                             -0.946524   data arrival time
---------------------------------------------------------------------------------------------
                                              0.234817   slack (MET)


Startpoint: spi_out.shift_reg[11]_sky130_fd_sc_hd__dfrtp_2_Q
            (rising edge-triggered flip-flop clocked by clk)
Endpoint: spi_out.shift_reg[11]_sky130_fd_sc_hd__dfrtp_2_Q
          (rising edge-triggered flip-flop clocked by clk)
Path Group: clk
Path Type: min

Fanout         Cap        Slew       Delay        Time   Description
---------------------------------------------------------------------------------------------
                                  0.000000    0.000000   clock clk (rise edge)
                                  0.000000    0.000000   clock source latency
     1    0.028310    0.132872    0.092458    0.092458 ^ clk (in)
                                                         clk (net)
                      0.132912    0.000000    0.092458 ^ clkbuf_0_clk/A (sky130_fd_sc_hd__clkbuf_16)
     8    0.108967    0.123112    0.223171    0.315629 ^ clkbuf_0_clk/X (sky130_fd_sc_hd__clkbuf_16)
                                                         clknet_0_clk (net)
                      0.123305    0.003900    0.319530 ^ clkbuf_3_0__f_clk/A (sky130_fd_sc_hd__clkbuf_16)
    10    0.037145    0.057367    0.168557    0.488087 ^ clkbuf_3_0__f_clk/X (sky130_fd_sc_hd__clkbuf_16)
                                                         clknet_3_0__leaf_clk (net)
                      0.057367    0.000054    0.488140 ^ spi_out.shift_reg[11]_sky130_fd_sc_hd__dfrtp_2_Q/CLK (sky130_fd_sc_hd__dfrtp_1)
     2    0.004815    0.062566    0.333266    0.821406 ^ spi_out.shift_reg[11]_sky130_fd_sc_hd__dfrtp_2_Q/Q (sky130_fd_sc_hd__dfrtp_1)
                                                         spi_out.shift_reg[11] (net)
                      0.062566    0.000006    0.821412 ^ spi_out.shift_reg[11]_sky130_fd_sc_hd__mux2_1_A0/A0 (sky130_fd_sc_hd__mux2_1)
     1    0.002788    0.042708    0.120381    0.941793 ^ spi_out.shift_reg[11]_sky130_fd_sc_hd__mux2_1_A0/X (sky130_fd_sc_hd__mux2_1)
                                                         spi_out.shift_reg[11]_sky130_fd_sc_hd__dfrtp_2_Q_D (net)
                      0.042708    0.000008    0.941801 ^ spi_out.shift_reg[11]_sky130_fd_sc_hd__dfrtp_2_Q/D (sky130_fd_sc_hd__dfrtp_1)
                                              0.941801   data arrival time

                                  0.000000    0.000000   clock clk (rise edge)
                                  0.000000    0.000000   clock source latency
     1    0.028310    0.132872    0.092458    0.092458 ^ clk (in)
                                                         clk (net)
                      0.132912    0.000000    0.092458 ^ clkbuf_0_clk/A (sky130_fd_sc_hd__clkbuf_16)
     8    0.108967    0.123112    0.223171    0.315629 ^ clkbuf_0_clk/X (sky130_fd_sc_hd__clkbuf_16)
                                                         clknet_0_clk (net)
                      0.123305    0.003900    0.319530 ^ clkbuf_3_0__f_clk/A (sky130_fd_sc_hd__clkbuf_16)
    10    0.037145    0.057367    0.168557    0.488087 ^ clkbuf_3_0__f_clk/X (sky130_fd_sc_hd__clkbuf_16)
                                                         clknet_3_0__leaf_clk (net)
                      0.057367    0.000054    0.488140 ^ spi_out.shift_reg[11]_sky130_fd_sc_hd__dfrtp_2_Q/CLK (sky130_fd_sc_hd__dfrtp_1)
                                  0.250000    0.738140   clock uncertainty
                                  0.000000    0.738140   clock reconvergence pessimism
                                 -0.032595    0.705546   library hold time
                                              0.705546   data required time
---------------------------------------------------------------------------------------------
                                              0.705546   data required time
                                             -0.941801   data arrival time
---------------------------------------------------------------------------------------------
                                              0.236255   slack (MET)


Startpoint: spi_out.shift_reg[5]_sky130_fd_sc_hd__dfrtp_2_Q
            (rising edge-triggered flip-flop clocked by clk)
Endpoint: spi_out.shift_reg[5]_sky130_fd_sc_hd__dfrtp_2_Q
          (rising edge-triggered flip-flop clocked by clk)
Path Group: clk
Path Type: min

Fanout         Cap        Slew       Delay        Time   Description
---------------------------------------------------------------------------------------------
                                  0.000000    0.000000   clock clk (rise edge)
                                  0.000000    0.000000   clock source latency
     1    0.028310    0.132872    0.092458    0.092458 ^ clk (in)
                                                         clk (net)
                      0.132912    0.000000    0.092458 ^ clkbuf_0_clk/A (sky130_fd_sc_hd__clkbuf_16)
     8    0.108967    0.123112    0.223171    0.315629 ^ clkbuf_0_clk/X (sky130_fd_sc_hd__clkbuf_16)
                                                         clknet_0_clk (net)
                      0.123270    0.003535    0.319164 ^ clkbuf_3_4__f_clk/A (sky130_fd_sc_hd__clkbuf_16)
    13    0.042847    0.062408    0.172734    0.491898 ^ clkbuf_3_4__f_clk/X (sky130_fd_sc_hd__clkbuf_16)
                                                         clknet_3_4__leaf_clk (net)
                      0.062409    0.000319    0.492217 ^ spi_out.shift_reg[5]_sky130_fd_sc_hd__dfrtp_2_Q/CLK (sky130_fd_sc_hd__dfrtp_1)
     2    0.005049    0.064398    0.336734    0.828951 ^ spi_out.shift_reg[5]_sky130_fd_sc_hd__dfrtp_2_Q/Q (sky130_fd_sc_hd__dfrtp_1)
                                                         spi_out.shift_reg[5] (net)
                      0.064398    0.000004    0.828955 ^ spi_out.shift_reg[5]_sky130_fd_sc_hd__mux2_1_A0/A0 (sky130_fd_sc_hd__mux2_1)
     1    0.002462    0.040128    0.118398    0.947353 ^ spi_out.shift_reg[5]_sky130_fd_sc_hd__mux2_1_A0/X (sky130_fd_sc_hd__mux2_1)
                                                         spi_out.shift_reg[5]_sky130_fd_sc_hd__dfrtp_2_Q_D (net)
                      0.040128    0.000006    0.947358 ^ spi_out.shift_reg[5]_sky130_fd_sc_hd__dfrtp_2_Q/D (sky130_fd_sc_hd__dfrtp_1)
                                              0.947358   data arrival time

                                  0.000000    0.000000   clock clk (rise edge)
                                  0.000000    0.000000   clock source latency
     1    0.028310    0.132872    0.092458    0.092458 ^ clk (in)
                                                         clk (net)
                      0.132912    0.000000    0.092458 ^ clkbuf_0_clk/A (sky130_fd_sc_hd__clkbuf_16)
     8    0.108967    0.123112    0.223171    0.315629 ^ clkbuf_0_clk/X (sky130_fd_sc_hd__clkbuf_16)
                                                         clknet_0_clk (net)
                      0.123270    0.003535    0.319164 ^ clkbuf_3_4__f_clk/A (sky130_fd_sc_hd__clkbuf_16)
    13    0.042847    0.062408    0.172734    0.491898 ^ clkbuf_3_4__f_clk/X (sky130_fd_sc_hd__clkbuf_16)
                                                         clknet_3_4__leaf_clk (net)
                      0.062409    0.000319    0.492217 ^ spi_out.shift_reg[5]_sky130_fd_sc_hd__dfrtp_2_Q/CLK (sky130_fd_sc_hd__dfrtp_1)
                                  0.250000    0.742217   clock uncertainty
                                  0.000000    0.742217   clock reconvergence pessimism
                                 -0.031366    0.710851   library hold time
                                              0.710851   data required time
---------------------------------------------------------------------------------------------
                                              0.710851   data required time
                                             -0.947358   data arrival time
---------------------------------------------------------------------------------------------
                                              0.236508   slack (MET)


Startpoint: spi_miso_sky130_fd_sc_hd__dfrtp_2_Q
            (rising edge-triggered flip-flop clocked by clk)
Endpoint: spi_miso_sky130_fd_sc_hd__dfrtp_2_Q
          (rising edge-triggered flip-flop clocked by clk)
Path Group: clk
Path Type: min

Fanout         Cap        Slew       Delay        Time   Description
---------------------------------------------------------------------------------------------
                                  0.000000    0.000000   clock clk (rise edge)
                                  0.000000    0.000000   clock source latency
     1    0.028310    0.132872    0.092458    0.092458 ^ clk (in)
                                                         clk (net)
                      0.132912    0.000000    0.092458 ^ clkbuf_0_clk/A (sky130_fd_sc_hd__clkbuf_16)
     8    0.108967    0.123112    0.223171    0.315629 ^ clkbuf_0_clk/X (sky130_fd_sc_hd__clkbuf_16)
                                                         clknet_0_clk (net)
                      0.123270    0.003535    0.319164 ^ clkbuf_3_4__f_clk/A (sky130_fd_sc_hd__clkbuf_16)
    13    0.042847    0.062408    0.172734    0.491898 ^ clkbuf_3_4__f_clk/X (sky130_fd_sc_hd__clkbuf_16)
                                                         clknet_3_4__leaf_clk (net)
                      0.062410    0.000418    0.492317 ^ spi_miso_sky130_fd_sc_hd__dfrtp_2_Q/CLK (sky130_fd_sc_hd__dfrtp_1)
     2    0.005393    0.067083    0.339058    0.831374 ^ spi_miso_sky130_fd_sc_hd__dfrtp_2_Q/Q (sky130_fd_sc_hd__dfrtp_1)
                                                         net5 (net)
                      0.067083    0.000009    0.831384 ^ spi_miso_sky130_fd_sc_hd__mux2_1_A0/A0 (sky130_fd_sc_hd__mux2_1)
     1    0.002189    0.037972    0.117137    0.948520 ^ spi_miso_sky130_fd_sc_hd__mux2_1_A0/X (sky130_fd_sc_hd__mux2_1)
                                                         spi_miso_sky130_fd_sc_hd__dfrtp_2_Q_D (net)
                      0.037972    0.000002    0.948522 ^ spi_miso_sky130_fd_sc_hd__dfrtp_2_Q/D (sky130_fd_sc_hd__dfrtp_1)
                                              0.948522   data arrival time

                                  0.000000    0.000000   clock clk (rise edge)
                                  0.000000    0.000000   clock source latency
     1    0.028310    0.132872    0.092458    0.092458 ^ clk (in)
                                                         clk (net)
                      0.132912    0.000000    0.092458 ^ clkbuf_0_clk/A (sky130_fd_sc_hd__clkbuf_16)
     8    0.108967    0.123112    0.223171    0.315629 ^ clkbuf_0_clk/X (sky130_fd_sc_hd__clkbuf_16)
                                                         clknet_0_clk (net)
                      0.123270    0.003535    0.319164 ^ clkbuf_3_4__f_clk/A (sky130_fd_sc_hd__clkbuf_16)
    13    0.042847    0.062408    0.172734    0.491898 ^ clkbuf_3_4__f_clk/X (sky130_fd_sc_hd__clkbuf_16)
                                                         clknet_3_4__leaf_clk (net)
                      0.062410    0.000418    0.492317 ^ spi_miso_sky130_fd_sc_hd__dfrtp_2_Q/CLK (sky130_fd_sc_hd__dfrtp_1)
                                  0.250000    0.742317   clock uncertainty
                                  0.000000    0.742317   clock reconvergence pessimism
                                 -0.030915    0.711402   library hold time
                                              0.711402   data required time
---------------------------------------------------------------------------------------------
                                              0.711402   data required time
                                             -0.948522   data arrival time
---------------------------------------------------------------------------------------------
                                              0.237121   slack (MET)


Startpoint: spi_out.shift_reg[12]_sky130_fd_sc_hd__dfrtp_2_Q
            (rising edge-triggered flip-flop clocked by clk)
Endpoint: spi_out.shift_reg[12]_sky130_fd_sc_hd__dfrtp_2_Q
          (rising edge-triggered flip-flop clocked by clk)
Path Group: clk
Path Type: min

Fanout         Cap        Slew       Delay        Time   Description
---------------------------------------------------------------------------------------------
                                  0.000000    0.000000   clock clk (rise edge)
                                  0.000000    0.000000   clock source latency
     1    0.028310    0.132872    0.092458    0.092458 ^ clk (in)
                                                         clk (net)
                      0.132912    0.000000    0.092458 ^ clkbuf_0_clk/A (sky130_fd_sc_hd__clkbuf_16)
     8    0.108967    0.123112    0.223171    0.315629 ^ clkbuf_0_clk/X (sky130_fd_sc_hd__clkbuf_16)
                                                         clknet_0_clk (net)
                      0.123241    0.003198    0.318828 ^ clkbuf_3_1__f_clk/A (sky130_fd_sc_hd__clkbuf_16)
    12    0.043307    0.062829    0.173111    0.491939 ^ clkbuf_3_1__f_clk/X (sky130_fd_sc_hd__clkbuf_16)
                                                         clknet_3_1__leaf_clk (net)
                      0.062829    0.000078    0.492017 ^ spi_out.shift_reg[12]_sky130_fd_sc_hd__dfrtp_2_Q/CLK (sky130_fd_sc_hd__dfrtp_1)
     2    0.005061    0.064487    0.336967    0.828984 ^ spi_out.shift_reg[12]_sky130_fd_sc_hd__dfrtp_2_Q/Q (sky130_fd_sc_hd__dfrtp_1)
                                                         spi_out.shift_reg[12] (net)
                      0.064487    0.000006    0.828990 ^ spi_out.shift_reg[12]_sky130_fd_sc_hd__mux2_1_A0/A0 (sky130_fd_sc_hd__mux2_1)
     1    0.002565    0.040942    0.119251    0.948241 ^ spi_out.shift_reg[12]_sky130_fd_sc_hd__mux2_1_A0/X (sky130_fd_sc_hd__mux2_1)
                                                         spi_out.shift_reg[12]_sky130_fd_sc_hd__dfrtp_2_Q_D (net)
                      0.040942    0.000007    0.948247 ^ spi_out.shift_reg[12]_sky130_fd_sc_hd__dfrtp_2_Q/D (sky130_fd_sc_hd__dfrtp_1)
                                              0.948247   data arrival time

                                  0.000000    0.000000   clock clk (rise edge)
                                  0.000000    0.000000   clock source latency
     1    0.028310    0.132872    0.092458    0.092458 ^ clk (in)
                                                         clk (net)
                      0.132912    0.000000    0.092458 ^ clkbuf_0_clk/A (sky130_fd_sc_hd__clkbuf_16)
     8    0.108967    0.123112    0.223171    0.315629 ^ clkbuf_0_clk/X (sky130_fd_sc_hd__clkbuf_16)
                                                         clknet_0_clk (net)
                      0.123241    0.003198    0.318828 ^ clkbuf_3_1__f_clk/A (sky130_fd_sc_hd__clkbuf_16)
    12    0.043307    0.062829    0.173111    0.491939 ^ clkbuf_3_1__f_clk/X (sky130_fd_sc_hd__clkbuf_16)
                                                         clknet_3_1__leaf_clk (net)
                      0.062829    0.000078    0.492017 ^ spi_out.shift_reg[12]_sky130_fd_sc_hd__dfrtp_2_Q/CLK (sky130_fd_sc_hd__dfrtp_1)
                                  0.250000    0.742017   clock uncertainty
                                  0.000000    0.742017   clock reconvergence pessimism
                                 -0.031479    0.710538   library hold time
                                              0.710538   data required time
---------------------------------------------------------------------------------------------
                                              0.710538   data required time
                                             -0.948247   data arrival time
---------------------------------------------------------------------------------------------
                                              0.237709   slack (MET)


Startpoint: spi_in.bit_cnt[0]_sky130_fd_sc_hd__dfrtp_2_Q
            (rising edge-triggered flip-flop clocked by clk)
Endpoint: spi_in.bit_cnt[0]_sky130_fd_sc_hd__dfrtp_2_Q
          (rising edge-triggered flip-flop clocked by clk)
Path Group: clk
Path Type: min

Fanout         Cap        Slew       Delay        Time   Description
---------------------------------------------------------------------------------------------
                                  0.000000    0.000000   clock clk (rise edge)
                                  0.000000    0.000000   clock source latency
     1    0.028310    0.132872    0.092458    0.092458 ^ clk (in)
                                                         clk (net)
                      0.132912    0.000000    0.092458 ^ clkbuf_0_clk/A (sky130_fd_sc_hd__clkbuf_16)
     8    0.108967    0.123112    0.223171    0.315629 ^ clkbuf_0_clk/X (sky130_fd_sc_hd__clkbuf_16)
                                                         clknet_0_clk (net)
                      0.123294    0.003785    0.319414 ^ clkbuf_3_5__f_clk/A (sky130_fd_sc_hd__clkbuf_16)
    13    0.042872    0.062425    0.172723    0.492137 ^ clkbuf_3_5__f_clk/X (sky130_fd_sc_hd__clkbuf_16)
                                                         clknet_3_5__leaf_clk (net)
                      0.062428    0.000459    0.492597 ^ spi_in.bit_cnt[0]_sky130_fd_sc_hd__dfrtp_2_Q/CLK (sky130_fd_sc_hd__dfrtp_1)
     3    0.011136    0.112612    0.376630    0.869227 ^ spi_in.bit_cnt[0]_sky130_fd_sc_hd__dfrtp_2_Q/Q (sky130_fd_sc_hd__dfrtp_1)
                                                         spi_in.bit_cnt[0] (net)
                      0.112612    0.000024    0.869250 ^ spi_in.bit_cnt[0]_sky130_fd_sc_hd__xor2_2_A/A (sky130_fd_sc_hd__xor2_1)
     1    0.002185    0.034355    0.073812    0.943063 v spi_in.bit_cnt[0]_sky130_fd_sc_hd__xor2_2_A/X (sky130_fd_sc_hd__xor2_1)
                                                         spi_in.bit_cnt[0]_sky130_fd_sc_hd__dfrtp_2_Q_D (net)
                      0.034355    0.000003    0.943066 v spi_in.bit_cnt[0]_sky130_fd_sc_hd__dfrtp_2_Q/D (sky130_fd_sc_hd__dfrtp_1)
                                              0.943066   data arrival time

                                  0.000000    0.000000   clock clk (rise edge)
                                  0.000000    0.000000   clock source latency
     1    0.028310    0.132872    0.092458    0.092458 ^ clk (in)
                                                         clk (net)
                      0.132912    0.000000    0.092458 ^ clkbuf_0_clk/A (sky130_fd_sc_hd__clkbuf_16)
     8    0.108967    0.123112    0.223171    0.315629 ^ clkbuf_0_clk/X (sky130_fd_sc_hd__clkbuf_16)
                                                         clknet_0_clk (net)
                      0.123294    0.003785    0.319414 ^ clkbuf_3_5__f_clk/A (sky130_fd_sc_hd__clkbuf_16)
    13    0.042872    0.062425    0.172723    0.492137 ^ clkbuf_3_5__f_clk/X (sky130_fd_sc_hd__clkbuf_16)
                                                         clknet_3_5__leaf_clk (net)
                      0.062428    0.000459    0.492597 ^ spi_in.bit_cnt[0]_sky130_fd_sc_hd__dfrtp_2_Q/CLK (sky130_fd_sc_hd__dfrtp_1)
                                  0.250000    0.742597   clock uncertainty
                                  0.000000    0.742597   clock reconvergence pessimism
                                 -0.037467    0.705129   library hold time
                                              0.705129   data required time
---------------------------------------------------------------------------------------------
                                              0.705129   data required time
                                             -0.943066   data arrival time
---------------------------------------------------------------------------------------------
                                              0.237936   slack (MET)


Startpoint: spi_out.shift_reg[1]_sky130_fd_sc_hd__dfrtp_2_Q
            (rising edge-triggered flip-flop clocked by clk)
Endpoint: spi_out.shift_reg[1]_sky130_fd_sc_hd__dfrtp_2_Q
          (rising edge-triggered flip-flop clocked by clk)
Path Group: clk
Path Type: min

Fanout         Cap        Slew       Delay        Time   Description
---------------------------------------------------------------------------------------------
                                  0.000000    0.000000   clock clk (rise edge)
                                  0.000000    0.000000   clock source latency
     1    0.028310    0.132872    0.092458    0.092458 ^ clk (in)
                                                         clk (net)
                      0.132912    0.000000    0.092458 ^ clkbuf_0_clk/A (sky130_fd_sc_hd__clkbuf_16)
     8    0.108967    0.123112    0.223171    0.315629 ^ clkbuf_0_clk/X (sky130_fd_sc_hd__clkbuf_16)
                                                         clknet_0_clk (net)
                      0.123270    0.003535    0.319164 ^ clkbuf_3_4__f_clk/A (sky130_fd_sc_hd__clkbuf_16)
    13    0.042847    0.062408    0.172734    0.491898 ^ clkbuf_3_4__f_clk/X (sky130_fd_sc_hd__clkbuf_16)
                                                         clknet_3_4__leaf_clk (net)
                      0.062408    0.000067    0.491966 ^ spi_out.shift_reg[1]_sky130_fd_sc_hd__dfrtp_2_Q/CLK (sky130_fd_sc_hd__dfrtp_1)
     2    0.005608    0.066458    0.340497    0.832463 ^ spi_out.shift_reg[1]_sky130_fd_sc_hd__dfrtp_2_Q/Q (sky130_fd_sc_hd__dfrtp_1)
                                                         spi_out.shift_reg[1] (net)
                      0.066458    0.000008    0.832471 ^ spi_out.shift_reg[1]_sky130_fd_sc_hd__mux2_1_A0/A0 (sky130_fd_sc_hd__mux2_1)
     1    0.002343    0.039193    0.118155    0.950627 ^ spi_out.shift_reg[1]_sky130_fd_sc_hd__mux2_1_A0/X (sky130_fd_sc_hd__mux2_1)
                                                         spi_out.shift_reg[1]_sky130_fd_sc_hd__dfrtp_2_Q_D (net)
                      0.039193    0.000004    0.950631 ^ spi_out.shift_reg[1]_sky130_fd_sc_hd__dfrtp_2_Q/D (sky130_fd_sc_hd__dfrtp_1)
                                              0.950631   data arrival time

                                  0.000000    0.000000   clock clk (rise edge)
                                  0.000000    0.000000   clock source latency
     1    0.028310    0.132872    0.092458    0.092458 ^ clk (in)
                                                         clk (net)
                      0.132912    0.000000    0.092458 ^ clkbuf_0_clk/A (sky130_fd_sc_hd__clkbuf_16)
     8    0.108967    0.123112    0.223171    0.315629 ^ clkbuf_0_clk/X (sky130_fd_sc_hd__clkbuf_16)
                                                         clknet_0_clk (net)
                      0.123270    0.003535    0.319164 ^ clkbuf_3_4__f_clk/A (sky130_fd_sc_hd__clkbuf_16)
    13    0.042847    0.062408    0.172734    0.491898 ^ clkbuf_3_4__f_clk/X (sky130_fd_sc_hd__clkbuf_16)
                                                         clknet_3_4__leaf_clk (net)
                      0.062408    0.000067    0.491966 ^ spi_out.shift_reg[1]_sky130_fd_sc_hd__dfrtp_2_Q/CLK (sky130_fd_sc_hd__dfrtp_1)
                                  0.250000    0.741966   clock uncertainty
                                  0.000000    0.741966   clock reconvergence pessimism
                                 -0.031171    0.710795   library hold time
                                              0.710795   data required time
---------------------------------------------------------------------------------------------
                                              0.710795   data required time
                                             -0.950631   data arrival time
---------------------------------------------------------------------------------------------
                                              0.239836   slack (MET)


Startpoint: spi_in.shift_reg[14]_sky130_fd_sc_hd__dfrtp_2_Q
            (rising edge-triggered flip-flop clocked by clk)
Endpoint: filter.x_in[15]_sky130_fd_sc_hd__dfrtp_2_Q
          (rising edge-triggered flip-flop clocked by clk)
Path Group: clk
Path Type: min

Fanout         Cap        Slew       Delay        Time   Description
---------------------------------------------------------------------------------------------
                                  0.000000    0.000000   clock clk (rise edge)
                                  0.000000    0.000000   clock source latency
     1    0.028310    0.132872    0.092458    0.092458 ^ clk (in)
                                                         clk (net)
                      0.132912    0.000000    0.092458 ^ clkbuf_0_clk/A (sky130_fd_sc_hd__clkbuf_16)
     8    0.108967    0.123112    0.223171    0.315629 ^ clkbuf_0_clk/X (sky130_fd_sc_hd__clkbuf_16)
                                                         clknet_0_clk (net)
                      0.123417    0.004875    0.320504 ^ clkbuf_3_2__f_clk/A (sky130_fd_sc_hd__clkbuf_16)
     9    0.042714    0.062286    0.172659    0.493163 ^ clkbuf_3_2__f_clk/X (sky130_fd_sc_hd__clkbuf_16)
                                                         clknet_3_2__leaf_clk (net)
                      0.062286    0.000294    0.493457 ^ spi_in.shift_reg[14]_sky130_fd_sc_hd__dfrtp_2_Q/CLK (sky130_fd_sc_hd__dfrtp_1)
     2    0.004646    0.061253    0.333966    0.827423 ^ spi_in.shift_reg[14]_sky130_fd_sc_hd__dfrtp_2_Q/Q (sky130_fd_sc_hd__dfrtp_1)
                                                         spi_in.shift_reg[14] (net)
                      0.061253    0.000012    0.827435 ^ spi_in.shift_reg[14]_sky130_fd_sc_hd__mux2_1_A1/A1 (sky130_fd_sc_hd__mux2_1)
     1    0.003110    0.043651    0.125210    0.952645 ^ spi_in.shift_reg[14]_sky130_fd_sc_hd__mux2_1_A1/X (sky130_fd_sc_hd__mux2_1)
                                                         filter.x_in[15]_sky130_fd_sc_hd__dfrtp_2_Q_D (net)
                      0.043651    0.000018    0.952663 ^ filter.x_in[15]_sky130_fd_sc_hd__dfrtp_2_Q/D (sky130_fd_sc_hd__dfrtp_4)
                                              0.952663   data arrival time

                                  0.000000    0.000000   clock clk (rise edge)
                                  0.000000    0.000000   clock source latency
     1    0.028310    0.132872    0.092458    0.092458 ^ clk (in)
                                                         clk (net)
                      0.132912    0.000000    0.092458 ^ clkbuf_0_clk/A (sky130_fd_sc_hd__clkbuf_16)
     8    0.108967    0.123112    0.223171    0.315629 ^ clkbuf_0_clk/X (sky130_fd_sc_hd__clkbuf_16)
                                                         clknet_0_clk (net)
                      0.123417    0.004875    0.320504 ^ clkbuf_3_2__f_clk/A (sky130_fd_sc_hd__clkbuf_16)
     9    0.042714    0.062286    0.172659    0.493163 ^ clkbuf_3_2__f_clk/X (sky130_fd_sc_hd__clkbuf_16)
                                                         clknet_3_2__leaf_clk (net)
                      0.062286    0.000300    0.493463 ^ filter.x_in[15]_sky130_fd_sc_hd__dfrtp_2_Q/CLK (sky130_fd_sc_hd__dfrtp_4)
                                  0.250000    0.743463   clock uncertainty
                                  0.000000    0.743463   clock reconvergence pessimism
                                 -0.032120    0.711343   library hold time
                                              0.711343   data required time
---------------------------------------------------------------------------------------------
                                              0.711343   data required time
                                             -0.952663   data arrival time
---------------------------------------------------------------------------------------------
                                              0.241319   slack (MET)


Startpoint: spi_out.shift_reg[4]_sky130_fd_sc_hd__dfrtp_2_Q
            (rising edge-triggered flip-flop clocked by clk)
Endpoint: spi_out.shift_reg[4]_sky130_fd_sc_hd__dfrtp_2_Q
          (rising edge-triggered flip-flop clocked by clk)
Path Group: clk
Path Type: min

Fanout         Cap        Slew       Delay        Time   Description
---------------------------------------------------------------------------------------------
                                  0.000000    0.000000   clock clk (rise edge)
                                  0.000000    0.000000   clock source latency
     1    0.028310    0.132872    0.092458    0.092458 ^ clk (in)
                                                         clk (net)
                      0.132912    0.000000    0.092458 ^ clkbuf_0_clk/A (sky130_fd_sc_hd__clkbuf_16)
     8    0.108967    0.123112    0.223171    0.315629 ^ clkbuf_0_clk/X (sky130_fd_sc_hd__clkbuf_16)
                                                         clknet_0_clk (net)
                      0.123270    0.003535    0.319164 ^ clkbuf_3_4__f_clk/A (sky130_fd_sc_hd__clkbuf_16)
    13    0.042847    0.062408    0.172734    0.491898 ^ clkbuf_3_4__f_clk/X (sky130_fd_sc_hd__clkbuf_16)
                                                         clknet_3_4__leaf_clk (net)
                      0.062408    0.000203    0.492102 ^ spi_out.shift_reg[4]_sky130_fd_sc_hd__dfrtp_2_Q/CLK (sky130_fd_sc_hd__dfrtp_1)
     2    0.005412    0.064947    0.339176    0.831277 ^ spi_out.shift_reg[4]_sky130_fd_sc_hd__dfrtp_2_Q/Q (sky130_fd_sc_hd__dfrtp_1)
                                                         spi_out.shift_reg[4] (net)
                      0.064947    0.000010    0.831288 ^ spi_out.shift_reg[4]_sky130_fd_sc_hd__mux2_1_A0/A0 (sky130_fd_sc_hd__mux2_1)
     1    0.002723    0.042191    0.120678    0.951966 ^ spi_out.shift_reg[4]_sky130_fd_sc_hd__mux2_1_A0/X (sky130_fd_sc_hd__mux2_1)
                                                         spi_out.shift_reg[4]_sky130_fd_sc_hd__dfrtp_2_Q_D (net)
                      0.042191    0.000008    0.951974 ^ spi_out.shift_reg[4]_sky130_fd_sc_hd__dfrtp_2_Q/D (sky130_fd_sc_hd__dfrtp_1)
                                              0.951974   data arrival time

                                  0.000000    0.000000   clock clk (rise edge)
                                  0.000000    0.000000   clock source latency
     1    0.028310    0.132872    0.092458    0.092458 ^ clk (in)
                                                         clk (net)
                      0.132912    0.000000    0.092458 ^ clkbuf_0_clk/A (sky130_fd_sc_hd__clkbuf_16)
     8    0.108967    0.123112    0.223171    0.315629 ^ clkbuf_0_clk/X (sky130_fd_sc_hd__clkbuf_16)
                                                         clknet_0_clk (net)
                      0.123270    0.003535    0.319164 ^ clkbuf_3_4__f_clk/A (sky130_fd_sc_hd__clkbuf_16)
    13    0.042847    0.062408    0.172734    0.491898 ^ clkbuf_3_4__f_clk/X (sky130_fd_sc_hd__clkbuf_16)
                                                         clknet_3_4__leaf_clk (net)
                      0.062408    0.000203    0.492102 ^ spi_out.shift_reg[4]_sky130_fd_sc_hd__dfrtp_2_Q/CLK (sky130_fd_sc_hd__dfrtp_1)
                                  0.250000    0.742102   clock uncertainty
                                  0.000000    0.742102   clock reconvergence pessimism
                                 -0.031798    0.710304   library hold time
                                              0.710304   data required time
---------------------------------------------------------------------------------------------
                                              0.710304   data required time
                                             -0.951974   data arrival time
---------------------------------------------------------------------------------------------
                                              0.241671   slack (MET)


Startpoint: spi_in.bit_cnt[3]_sky130_fd_sc_hd__dfrtp_2_Q
            (rising edge-triggered flip-flop clocked by clk)
Endpoint: spi_in.bit_cnt[3]_sky130_fd_sc_hd__dfrtp_2_Q
          (rising edge-triggered flip-flop clocked by clk)
Path Group: clk
Path Type: min

Fanout         Cap        Slew       Delay        Time   Description
---------------------------------------------------------------------------------------------
                                  0.000000    0.000000   clock clk (rise edge)
                                  0.000000    0.000000   clock source latency
     1    0.028310    0.132872    0.092458    0.092458 ^ clk (in)
                                                         clk (net)
                      0.132912    0.000000    0.092458 ^ clkbuf_0_clk/A (sky130_fd_sc_hd__clkbuf_16)
     8    0.108967    0.123112    0.223171    0.315629 ^ clkbuf_0_clk/X (sky130_fd_sc_hd__clkbuf_16)
                                                         clknet_0_clk (net)
                      0.123294    0.003785    0.319414 ^ clkbuf_3_5__f_clk/A (sky130_fd_sc_hd__clkbuf_16)
    13    0.042872    0.062425    0.172723    0.492137 ^ clkbuf_3_5__f_clk/X (sky130_fd_sc_hd__clkbuf_16)
                                                         clknet_3_5__leaf_clk (net)
                      0.062425    0.000248    0.492386 ^ spi_in.bit_cnt[3]_sky130_fd_sc_hd__dfrtp_2_Q/CLK (sky130_fd_sc_hd__dfrtp_1)
     2    0.005708    0.067237    0.341171    0.833556 ^ spi_in.bit_cnt[3]_sky130_fd_sc_hd__dfrtp_2_Q/Q (sky130_fd_sc_hd__dfrtp_1)
                                                         spi_in.bit_cnt[3] (net)
                      0.067237    0.000031    0.833588 ^ spi_in.bit_cnt[3]_sky130_fd_sc_hd__nor2_2_A/A (sky130_fd_sc_hd__nor2_1)
     1    0.002440    0.021623    0.045667    0.879255 v spi_in.bit_cnt[3]_sky130_fd_sc_hd__nor2_2_A/Y (sky130_fd_sc_hd__nor2_1)
                                                         spi_in.bit_cnt[3]_sky130_fd_sc_hd__nor2_2_A_Y (net)
                      0.021623    0.000004    0.879258 v spi_in.bit_cnt[3]_sky130_fd_sc_hd__dfrtp_2_Q_D_sky130_fd_sc_hd__nor2_2_Y/B (sky130_fd_sc_hd__nor2_1)
     1    0.002591    0.074807    0.070938    0.950196 ^ spi_in.bit_cnt[3]_sky130_fd_sc_hd__dfrtp_2_Q_D_sky130_fd_sc_hd__nor2_2_Y/Y (sky130_fd_sc_hd__nor2_1)
                                                         spi_in.bit_cnt[3]_sky130_fd_sc_hd__dfrtp_2_Q_D (net)
                      0.074807    0.000008    0.950204 ^ spi_in.bit_cnt[3]_sky130_fd_sc_hd__dfrtp_2_Q/D (sky130_fd_sc_hd__dfrtp_1)
                                              0.950204   data arrival time

                                  0.000000    0.000000   clock clk (rise edge)
                                  0.000000    0.000000   clock source latency
     1    0.028310    0.132872    0.092458    0.092458 ^ clk (in)
                                                         clk (net)
                      0.132912    0.000000    0.092458 ^ clkbuf_0_clk/A (sky130_fd_sc_hd__clkbuf_16)
     8    0.108967    0.123112    0.223171    0.315629 ^ clkbuf_0_clk/X (sky130_fd_sc_hd__clkbuf_16)
                                                         clknet_0_clk (net)
                      0.123294    0.003785    0.319414 ^ clkbuf_3_5__f_clk/A (sky130_fd_sc_hd__clkbuf_16)
    13    0.042872    0.062425    0.172723    0.492137 ^ clkbuf_3_5__f_clk/X (sky130_fd_sc_hd__clkbuf_16)
                                                         clknet_3_5__leaf_clk (net)
                      0.062425    0.000248    0.492386 ^ spi_in.bit_cnt[3]_sky130_fd_sc_hd__dfrtp_2_Q/CLK (sky130_fd_sc_hd__dfrtp_1)
                                  0.250000    0.742386   clock uncertainty
                                  0.000000    0.742386   clock reconvergence pessimism
                                 -0.038618    0.703768   library hold time
                                              0.703768   data required time
---------------------------------------------------------------------------------------------
                                              0.703768   data required time
                                             -0.950204   data arrival time
---------------------------------------------------------------------------------------------
                                              0.246436   slack (MET)


Startpoint: spi_out.bit_cnt[2]_sky130_fd_sc_hd__dfrtp_2_Q
            (rising edge-triggered flip-flop clocked by clk)
Endpoint: spi_out.bit_cnt[2]_sky130_fd_sc_hd__dfrtp_2_Q
          (rising edge-triggered flip-flop clocked by clk)
Path Group: clk
Path Type: min

Fanout         Cap        Slew       Delay        Time   Description
---------------------------------------------------------------------------------------------
                                  0.000000    0.000000   clock clk (rise edge)
                                  0.000000    0.000000   clock source latency
     1    0.028310    0.132872    0.092458    0.092458 ^ clk (in)
                                                         clk (net)
                      0.132912    0.000000    0.092458 ^ clkbuf_0_clk/A (sky130_fd_sc_hd__clkbuf_16)
     8    0.108967    0.123112    0.223171    0.315629 ^ clkbuf_0_clk/X (sky130_fd_sc_hd__clkbuf_16)
                                                         clknet_0_clk (net)
                      0.123294    0.003785    0.319414 ^ clkbuf_3_5__f_clk/A (sky130_fd_sc_hd__clkbuf_16)
    13    0.042872    0.062425    0.172723    0.492137 ^ clkbuf_3_5__f_clk/X (sky130_fd_sc_hd__clkbuf_16)
                                                         clknet_3_5__leaf_clk (net)
                      0.062427    0.000438    0.492575 ^ spi_out.bit_cnt[2]_sky130_fd_sc_hd__dfrtp_2_Q/CLK (sky130_fd_sc_hd__dfrtp_1)
     4    0.013030    0.125061    0.388085    0.880660 ^ spi_out.bit_cnt[2]_sky130_fd_sc_hd__dfrtp_2_Q/Q (sky130_fd_sc_hd__dfrtp_1)
                                                         spi_out.bit_cnt[2] (net)
                      0.125061    0.000030    0.880690 ^ spi_out.bit_cnt[2]_sky130_fd_sc_hd__dfrtp_2_Q_D_sky130_fd_sc_hd__xor2_2_X/A (sky130_fd_sc_hd__xor2_1)
     1    0.002185    0.034361    0.076921    0.957611 v spi_out.bit_cnt[2]_sky130_fd_sc_hd__dfrtp_2_Q_D_sky130_fd_sc_hd__xor2_2_X/X (sky130_fd_sc_hd__xor2_1)
                                                         spi_out.bit_cnt[2]_sky130_fd_sc_hd__dfrtp_2_Q_D (net)
                      0.034361    0.000003    0.957614 v spi_out.bit_cnt[2]_sky130_fd_sc_hd__dfrtp_2_Q/D (sky130_fd_sc_hd__dfrtp_1)
                                              0.957614   data arrival time

                                  0.000000    0.000000   clock clk (rise edge)
                                  0.000000    0.000000   clock source latency
     1    0.028310    0.132872    0.092458    0.092458 ^ clk (in)
                                                         clk (net)
                      0.132912    0.000000    0.092458 ^ clkbuf_0_clk/A (sky130_fd_sc_hd__clkbuf_16)
     8    0.108967    0.123112    0.223171    0.315629 ^ clkbuf_0_clk/X (sky130_fd_sc_hd__clkbuf_16)
                                                         clknet_0_clk (net)
                      0.123294    0.003785    0.319414 ^ clkbuf_3_5__f_clk/A (sky130_fd_sc_hd__clkbuf_16)
    13    0.042872    0.062425    0.172723    0.492137 ^ clkbuf_3_5__f_clk/X (sky130_fd_sc_hd__clkbuf_16)
                                                         clknet_3_5__leaf_clk (net)
                      0.062427    0.000438    0.492575 ^ spi_out.bit_cnt[2]_sky130_fd_sc_hd__dfrtp_2_Q/CLK (sky130_fd_sc_hd__dfrtp_1)
                                  0.250000    0.742575   clock uncertainty
                                  0.000000    0.742575   clock reconvergence pessimism
                                 -0.037470    0.705105   library hold time
                                              0.705105   data required time
---------------------------------------------------------------------------------------------
                                              0.705105   data required time
                                             -0.957614   data arrival time
---------------------------------------------------------------------------------------------
                                              0.252509   slack (MET)


Startpoint: filter.x_in[3]_sky130_fd_sc_hd__dfrtp_2_Q
            (rising edge-triggered flip-flop clocked by clk)
Endpoint: filter.x_in[3]_sky130_fd_sc_hd__dfrtp_2_Q
          (rising edge-triggered flip-flop clocked by clk)
Path Group: clk
Path Type: min

Fanout         Cap        Slew       Delay        Time   Description
---------------------------------------------------------------------------------------------
                                  0.000000    0.000000   clock clk (rise edge)
                                  0.000000    0.000000   clock source latency
     1    0.028310    0.132872    0.092458    0.092458 ^ clk (in)
                                                         clk (net)
                      0.132912    0.000000    0.092458 ^ clkbuf_0_clk/A (sky130_fd_sc_hd__clkbuf_16)
     8    0.108967    0.123112    0.223171    0.315629 ^ clkbuf_0_clk/X (sky130_fd_sc_hd__clkbuf_16)
                                                         clknet_0_clk (net)
                      0.123134    0.001345    0.316975 ^ clkbuf_3_7__f_clk/A (sky130_fd_sc_hd__clkbuf_16)
     9    0.038153    0.058206    0.169121    0.486096 ^ clkbuf_3_7__f_clk/X (sky130_fd_sc_hd__clkbuf_16)
                                                         clknet_3_7__leaf_clk (net)
                      0.058211    0.000519    0.486614 ^ filter.x_in[3]_sky130_fd_sc_hd__dfrtp_2_Q/CLK (sky130_fd_sc_hd__dfrtp_1)
     3    0.007098    0.078160    0.348986    0.835600 ^ filter.x_in[3]_sky130_fd_sc_hd__dfrtp_2_Q/Q (sky130_fd_sc_hd__dfrtp_1)
                                                         filter.x_in[3] (net)
                      0.078160    0.000019    0.835619 ^ filter.x_in[3]_sky130_fd_sc_hd__mux2_1_A0/A0 (sky130_fd_sc_hd__mux2_1)
     1    0.002425    0.039837    0.122835    0.958453 ^ filter.x_in[3]_sky130_fd_sc_hd__mux2_1_A0/X (sky130_fd_sc_hd__mux2_1)
                                                         filter.x_in[3]_sky130_fd_sc_hd__dfrtp_2_Q_D (net)
                      0.039837    0.000005    0.958459 ^ filter.x_in[3]_sky130_fd_sc_hd__dfrtp_2_Q/D (sky130_fd_sc_hd__dfrtp_1)
                                              0.958459   data arrival time

                                  0.000000    0.000000   clock clk (rise edge)
                                  0.000000    0.000000   clock source latency
     1    0.028310    0.132872    0.092458    0.092458 ^ clk (in)
                                                         clk (net)
                      0.132912    0.000000    0.092458 ^ clkbuf_0_clk/A (sky130_fd_sc_hd__clkbuf_16)
     8    0.108967    0.123112    0.223171    0.315629 ^ clkbuf_0_clk/X (sky130_fd_sc_hd__clkbuf_16)
                                                         clknet_0_clk (net)
                      0.123134    0.001345    0.316975 ^ clkbuf_3_7__f_clk/A (sky130_fd_sc_hd__clkbuf_16)
     9    0.038153    0.058206    0.169121    0.486096 ^ clkbuf_3_7__f_clk/X (sky130_fd_sc_hd__clkbuf_16)
                                                         clknet_3_7__leaf_clk (net)
                      0.058211    0.000519    0.486614 ^ filter.x_in[3]_sky130_fd_sc_hd__dfrtp_2_Q/CLK (sky130_fd_sc_hd__dfrtp_1)
                                  0.250000    0.736614   clock uncertainty
                                  0.000000    0.736614   clock reconvergence pessimism
                                 -0.031879    0.704736   library hold time
                                              0.704736   data required time
---------------------------------------------------------------------------------------------
                                              0.704736   data required time
                                             -0.958459   data arrival time
---------------------------------------------------------------------------------------------
                                              0.253723   slack (MET)


Startpoint: filter.x_in[14]_sky130_fd_sc_hd__dfrtp_2_Q
            (rising edge-triggered flip-flop clocked by clk)
Endpoint: filter.x_in[14]_sky130_fd_sc_hd__dfrtp_2_Q
          (rising edge-triggered flip-flop clocked by clk)
Path Group: clk
Path Type: min

Fanout         Cap        Slew       Delay        Time   Description
---------------------------------------------------------------------------------------------
                                  0.000000    0.000000   clock clk (rise edge)
                                  0.000000    0.000000   clock source latency
     1    0.028310    0.132872    0.092458    0.092458 ^ clk (in)
                                                         clk (net)
                      0.132912    0.000000    0.092458 ^ clkbuf_0_clk/A (sky130_fd_sc_hd__clkbuf_16)
     8    0.108967    0.123112    0.223171    0.315629 ^ clkbuf_0_clk/X (sky130_fd_sc_hd__clkbuf_16)
                                                         clknet_0_clk (net)
                      0.123417    0.004875    0.320504 ^ clkbuf_3_2__f_clk/A (sky130_fd_sc_hd__clkbuf_16)
     9    0.042714    0.062286    0.172659    0.493163 ^ clkbuf_3_2__f_clk/X (sky130_fd_sc_hd__clkbuf_16)
                                                         clknet_3_2__leaf_clk (net)
                      0.062286    0.000246    0.493409 ^ filter.x_in[14]_sky130_fd_sc_hd__dfrtp_2_Q/CLK (sky130_fd_sc_hd__dfrtp_1)
     2    0.007149    0.080783    0.350868    0.844277 ^ filter.x_in[14]_sky130_fd_sc_hd__dfrtp_2_Q/Q (sky130_fd_sc_hd__dfrtp_1)
                                                         filter.x_in[14] (net)
                      0.080783    0.000015    0.844293 ^ filter.x_in[14]_sky130_fd_sc_hd__mux2_1_A0/A0 (sky130_fd_sc_hd__mux2_1)
     1    0.002208    0.038124    0.122004    0.966297 ^ filter.x_in[14]_sky130_fd_sc_hd__mux2_1_A0/X (sky130_fd_sc_hd__mux2_1)
                                                         filter.x_in[14]_sky130_fd_sc_hd__dfrtp_2_Q_D (net)
                      0.038124    0.000003    0.966300 ^ filter.x_in[14]_sky130_fd_sc_hd__dfrtp_2_Q/D (sky130_fd_sc_hd__dfrtp_1)
                                              0.966300   data arrival time

                                  0.000000    0.000000   clock clk (rise edge)
                                  0.000000    0.000000   clock source latency
     1    0.028310    0.132872    0.092458    0.092458 ^ clk (in)
                                                         clk (net)
                      0.132912    0.000000    0.092458 ^ clkbuf_0_clk/A (sky130_fd_sc_hd__clkbuf_16)
     8    0.108967    0.123112    0.223171    0.315629 ^ clkbuf_0_clk/X (sky130_fd_sc_hd__clkbuf_16)
                                                         clknet_0_clk (net)
                      0.123417    0.004875    0.320504 ^ clkbuf_3_2__f_clk/A (sky130_fd_sc_hd__clkbuf_16)
     9    0.042714    0.062286    0.172659    0.493163 ^ clkbuf_3_2__f_clk/X (sky130_fd_sc_hd__clkbuf_16)
                                                         clknet_3_2__leaf_clk (net)
                      0.062286    0.000246    0.493409 ^ filter.x_in[14]_sky130_fd_sc_hd__dfrtp_2_Q/CLK (sky130_fd_sc_hd__dfrtp_1)
                                  0.250000    0.743409   clock uncertainty
                                  0.000000    0.743409   clock reconvergence pessimism
                                 -0.030964    0.712445   library hold time
                                              0.712445   data required time
---------------------------------------------------------------------------------------------
                                              0.712445   data required time
                                             -0.966300   data arrival time
---------------------------------------------------------------------------------------------
                                              0.253855   slack (MET)


Startpoint: filter.x_in[2]_sky130_fd_sc_hd__dfrtp_2_Q
            (rising edge-triggered flip-flop clocked by clk)
Endpoint: filter.x_in[2]_sky130_fd_sc_hd__dfrtp_2_Q
          (rising edge-triggered flip-flop clocked by clk)
Path Group: clk
Path Type: min

Fanout         Cap        Slew       Delay        Time   Description
---------------------------------------------------------------------------------------------
                                  0.000000    0.000000   clock clk (rise edge)
                                  0.000000    0.000000   clock source latency
     1    0.028310    0.132872    0.092458    0.092458 ^ clk (in)
                                                         clk (net)
                      0.132912    0.000000    0.092458 ^ clkbuf_0_clk/A (sky130_fd_sc_hd__clkbuf_16)
     8    0.108967    0.123112    0.223171    0.315629 ^ clkbuf_0_clk/X (sky130_fd_sc_hd__clkbuf_16)
                                                         clknet_0_clk (net)
                      0.123134    0.001345    0.316975 ^ clkbuf_3_7__f_clk/A (sky130_fd_sc_hd__clkbuf_16)
     9    0.038153    0.058206    0.169121    0.486096 ^ clkbuf_3_7__f_clk/X (sky130_fd_sc_hd__clkbuf_16)
                                                         clknet_3_7__leaf_clk (net)
                      0.058215    0.000622    0.486718 ^ filter.x_in[2]_sky130_fd_sc_hd__dfrtp_2_Q/CLK (sky130_fd_sc_hd__dfrtp_1)
     2    0.007150    0.080794    0.349358    0.836076 ^ filter.x_in[2]_sky130_fd_sc_hd__dfrtp_2_Q/Q (sky130_fd_sc_hd__dfrtp_1)
                                                         filter.x_in[2] (net)
                      0.080794    0.000017    0.836093 ^ filter.x_in[2]_sky130_fd_sc_hd__mux2_1_A0/A0 (sky130_fd_sc_hd__mux2_1)
     1    0.002343    0.039193    0.123088    0.959181 ^ filter.x_in[2]_sky130_fd_sc_hd__mux2_1_A0/X (sky130_fd_sc_hd__mux2_1)
                                                         filter.x_in[2]_sky130_fd_sc_hd__dfrtp_2_Q_D (net)
                      0.039193    0.000004    0.959186 ^ filter.x_in[2]_sky130_fd_sc_hd__dfrtp_2_Q/D (sky130_fd_sc_hd__dfrtp_1)
                                              0.959186   data arrival time

                                  0.000000    0.000000   clock clk (rise edge)
                                  0.000000    0.000000   clock source latency
     1    0.028310    0.132872    0.092458    0.092458 ^ clk (in)
                                                         clk (net)
                      0.132912    0.000000    0.092458 ^ clkbuf_0_clk/A (sky130_fd_sc_hd__clkbuf_16)
     8    0.108967    0.123112    0.223171    0.315629 ^ clkbuf_0_clk/X (sky130_fd_sc_hd__clkbuf_16)
                                                         clknet_0_clk (net)
                      0.123134    0.001345    0.316975 ^ clkbuf_3_7__f_clk/A (sky130_fd_sc_hd__clkbuf_16)
     9    0.038153    0.058206    0.169121    0.486096 ^ clkbuf_3_7__f_clk/X (sky130_fd_sc_hd__clkbuf_16)
                                                         clknet_3_7__leaf_clk (net)
                      0.058215    0.000622    0.486718 ^ filter.x_in[2]_sky130_fd_sc_hd__dfrtp_2_Q/CLK (sky130_fd_sc_hd__dfrtp_1)
                                  0.250000    0.736718   clock uncertainty
                                  0.000000    0.736718   clock reconvergence pessimism
                                 -0.031743    0.704975   library hold time
                                              0.704975   data required time
---------------------------------------------------------------------------------------------
                                              0.704975   data required time
                                             -0.959186   data arrival time
---------------------------------------------------------------------------------------------
                                              0.254211   slack (MET)


Startpoint: spi_out.shift_reg[0]_sky130_fd_sc_hd__dfrtp_2_Q
            (rising edge-triggered flip-flop clocked by clk)
Endpoint: spi_out.shift_reg[0]_sky130_fd_sc_hd__dfrtp_2_Q
          (rising edge-triggered flip-flop clocked by clk)
Path Group: clk
Path Type: min

Fanout         Cap        Slew       Delay        Time   Description
---------------------------------------------------------------------------------------------
                                  0.000000    0.000000   clock clk (rise edge)
                                  0.000000    0.000000   clock source latency
     1    0.028310    0.132872    0.092458    0.092458 ^ clk (in)
                                                         clk (net)
                      0.132912    0.000000    0.092458 ^ clkbuf_0_clk/A (sky130_fd_sc_hd__clkbuf_16)
     8    0.108967    0.123112    0.223171    0.315629 ^ clkbuf_0_clk/X (sky130_fd_sc_hd__clkbuf_16)
                                                         clknet_0_clk (net)
                      0.123270    0.003535    0.319164 ^ clkbuf_3_4__f_clk/A (sky130_fd_sc_hd__clkbuf_16)
    13    0.042847    0.062408    0.172734    0.491898 ^ clkbuf_3_4__f_clk/X (sky130_fd_sc_hd__clkbuf_16)
                                                         clknet_3_4__leaf_clk (net)
                      0.062408    0.000211    0.492110 ^ spi_out.shift_reg[0]_sky130_fd_sc_hd__dfrtp_2_Q/CLK (sky130_fd_sc_hd__dfrtp_1)
     2    0.006177    0.073202    0.344353    0.836463 ^ spi_out.shift_reg[0]_sky130_fd_sc_hd__dfrtp_2_Q/Q (sky130_fd_sc_hd__dfrtp_1)
                                                         spi_out.shift_reg[0] (net)
                      0.073202    0.000026    0.836489 ^ spi_out.shift_reg[0]_sky130_fd_sc_hd__a22o_2_A1/A1 (sky130_fd_sc_hd__a22o_1)
     1    0.002457    0.041748    0.128308    0.964797 ^ spi_out.shift_reg[0]_sky130_fd_sc_hd__a22o_2_A1/X (sky130_fd_sc_hd__a22o_1)
                                                         spi_out.shift_reg[0]_sky130_fd_sc_hd__dfrtp_2_Q_D (net)
                      0.041748    0.000007    0.964804 ^ spi_out.shift_reg[0]_sky130_fd_sc_hd__dfrtp_2_Q/D (sky130_fd_sc_hd__dfrtp_1)
                                              0.964804   data arrival time

                                  0.000000    0.000000   clock clk (rise edge)
                                  0.000000    0.000000   clock source latency
     1    0.028310    0.132872    0.092458    0.092458 ^ clk (in)
                                                         clk (net)
                      0.132912    0.000000    0.092458 ^ clkbuf_0_clk/A (sky130_fd_sc_hd__clkbuf_16)
     8    0.108967    0.123112    0.223171    0.315629 ^ clkbuf_0_clk/X (sky130_fd_sc_hd__clkbuf_16)
                                                         clknet_0_clk (net)
                      0.123270    0.003535    0.319164 ^ clkbuf_3_4__f_clk/A (sky130_fd_sc_hd__clkbuf_16)
    13    0.042847    0.062408    0.172734    0.491898 ^ clkbuf_3_4__f_clk/X (sky130_fd_sc_hd__clkbuf_16)
                                                         clknet_3_4__leaf_clk (net)
                      0.062408    0.000211    0.492110 ^ spi_out.shift_reg[0]_sky130_fd_sc_hd__dfrtp_2_Q/CLK (sky130_fd_sc_hd__dfrtp_1)
                                  0.250000    0.742110   clock uncertainty
                                  0.000000    0.742110   clock reconvergence pessimism
                                 -0.031705    0.710404   library hold time
                                              0.710404   data required time
---------------------------------------------------------------------------------------------
                                              0.710404   data required time
                                             -0.964804   data arrival time
---------------------------------------------------------------------------------------------
                                              0.254399   slack (MET)


Startpoint: filter.x_in[6]_sky130_fd_sc_hd__dfrtp_2_Q
            (rising edge-triggered flip-flop clocked by clk)
Endpoint: filter.x_in[6]_sky130_fd_sc_hd__dfrtp_2_Q
          (rising edge-triggered flip-flop clocked by clk)
Path Group: clk
Path Type: min

Fanout         Cap        Slew       Delay        Time   Description
---------------------------------------------------------------------------------------------
                                  0.000000    0.000000   clock clk (rise edge)
                                  0.000000    0.000000   clock source latency
     1    0.028310    0.132872    0.092458    0.092458 ^ clk (in)
                                                         clk (net)
                      0.132912    0.000000    0.092458 ^ clkbuf_0_clk/A (sky130_fd_sc_hd__clkbuf_16)
     8    0.108967    0.123112    0.223171    0.315629 ^ clkbuf_0_clk/X (sky130_fd_sc_hd__clkbuf_16)
                                                         clknet_0_clk (net)
                      0.123294    0.003785    0.319414 ^ clkbuf_3_5__f_clk/A (sky130_fd_sc_hd__clkbuf_16)
    13    0.042872    0.062425    0.172723    0.492137 ^ clkbuf_3_5__f_clk/X (sky130_fd_sc_hd__clkbuf_16)
                                                         clknet_3_5__leaf_clk (net)
                      0.062425    0.000016    0.492153 ^ filter.x_in[6]_sky130_fd_sc_hd__dfrtp_2_Q/CLK (sky130_fd_sc_hd__dfrtp_1)
     3    0.007070    0.080172    0.350391    0.842545 ^ filter.x_in[6]_sky130_fd_sc_hd__dfrtp_2_Q/Q (sky130_fd_sc_hd__dfrtp_1)
                                                         filter.x_in[6] (net)
                      0.080172    0.000013    0.842558 ^ filter.x_in[6]_sky130_fd_sc_hd__mux2_1_A0/A0 (sky130_fd_sc_hd__mux2_1)
     1    0.002406    0.039691    0.123379    0.965937 ^ filter.x_in[6]_sky130_fd_sc_hd__mux2_1_A0/X (sky130_fd_sc_hd__mux2_1)
                                                         filter.x_in[6]_sky130_fd_sc_hd__dfrtp_2_Q_D (net)
                      0.039691    0.000005    0.965942 ^ filter.x_in[6]_sky130_fd_sc_hd__dfrtp_2_Q/D (sky130_fd_sc_hd__dfrtp_1)
                                              0.965942   data arrival time

                                  0.000000    0.000000   clock clk (rise edge)
                                  0.000000    0.000000   clock source latency
     1    0.028310    0.132872    0.092458    0.092458 ^ clk (in)
                                                         clk (net)
                      0.132912    0.000000    0.092458 ^ clkbuf_0_clk/A (sky130_fd_sc_hd__clkbuf_16)
     8    0.108967    0.123112    0.223171    0.315629 ^ clkbuf_0_clk/X (sky130_fd_sc_hd__clkbuf_16)
                                                         clknet_0_clk (net)
                      0.123294    0.003785    0.319414 ^ clkbuf_3_5__f_clk/A (sky130_fd_sc_hd__clkbuf_16)
    13    0.042872    0.062425    0.172723    0.492137 ^ clkbuf_3_5__f_clk/X (sky130_fd_sc_hd__clkbuf_16)
                                                         clknet_3_5__leaf_clk (net)
                      0.062425    0.000016    0.492153 ^ filter.x_in[6]_sky130_fd_sc_hd__dfrtp_2_Q/CLK (sky130_fd_sc_hd__dfrtp_1)
                                  0.250000    0.742153   clock uncertainty
                                  0.000000    0.742153   clock reconvergence pessimism
                                 -0.031273    0.710881   library hold time
                                              0.710881   data required time
---------------------------------------------------------------------------------------------
                                              0.710881   data required time
                                             -0.965942   data arrival time
---------------------------------------------------------------------------------------------
                                              0.255061   slack (MET)


Startpoint: filter.x_in[5]_sky130_fd_sc_hd__dfrtp_2_Q
            (rising edge-triggered flip-flop clocked by clk)
Endpoint: filter.x_in[5]_sky130_fd_sc_hd__dfrtp_2_Q
          (rising edge-triggered flip-flop clocked by clk)
Path Group: clk
Path Type: min

Fanout         Cap        Slew       Delay        Time   Description
---------------------------------------------------------------------------------------------
                                  0.000000    0.000000   clock clk (rise edge)
                                  0.000000    0.000000   clock source latency
     1    0.028310    0.132872    0.092458    0.092458 ^ clk (in)
                                                         clk (net)
                      0.132912    0.000000    0.092458 ^ clkbuf_0_clk/A (sky130_fd_sc_hd__clkbuf_16)
     8    0.108967    0.123112    0.223171    0.315629 ^ clkbuf_0_clk/X (sky130_fd_sc_hd__clkbuf_16)
                                                         clknet_0_clk (net)
                      0.123294    0.003785    0.319414 ^ clkbuf_3_5__f_clk/A (sky130_fd_sc_hd__clkbuf_16)
    13    0.042872    0.062425    0.172723    0.492137 ^ clkbuf_3_5__f_clk/X (sky130_fd_sc_hd__clkbuf_16)
                                                         clknet_3_5__leaf_clk (net)
                      0.062425    0.000284    0.492421 ^ filter.x_in[5]_sky130_fd_sc_hd__dfrtp_2_Q/CLK (sky130_fd_sc_hd__dfrtp_1)
     3    0.006957    0.079290    0.349628    0.842049 ^ filter.x_in[5]_sky130_fd_sc_hd__dfrtp_2_Q/Q (sky130_fd_sc_hd__dfrtp_1)
                                                         filter.x_in[5] (net)
                      0.079290    0.000002    0.842052 ^ filter.x_in[5]_sky130_fd_sc_hd__mux2_1_A0/A0 (sky130_fd_sc_hd__mux2_1)
     1    0.002620    0.041382    0.124790    0.966842 ^ filter.x_in[5]_sky130_fd_sc_hd__mux2_1_A0/X (sky130_fd_sc_hd__mux2_1)
                                                         filter.x_in[5]_sky130_fd_sc_hd__dfrtp_2_Q_D (net)
                      0.041382    0.000007    0.966849 ^ filter.x_in[5]_sky130_fd_sc_hd__dfrtp_2_Q/D (sky130_fd_sc_hd__dfrtp_1)
                                              0.966849   data arrival time

                                  0.000000    0.000000   clock clk (rise edge)
                                  0.000000    0.000000   clock source latency
     1    0.028310    0.132872    0.092458    0.092458 ^ clk (in)
                                                         clk (net)
                      0.132912    0.000000    0.092458 ^ clkbuf_0_clk/A (sky130_fd_sc_hd__clkbuf_16)
     8    0.108967    0.123112    0.223171    0.315629 ^ clkbuf_0_clk/X (sky130_fd_sc_hd__clkbuf_16)
                                                         clknet_0_clk (net)
                      0.123294    0.003785    0.319414 ^ clkbuf_3_5__f_clk/A (sky130_fd_sc_hd__clkbuf_16)
    13    0.042872    0.062425    0.172723    0.492137 ^ clkbuf_3_5__f_clk/X (sky130_fd_sc_hd__clkbuf_16)
                                                         clknet_3_5__leaf_clk (net)
                      0.062425    0.000284    0.492421 ^ filter.x_in[5]_sky130_fd_sc_hd__dfrtp_2_Q/CLK (sky130_fd_sc_hd__dfrtp_1)
                                  0.250000    0.742421   clock uncertainty
                                  0.000000    0.742421   clock reconvergence pessimism
                                 -0.031627    0.710794   library hold time
                                              0.710794   data required time
---------------------------------------------------------------------------------------------
                                              0.710794   data required time
                                             -0.966849   data arrival time
---------------------------------------------------------------------------------------------
                                              0.256055   slack (MET)


Startpoint: spi_out.bit_cnt[1]_sky130_fd_sc_hd__dfrtp_2_Q
            (rising edge-triggered flip-flop clocked by clk)
Endpoint: spi_out.bit_cnt[1]_sky130_fd_sc_hd__dfrtp_2_Q
          (rising edge-triggered flip-flop clocked by clk)
Path Group: clk
Path Type: min

Fanout         Cap        Slew       Delay        Time   Description
---------------------------------------------------------------------------------------------
                                  0.000000    0.000000   clock clk (rise edge)
                                  0.000000    0.000000   clock source latency
     1    0.028310    0.132872    0.092458    0.092458 ^ clk (in)
                                                         clk (net)
                      0.132912    0.000000    0.092458 ^ clkbuf_0_clk/A (sky130_fd_sc_hd__clkbuf_16)
     8    0.108967    0.123112    0.223171    0.315629 ^ clkbuf_0_clk/X (sky130_fd_sc_hd__clkbuf_16)
                                                         clknet_0_clk (net)
                      0.123294    0.003785    0.319414 ^ clkbuf_3_5__f_clk/A (sky130_fd_sc_hd__clkbuf_16)
    13    0.042872    0.062425    0.172723    0.492137 ^ clkbuf_3_5__f_clk/X (sky130_fd_sc_hd__clkbuf_16)
                                                         clknet_3_5__leaf_clk (net)
                      0.062426    0.000321    0.492458 ^ spi_out.bit_cnt[1]_sky130_fd_sc_hd__dfrtp_2_Q/CLK (sky130_fd_sc_hd__dfrtp_1)
     3    0.007114    0.080512    0.350685    0.843144 ^ spi_out.bit_cnt[1]_sky130_fd_sc_hd__dfrtp_2_Q/Q (sky130_fd_sc_hd__dfrtp_1)
                                                         spi_out.bit_cnt[1] (net)
                      0.080512    0.000024    0.843168 ^ spi_out.bit_cnt[1]_sky130_fd_sc_hd__a21oi_2_B1/B1 (sky130_fd_sc_hd__a21oi_1)
     1    0.002457    0.033447    0.043728    0.886896 v spi_out.bit_cnt[1]_sky130_fd_sc_hd__a21oi_2_B1/Y (sky130_fd_sc_hd__a21oi_1)
                                                         spi_out.bit_cnt[1]_sky130_fd_sc_hd__a21oi_2_B1_Y (net)
                      0.033447    0.000004    0.886900 v spi_out.bit_cnt[1]_sky130_fd_sc_hd__dfrtp_2_Q_D_sky130_fd_sc_hd__nor2_2_Y/B (sky130_fd_sc_hd__nor2_1)
     1    0.002646    0.075698    0.075484    0.962383 ^ spi_out.bit_cnt[1]_sky130_fd_sc_hd__dfrtp_2_Q_D_sky130_fd_sc_hd__nor2_2_Y/Y (sky130_fd_sc_hd__nor2_1)
                                                         spi_out.bit_cnt[1]_sky130_fd_sc_hd__dfrtp_2_Q_D (net)
                      0.075698    0.000008    0.962391 ^ spi_out.bit_cnt[1]_sky130_fd_sc_hd__dfrtp_2_Q/D (sky130_fd_sc_hd__dfrtp_1)
                                              0.962391   data arrival time

                                  0.000000    0.000000   clock clk (rise edge)
                                  0.000000    0.000000   clock source latency
     1    0.028310    0.132872    0.092458    0.092458 ^ clk (in)
                                                         clk (net)
                      0.132912    0.000000    0.092458 ^ clkbuf_0_clk/A (sky130_fd_sc_hd__clkbuf_16)
     8    0.108967    0.123112    0.223171    0.315629 ^ clkbuf_0_clk/X (sky130_fd_sc_hd__clkbuf_16)
                                                         clknet_0_clk (net)
                      0.123294    0.003785    0.319414 ^ clkbuf_3_5__f_clk/A (sky130_fd_sc_hd__clkbuf_16)
    13    0.042872    0.062425    0.172723    0.492137 ^ clkbuf_3_5__f_clk/X (sky130_fd_sc_hd__clkbuf_16)
                                                         clknet_3_5__leaf_clk (net)
                      0.062426    0.000321    0.492458 ^ spi_out.bit_cnt[1]_sky130_fd_sc_hd__dfrtp_2_Q/CLK (sky130_fd_sc_hd__dfrtp_1)
                                  0.250000    0.742458   clock uncertainty
                                  0.000000    0.742458   clock reconvergence pessimism
                                 -0.038804    0.703654   library hold time
                                              0.703654   data required time
---------------------------------------------------------------------------------------------
                                              0.703654   data required time
                                             -0.962391   data arrival time
---------------------------------------------------------------------------------------------
                                              0.258737   slack (MET)


Startpoint: spi_out.bit_cnt[3]_sky130_fd_sc_hd__dfrtp_2_Q
            (rising edge-triggered flip-flop clocked by clk)
Endpoint: spi_out.bit_cnt[3]_sky130_fd_sc_hd__dfrtp_2_Q
          (rising edge-triggered flip-flop clocked by clk)
Path Group: clk
Path Type: min

Fanout         Cap        Slew       Delay        Time   Description
---------------------------------------------------------------------------------------------
                                  0.000000    0.000000   clock clk (rise edge)
                                  0.000000    0.000000   clock source latency
     1    0.028310    0.132872    0.092458    0.092458 ^ clk (in)
                                                         clk (net)
                      0.132912    0.000000    0.092458 ^ clkbuf_0_clk/A (sky130_fd_sc_hd__clkbuf_16)
     8    0.108967    0.123112    0.223171    0.315629 ^ clkbuf_0_clk/X (sky130_fd_sc_hd__clkbuf_16)
                                                         clknet_0_clk (net)
                      0.123294    0.003785    0.319414 ^ clkbuf_3_5__f_clk/A (sky130_fd_sc_hd__clkbuf_16)
    13    0.042872    0.062425    0.172723    0.492137 ^ clkbuf_3_5__f_clk/X (sky130_fd_sc_hd__clkbuf_16)
                                                         clknet_3_5__leaf_clk (net)
                      0.062428    0.000469    0.492607 ^ spi_out.bit_cnt[3]_sky130_fd_sc_hd__dfrtp_2_Q/CLK (sky130_fd_sc_hd__dfrtp_1)
     3    0.006679    0.077120    0.347751    0.840357 ^ spi_out.bit_cnt[3]_sky130_fd_sc_hd__dfrtp_2_Q/Q (sky130_fd_sc_hd__dfrtp_1)
                                                         spi_out.bit_cnt[3] (net)
                      0.077120    0.000014    0.840371 ^ spi_out.bit_cnt[3]_sky130_fd_sc_hd__a21oi_2_B1/B1 (sky130_fd_sc_hd__a21oi_1)
     1    0.002810    0.033122    0.044771    0.885142 v spi_out.bit_cnt[3]_sky130_fd_sc_hd__a21oi_2_B1/Y (sky130_fd_sc_hd__a21oi_1)
                                                         spi_out.bit_cnt[3]_sky130_fd_sc_hd__a21oi_2_B1_Y (net)
                      0.033122    0.000009    0.885151 v spi_out.bit_cnt[3]_sky130_fd_sc_hd__dfrtp_2_Q_D_sky130_fd_sc_hd__nor2_2_Y/B (sky130_fd_sc_hd__nor2_1)
     1    0.002963    0.081001    0.079363    0.964514 ^ spi_out.bit_cnt[3]_sky130_fd_sc_hd__dfrtp_2_Q_D_sky130_fd_sc_hd__nor2_2_Y/Y (sky130_fd_sc_hd__nor2_1)
                                                         spi_out.bit_cnt[3]_sky130_fd_sc_hd__dfrtp_2_Q_D (net)
                      0.081001    0.000011    0.964525 ^ spi_out.bit_cnt[3]_sky130_fd_sc_hd__dfrtp_2_Q/D (sky130_fd_sc_hd__dfrtp_1)
                                              0.964525   data arrival time

                                  0.000000    0.000000   clock clk (rise edge)
                                  0.000000    0.000000   clock source latency
     1    0.028310    0.132872    0.092458    0.092458 ^ clk (in)
                                                         clk (net)
                      0.132912    0.000000    0.092458 ^ clkbuf_0_clk/A (sky130_fd_sc_hd__clkbuf_16)
     8    0.108967    0.123112    0.223171    0.315629 ^ clkbuf_0_clk/X (sky130_fd_sc_hd__clkbuf_16)
                                                         clknet_0_clk (net)
                      0.123294    0.003785    0.319414 ^ clkbuf_3_5__f_clk/A (sky130_fd_sc_hd__clkbuf_16)
    13    0.042872    0.062425    0.172723    0.492137 ^ clkbuf_3_5__f_clk/X (sky130_fd_sc_hd__clkbuf_16)
                                                         clknet_3_5__leaf_clk (net)
                      0.062428    0.000469    0.492607 ^ spi_out.bit_cnt[3]_sky130_fd_sc_hd__dfrtp_2_Q/CLK (sky130_fd_sc_hd__dfrtp_1)
                                  0.250000    0.742607   clock uncertainty
                                  0.000000    0.742607   clock reconvergence pessimism
                                 -0.039913    0.702694   library hold time
                                              0.702694   data required time
---------------------------------------------------------------------------------------------
                                              0.702694   data required time
                                             -0.964525   data arrival time
---------------------------------------------------------------------------------------------
                                              0.261832   slack (MET)


Startpoint: spi_in.shift_reg[12]_sky130_fd_sc_hd__dfrtp_2_Q
            (rising edge-triggered flip-flop clocked by clk)
Endpoint: filter.x_in[13]_sky130_fd_sc_hd__dfrtp_2_Q
          (rising edge-triggered flip-flop clocked by clk)
Path Group: clk
Path Type: min

Fanout         Cap        Slew       Delay        Time   Description
---------------------------------------------------------------------------------------------
                                  0.000000    0.000000   clock clk (rise edge)
                                  0.000000    0.000000   clock source latency
     1    0.028310    0.132872    0.092458    0.092458 ^ clk (in)
                                                         clk (net)
                      0.132912    0.000000    0.092458 ^ clkbuf_0_clk/A (sky130_fd_sc_hd__clkbuf_16)
     8    0.108967    0.123112    0.223171    0.315629 ^ clkbuf_0_clk/X (sky130_fd_sc_hd__clkbuf_16)
                                                         clknet_0_clk (net)
                      0.123305    0.003900    0.319530 ^ clkbuf_3_0__f_clk/A (sky130_fd_sc_hd__clkbuf_16)
    10    0.037145    0.057367    0.168557    0.488087 ^ clkbuf_3_0__f_clk/X (sky130_fd_sc_hd__clkbuf_16)
                                                         clknet_3_0__leaf_clk (net)
                      0.057367    0.000155    0.488242 ^ spi_in.shift_reg[12]_sky130_fd_sc_hd__dfrtp_2_Q/CLK (sky130_fd_sc_hd__dfrtp_1)
     3    0.008333    0.088018    0.357000    0.845242 ^ spi_in.shift_reg[12]_sky130_fd_sc_hd__dfrtp_2_Q/Q (sky130_fd_sc_hd__dfrtp_1)
                                                         spi_in.shift_reg[12] (net)
                      0.088018    0.000071    0.845313 ^ filter.x_in[13]_sky130_fd_sc_hd__mux2_1_A0/A1 (sky130_fd_sc_hd__mux2_1)
     1    0.002248    0.038437    0.127447    0.972760 ^ filter.x_in[13]_sky130_fd_sc_hd__mux2_1_A0/X (sky130_fd_sc_hd__mux2_1)
                                                         filter.x_in[13]_sky130_fd_sc_hd__dfrtp_2_Q_D (net)
                      0.038437    0.000003    0.972763 ^ filter.x_in[13]_sky130_fd_sc_hd__dfrtp_2_Q/D (sky130_fd_sc_hd__dfrtp_1)
                                              0.972763   data arrival time

                                  0.000000    0.000000   clock clk (rise edge)
                                  0.000000    0.000000   clock source latency
     1    0.028310    0.132872    0.092458    0.092458 ^ clk (in)
                                                         clk (net)
                      0.132912    0.000000    0.092458 ^ clkbuf_0_clk/A (sky130_fd_sc_hd__clkbuf_16)
     8    0.108967    0.123112    0.223171    0.315629 ^ clkbuf_0_clk/X (sky130_fd_sc_hd__clkbuf_16)
                                                         clknet_0_clk (net)
                      0.123380    0.004579    0.320208 ^ clkbuf_3_3__f_clk/A (sky130_fd_sc_hd__clkbuf_16)
     6    0.036229    0.056559    0.167876    0.488085 ^ clkbuf_3_3__f_clk/X (sky130_fd_sc_hd__clkbuf_16)
                                                         clknet_3_3__leaf_clk (net)
                      0.056560    0.000200    0.488285 ^ filter.x_in[13]_sky130_fd_sc_hd__dfrtp_2_Q/CLK (sky130_fd_sc_hd__dfrtp_1)
                                  0.250000    0.738285   clock uncertainty
                                  0.000000    0.738285   clock reconvergence pessimism
                                 -0.031811    0.706474   library hold time
                                              0.706474   data required time
---------------------------------------------------------------------------------------------
                                              0.706474   data required time
                                             -0.972763   data arrival time
---------------------------------------------------------------------------------------------
                                              0.266289   slack (MET)


Startpoint: spi_in.shift_reg[12]_sky130_fd_sc_hd__dfrtp_2_Q
            (rising edge-triggered flip-flop clocked by clk)
Endpoint: spi_in.shift_reg[13]_sky130_fd_sc_hd__dfrtp_2_Q
          (rising edge-triggered flip-flop clocked by clk)
Path Group: clk
Path Type: min

Fanout         Cap        Slew       Delay        Time   Description
---------------------------------------------------------------------------------------------
                                  0.000000    0.000000   clock clk (rise edge)
                                  0.000000    0.000000   clock source latency
     1    0.028310    0.132872    0.092458    0.092458 ^ clk (in)
                                                         clk (net)
                      0.132912    0.000000    0.092458 ^ clkbuf_0_clk/A (sky130_fd_sc_hd__clkbuf_16)
     8    0.108967    0.123112    0.223171    0.315629 ^ clkbuf_0_clk/X (sky130_fd_sc_hd__clkbuf_16)
                                                         clknet_0_clk (net)
                      0.123305    0.003900    0.319530 ^ clkbuf_3_0__f_clk/A (sky130_fd_sc_hd__clkbuf_16)
    10    0.037145    0.057367    0.168557    0.488087 ^ clkbuf_3_0__f_clk/X (sky130_fd_sc_hd__clkbuf_16)
                                                         clknet_3_0__leaf_clk (net)
                      0.057367    0.000155    0.488242 ^ spi_in.shift_reg[12]_sky130_fd_sc_hd__dfrtp_2_Q/CLK (sky130_fd_sc_hd__dfrtp_1)
     3    0.008333    0.088018    0.357000    0.845242 ^ spi_in.shift_reg[12]_sky130_fd_sc_hd__dfrtp_2_Q/Q (sky130_fd_sc_hd__dfrtp_1)
                                                         spi_in.shift_reg[12] (net)
                      0.088018    0.000048    0.845290 ^ spi_in.shift_reg[13]_sky130_fd_sc_hd__mux2_1_A0/A1 (sky130_fd_sc_hd__mux2_1)
     1    0.002346    0.039211    0.128225    0.973515 ^ spi_in.shift_reg[13]_sky130_fd_sc_hd__mux2_1_A0/X (sky130_fd_sc_hd__mux2_1)
                                                         spi_in.shift_reg[13]_sky130_fd_sc_hd__dfrtp_2_Q_D (net)
                      0.039211    0.000004    0.973519 ^ spi_in.shift_reg[13]_sky130_fd_sc_hd__dfrtp_2_Q/D (sky130_fd_sc_hd__dfrtp_1)
                                              0.973519   data arrival time

                                  0.000000    0.000000   clock clk (rise edge)
                                  0.000000    0.000000   clock source latency
     1    0.028310    0.132872    0.092458    0.092458 ^ clk (in)
                                                         clk (net)
                      0.132912    0.000000    0.092458 ^ clkbuf_0_clk/A (sky130_fd_sc_hd__clkbuf_16)
     8    0.108967    0.123112    0.223171    0.315629 ^ clkbuf_0_clk/X (sky130_fd_sc_hd__clkbuf_16)
                                                         clknet_0_clk (net)
                      0.123380    0.004579    0.320208 ^ clkbuf_3_3__f_clk/A (sky130_fd_sc_hd__clkbuf_16)
     6    0.036229    0.056559    0.167876    0.488085 ^ clkbuf_3_3__f_clk/X (sky130_fd_sc_hd__clkbuf_16)
                                                         clknet_3_3__leaf_clk (net)
                      0.056560    0.000209    0.488294 ^ spi_in.shift_reg[13]_sky130_fd_sc_hd__dfrtp_2_Q/CLK (sky130_fd_sc_hd__dfrtp_1)
                                  0.250000    0.738294   clock uncertainty
                                  0.000000    0.738294   clock reconvergence pessimism
                                 -0.031973    0.706321   library hold time
                                              0.706321   data required time
---------------------------------------------------------------------------------------------
                                              0.706321   data required time
                                             -0.973519   data arrival time
---------------------------------------------------------------------------------------------
                                              0.267198   slack (MET)


Startpoint: spi_in.shift_reg[12]_sky130_fd_sc_hd__dfrtp_2_Q
            (rising edge-triggered flip-flop clocked by clk)
Endpoint: spi_in.shift_reg[12]_sky130_fd_sc_hd__dfrtp_2_Q
          (rising edge-triggered flip-flop clocked by clk)
Path Group: clk
Path Type: min

Fanout         Cap        Slew       Delay        Time   Description
---------------------------------------------------------------------------------------------
                                  0.000000    0.000000   clock clk (rise edge)
                                  0.000000    0.000000   clock source latency
     1    0.028310    0.132872    0.092458    0.092458 ^ clk (in)
                                                         clk (net)
                      0.132912    0.000000    0.092458 ^ clkbuf_0_clk/A (sky130_fd_sc_hd__clkbuf_16)
     8    0.108967    0.123112    0.223171    0.315629 ^ clkbuf_0_clk/X (sky130_fd_sc_hd__clkbuf_16)
                                                         clknet_0_clk (net)
                      0.123305    0.003900    0.319530 ^ clkbuf_3_0__f_clk/A (sky130_fd_sc_hd__clkbuf_16)
    10    0.037145    0.057367    0.168557    0.488087 ^ clkbuf_3_0__f_clk/X (sky130_fd_sc_hd__clkbuf_16)
                                                         clknet_3_0__leaf_clk (net)
                      0.057367    0.000155    0.488242 ^ spi_in.shift_reg[12]_sky130_fd_sc_hd__dfrtp_2_Q/CLK (sky130_fd_sc_hd__dfrtp_1)
     3    0.008333    0.088018    0.357000    0.845242 ^ spi_in.shift_reg[12]_sky130_fd_sc_hd__dfrtp_2_Q/Q (sky130_fd_sc_hd__dfrtp_1)
                                                         spi_in.shift_reg[12] (net)
                      0.088018    0.000015    0.845257 ^ spi_in.shift_reg[12]_sky130_fd_sc_hd__mux2_1_A0/A0 (sky130_fd_sc_hd__mux2_1)
     1    0.002684    0.041880    0.128298    0.973554 ^ spi_in.shift_reg[12]_sky130_fd_sc_hd__mux2_1_A0/X (sky130_fd_sc_hd__mux2_1)
                                                         spi_in.shift_reg[12]_sky130_fd_sc_hd__dfrtp_2_Q_D (net)
                      0.041880    0.000008    0.973562 ^ spi_in.shift_reg[12]_sky130_fd_sc_hd__dfrtp_2_Q/D (sky130_fd_sc_hd__dfrtp_1)
                                              0.973562   data arrival time

                                  0.000000    0.000000   clock clk (rise edge)
                                  0.000000    0.000000   clock source latency
     1    0.028310    0.132872    0.092458    0.092458 ^ clk (in)
                                                         clk (net)
                      0.132912    0.000000    0.092458 ^ clkbuf_0_clk/A (sky130_fd_sc_hd__clkbuf_16)
     8    0.108967    0.123112    0.223171    0.315629 ^ clkbuf_0_clk/X (sky130_fd_sc_hd__clkbuf_16)
                                                         clknet_0_clk (net)
                      0.123305    0.003900    0.319530 ^ clkbuf_3_0__f_clk/A (sky130_fd_sc_hd__clkbuf_16)
    10    0.037145    0.057367    0.168557    0.488087 ^ clkbuf_3_0__f_clk/X (sky130_fd_sc_hd__clkbuf_16)
                                                         clknet_3_0__leaf_clk (net)
                      0.057367    0.000155    0.488242 ^ spi_in.shift_reg[12]_sky130_fd_sc_hd__dfrtp_2_Q/CLK (sky130_fd_sc_hd__dfrtp_1)
                                  0.250000    0.738242   clock uncertainty
                                  0.000000    0.738242   clock reconvergence pessimism
                                 -0.032421    0.705820   library hold time
                                              0.705820   data required time
---------------------------------------------------------------------------------------------
                                              0.705820   data required time
                                             -0.973562   data arrival time
---------------------------------------------------------------------------------------------
                                              0.267742   slack (MET)


Startpoint: spi_in.shift_reg[10]_sky130_fd_sc_hd__dfrtp_2_Q
            (rising edge-triggered flip-flop clocked by clk)
Endpoint: spi_in.shift_reg[10]_sky130_fd_sc_hd__dfrtp_2_Q
          (rising edge-triggered flip-flop clocked by clk)
Path Group: clk
Path Type: min

Fanout         Cap        Slew       Delay        Time   Description
---------------------------------------------------------------------------------------------
                                  0.000000    0.000000   clock clk (rise edge)
                                  0.000000    0.000000   clock source latency
     1    0.028310    0.132872    0.092458    0.092458 ^ clk (in)
                                                         clk (net)
                      0.132912    0.000000    0.092458 ^ clkbuf_0_clk/A (sky130_fd_sc_hd__clkbuf_16)
     8    0.108967    0.123112    0.223171    0.315629 ^ clkbuf_0_clk/X (sky130_fd_sc_hd__clkbuf_16)
                                                         clknet_0_clk (net)
                      0.123305    0.003900    0.319530 ^ clkbuf_3_0__f_clk/A (sky130_fd_sc_hd__clkbuf_16)
    10    0.037145    0.057367    0.168557    0.488087 ^ clkbuf_3_0__f_clk/X (sky130_fd_sc_hd__clkbuf_16)
                                                         clknet_3_0__leaf_clk (net)
                      0.057367    0.000136    0.488222 ^ spi_in.shift_reg[10]_sky130_fd_sc_hd__dfrtp_2_Q/CLK (sky130_fd_sc_hd__dfrtp_1)
     3    0.008694    0.090497    0.359452    0.847674 ^ spi_in.shift_reg[10]_sky130_fd_sc_hd__dfrtp_2_Q/Q (sky130_fd_sc_hd__dfrtp_1)
                                                         spi_in.shift_reg[10] (net)
                      0.090497    0.000003    0.847678 ^ spi_in.shift_reg[9]_sky130_fd_sc_hd__mux2_1_A1/A0 (sky130_fd_sc_hd__mux2_1)
     1    0.002502    0.040444    0.127695    0.975373 ^ spi_in.shift_reg[9]_sky130_fd_sc_hd__mux2_1_A1/X (sky130_fd_sc_hd__mux2_1)
                                                         spi_in.shift_reg[10]_sky130_fd_sc_hd__dfrtp_2_Q_D (net)
                      0.040444    0.000006    0.975379 ^ spi_in.shift_reg[10]_sky130_fd_sc_hd__dfrtp_2_Q/D (sky130_fd_sc_hd__dfrtp_1)
                                              0.975379   data arrival time

                                  0.000000    0.000000   clock clk (rise edge)
                                  0.000000    0.000000   clock source latency
     1    0.028310    0.132872    0.092458    0.092458 ^ clk (in)
                                                         clk (net)
                      0.132912    0.000000    0.092458 ^ clkbuf_0_clk/A (sky130_fd_sc_hd__clkbuf_16)
     8    0.108967    0.123112    0.223171    0.315629 ^ clkbuf_0_clk/X (sky130_fd_sc_hd__clkbuf_16)
                                                         clknet_0_clk (net)
                      0.123305    0.003900    0.319530 ^ clkbuf_3_0__f_clk/A (sky130_fd_sc_hd__clkbuf_16)
    10    0.037145    0.057367    0.168557    0.488087 ^ clkbuf_3_0__f_clk/X (sky130_fd_sc_hd__clkbuf_16)
                                                         clknet_3_0__leaf_clk (net)
                      0.057367    0.000136    0.488222 ^ spi_in.shift_reg[10]_sky130_fd_sc_hd__dfrtp_2_Q/CLK (sky130_fd_sc_hd__dfrtp_1)
                                  0.250000    0.738222   clock uncertainty
                                  0.000000    0.738222   clock reconvergence pessimism
                                 -0.032121    0.706101   library hold time
                                              0.706101   data required time
---------------------------------------------------------------------------------------------
                                              0.706101   data required time
                                             -0.975379   data arrival time
---------------------------------------------------------------------------------------------
                                              0.269277   slack (MET)


Startpoint: spi_in.shift_reg[10]_sky130_fd_sc_hd__dfrtp_2_Q
            (rising edge-triggered flip-flop clocked by clk)
Endpoint: filter.x_in[11]_sky130_fd_sc_hd__dfrtp_2_Q
          (rising edge-triggered flip-flop clocked by clk)
Path Group: clk
Path Type: min

Fanout         Cap        Slew       Delay        Time   Description
---------------------------------------------------------------------------------------------
                                  0.000000    0.000000   clock clk (rise edge)
                                  0.000000    0.000000   clock source latency
     1    0.028310    0.132872    0.092458    0.092458 ^ clk (in)
                                                         clk (net)
                      0.132912    0.000000    0.092458 ^ clkbuf_0_clk/A (sky130_fd_sc_hd__clkbuf_16)
     8    0.108967    0.123112    0.223171    0.315629 ^ clkbuf_0_clk/X (sky130_fd_sc_hd__clkbuf_16)
                                                         clknet_0_clk (net)
                      0.123305    0.003900    0.319530 ^ clkbuf_3_0__f_clk/A (sky130_fd_sc_hd__clkbuf_16)
    10    0.037145    0.057367    0.168557    0.488087 ^ clkbuf_3_0__f_clk/X (sky130_fd_sc_hd__clkbuf_16)
                                                         clknet_3_0__leaf_clk (net)
                      0.057367    0.000136    0.488222 ^ spi_in.shift_reg[10]_sky130_fd_sc_hd__dfrtp_2_Q/CLK (sky130_fd_sc_hd__dfrtp_1)
     3    0.008694    0.090497    0.359452    0.847674 ^ spi_in.shift_reg[10]_sky130_fd_sc_hd__dfrtp_2_Q/Q (sky130_fd_sc_hd__dfrtp_1)
                                                         spi_in.shift_reg[10] (net)
                      0.090497    0.000045    0.847720 ^ filter.x_in[11]_sky130_fd_sc_hd__mux2_1_A0/A1 (sky130_fd_sc_hd__mux2_1)
     1    0.002224    0.038251    0.128102    0.975821 ^ filter.x_in[11]_sky130_fd_sc_hd__mux2_1_A0/X (sky130_fd_sc_hd__mux2_1)
                                                         filter.x_in[11]_sky130_fd_sc_hd__dfrtp_2_Q_D (net)
                      0.038251    0.000003    0.975824 ^ filter.x_in[11]_sky130_fd_sc_hd__dfrtp_2_Q/D (sky130_fd_sc_hd__dfrtp_1)
                                              0.975824   data arrival time

                                  0.000000    0.000000   clock clk (rise edge)
                                  0.000000    0.000000   clock source latency
     1    0.028310    0.132872    0.092458    0.092458 ^ clk (in)
                                                         clk (net)
                      0.132912    0.000000    0.092458 ^ clkbuf_0_clk/A (sky130_fd_sc_hd__clkbuf_16)
     8    0.108967    0.123112    0.223171    0.315629 ^ clkbuf_0_clk/X (sky130_fd_sc_hd__clkbuf_16)
                                                         clknet_0_clk (net)
                      0.123305    0.003900    0.319530 ^ clkbuf_3_0__f_clk/A (sky130_fd_sc_hd__clkbuf_16)
    10    0.037145    0.057367    0.168557    0.488087 ^ clkbuf_3_0__f_clk/X (sky130_fd_sc_hd__clkbuf_16)
                                                         clknet_3_0__leaf_clk (net)
                      0.057367    0.000075    0.488162 ^ filter.x_in[11]_sky130_fd_sc_hd__dfrtp_2_Q/CLK (sky130_fd_sc_hd__dfrtp_1)
                                  0.250000    0.738162   clock uncertainty
                                  0.000000    0.738162   clock reconvergence pessimism
                                 -0.031662    0.706500   library hold time
                                              0.706500   data required time
---------------------------------------------------------------------------------------------
                                              0.706500   data required time
                                             -0.975824   data arrival time
---------------------------------------------------------------------------------------------
                                              0.269324   slack (MET)


Startpoint: spi_in.shift_reg[10]_sky130_fd_sc_hd__dfrtp_2_Q
            (rising edge-triggered flip-flop clocked by clk)
Endpoint: spi_in.shift_reg[11]_sky130_fd_sc_hd__dfrtp_2_Q
          (rising edge-triggered flip-flop clocked by clk)
Path Group: clk
Path Type: min

Fanout         Cap        Slew       Delay        Time   Description
---------------------------------------------------------------------------------------------
                                  0.000000    0.000000   clock clk (rise edge)
                                  0.000000    0.000000   clock source latency
     1    0.028310    0.132872    0.092458    0.092458 ^ clk (in)
                                                         clk (net)
                      0.132912    0.000000    0.092458 ^ clkbuf_0_clk/A (sky130_fd_sc_hd__clkbuf_16)
     8    0.108967    0.123112    0.223171    0.315629 ^ clkbuf_0_clk/X (sky130_fd_sc_hd__clkbuf_16)
                                                         clknet_0_clk (net)
                      0.123305    0.003900    0.319530 ^ clkbuf_3_0__f_clk/A (sky130_fd_sc_hd__clkbuf_16)
    10    0.037145    0.057367    0.168557    0.488087 ^ clkbuf_3_0__f_clk/X (sky130_fd_sc_hd__clkbuf_16)
                                                         clknet_3_0__leaf_clk (net)
                      0.057367    0.000136    0.488222 ^ spi_in.shift_reg[10]_sky130_fd_sc_hd__dfrtp_2_Q/CLK (sky130_fd_sc_hd__dfrtp_1)
     3    0.008694    0.090497    0.359452    0.847674 ^ spi_in.shift_reg[10]_sky130_fd_sc_hd__dfrtp_2_Q/Q (sky130_fd_sc_hd__dfrtp_1)
                                                         spi_in.shift_reg[10] (net)
                      0.090497    0.000033    0.847707 ^ spi_in.shift_reg[11]_sky130_fd_sc_hd__mux2_1_A0/A1 (sky130_fd_sc_hd__mux2_1)
     1    0.002250    0.038458    0.128307    0.976014 ^ spi_in.shift_reg[11]_sky130_fd_sc_hd__mux2_1_A0/X (sky130_fd_sc_hd__mux2_1)
                                                         spi_in.shift_reg[11]_sky130_fd_sc_hd__dfrtp_2_Q_D (net)
                      0.038458    0.000003    0.976017 ^ spi_in.shift_reg[11]_sky130_fd_sc_hd__dfrtp_2_Q/D (sky130_fd_sc_hd__dfrtp_1)
                                              0.976017   data arrival time

                                  0.000000    0.000000   clock clk (rise edge)
                                  0.000000    0.000000   clock source latency
     1    0.028310    0.132872    0.092458    0.092458 ^ clk (in)
                                                         clk (net)
                      0.132912    0.000000    0.092458 ^ clkbuf_0_clk/A (sky130_fd_sc_hd__clkbuf_16)
     8    0.108967    0.123112    0.223171    0.315629 ^ clkbuf_0_clk/X (sky130_fd_sc_hd__clkbuf_16)
                                                         clknet_0_clk (net)
                      0.123305    0.003900    0.319530 ^ clkbuf_3_0__f_clk/A (sky130_fd_sc_hd__clkbuf_16)
    10    0.037145    0.057367    0.168557    0.488087 ^ clkbuf_3_0__f_clk/X (sky130_fd_sc_hd__clkbuf_16)
                                                         clknet_3_0__leaf_clk (net)
                      0.057367    0.000055    0.488141 ^ spi_in.shift_reg[11]_sky130_fd_sc_hd__dfrtp_2_Q/CLK (sky130_fd_sc_hd__dfrtp_1)
                                  0.250000    0.738141   clock uncertainty
                                  0.000000    0.738141   clock reconvergence pessimism
                                 -0.031705    0.706436   library hold time
                                              0.706436   data required time
---------------------------------------------------------------------------------------------
                                              0.706436   data required time
                                             -0.976017   data arrival time
---------------------------------------------------------------------------------------------
                                              0.269581   slack (MET)


Startpoint: spi_in.shift_reg[9]_sky130_fd_sc_hd__dfrtp_2_Q
            (rising edge-triggered flip-flop clocked by clk)
Endpoint: filter.x_in[10]_sky130_fd_sc_hd__dfrtp_2_Q
          (rising edge-triggered flip-flop clocked by clk)
Path Group: clk
Path Type: min

Fanout         Cap        Slew       Delay        Time   Description
---------------------------------------------------------------------------------------------
                                  0.000000    0.000000   clock clk (rise edge)
                                  0.000000    0.000000   clock source latency
     1    0.028310    0.132872    0.092458    0.092458 ^ clk (in)
                                                         clk (net)
                      0.132912    0.000000    0.092458 ^ clkbuf_0_clk/A (sky130_fd_sc_hd__clkbuf_16)
     8    0.108967    0.123112    0.223171    0.315629 ^ clkbuf_0_clk/X (sky130_fd_sc_hd__clkbuf_16)
                                                         clknet_0_clk (net)
                      0.123305    0.003900    0.319530 ^ clkbuf_3_0__f_clk/A (sky130_fd_sc_hd__clkbuf_16)
    10    0.037145    0.057367    0.168557    0.488087 ^ clkbuf_3_0__f_clk/X (sky130_fd_sc_hd__clkbuf_16)
                                                         clknet_3_0__leaf_clk (net)
                      0.057367    0.000079    0.488166 ^ spi_in.shift_reg[9]_sky130_fd_sc_hd__dfrtp_2_Q/CLK (sky130_fd_sc_hd__dfrtp_1)
     3    0.008605    0.089894    0.358842    0.847007 ^ spi_in.shift_reg[9]_sky130_fd_sc_hd__dfrtp_2_Q/Q (sky130_fd_sc_hd__dfrtp_1)
                                                         spi_in.shift_reg[9] (net)
                      0.089894    0.000059    0.847066 ^ filter.x_in[10]_sky130_fd_sc_hd__mux2_1_A0/A1 (sky130_fd_sc_hd__mux2_1)
     1    0.002341    0.039170    0.128823    0.975889 ^ filter.x_in[10]_sky130_fd_sc_hd__mux2_1_A0/X (sky130_fd_sc_hd__mux2_1)
                                                         filter.x_in[10]_sky130_fd_sc_hd__dfrtp_2_Q_D (net)
                      0.039170    0.000004    0.975893 ^ filter.x_in[10]_sky130_fd_sc_hd__dfrtp_2_Q/D (sky130_fd_sc_hd__dfrtp_1)
                                              0.975893   data arrival time

                                  0.000000    0.000000   clock clk (rise edge)
                                  0.000000    0.000000   clock source latency
     1    0.028310    0.132872    0.092458    0.092458 ^ clk (in)
                                                         clk (net)
                      0.132912    0.000000    0.092458 ^ clkbuf_0_clk/A (sky130_fd_sc_hd__clkbuf_16)
     8    0.108967    0.123112    0.223171    0.315629 ^ clkbuf_0_clk/X (sky130_fd_sc_hd__clkbuf_16)
                                                         clknet_0_clk (net)
                      0.123305    0.003900    0.319530 ^ clkbuf_3_0__f_clk/A (sky130_fd_sc_hd__clkbuf_16)
    10    0.037145    0.057367    0.168557    0.488087 ^ clkbuf_3_0__f_clk/X (sky130_fd_sc_hd__clkbuf_16)
                                                         clknet_3_0__leaf_clk (net)
                      0.057367    0.000077    0.488163 ^ filter.x_in[10]_sky130_fd_sc_hd__dfrtp_2_Q/CLK (sky130_fd_sc_hd__dfrtp_1)
                                  0.250000    0.738163   clock uncertainty
                                  0.000000    0.738163   clock reconvergence pessimism
                                 -0.031854    0.706309   library hold time
                                              0.706309   data required time
---------------------------------------------------------------------------------------------
                                              0.706309   data required time
                                             -0.975893   data arrival time
---------------------------------------------------------------------------------------------
                                              0.269584   slack (MET)


Startpoint: spi_in.shift_reg[9]_sky130_fd_sc_hd__dfrtp_2_Q
            (rising edge-triggered flip-flop clocked by clk)
Endpoint: spi_in.shift_reg[9]_sky130_fd_sc_hd__dfrtp_2_Q
          (rising edge-triggered flip-flop clocked by clk)
Path Group: clk
Path Type: min

Fanout         Cap        Slew       Delay        Time   Description
---------------------------------------------------------------------------------------------
                                  0.000000    0.000000   clock clk (rise edge)
                                  0.000000    0.000000   clock source latency
     1    0.028310    0.132872    0.092458    0.092458 ^ clk (in)
                                                         clk (net)
                      0.132912    0.000000    0.092458 ^ clkbuf_0_clk/A (sky130_fd_sc_hd__clkbuf_16)
     8    0.108967    0.123112    0.223171    0.315629 ^ clkbuf_0_clk/X (sky130_fd_sc_hd__clkbuf_16)
                                                         clknet_0_clk (net)
                      0.123305    0.003900    0.319530 ^ clkbuf_3_0__f_clk/A (sky130_fd_sc_hd__clkbuf_16)
    10    0.037145    0.057367    0.168557    0.488087 ^ clkbuf_3_0__f_clk/X (sky130_fd_sc_hd__clkbuf_16)
                                                         clknet_3_0__leaf_clk (net)
                      0.057367    0.000079    0.488166 ^ spi_in.shift_reg[9]_sky130_fd_sc_hd__dfrtp_2_Q/CLK (sky130_fd_sc_hd__dfrtp_1)
     3    0.008605    0.089894    0.358842    0.847007 ^ spi_in.shift_reg[9]_sky130_fd_sc_hd__dfrtp_2_Q/Q (sky130_fd_sc_hd__dfrtp_1)
                                                         spi_in.shift_reg[9] (net)
                      0.089894    0.000007    0.847014 ^ spi_in.shift_reg[9]_sky130_fd_sc_hd__mux2_1_A0/A0 (sky130_fd_sc_hd__mux2_1)
     1    0.002674    0.041806    0.128868    0.975882 ^ spi_in.shift_reg[9]_sky130_fd_sc_hd__mux2_1_A0/X (sky130_fd_sc_hd__mux2_1)
                                                         spi_in.shift_reg[9]_sky130_fd_sc_hd__dfrtp_2_Q_D (net)
                      0.041806    0.000009    0.975891 ^ spi_in.shift_reg[9]_sky130_fd_sc_hd__dfrtp_2_Q/D (sky130_fd_sc_hd__dfrtp_1)
                                              0.975891   data arrival time

                                  0.000000    0.000000   clock clk (rise edge)
                                  0.000000    0.000000   clock source latency
     1    0.028310    0.132872    0.092458    0.092458 ^ clk (in)
                                                         clk (net)
                      0.132912    0.000000    0.092458 ^ clkbuf_0_clk/A (sky130_fd_sc_hd__clkbuf_16)
     8    0.108967    0.123112    0.223171    0.315629 ^ clkbuf_0_clk/X (sky130_fd_sc_hd__clkbuf_16)
                                                         clknet_0_clk (net)
                      0.123305    0.003900    0.319530 ^ clkbuf_3_0__f_clk/A (sky130_fd_sc_hd__clkbuf_16)
    10    0.037145    0.057367    0.168557    0.488087 ^ clkbuf_3_0__f_clk/X (sky130_fd_sc_hd__clkbuf_16)
                                                         clknet_3_0__leaf_clk (net)
                      0.057367    0.000079    0.488166 ^ spi_in.shift_reg[9]_sky130_fd_sc_hd__dfrtp_2_Q/CLK (sky130_fd_sc_hd__dfrtp_1)
                                  0.250000    0.738166   clock uncertainty
                                  0.000000    0.738166   clock reconvergence pessimism
                                 -0.032406    0.705760   library hold time
                                              0.705760   data required time
---------------------------------------------------------------------------------------------
                                              0.705760   data required time
                                             -0.975891   data arrival time
---------------------------------------------------------------------------------------------
                                              0.270131   slack (MET)


Startpoint: spi_in.shift_reg[5]_sky130_fd_sc_hd__dfrtp_2_Q
            (rising edge-triggered flip-flop clocked by clk)
Endpoint: spi_in.shift_reg[5]_sky130_fd_sc_hd__dfrtp_2_Q
          (rising edge-triggered flip-flop clocked by clk)
Path Group: clk
Path Type: min

Fanout         Cap        Slew       Delay        Time   Description
---------------------------------------------------------------------------------------------
                                  0.000000    0.000000   clock clk (rise edge)
                                  0.000000    0.000000   clock source latency
     1    0.028310    0.132872    0.092458    0.092458 ^ clk (in)
                                                         clk (net)
                      0.132912    0.000000    0.092458 ^ clkbuf_0_clk/A (sky130_fd_sc_hd__clkbuf_16)
     8    0.108967    0.123112    0.223171    0.315629 ^ clkbuf_0_clk/X (sky130_fd_sc_hd__clkbuf_16)
                                                         clknet_0_clk (net)
                      0.123294    0.003785    0.319414 ^ clkbuf_3_5__f_clk/A (sky130_fd_sc_hd__clkbuf_16)
    13    0.042872    0.062425    0.172723    0.492137 ^ clkbuf_3_5__f_clk/X (sky130_fd_sc_hd__clkbuf_16)
                                                         clknet_3_5__leaf_clk (net)
                      0.062425    0.000249    0.492386 ^ spi_in.shift_reg[5]_sky130_fd_sc_hd__dfrtp_2_Q/CLK (sky130_fd_sc_hd__dfrtp_1)
     3    0.008772    0.091034    0.361850    0.854236 ^ spi_in.shift_reg[5]_sky130_fd_sc_hd__dfrtp_2_Q/Q (sky130_fd_sc_hd__dfrtp_1)
                                                         spi_in.shift_reg[5] (net)
                      0.091034    0.000023    0.854259 ^ spi_in.shift_reg[5]_sky130_fd_sc_hd__mux2_1_A0/A0 (sky130_fd_sc_hd__mux2_1)
     1    0.002409    0.039708    0.127135    0.981395 ^ spi_in.shift_reg[5]_sky130_fd_sc_hd__mux2_1_A0/X (sky130_fd_sc_hd__mux2_1)
                                                         spi_in.shift_reg[5]_sky130_fd_sc_hd__dfrtp_2_Q_D (net)
                      0.039708    0.000005    0.981400 ^ spi_in.shift_reg[5]_sky130_fd_sc_hd__dfrtp_2_Q/D (sky130_fd_sc_hd__dfrtp_1)
                                              0.981400   data arrival time

                                  0.000000    0.000000   clock clk (rise edge)
                                  0.000000    0.000000   clock source latency
     1    0.028310    0.132872    0.092458    0.092458 ^ clk (in)
                                                         clk (net)
                      0.132912    0.000000    0.092458 ^ clkbuf_0_clk/A (sky130_fd_sc_hd__clkbuf_16)
     8    0.108967    0.123112    0.223171    0.315629 ^ clkbuf_0_clk/X (sky130_fd_sc_hd__clkbuf_16)
                                                         clknet_0_clk (net)
                      0.123294    0.003785    0.319414 ^ clkbuf_3_5__f_clk/A (sky130_fd_sc_hd__clkbuf_16)
    13    0.042872    0.062425    0.172723    0.492137 ^ clkbuf_3_5__f_clk/X (sky130_fd_sc_hd__clkbuf_16)
                                                         clknet_3_5__leaf_clk (net)
                      0.062425    0.000249    0.492386 ^ spi_in.shift_reg[5]_sky130_fd_sc_hd__dfrtp_2_Q/CLK (sky130_fd_sc_hd__dfrtp_1)
                                  0.250000    0.742386   clock uncertainty
                                  0.000000    0.742386   clock reconvergence pessimism
                                 -0.031276    0.711110   library hold time
                                              0.711110   data required time
---------------------------------------------------------------------------------------------
                                              0.711110   data required time
                                             -0.981400   data arrival time
---------------------------------------------------------------------------------------------
                                              0.270290   slack (MET)


Startpoint: spi_in.shift_reg[5]_sky130_fd_sc_hd__dfrtp_2_Q
            (rising edge-triggered flip-flop clocked by clk)
Endpoint: spi_in.shift_reg[6]_sky130_fd_sc_hd__dfrtp_2_Q
          (rising edge-triggered flip-flop clocked by clk)
Path Group: clk
Path Type: min

Fanout         Cap        Slew       Delay        Time   Description
---------------------------------------------------------------------------------------------
                                  0.000000    0.000000   clock clk (rise edge)
                                  0.000000    0.000000   clock source latency
     1    0.028310    0.132872    0.092458    0.092458 ^ clk (in)
                                                         clk (net)
                      0.132912    0.000000    0.092458 ^ clkbuf_0_clk/A (sky130_fd_sc_hd__clkbuf_16)
     8    0.108967    0.123112    0.223171    0.315629 ^ clkbuf_0_clk/X (sky130_fd_sc_hd__clkbuf_16)
                                                         clknet_0_clk (net)
                      0.123294    0.003785    0.319414 ^ clkbuf_3_5__f_clk/A (sky130_fd_sc_hd__clkbuf_16)
    13    0.042872    0.062425    0.172723    0.492137 ^ clkbuf_3_5__f_clk/X (sky130_fd_sc_hd__clkbuf_16)
                                                         clknet_3_5__leaf_clk (net)
                      0.062425    0.000249    0.492386 ^ spi_in.shift_reg[5]_sky130_fd_sc_hd__dfrtp_2_Q/CLK (sky130_fd_sc_hd__dfrtp_1)
     3    0.008772    0.091034    0.361850    0.854236 ^ spi_in.shift_reg[5]_sky130_fd_sc_hd__dfrtp_2_Q/Q (sky130_fd_sc_hd__dfrtp_1)
                                                         spi_in.shift_reg[5] (net)
                      0.091034    0.000071    0.854307 ^ spi_in.shift_reg[6]_sky130_fd_sc_hd__mux2_1_A0/A1 (sky130_fd_sc_hd__mux2_1)
     1    0.002229    0.038288    0.128320    0.982627 ^ spi_in.shift_reg[6]_sky130_fd_sc_hd__mux2_1_A0/X (sky130_fd_sc_hd__mux2_1)
                                                         spi_in.shift_reg[6]_sky130_fd_sc_hd__dfrtp_2_Q_D (net)
                      0.038288    0.000002    0.982629 ^ spi_in.shift_reg[6]_sky130_fd_sc_hd__dfrtp_2_Q/D (sky130_fd_sc_hd__dfrtp_1)
                                              0.982629   data arrival time

                                  0.000000    0.000000   clock clk (rise edge)
                                  0.000000    0.000000   clock source latency
     1    0.028310    0.132872    0.092458    0.092458 ^ clk (in)
                                                         clk (net)
                      0.132912    0.000000    0.092458 ^ clkbuf_0_clk/A (sky130_fd_sc_hd__clkbuf_16)
     8    0.108967    0.123112    0.223171    0.315629 ^ clkbuf_0_clk/X (sky130_fd_sc_hd__clkbuf_16)
                                                         clknet_0_clk (net)
                      0.123294    0.003785    0.319414 ^ clkbuf_3_5__f_clk/A (sky130_fd_sc_hd__clkbuf_16)
    13    0.042872    0.062425    0.172723    0.492137 ^ clkbuf_3_5__f_clk/X (sky130_fd_sc_hd__clkbuf_16)
                                                         clknet_3_5__leaf_clk (net)
                      0.062425    0.000020    0.492157 ^ spi_in.shift_reg[6]_sky130_fd_sc_hd__dfrtp_2_Q/CLK (sky130_fd_sc_hd__dfrtp_1)
                                  0.250000    0.742157   clock uncertainty
                                  0.000000    0.742157   clock reconvergence pessimism
                                 -0.030979    0.711178   library hold time
                                              0.711178   data required time
---------------------------------------------------------------------------------------------
                                              0.711178   data required time
                                             -0.982629   data arrival time
---------------------------------------------------------------------------------------------
                                              0.271452   slack (MET)


Startpoint: spi_in.shift_reg[11]_sky130_fd_sc_hd__dfrtp_2_Q
            (rising edge-triggered flip-flop clocked by clk)
Endpoint: filter.x_in[12]_sky130_fd_sc_hd__dfrtp_2_Q
          (rising edge-triggered flip-flop clocked by clk)
Path Group: clk
Path Type: min

Fanout         Cap        Slew       Delay        Time   Description
---------------------------------------------------------------------------------------------
                                  0.000000    0.000000   clock clk (rise edge)
                                  0.000000    0.000000   clock source latency
     1    0.028310    0.132872    0.092458    0.092458 ^ clk (in)
                                                         clk (net)
                      0.132912    0.000000    0.092458 ^ clkbuf_0_clk/A (sky130_fd_sc_hd__clkbuf_16)
     8    0.108967    0.123112    0.223171    0.315629 ^ clkbuf_0_clk/X (sky130_fd_sc_hd__clkbuf_16)
                                                         clknet_0_clk (net)
                      0.123305    0.003900    0.319530 ^ clkbuf_3_0__f_clk/A (sky130_fd_sc_hd__clkbuf_16)
    10    0.037145    0.057367    0.168557    0.488087 ^ clkbuf_3_0__f_clk/X (sky130_fd_sc_hd__clkbuf_16)
                                                         clknet_3_0__leaf_clk (net)
                      0.057367    0.000055    0.488141 ^ spi_in.shift_reg[11]_sky130_fd_sc_hd__dfrtp_2_Q/CLK (sky130_fd_sc_hd__dfrtp_1)
     3    0.009207    0.094019    0.362898    0.851039 ^ spi_in.shift_reg[11]_sky130_fd_sc_hd__dfrtp_2_Q/Q (sky130_fd_sc_hd__dfrtp_1)
                                                         spi_in.shift_reg[11] (net)
                      0.094019    0.000076    0.851115 ^ filter.x_in[12]_sky130_fd_sc_hd__mux2_1_A0/A1 (sky130_fd_sc_hd__mux2_1)
     1    0.002288    0.038750    0.129801    0.980916 ^ filter.x_in[12]_sky130_fd_sc_hd__mux2_1_A0/X (sky130_fd_sc_hd__mux2_1)
                                                         filter.x_in[12]_sky130_fd_sc_hd__dfrtp_2_Q_D (net)
                      0.038750    0.000004    0.980920 ^ filter.x_in[12]_sky130_fd_sc_hd__dfrtp_2_Q/D (sky130_fd_sc_hd__dfrtp_1)
                                              0.980920   data arrival time

                                  0.000000    0.000000   clock clk (rise edge)
                                  0.000000    0.000000   clock source latency
     1    0.028310    0.132872    0.092458    0.092458 ^ clk (in)
                                                         clk (net)
                      0.132912    0.000000    0.092458 ^ clkbuf_0_clk/A (sky130_fd_sc_hd__clkbuf_16)
     8    0.108967    0.123112    0.223171    0.315629 ^ clkbuf_0_clk/X (sky130_fd_sc_hd__clkbuf_16)
                                                         clknet_0_clk (net)
                      0.123380    0.004579    0.320208 ^ clkbuf_3_3__f_clk/A (sky130_fd_sc_hd__clkbuf_16)
     6    0.036229    0.056559    0.167876    0.488085 ^ clkbuf_3_3__f_clk/X (sky130_fd_sc_hd__clkbuf_16)
                                                         clknet_3_3__leaf_clk (net)
                      0.056559    0.000153    0.488238 ^ filter.x_in[12]_sky130_fd_sc_hd__dfrtp_2_Q/CLK (sky130_fd_sc_hd__dfrtp_1)
                                  0.250000    0.738238   clock uncertainty
                                  0.000000    0.738238   clock reconvergence pessimism
                                 -0.031877    0.706361   library hold time
                                              0.706361   data required time
---------------------------------------------------------------------------------------------
                                              0.706361   data required time
                                             -0.980920   data arrival time
---------------------------------------------------------------------------------------------
                                              0.274558   slack (MET)


Startpoint: spi_in.shift_reg[4]_sky130_fd_sc_hd__dfrtp_2_Q
            (rising edge-triggered flip-flop clocked by clk)
Endpoint: spi_in.shift_reg[4]_sky130_fd_sc_hd__dfrtp_2_Q
          (rising edge-triggered flip-flop clocked by clk)
Path Group: clk
Path Type: min

Fanout         Cap        Slew       Delay        Time   Description
---------------------------------------------------------------------------------------------
                                  0.000000    0.000000   clock clk (rise edge)
                                  0.000000    0.000000   clock source latency
     1    0.028310    0.132872    0.092458    0.092458 ^ clk (in)
                                                         clk (net)
                      0.132912    0.000000    0.092458 ^ clkbuf_0_clk/A (sky130_fd_sc_hd__clkbuf_16)
     8    0.108967    0.123112    0.223171    0.315629 ^ clkbuf_0_clk/X (sky130_fd_sc_hd__clkbuf_16)
                                                         clknet_0_clk (net)
                      0.123294    0.003785    0.319414 ^ clkbuf_3_5__f_clk/A (sky130_fd_sc_hd__clkbuf_16)
    13    0.042872    0.062425    0.172723    0.492137 ^ clkbuf_3_5__f_clk/X (sky130_fd_sc_hd__clkbuf_16)
                                                         clknet_3_5__leaf_clk (net)
                      0.062426    0.000373    0.492510 ^ spi_in.shift_reg[4]_sky130_fd_sc_hd__dfrtp_2_Q/CLK (sky130_fd_sc_hd__dfrtp_1)
     3    0.009270    0.094447    0.365207    0.857718 ^ spi_in.shift_reg[4]_sky130_fd_sc_hd__dfrtp_2_Q/Q (sky130_fd_sc_hd__dfrtp_1)
                                                         spi_in.shift_reg[4] (net)
                      0.094447    0.000017    0.857735 ^ spi_in.shift_reg[4]_sky130_fd_sc_hd__mux2_1_A0/A0 (sky130_fd_sc_hd__mux2_1)
     1    0.002662    0.041713    0.130340    0.988075 ^ spi_in.shift_reg[4]_sky130_fd_sc_hd__mux2_1_A0/X (sky130_fd_sc_hd__mux2_1)
                                                         spi_in.shift_reg[4]_sky130_fd_sc_hd__dfrtp_2_Q_D (net)
                      0.041713    0.000008    0.988083 ^ spi_in.shift_reg[4]_sky130_fd_sc_hd__dfrtp_2_Q/D (sky130_fd_sc_hd__dfrtp_1)
                                              0.988083   data arrival time

                                  0.000000    0.000000   clock clk (rise edge)
                                  0.000000    0.000000   clock source latency
     1    0.028310    0.132872    0.092458    0.092458 ^ clk (in)
                                                         clk (net)
                      0.132912    0.000000    0.092458 ^ clkbuf_0_clk/A (sky130_fd_sc_hd__clkbuf_16)
     8    0.108967    0.123112    0.223171    0.315629 ^ clkbuf_0_clk/X (sky130_fd_sc_hd__clkbuf_16)
                                                         clknet_0_clk (net)
                      0.123294    0.003785    0.319414 ^ clkbuf_3_5__f_clk/A (sky130_fd_sc_hd__clkbuf_16)
    13    0.042872    0.062425    0.172723    0.492137 ^ clkbuf_3_5__f_clk/X (sky130_fd_sc_hd__clkbuf_16)
                                                         clknet_3_5__leaf_clk (net)
                      0.062426    0.000373    0.492510 ^ spi_in.shift_reg[4]_sky130_fd_sc_hd__dfrtp_2_Q/CLK (sky130_fd_sc_hd__dfrtp_1)
                                  0.250000    0.742510   clock uncertainty
                                  0.000000    0.742510   clock reconvergence pessimism
                                 -0.031695    0.710815   library hold time
                                              0.710815   data required time
---------------------------------------------------------------------------------------------
                                              0.710815   data required time
                                             -0.988083   data arrival time
---------------------------------------------------------------------------------------------
                                              0.277268   slack (MET)


Startpoint: filter.x_in[7]_sky130_fd_sc_hd__dfrtp_2_Q
            (rising edge-triggered flip-flop clocked by clk)
Endpoint: filter.x_in[7]_sky130_fd_sc_hd__dfrtp_2_Q
          (rising edge-triggered flip-flop clocked by clk)
Path Group: clk
Path Type: min

Fanout         Cap        Slew       Delay        Time   Description
---------------------------------------------------------------------------------------------
                                  0.000000    0.000000   clock clk (rise edge)
                                  0.000000    0.000000   clock source latency
     1    0.028310    0.132872    0.092458    0.092458 ^ clk (in)
                                                         clk (net)
                      0.132912    0.000000    0.092458 ^ clkbuf_0_clk/A (sky130_fd_sc_hd__clkbuf_16)
     8    0.108967    0.123112    0.223171    0.315629 ^ clkbuf_0_clk/X (sky130_fd_sc_hd__clkbuf_16)
                                                         clknet_0_clk (net)
                      0.123270    0.003535    0.319164 ^ clkbuf_3_4__f_clk/A (sky130_fd_sc_hd__clkbuf_16)
    13    0.042847    0.062408    0.172734    0.491898 ^ clkbuf_3_4__f_clk/X (sky130_fd_sc_hd__clkbuf_16)
                                                         clknet_3_4__leaf_clk (net)
                      0.062410    0.000382    0.492280 ^ filter.x_in[7]_sky130_fd_sc_hd__dfrtp_2_Q/CLK (sky130_fd_sc_hd__dfrtp_1)
     3    0.009350    0.095002    0.365745    0.858025 ^ filter.x_in[7]_sky130_fd_sc_hd__dfrtp_2_Q/Q (sky130_fd_sc_hd__dfrtp_1)
                                                         filter.x_in[7] (net)
                      0.095002    0.000010    0.858036 ^ filter.x_in[7]_sky130_fd_sc_hd__mux2_1_A0/A0 (sky130_fd_sc_hd__mux2_1)
     1    0.002620    0.041382    0.130196    0.988231 ^ filter.x_in[7]_sky130_fd_sc_hd__mux2_1_A0/X (sky130_fd_sc_hd__mux2_1)
                                                         filter.x_in[7]_sky130_fd_sc_hd__dfrtp_2_Q_D (net)
                      0.041382    0.000007    0.988239 ^ filter.x_in[7]_sky130_fd_sc_hd__dfrtp_2_Q/D (sky130_fd_sc_hd__dfrtp_1)
                                              0.988239   data arrival time

                                  0.000000    0.000000   clock clk (rise edge)
                                  0.000000    0.000000   clock source latency
     1    0.028310    0.132872    0.092458    0.092458 ^ clk (in)
                                                         clk (net)
                      0.132912    0.000000    0.092458 ^ clkbuf_0_clk/A (sky130_fd_sc_hd__clkbuf_16)
     8    0.108967    0.123112    0.223171    0.315629 ^ clkbuf_0_clk/X (sky130_fd_sc_hd__clkbuf_16)
                                                         clknet_0_clk (net)
                      0.123270    0.003535    0.319164 ^ clkbuf_3_4__f_clk/A (sky130_fd_sc_hd__clkbuf_16)
    13    0.042847    0.062408    0.172734    0.491898 ^ clkbuf_3_4__f_clk/X (sky130_fd_sc_hd__clkbuf_16)
                                                         clknet_3_4__leaf_clk (net)
                      0.062410    0.000382    0.492280 ^ filter.x_in[7]_sky130_fd_sc_hd__dfrtp_2_Q/CLK (sky130_fd_sc_hd__dfrtp_1)
                                  0.250000    0.742280   clock uncertainty
                                  0.000000    0.742280   clock reconvergence pessimism
                                 -0.031629    0.710651   library hold time
                                              0.710651   data required time
---------------------------------------------------------------------------------------------
                                              0.710651   data required time
                                             -0.988239   data arrival time
---------------------------------------------------------------------------------------------
                                              0.277587   slack (MET)


Startpoint: spi_in.shift_reg[1]_sky130_fd_sc_hd__dfrtp_2_Q
            (rising edge-triggered flip-flop clocked by clk)
Endpoint: spi_in.shift_reg[1]_sky130_fd_sc_hd__dfrtp_2_Q
          (rising edge-triggered flip-flop clocked by clk)
Path Group: clk
Path Type: min

Fanout         Cap        Slew       Delay        Time   Description
---------------------------------------------------------------------------------------------
                                  0.000000    0.000000   clock clk (rise edge)
                                  0.000000    0.000000   clock source latency
     1    0.028310    0.132872    0.092458    0.092458 ^ clk (in)
                                                         clk (net)
                      0.132912    0.000000    0.092458 ^ clkbuf_0_clk/A (sky130_fd_sc_hd__clkbuf_16)
     8    0.108967    0.123112    0.223171    0.315629 ^ clkbuf_0_clk/X (sky130_fd_sc_hd__clkbuf_16)
                                                         clknet_0_clk (net)
                      0.123134    0.001345    0.316975 ^ clkbuf_3_7__f_clk/A (sky130_fd_sc_hd__clkbuf_16)
     9    0.038153    0.058206    0.169121    0.486096 ^ clkbuf_3_7__f_clk/X (sky130_fd_sc_hd__clkbuf_16)
                                                         clknet_3_7__leaf_clk (net)
                      0.058217    0.000693    0.486788 ^ spi_in.shift_reg[1]_sky130_fd_sc_hd__dfrtp_2_Q/CLK (sky130_fd_sc_hd__dfrtp_1)
     3    0.009729    0.098077    0.366488    0.853277 ^ spi_in.shift_reg[1]_sky130_fd_sc_hd__dfrtp_2_Q/Q (sky130_fd_sc_hd__dfrtp_1)
                                                         spi_in.shift_reg[1] (net)
                      0.098077    0.000020    0.853297 ^ spi_in.shift_reg[1]_sky130_fd_sc_hd__mux2_1_A0/A0 (sky130_fd_sc_hd__mux2_1)
     1    0.002409    0.039708    0.129559    0.982856 ^ spi_in.shift_reg[1]_sky130_fd_sc_hd__mux2_1_A0/X (sky130_fd_sc_hd__mux2_1)
                                                         spi_in.shift_reg[1]_sky130_fd_sc_hd__dfrtp_2_Q_D (net)
                      0.039708    0.000005    0.982861 ^ spi_in.shift_reg[1]_sky130_fd_sc_hd__dfrtp_2_Q/D (sky130_fd_sc_hd__dfrtp_1)
                                              0.982861   data arrival time

                                  0.000000    0.000000   clock clk (rise edge)
                                  0.000000    0.000000   clock source latency
     1    0.028310    0.132872    0.092458    0.092458 ^ clk (in)
                                                         clk (net)
                      0.132912    0.000000    0.092458 ^ clkbuf_0_clk/A (sky130_fd_sc_hd__clkbuf_16)
     8    0.108967    0.123112    0.223171    0.315629 ^ clkbuf_0_clk/X (sky130_fd_sc_hd__clkbuf_16)
                                                         clknet_0_clk (net)
                      0.123134    0.001345    0.316975 ^ clkbuf_3_7__f_clk/A (sky130_fd_sc_hd__clkbuf_16)
     9    0.038153    0.058206    0.169121    0.486096 ^ clkbuf_3_7__f_clk/X (sky130_fd_sc_hd__clkbuf_16)
                                                         clknet_3_7__leaf_clk (net)
                      0.058217    0.000693    0.486788 ^ spi_in.shift_reg[1]_sky130_fd_sc_hd__dfrtp_2_Q/CLK (sky130_fd_sc_hd__dfrtp_1)
                                  0.250000    0.736788   clock uncertainty
                                  0.000000    0.736788   clock reconvergence pessimism
                                 -0.031851    0.704938   library hold time
                                              0.704938   data required time
---------------------------------------------------------------------------------------------
                                              0.704938   data required time
                                             -0.982861   data arrival time
---------------------------------------------------------------------------------------------
                                              0.277923   slack (MET)


Startpoint: spi_in.shift_reg[1]_sky130_fd_sc_hd__dfrtp_2_Q
            (rising edge-triggered flip-flop clocked by clk)
Endpoint: spi_in.shift_reg[2]_sky130_fd_sc_hd__dfrtp_2_Q
          (rising edge-triggered flip-flop clocked by clk)
Path Group: clk
Path Type: min

Fanout         Cap        Slew       Delay        Time   Description
---------------------------------------------------------------------------------------------
                                  0.000000    0.000000   clock clk (rise edge)
                                  0.000000    0.000000   clock source latency
     1    0.028310    0.132872    0.092458    0.092458 ^ clk (in)
                                                         clk (net)
                      0.132912    0.000000    0.092458 ^ clkbuf_0_clk/A (sky130_fd_sc_hd__clkbuf_16)
     8    0.108967    0.123112    0.223171    0.315629 ^ clkbuf_0_clk/X (sky130_fd_sc_hd__clkbuf_16)
                                                         clknet_0_clk (net)
                      0.123134    0.001345    0.316975 ^ clkbuf_3_7__f_clk/A (sky130_fd_sc_hd__clkbuf_16)
     9    0.038153    0.058206    0.169121    0.486096 ^ clkbuf_3_7__f_clk/X (sky130_fd_sc_hd__clkbuf_16)
                                                         clknet_3_7__leaf_clk (net)
                      0.058217    0.000693    0.486788 ^ spi_in.shift_reg[1]_sky130_fd_sc_hd__dfrtp_2_Q/CLK (sky130_fd_sc_hd__dfrtp_1)
     3    0.009729    0.098077    0.366488    0.853277 ^ spi_in.shift_reg[1]_sky130_fd_sc_hd__dfrtp_2_Q/Q (sky130_fd_sc_hd__dfrtp_1)
                                                         spi_in.shift_reg[1] (net)
                      0.098077    0.000082    0.853359 ^ spi_in.shift_reg[2]_sky130_fd_sc_hd__mux2_1_A0/A1 (sky130_fd_sc_hd__mux2_1)
     1    0.002189    0.037975    0.130396    0.983755 ^ spi_in.shift_reg[2]_sky130_fd_sc_hd__mux2_1_A0/X (sky130_fd_sc_hd__mux2_1)
                                                         spi_in.shift_reg[2]_sky130_fd_sc_hd__dfrtp_2_Q_D (net)
                      0.037975    0.000002    0.983757 ^ spi_in.shift_reg[2]_sky130_fd_sc_hd__dfrtp_2_Q/D (sky130_fd_sc_hd__dfrtp_1)
                                              0.983757   data arrival time

                                  0.000000    0.000000   clock clk (rise edge)
                                  0.000000    0.000000   clock source latency
     1    0.028310    0.132872    0.092458    0.092458 ^ clk (in)
                                                         clk (net)
                      0.132912    0.000000    0.092458 ^ clkbuf_0_clk/A (sky130_fd_sc_hd__clkbuf_16)
     8    0.108967    0.123112    0.223171    0.315629 ^ clkbuf_0_clk/X (sky130_fd_sc_hd__clkbuf_16)
                                                         clknet_0_clk (net)
                      0.123134    0.001345    0.316975 ^ clkbuf_3_7__f_clk/A (sky130_fd_sc_hd__clkbuf_16)
     9    0.038153    0.058206    0.169121    0.486096 ^ clkbuf_3_7__f_clk/X (sky130_fd_sc_hd__clkbuf_16)
                                                         clknet_3_7__leaf_clk (net)
                      0.058212    0.000554    0.486650 ^ spi_in.shift_reg[2]_sky130_fd_sc_hd__dfrtp_2_Q/CLK (sky130_fd_sc_hd__dfrtp_1)
                                  0.250000    0.736650   clock uncertainty
                                  0.000000    0.736650   clock reconvergence pessimism
                                 -0.031489    0.705161   library hold time
                                              0.705161   data required time
---------------------------------------------------------------------------------------------
                                              0.705161   data required time
                                             -0.983757   data arrival time
---------------------------------------------------------------------------------------------
                                              0.278596   slack (MET)


Startpoint: spi_in.shift_reg[8]_sky130_fd_sc_hd__dfrtp_2_Q
            (rising edge-triggered flip-flop clocked by clk)
Endpoint: spi_in.shift_reg[8]_sky130_fd_sc_hd__dfrtp_2_Q
          (rising edge-triggered flip-flop clocked by clk)
Path Group: clk
Path Type: min

Fanout         Cap        Slew       Delay        Time   Description
---------------------------------------------------------------------------------------------
                                  0.000000    0.000000   clock clk (rise edge)
                                  0.000000    0.000000   clock source latency
     1    0.028310    0.132872    0.092458    0.092458 ^ clk (in)
                                                         clk (net)
                      0.132912    0.000000    0.092458 ^ clkbuf_0_clk/A (sky130_fd_sc_hd__clkbuf_16)
     8    0.108967    0.123112    0.223171    0.315629 ^ clkbuf_0_clk/X (sky130_fd_sc_hd__clkbuf_16)
                                                         clknet_0_clk (net)
                      0.123241    0.003198    0.318828 ^ clkbuf_3_1__f_clk/A (sky130_fd_sc_hd__clkbuf_16)
    12    0.043307    0.062829    0.173111    0.491939 ^ clkbuf_3_1__f_clk/X (sky130_fd_sc_hd__clkbuf_16)
                                                         clknet_3_1__leaf_clk (net)
                      0.062829    0.000174    0.492113 ^ spi_in.shift_reg[8]_sky130_fd_sc_hd__dfrtp_2_Q/CLK (sky130_fd_sc_hd__dfrtp_1)
     3    0.009812    0.098759    0.368682    0.860795 ^ spi_in.shift_reg[8]_sky130_fd_sc_hd__dfrtp_2_Q/Q (sky130_fd_sc_hd__dfrtp_1)
                                                         spi_in.shift_reg[8] (net)
                      0.098759    0.000035    0.860830 ^ spi_in.shift_reg[8]_sky130_fd_sc_hd__mux2_1_A0/A0 (sky130_fd_sc_hd__mux2_1)
     1    0.002385    0.039524    0.129606    0.990436 ^ spi_in.shift_reg[8]_sky130_fd_sc_hd__mux2_1_A0/X (sky130_fd_sc_hd__mux2_1)
                                                         spi_in.shift_reg[8]_sky130_fd_sc_hd__dfrtp_2_Q_D (net)
                      0.039524    0.000005    0.990441 ^ spi_in.shift_reg[8]_sky130_fd_sc_hd__dfrtp_2_Q/D (sky130_fd_sc_hd__dfrtp_1)
                                              0.990441   data arrival time

                                  0.000000    0.000000   clock clk (rise edge)
                                  0.000000    0.000000   clock source latency
     1    0.028310    0.132872    0.092458    0.092458 ^ clk (in)
                                                         clk (net)
                      0.132912    0.000000    0.092458 ^ clkbuf_0_clk/A (sky130_fd_sc_hd__clkbuf_16)
     8    0.108967    0.123112    0.223171    0.315629 ^ clkbuf_0_clk/X (sky130_fd_sc_hd__clkbuf_16)
                                                         clknet_0_clk (net)
                      0.123241    0.003198    0.318828 ^ clkbuf_3_1__f_clk/A (sky130_fd_sc_hd__clkbuf_16)
    12    0.043307    0.062829    0.173111    0.491939 ^ clkbuf_3_1__f_clk/X (sky130_fd_sc_hd__clkbuf_16)
                                                         clknet_3_1__leaf_clk (net)
                      0.062829    0.000174    0.492113 ^ spi_in.shift_reg[8]_sky130_fd_sc_hd__dfrtp_2_Q/CLK (sky130_fd_sc_hd__dfrtp_1)
                                  0.250000    0.742113   clock uncertainty
                                  0.000000    0.742113   clock reconvergence pessimism
                                 -0.031183    0.710930   library hold time
                                              0.710930   data required time
---------------------------------------------------------------------------------------------
                                              0.710930   data required time
                                             -0.990441   data arrival time
---------------------------------------------------------------------------------------------
                                              0.279510   slack (MET)


Startpoint: spi_in.shift_reg[8]_sky130_fd_sc_hd__dfrtp_2_Q
            (rising edge-triggered flip-flop clocked by clk)
Endpoint: filter.x_in[9]_sky130_fd_sc_hd__dfrtp_2_Q
          (rising edge-triggered flip-flop clocked by clk)
Path Group: clk
Path Type: min

Fanout         Cap        Slew       Delay        Time   Description
---------------------------------------------------------------------------------------------
                                  0.000000    0.000000   clock clk (rise edge)
                                  0.000000    0.000000   clock source latency
     1    0.028310    0.132872    0.092458    0.092458 ^ clk (in)
                                                         clk (net)
                      0.132912    0.000000    0.092458 ^ clkbuf_0_clk/A (sky130_fd_sc_hd__clkbuf_16)
     8    0.108967    0.123112    0.223171    0.315629 ^ clkbuf_0_clk/X (sky130_fd_sc_hd__clkbuf_16)
                                                         clknet_0_clk (net)
                      0.123241    0.003198    0.318828 ^ clkbuf_3_1__f_clk/A (sky130_fd_sc_hd__clkbuf_16)
    12    0.043307    0.062829    0.173111    0.491939 ^ clkbuf_3_1__f_clk/X (sky130_fd_sc_hd__clkbuf_16)
                                                         clknet_3_1__leaf_clk (net)
                      0.062829    0.000174    0.492113 ^ spi_in.shift_reg[8]_sky130_fd_sc_hd__dfrtp_2_Q/CLK (sky130_fd_sc_hd__dfrtp_1)
     3    0.009812    0.098759    0.368682    0.860795 ^ spi_in.shift_reg[8]_sky130_fd_sc_hd__dfrtp_2_Q/Q (sky130_fd_sc_hd__dfrtp_1)
                                                         spi_in.shift_reg[8] (net)
                      0.098759    0.000141    0.860936 ^ filter.x_in[9]_sky130_fd_sc_hd__mux2_1_A0/A1 (sky130_fd_sc_hd__mux2_1)
     1    0.002208    0.038124    0.130779    0.991715 ^ filter.x_in[9]_sky130_fd_sc_hd__mux2_1_A0/X (sky130_fd_sc_hd__mux2_1)
                                                         filter.x_in[9]_sky130_fd_sc_hd__dfrtp_2_Q_D (net)
                      0.038124    0.000003    0.991718 ^ filter.x_in[9]_sky130_fd_sc_hd__dfrtp_2_Q/D (sky130_fd_sc_hd__dfrtp_1)
                                              0.991718   data arrival time

                                  0.000000    0.000000   clock clk (rise edge)
                                  0.000000    0.000000   clock source latency
     1    0.028310    0.132872    0.092458    0.092458 ^ clk (in)
                                                         clk (net)
                      0.132912    0.000000    0.092458 ^ clkbuf_0_clk/A (sky130_fd_sc_hd__clkbuf_16)
     8    0.108967    0.123112    0.223171    0.315629 ^ clkbuf_0_clk/X (sky130_fd_sc_hd__clkbuf_16)
                                                         clknet_0_clk (net)
                      0.123241    0.003198    0.318828 ^ clkbuf_3_1__f_clk/A (sky130_fd_sc_hd__clkbuf_16)
    12    0.043307    0.062829    0.173111    0.491939 ^ clkbuf_3_1__f_clk/X (sky130_fd_sc_hd__clkbuf_16)
                                                         clknet_3_1__leaf_clk (net)
                      0.062829    0.000097    0.492036 ^ filter.x_in[9]_sky130_fd_sc_hd__dfrtp_2_Q/CLK (sky130_fd_sc_hd__dfrtp_1)
                                  0.250000    0.742036   clock uncertainty
                                  0.000000    0.742036   clock reconvergence pessimism
                                 -0.030890    0.711146   library hold time
                                              0.711146   data required time
---------------------------------------------------------------------------------------------
                                              0.711146   data required time
                                             -0.991718   data arrival time
---------------------------------------------------------------------------------------------
                                              0.280572   slack (MET)


Startpoint: filter.x_in[4]_sky130_fd_sc_hd__dfrtp_2_Q
            (rising edge-triggered flip-flop clocked by clk)
Endpoint: filter.x_in[4]_sky130_fd_sc_hd__dfrtp_2_Q
          (rising edge-triggered flip-flop clocked by clk)
Path Group: clk
Path Type: min

Fanout         Cap        Slew       Delay        Time   Description
---------------------------------------------------------------------------------------------
                                  0.000000    0.000000   clock clk (rise edge)
                                  0.000000    0.000000   clock source latency
     1    0.028310    0.132872    0.092458    0.092458 ^ clk (in)
                                                         clk (net)
                      0.132912    0.000000    0.092458 ^ clkbuf_0_clk/A (sky130_fd_sc_hd__clkbuf_16)
     8    0.108967    0.123112    0.223171    0.315629 ^ clkbuf_0_clk/X (sky130_fd_sc_hd__clkbuf_16)
                                                         clknet_0_clk (net)
                      0.123294    0.003785    0.319414 ^ clkbuf_3_5__f_clk/A (sky130_fd_sc_hd__clkbuf_16)
    13    0.042872    0.062425    0.172723    0.492137 ^ clkbuf_3_5__f_clk/X (sky130_fd_sc_hd__clkbuf_16)
                                                         clknet_3_5__leaf_clk (net)
                      0.062427    0.000382    0.492520 ^ filter.x_in[4]_sky130_fd_sc_hd__dfrtp_2_Q/CLK (sky130_fd_sc_hd__dfrtp_1)
     3    0.010167    0.101648    0.370732    0.863252 ^ filter.x_in[4]_sky130_fd_sc_hd__dfrtp_2_Q/Q (sky130_fd_sc_hd__dfrtp_1)
                                                         filter.x_in[4] (net)
                      0.101648    0.000006    0.863258 ^ filter.x_in[4]_sky130_fd_sc_hd__mux2_1_A0/A0 (sky130_fd_sc_hd__mux2_1)
     1    0.002367    0.039378    0.130452    0.993710 ^ filter.x_in[4]_sky130_fd_sc_hd__mux2_1_A0/X (sky130_fd_sc_hd__mux2_1)
                                                         filter.x_in[4]_sky130_fd_sc_hd__dfrtp_2_Q_D (net)
                      0.039378    0.000004    0.993715 ^ filter.x_in[4]_sky130_fd_sc_hd__dfrtp_2_Q/D (sky130_fd_sc_hd__dfrtp_1)
                                              0.993715   data arrival time

                                  0.000000    0.000000   clock clk (rise edge)
                                  0.000000    0.000000   clock source latency
     1    0.028310    0.132872    0.092458    0.092458 ^ clk (in)
                                                         clk (net)
                      0.132912    0.000000    0.092458 ^ clkbuf_0_clk/A (sky130_fd_sc_hd__clkbuf_16)
     8    0.108967    0.123112    0.223171    0.315629 ^ clkbuf_0_clk/X (sky130_fd_sc_hd__clkbuf_16)
                                                         clknet_0_clk (net)
                      0.123294    0.003785    0.319414 ^ clkbuf_3_5__f_clk/A (sky130_fd_sc_hd__clkbuf_16)
    13    0.042872    0.062425    0.172723    0.492137 ^ clkbuf_3_5__f_clk/X (sky130_fd_sc_hd__clkbuf_16)
                                                         clknet_3_5__leaf_clk (net)
                      0.062427    0.000382    0.492520 ^ filter.x_in[4]_sky130_fd_sc_hd__dfrtp_2_Q/CLK (sky130_fd_sc_hd__dfrtp_1)
                                  0.250000    0.742519   clock uncertainty
                                  0.000000    0.742519   clock reconvergence pessimism
                                 -0.031207    0.711312   library hold time
                                              0.711312   data required time
---------------------------------------------------------------------------------------------
                                              0.711312   data required time
                                             -0.993715   data arrival time
---------------------------------------------------------------------------------------------
                                              0.282402   slack (MET)


Startpoint: spi_in.shift_reg[7]_sky130_fd_sc_hd__dfrtp_2_Q
            (rising edge-triggered flip-flop clocked by clk)
Endpoint: spi_in.shift_reg[7]_sky130_fd_sc_hd__dfrtp_2_Q
          (rising edge-triggered flip-flop clocked by clk)
Path Group: clk
Path Type: min

Fanout         Cap        Slew       Delay        Time   Description
---------------------------------------------------------------------------------------------
                                  0.000000    0.000000   clock clk (rise edge)
                                  0.000000    0.000000   clock source latency
     1    0.028310    0.132872    0.092458    0.092458 ^ clk (in)
                                                         clk (net)
                      0.132912    0.000000    0.092458 ^ clkbuf_0_clk/A (sky130_fd_sc_hd__clkbuf_16)
     8    0.108967    0.123112    0.223171    0.315629 ^ clkbuf_0_clk/X (sky130_fd_sc_hd__clkbuf_16)
                                                         clknet_0_clk (net)
                      0.123241    0.003198    0.318828 ^ clkbuf_3_1__f_clk/A (sky130_fd_sc_hd__clkbuf_16)
    12    0.043307    0.062829    0.173111    0.491939 ^ clkbuf_3_1__f_clk/X (sky130_fd_sc_hd__clkbuf_16)
                                                         clknet_3_1__leaf_clk (net)
                      0.062829    0.000159    0.492097 ^ spi_in.shift_reg[7]_sky130_fd_sc_hd__dfrtp_2_Q/CLK (sky130_fd_sc_hd__dfrtp_1)
     3    0.010258    0.102385    0.371433    0.863531 ^ spi_in.shift_reg[7]_sky130_fd_sc_hd__dfrtp_2_Q/Q (sky130_fd_sc_hd__dfrtp_1)
                                                         spi_in.shift_reg[7] (net)
                      0.102385    0.000015    0.863546 ^ spi_in.shift_reg[7]_sky130_fd_sc_hd__mux2_1_A0/A0 (sky130_fd_sc_hd__mux2_1)
     1    0.002385    0.039523    0.130854    0.994400 ^ spi_in.shift_reg[7]_sky130_fd_sc_hd__mux2_1_A0/X (sky130_fd_sc_hd__mux2_1)
                                                         spi_in.shift_reg[7]_sky130_fd_sc_hd__dfrtp_2_Q_D (net)
                      0.039523    0.000005    0.994404 ^ spi_in.shift_reg[7]_sky130_fd_sc_hd__dfrtp_2_Q/D (sky130_fd_sc_hd__dfrtp_1)
                                              0.994404   data arrival time

                                  0.000000    0.000000   clock clk (rise edge)
                                  0.000000    0.000000   clock source latency
     1    0.028310    0.132872    0.092458    0.092458 ^ clk (in)
                                                         clk (net)
                      0.132912    0.000000    0.092458 ^ clkbuf_0_clk/A (sky130_fd_sc_hd__clkbuf_16)
     8    0.108967    0.123112    0.223171    0.315629 ^ clkbuf_0_clk/X (sky130_fd_sc_hd__clkbuf_16)
                                                         clknet_0_clk (net)
                      0.123241    0.003198    0.318828 ^ clkbuf_3_1__f_clk/A (sky130_fd_sc_hd__clkbuf_16)
    12    0.043307    0.062829    0.173111    0.491939 ^ clkbuf_3_1__f_clk/X (sky130_fd_sc_hd__clkbuf_16)
                                                         clknet_3_1__leaf_clk (net)
                      0.062829    0.000159    0.492097 ^ spi_in.shift_reg[7]_sky130_fd_sc_hd__dfrtp_2_Q/CLK (sky130_fd_sc_hd__dfrtp_1)
                                  0.250000    0.742097   clock uncertainty
                                  0.000000    0.742097   clock reconvergence pessimism
                                 -0.031182    0.710915   library hold time
                                              0.710915   data required time
---------------------------------------------------------------------------------------------
                                              0.710915   data required time
                                             -0.994404   data arrival time
---------------------------------------------------------------------------------------------
                                              0.283489   slack (MET)


Startpoint: spi_in.shift_reg[2]_sky130_fd_sc_hd__dfrtp_2_Q
            (rising edge-triggered flip-flop clocked by clk)
Endpoint: spi_in.shift_reg[3]_sky130_fd_sc_hd__dfrtp_2_Q
          (rising edge-triggered flip-flop clocked by clk)
Path Group: clk
Path Type: min

Fanout         Cap        Slew       Delay        Time   Description
---------------------------------------------------------------------------------------------
                                  0.000000    0.000000   clock clk (rise edge)
                                  0.000000    0.000000   clock source latency
     1    0.028310    0.132872    0.092458    0.092458 ^ clk (in)
                                                         clk (net)
                      0.132912    0.000000    0.092458 ^ clkbuf_0_clk/A (sky130_fd_sc_hd__clkbuf_16)
     8    0.108967    0.123112    0.223171    0.315629 ^ clkbuf_0_clk/X (sky130_fd_sc_hd__clkbuf_16)
                                                         clknet_0_clk (net)
                      0.123134    0.001345    0.316975 ^ clkbuf_3_7__f_clk/A (sky130_fd_sc_hd__clkbuf_16)
     9    0.038153    0.058206    0.169121    0.486096 ^ clkbuf_3_7__f_clk/X (sky130_fd_sc_hd__clkbuf_16)
                                                         clknet_3_7__leaf_clk (net)
                      0.058212    0.000554    0.486650 ^ spi_in.shift_reg[2]_sky130_fd_sc_hd__dfrtp_2_Q/CLK (sky130_fd_sc_hd__dfrtp_1)
     3    0.010424    0.103744    0.370707    0.857358 ^ spi_in.shift_reg[2]_sky130_fd_sc_hd__dfrtp_2_Q/Q (sky130_fd_sc_hd__dfrtp_1)
                                                         spi_in.shift_reg[2] (net)
                      0.103744    0.000053    0.857410 ^ spi_in.shift_reg[3]_sky130_fd_sc_hd__mux2_1_A0/A1 (sky130_fd_sc_hd__mux2_1)
     1    0.002290    0.038769    0.133123    0.990533 ^ spi_in.shift_reg[3]_sky130_fd_sc_hd__mux2_1_A0/X (sky130_fd_sc_hd__mux2_1)
                                                         spi_in.shift_reg[3]_sky130_fd_sc_hd__dfrtp_2_Q_D (net)
                      0.038769    0.000004    0.990537 ^ spi_in.shift_reg[3]_sky130_fd_sc_hd__dfrtp_2_Q/D (sky130_fd_sc_hd__dfrtp_1)
                                              0.990537   data arrival time

                                  0.000000    0.000000   clock clk (rise edge)
                                  0.000000    0.000000   clock source latency
     1    0.028310    0.132872    0.092458    0.092458 ^ clk (in)
                                                         clk (net)
                      0.132912    0.000000    0.092458 ^ clkbuf_0_clk/A (sky130_fd_sc_hd__clkbuf_16)
     8    0.108967    0.123112    0.223171    0.315629 ^ clkbuf_0_clk/X (sky130_fd_sc_hd__clkbuf_16)
                                                         clknet_0_clk (net)
                      0.123134    0.001345    0.316975 ^ clkbuf_3_7__f_clk/A (sky130_fd_sc_hd__clkbuf_16)
     9    0.038153    0.058206    0.169121    0.486096 ^ clkbuf_3_7__f_clk/X (sky130_fd_sc_hd__clkbuf_16)
                                                         clknet_3_7__leaf_clk (net)
                      0.058211    0.000500    0.486595 ^ spi_in.shift_reg[3]_sky130_fd_sc_hd__dfrtp_2_Q/CLK (sky130_fd_sc_hd__dfrtp_1)
                                  0.250000    0.736595   clock uncertainty
                                  0.000000    0.736595   clock reconvergence pessimism
                                 -0.031655    0.704940   library hold time
                                              0.704940   data required time
---------------------------------------------------------------------------------------------
                                              0.704940   data required time
                                             -0.990537   data arrival time
---------------------------------------------------------------------------------------------
                                              0.285597   slack (MET)


Startpoint: spi_in.shift_reg[7]_sky130_fd_sc_hd__dfrtp_2_Q
            (rising edge-triggered flip-flop clocked by clk)
Endpoint: filter.x_in[8]_sky130_fd_sc_hd__dfrtp_2_Q
          (rising edge-triggered flip-flop clocked by clk)
Path Group: clk
Path Type: min

Fanout         Cap        Slew       Delay        Time   Description
---------------------------------------------------------------------------------------------
                                  0.000000    0.000000   clock clk (rise edge)
                                  0.000000    0.000000   clock source latency
     1    0.028310    0.132872    0.092458    0.092458 ^ clk (in)
                                                         clk (net)
                      0.132912    0.000000    0.092458 ^ clkbuf_0_clk/A (sky130_fd_sc_hd__clkbuf_16)
     8    0.108967    0.123112    0.223171    0.315629 ^ clkbuf_0_clk/X (sky130_fd_sc_hd__clkbuf_16)
                                                         clknet_0_clk (net)
                      0.123241    0.003198    0.318828 ^ clkbuf_3_1__f_clk/A (sky130_fd_sc_hd__clkbuf_16)
    12    0.043307    0.062829    0.173111    0.491939 ^ clkbuf_3_1__f_clk/X (sky130_fd_sc_hd__clkbuf_16)
                                                         clknet_3_1__leaf_clk (net)
                      0.062829    0.000159    0.492097 ^ spi_in.shift_reg[7]_sky130_fd_sc_hd__dfrtp_2_Q/CLK (sky130_fd_sc_hd__dfrtp_1)
     3    0.010258    0.102385    0.371433    0.863531 ^ spi_in.shift_reg[7]_sky130_fd_sc_hd__dfrtp_2_Q/Q (sky130_fd_sc_hd__dfrtp_1)
                                                         spi_in.shift_reg[7] (net)
                      0.102385    0.000032    0.863562 ^ filter.x_in[8]_sky130_fd_sc_hd__mux2_1_A0/A1 (sky130_fd_sc_hd__mux2_1)
     1    0.002502    0.040442    0.134350    0.997912 ^ filter.x_in[8]_sky130_fd_sc_hd__mux2_1_A0/X (sky130_fd_sc_hd__mux2_1)
                                                         filter.x_in[8]_sky130_fd_sc_hd__dfrtp_2_Q_D (net)
                      0.040442    0.000006    0.997918 ^ filter.x_in[8]_sky130_fd_sc_hd__dfrtp_2_Q/D (sky130_fd_sc_hd__dfrtp_1)
                                              0.997918   data arrival time

                                  0.000000    0.000000   clock clk (rise edge)
                                  0.000000    0.000000   clock source latency
     1    0.028310    0.132872    0.092458    0.092458 ^ clk (in)
                                                         clk (net)
                      0.132912    0.000000    0.092458 ^ clkbuf_0_clk/A (sky130_fd_sc_hd__clkbuf_16)
     8    0.108967    0.123112    0.223171    0.315629 ^ clkbuf_0_clk/X (sky130_fd_sc_hd__clkbuf_16)
                                                         clknet_0_clk (net)
                      0.123241    0.003198    0.318828 ^ clkbuf_3_1__f_clk/A (sky130_fd_sc_hd__clkbuf_16)
    12    0.043307    0.062829    0.173111    0.491939 ^ clkbuf_3_1__f_clk/X (sky130_fd_sc_hd__clkbuf_16)
                                                         clknet_3_1__leaf_clk (net)
                      0.062829    0.000096    0.492035 ^ filter.x_in[8]_sky130_fd_sc_hd__dfrtp_2_Q/CLK (sky130_fd_sc_hd__dfrtp_1)
                                  0.250000    0.742035   clock uncertainty
                                  0.000000    0.742035   clock reconvergence pessimism
                                 -0.031375    0.710660   library hold time
                                              0.710660   data required time
---------------------------------------------------------------------------------------------
                                              0.710660   data required time
                                             -0.997918   data arrival time
---------------------------------------------------------------------------------------------
                                              0.287258   slack (MET)


Startpoint: filter.x_in[0]_sky130_fd_sc_hd__dfrtp_2_Q
            (rising edge-triggered flip-flop clocked by clk)
Endpoint: filter.x_in[0]_sky130_fd_sc_hd__dfrtp_2_Q
          (rising edge-triggered flip-flop clocked by clk)
Path Group: clk
Path Type: min

Fanout         Cap        Slew       Delay        Time   Description
---------------------------------------------------------------------------------------------
                                  0.000000    0.000000   clock clk (rise edge)
                                  0.000000    0.000000   clock source latency
     1    0.028310    0.132872    0.092458    0.092458 ^ clk (in)
                                                         clk (net)
                      0.132912    0.000000    0.092458 ^ clkbuf_0_clk/A (sky130_fd_sc_hd__clkbuf_16)
     8    0.108967    0.123112    0.223171    0.315629 ^ clkbuf_0_clk/X (sky130_fd_sc_hd__clkbuf_16)
                                                         clknet_0_clk (net)
                      0.123131    0.001246    0.316876 ^ clkbuf_3_6__f_clk/A (sky130_fd_sc_hd__clkbuf_16)
     9    0.045466    0.064752    0.174611    0.491487 ^ clkbuf_3_6__f_clk/X (sky130_fd_sc_hd__clkbuf_16)
                                                         clknet_3_6__leaf_clk (net)
                      0.064754    0.000442    0.491929 ^ filter.x_in[0]_sky130_fd_sc_hd__dfrtp_2_Q/CLK (sky130_fd_sc_hd__dfrtp_1)
     3    0.011273    0.110674    0.378283    0.870212 ^ filter.x_in[0]_sky130_fd_sc_hd__dfrtp_2_Q/Q (sky130_fd_sc_hd__dfrtp_1)
                                                         filter.x_in[0] (net)
                      0.110674    0.000041    0.870253 ^ spi_mosi_sky130_fd_sc_hd__mux2_1_A1_1/A0 (sky130_fd_sc_hd__mux2_1)
     1    0.002245    0.038416    0.132588    1.002841 ^ spi_mosi_sky130_fd_sc_hd__mux2_1_A1_1/X (sky130_fd_sc_hd__mux2_1)
                                                         filter.x_in[0]_sky130_fd_sc_hd__dfrtp_2_Q_D (net)
                      0.038416    0.000003    1.002844 ^ filter.x_in[0]_sky130_fd_sc_hd__dfrtp_2_Q/D (sky130_fd_sc_hd__dfrtp_1)
                                              1.002844   data arrival time

                                  0.000000    0.000000   clock clk (rise edge)
                                  0.000000    0.000000   clock source latency
     1    0.028310    0.132872    0.092458    0.092458 ^ clk (in)
                                                         clk (net)
                      0.132912    0.000000    0.092458 ^ clkbuf_0_clk/A (sky130_fd_sc_hd__clkbuf_16)
     8    0.108967    0.123112    0.223171    0.315629 ^ clkbuf_0_clk/X (sky130_fd_sc_hd__clkbuf_16)
                                                         clknet_0_clk (net)
                      0.123131    0.001246    0.316876 ^ clkbuf_3_6__f_clk/A (sky130_fd_sc_hd__clkbuf_16)
     9    0.045466    0.064752    0.174611    0.491487 ^ clkbuf_3_6__f_clk/X (sky130_fd_sc_hd__clkbuf_16)
                                                         clknet_3_6__leaf_clk (net)
                      0.064754    0.000442    0.491929 ^ filter.x_in[0]_sky130_fd_sc_hd__dfrtp_2_Q/CLK (sky130_fd_sc_hd__dfrtp_1)
                                  0.250000    0.741929   clock uncertainty
                                  0.000000    0.741929   clock reconvergence pessimism
                                 -0.030688    0.711241   library hold time
                                              0.711241   data required time
---------------------------------------------------------------------------------------------
                                              0.711241   data required time
                                             -1.002844   data arrival time
---------------------------------------------------------------------------------------------
                                              0.291603   slack (MET)


Startpoint: spi_in.shift_reg[0]_sky130_fd_sc_hd__dfrtp_2_Q
            (rising edge-triggered flip-flop clocked by clk)
Endpoint: filter.x_in[1]_sky130_fd_sc_hd__dfrtp_2_Q
          (rising edge-triggered flip-flop clocked by clk)
Path Group: clk
Path Type: min

Fanout         Cap        Slew       Delay        Time   Description
---------------------------------------------------------------------------------------------
                                  0.000000    0.000000   clock clk (rise edge)
                                  0.000000    0.000000   clock source latency
     1    0.028310    0.132872    0.092458    0.092458 ^ clk (in)
                                                         clk (net)
                      0.132912    0.000000    0.092458 ^ clkbuf_0_clk/A (sky130_fd_sc_hd__clkbuf_16)
     8    0.108967    0.123112    0.223171    0.315629 ^ clkbuf_0_clk/X (sky130_fd_sc_hd__clkbuf_16)
                                                         clknet_0_clk (net)
                      0.123131    0.001246    0.316876 ^ clkbuf_3_6__f_clk/A (sky130_fd_sc_hd__clkbuf_16)
     9    0.045466    0.064752    0.174611    0.491487 ^ clkbuf_3_6__f_clk/X (sky130_fd_sc_hd__clkbuf_16)
                                                         clknet_3_6__leaf_clk (net)
                      0.064754    0.000411    0.491898 ^ spi_in.shift_reg[0]_sky130_fd_sc_hd__dfrtp_2_Q/CLK (sky130_fd_sc_hd__dfrtp_1)
     3    0.011468    0.112275    0.379453    0.871350 ^ spi_in.shift_reg[0]_sky130_fd_sc_hd__dfrtp_2_Q/Q (sky130_fd_sc_hd__dfrtp_1)
                                                         spi_in.shift_reg[0] (net)
                      0.112275    0.000051    0.871401 ^ spi_in.shift_reg[0]_sky130_fd_sc_hd__mux2_1_A1/A1 (sky130_fd_sc_hd__mux2_1)
     1    0.002290    0.038768    0.136020    1.007422 ^ spi_in.shift_reg[0]_sky130_fd_sc_hd__mux2_1_A1/X (sky130_fd_sc_hd__mux2_1)
                                                         filter.x_in[1]_sky130_fd_sc_hd__dfrtp_2_Q_D (net)
                      0.038768    0.000004    1.007425 ^ filter.x_in[1]_sky130_fd_sc_hd__dfrtp_2_Q/D (sky130_fd_sc_hd__dfrtp_1)
                                              1.007425   data arrival time

                                  0.000000    0.000000   clock clk (rise edge)
                                  0.000000    0.000000   clock source latency
     1    0.028310    0.132872    0.092458    0.092458 ^ clk (in)
                                                         clk (net)
                      0.132912    0.000000    0.092458 ^ clkbuf_0_clk/A (sky130_fd_sc_hd__clkbuf_16)
     8    0.108967    0.123112    0.223171    0.315629 ^ clkbuf_0_clk/X (sky130_fd_sc_hd__clkbuf_16)
                                                         clknet_0_clk (net)
                      0.123131    0.001246    0.316876 ^ clkbuf_3_6__f_clk/A (sky130_fd_sc_hd__clkbuf_16)
     9    0.045466    0.064752    0.174611    0.491487 ^ clkbuf_3_6__f_clk/X (sky130_fd_sc_hd__clkbuf_16)
                                                         clknet_3_6__leaf_clk (net)
                      0.064753    0.000375    0.491862 ^ filter.x_in[1]_sky130_fd_sc_hd__dfrtp_2_Q/CLK (sky130_fd_sc_hd__dfrtp_1)
                                  0.250000    0.741862   clock uncertainty
                                  0.000000    0.741862   clock reconvergence pessimism
                                 -0.030762    0.711100   library hold time
                                              0.711100   data required time
---------------------------------------------------------------------------------------------
                                              0.711100   data required time
                                             -1.007425   data arrival time
---------------------------------------------------------------------------------------------
                                              0.296326   slack (MET)


Startpoint: spi_in.shift_reg[0]_sky130_fd_sc_hd__dfrtp_2_Q
            (rising edge-triggered flip-flop clocked by clk)
Endpoint: spi_in.shift_reg[0]_sky130_fd_sc_hd__dfrtp_2_Q
          (rising edge-triggered flip-flop clocked by clk)
Path Group: clk
Path Type: min

Fanout         Cap        Slew       Delay        Time   Description
---------------------------------------------------------------------------------------------
                                  0.000000    0.000000   clock clk (rise edge)
                                  0.000000    0.000000   clock source latency
     1    0.028310    0.132872    0.092458    0.092458 ^ clk (in)
                                                         clk (net)
                      0.132912    0.000000    0.092458 ^ clkbuf_0_clk/A (sky130_fd_sc_hd__clkbuf_16)
     8    0.108967    0.123112    0.223171    0.315629 ^ clkbuf_0_clk/X (sky130_fd_sc_hd__clkbuf_16)
                                                         clknet_0_clk (net)
                      0.123131    0.001246    0.316876 ^ clkbuf_3_6__f_clk/A (sky130_fd_sc_hd__clkbuf_16)
     9    0.045466    0.064752    0.174611    0.491487 ^ clkbuf_3_6__f_clk/X (sky130_fd_sc_hd__clkbuf_16)
                                                         clknet_3_6__leaf_clk (net)
                      0.064754    0.000411    0.491898 ^ spi_in.shift_reg[0]_sky130_fd_sc_hd__dfrtp_2_Q/CLK (sky130_fd_sc_hd__dfrtp_1)
     3    0.011468    0.112275    0.379453    0.871350 ^ spi_in.shift_reg[0]_sky130_fd_sc_hd__dfrtp_2_Q/Q (sky130_fd_sc_hd__dfrtp_1)
                                                         spi_in.shift_reg[0] (net)
                      0.112275    0.000011    0.871361 ^ spi_mosi_sky130_fd_sc_hd__mux2_1_A1/A0 (sky130_fd_sc_hd__mux2_1)
     1    0.002898    0.043571    0.138354    1.009716 ^ spi_mosi_sky130_fd_sc_hd__mux2_1_A1/X (sky130_fd_sc_hd__mux2_1)
                                                         spi_in.shift_reg[0]_sky130_fd_sc_hd__dfrtp_2_Q_D (net)
                      0.043571    0.000010    1.009726 ^ spi_in.shift_reg[0]_sky130_fd_sc_hd__dfrtp_2_Q/D (sky130_fd_sc_hd__dfrtp_1)
                                              1.009726   data arrival time

                                  0.000000    0.000000   clock clk (rise edge)
                                  0.000000    0.000000   clock source latency
     1    0.028310    0.132872    0.092458    0.092458 ^ clk (in)
                                                         clk (net)
                      0.132912    0.000000    0.092458 ^ clkbuf_0_clk/A (sky130_fd_sc_hd__clkbuf_16)
     8    0.108967    0.123112    0.223171    0.315629 ^ clkbuf_0_clk/X (sky130_fd_sc_hd__clkbuf_16)
                                                         clknet_0_clk (net)
                      0.123131    0.001246    0.316876 ^ clkbuf_3_6__f_clk/A (sky130_fd_sc_hd__clkbuf_16)
     9    0.045466    0.064752    0.174611    0.491487 ^ clkbuf_3_6__f_clk/X (sky130_fd_sc_hd__clkbuf_16)
                                                         clknet_3_6__leaf_clk (net)
                      0.064754    0.000411    0.491898 ^ spi_in.shift_reg[0]_sky130_fd_sc_hd__dfrtp_2_Q/CLK (sky130_fd_sc_hd__dfrtp_1)
                                  0.250000    0.741898   clock uncertainty
                                  0.000000    0.741898   clock reconvergence pessimism
                                 -0.031766    0.710131   library hold time
                                              0.710131   data required time
---------------------------------------------------------------------------------------------
                                              0.710131   data required time
                                             -1.009726   data arrival time
---------------------------------------------------------------------------------------------
                                              0.299595   slack (MET)


Startpoint: spi_out.bit_cnt[0]_sky130_fd_sc_hd__dfrtp_2_Q
            (rising edge-triggered flip-flop clocked by clk)
Endpoint: spi_out.bit_cnt[0]_sky130_fd_sc_hd__dfrtp_2_Q
          (rising edge-triggered flip-flop clocked by clk)
Path Group: clk
Path Type: min

Fanout         Cap        Slew       Delay        Time   Description
---------------------------------------------------------------------------------------------
                                  0.000000    0.000000   clock clk (rise edge)
                                  0.000000    0.000000   clock source latency
     1    0.028310    0.132872    0.092458    0.092458 ^ clk (in)
                                                         clk (net)
                      0.132912    0.000000    0.092458 ^ clkbuf_0_clk/A (sky130_fd_sc_hd__clkbuf_16)
     8    0.108967    0.123112    0.223171    0.315629 ^ clkbuf_0_clk/X (sky130_fd_sc_hd__clkbuf_16)
                                                         clknet_0_clk (net)
                      0.123270    0.003535    0.319164 ^ clkbuf_3_4__f_clk/A (sky130_fd_sc_hd__clkbuf_16)
    13    0.042847    0.062408    0.172734    0.491898 ^ clkbuf_3_4__f_clk/X (sky130_fd_sc_hd__clkbuf_16)
                                                         clknet_3_4__leaf_clk (net)
                      0.062408    0.000090    0.491989 ^ spi_out.bit_cnt[0]_sky130_fd_sc_hd__dfrtp_2_Q/CLK (sky130_fd_sc_hd__dfrtp_1)
     4    0.011634    0.113629    0.379606    0.871595 ^ spi_out.bit_cnt[0]_sky130_fd_sc_hd__dfrtp_2_Q/Q (sky130_fd_sc_hd__dfrtp_1)
                                                         spi_out.bit_cnt[0] (net)
                      0.113629    0.000037    0.871632 ^ spi_out.bit_cnt[0]_sky130_fd_sc_hd__dfrtp_2_Q_D_sky130_fd_sc_hd__mux2_1_X/S (sky130_fd_sc_hd__mux2_1)
     1    0.002346    0.039212    0.139879    1.011511 ^ spi_out.bit_cnt[0]_sky130_fd_sc_hd__dfrtp_2_Q_D_sky130_fd_sc_hd__mux2_1_X/X (sky130_fd_sc_hd__mux2_1)
                                                         spi_out.bit_cnt[0]_sky130_fd_sc_hd__dfrtp_2_Q_D (net)
                      0.039212    0.000004    1.011515 ^ spi_out.bit_cnt[0]_sky130_fd_sc_hd__dfrtp_2_Q/D (sky130_fd_sc_hd__dfrtp_1)
                                              1.011515   data arrival time

                                  0.000000    0.000000   clock clk (rise edge)
                                  0.000000    0.000000   clock source latency
     1    0.028310    0.132872    0.092458    0.092458 ^ clk (in)
                                                         clk (net)
                      0.132912    0.000000    0.092458 ^ clkbuf_0_clk/A (sky130_fd_sc_hd__clkbuf_16)
     8    0.108967    0.123112    0.223171    0.315629 ^ clkbuf_0_clk/X (sky130_fd_sc_hd__clkbuf_16)
                                                         clknet_0_clk (net)
                      0.123270    0.003535    0.319164 ^ clkbuf_3_4__f_clk/A (sky130_fd_sc_hd__clkbuf_16)
    13    0.042847    0.062408    0.172734    0.491898 ^ clkbuf_3_4__f_clk/X (sky130_fd_sc_hd__clkbuf_16)
                                                         clknet_3_4__leaf_clk (net)
                      0.062408    0.000090    0.491989 ^ spi_out.bit_cnt[0]_sky130_fd_sc_hd__dfrtp_2_Q/CLK (sky130_fd_sc_hd__dfrtp_1)
                                  0.250000    0.741989   clock uncertainty
                                  0.000000    0.741989   clock reconvergence pessimism
                                 -0.031175    0.710814   library hold time
                                              0.710814   data required time
---------------------------------------------------------------------------------------------
                                              0.710814   data required time
                                             -1.011515   data arrival time
---------------------------------------------------------------------------------------------
                                              0.300701   slack (MET)


Startpoint: spi_out.bit_cnt[4]_sky130_fd_sc_hd__dfrtp_2_Q
            (rising edge-triggered flip-flop clocked by clk)
Endpoint: spi_out.bit_cnt[4]_sky130_fd_sc_hd__dfrtp_2_Q
          (rising edge-triggered flip-flop clocked by clk)
Path Group: clk
Path Type: min

Fanout         Cap        Slew       Delay        Time   Description
---------------------------------------------------------------------------------------------
                                  0.000000    0.000000   clock clk (rise edge)
                                  0.000000    0.000000   clock source latency
     1    0.028310    0.132872    0.092458    0.092458 ^ clk (in)
                                                         clk (net)
                      0.132912    0.000000    0.092458 ^ clkbuf_0_clk/A (sky130_fd_sc_hd__clkbuf_16)
     8    0.108967    0.123112    0.223171    0.315629 ^ clkbuf_0_clk/X (sky130_fd_sc_hd__clkbuf_16)
                                                         clknet_0_clk (net)
                      0.123270    0.003535    0.319164 ^ clkbuf_3_4__f_clk/A (sky130_fd_sc_hd__clkbuf_16)
    13    0.042847    0.062408    0.172734    0.491898 ^ clkbuf_3_4__f_clk/X (sky130_fd_sc_hd__clkbuf_16)
                                                         clknet_3_4__leaf_clk (net)
                      0.062409    0.000296    0.492194 ^ spi_out.bit_cnt[4]_sky130_fd_sc_hd__dfrtp_2_Q/CLK (sky130_fd_sc_hd__dfrtp_1)
     3    0.010067    0.070653    0.398528    0.890721 v spi_out.bit_cnt[4]_sky130_fd_sc_hd__dfrtp_2_Q/Q (sky130_fd_sc_hd__dfrtp_1)
                                                         spi_out.bit_cnt[4] (net)
                      0.070653    0.000030    0.890752 v spi_out.bit_cnt[4]_sky130_fd_sc_hd__inv_2_A/A (sky130_fd_sc_hd__inv_2)
     2    0.005339    0.037563    0.059053    0.949804 ^ spi_out.bit_cnt[4]_sky130_fd_sc_hd__inv_2_A/Y (sky130_fd_sc_hd__inv_2)
                                                         spi_out.bit_cnt[4]_sky130_fd_sc_hd__inv_2_A_Y (net)
                      0.037563    0.000004    0.949808 ^ spi_out.bit_cnt[4]_sky130_fd_sc_hd__dfrtp_2_Q_D_sky130_fd_sc_hd__mux2_1_X/A1 (sky130_fd_sc_hd__mux2_1)
     1    0.002684    0.041884    0.113712    1.063520 ^ spi_out.bit_cnt[4]_sky130_fd_sc_hd__dfrtp_2_Q_D_sky130_fd_sc_hd__mux2_1_X/X (sky130_fd_sc_hd__mux2_1)
                                                         spi_out.bit_cnt[4]_sky130_fd_sc_hd__dfrtp_2_Q_D (net)
                      0.041884    0.000008    1.063528 ^ spi_out.bit_cnt[4]_sky130_fd_sc_hd__dfrtp_2_Q/D (sky130_fd_sc_hd__dfrtp_1)
                                              1.063528   data arrival time

                                  0.000000    0.000000   clock clk (rise edge)
                                  0.000000    0.000000   clock source latency
     1    0.028310    0.132872    0.092458    0.092458 ^ clk (in)
                                                         clk (net)
                      0.132912    0.000000    0.092458 ^ clkbuf_0_clk/A (sky130_fd_sc_hd__clkbuf_16)
     8    0.108967    0.123112    0.223171    0.315629 ^ clkbuf_0_clk/X (sky130_fd_sc_hd__clkbuf_16)
                                                         clknet_0_clk (net)
                      0.123270    0.003535    0.319164 ^ clkbuf_3_4__f_clk/A (sky130_fd_sc_hd__clkbuf_16)
    13    0.042847    0.062408    0.172734    0.491898 ^ clkbuf_3_4__f_clk/X (sky130_fd_sc_hd__clkbuf_16)
                                                         clknet_3_4__leaf_clk (net)
                      0.062409    0.000296    0.492194 ^ spi_out.bit_cnt[4]_sky130_fd_sc_hd__dfrtp_2_Q/CLK (sky130_fd_sc_hd__dfrtp_1)
                                  0.250000    0.742194   clock uncertainty
                                  0.000000    0.742194   clock reconvergence pessimism
                                 -0.031734    0.710460   library hold time
                                              0.710460   data required time
---------------------------------------------------------------------------------------------
                                              0.710460   data required time
                                             -1.063528   data arrival time
---------------------------------------------------------------------------------------------
                                              0.353067   slack (MET)


Startpoint: spi_in.bit_cnt[3]_sky130_fd_sc_hd__dfrtp_2_Q
            (rising edge-triggered flip-flop clocked by clk)
Endpoint: spi_in.valid_out_sky130_fd_sc_hd__dfrtp_2_Q
          (rising edge-triggered flip-flop clocked by clk)
Path Group: clk
Path Type: min

Fanout         Cap        Slew       Delay        Time   Description
---------------------------------------------------------------------------------------------
                                  0.000000    0.000000   clock clk (rise edge)
                                  0.000000    0.000000   clock source latency
     1    0.028310    0.132872    0.092458    0.092458 ^ clk (in)
                                                         clk (net)
                      0.132912    0.000000    0.092458 ^ clkbuf_0_clk/A (sky130_fd_sc_hd__clkbuf_16)
     8    0.108967    0.123112    0.223171    0.315629 ^ clkbuf_0_clk/X (sky130_fd_sc_hd__clkbuf_16)
                                                         clknet_0_clk (net)
                      0.123294    0.003785    0.319414 ^ clkbuf_3_5__f_clk/A (sky130_fd_sc_hd__clkbuf_16)
    13    0.042872    0.062425    0.172723    0.492137 ^ clkbuf_3_5__f_clk/X (sky130_fd_sc_hd__clkbuf_16)
                                                         clknet_3_5__leaf_clk (net)
                      0.062425    0.000248    0.492386 ^ spi_in.bit_cnt[3]_sky130_fd_sc_hd__dfrtp_2_Q/CLK (sky130_fd_sc_hd__dfrtp_1)
     2    0.005474    0.051200    0.374717    0.867103 v spi_in.bit_cnt[3]_sky130_fd_sc_hd__dfrtp_2_Q/Q (sky130_fd_sc_hd__dfrtp_1)
                                                         spi_in.bit_cnt[3] (net)
                      0.051200    0.000034    0.867136 v spi_in.bit_cnt[3]_sky130_fd_sc_hd__and3_2_A/A (sky130_fd_sc_hd__and3_1)
     2    0.016010    0.088963    0.197381    1.064518 v spi_in.bit_cnt[3]_sky130_fd_sc_hd__and3_2_A/X (sky130_fd_sc_hd__and3_1)
                                                         spi_in.bit_cnt[3]_sky130_fd_sc_hd__and3_2_A_X (net)
                      0.088963    0.000065    1.064583 v fanout11/A (sky130_fd_sc_hd__buf_4)
     8    0.053818    0.078549    0.209040    1.273623 v fanout11/X (sky130_fd_sc_hd__buf_4)
                                                         net11 (net)
                      0.078552    0.000589    1.274212 v spi_in.valid_out_sky130_fd_sc_hd__dfrtp_2_Q/D (sky130_fd_sc_hd__dfrtp_1)
                                              1.274212   data arrival time

                                  0.000000    0.000000   clock clk (rise edge)
                                  0.000000    0.000000   clock source latency
     1    0.028310    0.132872    0.092458    0.092458 ^ clk (in)
                                                         clk (net)
                      0.132912    0.000000    0.092458 ^ clkbuf_0_clk/A (sky130_fd_sc_hd__clkbuf_16)
     8    0.108967    0.123112    0.223171    0.315629 ^ clkbuf_0_clk/X (sky130_fd_sc_hd__clkbuf_16)
                                                         clknet_0_clk (net)
                      0.123270    0.003535    0.319164 ^ clkbuf_3_4__f_clk/A (sky130_fd_sc_hd__clkbuf_16)
    13    0.042847    0.062408    0.172734    0.491898 ^ clkbuf_3_4__f_clk/X (sky130_fd_sc_hd__clkbuf_16)
                                                         clknet_3_4__leaf_clk (net)
                      0.062410    0.000424    0.492323 ^ spi_in.valid_out_sky130_fd_sc_hd__dfrtp_2_Q/CLK (sky130_fd_sc_hd__dfrtp_1)
                                  0.250000    0.742323   clock uncertainty
                                  0.000000    0.742323   clock reconvergence pessimism
                                 -0.055461    0.686862   library hold time
                                              0.686862   data required time
---------------------------------------------------------------------------------------------
                                              0.686862   data required time
                                             -1.274212   data arrival time
---------------------------------------------------------------------------------------------
                                              0.587350   slack (MET)


Startpoint: filter.x_in[15]_sky130_fd_sc_hd__dfrtp_2_Q
            (rising edge-triggered flip-flop clocked by clk)
Endpoint: filter.y_out[15]_sky130_fd_sc_hd__dfrtp_2_Q
          (rising edge-triggered flip-flop clocked by clk)
Path Group: clk
Path Type: min

Fanout         Cap        Slew       Delay        Time   Description
---------------------------------------------------------------------------------------------
                                  0.000000    0.000000   clock clk (rise edge)
                                  0.000000    0.000000   clock source latency
     1    0.028310    0.132872    0.092458    0.092458 ^ clk (in)
                                                         clk (net)
                      0.132912    0.000000    0.092458 ^ clkbuf_0_clk/A (sky130_fd_sc_hd__clkbuf_16)
     8    0.108967    0.123112    0.223171    0.315629 ^ clkbuf_0_clk/X (sky130_fd_sc_hd__clkbuf_16)
                                                         clknet_0_clk (net)
                      0.123417    0.004875    0.320504 ^ clkbuf_3_2__f_clk/A (sky130_fd_sc_hd__clkbuf_16)
     9    0.042714    0.062286    0.172659    0.493163 ^ clkbuf_3_2__f_clk/X (sky130_fd_sc_hd__clkbuf_16)
                                                         clknet_3_2__leaf_clk (net)
                      0.062286    0.000300    0.493463 ^ filter.x_in[15]_sky130_fd_sc_hd__dfrtp_2_Q/CLK (sky130_fd_sc_hd__dfrtp_4)
     6    0.025894    0.103732    0.454331    0.947794 ^ filter.x_in[15]_sky130_fd_sc_hd__dfrtp_2_Q/Q (sky130_fd_sc_hd__dfrtp_4)
                                                         filter.x_in[15] (net)
                      0.103732    0.000178    0.947972 ^ filter.y_out[15]_sky130_fd_sc_hd__dfrtp_2_Q_D_sky130_fd_sc_hd__and3_2_X_B_sky130_fd_sc_hd__a21boi_2_Y_A1_sky130_fd_sc_hd__a22oi_2_Y/A1 (sky130_fd_sc_hd__a22oi_2)
     2    0.008047    0.057624    0.096359    1.044332 v filter.y_out[15]_sky130_fd_sc_hd__dfrtp_2_Q_D_sky130_fd_sc_hd__and3_2_X_B_sky130_fd_sc_hd__a21boi_2_Y_A1_sky130_fd_sc_hd__a22oi_2_Y/Y (sky130_fd_sc_hd__a22oi_2)
                                                         filter.y_out[15]_sky130_fd_sc_hd__dfrtp_2_Q_D_sky130_fd_sc_hd__and3_2_X_B_sky130_fd_sc_hd__a21boi_2_Y_A1 (net)
                      0.057624    0.000092    1.044424 v filter.y_out[15]_sky130_fd_sc_hd__dfrtp_2_Q_D_sky130_fd_sc_hd__and3_2_X_B_sky130_fd_sc_hd__a21boi_2_Y/A1 (sky130_fd_sc_hd__a21boi_1)
     1    0.003171    0.096131    0.126116    1.170539 ^ filter.y_out[15]_sky130_fd_sc_hd__dfrtp_2_Q_D_sky130_fd_sc_hd__and3_2_X_B_sky130_fd_sc_hd__a21boi_2_Y/Y (sky130_fd_sc_hd__a21boi_1)
                                                         filter.y_out[15]_sky130_fd_sc_hd__dfrtp_2_Q_D_sky130_fd_sc_hd__and3_2_X_B (net)
                      0.096131    0.000018    1.170557 ^ filter.y_out[15]_sky130_fd_sc_hd__dfrtp_2_Q_D_sky130_fd_sc_hd__and3_2_X/B (sky130_fd_sc_hd__and3_1)
     1    0.002242    0.046018    0.150236    1.320793 ^ filter.y_out[15]_sky130_fd_sc_hd__dfrtp_2_Q_D_sky130_fd_sc_hd__and3_2_X/X (sky130_fd_sc_hd__and3_1)
                                                         filter.y_out[15]_sky130_fd_sc_hd__dfrtp_2_Q_D (net)
                      0.046018    0.000003    1.320796 ^ filter.y_out[15]_sky130_fd_sc_hd__dfrtp_2_Q/D (sky130_fd_sc_hd__dfrtp_4)
                                              1.320796   data arrival time

                                  0.000000    0.000000   clock clk (rise edge)
                                  0.000000    0.000000   clock source latency
     1    0.028310    0.132872    0.092458    0.092458 ^ clk (in)
                                                         clk (net)
                      0.132912    0.000000    0.092458 ^ clkbuf_0_clk/A (sky130_fd_sc_hd__clkbuf_16)
     8    0.108967    0.123112    0.223171    0.315629 ^ clkbuf_0_clk/X (sky130_fd_sc_hd__clkbuf_16)
                                                         clknet_0_clk (net)
                      0.123417    0.004875    0.320504 ^ clkbuf_3_2__f_clk/A (sky130_fd_sc_hd__clkbuf_16)
     9    0.042714    0.062286    0.172659    0.493163 ^ clkbuf_3_2__f_clk/X (sky130_fd_sc_hd__clkbuf_16)
                                                         clknet_3_2__leaf_clk (net)
                      0.062286    0.000218    0.493381 ^ filter.y_out[15]_sky130_fd_sc_hd__dfrtp_2_Q/CLK (sky130_fd_sc_hd__dfrtp_4)
                                  0.250000    0.743381   clock uncertainty
                                  0.000000    0.743381   clock reconvergence pessimism
                                 -0.032615    0.710766   library hold time
                                              0.710766   data required time
---------------------------------------------------------------------------------------------
                                              0.710766   data required time
                                             -1.320796   data arrival time
---------------------------------------------------------------------------------------------
                                              0.610030   slack (MET)


Startpoint: filter.x_in[5]_sky130_fd_sc_hd__dfrtp_2_Q
            (rising edge-triggered flip-flop clocked by clk)
Endpoint: filter.y_out[5]_sky130_fd_sc_hd__dfrtp_2_Q
          (rising edge-triggered flip-flop clocked by clk)
Path Group: clk
Path Type: min

Fanout         Cap        Slew       Delay        Time   Description
---------------------------------------------------------------------------------------------
                                  0.000000    0.000000   clock clk (rise edge)
                                  0.000000    0.000000   clock source latency
     1    0.028310    0.132872    0.092458    0.092458 ^ clk (in)
                                                         clk (net)
                      0.132912    0.000000    0.092458 ^ clkbuf_0_clk/A (sky130_fd_sc_hd__clkbuf_16)
     8    0.108967    0.123112    0.223171    0.315629 ^ clkbuf_0_clk/X (sky130_fd_sc_hd__clkbuf_16)
                                                         clknet_0_clk (net)
                      0.123294    0.003785    0.319414 ^ clkbuf_3_5__f_clk/A (sky130_fd_sc_hd__clkbuf_16)
    13    0.042872    0.062425    0.172723    0.492137 ^ clkbuf_3_5__f_clk/X (sky130_fd_sc_hd__clkbuf_16)
                                                         clknet_3_5__leaf_clk (net)
                      0.062425    0.000284    0.492421 ^ filter.x_in[5]_sky130_fd_sc_hd__dfrtp_2_Q/CLK (sky130_fd_sc_hd__dfrtp_1)
     3    0.006586    0.057877    0.380737    0.873158 v filter.x_in[5]_sky130_fd_sc_hd__dfrtp_2_Q/Q (sky130_fd_sc_hd__dfrtp_1)
                                                         filter.x_in[5] (net)
                      0.057877    0.000018    0.873176 v filter.x_in[5]_sky130_fd_sc_hd__nand2_2_A/A (sky130_fd_sc_hd__nand2_1)
     3    0.010188    0.100461    0.105677    0.978853 ^ filter.x_in[5]_sky130_fd_sc_hd__nand2_2_A/Y (sky130_fd_sc_hd__nand2_1)
                                                         filter.x_in[5]_sky130_fd_sc_hd__nand2_2_A_Y (net)
                      0.100461    0.000065    0.978918 ^ filter.x_in[5]_sky130_fd_sc_hd__nand2_2_A_Y_sky130_fd_sc_hd__xor2_2_A/A (sky130_fd_sc_hd__xor2_1)
     2    0.006934    0.052594    0.096130    1.075048 v filter.x_in[5]_sky130_fd_sc_hd__nand2_2_A_Y_sky130_fd_sc_hd__xor2_2_A/X (sky130_fd_sc_hd__xor2_1)
                                                         filter.x_in[5]_sky130_fd_sc_hd__nand2_2_A_Y_sky130_fd_sc_hd__xor2_2_A_X (net)
                      0.052594    0.000021    1.075069 v filter.x_in[5]_sky130_fd_sc_hd__nand2_2_A_Y_sky130_fd_sc_hd__xor2_2_A_X_sky130_fd_sc_hd__xnor2_2_A/A (sky130_fd_sc_hd__xnor2_1)
     2    0.004334    0.047534    0.131343    1.206412 v filter.x_in[5]_sky130_fd_sc_hd__nand2_2_A_Y_sky130_fd_sc_hd__xor2_2_A_X_sky130_fd_sc_hd__xnor2_2_A/Y (sky130_fd_sc_hd__xnor2_1)
                                                         filter.x_in[5]_sky130_fd_sc_hd__nand2_2_A_Y_sky130_fd_sc_hd__xor2_2_A_X_sky130_fd_sc_hd__xnor2_2_A_Y (net)
                      0.047534    0.000010    1.206422 v filter.x_in[5]_sky130_fd_sc_hd__nand2_2_A_Y_sky130_fd_sc_hd__xor2_2_A_X_sky130_fd_sc_hd__xnor2_2_A_Y_sky130_fd_sc_hd__nand2_2_B/B (sky130_fd_sc_hd__nand2_1)
     3    0.008232    0.083560    0.096065    1.302487 ^ filter.x_in[5]_sky130_fd_sc_hd__nand2_2_A_Y_sky130_fd_sc_hd__xor2_2_A_X_sky130_fd_sc_hd__xnor2_2_A_Y_sky130_fd_sc_hd__nand2_2_B/Y (sky130_fd_sc_hd__nand2_1)
                                                         filter.y_out[5]_sky130_fd_sc_hd__dfrtp_2_Q_D_sky130_fd_sc_hd__xor2_2_X_B_sky130_fd_sc_hd__nand2_2_Y_A_sky130_fd_sc_hd__or2_2_X_A (net)
                      0.083560    0.000042    1.302530 ^ filter.y_out[5]_sky130_fd_sc_hd__dfrtp_2_Q_D_sky130_fd_sc_hd__xor2_2_X_B_sky130_fd_sc_hd__nand2_2_Y_B_sky130_fd_sc_hd__nand2_2_Y/A (sky130_fd_sc_hd__nand2_1)
     1    0.002417    0.030713    0.051721    1.354251 v filter.y_out[5]_sky130_fd_sc_hd__dfrtp_2_Q_D_sky130_fd_sc_hd__xor2_2_X_B_sky130_fd_sc_hd__nand2_2_Y_B_sky130_fd_sc_hd__nand2_2_Y/Y (sky130_fd_sc_hd__nand2_1)
                                                         filter.y_out[5]_sky130_fd_sc_hd__dfrtp_2_Q_D_sky130_fd_sc_hd__xor2_2_X_B_sky130_fd_sc_hd__nand2_2_Y_B (net)
                      0.030713    0.000003    1.354254 v filter.y_out[5]_sky130_fd_sc_hd__dfrtp_2_Q_D_sky130_fd_sc_hd__xor2_2_X_B_sky130_fd_sc_hd__nand2_2_Y/B (sky130_fd_sc_hd__nand2_1)
     2    0.010226    0.101637    0.100765    1.455019 ^ filter.y_out[5]_sky130_fd_sc_hd__dfrtp_2_Q_D_sky130_fd_sc_hd__xor2_2_X_B_sky130_fd_sc_hd__nand2_2_Y/Y (sky130_fd_sc_hd__nand2_1)
                                                         filter.y_out[5]_sky130_fd_sc_hd__dfrtp_2_Q_D_sky130_fd_sc_hd__xor2_2_X_B (net)
                      0.101670    0.000145    1.455164 ^ filter.y_out[5]_sky130_fd_sc_hd__dfrtp_2_Q_D_sky130_fd_sc_hd__xor2_2_X/B (sky130_fd_sc_hd__xor2_1)
     1    0.003146    0.037625    0.074307    1.529471 v filter.y_out[5]_sky130_fd_sc_hd__dfrtp_2_Q_D_sky130_fd_sc_hd__xor2_2_X/X (sky130_fd_sc_hd__xor2_1)
                                                         filter.y_out[5]_sky130_fd_sc_hd__dfrtp_2_Q_D (net)
                      0.037625    0.000020    1.529491 v filter.y_out[5]_sky130_fd_sc_hd__dfrtp_2_Q/D (sky130_fd_sc_hd__dfrtp_4)
                                              1.529491   data arrival time

                                  0.000000    0.000000   clock clk (rise edge)
                                  0.000000    0.000000   clock source latency
     1    0.028310    0.132872    0.092458    0.092458 ^ clk (in)
                                                         clk (net)
                      0.132912    0.000000    0.092458 ^ clkbuf_0_clk/A (sky130_fd_sc_hd__clkbuf_16)
     8    0.108967    0.123112    0.223171    0.315629 ^ clkbuf_0_clk/X (sky130_fd_sc_hd__clkbuf_16)
                                                         clknet_0_clk (net)
                      0.123131    0.001246    0.316876 ^ clkbuf_3_6__f_clk/A (sky130_fd_sc_hd__clkbuf_16)
     9    0.045466    0.064752    0.174611    0.491487 ^ clkbuf_3_6__f_clk/X (sky130_fd_sc_hd__clkbuf_16)
                                                         clknet_3_6__leaf_clk (net)
                      0.064752    0.000190    0.491677 ^ filter.y_out[5]_sky130_fd_sc_hd__dfrtp_2_Q/CLK (sky130_fd_sc_hd__dfrtp_4)
                                  0.250000    0.741677   clock uncertainty
                                  0.000000    0.741677   clock reconvergence pessimism
                                 -0.034545    0.707132   library hold time
                                              0.707132   data required time
---------------------------------------------------------------------------------------------
                                              0.707132   data required time
                                             -1.529491   data arrival time
---------------------------------------------------------------------------------------------
                                              0.822359   slack (MET)


Startpoint: filter.x_in[13]_sky130_fd_sc_hd__dfrtp_2_Q
            (rising edge-triggered flip-flop clocked by clk)
Endpoint: filter.y_out[12]_sky130_fd_sc_hd__dfrtp_2_Q
          (rising edge-triggered flip-flop clocked by clk)
Path Group: clk
Path Type: min

Fanout         Cap        Slew       Delay        Time   Description
---------------------------------------------------------------------------------------------
                                  0.000000    0.000000   clock clk (rise edge)
                                  0.000000    0.000000   clock source latency
     1    0.028310    0.132872    0.092458    0.092458 ^ clk (in)
                                                         clk (net)
                      0.132912    0.000000    0.092458 ^ clkbuf_0_clk/A (sky130_fd_sc_hd__clkbuf_16)
     8    0.108967    0.123112    0.223171    0.315629 ^ clkbuf_0_clk/X (sky130_fd_sc_hd__clkbuf_16)
                                                         clknet_0_clk (net)
                      0.123380    0.004579    0.320208 ^ clkbuf_3_3__f_clk/A (sky130_fd_sc_hd__clkbuf_16)
     6    0.036229    0.056559    0.167876    0.488085 ^ clkbuf_3_3__f_clk/X (sky130_fd_sc_hd__clkbuf_16)
                                                         clknet_3_3__leaf_clk (net)
                      0.056560    0.000200    0.488285 ^ filter.x_in[13]_sky130_fd_sc_hd__dfrtp_2_Q/CLK (sky130_fd_sc_hd__dfrtp_1)
     3    0.009180    0.066983    0.392520    0.880805 v filter.x_in[13]_sky130_fd_sc_hd__dfrtp_2_Q/Q (sky130_fd_sc_hd__dfrtp_1)
                                                         filter.x_in[13] (net)
                      0.066983    0.000091    0.880896 v filter.x_in[13]_sky130_fd_sc_hd__nand2_2_A/A (sky130_fd_sc_hd__nand2_1)
     3    0.008457    0.086119    0.098980    0.979876 ^ filter.x_in[13]_sky130_fd_sc_hd__nand2_2_A/Y (sky130_fd_sc_hd__nand2_1)
                                                         filter.x_in[13]_sky130_fd_sc_hd__nand2_2_A_Y (net)
                      0.086119    0.000031    0.979906 ^ filter.x_in[13]_sky130_fd_sc_hd__nand2_2_A_Y_sky130_fd_sc_hd__nand3_2_B/B (sky130_fd_sc_hd__nand3_1)
     1    0.002314    0.047505    0.074206    1.054112 v filter.x_in[13]_sky130_fd_sc_hd__nand2_2_A_Y_sky130_fd_sc_hd__nand3_2_B/Y (sky130_fd_sc_hd__nand3_1)
                                                         filter.x_in[13]_sky130_fd_sc_hd__nand2_2_A_Y_sky130_fd_sc_hd__nand3_2_B_Y (net)
                      0.047505    0.000000    1.054113 v filter.x_in[13]_sky130_fd_sc_hd__nand2_2_A_Y_sky130_fd_sc_hd__nand3_2_B_Y_sky130_fd_sc_hd__nand2_2_B/B (sky130_fd_sc_hd__nand2_1)
     3    0.014008    0.134241    0.131321    1.185434 ^ filter.x_in[13]_sky130_fd_sc_hd__nand2_2_A_Y_sky130_fd_sc_hd__nand3_2_B_Y_sky130_fd_sc_hd__nand2_2_B/Y (sky130_fd_sc_hd__nand2_1)
                                                         filter.x_in[12]_sky130_fd_sc_hd__a21oi_2_A1_Y_sky130_fd_sc_hd__or3_2_B_C (net)
                      0.134241    0.000096    1.185530 ^ filter.x_in[12]_sky130_fd_sc_hd__a21oi_2_A1_Y_sky130_fd_sc_hd__o21a_2_A2_X_sky130_fd_sc_hd__xnor2_2_B/A (sky130_fd_sc_hd__xnor2_2)
     3    0.011751    0.073681    0.154283    1.339813 ^ filter.x_in[12]_sky130_fd_sc_hd__a21oi_2_A1_Y_sky130_fd_sc_hd__o21a_2_A2_X_sky130_fd_sc_hd__xnor2_2_B/Y (sky130_fd_sc_hd__xnor2_2)
                                                         filter.y_out[12]_sky130_fd_sc_hd__dfrtp_2_Q_D_sky130_fd_sc_hd__xnor2_2_Y_A_sky130_fd_sc_hd__xnor2_2_Y_B (net)
                      0.073681    0.000068    1.339881 ^ filter.y_out[12]_sky130_fd_sc_hd__dfrtp_2_Q_D_sky130_fd_sc_hd__xnor2_2_Y_A_sky130_fd_sc_hd__xnor2_2_Y/B (sky130_fd_sc_hd__xnor2_1)
     2    0.007132    0.063508    0.087509    1.427390 v filter.y_out[12]_sky130_fd_sc_hd__dfrtp_2_Q_D_sky130_fd_sc_hd__xnor2_2_Y_A_sky130_fd_sc_hd__xnor2_2_Y/Y (sky130_fd_sc_hd__xnor2_1)
                                                         filter.y_out[12]_sky130_fd_sc_hd__dfrtp_2_Q_D_sky130_fd_sc_hd__xnor2_2_Y_A (net)
                      0.063508    0.000031    1.427420 v filter.y_out[12]_sky130_fd_sc_hd__dfrtp_2_Q_D_sky130_fd_sc_hd__xnor2_2_Y/A (sky130_fd_sc_hd__xnor2_1)
     1    0.002653    0.033018    0.126412    1.553833 v filter.y_out[12]_sky130_fd_sc_hd__dfrtp_2_Q_D_sky130_fd_sc_hd__xnor2_2_Y/Y (sky130_fd_sc_hd__xnor2_1)
                                                         filter.y_out[12]_sky130_fd_sc_hd__dfrtp_2_Q_D (net)
                      0.033018    0.000008    1.553840 v filter.y_out[12]_sky130_fd_sc_hd__dfrtp_2_Q/D (sky130_fd_sc_hd__dfrtp_4)
                                              1.553840   data arrival time

                                  0.000000    0.000000   clock clk (rise edge)
                                  0.000000    0.000000   clock source latency
     1    0.028310    0.132872    0.092458    0.092458 ^ clk (in)
                                                         clk (net)
                      0.132912    0.000000    0.092458 ^ clkbuf_0_clk/A (sky130_fd_sc_hd__clkbuf_16)
     8    0.108967    0.123112    0.223171    0.315629 ^ clkbuf_0_clk/X (sky130_fd_sc_hd__clkbuf_16)
                                                         clknet_0_clk (net)
                      0.123417    0.004875    0.320504 ^ clkbuf_3_2__f_clk/A (sky130_fd_sc_hd__clkbuf_16)
     9    0.042714    0.062286    0.172659    0.493163 ^ clkbuf_3_2__f_clk/X (sky130_fd_sc_hd__clkbuf_16)
                                                         clknet_3_2__leaf_clk (net)
                      0.062290    0.000537    0.493701 ^ filter.y_out[12]_sky130_fd_sc_hd__dfrtp_2_Q/CLK (sky130_fd_sc_hd__dfrtp_4)
                                  0.250000    0.743701   clock uncertainty
                                  0.000000    0.743701   clock reconvergence pessimism
                                 -0.033241    0.710459   library hold time
                                              0.710459   data required time
---------------------------------------------------------------------------------------------
                                              0.710459   data required time
                                             -1.553840   data arrival time
---------------------------------------------------------------------------------------------
                                              0.843381   slack (MET)


Startpoint: filter.x_in[11]_sky130_fd_sc_hd__dfrtp_2_Q
            (rising edge-triggered flip-flop clocked by clk)
Endpoint: filter.y_out[13]_sky130_fd_sc_hd__dfrtp_2_Q
          (rising edge-triggered flip-flop clocked by clk)
Path Group: clk
Path Type: min

Fanout         Cap        Slew       Delay        Time   Description
---------------------------------------------------------------------------------------------
                                  0.000000    0.000000   clock clk (rise edge)
                                  0.000000    0.000000   clock source latency
     1    0.028310    0.132872    0.092458    0.092458 ^ clk (in)
                                                         clk (net)
                      0.132912    0.000000    0.092458 ^ clkbuf_0_clk/A (sky130_fd_sc_hd__clkbuf_16)
     8    0.108967    0.123112    0.223171    0.315629 ^ clkbuf_0_clk/X (sky130_fd_sc_hd__clkbuf_16)
                                                         clknet_0_clk (net)
                      0.123305    0.003900    0.319530 ^ clkbuf_3_0__f_clk/A (sky130_fd_sc_hd__clkbuf_16)
    10    0.037145    0.057367    0.168557    0.488087 ^ clkbuf_3_0__f_clk/X (sky130_fd_sc_hd__clkbuf_16)
                                                         clknet_3_0__leaf_clk (net)
                      0.057367    0.000075    0.488162 ^ filter.x_in[11]_sky130_fd_sc_hd__dfrtp_2_Q/CLK (sky130_fd_sc_hd__dfrtp_1)
     3    0.010994    0.074572    0.400395    0.888557 v filter.x_in[11]_sky130_fd_sc_hd__dfrtp_2_Q/Q (sky130_fd_sc_hd__dfrtp_1)
                                                         filter.x_in[11] (net)
                      0.074572    0.000082    0.888639 v filter.x_in[11]_sky130_fd_sc_hd__nand2_2_A/A (sky130_fd_sc_hd__nand2_1)
     3    0.009235    0.092738    0.107248    0.995887 ^ filter.x_in[11]_sky130_fd_sc_hd__nand2_2_A/Y (sky130_fd_sc_hd__nand2_1)
                                                         filter.x_in[11]_sky130_fd_sc_hd__nand2_2_A_Y (net)
                      0.092738    0.000090    0.995977 ^ filter.x_in[11]_sky130_fd_sc_hd__nand2_2_A_Y_sky130_fd_sc_hd__a211o_2_A2/A2 (sky130_fd_sc_hd__a211o_1)
     3    0.009901    0.093094    0.169788    1.165766 ^ filter.x_in[11]_sky130_fd_sc_hd__nand2_2_A_Y_sky130_fd_sc_hd__a211o_2_A2/X (sky130_fd_sc_hd__a211o_1)
                                                         filter.x_in[11]_sky130_fd_sc_hd__nand2_2_A_Y_sky130_fd_sc_hd__a211o_2_A2_X (net)
                      0.093094    0.000121    1.165887 ^ filter.x_in[11]_sky130_fd_sc_hd__nand2_2_A_Y_sky130_fd_sc_hd__a211o_2_A2_X_sky130_fd_sc_hd__or2_2_A/A (sky130_fd_sc_hd__or2_1)
     2    0.007857    0.083442    0.139163    1.305049 ^ filter.x_in[11]_sky130_fd_sc_hd__nand2_2_A_Y_sky130_fd_sc_hd__a211o_2_A2_X_sky130_fd_sc_hd__or2_2_A/X (sky130_fd_sc_hd__or2_1)
                                                         filter.y_out[13]_sky130_fd_sc_hd__dfrtp_2_Q_D_sky130_fd_sc_hd__xnor2_2_Y_A_sky130_fd_sc_hd__xnor2_2_Y_A (net)
                      0.083442    0.000059    1.305109 ^ filter.y_out[13]_sky130_fd_sc_hd__dfrtp_2_Q_D_sky130_fd_sc_hd__xnor2_2_Y_A_sky130_fd_sc_hd__xnor2_2_Y/A (sky130_fd_sc_hd__xnor2_1)
     2    0.009580    0.083312    0.112906    1.418015 v filter.y_out[13]_sky130_fd_sc_hd__dfrtp_2_Q_D_sky130_fd_sc_hd__xnor2_2_Y_A_sky130_fd_sc_hd__xnor2_2_Y/Y (sky130_fd_sc_hd__xnor2_1)
                                                         filter.y_out[13]_sky130_fd_sc_hd__dfrtp_2_Q_D_sky130_fd_sc_hd__xnor2_2_Y_A (net)
                      0.083312    0.000018    1.418033 v filter.y_out[13]_sky130_fd_sc_hd__dfrtp_2_Q_D_sky130_fd_sc_hd__xnor2_2_Y/A (sky130_fd_sc_hd__xnor2_1)
     1    0.003049    0.038546    0.137882    1.555915 v filter.y_out[13]_sky130_fd_sc_hd__dfrtp_2_Q_D_sky130_fd_sc_hd__xnor2_2_Y/Y (sky130_fd_sc_hd__xnor2_1)
                                                         filter.y_out[13]_sky130_fd_sc_hd__dfrtp_2_Q_D (net)
                      0.038546    0.000013    1.555927 v filter.y_out[13]_sky130_fd_sc_hd__dfrtp_2_Q/D (sky130_fd_sc_hd__dfrtp_1)
                                              1.555927   data arrival time

                                  0.000000    0.000000   clock clk (rise edge)
                                  0.000000    0.000000   clock source latency
     1    0.028310    0.132872    0.092458    0.092458 ^ clk (in)
                                                         clk (net)
                      0.132912    0.000000    0.092458 ^ clkbuf_0_clk/A (sky130_fd_sc_hd__clkbuf_16)
     8    0.108967    0.123112    0.223171    0.315629 ^ clkbuf_0_clk/X (sky130_fd_sc_hd__clkbuf_16)
                                                         clknet_0_clk (net)
                      0.123417    0.004875    0.320504 ^ clkbuf_3_2__f_clk/A (sky130_fd_sc_hd__clkbuf_16)
     9    0.042714    0.062286    0.172659    0.493163 ^ clkbuf_3_2__f_clk/X (sky130_fd_sc_hd__clkbuf_16)
                                                         clknet_3_2__leaf_clk (net)
                      0.062288    0.000464    0.493627 ^ filter.y_out[13]_sky130_fd_sc_hd__dfrtp_2_Q/CLK (sky130_fd_sc_hd__dfrtp_1)
                                  0.250000    0.743627   clock uncertainty
                                  0.000000    0.743627   clock reconvergence pessimism
                                 -0.039205    0.704422   library hold time
                                              0.704422   data required time
---------------------------------------------------------------------------------------------
                                              0.704422   data required time
                                             -1.555927   data arrival time
---------------------------------------------------------------------------------------------
                                              0.851505   slack (MET)


Startpoint: filter.x_in[10]_sky130_fd_sc_hd__dfrtp_2_Q
            (rising edge-triggered flip-flop clocked by clk)
Endpoint: filter.y_out[11]_sky130_fd_sc_hd__dfrtp_2_Q
          (rising edge-triggered flip-flop clocked by clk)
Path Group: clk
Path Type: min

Fanout         Cap        Slew       Delay        Time   Description
---------------------------------------------------------------------------------------------
                                  0.000000    0.000000   clock clk (rise edge)
                                  0.000000    0.000000   clock source latency
     1    0.028310    0.132872    0.092458    0.092458 ^ clk (in)
                                                         clk (net)
                      0.132912    0.000000    0.092458 ^ clkbuf_0_clk/A (sky130_fd_sc_hd__clkbuf_16)
     8    0.108967    0.123112    0.223171    0.315629 ^ clkbuf_0_clk/X (sky130_fd_sc_hd__clkbuf_16)
                                                         clknet_0_clk (net)
                      0.123305    0.003900    0.319530 ^ clkbuf_3_0__f_clk/A (sky130_fd_sc_hd__clkbuf_16)
    10    0.037145    0.057367    0.168557    0.488087 ^ clkbuf_3_0__f_clk/X (sky130_fd_sc_hd__clkbuf_16)
                                                         clknet_3_0__leaf_clk (net)
                      0.057367    0.000077    0.488163 ^ filter.x_in[10]_sky130_fd_sc_hd__dfrtp_2_Q/CLK (sky130_fd_sc_hd__dfrtp_1)
     3    0.009807    0.069460    0.395593    0.883757 v filter.x_in[10]_sky130_fd_sc_hd__dfrtp_2_Q/Q (sky130_fd_sc_hd__dfrtp_1)
                                                         filter.x_in[10] (net)
                      0.069460    0.000100    0.883857 v filter.x_in[10]_sky130_fd_sc_hd__nand2_2_A/A (sky130_fd_sc_hd__nand2_1)
     3    0.008684    0.090537    0.101538    0.985395 ^ filter.x_in[10]_sky130_fd_sc_hd__nand2_2_A/Y (sky130_fd_sc_hd__nand2_1)
                                                         filter.x_in[10]_sky130_fd_sc_hd__nand2_2_A_Y (net)
                      0.090537    0.000029    0.985424 ^ filter.x_in[11]_sky130_fd_sc_hd__xnor2_2_A_Y_sky130_fd_sc_hd__nand3_2_C/B (sky130_fd_sc_hd__nand3_1)
     1    0.002710    0.051992    0.078494    1.063918 v filter.x_in[11]_sky130_fd_sc_hd__xnor2_2_A_Y_sky130_fd_sc_hd__nand3_2_C/Y (sky130_fd_sc_hd__nand3_1)
                                                         filter.x_in[11]_sky130_fd_sc_hd__xnor2_2_A_Y_sky130_fd_sc_hd__nand3_2_C_Y (net)
                      0.051992    0.000005    1.063923 v filter.x_in[11]_sky130_fd_sc_hd__xnor2_2_A_Y_sky130_fd_sc_hd__nand3_2_C_Y_sky130_fd_sc_hd__nand2_2_B/B (sky130_fd_sc_hd__nand2_1)
     3    0.010636    0.104226    0.112806    1.176730 ^ filter.x_in[11]_sky130_fd_sc_hd__xnor2_2_A_Y_sky130_fd_sc_hd__nand3_2_C_Y_sky130_fd_sc_hd__nand2_2_B/Y (sky130_fd_sc_hd__nand2_1)
                                                         filter.x_in[11]_sky130_fd_sc_hd__xnor2_2_A_Y_sky130_fd_sc_hd__nand3_2_C_Y_sky130_fd_sc_hd__nand2_2_B_Y (net)
                      0.104226    0.000034    1.176764 ^ filter.x_in[9]_sky130_fd_sc_hd__a21o_2_A1_X_sky130_fd_sc_hd__nand2b_2_B_Y_sky130_fd_sc_hd__or3_2_A/B (sky130_fd_sc_hd__or3_2)
     4    0.020315    0.107326    0.183608    1.360372 ^ filter.x_in[9]_sky130_fd_sc_hd__a21o_2_A1_X_sky130_fd_sc_hd__nand2b_2_B_Y_sky130_fd_sc_hd__or3_2_A/X (sky130_fd_sc_hd__or3_2)
                                                         filter.x_in[9]_sky130_fd_sc_hd__a21o_2_A1_X_sky130_fd_sc_hd__nand2b_2_B_Y_sky130_fd_sc_hd__or3_2_A_X (net)
                      0.107326    0.000433    1.360805 ^ filter.y_out[11]_sky130_fd_sc_hd__dfrtp_2_Q_D_sky130_fd_sc_hd__xnor2_2_Y_A_sky130_fd_sc_hd__xor2_2_X/A (sky130_fd_sc_hd__xor2_2)
     3    0.011763    0.051300    0.102370    1.463175 v filter.y_out[11]_sky130_fd_sc_hd__dfrtp_2_Q_D_sky130_fd_sc_hd__xnor2_2_Y_A_sky130_fd_sc_hd__xor2_2_X/X (sky130_fd_sc_hd__xor2_2)
                                                         filter.y_out[11]_sky130_fd_sc_hd__dfrtp_2_Q_D_sky130_fd_sc_hd__xnor2_2_Y_A (net)
                      0.051300    0.000069    1.463244 v filter.y_out[11]_sky130_fd_sc_hd__dfrtp_2_Q_D_sky130_fd_sc_hd__xnor2_2_Y/A (sky130_fd_sc_hd__xnor2_1)
     1    0.003154    0.039141    0.123778    1.587022 v filter.y_out[11]_sky130_fd_sc_hd__dfrtp_2_Q_D_sky130_fd_sc_hd__xnor2_2_Y/Y (sky130_fd_sc_hd__xnor2_1)
                                                         filter.y_out[11]_sky130_fd_sc_hd__dfrtp_2_Q_D (net)
                      0.039141    0.000013    1.587034 v filter.y_out[11]_sky130_fd_sc_hd__dfrtp_2_Q/D (sky130_fd_sc_hd__dfrtp_2)
                                              1.587034   data arrival time

                                  0.000000    0.000000   clock clk (rise edge)
                                  0.000000    0.000000   clock source latency
     1    0.028310    0.132872    0.092458    0.092458 ^ clk (in)
                                                         clk (net)
                      0.132912    0.000000    0.092458 ^ clkbuf_0_clk/A (sky130_fd_sc_hd__clkbuf_16)
     8    0.108967    0.123112    0.223171    0.315629 ^ clkbuf_0_clk/X (sky130_fd_sc_hd__clkbuf_16)
                                                         clknet_0_clk (net)
                      0.123417    0.004875    0.320504 ^ clkbuf_3_2__f_clk/A (sky130_fd_sc_hd__clkbuf_16)
     9    0.042714    0.062286    0.172659    0.493163 ^ clkbuf_3_2__f_clk/X (sky130_fd_sc_hd__clkbuf_16)
                                                         clknet_3_2__leaf_clk (net)
                      0.062290    0.000562    0.493726 ^ filter.y_out[11]_sky130_fd_sc_hd__dfrtp_2_Q/CLK (sky130_fd_sc_hd__dfrtp_2)
                                  0.250000    0.743726   clock uncertainty
                                  0.000000    0.743726   clock reconvergence pessimism
                                 -0.035784    0.707941   library hold time
                                              0.707941   data required time
---------------------------------------------------------------------------------------------
                                              0.707941   data required time
                                             -1.587034   data arrival time
---------------------------------------------------------------------------------------------
                                              0.879093   slack (MET)


Startpoint: filter.x_in[13]_sky130_fd_sc_hd__dfrtp_2_Q
            (rising edge-triggered flip-flop clocked by clk)
Endpoint: filter.y_out[14]_sky130_fd_sc_hd__dfrtp_2_Q
          (rising edge-triggered flip-flop clocked by clk)
Path Group: clk
Path Type: min

Fanout         Cap        Slew       Delay        Time   Description
---------------------------------------------------------------------------------------------
                                  0.000000    0.000000   clock clk (rise edge)
                                  0.000000    0.000000   clock source latency
     1    0.028310    0.132872    0.092458    0.092458 ^ clk (in)
                                                         clk (net)
                      0.132912    0.000000    0.092458 ^ clkbuf_0_clk/A (sky130_fd_sc_hd__clkbuf_16)
     8    0.108967    0.123112    0.223171    0.315629 ^ clkbuf_0_clk/X (sky130_fd_sc_hd__clkbuf_16)
                                                         clknet_0_clk (net)
                      0.123380    0.004579    0.320208 ^ clkbuf_3_3__f_clk/A (sky130_fd_sc_hd__clkbuf_16)
     6    0.036229    0.056559    0.167876    0.488085 ^ clkbuf_3_3__f_clk/X (sky130_fd_sc_hd__clkbuf_16)
                                                         clknet_3_3__leaf_clk (net)
                      0.056560    0.000200    0.488285 ^ filter.x_in[13]_sky130_fd_sc_hd__dfrtp_2_Q/CLK (sky130_fd_sc_hd__dfrtp_1)
     3    0.009551    0.096634    0.364785    0.853070 ^ filter.x_in[13]_sky130_fd_sc_hd__dfrtp_2_Q/Q (sky130_fd_sc_hd__dfrtp_1)
                                                         filter.x_in[13] (net)
                      0.096634    0.000095    0.853165 ^ filter.x_in[13]_sky130_fd_sc_hd__nand2_2_A/A (sky130_fd_sc_hd__nand2_1)
     3    0.007879    0.063952    0.087755    0.940920 v filter.x_in[13]_sky130_fd_sc_hd__nand2_2_A/Y (sky130_fd_sc_hd__nand2_1)
                                                         filter.x_in[13]_sky130_fd_sc_hd__nand2_2_A_Y (net)
                      0.063952    0.000002    0.940922 v filter.x_in[13]_sky130_fd_sc_hd__or2_2_A_X_sky130_fd_sc_hd__nand2_2_A/B (sky130_fd_sc_hd__nand2_1)
     3    0.011058    0.107960    0.120778    1.061700 ^ filter.x_in[13]_sky130_fd_sc_hd__or2_2_A_X_sky130_fd_sc_hd__nand2_2_A/Y (sky130_fd_sc_hd__nand2_1)
                                                         filter.x_in[13]_sky130_fd_sc_hd__or2_2_A_X_sky130_fd_sc_hd__nand2_2_A_Y (net)
                      0.107960    0.000066    1.061766 ^ filter.x_in[12]_sky130_fd_sc_hd__a21oi_2_A1_Y_sky130_fd_sc_hd__or3_2_B/A (sky130_fd_sc_hd__or3_1)
     2    0.007043    0.073891    0.144814    1.206580 ^ filter.x_in[12]_sky130_fd_sc_hd__a21oi_2_A1_Y_sky130_fd_sc_hd__or3_2_B/X (sky130_fd_sc_hd__or3_1)
                                                         filter.x_in[12]_sky130_fd_sc_hd__a21oi_2_A1_Y_sky130_fd_sc_hd__or3_2_B_X (net)
                      0.073891    0.000032    1.206612 ^ filter.x_in[12]_sky130_fd_sc_hd__a21oi_2_A1_Y_sky130_fd_sc_hd__or3_2_B_X_sky130_fd_sc_hd__nand2b_2_A_N/A_N (sky130_fd_sc_hd__nand2b_1)
     2    0.009065    0.104789    0.146067    1.352679 ^ filter.x_in[12]_sky130_fd_sc_hd__a21oi_2_A1_Y_sky130_fd_sc_hd__or3_2_B_X_sky130_fd_sc_hd__nand2b_2_A_N/Y (sky130_fd_sc_hd__nand2b_1)
                                                         filter.y_out[15]_sky130_fd_sc_hd__dfrtp_2_Q_D_sky130_fd_sc_hd__and3_2_X_C_sky130_fd_sc_hd__a21o_2_X_A1 (net)
                      0.104789    0.000086    1.352766 ^ filter.y_out[14]_sky130_fd_sc_hd__dfrtp_2_Q_D_sky130_fd_sc_hd__xnor2_2_Y_A_sky130_fd_sc_hd__xnor2_2_Y/A (sky130_fd_sc_hd__xnor2_1)
     2    0.007111    0.064790    0.105368    1.458134 v filter.y_out[14]_sky130_fd_sc_hd__dfrtp_2_Q_D_sky130_fd_sc_hd__xnor2_2_Y_A_sky130_fd_sc_hd__xnor2_2_Y/Y (sky130_fd_sc_hd__xnor2_1)
                                                         filter.y_out[14]_sky130_fd_sc_hd__dfrtp_2_Q_D_sky130_fd_sc_hd__xnor2_2_Y_A (net)
                      0.064790    0.000036    1.458170 v filter.y_out[14]_sky130_fd_sc_hd__dfrtp_2_Q_D_sky130_fd_sc_hd__xnor2_2_Y/A (sky130_fd_sc_hd__xnor2_1)
     1    0.003154    0.039159    0.129962    1.588132 v filter.y_out[14]_sky130_fd_sc_hd__dfrtp_2_Q_D_sky130_fd_sc_hd__xnor2_2_Y/Y (sky130_fd_sc_hd__xnor2_1)
                                                         filter.y_out[14]_sky130_fd_sc_hd__dfrtp_2_Q_D (net)
                      0.039159    0.000013    1.588145 v filter.y_out[14]_sky130_fd_sc_hd__dfrtp_2_Q/D (sky130_fd_sc_hd__dfrtp_4)
                                              1.588145   data arrival time

                                  0.000000    0.000000   clock clk (rise edge)
                                  0.000000    0.000000   clock source latency
     1    0.028310    0.132872    0.092458    0.092458 ^ clk (in)
                                                         clk (net)
                      0.132912    0.000000    0.092458 ^ clkbuf_0_clk/A (sky130_fd_sc_hd__clkbuf_16)
     8    0.108967    0.123112    0.223171    0.315629 ^ clkbuf_0_clk/X (sky130_fd_sc_hd__clkbuf_16)
                                                         clknet_0_clk (net)
                      0.123417    0.004875    0.320504 ^ clkbuf_3_2__f_clk/A (sky130_fd_sc_hd__clkbuf_16)
     9    0.042714    0.062286    0.172659    0.493163 ^ clkbuf_3_2__f_clk/X (sky130_fd_sc_hd__clkbuf_16)
                                                         clknet_3_2__leaf_clk (net)
                      0.062287    0.000406    0.493570 ^ filter.y_out[14]_sky130_fd_sc_hd__dfrtp_2_Q/CLK (sky130_fd_sc_hd__dfrtp_4)
                                  0.250000    0.743570   clock uncertainty
                                  0.000000    0.743570   clock reconvergence pessimism
                                 -0.035728    0.707842   library hold time
                                              0.707842   data required time
---------------------------------------------------------------------------------------------
                                              0.707842   data required time
                                             -1.588145   data arrival time
---------------------------------------------------------------------------------------------
                                              0.880303   slack (MET)


Startpoint: filter.x_in[11]_sky130_fd_sc_hd__dfrtp_2_Q
            (rising edge-triggered flip-flop clocked by clk)
Endpoint: filter.y_out[10]_sky130_fd_sc_hd__dfrtp_2_Q
          (rising edge-triggered flip-flop clocked by clk)
Path Group: clk
Path Type: min

Fanout         Cap        Slew       Delay        Time   Description
---------------------------------------------------------------------------------------------
                                  0.000000    0.000000   clock clk (rise edge)
                                  0.000000    0.000000   clock source latency
     1    0.028310    0.132872    0.092458    0.092458 ^ clk (in)
                                                         clk (net)
                      0.132912    0.000000    0.092458 ^ clkbuf_0_clk/A (sky130_fd_sc_hd__clkbuf_16)
     8    0.108967    0.123112    0.223171    0.315629 ^ clkbuf_0_clk/X (sky130_fd_sc_hd__clkbuf_16)
                                                         clknet_0_clk (net)
                      0.123305    0.003900    0.319530 ^ clkbuf_3_0__f_clk/A (sky130_fd_sc_hd__clkbuf_16)
    10    0.037145    0.057367    0.168557    0.488087 ^ clkbuf_3_0__f_clk/X (sky130_fd_sc_hd__clkbuf_16)
                                                         clknet_3_0__leaf_clk (net)
                      0.057367    0.000075    0.488162 ^ filter.x_in[11]_sky130_fd_sc_hd__dfrtp_2_Q/CLK (sky130_fd_sc_hd__dfrtp_1)
     3    0.011559    0.113022    0.377270    0.865432 ^ filter.x_in[11]_sky130_fd_sc_hd__dfrtp_2_Q/Q (sky130_fd_sc_hd__dfrtp_1)
                                                         filter.x_in[11] (net)
                      0.113022    0.000080    0.865512 ^ filter.x_in[11]_sky130_fd_sc_hd__xnor2_2_A/A (sky130_fd_sc_hd__xnor2_1)
     2    0.005659    0.080558    0.146457    1.011969 ^ filter.x_in[11]_sky130_fd_sc_hd__xnor2_2_A/Y (sky130_fd_sc_hd__xnor2_1)
                                                         filter.x_in[11]_sky130_fd_sc_hd__xnor2_2_A_Y (net)
                      0.080558    0.000016    1.011985 ^ filter.x_in[11]_sky130_fd_sc_hd__xnor2_2_A_Y_sky130_fd_sc_hd__a21o_2_B1/B1 (sky130_fd_sc_hd__a21o_1)
     3    0.008289    0.079104    0.118630    1.130616 ^ filter.x_in[11]_sky130_fd_sc_hd__xnor2_2_A_Y_sky130_fd_sc_hd__a21o_2_B1/X (sky130_fd_sc_hd__a21o_1)
                                                         filter.x_in[11]_sky130_fd_sc_hd__xnor2_2_A_Y_sky130_fd_sc_hd__a21o_2_B1_X (net)
                      0.079104    0.000036    1.130651 ^ filter.x_in[9]_sky130_fd_sc_hd__a21o_2_A1_X_sky130_fd_sc_hd__nand2b_2_B_Y_sky130_fd_sc_hd__o211a_2_A1/C1 (sky130_fd_sc_hd__o211a_1)
     1    0.001822    0.034507    0.130367    1.261018 ^ filter.x_in[9]_sky130_fd_sc_hd__a21o_2_A1_X_sky130_fd_sc_hd__nand2b_2_B_Y_sky130_fd_sc_hd__o211a_2_A1/X (sky130_fd_sc_hd__o211a_1)
                                                         filter.x_in[9]_sky130_fd_sc_hd__a21o_2_A1_X_sky130_fd_sc_hd__nand2b_2_B_Y_sky130_fd_sc_hd__o211a_2_A1_X (net)
                      0.034507    0.000003    1.261021 ^ filter.y_out[10]_sky130_fd_sc_hd__dfrtp_2_Q_D_sky130_fd_sc_hd__xor2_2_X_B_sky130_fd_sc_hd__xnor2_2_Y_B_sky130_fd_sc_hd__nand3b_2_Y/A_N (sky130_fd_sc_hd__nand3b_1)
     2    0.007610    0.092122    0.123887    1.384908 ^ filter.y_out[10]_sky130_fd_sc_hd__dfrtp_2_Q_D_sky130_fd_sc_hd__xor2_2_X_B_sky130_fd_sc_hd__xnor2_2_Y_B_sky130_fd_sc_hd__nand3b_2_Y/Y (sky130_fd_sc_hd__nand3b_1)
                                                         filter.y_out[10]_sky130_fd_sc_hd__dfrtp_2_Q_D_sky130_fd_sc_hd__xor2_2_X_B_sky130_fd_sc_hd__xnor2_2_Y_B (net)
                      0.092122    0.000037    1.384946 ^ filter.y_out[10]_sky130_fd_sc_hd__dfrtp_2_Q_D_sky130_fd_sc_hd__xor2_2_X_B_sky130_fd_sc_hd__xnor2_2_Y/B (sky130_fd_sc_hd__xnor2_1)
     2    0.006768    0.092344    0.149063    1.534009 ^ filter.y_out[10]_sky130_fd_sc_hd__dfrtp_2_Q_D_sky130_fd_sc_hd__xor2_2_X_B_sky130_fd_sc_hd__xnor2_2_Y/Y (sky130_fd_sc_hd__xnor2_1)
                                                         filter.y_out[10]_sky130_fd_sc_hd__dfrtp_2_Q_D_sky130_fd_sc_hd__xor2_2_X_B (net)
                      0.092344    0.000016    1.534024 ^ filter.y_out[10]_sky130_fd_sc_hd__dfrtp_2_Q_D_sky130_fd_sc_hd__xor2_2_X/B (sky130_fd_sc_hd__xor2_1)
     1    0.002923    0.036717    0.070151    1.604175 v filter.y_out[10]_sky130_fd_sc_hd__dfrtp_2_Q_D_sky130_fd_sc_hd__xor2_2_X/X (sky130_fd_sc_hd__xor2_1)
                                                         filter.y_out[10]_sky130_fd_sc_hd__dfrtp_2_Q_D (net)
                      0.036717    0.000016    1.604191 v filter.y_out[10]_sky130_fd_sc_hd__dfrtp_2_Q/D (sky130_fd_sc_hd__dfrtp_1)
                                              1.604191   data arrival time

                                  0.000000    0.000000   clock clk (rise edge)
                                  0.000000    0.000000   clock source latency
     1    0.028310    0.132872    0.092458    0.092458 ^ clk (in)
                                                         clk (net)
                      0.132912    0.000000    0.092458 ^ clkbuf_0_clk/A (sky130_fd_sc_hd__clkbuf_16)
     8    0.108967    0.123112    0.223171    0.315629 ^ clkbuf_0_clk/X (sky130_fd_sc_hd__clkbuf_16)
                                                         clknet_0_clk (net)
                      0.123380    0.004579    0.320208 ^ clkbuf_3_3__f_clk/A (sky130_fd_sc_hd__clkbuf_16)
     6    0.036229    0.056559    0.167876    0.488085 ^ clkbuf_3_3__f_clk/X (sky130_fd_sc_hd__clkbuf_16)
                                                         clknet_3_3__leaf_clk (net)
                      0.056559    0.000155    0.488240 ^ filter.y_out[10]_sky130_fd_sc_hd__dfrtp_2_Q/CLK (sky130_fd_sc_hd__dfrtp_1)
                                  0.250000    0.738240   clock uncertainty
                                  0.000000    0.738240   clock reconvergence pessimism
                                 -0.039767    0.698472   library hold time
                                              0.698472   data required time
---------------------------------------------------------------------------------------------
                                              0.698472   data required time
                                             -1.604191   data arrival time
---------------------------------------------------------------------------------------------
                                              0.905719   slack (MET)


Startpoint: filter.x_in[5]_sky130_fd_sc_hd__dfrtp_2_Q
            (rising edge-triggered flip-flop clocked by clk)
Endpoint: filter.y_out[6]_sky130_fd_sc_hd__dfrtp_2_Q
          (rising edge-triggered flip-flop clocked by clk)
Path Group: clk
Path Type: min

Fanout         Cap        Slew       Delay        Time   Description
---------------------------------------------------------------------------------------------
                                  0.000000    0.000000   clock clk (rise edge)
                                  0.000000    0.000000   clock source latency
     1    0.028310    0.132872    0.092458    0.092458 ^ clk (in)
                                                         clk (net)
                      0.132912    0.000000    0.092458 ^ clkbuf_0_clk/A (sky130_fd_sc_hd__clkbuf_16)
     8    0.108967    0.123112    0.223171    0.315629 ^ clkbuf_0_clk/X (sky130_fd_sc_hd__clkbuf_16)
                                                         clknet_0_clk (net)
                      0.123294    0.003785    0.319414 ^ clkbuf_3_5__f_clk/A (sky130_fd_sc_hd__clkbuf_16)
    13    0.042872    0.062425    0.172723    0.492137 ^ clkbuf_3_5__f_clk/X (sky130_fd_sc_hd__clkbuf_16)
                                                         clknet_3_5__leaf_clk (net)
                      0.062425    0.000284    0.492421 ^ filter.x_in[5]_sky130_fd_sc_hd__dfrtp_2_Q/CLK (sky130_fd_sc_hd__dfrtp_1)
     3    0.006586    0.057877    0.380737    0.873158 v filter.x_in[5]_sky130_fd_sc_hd__dfrtp_2_Q/Q (sky130_fd_sc_hd__dfrtp_1)
                                                         filter.x_in[5] (net)
                      0.057877    0.000018    0.873176 v filter.x_in[5]_sky130_fd_sc_hd__nand2_2_A/A (sky130_fd_sc_hd__nand2_1)
     3    0.010188    0.100461    0.105677    0.978853 ^ filter.x_in[5]_sky130_fd_sc_hd__nand2_2_A/Y (sky130_fd_sc_hd__nand2_1)
                                                         filter.x_in[5]_sky130_fd_sc_hd__nand2_2_A_Y (net)
                      0.100461    0.000065    0.978918 ^ filter.x_in[5]_sky130_fd_sc_hd__nand2_2_A_Y_sky130_fd_sc_hd__xor2_2_A/A (sky130_fd_sc_hd__xor2_1)
     2    0.006934    0.052594    0.096130    1.075048 v filter.x_in[5]_sky130_fd_sc_hd__nand2_2_A_Y_sky130_fd_sc_hd__xor2_2_A/X (sky130_fd_sc_hd__xor2_1)
                                                         filter.x_in[5]_sky130_fd_sc_hd__nand2_2_A_Y_sky130_fd_sc_hd__xor2_2_A_X (net)
                      0.052594    0.000021    1.075069 v filter.x_in[5]_sky130_fd_sc_hd__nand2_2_A_Y_sky130_fd_sc_hd__xor2_2_A_X_sky130_fd_sc_hd__and2b_2_B/B (sky130_fd_sc_hd__and2b_1)
     2    0.008029    0.055952    0.178824    1.253893 v filter.x_in[5]_sky130_fd_sc_hd__nand2_2_A_Y_sky130_fd_sc_hd__xor2_2_A_X_sky130_fd_sc_hd__and2b_2_B/X (sky130_fd_sc_hd__and2b_1)
                                                         filter.x_in[5]_sky130_fd_sc_hd__nand2_2_A_Y_sky130_fd_sc_hd__xor2_2_A_X_sky130_fd_sc_hd__and2b_2_B_X (net)
                      0.055952    0.000049    1.253943 v filter.y_out[6]_sky130_fd_sc_hd__dfrtp_2_Q_D_sky130_fd_sc_hd__xnor2_2_Y_B_sky130_fd_sc_hd__xnor2_2_Y_A_sky130_fd_sc_hd__nand2_2_Y/A (sky130_fd_sc_hd__nand2_1)
     2    0.015681    0.148464    0.138358    1.392300 ^ filter.y_out[6]_sky130_fd_sc_hd__dfrtp_2_Q_D_sky130_fd_sc_hd__xnor2_2_Y_B_sky130_fd_sc_hd__xnor2_2_Y_A_sky130_fd_sc_hd__nand2_2_Y/Y (sky130_fd_sc_hd__nand2_1)
                                                         filter.y_out[6]_sky130_fd_sc_hd__dfrtp_2_Q_D_sky130_fd_sc_hd__xnor2_2_Y_B_sky130_fd_sc_hd__xnor2_2_Y_A (net)
                      0.148465    0.000357    1.392657 ^ filter.y_out[6]_sky130_fd_sc_hd__dfrtp_2_Q_D_sky130_fd_sc_hd__xnor2_2_Y_B_sky130_fd_sc_hd__xnor2_2_Y/A (sky130_fd_sc_hd__xnor2_2)
     3    0.011879    0.074508    0.157341    1.549998 ^ filter.y_out[6]_sky130_fd_sc_hd__dfrtp_2_Q_D_sky130_fd_sc_hd__xnor2_2_Y_B_sky130_fd_sc_hd__xnor2_2_Y/Y (sky130_fd_sc_hd__xnor2_2)
                                                         filter.y_out[6]_sky130_fd_sc_hd__dfrtp_2_Q_D_sky130_fd_sc_hd__xnor2_2_Y_B (net)
                      0.074508    0.000019    1.550017 ^ filter.y_out[6]_sky130_fd_sc_hd__dfrtp_2_Q_D_sky130_fd_sc_hd__xnor2_2_Y/B (sky130_fd_sc_hd__xnor2_1)
     1    0.002884    0.035689    0.063819    1.613836 v filter.y_out[6]_sky130_fd_sc_hd__dfrtp_2_Q_D_sky130_fd_sc_hd__xnor2_2_Y/Y (sky130_fd_sc_hd__xnor2_1)
                                                         filter.y_out[6]_sky130_fd_sc_hd__dfrtp_2_Q_D (net)
                      0.035689    0.000011    1.613847 v filter.y_out[6]_sky130_fd_sc_hd__dfrtp_2_Q/D (sky130_fd_sc_hd__dfrtp_1)
                                              1.613847   data arrival time

                                  0.000000    0.000000   clock clk (rise edge)
                                  0.000000    0.000000   clock source latency
     1    0.028310    0.132872    0.092458    0.092458 ^ clk (in)
                                                         clk (net)
                      0.132912    0.000000    0.092458 ^ clkbuf_0_clk/A (sky130_fd_sc_hd__clkbuf_16)
     8    0.108967    0.123112    0.223171    0.315629 ^ clkbuf_0_clk/X (sky130_fd_sc_hd__clkbuf_16)
                                                         clknet_0_clk (net)
                      0.123131    0.001246    0.316876 ^ clkbuf_3_6__f_clk/A (sky130_fd_sc_hd__clkbuf_16)
     9    0.045466    0.064752    0.174611    0.491487 ^ clkbuf_3_6__f_clk/X (sky130_fd_sc_hd__clkbuf_16)
                                                         clknet_3_6__leaf_clk (net)
                      0.064754    0.000442    0.491929 ^ filter.y_out[6]_sky130_fd_sc_hd__dfrtp_2_Q/CLK (sky130_fd_sc_hd__dfrtp_1)
                                  0.250000    0.741929   clock uncertainty
                                  0.000000    0.741929   clock reconvergence pessimism
                                 -0.037480    0.704450   library hold time
                                              0.704450   data required time
---------------------------------------------------------------------------------------------
                                              0.704450   data required time
                                             -1.613847   data arrival time
---------------------------------------------------------------------------------------------
                                              0.909398   slack (MET)


Startpoint: filter.x_in[7]_sky130_fd_sc_hd__dfrtp_2_Q
            (rising edge-triggered flip-flop clocked by clk)
Endpoint: filter.y_out[8]_sky130_fd_sc_hd__dfrtp_2_Q
          (rising edge-triggered flip-flop clocked by clk)
Path Group: clk
Path Type: min

Fanout         Cap        Slew       Delay        Time   Description
---------------------------------------------------------------------------------------------
                                  0.000000    0.000000   clock clk (rise edge)
                                  0.000000    0.000000   clock source latency
     1    0.028310    0.132872    0.092458    0.092458 ^ clk (in)
                                                         clk (net)
                      0.132912    0.000000    0.092458 ^ clkbuf_0_clk/A (sky130_fd_sc_hd__clkbuf_16)
     8    0.108967    0.123112    0.223171    0.315629 ^ clkbuf_0_clk/X (sky130_fd_sc_hd__clkbuf_16)
                                                         clknet_0_clk (net)
                      0.123270    0.003535    0.319164 ^ clkbuf_3_4__f_clk/A (sky130_fd_sc_hd__clkbuf_16)
    13    0.042847    0.062408    0.172734    0.491898 ^ clkbuf_3_4__f_clk/X (sky130_fd_sc_hd__clkbuf_16)
                                                         clknet_3_4__leaf_clk (net)
                      0.062410    0.000382    0.492280 ^ filter.x_in[7]_sky130_fd_sc_hd__dfrtp_2_Q/CLK (sky130_fd_sc_hd__dfrtp_1)
     3    0.009350    0.095002    0.365745    0.858025 ^ filter.x_in[7]_sky130_fd_sc_hd__dfrtp_2_Q/Q (sky130_fd_sc_hd__dfrtp_1)
                                                         filter.x_in[7] (net)
                      0.095002    0.000083    0.858109 ^ filter.x_in[7]_sky130_fd_sc_hd__and2_2_A/A (sky130_fd_sc_hd__and2_1)
     3    0.010761    0.116043    0.181710    1.039818 ^ filter.x_in[7]_sky130_fd_sc_hd__and2_2_A/X (sky130_fd_sc_hd__and2_1)
                                                         filter.x_in[7]_sky130_fd_sc_hd__and2_2_A_X (net)
                      0.116043    0.000083    1.039901 ^ filter.x_in[7]_sky130_fd_sc_hd__and2_2_A_X_sky130_fd_sc_hd__xnor2_2_A/A (sky130_fd_sc_hd__xnor2_1)
     2    0.009166    0.114593    0.174020    1.213921 ^ filter.x_in[7]_sky130_fd_sc_hd__and2_2_A_X_sky130_fd_sc_hd__xnor2_2_A/Y (sky130_fd_sc_hd__xnor2_1)
                                                         filter.x_in[7]_sky130_fd_sc_hd__and2_2_A_X_sky130_fd_sc_hd__xnor2_2_A_Y (net)
                      0.114593    0.000059    1.213980 ^ filter.x_in[7]_sky130_fd_sc_hd__and2_2_A_X_sky130_fd_sc_hd__xnor2_2_A_Y_sky130_fd_sc_hd__nor2_2_A/A (sky130_fd_sc_hd__nor2_1)
     2    0.007506    0.052680    0.080772    1.294752 v filter.x_in[7]_sky130_fd_sc_hd__and2_2_A_X_sky130_fd_sc_hd__xnor2_2_A_Y_sky130_fd_sc_hd__nor2_2_A/Y (sky130_fd_sc_hd__nor2_1)
                                                         filter.x_in[7]_sky130_fd_sc_hd__and2_2_A_X_sky130_fd_sc_hd__xnor2_2_A_Y_sky130_fd_sc_hd__nor2_2_A_Y (net)
                      0.052680    0.000030    1.294782 v filter.y_out[8]_sky130_fd_sc_hd__dfrtp_2_Q_D_sky130_fd_sc_hd__xnor2_2_Y_A_sky130_fd_sc_hd__xnor2_2_Y_A_sky130_fd_sc_hd__nand2_2_Y/A (sky130_fd_sc_hd__nand2_1)
     2    0.008415    0.085099    0.092361    1.387143 ^ filter.y_out[8]_sky130_fd_sc_hd__dfrtp_2_Q_D_sky130_fd_sc_hd__xnor2_2_Y_A_sky130_fd_sc_hd__xnor2_2_Y_A_sky130_fd_sc_hd__nand2_2_Y/Y (sky130_fd_sc_hd__nand2_1)
                                                         filter.y_out[8]_sky130_fd_sc_hd__dfrtp_2_Q_D_sky130_fd_sc_hd__xnor2_2_Y_A_sky130_fd_sc_hd__xnor2_2_Y_A (net)
                      0.085099    0.000040    1.387184 ^ filter.y_out[8]_sky130_fd_sc_hd__dfrtp_2_Q_D_sky130_fd_sc_hd__xnor2_2_Y_A_sky130_fd_sc_hd__xnor2_2_Y/A (sky130_fd_sc_hd__xnor2_1)
     2    0.007515    0.069616    0.101900    1.489084 v filter.y_out[8]_sky130_fd_sc_hd__dfrtp_2_Q_D_sky130_fd_sc_hd__xnor2_2_Y_A_sky130_fd_sc_hd__xnor2_2_Y/Y (sky130_fd_sc_hd__xnor2_1)
                                                         filter.y_out[8]_sky130_fd_sc_hd__dfrtp_2_Q_D_sky130_fd_sc_hd__xnor2_2_Y_A (net)
                      0.069616    0.000021    1.489104 v filter.y_out[8]_sky130_fd_sc_hd__dfrtp_2_Q_D_sky130_fd_sc_hd__xnor2_2_Y/A (sky130_fd_sc_hd__xnor2_1)
     1    0.003053    0.035179    0.131587    1.620692 v filter.y_out[8]_sky130_fd_sc_hd__dfrtp_2_Q_D_sky130_fd_sc_hd__xnor2_2_Y/Y (sky130_fd_sc_hd__xnor2_1)
                                                         filter.y_out[8]_sky130_fd_sc_hd__dfrtp_2_Q_D (net)
                      0.035179    0.000019    1.620710 v filter.y_out[8]_sky130_fd_sc_hd__dfrtp_2_Q/D (sky130_fd_sc_hd__dfrtp_4)
                                              1.620710   data arrival time

                                  0.000000    0.000000   clock clk (rise edge)
                                  0.000000    0.000000   clock source latency
     1    0.028310    0.132872    0.092458    0.092458 ^ clk (in)
                                                         clk (net)
                      0.132912    0.000000    0.092458 ^ clkbuf_0_clk/A (sky130_fd_sc_hd__clkbuf_16)
     8    0.108967    0.123112    0.223171    0.315629 ^ clkbuf_0_clk/X (sky130_fd_sc_hd__clkbuf_16)
                                                         clknet_0_clk (net)
                      0.123241    0.003198    0.318828 ^ clkbuf_3_1__f_clk/A (sky130_fd_sc_hd__clkbuf_16)
    12    0.043307    0.062829    0.173111    0.491939 ^ clkbuf_3_1__f_clk/X (sky130_fd_sc_hd__clkbuf_16)
                                                         clknet_3_1__leaf_clk (net)
                      0.062829    0.000242    0.492180 ^ filter.y_out[8]_sky130_fd_sc_hd__dfrtp_2_Q/CLK (sky130_fd_sc_hd__dfrtp_4)
                                  0.250000    0.742180   clock uncertainty
                                  0.000000    0.742180   clock reconvergence pessimism
                                 -0.033993    0.708188   library hold time
                                              0.708188   data required time
---------------------------------------------------------------------------------------------
                                              0.708188   data required time
                                             -1.620710   data arrival time
---------------------------------------------------------------------------------------------
                                              0.912523   slack (MET)


Startpoint: filter.x_in[5]_sky130_fd_sc_hd__dfrtp_2_Q
            (rising edge-triggered flip-flop clocked by clk)
Endpoint: filter.y_out[7]_sky130_fd_sc_hd__dfrtp_2_Q
          (rising edge-triggered flip-flop clocked by clk)
Path Group: clk
Path Type: min

Fanout         Cap        Slew       Delay        Time   Description
---------------------------------------------------------------------------------------------
                                  0.000000    0.000000   clock clk (rise edge)
                                  0.000000    0.000000   clock source latency
     1    0.028310    0.132872    0.092458    0.092458 ^ clk (in)
                                                         clk (net)
                      0.132912    0.000000    0.092458 ^ clkbuf_0_clk/A (sky130_fd_sc_hd__clkbuf_16)
     8    0.108967    0.123112    0.223171    0.315629 ^ clkbuf_0_clk/X (sky130_fd_sc_hd__clkbuf_16)
                                                         clknet_0_clk (net)
                      0.123294    0.003785    0.319414 ^ clkbuf_3_5__f_clk/A (sky130_fd_sc_hd__clkbuf_16)
    13    0.042872    0.062425    0.172723    0.492137 ^ clkbuf_3_5__f_clk/X (sky130_fd_sc_hd__clkbuf_16)
                                                         clknet_3_5__leaf_clk (net)
                      0.062425    0.000284    0.492421 ^ filter.x_in[5]_sky130_fd_sc_hd__dfrtp_2_Q/CLK (sky130_fd_sc_hd__dfrtp_1)
     3    0.006586    0.057877    0.380737    0.873158 v filter.x_in[5]_sky130_fd_sc_hd__dfrtp_2_Q/Q (sky130_fd_sc_hd__dfrtp_1)
                                                         filter.x_in[5] (net)
                      0.057877    0.000018    0.873176 v filter.x_in[5]_sky130_fd_sc_hd__nand2_2_A/A (sky130_fd_sc_hd__nand2_1)
     3    0.010188    0.100461    0.105677    0.978853 ^ filter.x_in[5]_sky130_fd_sc_hd__nand2_2_A/Y (sky130_fd_sc_hd__nand2_1)
                                                         filter.x_in[5]_sky130_fd_sc_hd__nand2_2_A_Y (net)
                      0.100461    0.000054    0.978907 ^ filter.x_in[5]_sky130_fd_sc_hd__nand2_2_A_Y_sky130_fd_sc_hd__nor2_2_A/A (sky130_fd_sc_hd__nor2_1)
     2    0.005076    0.042083    0.066152    1.045058 v filter.x_in[5]_sky130_fd_sc_hd__nand2_2_A_Y_sky130_fd_sc_hd__nor2_2_A/Y (sky130_fd_sc_hd__nor2_1)
                                                         filter.x_in[5]_sky130_fd_sc_hd__nand2_2_A_Y_sky130_fd_sc_hd__nor2_2_A_Y (net)
                      0.042083    0.000033    1.045091 v filter.x_in[6]_sky130_fd_sc_hd__and2_2_A_X_sky130_fd_sc_hd__xor2_2_A_X_sky130_fd_sc_hd__o21ai_2_B1/A2 (sky130_fd_sc_hd__o21ai_1)
     3    0.010557    0.169213    0.211462    1.256553 ^ filter.x_in[6]_sky130_fd_sc_hd__and2_2_A_X_sky130_fd_sc_hd__xor2_2_A_X_sky130_fd_sc_hd__o21ai_2_B1/Y (sky130_fd_sc_hd__o21ai_1)
                                                         filter.x_in[6]_sky130_fd_sc_hd__and2_2_A_X_sky130_fd_sc_hd__xor2_2_A_X_sky130_fd_sc_hd__o21ai_2_B1_Y (net)
                      0.169213    0.000194    1.256746 ^ filter.x_in[7]_sky130_fd_sc_hd__and2_2_A_X_sky130_fd_sc_hd__xnor2_2_A_Y_sky130_fd_sc_hd__xnor2_2_A_Y_sky130_fd_sc_hd__or2_2_B/A (sky130_fd_sc_hd__or2_1)
     3    0.007987    0.084507    0.159856    1.416603 ^ filter.x_in[7]_sky130_fd_sc_hd__and2_2_A_X_sky130_fd_sc_hd__xnor2_2_A_Y_sky130_fd_sc_hd__xnor2_2_A_Y_sky130_fd_sc_hd__or2_2_B/X (sky130_fd_sc_hd__or2_1)
                                                         filter.y_out[7]_sky130_fd_sc_hd__dfrtp_2_Q_D_sky130_fd_sc_hd__xnor2_2_Y_A_sky130_fd_sc_hd__nand2_2_Y_A_sky130_fd_sc_hd__or2_2_X_A (net)
                      0.084507    0.000034    1.416637 ^ filter.y_out[7]_sky130_fd_sc_hd__dfrtp_2_Q_D_sky130_fd_sc_hd__xnor2_2_Y_A_sky130_fd_sc_hd__nand2_2_Y_B_sky130_fd_sc_hd__nand2_2_Y/A (sky130_fd_sc_hd__nand2_1)
     2    0.005315    0.049783    0.069494    1.486131 v filter.y_out[7]_sky130_fd_sc_hd__dfrtp_2_Q_D_sky130_fd_sc_hd__xnor2_2_Y_A_sky130_fd_sc_hd__nand2_2_Y_B_sky130_fd_sc_hd__nand2_2_Y/Y (sky130_fd_sc_hd__nand2_1)
                                                         filter.y_out[7]_sky130_fd_sc_hd__dfrtp_2_Q_D_sky130_fd_sc_hd__xnor2_2_Y_A_sky130_fd_sc_hd__nand2_2_Y_B (net)
                      0.049783    0.000013    1.486144 v filter.y_out[7]_sky130_fd_sc_hd__dfrtp_2_Q_D_sky130_fd_sc_hd__xnor2_2_Y_A_sky130_fd_sc_hd__nand2_2_Y/B (sky130_fd_sc_hd__nand2_1)
     2    0.007189    0.078139    0.090600    1.576744 ^ filter.y_out[7]_sky130_fd_sc_hd__dfrtp_2_Q_D_sky130_fd_sc_hd__xnor2_2_Y_A_sky130_fd_sc_hd__nand2_2_Y/Y (sky130_fd_sc_hd__nand2_1)
                                                         filter.y_out[7]_sky130_fd_sc_hd__dfrtp_2_Q_D_sky130_fd_sc_hd__xnor2_2_Y_A (net)
                      0.078139    0.000024    1.576768 ^ filter.y_out[7]_sky130_fd_sc_hd__dfrtp_2_Q_D_sky130_fd_sc_hd__xnor2_2_Y/A (sky130_fd_sc_hd__xnor2_1)
     1    0.003082    0.038715    0.074205    1.650973 v filter.y_out[7]_sky130_fd_sc_hd__dfrtp_2_Q_D_sky130_fd_sc_hd__xnor2_2_Y/Y (sky130_fd_sc_hd__xnor2_1)
                                                         filter.y_out[7]_sky130_fd_sc_hd__dfrtp_2_Q_D (net)
                      0.038715    0.000013    1.650987 v filter.y_out[7]_sky130_fd_sc_hd__dfrtp_2_Q/D (sky130_fd_sc_hd__dfrtp_4)
                                              1.650987   data arrival time

                                  0.000000    0.000000   clock clk (rise edge)
                                  0.000000    0.000000   clock source latency
     1    0.028310    0.132872    0.092458    0.092458 ^ clk (in)
                                                         clk (net)
                      0.132912    0.000000    0.092458 ^ clkbuf_0_clk/A (sky130_fd_sc_hd__clkbuf_16)
     8    0.108967    0.123112    0.223171    0.315629 ^ clkbuf_0_clk/X (sky130_fd_sc_hd__clkbuf_16)
                                                         clknet_0_clk (net)
                      0.123131    0.001246    0.316876 ^ clkbuf_3_6__f_clk/A (sky130_fd_sc_hd__clkbuf_16)
     9    0.045466    0.064752    0.174611    0.491487 ^ clkbuf_3_6__f_clk/X (sky130_fd_sc_hd__clkbuf_16)
                                                         clknet_3_6__leaf_clk (net)
                      0.064755    0.000480    0.491967 ^ filter.y_out[7]_sky130_fd_sc_hd__dfrtp_2_Q/CLK (sky130_fd_sc_hd__dfrtp_4)
                                  0.250000    0.741967   clock uncertainty
                                  0.000000    0.741967   clock reconvergence pessimism
                                 -0.034986    0.706982   library hold time
                                              0.706982   data required time
---------------------------------------------------------------------------------------------
                                              0.706982   data required time
                                             -1.650987   data arrival time
---------------------------------------------------------------------------------------------
                                              0.944005   slack (MET)


Startpoint: filter.x_in[0]_sky130_fd_sc_hd__dfrtp_2_Q
            (rising edge-triggered flip-flop clocked by clk)
Endpoint: filter.y_out[2]_sky130_fd_sc_hd__dfrtp_2_Q
          (rising edge-triggered flip-flop clocked by clk)
Path Group: clk
Path Type: min

Fanout         Cap        Slew       Delay        Time   Description
---------------------------------------------------------------------------------------------
                                  0.000000    0.000000   clock clk (rise edge)
                                  0.000000    0.000000   clock source latency
     1    0.028310    0.132872    0.092458    0.092458 ^ clk (in)
                                                         clk (net)
                      0.132912    0.000000    0.092458 ^ clkbuf_0_clk/A (sky130_fd_sc_hd__clkbuf_16)
     8    0.108967    0.123112    0.223171    0.315629 ^ clkbuf_0_clk/X (sky130_fd_sc_hd__clkbuf_16)
                                                         clknet_0_clk (net)
                      0.123131    0.001246    0.316876 ^ clkbuf_3_6__f_clk/A (sky130_fd_sc_hd__clkbuf_16)
     9    0.045466    0.064752    0.174611    0.491487 ^ clkbuf_3_6__f_clk/X (sky130_fd_sc_hd__clkbuf_16)
                                                         clknet_3_6__leaf_clk (net)
                      0.064754    0.000442    0.491929 ^ filter.x_in[0]_sky130_fd_sc_hd__dfrtp_2_Q/CLK (sky130_fd_sc_hd__dfrtp_1)
     3    0.011273    0.110674    0.378283    0.870212 ^ filter.x_in[0]_sky130_fd_sc_hd__dfrtp_2_Q/Q (sky130_fd_sc_hd__dfrtp_1)
                                                         filter.x_in[0] (net)
                      0.110674    0.000074    0.870285 ^ filter.x_in[0]_sky130_fd_sc_hd__xnor2_2_A/A (sky130_fd_sc_hd__xnor2_1)
     2    0.007079    0.092389    0.156665    1.026950 ^ filter.x_in[0]_sky130_fd_sc_hd__xnor2_2_A/Y (sky130_fd_sc_hd__xnor2_1)
                                                         filter.x_in[0]_sky130_fd_sc_hd__xnor2_2_A_Y (net)
                      0.092389    0.000110    1.027060 ^ filter.x_in[0]_sky130_fd_sc_hd__xnor2_2_A_Y_sky130_fd_sc_hd__nor2_2_B/B (sky130_fd_sc_hd__nor2_1)
     4    0.013001    0.066733    0.086916    1.113976 v filter.x_in[0]_sky130_fd_sc_hd__xnor2_2_A_Y_sky130_fd_sc_hd__nor2_2_B/Y (sky130_fd_sc_hd__nor2_1)
                                                         filter.x_in[0]_sky130_fd_sc_hd__xnor2_2_A_Y_sky130_fd_sc_hd__nor2_2_B_Y (net)
                      0.066733    0.000059    1.114035 v filter.x_in[0]_sky130_fd_sc_hd__xnor2_2_A_Y_sky130_fd_sc_hd__and2_2_B_X_sky130_fd_sc_hd__o32a_2_A3_X_sky130_fd_sc_hd__xnor2_2_A_Y_sky130_fd_sc_hd__nand2_2_B/A (sky130_fd_sc_hd__nand2_1)
     2    0.011497    0.112178    0.117570    1.231604 ^ filter.x_in[0]_sky130_fd_sc_hd__xnor2_2_A_Y_sky130_fd_sc_hd__and2_2_B_X_sky130_fd_sc_hd__o32a_2_A3_X_sky130_fd_sc_hd__xnor2_2_A_Y_sky130_fd_sc_hd__nand2_2_B/Y (sky130_fd_sc_hd__nand2_1)
                                                         filter.y_out[0]_sky130_fd_sc_hd__dfrtp_2_Q_D_sky130_fd_sc_hd__xor2_2_X_B_sky130_fd_sc_hd__xnor2_2_Y_A_sky130_fd_sc_hd__or2_2_X_B_sky130_fd_sc_hd__and3_2_X_B (net)
                      0.112179    0.000293    1.231897 ^ filter.x_in[0]_sky130_fd_sc_hd__xnor2_2_A_Y_sky130_fd_sc_hd__and2_2_B_X_sky130_fd_sc_hd__o32a_2_A3_X_sky130_fd_sc_hd__nand2b_2_A_N_Y_sky130_fd_sc_hd__a21oi_2_A1/A2 (sky130_fd_sc_hd__a21oi_2)
     4    0.012237    0.046093    0.091419    1.323317 v filter.x_in[0]_sky130_fd_sc_hd__xnor2_2_A_Y_sky130_fd_sc_hd__and2_2_B_X_sky130_fd_sc_hd__o32a_2_A3_X_sky130_fd_sc_hd__nand2b_2_A_N_Y_sky130_fd_sc_hd__a21oi_2_A1/Y (sky130_fd_sc_hd__a21oi_2)
                                                         filter.x_in[0]_sky130_fd_sc_hd__xnor2_2_A_Y_sky130_fd_sc_hd__and2_2_B_X_sky130_fd_sc_hd__o32a_2_A3_X_sky130_fd_sc_hd__nand2b_2_A_N_Y_sky130_fd_sc_hd__a21oi_2_A1_Y (net)
                      0.046093    0.000089    1.323406 v filter.y_out[2]_sky130_fd_sc_hd__dfrtp_2_Q_D_sky130_fd_sc_hd__xor2_2_X_A_sky130_fd_sc_hd__xor2_2_X_A_sky130_fd_sc_hd__nand2_2_Y/A (sky130_fd_sc_hd__nand2_1)
     2    0.008348    0.084544    0.089166    1.412571 ^ filter.y_out[2]_sky130_fd_sc_hd__dfrtp_2_Q_D_sky130_fd_sc_hd__xor2_2_X_A_sky130_fd_sc_hd__xor2_2_X_A_sky130_fd_sc_hd__nand2_2_Y/Y (sky130_fd_sc_hd__nand2_1)
                                                         filter.y_out[2]_sky130_fd_sc_hd__dfrtp_2_Q_D_sky130_fd_sc_hd__xor2_2_X_A_sky130_fd_sc_hd__xor2_2_X_A (net)
                      0.084544    0.000056    1.412627 ^ filter.y_out[2]_sky130_fd_sc_hd__dfrtp_2_Q_D_sky130_fd_sc_hd__xor2_2_X_A_sky130_fd_sc_hd__xor2_2_X/A (sky130_fd_sc_hd__xor2_1)
     2    0.007519    0.054764    0.094190    1.506817 v filter.y_out[2]_sky130_fd_sc_hd__dfrtp_2_Q_D_sky130_fd_sc_hd__xor2_2_X_A_sky130_fd_sc_hd__xor2_2_X/X (sky130_fd_sc_hd__xor2_1)
                                                         filter.y_out[2]_sky130_fd_sc_hd__dfrtp_2_Q_D_sky130_fd_sc_hd__xor2_2_X_A (net)
                      0.054764    0.000030    1.506847 v filter.y_out[2]_sky130_fd_sc_hd__dfrtp_2_Q_D_sky130_fd_sc_hd__xor2_2_X/A (sky130_fd_sc_hd__xor2_1)
     1    0.004638    0.043413    0.166216    1.673063 v filter.y_out[2]_sky130_fd_sc_hd__dfrtp_2_Q_D_sky130_fd_sc_hd__xor2_2_X/X (sky130_fd_sc_hd__xor2_1)
                                                         filter.y_out[2]_sky130_fd_sc_hd__dfrtp_2_Q_D (net)
                      0.043413    0.000057    1.673120 v filter.y_out[2]_sky130_fd_sc_hd__dfrtp_2_Q/D (sky130_fd_sc_hd__dfrtp_4)
                                              1.673120   data arrival time

                                  0.000000    0.000000   clock clk (rise edge)
                                  0.000000    0.000000   clock source latency
     1    0.028310    0.132872    0.092458    0.092458 ^ clk (in)
                                                         clk (net)
                      0.132912    0.000000    0.092458 ^ clkbuf_0_clk/A (sky130_fd_sc_hd__clkbuf_16)
     8    0.108967    0.123112    0.223171    0.315629 ^ clkbuf_0_clk/X (sky130_fd_sc_hd__clkbuf_16)
                                                         clknet_0_clk (net)
                      0.123131    0.001246    0.316876 ^ clkbuf_3_6__f_clk/A (sky130_fd_sc_hd__clkbuf_16)
     9    0.045466    0.064752    0.174611    0.491487 ^ clkbuf_3_6__f_clk/X (sky130_fd_sc_hd__clkbuf_16)
                                                         clknet_3_6__leaf_clk (net)
                      0.064754    0.000423    0.491910 ^ filter.y_out[2]_sky130_fd_sc_hd__dfrtp_2_Q/CLK (sky130_fd_sc_hd__dfrtp_4)
                                  0.250000    0.741910   clock uncertainty
                                  0.000000    0.741910   clock reconvergence pessimism
                                 -0.036887    0.705022   library hold time
                                              0.705022   data required time
---------------------------------------------------------------------------------------------
                                              0.705022   data required time
                                             -1.673120   data arrival time
---------------------------------------------------------------------------------------------
                                              0.968098   slack (MET)


Startpoint: filter.x_in[8]_sky130_fd_sc_hd__dfrtp_2_Q
            (rising edge-triggered flip-flop clocked by clk)
Endpoint: filter.y_out[9]_sky130_fd_sc_hd__dfrtp_2_Q
          (rising edge-triggered flip-flop clocked by clk)
Path Group: clk
Path Type: min

Fanout         Cap        Slew       Delay        Time   Description
---------------------------------------------------------------------------------------------
                                  0.000000    0.000000   clock clk (rise edge)
                                  0.000000    0.000000   clock source latency
     1    0.028310    0.132872    0.092458    0.092458 ^ clk (in)
                                                         clk (net)
                      0.132912    0.000000    0.092458 ^ clkbuf_0_clk/A (sky130_fd_sc_hd__clkbuf_16)
     8    0.108967    0.123112    0.223171    0.315629 ^ clkbuf_0_clk/X (sky130_fd_sc_hd__clkbuf_16)
                                                         clknet_0_clk (net)
                      0.123241    0.003198    0.318828 ^ clkbuf_3_1__f_clk/A (sky130_fd_sc_hd__clkbuf_16)
    12    0.043307    0.062829    0.173111    0.491939 ^ clkbuf_3_1__f_clk/X (sky130_fd_sc_hd__clkbuf_16)
                                                         clknet_3_1__leaf_clk (net)
                      0.062829    0.000096    0.492035 ^ filter.x_in[8]_sky130_fd_sc_hd__dfrtp_2_Q/CLK (sky130_fd_sc_hd__dfrtp_1)
     3    0.010866    0.107348    0.375102    0.867136 ^ filter.x_in[8]_sky130_fd_sc_hd__dfrtp_2_Q/Q (sky130_fd_sc_hd__dfrtp_1)
                                                         filter.x_in[8] (net)
                      0.107348    0.000077    0.867214 ^ filter.x_in[8]_sky130_fd_sc_hd__and2_2_A/A (sky130_fd_sc_hd__and2_1)
     2    0.011047    0.118681    0.187794    1.055008 ^ filter.x_in[8]_sky130_fd_sc_hd__and2_2_A/X (sky130_fd_sc_hd__and2_1)
                                                         filter.x_in[8]_sky130_fd_sc_hd__and2_2_A_X (net)
                      0.118681    0.000088    1.055095 ^ filter.x_in[8]_sky130_fd_sc_hd__and2_2_A_X_sky130_fd_sc_hd__a21oi_2_A1/A1 (sky130_fd_sc_hd__a21oi_2)
     3    0.014736    0.042850    0.097530    1.152626 v filter.x_in[8]_sky130_fd_sc_hd__and2_2_A_X_sky130_fd_sc_hd__a21oi_2_A1/Y (sky130_fd_sc_hd__a21oi_2)
                                                         filter.x_in[8]_sky130_fd_sc_hd__and2_2_A_X_sky130_fd_sc_hd__a21oi_2_A1_Y (net)
                      0.042850    0.000179    1.152805 v filter.x_in[9]_sky130_fd_sc_hd__a21o_2_A1_X_sky130_fd_sc_hd__xor2_2_B_X_sky130_fd_sc_hd__o21ai_2_A1/A2 (sky130_fd_sc_hd__o21ai_1)
     1    0.003248    0.080190    0.115812    1.268616 ^ filter.x_in[9]_sky130_fd_sc_hd__a21o_2_A1_X_sky130_fd_sc_hd__xor2_2_B_X_sky130_fd_sc_hd__o21ai_2_A1/Y (sky130_fd_sc_hd__o21ai_1)
                                                         filter.x_in[9]_sky130_fd_sc_hd__a21o_2_A1_X_sky130_fd_sc_hd__xor2_2_B_X_sky130_fd_sc_hd__o21ai_2_A1_Y (net)
                      0.080190    0.000011    1.268627 ^ filter.y_out[9]_sky130_fd_sc_hd__dfrtp_2_Q_D_sky130_fd_sc_hd__xor2_2_X_B_sky130_fd_sc_hd__xor2_2_X_B_sky130_fd_sc_hd__nand2_2_Y/B (sky130_fd_sc_hd__nand2_1)
     3    0.009650    0.077954    0.094400    1.363028 v filter.y_out[9]_sky130_fd_sc_hd__dfrtp_2_Q_D_sky130_fd_sc_hd__xor2_2_X_B_sky130_fd_sc_hd__xor2_2_X_B_sky130_fd_sc_hd__nand2_2_Y/Y (sky130_fd_sc_hd__nand2_1)
                                                         filter.y_out[9]_sky130_fd_sc_hd__dfrtp_2_Q_D_sky130_fd_sc_hd__xor2_2_X_B_sky130_fd_sc_hd__xor2_2_X_B (net)
                      0.077954    0.000034    1.363062 v filter.y_out[9]_sky130_fd_sc_hd__dfrtp_2_Q_D_sky130_fd_sc_hd__xor2_2_X_B_sky130_fd_sc_hd__xor2_2_X/B (sky130_fd_sc_hd__xor2_1)
     3    0.010056    0.064586    0.179445    1.542507 v filter.y_out[9]_sky130_fd_sc_hd__dfrtp_2_Q_D_sky130_fd_sc_hd__xor2_2_X_B_sky130_fd_sc_hd__xor2_2_X/X (sky130_fd_sc_hd__xor2_1)
                                                         filter.y_out[9]_sky130_fd_sc_hd__dfrtp_2_Q_D_sky130_fd_sc_hd__xor2_2_X_B (net)
                      0.064586    0.000040    1.542546 v filter.y_out[9]_sky130_fd_sc_hd__dfrtp_2_Q_D_sky130_fd_sc_hd__xor2_2_X/B (sky130_fd_sc_hd__xor2_1)
     1    0.002539    0.094270    0.126690    1.669236 ^ filter.y_out[9]_sky130_fd_sc_hd__dfrtp_2_Q_D_sky130_fd_sc_hd__xor2_2_X/X (sky130_fd_sc_hd__xor2_1)
                                                         filter.y_out[9]_sky130_fd_sc_hd__dfrtp_2_Q_D (net)
                      0.094270    0.000005    1.669242 ^ filter.y_out[9]_sky130_fd_sc_hd__dfrtp_2_Q/D (sky130_fd_sc_hd__dfrtp_2)
                                              1.669242   data arrival time

                                  0.000000    0.000000   clock clk (rise edge)
                                  0.000000    0.000000   clock source latency
     1    0.028310    0.132872    0.092458    0.092458 ^ clk (in)
                                                         clk (net)
                      0.132912    0.000000    0.092458 ^ clkbuf_0_clk/A (sky130_fd_sc_hd__clkbuf_16)
     8    0.108967    0.123112    0.223171    0.315629 ^ clkbuf_0_clk/X (sky130_fd_sc_hd__clkbuf_16)
                                                         clknet_0_clk (net)
                      0.123380    0.004579    0.320208 ^ clkbuf_3_3__f_clk/A (sky130_fd_sc_hd__clkbuf_16)
     6    0.036229    0.056559    0.167876    0.488085 ^ clkbuf_3_3__f_clk/X (sky130_fd_sc_hd__clkbuf_16)
                                                         clknet_3_3__leaf_clk (net)
                      0.056560    0.000223    0.488308 ^ filter.y_out[9]_sky130_fd_sc_hd__dfrtp_2_Q/CLK (sky130_fd_sc_hd__dfrtp_2)
                                  0.250000    0.738308   clock uncertainty
                                  0.000000    0.738308   clock reconvergence pessimism
                                 -0.043287    0.695021   library hold time
                                              0.695021   data required time
---------------------------------------------------------------------------------------------
                                              0.695021   data required time
                                             -1.669242   data arrival time
---------------------------------------------------------------------------------------------
                                              0.974221   slack (MET)


Startpoint: filter.x_in[5]_sky130_fd_sc_hd__dfrtp_2_Q
            (rising edge-triggered flip-flop clocked by clk)
Endpoint: filter.y_out[4]_sky130_fd_sc_hd__dfrtp_2_Q
          (rising edge-triggered flip-flop clocked by clk)
Path Group: clk
Path Type: min

Fanout         Cap        Slew       Delay        Time   Description
---------------------------------------------------------------------------------------------
                                  0.000000    0.000000   clock clk (rise edge)
                                  0.000000    0.000000   clock source latency
     1    0.028310    0.132872    0.092458    0.092458 ^ clk (in)
                                                         clk (net)
                      0.132912    0.000000    0.092458 ^ clkbuf_0_clk/A (sky130_fd_sc_hd__clkbuf_16)
     8    0.108967    0.123112    0.223171    0.315629 ^ clkbuf_0_clk/X (sky130_fd_sc_hd__clkbuf_16)
                                                         clknet_0_clk (net)
                      0.123294    0.003785    0.319414 ^ clkbuf_3_5__f_clk/A (sky130_fd_sc_hd__clkbuf_16)
    13    0.042872    0.062425    0.172723    0.492137 ^ clkbuf_3_5__f_clk/X (sky130_fd_sc_hd__clkbuf_16)
                                                         clknet_3_5__leaf_clk (net)
                      0.062425    0.000284    0.492421 ^ filter.x_in[5]_sky130_fd_sc_hd__dfrtp_2_Q/CLK (sky130_fd_sc_hd__dfrtp_1)
     3    0.006586    0.057877    0.380737    0.873158 v filter.x_in[5]_sky130_fd_sc_hd__dfrtp_2_Q/Q (sky130_fd_sc_hd__dfrtp_1)
                                                         filter.x_in[5] (net)
                      0.057877    0.000018    0.873176 v filter.x_in[5]_sky130_fd_sc_hd__nand2_2_A/A (sky130_fd_sc_hd__nand2_1)
     3    0.010188    0.100461    0.105677    0.978853 ^ filter.x_in[5]_sky130_fd_sc_hd__nand2_2_A/Y (sky130_fd_sc_hd__nand2_1)
                                                         filter.x_in[5]_sky130_fd_sc_hd__nand2_2_A_Y (net)
                      0.100461    0.000065    0.978918 ^ filter.x_in[5]_sky130_fd_sc_hd__nand2_2_A_Y_sky130_fd_sc_hd__xor2_2_A/A (sky130_fd_sc_hd__xor2_1)
     2    0.006934    0.052594    0.096130    1.075048 v filter.x_in[5]_sky130_fd_sc_hd__nand2_2_A_Y_sky130_fd_sc_hd__xor2_2_A/X (sky130_fd_sc_hd__xor2_1)
                                                         filter.x_in[5]_sky130_fd_sc_hd__nand2_2_A_Y_sky130_fd_sc_hd__xor2_2_A_X (net)
                      0.052594    0.000021    1.075069 v filter.x_in[5]_sky130_fd_sc_hd__nand2_2_A_Y_sky130_fd_sc_hd__xor2_2_A_X_sky130_fd_sc_hd__xnor2_2_A/A (sky130_fd_sc_hd__xnor2_1)
     2    0.004334    0.047534    0.131343    1.206412 v filter.x_in[5]_sky130_fd_sc_hd__nand2_2_A_Y_sky130_fd_sc_hd__xor2_2_A_X_sky130_fd_sc_hd__xnor2_2_A/Y (sky130_fd_sc_hd__xnor2_1)
                                                         filter.x_in[5]_sky130_fd_sc_hd__nand2_2_A_Y_sky130_fd_sc_hd__xor2_2_A_X_sky130_fd_sc_hd__xnor2_2_A_Y (net)
                      0.047534    0.000010    1.206422 v filter.x_in[5]_sky130_fd_sc_hd__nand2_2_A_Y_sky130_fd_sc_hd__xor2_2_A_X_sky130_fd_sc_hd__xnor2_2_A_Y_sky130_fd_sc_hd__nand2_2_B/B (sky130_fd_sc_hd__nand2_1)
     3    0.008232    0.083560    0.096065    1.302487 ^ filter.x_in[5]_sky130_fd_sc_hd__nand2_2_A_Y_sky130_fd_sc_hd__xor2_2_A_X_sky130_fd_sc_hd__xnor2_2_A_Y_sky130_fd_sc_hd__nand2_2_B/Y (sky130_fd_sc_hd__nand2_1)
                                                         filter.y_out[5]_sky130_fd_sc_hd__dfrtp_2_Q_D_sky130_fd_sc_hd__xor2_2_X_B_sky130_fd_sc_hd__nand2_2_Y_A_sky130_fd_sc_hd__or2_2_X_A (net)
                      0.083560    0.000004    1.302492 ^ filter.y_out[5]_sky130_fd_sc_hd__dfrtp_2_Q_D_sky130_fd_sc_hd__xor2_2_X_A_sky130_fd_sc_hd__nor2_2_Y_A_sky130_fd_sc_hd__nor3b_2_Y_B_sky130_fd_sc_hd__nand2_2_Y/A (sky130_fd_sc_hd__nand2_1)
     3    0.011874    0.090135    0.104147    1.406639 v filter.y_out[5]_sky130_fd_sc_hd__dfrtp_2_Q_D_sky130_fd_sc_hd__xor2_2_X_A_sky130_fd_sc_hd__nor2_2_Y_A_sky130_fd_sc_hd__nor3b_2_Y_B_sky130_fd_sc_hd__nand2_2_Y/Y (sky130_fd_sc_hd__nand2_1)
                                                         filter.y_out[5]_sky130_fd_sc_hd__dfrtp_2_Q_D_sky130_fd_sc_hd__xor2_2_X_A_sky130_fd_sc_hd__nor2_2_Y_A_sky130_fd_sc_hd__nor3b_2_Y_B (net)
                      0.090136    0.000181    1.406821 v filter.y_out[4]_sky130_fd_sc_hd__dfrtp_2_Q_D_sky130_fd_sc_hd__xnor2_2_Y_A_sky130_fd_sc_hd__and2b_2_X_B_sky130_fd_sc_hd__nand2_2_Y/B (sky130_fd_sc_hd__nand2_1)
     2    0.004980    0.058607    0.095072    1.501893 ^ filter.y_out[4]_sky130_fd_sc_hd__dfrtp_2_Q_D_sky130_fd_sc_hd__xnor2_2_Y_A_sky130_fd_sc_hd__and2b_2_X_B_sky130_fd_sc_hd__nand2_2_Y/Y (sky130_fd_sc_hd__nand2_1)
                                                         filter.y_out[4]_sky130_fd_sc_hd__dfrtp_2_Q_D_sky130_fd_sc_hd__xnor2_2_Y_A_sky130_fd_sc_hd__and2b_2_X_B (net)
                      0.058607    0.000013    1.501906 ^ filter.y_out[4]_sky130_fd_sc_hd__dfrtp_2_Q_D_sky130_fd_sc_hd__xnor2_2_Y_A_sky130_fd_sc_hd__and2b_2_X/B (sky130_fd_sc_hd__and2b_1)
     1    0.005149    0.062265    0.132375    1.634281 ^ filter.y_out[4]_sky130_fd_sc_hd__dfrtp_2_Q_D_sky130_fd_sc_hd__xnor2_2_Y_A_sky130_fd_sc_hd__and2b_2_X/X (sky130_fd_sc_hd__and2b_1)
                                                         filter.y_out[4]_sky130_fd_sc_hd__dfrtp_2_Q_D_sky130_fd_sc_hd__xnor2_2_Y_A (net)
                      0.062265    0.000015    1.634296 ^ filter.y_out[4]_sky130_fd_sc_hd__dfrtp_2_Q_D_sky130_fd_sc_hd__xnor2_2_Y/A (sky130_fd_sc_hd__xnor2_1)
     1    0.002676    0.036212    0.067497    1.701794 v filter.y_out[4]_sky130_fd_sc_hd__dfrtp_2_Q_D_sky130_fd_sc_hd__xnor2_2_Y/Y (sky130_fd_sc_hd__xnor2_1)
                                                         filter.y_out[4]_sky130_fd_sc_hd__dfrtp_2_Q_D (net)
                      0.036212    0.000011    1.701805 v filter.y_out[4]_sky130_fd_sc_hd__dfrtp_2_Q/D (sky130_fd_sc_hd__dfrtp_1)
                                              1.701805   data arrival time

                                  0.000000    0.000000   clock clk (rise edge)
                                  0.000000    0.000000   clock source latency
     1    0.028310    0.132872    0.092458    0.092458 ^ clk (in)
                                                         clk (net)
                      0.132912    0.000000    0.092458 ^ clkbuf_0_clk/A (sky130_fd_sc_hd__clkbuf_16)
     8    0.108967    0.123112    0.223171    0.315629 ^ clkbuf_0_clk/X (sky130_fd_sc_hd__clkbuf_16)
                                                         clknet_0_clk (net)
                      0.123134    0.001345    0.316975 ^ clkbuf_3_7__f_clk/A (sky130_fd_sc_hd__clkbuf_16)
     9    0.038153    0.058206    0.169121    0.486096 ^ clkbuf_3_7__f_clk/X (sky130_fd_sc_hd__clkbuf_16)
                                                         clknet_3_7__leaf_clk (net)
                      0.058206    0.000042    0.486138 ^ filter.y_out[4]_sky130_fd_sc_hd__dfrtp_2_Q/CLK (sky130_fd_sc_hd__dfrtp_1)
                                  0.250000    0.736138   clock uncertainty
                                  0.000000    0.736138   clock reconvergence pessimism
                                 -0.039186    0.696952   library hold time
                                              0.696952   data required time
---------------------------------------------------------------------------------------------
                                              0.696952   data required time
                                             -1.701805   data arrival time
---------------------------------------------------------------------------------------------
                                              1.004853   slack (MET)


Startpoint: filter.x_in[0]_sky130_fd_sc_hd__dfrtp_2_Q
            (rising edge-triggered flip-flop clocked by clk)
Endpoint: filter.y_out[0]_sky130_fd_sc_hd__dfrtp_2_Q
          (rising edge-triggered flip-flop clocked by clk)
Path Group: clk
Path Type: min

Fanout         Cap        Slew       Delay        Time   Description
---------------------------------------------------------------------------------------------
                                  0.000000    0.000000   clock clk (rise edge)
                                  0.000000    0.000000   clock source latency
     1    0.028310    0.132872    0.092458    0.092458 ^ clk (in)
                                                         clk (net)
                      0.132912    0.000000    0.092458 ^ clkbuf_0_clk/A (sky130_fd_sc_hd__clkbuf_16)
     8    0.108967    0.123112    0.223171    0.315629 ^ clkbuf_0_clk/X (sky130_fd_sc_hd__clkbuf_16)
                                                         clknet_0_clk (net)
                      0.123131    0.001246    0.316876 ^ clkbuf_3_6__f_clk/A (sky130_fd_sc_hd__clkbuf_16)
     9    0.045466    0.064752    0.174611    0.491487 ^ clkbuf_3_6__f_clk/X (sky130_fd_sc_hd__clkbuf_16)
                                                         clknet_3_6__leaf_clk (net)
                      0.064754    0.000442    0.491929 ^ filter.x_in[0]_sky130_fd_sc_hd__dfrtp_2_Q/CLK (sky130_fd_sc_hd__dfrtp_1)
     3    0.011273    0.110674    0.378283    0.870212 ^ filter.x_in[0]_sky130_fd_sc_hd__dfrtp_2_Q/Q (sky130_fd_sc_hd__dfrtp_1)
                                                         filter.x_in[0] (net)
                      0.110674    0.000074    0.870285 ^ filter.x_in[0]_sky130_fd_sc_hd__xnor2_2_A/A (sky130_fd_sc_hd__xnor2_1)
     2    0.007079    0.092389    0.156665    1.026950 ^ filter.x_in[0]_sky130_fd_sc_hd__xnor2_2_A/Y (sky130_fd_sc_hd__xnor2_1)
                                                         filter.x_in[0]_sky130_fd_sc_hd__xnor2_2_A_Y (net)
                      0.092389    0.000110    1.027060 ^ filter.x_in[0]_sky130_fd_sc_hd__xnor2_2_A_Y_sky130_fd_sc_hd__nor2_2_B/B (sky130_fd_sc_hd__nor2_1)
     4    0.013001    0.066733    0.086916    1.113976 v filter.x_in[0]_sky130_fd_sc_hd__xnor2_2_A_Y_sky130_fd_sc_hd__nor2_2_B/Y (sky130_fd_sc_hd__nor2_1)
                                                         filter.x_in[0]_sky130_fd_sc_hd__xnor2_2_A_Y_sky130_fd_sc_hd__nor2_2_B_Y (net)
                      0.066733    0.000054    1.114030 v filter.y_out[0]_sky130_fd_sc_hd__dfrtp_2_Q_D_sky130_fd_sc_hd__xor2_2_X_A_sky130_fd_sc_hd__and3b_2_X_A_N_sky130_fd_sc_hd__xnor2_2_Y_B_sky130_fd_sc_hd__xnor2_2_Y/A (sky130_fd_sc_hd__xnor2_1)
     2    0.007514    0.067388    0.155748    1.269779 v filter.y_out[0]_sky130_fd_sc_hd__dfrtp_2_Q_D_sky130_fd_sc_hd__xor2_2_X_A_sky130_fd_sc_hd__and3b_2_X_A_N_sky130_fd_sc_hd__xnor2_2_Y_B_sky130_fd_sc_hd__xnor2_2_Y/Y (sky130_fd_sc_hd__xnor2_1)
                                                         filter.y_out[0]_sky130_fd_sc_hd__dfrtp_2_Q_D_sky130_fd_sc_hd__xor2_2_X_A_sky130_fd_sc_hd__and3b_2_X_A_N_sky130_fd_sc_hd__xnor2_2_Y_B (net)
                      0.067388    0.000051    1.269830 v filter.y_out[0]_sky130_fd_sc_hd__dfrtp_2_Q_D_sky130_fd_sc_hd__xor2_2_X_A_sky130_fd_sc_hd__and3b_2_X_A_N_sky130_fd_sc_hd__xnor2_2_Y/B (sky130_fd_sc_hd__xnor2_1)
     3    0.006121    0.060141    0.145857    1.415686 v filter.y_out[0]_sky130_fd_sc_hd__dfrtp_2_Q_D_sky130_fd_sc_hd__xor2_2_X_A_sky130_fd_sc_hd__and3b_2_X_A_N_sky130_fd_sc_hd__xnor2_2_Y/Y (sky130_fd_sc_hd__xnor2_1)
                                                         filter.y_out[0]_sky130_fd_sc_hd__dfrtp_2_Q_D_sky130_fd_sc_hd__xor2_2_X_A_sky130_fd_sc_hd__and3b_2_X_A_N (net)
                      0.060141    0.000006    1.415693 v filter.y_out[0]_sky130_fd_sc_hd__dfrtp_2_Q_D_sky130_fd_sc_hd__xor2_2_X_A_sky130_fd_sc_hd__and3b_2_X/A_N (sky130_fd_sc_hd__and3b_1)
     2    0.008216    0.096211    0.246362    1.662055 ^ filter.y_out[0]_sky130_fd_sc_hd__dfrtp_2_Q_D_sky130_fd_sc_hd__xor2_2_X_A_sky130_fd_sc_hd__and3b_2_X/X (sky130_fd_sc_hd__and3b_1)
                                                         filter.y_out[0]_sky130_fd_sc_hd__dfrtp_2_Q_D_sky130_fd_sc_hd__xor2_2_X_A (net)
                      0.096211    0.000085    1.662140 ^ filter.y_out[0]_sky130_fd_sc_hd__dfrtp_2_Q_D_sky130_fd_sc_hd__xor2_2_X/A (sky130_fd_sc_hd__xor2_1)
     1    0.002849    0.036432    0.073172    1.735313 v filter.y_out[0]_sky130_fd_sc_hd__dfrtp_2_Q_D_sky130_fd_sc_hd__xor2_2_X/X (sky130_fd_sc_hd__xor2_1)
                                                         filter.y_out[0]_sky130_fd_sc_hd__dfrtp_2_Q_D (net)
                      0.036432    0.000015    1.735327 v filter.y_out[0]_sky130_fd_sc_hd__dfrtp_2_Q/D (sky130_fd_sc_hd__dfrtp_4)
                                              1.735327   data arrival time

                                  0.000000    0.000000   clock clk (rise edge)
                                  0.000000    0.000000   clock source latency
     1    0.028310    0.132872    0.092458    0.092458 ^ clk (in)
                                                         clk (net)
                      0.132912    0.000000    0.092458 ^ clkbuf_0_clk/A (sky130_fd_sc_hd__clkbuf_16)
     8    0.108967    0.123112    0.223171    0.315629 ^ clkbuf_0_clk/X (sky130_fd_sc_hd__clkbuf_16)
                                                         clknet_0_clk (net)
                      0.123131    0.001246    0.316876 ^ clkbuf_3_6__f_clk/A (sky130_fd_sc_hd__clkbuf_16)
     9    0.045466    0.064752    0.174611    0.491487 ^ clkbuf_3_6__f_clk/X (sky130_fd_sc_hd__clkbuf_16)
                                                         clknet_3_6__leaf_clk (net)
                      0.064754    0.000459    0.491946 ^ filter.y_out[0]_sky130_fd_sc_hd__dfrtp_2_Q/CLK (sky130_fd_sc_hd__dfrtp_4)
                                  0.250000    0.741946   clock uncertainty
                                  0.000000    0.741946   clock reconvergence pessimism
                                 -0.034062    0.707885   library hold time
                                              0.707885   data required time
---------------------------------------------------------------------------------------------
                                              0.707885   data required time
                                             -1.735327   data arrival time
---------------------------------------------------------------------------------------------
                                              1.027442   slack (MET)


Startpoint: filter.x_in[0]_sky130_fd_sc_hd__dfrtp_2_Q
            (rising edge-triggered flip-flop clocked by clk)
Endpoint: filter.y_out[1]_sky130_fd_sc_hd__dfrtp_2_Q
          (rising edge-triggered flip-flop clocked by clk)
Path Group: clk
Path Type: min

Fanout         Cap        Slew       Delay        Time   Description
---------------------------------------------------------------------------------------------
                                  0.000000    0.000000   clock clk (rise edge)
                                  0.000000    0.000000   clock source latency
     1    0.028310    0.132872    0.092458    0.092458 ^ clk (in)
                                                         clk (net)
                      0.132912    0.000000    0.092458 ^ clkbuf_0_clk/A (sky130_fd_sc_hd__clkbuf_16)
     8    0.108967    0.123112    0.223171    0.315629 ^ clkbuf_0_clk/X (sky130_fd_sc_hd__clkbuf_16)
                                                         clknet_0_clk (net)
                      0.123131    0.001246    0.316876 ^ clkbuf_3_6__f_clk/A (sky130_fd_sc_hd__clkbuf_16)
     9    0.045466    0.064752    0.174611    0.491487 ^ clkbuf_3_6__f_clk/X (sky130_fd_sc_hd__clkbuf_16)
                                                         clknet_3_6__leaf_clk (net)
                      0.064754    0.000442    0.491929 ^ filter.x_in[0]_sky130_fd_sc_hd__dfrtp_2_Q/CLK (sky130_fd_sc_hd__dfrtp_1)
     3    0.011273    0.110674    0.378283    0.870212 ^ filter.x_in[0]_sky130_fd_sc_hd__dfrtp_2_Q/Q (sky130_fd_sc_hd__dfrtp_1)
                                                         filter.x_in[0] (net)
                      0.110674    0.000074    0.870285 ^ filter.x_in[0]_sky130_fd_sc_hd__xnor2_2_A/A (sky130_fd_sc_hd__xnor2_1)
     2    0.007079    0.092389    0.156665    1.026950 ^ filter.x_in[0]_sky130_fd_sc_hd__xnor2_2_A/Y (sky130_fd_sc_hd__xnor2_1)
                                                         filter.x_in[0]_sky130_fd_sc_hd__xnor2_2_A_Y (net)
                      0.092389    0.000110    1.027060 ^ filter.x_in[0]_sky130_fd_sc_hd__xnor2_2_A_Y_sky130_fd_sc_hd__nor2_2_B/B (sky130_fd_sc_hd__nor2_1)
     4    0.013001    0.066733    0.086916    1.113976 v filter.x_in[0]_sky130_fd_sc_hd__xnor2_2_A_Y_sky130_fd_sc_hd__nor2_2_B/Y (sky130_fd_sc_hd__nor2_1)
                                                         filter.x_in[0]_sky130_fd_sc_hd__xnor2_2_A_Y_sky130_fd_sc_hd__nor2_2_B_Y (net)
                      0.066733    0.000059    1.114035 v filter.x_in[0]_sky130_fd_sc_hd__xnor2_2_A_Y_sky130_fd_sc_hd__and2_2_B_X_sky130_fd_sc_hd__o32a_2_A3_X_sky130_fd_sc_hd__xnor2_2_A_Y_sky130_fd_sc_hd__nand2_2_B/A (sky130_fd_sc_hd__nand2_1)
     2    0.011497    0.112178    0.117570    1.231604 ^ filter.x_in[0]_sky130_fd_sc_hd__xnor2_2_A_Y_sky130_fd_sc_hd__and2_2_B_X_sky130_fd_sc_hd__o32a_2_A3_X_sky130_fd_sc_hd__xnor2_2_A_Y_sky130_fd_sc_hd__nand2_2_B/Y (sky130_fd_sc_hd__nand2_1)
                                                         filter.y_out[0]_sky130_fd_sc_hd__dfrtp_2_Q_D_sky130_fd_sc_hd__xor2_2_X_B_sky130_fd_sc_hd__xnor2_2_Y_A_sky130_fd_sc_hd__or2_2_X_B_sky130_fd_sc_hd__and3_2_X_B (net)
                      0.112179    0.000293    1.231897 ^ filter.x_in[0]_sky130_fd_sc_hd__xnor2_2_A_Y_sky130_fd_sc_hd__and2_2_B_X_sky130_fd_sc_hd__o32a_2_A3_X_sky130_fd_sc_hd__nand2b_2_A_N_Y_sky130_fd_sc_hd__a21oi_2_A1/A2 (sky130_fd_sc_hd__a21oi_2)
     4    0.012237    0.046093    0.091419    1.323317 v filter.x_in[0]_sky130_fd_sc_hd__xnor2_2_A_Y_sky130_fd_sc_hd__and2_2_B_X_sky130_fd_sc_hd__o32a_2_A3_X_sky130_fd_sc_hd__nand2b_2_A_N_Y_sky130_fd_sc_hd__a21oi_2_A1/Y (sky130_fd_sc_hd__a21oi_2)
                                                         filter.x_in[0]_sky130_fd_sc_hd__xnor2_2_A_Y_sky130_fd_sc_hd__and2_2_B_X_sky130_fd_sc_hd__o32a_2_A3_X_sky130_fd_sc_hd__nand2b_2_A_N_Y_sky130_fd_sc_hd__a21oi_2_A1_Y (net)
                      0.046093    0.000076    1.323393 v filter.y_out[1]_sky130_fd_sc_hd__dfrtp_2_Q_D_sky130_fd_sc_hd__xor2_2_X_B_sky130_fd_sc_hd__xnor2_2_Y_B_sky130_fd_sc_hd__xnor2_2_Y/A (sky130_fd_sc_hd__xnor2_1)
     1    0.009039    0.077789    0.154551    1.477944 v filter.y_out[1]_sky130_fd_sc_hd__dfrtp_2_Q_D_sky130_fd_sc_hd__xor2_2_X_B_sky130_fd_sc_hd__xnor2_2_Y_B_sky130_fd_sc_hd__xnor2_2_Y/Y (sky130_fd_sc_hd__xnor2_1)
                                                         filter.y_out[1]_sky130_fd_sc_hd__dfrtp_2_Q_D_sky130_fd_sc_hd__xor2_2_X_B_sky130_fd_sc_hd__xnor2_2_Y_B (net)
                      0.077789    0.000039    1.477983 v filter.y_out[1]_sky130_fd_sc_hd__dfrtp_2_Q_D_sky130_fd_sc_hd__xor2_2_X_B_sky130_fd_sc_hd__xnor2_2_Y/B (sky130_fd_sc_hd__xnor2_2)
     3    0.011955    0.074859    0.197645    1.675628 ^ filter.y_out[1]_sky130_fd_sc_hd__dfrtp_2_Q_D_sky130_fd_sc_hd__xor2_2_X_B_sky130_fd_sc_hd__xnor2_2_Y/Y (sky130_fd_sc_hd__xnor2_2)
                                                         filter.y_out[1]_sky130_fd_sc_hd__dfrtp_2_Q_D_sky130_fd_sc_hd__xor2_2_X_B (net)
                      0.074859    0.000109    1.675737 ^ filter.y_out[1]_sky130_fd_sc_hd__dfrtp_2_Q_D_sky130_fd_sc_hd__xor2_2_X/B (sky130_fd_sc_hd__xor2_1)
     1    0.002869    0.036521    0.064367    1.740104 v filter.y_out[1]_sky130_fd_sc_hd__dfrtp_2_Q_D_sky130_fd_sc_hd__xor2_2_X/X (sky130_fd_sc_hd__xor2_1)
                                                         filter.y_out[1]_sky130_fd_sc_hd__dfrtp_2_Q_D (net)
                      0.036521    0.000015    1.740119 v filter.y_out[1]_sky130_fd_sc_hd__dfrtp_2_Q/D (sky130_fd_sc_hd__dfrtp_4)
                                              1.740119   data arrival time

                                  0.000000    0.000000   clock clk (rise edge)
                                  0.000000    0.000000   clock source latency
     1    0.028310    0.132872    0.092458    0.092458 ^ clk (in)
                                                         clk (net)
                      0.132912    0.000000    0.092458 ^ clkbuf_0_clk/A (sky130_fd_sc_hd__clkbuf_16)
     8    0.108967    0.123112    0.223171    0.315629 ^ clkbuf_0_clk/X (sky130_fd_sc_hd__clkbuf_16)
                                                         clknet_0_clk (net)
                      0.123134    0.001345    0.316975 ^ clkbuf_3_7__f_clk/A (sky130_fd_sc_hd__clkbuf_16)
     9    0.038153    0.058206    0.169121    0.486096 ^ clkbuf_3_7__f_clk/X (sky130_fd_sc_hd__clkbuf_16)
                                                         clknet_3_7__leaf_clk (net)
                      0.058218    0.000697    0.486792 ^ filter.y_out[1]_sky130_fd_sc_hd__dfrtp_2_Q/CLK (sky130_fd_sc_hd__dfrtp_4)
                                  0.250000    0.736792   clock uncertainty
                                  0.000000    0.736792   clock reconvergence pessimism
                                 -0.035587    0.701205   library hold time
                                              0.701205   data required time
---------------------------------------------------------------------------------------------
                                              0.701205   data required time
                                             -1.740119   data arrival time
---------------------------------------------------------------------------------------------
                                              1.038914   slack (MET)


Startpoint: filter.y_out[15]_sky130_fd_sc_hd__dfrtp_2_Q
            (rising edge-triggered flip-flop clocked by clk)
Endpoint: filter.y_out[3]_sky130_fd_sc_hd__dfrtp_2_Q
          (rising edge-triggered flip-flop clocked by clk)
Path Group: clk
Path Type: min

Fanout         Cap        Slew       Delay        Time   Description
---------------------------------------------------------------------------------------------
                                  0.000000    0.000000   clock clk (rise edge)
                                  0.000000    0.000000   clock source latency
     1    0.028310    0.132872    0.092458    0.092458 ^ clk (in)
                                                         clk (net)
                      0.132912    0.000000    0.092458 ^ clkbuf_0_clk/A (sky130_fd_sc_hd__clkbuf_16)
     8    0.108967    0.123112    0.223171    0.315629 ^ clkbuf_0_clk/X (sky130_fd_sc_hd__clkbuf_16)
                                                         clknet_0_clk (net)
                      0.123417    0.004875    0.320504 ^ clkbuf_3_2__f_clk/A (sky130_fd_sc_hd__clkbuf_16)
     9    0.042714    0.062286    0.172659    0.493163 ^ clkbuf_3_2__f_clk/X (sky130_fd_sc_hd__clkbuf_16)
                                                         clknet_3_2__leaf_clk (net)
                      0.062286    0.000218    0.493381 ^ filter.y_out[15]_sky130_fd_sc_hd__dfrtp_2_Q/CLK (sky130_fd_sc_hd__dfrtp_4)
     8    0.062104    0.192167    0.530957    1.024338 ^ filter.y_out[15]_sky130_fd_sc_hd__dfrtp_2_Q/Q (sky130_fd_sc_hd__dfrtp_4)
                                                         filter.y_out[15] (net)
                      0.192363    0.005564    1.029902 ^ filter.x_in[0]_sky130_fd_sc_hd__o21ai_2_A1_Y_sky130_fd_sc_hd__and2b_2_A_N_X_sky130_fd_sc_hd__o21ai_2_A2/B1 (sky130_fd_sc_hd__o21ai_2)
     3    0.014044    0.064133    0.117250    1.147152 v filter.x_in[0]_sky130_fd_sc_hd__o21ai_2_A1_Y_sky130_fd_sc_hd__and2b_2_A_N_X_sky130_fd_sc_hd__o21ai_2_A2/Y (sky130_fd_sc_hd__o21ai_2)
                                                         filter.x_in[0]_sky130_fd_sc_hd__o21ai_2_A1_Y_sky130_fd_sc_hd__and2b_2_A_N_X_sky130_fd_sc_hd__o21ai_2_A2_Y (net)
                      0.064133    0.000262    1.147413 v filter.x_in[0]_sky130_fd_sc_hd__o21ai_2_A1_Y_sky130_fd_sc_hd__and2b_2_A_N_X_sky130_fd_sc_hd__o21ai_2_A2_Y_sky130_fd_sc_hd__inv_2_A/A (sky130_fd_sc_hd__inv_2)
     1    0.003227    0.027591    0.048847    1.196261 ^ filter.x_in[0]_sky130_fd_sc_hd__o21ai_2_A1_Y_sky130_fd_sc_hd__and2b_2_A_N_X_sky130_fd_sc_hd__o21ai_2_A2_Y_sky130_fd_sc_hd__inv_2_A/Y (sky130_fd_sc_hd__inv_2)
                                                         filter.x_in[0]_sky130_fd_sc_hd__o21ai_2_A1_Y_sky130_fd_sc_hd__and2b_2_A_N_X_sky130_fd_sc_hd__o21ai_2_A2_Y_sky130_fd_sc_hd__inv_2_A_Y (net)
                      0.027591    0.000012    1.196273 ^ filter.y_out[2]_sky130_fd_sc_hd__dfrtp_2_Q_D_sky130_fd_sc_hd__xor2_2_X_A_sky130_fd_sc_hd__xor2_2_X_B_sky130_fd_sc_hd__xnor2_2_Y_A_sky130_fd_sc_hd__a21o_2_X/A1 (sky130_fd_sc_hd__a21o_1)
     3    0.011413    0.104623    0.145691    1.341964 ^ filter.y_out[2]_sky130_fd_sc_hd__dfrtp_2_Q_D_sky130_fd_sc_hd__xor2_2_X_A_sky130_fd_sc_hd__xor2_2_X_B_sky130_fd_sc_hd__xnor2_2_Y_A_sky130_fd_sc_hd__a21o_2_X/X (sky130_fd_sc_hd__a21o_1)
                                                         filter.y_out[2]_sky130_fd_sc_hd__dfrtp_2_Q_D_sky130_fd_sc_hd__xor2_2_X_A_sky130_fd_sc_hd__xor2_2_X_B_sky130_fd_sc_hd__xnor2_2_Y_A (net)
                      0.104623    0.000098    1.342062 ^ filter.y_out[3]_sky130_fd_sc_hd__dfrtp_2_Q_D_sky130_fd_sc_hd__nor2_2_Y_B_sky130_fd_sc_hd__and2b_2_X_B_sky130_fd_sc_hd__xor2_2_X_B_sky130_fd_sc_hd__a21boi_2_Y/A1 (sky130_fd_sc_hd__a21boi_1)
     1    0.004706    0.045462    0.082243    1.424305 v filter.y_out[3]_sky130_fd_sc_hd__dfrtp_2_Q_D_sky130_fd_sc_hd__nor2_2_Y_B_sky130_fd_sc_hd__and2b_2_X_B_sky130_fd_sc_hd__xor2_2_X_B_sky130_fd_sc_hd__a21boi_2_Y/Y (sky130_fd_sc_hd__a21boi_1)
                                                         filter.y_out[3]_sky130_fd_sc_hd__dfrtp_2_Q_D_sky130_fd_sc_hd__nor2_2_Y_B_sky130_fd_sc_hd__and2b_2_X_B_sky130_fd_sc_hd__xor2_2_X_B (net)
                      0.045462    0.000013    1.424318 v filter.y_out[3]_sky130_fd_sc_hd__dfrtp_2_Q_D_sky130_fd_sc_hd__nor2_2_Y_B_sky130_fd_sc_hd__and2b_2_X_B_sky130_fd_sc_hd__xor2_2_X/B (sky130_fd_sc_hd__xor2_1)
     3    0.008031    0.196549    0.195036    1.619354 ^ filter.y_out[3]_sky130_fd_sc_hd__dfrtp_2_Q_D_sky130_fd_sc_hd__nor2_2_Y_B_sky130_fd_sc_hd__and2b_2_X_B_sky130_fd_sc_hd__xor2_2_X/X (sky130_fd_sc_hd__xor2_1)
                                                         filter.y_out[3]_sky130_fd_sc_hd__dfrtp_2_Q_D_sky130_fd_sc_hd__nor2_2_Y_B_sky130_fd_sc_hd__and2b_2_X_B (net)
                      0.196549    0.000036    1.619389 ^ filter.y_out[3]_sky130_fd_sc_hd__dfrtp_2_Q_D_sky130_fd_sc_hd__nor2_2_Y_B_sky130_fd_sc_hd__and2b_2_X/B (sky130_fd_sc_hd__and2b_1)
     1    0.002769    0.042835    0.148065    1.767455 ^ filter.y_out[3]_sky130_fd_sc_hd__dfrtp_2_Q_D_sky130_fd_sc_hd__nor2_2_Y_B_sky130_fd_sc_hd__and2b_2_X/X (sky130_fd_sc_hd__and2b_1)
                                                         filter.y_out[3]_sky130_fd_sc_hd__dfrtp_2_Q_D_sky130_fd_sc_hd__nor2_2_Y_B (net)
                      0.042835    0.000004    1.767459 ^ filter.y_out[3]_sky130_fd_sc_hd__dfrtp_2_Q_D_sky130_fd_sc_hd__nor2_2_Y/B (sky130_fd_sc_hd__nor2_1)
     1    0.002980    0.021476    0.035850    1.803310 v filter.y_out[3]_sky130_fd_sc_hd__dfrtp_2_Q_D_sky130_fd_sc_hd__nor2_2_Y/Y (sky130_fd_sc_hd__nor2_1)
                                                         filter.y_out[3]_sky130_fd_sc_hd__dfrtp_2_Q_D (net)
                      0.021476    0.000016    1.803326 v filter.y_out[3]_sky130_fd_sc_hd__dfrtp_2_Q/D (sky130_fd_sc_hd__dfrtp_4)
                                              1.803326   data arrival time

                                  0.000000    0.000000   clock clk (rise edge)
                                  0.000000    0.000000   clock source latency
     1    0.028310    0.132872    0.092458    0.092458 ^ clk (in)
                                                         clk (net)
                      0.132912    0.000000    0.092458 ^ clkbuf_0_clk/A (sky130_fd_sc_hd__clkbuf_16)
     8    0.108967    0.123112    0.223171    0.315629 ^ clkbuf_0_clk/X (sky130_fd_sc_hd__clkbuf_16)
                                                         clknet_0_clk (net)
                      0.123134    0.001345    0.316975 ^ clkbuf_3_7__f_clk/A (sky130_fd_sc_hd__clkbuf_16)
     9    0.038153    0.058206    0.169121    0.486096 ^ clkbuf_3_7__f_clk/X (sky130_fd_sc_hd__clkbuf_16)
                                                         clknet_3_7__leaf_clk (net)
                      0.058210    0.000476    0.486571 ^ filter.y_out[3]_sky130_fd_sc_hd__dfrtp_2_Q/CLK (sky130_fd_sc_hd__dfrtp_4)
                                  0.250000    0.736571   clock uncertainty
                                  0.000000    0.736571   clock reconvergence pessimism
                                 -0.029499    0.707073   library hold time
                                              0.707073   data required time
---------------------------------------------------------------------------------------------
                                              0.707073   data required time
                                             -1.803326   data arrival time
---------------------------------------------------------------------------------------------
                                              1.096253   slack (MET)


Startpoint: spi_clk (input port clocked by clk)
Endpoint: spi_in.sclk_prev_sky130_fd_sc_hd__dfrtp_2_Q
          (rising edge-triggered flip-flop clocked by clk)
Path Group: clk
Path Type: min

Fanout         Cap        Slew       Delay        Time   Description
---------------------------------------------------------------------------------------------
                                  0.000000    0.000000   clock clk (rise edge)
                                  0.000000    0.000000   clock network delay (propagated)
                                  6.000000    6.000000 v input external delay
     1    0.002571    0.008103    0.004026    6.004026 v spi_clk (in)
                                                         spi_clk (net)
                      0.008103    0.000000    6.004026 v input2/A (sky130_fd_sc_hd__clkbuf_1)
     3    0.006439    0.046556    0.089085    6.093111 v input2/X (sky130_fd_sc_hd__clkbuf_1)
                                                         net2 (net)
                      0.046556    0.000007    6.093118 v spi_in.sclk_prev_sky130_fd_sc_hd__dfrtp_2_Q/D (sky130_fd_sc_hd__dfrtp_1)
                                              6.093118   data arrival time

                                  0.000000    0.000000   clock clk (rise edge)
                                  0.000000    0.000000   clock source latency
     1    0.028310    0.132872    0.092458    0.092458 ^ clk (in)
                                                         clk (net)
                      0.132912    0.000000    0.092458 ^ clkbuf_0_clk/A (sky130_fd_sc_hd__clkbuf_16)
     8    0.108967    0.123112    0.223171    0.315629 ^ clkbuf_0_clk/X (sky130_fd_sc_hd__clkbuf_16)
                                                         clknet_0_clk (net)
                      0.123270    0.003535    0.319164 ^ clkbuf_3_4__f_clk/A (sky130_fd_sc_hd__clkbuf_16)
    13    0.042847    0.062408    0.172734    0.491898 ^ clkbuf_3_4__f_clk/X (sky130_fd_sc_hd__clkbuf_16)
                                                         clknet_3_4__leaf_clk (net)
                      0.062409    0.000285    0.492184 ^ spi_in.sclk_prev_sky130_fd_sc_hd__dfrtp_2_Q/CLK (sky130_fd_sc_hd__dfrtp_1)
                                  0.250000    0.742184   clock uncertainty
                                  0.000000    0.742184   clock reconvergence pessimism
                                 -0.042438    0.699746   library hold time
                                              0.699746   data required time
---------------------------------------------------------------------------------------------
                                              0.699746   data required time
                                             -6.093118   data arrival time
---------------------------------------------------------------------------------------------
                                              5.393372   slack (MET)


Startpoint: reset (input port clocked by clk)
Endpoint: filter.y_out[5]_sky130_fd_sc_hd__dfrtp_2_Q
          (removal check against rising-edge clock clk)
Path Group: asynchronous
Path Type: min

Fanout         Cap        Slew       Delay        Time   Description
---------------------------------------------------------------------------------------------
                                  0.000000    0.000000   clock clk (rise edge)
                                  0.000000    0.000000   clock network delay (propagated)
                                  6.000000    6.000000 v input external delay
     1    0.002519    0.007983    0.003938    6.003938 v reset (in)
                                                         reset (net)
                      0.007983    0.000000    6.003938 v input1/A (sky130_fd_sc_hd__clkbuf_1)
     1    0.002900    0.026986    0.072522    6.076460 v input1/X (sky130_fd_sc_hd__clkbuf_1)
                                                         net1 (net)
                      0.026986    0.000010    6.076470 v fanout35/A (sky130_fd_sc_hd__clkbuf_4)
     5    0.041249    0.092196    0.185337    6.261807 v fanout35/X (sky130_fd_sc_hd__clkbuf_4)
                                                         net35 (net)
                      0.092210    0.001162    6.262969 v fanout34/A (sky130_fd_sc_hd__clkbuf_4)
     5    0.034394    0.079631    0.204202    6.467172 v fanout34/X (sky130_fd_sc_hd__clkbuf_4)
                                                         net34 (net)
                      0.079631    0.000109    6.467281 v filter.y_out[5]_sky130_fd_sc_hd__dfrtp_2_Q_RESET_B_sky130_fd_sc_hd__inv_2_Y/A (sky130_fd_sc_hd__inv_2)
     1    0.003912    0.034158    0.057118    6.524399 ^ filter.y_out[5]_sky130_fd_sc_hd__dfrtp_2_Q_RESET_B_sky130_fd_sc_hd__inv_2_Y/Y (sky130_fd_sc_hd__inv_2)
                                                         filter.y_out[5]_sky130_fd_sc_hd__dfrtp_2_Q_RESET_B (net)
                      0.034158    0.000007    6.524405 ^ filter.y_out[5]_sky130_fd_sc_hd__dfrtp_2_Q/RESET_B (sky130_fd_sc_hd__dfrtp_4)
                                              6.524405   data arrival time

                                  0.000000    0.000000   clock clk (rise edge)
                                  0.000000    0.000000   clock source latency
     1    0.028310    0.132872    0.092458    0.092458 ^ clk (in)
                                                         clk (net)
                      0.132912    0.000000    0.092458 ^ clkbuf_0_clk/A (sky130_fd_sc_hd__clkbuf_16)
     8    0.108967    0.123112    0.223171    0.315629 ^ clkbuf_0_clk/X (sky130_fd_sc_hd__clkbuf_16)
                                                         clknet_0_clk (net)
                      0.123131    0.001246    0.316876 ^ clkbuf_3_6__f_clk/A (sky130_fd_sc_hd__clkbuf_16)
     9    0.045466    0.064752    0.174611    0.491487 ^ clkbuf_3_6__f_clk/X (sky130_fd_sc_hd__clkbuf_16)
                                                         clknet_3_6__leaf_clk (net)
                      0.064752    0.000190    0.491677 ^ filter.y_out[5]_sky130_fd_sc_hd__dfrtp_2_Q/CLK (sky130_fd_sc_hd__dfrtp_4)
                                  0.250000    0.741677   clock uncertainty
                                  0.000000    0.741677   clock reconvergence pessimism
                                  0.322781    1.064458   library removal time
                                              1.064458   data required time
---------------------------------------------------------------------------------------------
                                              1.064458   data required time
                                             -6.524405   data arrival time
---------------------------------------------------------------------------------------------
                                              5.459948   slack (MET)


Startpoint: reset (input port clocked by clk)
Endpoint: filter.y_out[7]_sky130_fd_sc_hd__dfrtp_2_Q
          (removal check against rising-edge clock clk)
Path Group: asynchronous
Path Type: min

Fanout         Cap        Slew       Delay        Time   Description
---------------------------------------------------------------------------------------------
                                  0.000000    0.000000   clock clk (rise edge)
                                  0.000000    0.000000   clock network delay (propagated)
                                  6.000000    6.000000 v input external delay
     1    0.002519    0.007983    0.003938    6.003938 v reset (in)
                                                         reset (net)
                      0.007983    0.000000    6.003938 v input1/A (sky130_fd_sc_hd__clkbuf_1)
     1    0.002900    0.026986    0.072522    6.076460 v input1/X (sky130_fd_sc_hd__clkbuf_1)
                                                         net1 (net)
                      0.026986    0.000010    6.076470 v fanout35/A (sky130_fd_sc_hd__clkbuf_4)
     5    0.041249    0.092196    0.185337    6.261807 v fanout35/X (sky130_fd_sc_hd__clkbuf_4)
                                                         net35 (net)
                      0.092196    0.000266    6.262073 v fanout30/A (sky130_fd_sc_hd__clkbuf_4)
     5    0.035871    0.082404    0.206164    6.468236 v fanout30/X (sky130_fd_sc_hd__clkbuf_4)
                                                         net30 (net)
                      0.082422    0.001199    6.469435 v filter.y_out[7]_sky130_fd_sc_hd__dfrtp_2_Q_RESET_B_sky130_fd_sc_hd__inv_2_Y/A (sky130_fd_sc_hd__inv_2)
     1    0.003953    0.034905    0.058300    6.527735 ^ filter.y_out[7]_sky130_fd_sc_hd__dfrtp_2_Q_RESET_B_sky130_fd_sc_hd__inv_2_Y/Y (sky130_fd_sc_hd__inv_2)
                                                         filter.y_out[7]_sky130_fd_sc_hd__dfrtp_2_Q_RESET_B (net)
                      0.034905    0.000008    6.527742 ^ filter.y_out[7]_sky130_fd_sc_hd__dfrtp_2_Q/RESET_B (sky130_fd_sc_hd__dfrtp_4)
                                              6.527742   data arrival time

                                  0.000000    0.000000   clock clk (rise edge)
                                  0.000000    0.000000   clock source latency
     1    0.028310    0.132872    0.092458    0.092458 ^ clk (in)
                                                         clk (net)
                      0.132912    0.000000    0.092458 ^ clkbuf_0_clk/A (sky130_fd_sc_hd__clkbuf_16)
     8    0.108967    0.123112    0.223171    0.315629 ^ clkbuf_0_clk/X (sky130_fd_sc_hd__clkbuf_16)
                                                         clknet_0_clk (net)
                      0.123131    0.001246    0.316876 ^ clkbuf_3_6__f_clk/A (sky130_fd_sc_hd__clkbuf_16)
     9    0.045466    0.064752    0.174611    0.491487 ^ clkbuf_3_6__f_clk/X (sky130_fd_sc_hd__clkbuf_16)
                                                         clknet_3_6__leaf_clk (net)
                      0.064755    0.000480    0.491967 ^ filter.y_out[7]_sky130_fd_sc_hd__dfrtp_2_Q/CLK (sky130_fd_sc_hd__dfrtp_4)
                                  0.250000    0.741967   clock uncertainty
                                  0.000000    0.741967   clock reconvergence pessimism
                                  0.322987    1.064954   library removal time
                                              1.064954   data required time
---------------------------------------------------------------------------------------------
                                              1.064954   data required time
                                             -6.527742   data arrival time
---------------------------------------------------------------------------------------------
                                              5.462789   slack (MET)


Startpoint: reset (input port clocked by clk)
Endpoint: spi_out.shift_reg[4]_sky130_fd_sc_hd__dfrtp_2_Q
          (removal check against rising-edge clock clk)
Path Group: asynchronous
Path Type: min

Fanout         Cap        Slew       Delay        Time   Description
---------------------------------------------------------------------------------------------
                                  0.000000    0.000000   clock clk (rise edge)
                                  0.000000    0.000000   clock network delay (propagated)
                                  6.000000    6.000000 v input external delay
     1    0.002519    0.007983    0.003938    6.003938 v reset (in)
                                                         reset (net)
                      0.007983    0.000000    6.003938 v input1/A (sky130_fd_sc_hd__clkbuf_1)
     1    0.002900    0.026986    0.072522    6.076460 v input1/X (sky130_fd_sc_hd__clkbuf_1)
                                                         net1 (net)
                      0.026986    0.000010    6.076470 v fanout35/A (sky130_fd_sc_hd__clkbuf_4)
     5    0.041249    0.092196    0.185337    6.261807 v fanout35/X (sky130_fd_sc_hd__clkbuf_4)
                                                         net35 (net)
                      0.092196    0.000266    6.262073 v fanout30/A (sky130_fd_sc_hd__clkbuf_4)
     5    0.035871    0.082404    0.206164    6.468236 v fanout30/X (sky130_fd_sc_hd__clkbuf_4)
                                                         net30 (net)
                      0.082406    0.000585    6.468822 v spi_out.shift_reg[4]_sky130_fd_sc_hd__dfrtp_2_Q_RESET_B_sky130_fd_sc_hd__inv_2_Y/A (sky130_fd_sc_hd__inv_2)
     1    0.003983    0.035009    0.058435    6.527256 ^ spi_out.shift_reg[4]_sky130_fd_sc_hd__dfrtp_2_Q_RESET_B_sky130_fd_sc_hd__inv_2_Y/Y (sky130_fd_sc_hd__inv_2)
                                                         spi_out.shift_reg[4]_sky130_fd_sc_hd__dfrtp_2_Q_RESET_B (net)
                      0.035009    0.000008    6.527265 ^ spi_out.shift_reg[4]_sky130_fd_sc_hd__dfrtp_2_Q/RESET_B (sky130_fd_sc_hd__dfrtp_1)
                                              6.527265   data arrival time

                                  0.000000    0.000000   clock clk (rise edge)
                                  0.000000    0.000000   clock source latency
     1    0.028310    0.132872    0.092458    0.092458 ^ clk (in)
                                                         clk (net)
                      0.132912    0.000000    0.092458 ^ clkbuf_0_clk/A (sky130_fd_sc_hd__clkbuf_16)
     8    0.108967    0.123112    0.223171    0.315629 ^ clkbuf_0_clk/X (sky130_fd_sc_hd__clkbuf_16)
                                                         clknet_0_clk (net)
                      0.123270    0.003535    0.319164 ^ clkbuf_3_4__f_clk/A (sky130_fd_sc_hd__clkbuf_16)
    13    0.042847    0.062408    0.172734    0.491898 ^ clkbuf_3_4__f_clk/X (sky130_fd_sc_hd__clkbuf_16)
                                                         clknet_3_4__leaf_clk (net)
                      0.062408    0.000203    0.492102 ^ spi_out.shift_reg[4]_sky130_fd_sc_hd__dfrtp_2_Q/CLK (sky130_fd_sc_hd__dfrtp_1)
                                  0.250000    0.742102   clock uncertainty
                                  0.000000    0.742102   clock reconvergence pessimism
                                  0.322246    1.064348   library removal time
                                              1.064348   data required time
---------------------------------------------------------------------------------------------
                                              1.064348   data required time
                                             -6.527265   data arrival time
---------------------------------------------------------------------------------------------
                                              5.462916   slack (MET)


Startpoint: reset (input port clocked by clk)
Endpoint: spi_out.shift_reg[5]_sky130_fd_sc_hd__dfrtp_2_Q
          (removal check against rising-edge clock clk)
Path Group: asynchronous
Path Type: min

Fanout         Cap        Slew       Delay        Time   Description
---------------------------------------------------------------------------------------------
                                  0.000000    0.000000   clock clk (rise edge)
                                  0.000000    0.000000   clock network delay (propagated)
                                  6.000000    6.000000 v input external delay
     1    0.002519    0.007983    0.003938    6.003938 v reset (in)
                                                         reset (net)
                      0.007983    0.000000    6.003938 v input1/A (sky130_fd_sc_hd__clkbuf_1)
     1    0.002900    0.026986    0.072522    6.076460 v input1/X (sky130_fd_sc_hd__clkbuf_1)
                                                         net1 (net)
                      0.026986    0.000010    6.076470 v fanout35/A (sky130_fd_sc_hd__clkbuf_4)
     5    0.041249    0.092196    0.185337    6.261807 v fanout35/X (sky130_fd_sc_hd__clkbuf_4)
                                                         net35 (net)
                      0.092196    0.000266    6.262073 v fanout30/A (sky130_fd_sc_hd__clkbuf_4)
     5    0.035871    0.082404    0.206164    6.468236 v fanout30/X (sky130_fd_sc_hd__clkbuf_4)
                                                         net30 (net)
                      0.082412    0.000867    6.469103 v spi_out.shift_reg[5]_sky130_fd_sc_hd__dfrtp_2_Q_RESET_B_sky130_fd_sc_hd__inv_2_Y/A (sky130_fd_sc_hd__inv_2)
     1    0.003944    0.034871    0.058253    6.527357 ^ spi_out.shift_reg[5]_sky130_fd_sc_hd__dfrtp_2_Q_RESET_B_sky130_fd_sc_hd__inv_2_Y/Y (sky130_fd_sc_hd__inv_2)
                                                         spi_out.shift_reg[5]_sky130_fd_sc_hd__dfrtp_2_Q_RESET_B (net)
                      0.034871    0.000008    6.527364 ^ spi_out.shift_reg[5]_sky130_fd_sc_hd__dfrtp_2_Q/RESET_B (sky130_fd_sc_hd__dfrtp_1)
                                              6.527364   data arrival time

                                  0.000000    0.000000   clock clk (rise edge)
                                  0.000000    0.000000   clock source latency
     1    0.028310    0.132872    0.092458    0.092458 ^ clk (in)
                                                         clk (net)
                      0.132912    0.000000    0.092458 ^ clkbuf_0_clk/A (sky130_fd_sc_hd__clkbuf_16)
     8    0.108967    0.123112    0.223171    0.315629 ^ clkbuf_0_clk/X (sky130_fd_sc_hd__clkbuf_16)
                                                         clknet_0_clk (net)
                      0.123270    0.003535    0.319164 ^ clkbuf_3_4__f_clk/A (sky130_fd_sc_hd__clkbuf_16)
    13    0.042847    0.062408    0.172734    0.491898 ^ clkbuf_3_4__f_clk/X (sky130_fd_sc_hd__clkbuf_16)
                                                         clknet_3_4__leaf_clk (net)
                      0.062409    0.000319    0.492217 ^ spi_out.shift_reg[5]_sky130_fd_sc_hd__dfrtp_2_Q/CLK (sky130_fd_sc_hd__dfrtp_1)
                                  0.250000    0.742217   clock uncertainty
                                  0.000000    0.742217   clock reconvergence pessimism
                                  0.322208    1.064425   library removal time
                                              1.064425   data required time
---------------------------------------------------------------------------------------------
                                              1.064425   data required time
                                             -6.527364   data arrival time
---------------------------------------------------------------------------------------------
                                              5.462939   slack (MET)


Startpoint: reset (input port clocked by clk)
Endpoint: spi_out.shift_reg[3]_sky130_fd_sc_hd__dfrtp_2_Q
          (removal check against rising-edge clock clk)
Path Group: asynchronous
Path Type: min

Fanout         Cap        Slew       Delay        Time   Description
---------------------------------------------------------------------------------------------
                                  0.000000    0.000000   clock clk (rise edge)
                                  0.000000    0.000000   clock network delay (propagated)
                                  6.000000    6.000000 v input external delay
     1    0.002519    0.007983    0.003938    6.003938 v reset (in)
                                                         reset (net)
                      0.007983    0.000000    6.003938 v input1/A (sky130_fd_sc_hd__clkbuf_1)
     1    0.002900    0.026986    0.072522    6.076460 v input1/X (sky130_fd_sc_hd__clkbuf_1)
                                                         net1 (net)
                      0.026986    0.000010    6.076470 v fanout35/A (sky130_fd_sc_hd__clkbuf_4)
     5    0.041249    0.092196    0.185337    6.261807 v fanout35/X (sky130_fd_sc_hd__clkbuf_4)
                                                         net35 (net)
                      0.092196    0.000266    6.262073 v fanout30/A (sky130_fd_sc_hd__clkbuf_4)
     5    0.035871    0.082404    0.206164    6.468236 v fanout30/X (sky130_fd_sc_hd__clkbuf_4)
                                                         net30 (net)
                      0.082409    0.000759    6.468995 v spi_out.shift_reg[3]_sky130_fd_sc_hd__dfrtp_2_Q_RESET_B_sky130_fd_sc_hd__inv_2_Y/A (sky130_fd_sc_hd__inv_2)
     1    0.004034    0.035188    0.058672    6.527667 ^ spi_out.shift_reg[3]_sky130_fd_sc_hd__dfrtp_2_Q_RESET_B_sky130_fd_sc_hd__inv_2_Y/Y (sky130_fd_sc_hd__inv_2)
                                                         spi_out.shift_reg[3]_sky130_fd_sc_hd__dfrtp_2_Q_RESET_B (net)
                      0.035188    0.000007    6.527674 ^ spi_out.shift_reg[3]_sky130_fd_sc_hd__dfrtp_2_Q/RESET_B (sky130_fd_sc_hd__dfrtp_1)
                                              6.527674   data arrival time

                                  0.000000    0.000000   clock clk (rise edge)
                                  0.000000    0.000000   clock source latency
     1    0.028310    0.132872    0.092458    0.092458 ^ clk (in)
                                                         clk (net)
                      0.132912    0.000000    0.092458 ^ clkbuf_0_clk/A (sky130_fd_sc_hd__clkbuf_16)
     8    0.108967    0.123112    0.223171    0.315629 ^ clkbuf_0_clk/X (sky130_fd_sc_hd__clkbuf_16)
                                                         clknet_0_clk (net)
                      0.123270    0.003535    0.319164 ^ clkbuf_3_4__f_clk/A (sky130_fd_sc_hd__clkbuf_16)
    13    0.042847    0.062408    0.172734    0.491898 ^ clkbuf_3_4__f_clk/X (sky130_fd_sc_hd__clkbuf_16)
                                                         clknet_3_4__leaf_clk (net)
                      0.062408    0.000159    0.492058 ^ spi_out.shift_reg[3]_sky130_fd_sc_hd__dfrtp_2_Q/CLK (sky130_fd_sc_hd__dfrtp_1)
                                  0.250000    0.742058   clock uncertainty
                                  0.000000    0.742058   clock reconvergence pessimism
                                  0.322295    1.064353   library removal time
                                              1.064353   data required time
---------------------------------------------------------------------------------------------
                                              1.064353   data required time
                                             -6.527674   data arrival time
---------------------------------------------------------------------------------------------
                                              5.463321   slack (MET)


Startpoint: reset (input port clocked by clk)
Endpoint: filter.y_out[4]_sky130_fd_sc_hd__dfrtp_2_Q
          (removal check against rising-edge clock clk)
Path Group: asynchronous
Path Type: min

Fanout         Cap        Slew       Delay        Time   Description
---------------------------------------------------------------------------------------------
                                  0.000000    0.000000   clock clk (rise edge)
                                  0.000000    0.000000   clock network delay (propagated)
                                  6.000000    6.000000 v input external delay
     1    0.002519    0.007983    0.003938    6.003938 v reset (in)
                                                         reset (net)
                      0.007983    0.000000    6.003938 v input1/A (sky130_fd_sc_hd__clkbuf_1)
     1    0.002900    0.026986    0.072522    6.076460 v input1/X (sky130_fd_sc_hd__clkbuf_1)
                                                         net1 (net)
                      0.026986    0.000010    6.076470 v fanout35/A (sky130_fd_sc_hd__clkbuf_4)
     5    0.041249    0.092196    0.185337    6.261807 v fanout35/X (sky130_fd_sc_hd__clkbuf_4)
                                                         net35 (net)
                      0.092210    0.001162    6.262969 v fanout34/A (sky130_fd_sc_hd__clkbuf_4)
     5    0.034394    0.079631    0.204202    6.467172 v fanout34/X (sky130_fd_sc_hd__clkbuf_4)
                                                         net34 (net)
                      0.079631    0.000035    6.467206 v filter.y_out[4]_sky130_fd_sc_hd__dfrtp_2_Q_RESET_B_sky130_fd_sc_hd__inv_2_Y/A (sky130_fd_sc_hd__inv_2)
     1    0.003944    0.034270    0.057264    6.524470 ^ filter.y_out[4]_sky130_fd_sc_hd__dfrtp_2_Q_RESET_B_sky130_fd_sc_hd__inv_2_Y/Y (sky130_fd_sc_hd__inv_2)
                                                         filter.y_out[4]_sky130_fd_sc_hd__dfrtp_2_Q_RESET_B (net)
                      0.034270    0.000008    6.524478 ^ filter.y_out[4]_sky130_fd_sc_hd__dfrtp_2_Q/RESET_B (sky130_fd_sc_hd__dfrtp_1)
                                              6.524478   data arrival time

                                  0.000000    0.000000   clock clk (rise edge)
                                  0.000000    0.000000   clock source latency
     1    0.028310    0.132872    0.092458    0.092458 ^ clk (in)
                                                         clk (net)
                      0.132912    0.000000    0.092458 ^ clkbuf_0_clk/A (sky130_fd_sc_hd__clkbuf_16)
     8    0.108967    0.123112    0.223171    0.315629 ^ clkbuf_0_clk/X (sky130_fd_sc_hd__clkbuf_16)
                                                         clknet_0_clk (net)
                      0.123134    0.001345    0.316975 ^ clkbuf_3_7__f_clk/A (sky130_fd_sc_hd__clkbuf_16)
     9    0.038153    0.058206    0.169121    0.486096 ^ clkbuf_3_7__f_clk/X (sky130_fd_sc_hd__clkbuf_16)
                                                         clknet_3_7__leaf_clk (net)
                      0.058206    0.000042    0.486138 ^ filter.y_out[4]_sky130_fd_sc_hd__dfrtp_2_Q/CLK (sky130_fd_sc_hd__dfrtp_1)
                                  0.250000    0.736138   clock uncertainty
                                  0.000000    0.736138   clock reconvergence pessimism
                                  0.320897    1.057035   library removal time
                                              1.057035   data required time
---------------------------------------------------------------------------------------------
                                              1.057035   data required time
                                             -6.524478   data arrival time
---------------------------------------------------------------------------------------------
                                              5.467443   slack (MET)


Startpoint: reset (input port clocked by clk)
Endpoint: spi_in.shift_reg[2]_sky130_fd_sc_hd__dfrtp_2_Q
          (removal check against rising-edge clock clk)
Path Group: asynchronous
Path Type: min

Fanout         Cap        Slew       Delay        Time   Description
---------------------------------------------------------------------------------------------
                                  0.000000    0.000000   clock clk (rise edge)
                                  0.000000    0.000000   clock network delay (propagated)
                                  6.000000    6.000000 v input external delay
     1    0.002519    0.007983    0.003938    6.003938 v reset (in)
                                                         reset (net)
                      0.007983    0.000000    6.003938 v input1/A (sky130_fd_sc_hd__clkbuf_1)
     1    0.002900    0.026986    0.072522    6.076460 v input1/X (sky130_fd_sc_hd__clkbuf_1)
                                                         net1 (net)
                      0.026986    0.000010    6.076470 v fanout35/A (sky130_fd_sc_hd__clkbuf_4)
     5    0.041249    0.092196    0.185337    6.261807 v fanout35/X (sky130_fd_sc_hd__clkbuf_4)
                                                         net35 (net)
                      0.092210    0.001162    6.262969 v fanout34/A (sky130_fd_sc_hd__clkbuf_4)
     5    0.034394    0.079631    0.204202    6.467172 v fanout34/X (sky130_fd_sc_hd__clkbuf_4)
                                                         net34 (net)
                      0.079633    0.000511    6.467682 v spi_in.shift_reg[2]_sky130_fd_sc_hd__dfrtp_2_Q_RESET_B_sky130_fd_sc_hd__inv_2_Y/A (sky130_fd_sc_hd__inv_2)
     1    0.004221    0.034186    0.058513    6.526196 ^ spi_in.shift_reg[2]_sky130_fd_sc_hd__dfrtp_2_Q_RESET_B_sky130_fd_sc_hd__inv_2_Y/Y (sky130_fd_sc_hd__inv_2)
                                                         spi_in.shift_reg[2]_sky130_fd_sc_hd__dfrtp_2_Q_RESET_B (net)
                      0.034186    0.000012    6.526208 ^ spi_in.shift_reg[2]_sky130_fd_sc_hd__dfrtp_2_Q/RESET_B (sky130_fd_sc_hd__dfrtp_1)
                                              6.526208   data arrival time

                                  0.000000    0.000000   clock clk (rise edge)
                                  0.000000    0.000000   clock source latency
     1    0.028310    0.132872    0.092458    0.092458 ^ clk (in)
                                                         clk (net)
                      0.132912    0.000000    0.092458 ^ clkbuf_0_clk/A (sky130_fd_sc_hd__clkbuf_16)
     8    0.108967    0.123112    0.223171    0.315629 ^ clkbuf_0_clk/X (sky130_fd_sc_hd__clkbuf_16)
                                                         clknet_0_clk (net)
                      0.123134    0.001345    0.316975 ^ clkbuf_3_7__f_clk/A (sky130_fd_sc_hd__clkbuf_16)
     9    0.038153    0.058206    0.169121    0.486096 ^ clkbuf_3_7__f_clk/X (sky130_fd_sc_hd__clkbuf_16)
                                                         clknet_3_7__leaf_clk (net)
                      0.058212    0.000554    0.486650 ^ spi_in.shift_reg[2]_sky130_fd_sc_hd__dfrtp_2_Q/CLK (sky130_fd_sc_hd__dfrtp_1)
                                  0.250000    0.736650   clock uncertainty
                                  0.000000    0.736650   clock reconvergence pessimism
                                  0.320876    1.057526   library removal time
                                              1.057526   data required time
---------------------------------------------------------------------------------------------
                                              1.057526   data required time
                                             -6.526208   data arrival time
---------------------------------------------------------------------------------------------
                                              5.468682   slack (MET)


Startpoint: reset (input port clocked by clk)
Endpoint: spi_in.shift_reg[3]_sky130_fd_sc_hd__dfrtp_2_Q
          (removal check against rising-edge clock clk)
Path Group: asynchronous
Path Type: min

Fanout         Cap        Slew       Delay        Time   Description
---------------------------------------------------------------------------------------------
                                  0.000000    0.000000   clock clk (rise edge)
                                  0.000000    0.000000   clock network delay (propagated)
                                  6.000000    6.000000 v input external delay
     1    0.002519    0.007983    0.003938    6.003938 v reset (in)
                                                         reset (net)
                      0.007983    0.000000    6.003938 v input1/A (sky130_fd_sc_hd__clkbuf_1)
     1    0.002900    0.026986    0.072522    6.076460 v input1/X (sky130_fd_sc_hd__clkbuf_1)
                                                         net1 (net)
                      0.026986    0.000010    6.076470 v fanout35/A (sky130_fd_sc_hd__clkbuf_4)
     5    0.041249    0.092196    0.185337    6.261807 v fanout35/X (sky130_fd_sc_hd__clkbuf_4)
                                                         net35 (net)
                      0.092210    0.001162    6.262969 v fanout34/A (sky130_fd_sc_hd__clkbuf_4)
     5    0.034394    0.079631    0.204202    6.467172 v fanout34/X (sky130_fd_sc_hd__clkbuf_4)
                                                         net34 (net)
                      0.079633    0.000495    6.467667 v spi_in.shift_reg[3]_sky130_fd_sc_hd__dfrtp_2_Q_RESET_B_sky130_fd_sc_hd__inv_2_Y/A (sky130_fd_sc_hd__inv_2)
     1    0.004231    0.034225    0.058562    6.526228 ^ spi_in.shift_reg[3]_sky130_fd_sc_hd__dfrtp_2_Q_RESET_B_sky130_fd_sc_hd__inv_2_Y/Y (sky130_fd_sc_hd__inv_2)
                                                         spi_in.shift_reg[3]_sky130_fd_sc_hd__dfrtp_2_Q_RESET_B (net)
                      0.034225    0.000010    6.526239 ^ spi_in.shift_reg[3]_sky130_fd_sc_hd__dfrtp_2_Q/RESET_B (sky130_fd_sc_hd__dfrtp_1)
                                              6.526239   data arrival time

                                  0.000000    0.000000   clock clk (rise edge)
                                  0.000000    0.000000   clock source latency
     1    0.028310    0.132872    0.092458    0.092458 ^ clk (in)
                                                         clk (net)
                      0.132912    0.000000    0.092458 ^ clkbuf_0_clk/A (sky130_fd_sc_hd__clkbuf_16)
     8    0.108967    0.123112    0.223171    0.315629 ^ clkbuf_0_clk/X (sky130_fd_sc_hd__clkbuf_16)
                                                         clknet_0_clk (net)
                      0.123134    0.001345    0.316975 ^ clkbuf_3_7__f_clk/A (sky130_fd_sc_hd__clkbuf_16)
     9    0.038153    0.058206    0.169121    0.486096 ^ clkbuf_3_7__f_clk/X (sky130_fd_sc_hd__clkbuf_16)
                                                         clknet_3_7__leaf_clk (net)
                      0.058211    0.000500    0.486595 ^ spi_in.shift_reg[3]_sky130_fd_sc_hd__dfrtp_2_Q/CLK (sky130_fd_sc_hd__dfrtp_1)
                                  0.250000    0.736595   clock uncertainty
                                  0.000000    0.736595   clock reconvergence pessimism
                                  0.320886    1.057481   library removal time
                                              1.057481   data required time
---------------------------------------------------------------------------------------------
                                              1.057481   data required time
                                             -6.526239   data arrival time
---------------------------------------------------------------------------------------------
                                              5.468758   slack (MET)


Startpoint: reset (input port clocked by clk)
Endpoint: spi_in.shift_reg[1]_sky130_fd_sc_hd__dfrtp_2_Q
          (removal check against rising-edge clock clk)
Path Group: asynchronous
Path Type: min

Fanout         Cap        Slew       Delay        Time   Description
---------------------------------------------------------------------------------------------
                                  0.000000    0.000000   clock clk (rise edge)
                                  0.000000    0.000000   clock network delay (propagated)
                                  6.000000    6.000000 v input external delay
     1    0.002519    0.007983    0.003938    6.003938 v reset (in)
                                                         reset (net)
                      0.007983    0.000000    6.003938 v input1/A (sky130_fd_sc_hd__clkbuf_1)
     1    0.002900    0.026986    0.072522    6.076460 v input1/X (sky130_fd_sc_hd__clkbuf_1)
                                                         net1 (net)
                      0.026986    0.000010    6.076470 v fanout35/A (sky130_fd_sc_hd__clkbuf_4)
     5    0.041249    0.092196    0.185337    6.261807 v fanout35/X (sky130_fd_sc_hd__clkbuf_4)
                                                         net35 (net)
                      0.092210    0.001162    6.262969 v fanout34/A (sky130_fd_sc_hd__clkbuf_4)
     5    0.034394    0.079631    0.204202    6.467172 v fanout34/X (sky130_fd_sc_hd__clkbuf_4)
                                                         net34 (net)
                      0.079635    0.000632    6.467804 v spi_in.shift_reg[1]_sky130_fd_sc_hd__dfrtp_2_Q_RESET_B_sky130_fd_sc_hd__inv_2_Y/A (sky130_fd_sc_hd__inv_2)
     1    0.004461    0.035053    0.059487    6.527290 ^ spi_in.shift_reg[1]_sky130_fd_sc_hd__dfrtp_2_Q_RESET_B_sky130_fd_sc_hd__inv_2_Y/Y (sky130_fd_sc_hd__inv_2)
                                                         spi_in.shift_reg[1]_sky130_fd_sc_hd__dfrtp_2_Q_RESET_B (net)
                      0.035053    0.000016    6.527307 ^ spi_in.shift_reg[1]_sky130_fd_sc_hd__dfrtp_2_Q/RESET_B (sky130_fd_sc_hd__dfrtp_1)
                                              6.527307   data arrival time

                                  0.000000    0.000000   clock clk (rise edge)
                                  0.000000    0.000000   clock source latency
     1    0.028310    0.132872    0.092458    0.092458 ^ clk (in)
                                                         clk (net)
                      0.132912    0.000000    0.092458 ^ clkbuf_0_clk/A (sky130_fd_sc_hd__clkbuf_16)
     8    0.108967    0.123112    0.223171    0.315629 ^ clkbuf_0_clk/X (sky130_fd_sc_hd__clkbuf_16)
                                                         clknet_0_clk (net)
                      0.123134    0.001345    0.316975 ^ clkbuf_3_7__f_clk/A (sky130_fd_sc_hd__clkbuf_16)
     9    0.038153    0.058206    0.169121    0.486096 ^ clkbuf_3_7__f_clk/X (sky130_fd_sc_hd__clkbuf_16)
                                                         clknet_3_7__leaf_clk (net)
                      0.058217    0.000693    0.486788 ^ spi_in.shift_reg[1]_sky130_fd_sc_hd__dfrtp_2_Q/CLK (sky130_fd_sc_hd__dfrtp_1)
                                  0.250000    0.736788   clock uncertainty
                                  0.000000    0.736788   clock reconvergence pessimism
                                  0.321116    1.057904   library removal time
                                              1.057904   data required time
---------------------------------------------------------------------------------------------
                                              1.057904   data required time
                                             -6.527307   data arrival time
---------------------------------------------------------------------------------------------
                                              5.469403   slack (MET)


Startpoint: reset (input port clocked by clk)
Endpoint: filter.y_out[6]_sky130_fd_sc_hd__dfrtp_2_Q
          (removal check against rising-edge clock clk)
Path Group: asynchronous
Path Type: min

Fanout         Cap        Slew       Delay        Time   Description
---------------------------------------------------------------------------------------------
                                  0.000000    0.000000   clock clk (rise edge)
                                  0.000000    0.000000   clock network delay (propagated)
                                  6.000000    6.000000 v input external delay
     1    0.002519    0.007983    0.003938    6.003938 v reset (in)
                                                         reset (net)
                      0.007983    0.000000    6.003938 v input1/A (sky130_fd_sc_hd__clkbuf_1)
     1    0.002900    0.026986    0.072522    6.076460 v input1/X (sky130_fd_sc_hd__clkbuf_1)
                                                         net1 (net)
                      0.026986    0.000010    6.076470 v fanout35/A (sky130_fd_sc_hd__clkbuf_4)
     5    0.041249    0.092196    0.185337    6.261807 v fanout35/X (sky130_fd_sc_hd__clkbuf_4)
                                                         net35 (net)
                      0.092211    0.001195    6.263003 v fanout33/A (sky130_fd_sc_hd__clkbuf_8)
    10    0.070815    0.087586    0.211304    6.474307 v fanout33/X (sky130_fd_sc_hd__clkbuf_8)
                                                         net33 (net)
                      0.087590    0.000736    6.475043 v filter.y_out[6]_sky130_fd_sc_hd__dfrtp_2_Q_RESET_B_sky130_fd_sc_hd__inv_2_Y/A (sky130_fd_sc_hd__inv_2)
     1    0.003995    0.036178    0.060348    6.535391 ^ filter.y_out[6]_sky130_fd_sc_hd__dfrtp_2_Q_RESET_B_sky130_fd_sc_hd__inv_2_Y/Y (sky130_fd_sc_hd__inv_2)
                                                         filter.y_out[6]_sky130_fd_sc_hd__dfrtp_2_Q_RESET_B (net)
                      0.036178    0.000006    6.535398 ^ filter.y_out[6]_sky130_fd_sc_hd__dfrtp_2_Q/RESET_B (sky130_fd_sc_hd__dfrtp_1)
                                              6.535398   data arrival time

                                  0.000000    0.000000   clock clk (rise edge)
                                  0.000000    0.000000   clock source latency
     1    0.028310    0.132872    0.092458    0.092458 ^ clk (in)
                                                         clk (net)
                      0.132912    0.000000    0.092458 ^ clkbuf_0_clk/A (sky130_fd_sc_hd__clkbuf_16)
     8    0.108967    0.123112    0.223171    0.315629 ^ clkbuf_0_clk/X (sky130_fd_sc_hd__clkbuf_16)
                                                         clknet_0_clk (net)
                      0.123131    0.001246    0.316876 ^ clkbuf_3_6__f_clk/A (sky130_fd_sc_hd__clkbuf_16)
     9    0.045466    0.064752    0.174611    0.491487 ^ clkbuf_3_6__f_clk/X (sky130_fd_sc_hd__clkbuf_16)
                                                         clknet_3_6__leaf_clk (net)
                      0.064754    0.000442    0.491929 ^ filter.y_out[6]_sky130_fd_sc_hd__dfrtp_2_Q/CLK (sky130_fd_sc_hd__dfrtp_1)
                                  0.250000    0.741929   clock uncertainty
                                  0.000000    0.741929   clock reconvergence pessimism
                                  0.323207    1.065136   library removal time
                                              1.065136   data required time
---------------------------------------------------------------------------------------------
                                              1.065136   data required time
                                             -6.535398   data arrival time
---------------------------------------------------------------------------------------------
                                              5.470261   slack (MET)


Startpoint: reset (input port clocked by clk)
Endpoint: filter.y_out[2]_sky130_fd_sc_hd__dfrtp_2_Q
          (removal check against rising-edge clock clk)
Path Group: asynchronous
Path Type: min

Fanout         Cap        Slew       Delay        Time   Description
---------------------------------------------------------------------------------------------
                                  0.000000    0.000000   clock clk (rise edge)
                                  0.000000    0.000000   clock network delay (propagated)
                                  6.000000    6.000000 v input external delay
     1    0.002519    0.007983    0.003938    6.003938 v reset (in)
                                                         reset (net)
                      0.007983    0.000000    6.003938 v input1/A (sky130_fd_sc_hd__clkbuf_1)
     1    0.002900    0.026986    0.072522    6.076460 v input1/X (sky130_fd_sc_hd__clkbuf_1)
                                                         net1 (net)
                      0.026986    0.000010    6.076470 v fanout35/A (sky130_fd_sc_hd__clkbuf_4)
     5    0.041249    0.092196    0.185337    6.261807 v fanout35/X (sky130_fd_sc_hd__clkbuf_4)
                                                         net35 (net)
                      0.092211    0.001195    6.263003 v fanout33/A (sky130_fd_sc_hd__clkbuf_8)
    10    0.070815    0.087586    0.211304    6.474307 v fanout33/X (sky130_fd_sc_hd__clkbuf_8)
                                                         net33 (net)
                      0.087690    0.002731    6.477038 v filter.y_out[2]_sky130_fd_sc_hd__dfrtp_2_Q_RESET_B_sky130_fd_sc_hd__inv_2_Y/A (sky130_fd_sc_hd__inv_2)
     1    0.003910    0.035898    0.059977    6.537015 ^ filter.y_out[2]_sky130_fd_sc_hd__dfrtp_2_Q_RESET_B_sky130_fd_sc_hd__inv_2_Y/Y (sky130_fd_sc_hd__inv_2)
                                                         filter.y_out[2]_sky130_fd_sc_hd__dfrtp_2_Q_RESET_B (net)
                      0.035898    0.000007    6.537022 ^ filter.y_out[2]_sky130_fd_sc_hd__dfrtp_2_Q/RESET_B (sky130_fd_sc_hd__dfrtp_4)
                                              6.537022   data arrival time

                                  0.000000    0.000000   clock clk (rise edge)
                                  0.000000    0.000000   clock source latency
     1    0.028310    0.132872    0.092458    0.092458 ^ clk (in)
                                                         clk (net)
                      0.132912    0.000000    0.092458 ^ clkbuf_0_clk/A (sky130_fd_sc_hd__clkbuf_16)
     8    0.108967    0.123112    0.223171    0.315629 ^ clkbuf_0_clk/X (sky130_fd_sc_hd__clkbuf_16)
                                                         clknet_0_clk (net)
                      0.123131    0.001246    0.316876 ^ clkbuf_3_6__f_clk/A (sky130_fd_sc_hd__clkbuf_16)
     9    0.045466    0.064752    0.174611    0.491487 ^ clkbuf_3_6__f_clk/X (sky130_fd_sc_hd__clkbuf_16)
                                                         clknet_3_6__leaf_clk (net)
                      0.064754    0.000423    0.491910 ^ filter.y_out[2]_sky130_fd_sc_hd__dfrtp_2_Q/CLK (sky130_fd_sc_hd__dfrtp_4)
                                  0.250000    0.741910   clock uncertainty
                                  0.000000    0.741910   clock reconvergence pessimism
                                  0.323259    1.065169   library removal time
                                              1.065169   data required time
---------------------------------------------------------------------------------------------
                                              1.065169   data required time
                                             -6.537022   data arrival time
---------------------------------------------------------------------------------------------
                                              5.471853   slack (MET)


Startpoint: reset (input port clocked by clk)
Endpoint: spi_in.shift_reg[0]_sky130_fd_sc_hd__dfrtp_2_Q
          (removal check against rising-edge clock clk)
Path Group: asynchronous
Path Type: min

Fanout         Cap        Slew       Delay        Time   Description
---------------------------------------------------------------------------------------------
                                  0.000000    0.000000   clock clk (rise edge)
                                  0.000000    0.000000   clock network delay (propagated)
                                  6.000000    6.000000 v input external delay
     1    0.002519    0.007983    0.003938    6.003938 v reset (in)
                                                         reset (net)
                      0.007983    0.000000    6.003938 v input1/A (sky130_fd_sc_hd__clkbuf_1)
     1    0.002900    0.026986    0.072522    6.076460 v input1/X (sky130_fd_sc_hd__clkbuf_1)
                                                         net1 (net)
                      0.026986    0.000010    6.076470 v fanout35/A (sky130_fd_sc_hd__clkbuf_4)
     5    0.041249    0.092196    0.185337    6.261807 v fanout35/X (sky130_fd_sc_hd__clkbuf_4)
                                                         net35 (net)
                      0.092211    0.001195    6.263003 v fanout33/A (sky130_fd_sc_hd__clkbuf_8)
    10    0.070815    0.087586    0.211304    6.474307 v fanout33/X (sky130_fd_sc_hd__clkbuf_8)
                                                         net33 (net)
                      0.087703    0.002879    6.477186 v spi_in.shift_reg[0]_sky130_fd_sc_hd__dfrtp_2_Q_RESET_B_sky130_fd_sc_hd__inv_2_Y/A (sky130_fd_sc_hd__inv_2)
     1    0.003894    0.035843    0.059904    6.537089 ^ spi_in.shift_reg[0]_sky130_fd_sc_hd__dfrtp_2_Q_RESET_B_sky130_fd_sc_hd__inv_2_Y/Y (sky130_fd_sc_hd__inv_2)
                                                         spi_in.shift_reg[0]_sky130_fd_sc_hd__dfrtp_2_Q_RESET_B (net)
                      0.035843    0.000006    6.537095 ^ spi_in.shift_reg[0]_sky130_fd_sc_hd__dfrtp_2_Q/RESET_B (sky130_fd_sc_hd__dfrtp_1)
                                              6.537095   data arrival time

                                  0.000000    0.000000   clock clk (rise edge)
                                  0.000000    0.000000   clock source latency
     1    0.028310    0.132872    0.092458    0.092458 ^ clk (in)
                                                         clk (net)
                      0.132912    0.000000    0.092458 ^ clkbuf_0_clk/A (sky130_fd_sc_hd__clkbuf_16)
     8    0.108967    0.123112    0.223171    0.315629 ^ clkbuf_0_clk/X (sky130_fd_sc_hd__clkbuf_16)
                                                         clknet_0_clk (net)
                      0.123131    0.001246    0.316876 ^ clkbuf_3_6__f_clk/A (sky130_fd_sc_hd__clkbuf_16)
     9    0.045466    0.064752    0.174611    0.491487 ^ clkbuf_3_6__f_clk/X (sky130_fd_sc_hd__clkbuf_16)
                                                         clknet_3_6__leaf_clk (net)
                      0.064754    0.000411    0.491898 ^ spi_in.shift_reg[0]_sky130_fd_sc_hd__dfrtp_2_Q/CLK (sky130_fd_sc_hd__dfrtp_1)
                                  0.250000    0.741898   clock uncertainty
                                  0.000000    0.741898   clock reconvergence pessimism
                                  0.323115    1.065013   library removal time
                                              1.065013   data required time
---------------------------------------------------------------------------------------------
                                              1.065013   data required time
                                             -6.537095   data arrival time
---------------------------------------------------------------------------------------------
                                              5.472083   slack (MET)


Startpoint: reset (input port clocked by clk)
Endpoint: filter.x_in[0]_sky130_fd_sc_hd__dfrtp_2_Q
          (removal check against rising-edge clock clk)
Path Group: asynchronous
Path Type: min

Fanout         Cap        Slew       Delay        Time   Description
---------------------------------------------------------------------------------------------
                                  0.000000    0.000000   clock clk (rise edge)
                                  0.000000    0.000000   clock network delay (propagated)
                                  6.000000    6.000000 v input external delay
     1    0.002519    0.007983    0.003938    6.003938 v reset (in)
                                                         reset (net)
                      0.007983    0.000000    6.003938 v input1/A (sky130_fd_sc_hd__clkbuf_1)
     1    0.002900    0.026986    0.072522    6.076460 v input1/X (sky130_fd_sc_hd__clkbuf_1)
                                                         net1 (net)
                      0.026986    0.000010    6.076470 v fanout35/A (sky130_fd_sc_hd__clkbuf_4)
     5    0.041249    0.092196    0.185337    6.261807 v fanout35/X (sky130_fd_sc_hd__clkbuf_4)
                                                         net35 (net)
                      0.092211    0.001195    6.263003 v fanout33/A (sky130_fd_sc_hd__clkbuf_8)
    10    0.070815    0.087586    0.211304    6.474307 v fanout33/X (sky130_fd_sc_hd__clkbuf_8)
                                                         net33 (net)
                      0.087711    0.002967    6.477274 v filter.x_in[0]_sky130_fd_sc_hd__dfrtp_2_Q_RESET_B_sky130_fd_sc_hd__inv_2_Y/A (sky130_fd_sc_hd__inv_2)
     1    0.003995    0.036204    0.060392    6.537666 ^ filter.x_in[0]_sky130_fd_sc_hd__dfrtp_2_Q_RESET_B_sky130_fd_sc_hd__inv_2_Y/Y (sky130_fd_sc_hd__inv_2)
                                                         filter.x_in[0]_sky130_fd_sc_hd__dfrtp_2_Q_RESET_B (net)
                      0.036204    0.000006    6.537672 ^ filter.x_in[0]_sky130_fd_sc_hd__dfrtp_2_Q/RESET_B (sky130_fd_sc_hd__dfrtp_1)
                                              6.537672   data arrival time

                                  0.000000    0.000000   clock clk (rise edge)
                                  0.000000    0.000000   clock source latency
     1    0.028310    0.132872    0.092458    0.092458 ^ clk (in)
                                                         clk (net)
                      0.132912    0.000000    0.092458 ^ clkbuf_0_clk/A (sky130_fd_sc_hd__clkbuf_16)
     8    0.108967    0.123112    0.223171    0.315629 ^ clkbuf_0_clk/X (sky130_fd_sc_hd__clkbuf_16)
                                                         clknet_0_clk (net)
                      0.123131    0.001246    0.316876 ^ clkbuf_3_6__f_clk/A (sky130_fd_sc_hd__clkbuf_16)
     9    0.045466    0.064752    0.174611    0.491487 ^ clkbuf_3_6__f_clk/X (sky130_fd_sc_hd__clkbuf_16)
                                                         clknet_3_6__leaf_clk (net)
                      0.064754    0.000442    0.491929 ^ filter.x_in[0]_sky130_fd_sc_hd__dfrtp_2_Q/CLK (sky130_fd_sc_hd__dfrtp_1)
                                  0.250000    0.741929   clock uncertainty
                                  0.000000    0.741929   clock reconvergence pessimism
                                  0.323214    1.065144   library removal time
                                              1.065144   data required time
---------------------------------------------------------------------------------------------
                                              1.065144   data required time
                                             -6.537672   data arrival time
---------------------------------------------------------------------------------------------
                                              5.472528   slack (MET)


Startpoint: reset (input port clocked by clk)
Endpoint: filter.y_out[0]_sky130_fd_sc_hd__dfrtp_2_Q
          (removal check against rising-edge clock clk)
Path Group: asynchronous
Path Type: min

Fanout         Cap        Slew       Delay        Time   Description
---------------------------------------------------------------------------------------------
                                  0.000000    0.000000   clock clk (rise edge)
                                  0.000000    0.000000   clock network delay (propagated)
                                  6.000000    6.000000 v input external delay
     1    0.002519    0.007983    0.003938    6.003938 v reset (in)
                                                         reset (net)
                      0.007983    0.000000    6.003938 v input1/A (sky130_fd_sc_hd__clkbuf_1)
     1    0.002900    0.026986    0.072522    6.076460 v input1/X (sky130_fd_sc_hd__clkbuf_1)
                                                         net1 (net)
                      0.026986    0.000010    6.076470 v fanout35/A (sky130_fd_sc_hd__clkbuf_4)
     5    0.041249    0.092196    0.185337    6.261807 v fanout35/X (sky130_fd_sc_hd__clkbuf_4)
                                                         net35 (net)
                      0.092211    0.001195    6.263003 v fanout33/A (sky130_fd_sc_hd__clkbuf_8)
    10    0.070815    0.087586    0.211304    6.474307 v fanout33/X (sky130_fd_sc_hd__clkbuf_8)
                                                         net33 (net)
                      0.087711    0.002969    6.477275 v filter.y_out[0]_sky130_fd_sc_hd__dfrtp_2_Q_RESET_B_sky130_fd_sc_hd__inv_2_Y/A (sky130_fd_sc_hd__inv_2)
     1    0.004068    0.036468    0.060747    6.538023 ^ filter.y_out[0]_sky130_fd_sc_hd__dfrtp_2_Q_RESET_B_sky130_fd_sc_hd__inv_2_Y/Y (sky130_fd_sc_hd__inv_2)
                                                         filter.y_out[0]_sky130_fd_sc_hd__dfrtp_2_Q_RESET_B (net)
                      0.036468    0.000009    6.538032 ^ filter.y_out[0]_sky130_fd_sc_hd__dfrtp_2_Q/RESET_B (sky130_fd_sc_hd__dfrtp_4)
                                              6.538032   data arrival time

                                  0.000000    0.000000   clock clk (rise edge)
                                  0.000000    0.000000   clock source latency
     1    0.028310    0.132872    0.092458    0.092458 ^ clk (in)
                                                         clk (net)
                      0.132912    0.000000    0.092458 ^ clkbuf_0_clk/A (sky130_fd_sc_hd__clkbuf_16)
     8    0.108967    0.123112    0.223171    0.315629 ^ clkbuf_0_clk/X (sky130_fd_sc_hd__clkbuf_16)
                                                         clknet_0_clk (net)
                      0.123131    0.001246    0.316876 ^ clkbuf_3_6__f_clk/A (sky130_fd_sc_hd__clkbuf_16)
     9    0.045466    0.064752    0.174611    0.491487 ^ clkbuf_3_6__f_clk/X (sky130_fd_sc_hd__clkbuf_16)
                                                         clknet_3_6__leaf_clk (net)
                      0.064754    0.000459    0.491946 ^ filter.y_out[0]_sky130_fd_sc_hd__dfrtp_2_Q/CLK (sky130_fd_sc_hd__dfrtp_4)
                                  0.250000    0.741946   clock uncertainty
                                  0.000000    0.741946   clock reconvergence pessimism
                                  0.323416    1.065362   library removal time
                                              1.065362   data required time
---------------------------------------------------------------------------------------------
                                              1.065362   data required time
                                             -6.538032   data arrival time
---------------------------------------------------------------------------------------------
                                              5.472670   slack (MET)


Startpoint: reset (input port clocked by clk)
Endpoint: filter.x_in[1]_sky130_fd_sc_hd__dfrtp_2_Q
          (removal check against rising-edge clock clk)
Path Group: asynchronous
Path Type: min

Fanout         Cap        Slew       Delay        Time   Description
---------------------------------------------------------------------------------------------
                                  0.000000    0.000000   clock clk (rise edge)
                                  0.000000    0.000000   clock network delay (propagated)
                                  6.000000    6.000000 v input external delay
     1    0.002519    0.007983    0.003938    6.003938 v reset (in)
                                                         reset (net)
                      0.007983    0.000000    6.003938 v input1/A (sky130_fd_sc_hd__clkbuf_1)
     1    0.002900    0.026986    0.072522    6.076460 v input1/X (sky130_fd_sc_hd__clkbuf_1)
                                                         net1 (net)
                      0.026986    0.000010    6.076470 v fanout35/A (sky130_fd_sc_hd__clkbuf_4)
     5    0.041249    0.092196    0.185337    6.261807 v fanout35/X (sky130_fd_sc_hd__clkbuf_4)
                                                         net35 (net)
                      0.092211    0.001195    6.263003 v fanout33/A (sky130_fd_sc_hd__clkbuf_8)
    10    0.070815    0.087586    0.211304    6.474307 v fanout33/X (sky130_fd_sc_hd__clkbuf_8)
                                                         net33 (net)
                      0.087702    0.002870    6.477176 v filter.x_in[1]_sky130_fd_sc_hd__dfrtp_2_Q_RESET_B_sky130_fd_sc_hd__inv_2_Y/A (sky130_fd_sc_hd__inv_2)
     1    0.004062    0.036444    0.060715    6.537891 ^ filter.x_in[1]_sky130_fd_sc_hd__dfrtp_2_Q_RESET_B_sky130_fd_sc_hd__inv_2_Y/Y (sky130_fd_sc_hd__inv_2)
                                                         filter.x_in[1]_sky130_fd_sc_hd__dfrtp_2_Q_RESET_B (net)
                      0.036444    0.000009    6.537900 ^ filter.x_in[1]_sky130_fd_sc_hd__dfrtp_2_Q/RESET_B (sky130_fd_sc_hd__dfrtp_1)
                                              6.537900   data arrival time

                                  0.000000    0.000000   clock clk (rise edge)
                                  0.000000    0.000000   clock source latency
     1    0.028310    0.132872    0.092458    0.092458 ^ clk (in)
                                                         clk (net)
                      0.132912    0.000000    0.092458 ^ clkbuf_0_clk/A (sky130_fd_sc_hd__clkbuf_16)
     8    0.108967    0.123112    0.223171    0.315629 ^ clkbuf_0_clk/X (sky130_fd_sc_hd__clkbuf_16)
                                                         clknet_0_clk (net)
                      0.123131    0.001246    0.316876 ^ clkbuf_3_6__f_clk/A (sky130_fd_sc_hd__clkbuf_16)
     9    0.045466    0.064752    0.174611    0.491487 ^ clkbuf_3_6__f_clk/X (sky130_fd_sc_hd__clkbuf_16)
                                                         clknet_3_6__leaf_clk (net)
                      0.064753    0.000375    0.491862 ^ filter.x_in[1]_sky130_fd_sc_hd__dfrtp_2_Q/CLK (sky130_fd_sc_hd__dfrtp_1)
                                  0.250000    0.741862   clock uncertainty
                                  0.000000    0.741862   clock reconvergence pessimism
                                  0.323280    1.065142   library removal time
                                              1.065142   data required time
---------------------------------------------------------------------------------------------
                                              1.065142   data required time
                                             -6.537900   data arrival time
---------------------------------------------------------------------------------------------
                                              5.472758   slack (MET)


Startpoint: reset (input port clocked by clk)
Endpoint: filter.y_out[3]_sky130_fd_sc_hd__dfrtp_2_Q
          (removal check against rising-edge clock clk)
Path Group: asynchronous
Path Type: min

Fanout         Cap        Slew       Delay        Time   Description
---------------------------------------------------------------------------------------------
                                  0.000000    0.000000   clock clk (rise edge)
                                  0.000000    0.000000   clock network delay (propagated)
                                  6.000000    6.000000 v input external delay
     1    0.002519    0.007983    0.003938    6.003938 v reset (in)
                                                         reset (net)
                      0.007983    0.000000    6.003938 v input1/A (sky130_fd_sc_hd__clkbuf_1)
     1    0.002900    0.026986    0.072522    6.076460 v input1/X (sky130_fd_sc_hd__clkbuf_1)
                                                         net1 (net)
                      0.026986    0.000010    6.076470 v fanout35/A (sky130_fd_sc_hd__clkbuf_4)
     5    0.041249    0.092196    0.185337    6.261807 v fanout35/X (sky130_fd_sc_hd__clkbuf_4)
                                                         net35 (net)
                      0.092211    0.001195    6.263003 v fanout33/A (sky130_fd_sc_hd__clkbuf_8)
    10    0.070815    0.087586    0.211304    6.474307 v fanout33/X (sky130_fd_sc_hd__clkbuf_8)
                                                         net33 (net)
                      0.087590    0.000751    6.475058 v filter.y_out[3]_sky130_fd_sc_hd__dfrtp_2_Q_RESET_B_sky130_fd_sc_hd__inv_2_Y/A (sky130_fd_sc_hd__inv_2)
     1    0.003821    0.035560    0.059516    6.534574 ^ filter.y_out[3]_sky130_fd_sc_hd__dfrtp_2_Q_RESET_B_sky130_fd_sc_hd__inv_2_Y/Y (sky130_fd_sc_hd__inv_2)
                                                         filter.y_out[3]_sky130_fd_sc_hd__dfrtp_2_Q_RESET_B (net)
                      0.035560    0.000004    6.534578 ^ filter.y_out[3]_sky130_fd_sc_hd__dfrtp_2_Q/RESET_B (sky130_fd_sc_hd__dfrtp_4)
                                              6.534578   data arrival time

                                  0.000000    0.000000   clock clk (rise edge)
                                  0.000000    0.000000   clock source latency
     1    0.028310    0.132872    0.092458    0.092458 ^ clk (in)
                                                         clk (net)
                      0.132912    0.000000    0.092458 ^ clkbuf_0_clk/A (sky130_fd_sc_hd__clkbuf_16)
     8    0.108967    0.123112    0.223171    0.315629 ^ clkbuf_0_clk/X (sky130_fd_sc_hd__clkbuf_16)
                                                         clknet_0_clk (net)
                      0.123134    0.001345    0.316975 ^ clkbuf_3_7__f_clk/A (sky130_fd_sc_hd__clkbuf_16)
     9    0.038153    0.058206    0.169121    0.486096 ^ clkbuf_3_7__f_clk/X (sky130_fd_sc_hd__clkbuf_16)
                                                         clknet_3_7__leaf_clk (net)
                      0.058210    0.000476    0.486571 ^ filter.y_out[3]_sky130_fd_sc_hd__dfrtp_2_Q/CLK (sky130_fd_sc_hd__dfrtp_4)
                                  0.250000    0.736571   clock uncertainty
                                  0.000000    0.736571   clock reconvergence pessimism
                                  0.321367    1.057938   library removal time
                                              1.057938   data required time
---------------------------------------------------------------------------------------------
                                              1.057938   data required time
                                             -6.534578   data arrival time
---------------------------------------------------------------------------------------------
                                              5.476640   slack (MET)


Startpoint: reset (input port clocked by clk)
Endpoint: filter.y_out[15]_sky130_fd_sc_hd__dfrtp_2_Q
          (removal check against rising-edge clock clk)
Path Group: asynchronous
Path Type: min

Fanout         Cap        Slew       Delay        Time   Description
---------------------------------------------------------------------------------------------
                                  0.000000    0.000000   clock clk (rise edge)
                                  0.000000    0.000000   clock network delay (propagated)
                                  6.000000    6.000000 v input external delay
     1    0.002519    0.007983    0.003938    6.003938 v reset (in)
                                                         reset (net)
                      0.007983    0.000000    6.003938 v input1/A (sky130_fd_sc_hd__clkbuf_1)
     1    0.002900    0.026986    0.072522    6.076460 v input1/X (sky130_fd_sc_hd__clkbuf_1)
                                                         net1 (net)
                      0.026986    0.000010    6.076470 v fanout35/A (sky130_fd_sc_hd__clkbuf_4)
     5    0.041249    0.092196    0.185337    6.261807 v fanout35/X (sky130_fd_sc_hd__clkbuf_4)
                                                         net35 (net)
                      0.092197    0.000449    6.262256 v fanout28/A (sky130_fd_sc_hd__clkbuf_4)
     5    0.042927    0.095025    0.215986    6.478242 v fanout28/X (sky130_fd_sc_hd__clkbuf_4)
                                                         net28 (net)
                      0.095129    0.002842    6.481084 v filter.y_out[15]_sky130_fd_sc_hd__dfrtp_2_Q_RESET_B_sky130_fd_sc_hd__inv_2_Y/A (sky130_fd_sc_hd__inv_2)
     1    0.003860    0.037330    0.062374    6.543458 ^ filter.y_out[15]_sky130_fd_sc_hd__dfrtp_2_Q_RESET_B_sky130_fd_sc_hd__inv_2_Y/Y (sky130_fd_sc_hd__inv_2)
                                                         filter.y_out[15]_sky130_fd_sc_hd__dfrtp_2_Q_RESET_B (net)
                      0.037330    0.000005    6.543464 ^ filter.y_out[15]_sky130_fd_sc_hd__dfrtp_2_Q/RESET_B (sky130_fd_sc_hd__dfrtp_4)
                                              6.543464   data arrival time

                                  0.000000    0.000000   clock clk (rise edge)
                                  0.000000    0.000000   clock source latency
     1    0.028310    0.132872    0.092458    0.092458 ^ clk (in)
                                                         clk (net)
                      0.132912    0.000000    0.092458 ^ clkbuf_0_clk/A (sky130_fd_sc_hd__clkbuf_16)
     8    0.108967    0.123112    0.223171    0.315629 ^ clkbuf_0_clk/X (sky130_fd_sc_hd__clkbuf_16)
                                                         clknet_0_clk (net)
                      0.123417    0.004875    0.320504 ^ clkbuf_3_2__f_clk/A (sky130_fd_sc_hd__clkbuf_16)
     9    0.042714    0.062286    0.172659    0.493163 ^ clkbuf_3_2__f_clk/X (sky130_fd_sc_hd__clkbuf_16)
                                                         clknet_3_2__leaf_clk (net)
                      0.062286    0.000218    0.493381 ^ filter.y_out[15]_sky130_fd_sc_hd__dfrtp_2_Q/CLK (sky130_fd_sc_hd__dfrtp_4)
                                  0.250000    0.743381   clock uncertainty
                                  0.000000    0.743381   clock reconvergence pessimism
                                  0.322974    1.066355   library removal time
                                              1.066355   data required time
---------------------------------------------------------------------------------------------
                                              1.066355   data required time
                                             -6.543464   data arrival time
---------------------------------------------------------------------------------------------
                                              5.477108   slack (MET)


Startpoint: reset (input port clocked by clk)
Endpoint: filter.y_out[11]_sky130_fd_sc_hd__dfrtp_2_Q
          (removal check against rising-edge clock clk)
Path Group: asynchronous
Path Type: min

Fanout         Cap        Slew       Delay        Time   Description
---------------------------------------------------------------------------------------------
                                  0.000000    0.000000   clock clk (rise edge)
                                  0.000000    0.000000   clock network delay (propagated)
                                  6.000000    6.000000 v input external delay
     1    0.002519    0.007983    0.003938    6.003938 v reset (in)
                                                         reset (net)
                      0.007983    0.000000    6.003938 v input1/A (sky130_fd_sc_hd__clkbuf_1)
     1    0.002900    0.026986    0.072522    6.076460 v input1/X (sky130_fd_sc_hd__clkbuf_1)
                                                         net1 (net)
                      0.026986    0.000010    6.076470 v fanout35/A (sky130_fd_sc_hd__clkbuf_4)
     5    0.041249    0.092196    0.185337    6.261807 v fanout35/X (sky130_fd_sc_hd__clkbuf_4)
                                                         net35 (net)
                      0.092197    0.000449    6.262256 v fanout28/A (sky130_fd_sc_hd__clkbuf_4)
     5    0.042927    0.095025    0.215986    6.478242 v fanout28/X (sky130_fd_sc_hd__clkbuf_4)
                                                         net28 (net)
                      0.095159    0.003187    6.481429 v filter.y_out[11]_sky130_fd_sc_hd__dfrtp_2_Q_RESET_B_sky130_fd_sc_hd__inv_2_Y/A (sky130_fd_sc_hd__inv_2)
     1    0.003887    0.037434    0.062521    6.543950 ^ filter.y_out[11]_sky130_fd_sc_hd__dfrtp_2_Q_RESET_B_sky130_fd_sc_hd__inv_2_Y/Y (sky130_fd_sc_hd__inv_2)
                                                         filter.y_out[11]_sky130_fd_sc_hd__dfrtp_2_Q_RESET_B (net)
                      0.037434    0.000007    6.543956 ^ filter.y_out[11]_sky130_fd_sc_hd__dfrtp_2_Q/RESET_B (sky130_fd_sc_hd__dfrtp_2)
                                              6.543956   data arrival time

                                  0.000000    0.000000   clock clk (rise edge)
                                  0.000000    0.000000   clock source latency
     1    0.028310    0.132872    0.092458    0.092458 ^ clk (in)
                                                         clk (net)
                      0.132912    0.000000    0.092458 ^ clkbuf_0_clk/A (sky130_fd_sc_hd__clkbuf_16)
     8    0.108967    0.123112    0.223171    0.315629 ^ clkbuf_0_clk/X (sky130_fd_sc_hd__clkbuf_16)
                                                         clknet_0_clk (net)
                      0.123417    0.004875    0.320504 ^ clkbuf_3_2__f_clk/A (sky130_fd_sc_hd__clkbuf_16)
     9    0.042714    0.062286    0.172659    0.493163 ^ clkbuf_3_2__f_clk/X (sky130_fd_sc_hd__clkbuf_16)
                                                         clknet_3_2__leaf_clk (net)
                      0.062290    0.000562    0.493726 ^ filter.y_out[11]_sky130_fd_sc_hd__dfrtp_2_Q/CLK (sky130_fd_sc_hd__dfrtp_2)
                                  0.250000    0.743726   clock uncertainty
                                  0.000000    0.743726   clock reconvergence pessimism
                                  0.322943    1.066669   library removal time
                                              1.066669   data required time
---------------------------------------------------------------------------------------------
                                              1.066669   data required time
                                             -6.543956   data arrival time
---------------------------------------------------------------------------------------------
                                              5.477288   slack (MET)


Startpoint: reset (input port clocked by clk)
Endpoint: filter.y_out[14]_sky130_fd_sc_hd__dfrtp_2_Q
          (removal check against rising-edge clock clk)
Path Group: asynchronous
Path Type: min

Fanout         Cap        Slew       Delay        Time   Description
---------------------------------------------------------------------------------------------
                                  0.000000    0.000000   clock clk (rise edge)
                                  0.000000    0.000000   clock network delay (propagated)
                                  6.000000    6.000000 v input external delay
     1    0.002519    0.007983    0.003938    6.003938 v reset (in)
                                                         reset (net)
                      0.007983    0.000000    6.003938 v input1/A (sky130_fd_sc_hd__clkbuf_1)
     1    0.002900    0.026986    0.072522    6.076460 v input1/X (sky130_fd_sc_hd__clkbuf_1)
                                                         net1 (net)
                      0.026986    0.000010    6.076470 v fanout35/A (sky130_fd_sc_hd__clkbuf_4)
     5    0.041249    0.092196    0.185337    6.261807 v fanout35/X (sky130_fd_sc_hd__clkbuf_4)
                                                         net35 (net)
                      0.092197    0.000449    6.262256 v fanout28/A (sky130_fd_sc_hd__clkbuf_4)
     5    0.042927    0.095025    0.215986    6.478242 v fanout28/X (sky130_fd_sc_hd__clkbuf_4)
                                                         net28 (net)
                      0.095146    0.003046    6.481288 v filter.y_out[14]_sky130_fd_sc_hd__dfrtp_2_Q_RESET_B_sky130_fd_sc_hd__inv_2_Y/A (sky130_fd_sc_hd__inv_2)
     1    0.003990    0.037807    0.063038    6.544326 ^ filter.y_out[14]_sky130_fd_sc_hd__dfrtp_2_Q_RESET_B_sky130_fd_sc_hd__inv_2_Y/Y (sky130_fd_sc_hd__inv_2)
                                                         filter.y_out[14]_sky130_fd_sc_hd__dfrtp_2_Q_RESET_B (net)
                      0.037807    0.000008    6.544334 ^ filter.y_out[14]_sky130_fd_sc_hd__dfrtp_2_Q/RESET_B (sky130_fd_sc_hd__dfrtp_4)
                                              6.544334   data arrival time

                                  0.000000    0.000000   clock clk (rise edge)
                                  0.000000    0.000000   clock source latency
     1    0.028310    0.132872    0.092458    0.092458 ^ clk (in)
                                                         clk (net)
                      0.132912    0.000000    0.092458 ^ clkbuf_0_clk/A (sky130_fd_sc_hd__clkbuf_16)
     8    0.108967    0.123112    0.223171    0.315629 ^ clkbuf_0_clk/X (sky130_fd_sc_hd__clkbuf_16)
                                                         clknet_0_clk (net)
                      0.123417    0.004875    0.320504 ^ clkbuf_3_2__f_clk/A (sky130_fd_sc_hd__clkbuf_16)
     9    0.042714    0.062286    0.172659    0.493163 ^ clkbuf_3_2__f_clk/X (sky130_fd_sc_hd__clkbuf_16)
                                                         clknet_3_2__leaf_clk (net)
                      0.062287    0.000406    0.493570 ^ filter.y_out[14]_sky130_fd_sc_hd__dfrtp_2_Q/CLK (sky130_fd_sc_hd__dfrtp_4)
                                  0.250000    0.743570   clock uncertainty
                                  0.000000    0.743570   clock reconvergence pessimism
                                  0.323105    1.066675   library removal time
                                              1.066675   data required time
---------------------------------------------------------------------------------------------
                                              1.066675   data required time
                                             -6.544334   data arrival time
---------------------------------------------------------------------------------------------
                                              5.477659   slack (MET)


Startpoint: reset (input port clocked by clk)
Endpoint: filter.x_in[3]_sky130_fd_sc_hd__dfrtp_2_Q
          (removal check against rising-edge clock clk)
Path Group: asynchronous
Path Type: min

Fanout         Cap        Slew       Delay        Time   Description
---------------------------------------------------------------------------------------------
                                  0.000000    0.000000   clock clk (rise edge)
                                  0.000000    0.000000   clock network delay (propagated)
                                  6.000000    6.000000 v input external delay
     1    0.002519    0.007983    0.003938    6.003938 v reset (in)
                                                         reset (net)
                      0.007983    0.000000    6.003938 v input1/A (sky130_fd_sc_hd__clkbuf_1)
     1    0.002900    0.026986    0.072522    6.076460 v input1/X (sky130_fd_sc_hd__clkbuf_1)
                                                         net1 (net)
                      0.026986    0.000010    6.076470 v fanout35/A (sky130_fd_sc_hd__clkbuf_4)
     5    0.041249    0.092196    0.185337    6.261807 v fanout35/X (sky130_fd_sc_hd__clkbuf_4)
                                                         net35 (net)
                      0.092211    0.001195    6.263003 v fanout33/A (sky130_fd_sc_hd__clkbuf_8)
    10    0.070815    0.087586    0.211304    6.474307 v fanout33/X (sky130_fd_sc_hd__clkbuf_8)
                                                         net33 (net)
                      0.087586    0.000012    6.474319 v filter.x_in[3]_sky130_fd_sc_hd__dfrtp_2_Q_RESET_B_sky130_fd_sc_hd__inv_2_Y/A (sky130_fd_sc_hd__inv_2)
     1    0.004231    0.035963    0.061481    6.535800 ^ filter.x_in[3]_sky130_fd_sc_hd__dfrtp_2_Q_RESET_B_sky130_fd_sc_hd__inv_2_Y/Y (sky130_fd_sc_hd__inv_2)
                                                         filter.x_in[3]_sky130_fd_sc_hd__dfrtp_2_Q_RESET_B (net)
                      0.035963    0.000010    6.535810 ^ filter.x_in[3]_sky130_fd_sc_hd__dfrtp_2_Q/RESET_B (sky130_fd_sc_hd__dfrtp_1)
                                              6.535810   data arrival time

                                  0.000000    0.000000   clock clk (rise edge)
                                  0.000000    0.000000   clock source latency
     1    0.028310    0.132872    0.092458    0.092458 ^ clk (in)
                                                         clk (net)
                      0.132912    0.000000    0.092458 ^ clkbuf_0_clk/A (sky130_fd_sc_hd__clkbuf_16)
     8    0.108967    0.123112    0.223171    0.315629 ^ clkbuf_0_clk/X (sky130_fd_sc_hd__clkbuf_16)
                                                         clknet_0_clk (net)
                      0.123134    0.001345    0.316975 ^ clkbuf_3_7__f_clk/A (sky130_fd_sc_hd__clkbuf_16)
     9    0.038153    0.058206    0.169121    0.486096 ^ clkbuf_3_7__f_clk/X (sky130_fd_sc_hd__clkbuf_16)
                                                         clknet_3_7__leaf_clk (net)
                      0.058211    0.000519    0.486614 ^ filter.x_in[3]_sky130_fd_sc_hd__dfrtp_2_Q/CLK (sky130_fd_sc_hd__dfrtp_1)
                                  0.250000    0.736614   clock uncertainty
                                  0.000000    0.736614   clock reconvergence pessimism
                                  0.321364    1.057979   library removal time
                                              1.057979   data required time
---------------------------------------------------------------------------------------------
                                              1.057979   data required time
                                             -6.535810   data arrival time
---------------------------------------------------------------------------------------------
                                              5.477831   slack (MET)


Startpoint: reset (input port clocked by clk)
Endpoint: filter.x_in[2]_sky130_fd_sc_hd__dfrtp_2_Q
          (removal check against rising-edge clock clk)
Path Group: asynchronous
Path Type: min

Fanout         Cap        Slew       Delay        Time   Description
---------------------------------------------------------------------------------------------
                                  0.000000    0.000000   clock clk (rise edge)
                                  0.000000    0.000000   clock network delay (propagated)
                                  6.000000    6.000000 v input external delay
     1    0.002519    0.007983    0.003938    6.003938 v reset (in)
                                                         reset (net)
                      0.007983    0.000000    6.003938 v input1/A (sky130_fd_sc_hd__clkbuf_1)
     1    0.002900    0.026986    0.072522    6.076460 v input1/X (sky130_fd_sc_hd__clkbuf_1)
                                                         net1 (net)
                      0.026986    0.000010    6.076470 v fanout35/A (sky130_fd_sc_hd__clkbuf_4)
     5    0.041249    0.092196    0.185337    6.261807 v fanout35/X (sky130_fd_sc_hd__clkbuf_4)
                                                         net35 (net)
                      0.092211    0.001195    6.263003 v fanout33/A (sky130_fd_sc_hd__clkbuf_8)
    10    0.070815    0.087586    0.211304    6.474307 v fanout33/X (sky130_fd_sc_hd__clkbuf_8)
                                                         net33 (net)
                      0.087612    0.001489    6.475795 v filter.x_in[2]_sky130_fd_sc_hd__dfrtp_2_Q_RESET_B_sky130_fd_sc_hd__inv_2_Y/A (sky130_fd_sc_hd__inv_2)
     1    0.003995    0.036182    0.060356    6.536151 ^ filter.x_in[2]_sky130_fd_sc_hd__dfrtp_2_Q_RESET_B_sky130_fd_sc_hd__inv_2_Y/Y (sky130_fd_sc_hd__inv_2)
                                                         filter.x_in[2]_sky130_fd_sc_hd__dfrtp_2_Q_RESET_B (net)
                      0.036182    0.000006    6.536157 ^ filter.x_in[2]_sky130_fd_sc_hd__dfrtp_2_Q/RESET_B (sky130_fd_sc_hd__dfrtp_1)
                                              6.536157   data arrival time

                                  0.000000    0.000000   clock clk (rise edge)
                                  0.000000    0.000000   clock source latency
     1    0.028310    0.132872    0.092458    0.092458 ^ clk (in)
                                                         clk (net)
                      0.132912    0.000000    0.092458 ^ clkbuf_0_clk/A (sky130_fd_sc_hd__clkbuf_16)
     8    0.108967    0.123112    0.223171    0.315629 ^ clkbuf_0_clk/X (sky130_fd_sc_hd__clkbuf_16)
                                                         clknet_0_clk (net)
                      0.123134    0.001345    0.316975 ^ clkbuf_3_7__f_clk/A (sky130_fd_sc_hd__clkbuf_16)
     9    0.038153    0.058206    0.169121    0.486096 ^ clkbuf_3_7__f_clk/X (sky130_fd_sc_hd__clkbuf_16)
                                                         clknet_3_7__leaf_clk (net)
                      0.058215    0.000622    0.486718 ^ filter.x_in[2]_sky130_fd_sc_hd__dfrtp_2_Q/CLK (sky130_fd_sc_hd__dfrtp_1)
                                  0.250000    0.736718   clock uncertainty
                                  0.000000    0.736718   clock reconvergence pessimism
                                  0.321425    1.058143   library removal time
                                              1.058143   data required time
---------------------------------------------------------------------------------------------
                                              1.058143   data required time
                                             -6.536157   data arrival time
---------------------------------------------------------------------------------------------
                                              5.478014   slack (MET)


Startpoint: reset (input port clocked by clk)
Endpoint: filter.y_out[1]_sky130_fd_sc_hd__dfrtp_2_Q
          (removal check against rising-edge clock clk)
Path Group: asynchronous
Path Type: min

Fanout         Cap        Slew       Delay        Time   Description
---------------------------------------------------------------------------------------------
                                  0.000000    0.000000   clock clk (rise edge)
                                  0.000000    0.000000   clock network delay (propagated)
                                  6.000000    6.000000 v input external delay
     1    0.002519    0.007983    0.003938    6.003938 v reset (in)
                                                         reset (net)
                      0.007983    0.000000    6.003938 v input1/A (sky130_fd_sc_hd__clkbuf_1)
     1    0.002900    0.026986    0.072522    6.076460 v input1/X (sky130_fd_sc_hd__clkbuf_1)
                                                         net1 (net)
                      0.026986    0.000010    6.076470 v fanout35/A (sky130_fd_sc_hd__clkbuf_4)
     5    0.041249    0.092196    0.185337    6.261807 v fanout35/X (sky130_fd_sc_hd__clkbuf_4)
                                                         net35 (net)
                      0.092211    0.001195    6.263003 v fanout33/A (sky130_fd_sc_hd__clkbuf_8)
    10    0.070815    0.087586    0.211304    6.474307 v fanout33/X (sky130_fd_sc_hd__clkbuf_8)
                                                         net33 (net)
                      0.087634    0.001939    6.476246 v filter.y_out[1]_sky130_fd_sc_hd__dfrtp_2_Q_RESET_B_sky130_fd_sc_hd__inv_2_Y/A (sky130_fd_sc_hd__inv_2)
     1    0.003950    0.036027    0.060148    6.536394 ^ filter.y_out[1]_sky130_fd_sc_hd__dfrtp_2_Q_RESET_B_sky130_fd_sc_hd__inv_2_Y/Y (sky130_fd_sc_hd__inv_2)
                                                         filter.y_out[1]_sky130_fd_sc_hd__dfrtp_2_Q_RESET_B (net)
                      0.036027    0.000008    6.536401 ^ filter.y_out[1]_sky130_fd_sc_hd__dfrtp_2_Q/RESET_B (sky130_fd_sc_hd__dfrtp_4)
                                              6.536401   data arrival time

                                  0.000000    0.000000   clock clk (rise edge)
                                  0.000000    0.000000   clock source latency
     1    0.028310    0.132872    0.092458    0.092458 ^ clk (in)
                                                         clk (net)
                      0.132912    0.000000    0.092458 ^ clkbuf_0_clk/A (sky130_fd_sc_hd__clkbuf_16)
     8    0.108967    0.123112    0.223171    0.315629 ^ clkbuf_0_clk/X (sky130_fd_sc_hd__clkbuf_16)
                                                         clknet_0_clk (net)
                      0.123134    0.001345    0.316975 ^ clkbuf_3_7__f_clk/A (sky130_fd_sc_hd__clkbuf_16)
     9    0.038153    0.058206    0.169121    0.486096 ^ clkbuf_3_7__f_clk/X (sky130_fd_sc_hd__clkbuf_16)
                                                         clknet_3_7__leaf_clk (net)
                      0.058218    0.000697    0.486792 ^ filter.y_out[1]_sky130_fd_sc_hd__dfrtp_2_Q/CLK (sky130_fd_sc_hd__dfrtp_4)
                                  0.250000    0.736792   clock uncertainty
                                  0.000000    0.736792   clock reconvergence pessimism
                                  0.321497    1.058290   library removal time
                                              1.058290   data required time
---------------------------------------------------------------------------------------------
                                              1.058290   data required time
                                             -6.536401   data arrival time
---------------------------------------------------------------------------------------------
                                              5.478112   slack (MET)


Startpoint: reset (input port clocked by clk)
Endpoint: spi_out.bit_cnt[2]_sky130_fd_sc_hd__dfrtp_2_Q
          (removal check against rising-edge clock clk)
Path Group: asynchronous
Path Type: min

Fanout         Cap        Slew       Delay        Time   Description
---------------------------------------------------------------------------------------------
                                  0.000000    0.000000   clock clk (rise edge)
                                  0.000000    0.000000   clock network delay (propagated)
                                  6.000000    6.000000 v input external delay
     1    0.002519    0.007983    0.003938    6.003938 v reset (in)
                                                         reset (net)
                      0.007983    0.000000    6.003938 v input1/A (sky130_fd_sc_hd__clkbuf_1)
     1    0.002900    0.026986    0.072522    6.076460 v input1/X (sky130_fd_sc_hd__clkbuf_1)
                                                         net1 (net)
                      0.026986    0.000010    6.076470 v fanout35/A (sky130_fd_sc_hd__clkbuf_4)
     5    0.041249    0.092196    0.185337    6.261807 v fanout35/X (sky130_fd_sc_hd__clkbuf_4)
                                                         net35 (net)
                      0.092196    0.000049    6.261857 v fanout32/A (sky130_fd_sc_hd__clkbuf_4)
     8    0.044980    0.098762    0.220031    6.481887 v fanout32/X (sky130_fd_sc_hd__clkbuf_4)
                                                         net32 (net)
                      0.098762    0.000414    6.482301 v spi_out.bit_cnt[2]_sky130_fd_sc_hd__dfrtp_2_Q_RESET_B_sky130_fd_sc_hd__inv_2_Y/A (sky130_fd_sc_hd__inv_2)
     1    0.003896    0.038248    0.063848    6.546149 ^ spi_out.bit_cnt[2]_sky130_fd_sc_hd__dfrtp_2_Q_RESET_B_sky130_fd_sc_hd__inv_2_Y/Y (sky130_fd_sc_hd__inv_2)
                                                         spi_out.bit_cnt[2]_sky130_fd_sc_hd__dfrtp_2_Q_RESET_B (net)
                      0.038248    0.000006    6.546155 ^ spi_out.bit_cnt[2]_sky130_fd_sc_hd__dfrtp_2_Q/RESET_B (sky130_fd_sc_hd__dfrtp_1)
                                              6.546155   data arrival time

                                  0.000000    0.000000   clock clk (rise edge)
                                  0.000000    0.000000   clock source latency
     1    0.028310    0.132872    0.092458    0.092458 ^ clk (in)
                                                         clk (net)
                      0.132912    0.000000    0.092458 ^ clkbuf_0_clk/A (sky130_fd_sc_hd__clkbuf_16)
     8    0.108967    0.123112    0.223171    0.315629 ^ clkbuf_0_clk/X (sky130_fd_sc_hd__clkbuf_16)
                                                         clknet_0_clk (net)
                      0.123294    0.003785    0.319414 ^ clkbuf_3_5__f_clk/A (sky130_fd_sc_hd__clkbuf_16)
    13    0.042872    0.062425    0.172723    0.492137 ^ clkbuf_3_5__f_clk/X (sky130_fd_sc_hd__clkbuf_16)
                                                         clknet_3_5__leaf_clk (net)
                      0.062427    0.000438    0.492575 ^ spi_out.bit_cnt[2]_sky130_fd_sc_hd__dfrtp_2_Q/CLK (sky130_fd_sc_hd__dfrtp_1)
                                  0.250000    0.742575   clock uncertainty
                                  0.000000    0.742575   clock reconvergence pessimism
                                  0.323142    1.065717   library removal time
                                              1.065717   data required time
---------------------------------------------------------------------------------------------
                                              1.065717   data required time
                                             -6.546155   data arrival time
---------------------------------------------------------------------------------------------
                                              5.480438   slack (MET)


Startpoint: reset (input port clocked by clk)
Endpoint: spi_in.bit_cnt[3]_sky130_fd_sc_hd__dfrtp_2_Q
          (removal check against rising-edge clock clk)
Path Group: asynchronous
Path Type: min

Fanout         Cap        Slew       Delay        Time   Description
---------------------------------------------------------------------------------------------
                                  0.000000    0.000000   clock clk (rise edge)
                                  0.000000    0.000000   clock network delay (propagated)
                                  6.000000    6.000000 v input external delay
     1    0.002519    0.007983    0.003938    6.003938 v reset (in)
                                                         reset (net)
                      0.007983    0.000000    6.003938 v input1/A (sky130_fd_sc_hd__clkbuf_1)
     1    0.002900    0.026986    0.072522    6.076460 v input1/X (sky130_fd_sc_hd__clkbuf_1)
                                                         net1 (net)
                      0.026986    0.000010    6.076470 v fanout35/A (sky130_fd_sc_hd__clkbuf_4)
     5    0.041249    0.092196    0.185337    6.261807 v fanout35/X (sky130_fd_sc_hd__clkbuf_4)
                                                         net35 (net)
                      0.092196    0.000049    6.261857 v fanout32/A (sky130_fd_sc_hd__clkbuf_4)
     8    0.044980    0.098762    0.220031    6.481887 v fanout32/X (sky130_fd_sc_hd__clkbuf_4)
                                                         net32 (net)
                      0.098770    0.000928    6.482815 v spi_in.bit_cnt[3]_sky130_fd_sc_hd__dfrtp_2_Q_RESET_B_sky130_fd_sc_hd__inv_2_Y/A (sky130_fd_sc_hd__inv_2)
     1    0.003904    0.038279    0.063891    6.546707 ^ spi_in.bit_cnt[3]_sky130_fd_sc_hd__dfrtp_2_Q_RESET_B_sky130_fd_sc_hd__inv_2_Y/Y (sky130_fd_sc_hd__inv_2)
                                                         spi_in.bit_cnt[3]_sky130_fd_sc_hd__dfrtp_2_Q_RESET_B (net)
                      0.038279    0.000007    6.546713 ^ spi_in.bit_cnt[3]_sky130_fd_sc_hd__dfrtp_2_Q/RESET_B (sky130_fd_sc_hd__dfrtp_1)
                                              6.546713   data arrival time

                                  0.000000    0.000000   clock clk (rise edge)
                                  0.000000    0.000000   clock source latency
     1    0.028310    0.132872    0.092458    0.092458 ^ clk (in)
                                                         clk (net)
                      0.132912    0.000000    0.092458 ^ clkbuf_0_clk/A (sky130_fd_sc_hd__clkbuf_16)
     8    0.108967    0.123112    0.223171    0.315629 ^ clkbuf_0_clk/X (sky130_fd_sc_hd__clkbuf_16)
                                                         clknet_0_clk (net)
                      0.123294    0.003785    0.319414 ^ clkbuf_3_5__f_clk/A (sky130_fd_sc_hd__clkbuf_16)
    13    0.042872    0.062425    0.172723    0.492137 ^ clkbuf_3_5__f_clk/X (sky130_fd_sc_hd__clkbuf_16)
                                                         clknet_3_5__leaf_clk (net)
                      0.062425    0.000248    0.492386 ^ spi_in.bit_cnt[3]_sky130_fd_sc_hd__dfrtp_2_Q/CLK (sky130_fd_sc_hd__dfrtp_1)
                                  0.250000    0.742386   clock uncertainty
                                  0.000000    0.742386   clock reconvergence pessimism
                                  0.323150    1.065536   library removal time
                                              1.065536   data required time
---------------------------------------------------------------------------------------------
                                              1.065536   data required time
                                             -6.546713   data arrival time
---------------------------------------------------------------------------------------------
                                              5.481177   slack (MET)


Startpoint: reset (input port clocked by clk)
Endpoint: filter.x_in[4]_sky130_fd_sc_hd__dfrtp_2_Q
          (removal check against rising-edge clock clk)
Path Group: asynchronous
Path Type: min

Fanout         Cap        Slew       Delay        Time   Description
---------------------------------------------------------------------------------------------
                                  0.000000    0.000000   clock clk (rise edge)
                                  0.000000    0.000000   clock network delay (propagated)
                                  6.000000    6.000000 v input external delay
     1    0.002519    0.007983    0.003938    6.003938 v reset (in)
                                                         reset (net)
                      0.007983    0.000000    6.003938 v input1/A (sky130_fd_sc_hd__clkbuf_1)
     1    0.002900    0.026986    0.072522    6.076460 v input1/X (sky130_fd_sc_hd__clkbuf_1)
                                                         net1 (net)
                      0.026986    0.000010    6.076470 v fanout35/A (sky130_fd_sc_hd__clkbuf_4)
     5    0.041249    0.092196    0.185337    6.261807 v fanout35/X (sky130_fd_sc_hd__clkbuf_4)
                                                         net35 (net)
                      0.092196    0.000049    6.261857 v fanout32/A (sky130_fd_sc_hd__clkbuf_4)
     8    0.044980    0.098762    0.220031    6.481887 v fanout32/X (sky130_fd_sc_hd__clkbuf_4)
                                                         net32 (net)
                      0.098783    0.001388    6.483275 v filter.x_in[4]_sky130_fd_sc_hd__dfrtp_2_Q_RESET_B_sky130_fd_sc_hd__inv_2_Y/A (sky130_fd_sc_hd__inv_2)
     1    0.003854    0.038098    0.063638    6.546913 ^ filter.x_in[4]_sky130_fd_sc_hd__dfrtp_2_Q_RESET_B_sky130_fd_sc_hd__inv_2_Y/Y (sky130_fd_sc_hd__inv_2)
                                                         filter.x_in[4]_sky130_fd_sc_hd__dfrtp_2_Q_RESET_B (net)
                      0.038098    0.000005    6.546917 ^ filter.x_in[4]_sky130_fd_sc_hd__dfrtp_2_Q/RESET_B (sky130_fd_sc_hd__dfrtp_1)
                                              6.546917   data arrival time

                                  0.000000    0.000000   clock clk (rise edge)
                                  0.000000    0.000000   clock source latency
     1    0.028310    0.132872    0.092458    0.092458 ^ clk (in)
                                                         clk (net)
                      0.132912    0.000000    0.092458 ^ clkbuf_0_clk/A (sky130_fd_sc_hd__clkbuf_16)
     8    0.108967    0.123112    0.223171    0.315629 ^ clkbuf_0_clk/X (sky130_fd_sc_hd__clkbuf_16)
                                                         clknet_0_clk (net)
                      0.123294    0.003785    0.319414 ^ clkbuf_3_5__f_clk/A (sky130_fd_sc_hd__clkbuf_16)
    13    0.042872    0.062425    0.172723    0.492137 ^ clkbuf_3_5__f_clk/X (sky130_fd_sc_hd__clkbuf_16)
                                                         clknet_3_5__leaf_clk (net)
                      0.062427    0.000382    0.492520 ^ filter.x_in[4]_sky130_fd_sc_hd__dfrtp_2_Q/CLK (sky130_fd_sc_hd__dfrtp_1)
                                  0.250000    0.742519   clock uncertainty
                                  0.000000    0.742519   clock reconvergence pessimism
                                  0.323101    1.065620   library removal time
                                              1.065620   data required time
---------------------------------------------------------------------------------------------
                                              1.065620   data required time
                                             -6.546917   data arrival time
---------------------------------------------------------------------------------------------
                                              5.481297   slack (MET)


Startpoint: reset (input port clocked by clk)
Endpoint: filter.x_in[5]_sky130_fd_sc_hd__dfrtp_2_Q
          (removal check against rising-edge clock clk)
Path Group: asynchronous
Path Type: min

Fanout         Cap        Slew       Delay        Time   Description
---------------------------------------------------------------------------------------------
                                  0.000000    0.000000   clock clk (rise edge)
                                  0.000000    0.000000   clock network delay (propagated)
                                  6.000000    6.000000 v input external delay
     1    0.002519    0.007983    0.003938    6.003938 v reset (in)
                                                         reset (net)
                      0.007983    0.000000    6.003938 v input1/A (sky130_fd_sc_hd__clkbuf_1)
     1    0.002900    0.026986    0.072522    6.076460 v input1/X (sky130_fd_sc_hd__clkbuf_1)
                                                         net1 (net)
                      0.026986    0.000010    6.076470 v fanout35/A (sky130_fd_sc_hd__clkbuf_4)
     5    0.041249    0.092196    0.185337    6.261807 v fanout35/X (sky130_fd_sc_hd__clkbuf_4)
                                                         net35 (net)
                      0.092196    0.000049    6.261857 v fanout32/A (sky130_fd_sc_hd__clkbuf_4)
     8    0.044980    0.098762    0.220031    6.481887 v fanout32/X (sky130_fd_sc_hd__clkbuf_4)
                                                         net32 (net)
                      0.098777    0.001219    6.483106 v filter.x_in[5]_sky130_fd_sc_hd__dfrtp_2_Q_RESET_B_sky130_fd_sc_hd__inv_2_Y/A (sky130_fd_sc_hd__inv_2)
     1    0.003894    0.038243    0.063841    6.546947 ^ filter.x_in[5]_sky130_fd_sc_hd__dfrtp_2_Q_RESET_B_sky130_fd_sc_hd__inv_2_Y/Y (sky130_fd_sc_hd__inv_2)
                                                         filter.x_in[5]_sky130_fd_sc_hd__dfrtp_2_Q_RESET_B (net)
                      0.038243    0.000006    6.546953 ^ filter.x_in[5]_sky130_fd_sc_hd__dfrtp_2_Q/RESET_B (sky130_fd_sc_hd__dfrtp_1)
                                              6.546953   data arrival time

                                  0.000000    0.000000   clock clk (rise edge)
                                  0.000000    0.000000   clock source latency
     1    0.028310    0.132872    0.092458    0.092458 ^ clk (in)
                                                         clk (net)
                      0.132912    0.000000    0.092458 ^ clkbuf_0_clk/A (sky130_fd_sc_hd__clkbuf_16)
     8    0.108967    0.123112    0.223171    0.315629 ^ clkbuf_0_clk/X (sky130_fd_sc_hd__clkbuf_16)
                                                         clknet_0_clk (net)
                      0.123294    0.003785    0.319414 ^ clkbuf_3_5__f_clk/A (sky130_fd_sc_hd__clkbuf_16)
    13    0.042872    0.062425    0.172723    0.492137 ^ clkbuf_3_5__f_clk/X (sky130_fd_sc_hd__clkbuf_16)
                                                         clknet_3_5__leaf_clk (net)
                      0.062425    0.000284    0.492421 ^ filter.x_in[5]_sky130_fd_sc_hd__dfrtp_2_Q/CLK (sky130_fd_sc_hd__dfrtp_1)
                                  0.250000    0.742421   clock uncertainty
                                  0.000000    0.742421   clock reconvergence pessimism
                                  0.323140    1.065561   library removal time
                                              1.065561   data required time
---------------------------------------------------------------------------------------------
                                              1.065561   data required time
                                             -6.546953   data arrival time
---------------------------------------------------------------------------------------------
                                              5.481391   slack (MET)


Startpoint: reset (input port clocked by clk)
Endpoint: spi_in.shift_reg[4]_sky130_fd_sc_hd__dfrtp_2_Q
          (removal check against rising-edge clock clk)
Path Group: asynchronous
Path Type: min

Fanout         Cap        Slew       Delay        Time   Description
---------------------------------------------------------------------------------------------
                                  0.000000    0.000000   clock clk (rise edge)
                                  0.000000    0.000000   clock network delay (propagated)
                                  6.000000    6.000000 v input external delay
     1    0.002519    0.007983    0.003938    6.003938 v reset (in)
                                                         reset (net)
                      0.007983    0.000000    6.003938 v input1/A (sky130_fd_sc_hd__clkbuf_1)
     1    0.002900    0.026986    0.072522    6.076460 v input1/X (sky130_fd_sc_hd__clkbuf_1)
                                                         net1 (net)
                      0.026986    0.000010    6.076470 v fanout35/A (sky130_fd_sc_hd__clkbuf_4)
     5    0.041249    0.092196    0.185337    6.261807 v fanout35/X (sky130_fd_sc_hd__clkbuf_4)
                                                         net35 (net)
                      0.092196    0.000049    6.261857 v fanout32/A (sky130_fd_sc_hd__clkbuf_4)
     8    0.044980    0.098762    0.220031    6.481887 v fanout32/X (sky130_fd_sc_hd__clkbuf_4)
                                                         net32 (net)
                      0.098781    0.001349    6.483236 v spi_in.shift_reg[4]_sky130_fd_sc_hd__dfrtp_2_Q_RESET_B_sky130_fd_sc_hd__inv_2_Y/A (sky130_fd_sc_hd__inv_2)
     1    0.003905    0.038284    0.063900    6.547136 ^ spi_in.shift_reg[4]_sky130_fd_sc_hd__dfrtp_2_Q_RESET_B_sky130_fd_sc_hd__inv_2_Y/Y (sky130_fd_sc_hd__inv_2)
                                                         spi_in.shift_reg[4]_sky130_fd_sc_hd__dfrtp_2_Q_RESET_B (net)
                      0.038284    0.000007    6.547143 ^ spi_in.shift_reg[4]_sky130_fd_sc_hd__dfrtp_2_Q/RESET_B (sky130_fd_sc_hd__dfrtp_1)
                                              6.547143   data arrival time

                                  0.000000    0.000000   clock clk (rise edge)
                                  0.000000    0.000000   clock source latency
     1    0.028310    0.132872    0.092458    0.092458 ^ clk (in)
                                                         clk (net)
                      0.132912    0.000000    0.092458 ^ clkbuf_0_clk/A (sky130_fd_sc_hd__clkbuf_16)
     8    0.108967    0.123112    0.223171    0.315629 ^ clkbuf_0_clk/X (sky130_fd_sc_hd__clkbuf_16)
                                                         clknet_0_clk (net)
                      0.123294    0.003785    0.319414 ^ clkbuf_3_5__f_clk/A (sky130_fd_sc_hd__clkbuf_16)
    13    0.042872    0.062425    0.172723    0.492137 ^ clkbuf_3_5__f_clk/X (sky130_fd_sc_hd__clkbuf_16)
                                                         clknet_3_5__leaf_clk (net)
                      0.062426    0.000373    0.492510 ^ spi_in.shift_reg[4]_sky130_fd_sc_hd__dfrtp_2_Q/CLK (sky130_fd_sc_hd__dfrtp_1)
                                  0.250000    0.742510   clock uncertainty
                                  0.000000    0.742510   clock reconvergence pessimism
                                  0.323152    1.065663   library removal time
                                              1.065663   data required time
---------------------------------------------------------------------------------------------
                                              1.065663   data required time
                                             -6.547143   data arrival time
---------------------------------------------------------------------------------------------
                                              5.481480   slack (MET)


Startpoint: reset (input port clocked by clk)
Endpoint: spi_out.bit_cnt[1]_sky130_fd_sc_hd__dfrtp_2_Q
          (removal check against rising-edge clock clk)
Path Group: asynchronous
Path Type: min

Fanout         Cap        Slew       Delay        Time   Description
---------------------------------------------------------------------------------------------
                                  0.000000    0.000000   clock clk (rise edge)
                                  0.000000    0.000000   clock network delay (propagated)
                                  6.000000    6.000000 v input external delay
     1    0.002519    0.007983    0.003938    6.003938 v reset (in)
                                                         reset (net)
                      0.007983    0.000000    6.003938 v input1/A (sky130_fd_sc_hd__clkbuf_1)
     1    0.002900    0.026986    0.072522    6.076460 v input1/X (sky130_fd_sc_hd__clkbuf_1)
                                                         net1 (net)
                      0.026986    0.000010    6.076470 v fanout35/A (sky130_fd_sc_hd__clkbuf_4)
     5    0.041249    0.092196    0.185337    6.261807 v fanout35/X (sky130_fd_sc_hd__clkbuf_4)
                                                         net35 (net)
                      0.092196    0.000049    6.261857 v fanout32/A (sky130_fd_sc_hd__clkbuf_4)
     8    0.044980    0.098762    0.220031    6.481887 v fanout32/X (sky130_fd_sc_hd__clkbuf_4)
                                                         net32 (net)
                      0.098765    0.000653    6.482540 v spi_out.bit_cnt[1]_sky130_fd_sc_hd__dfrtp_2_Q_RESET_B_sky130_fd_sc_hd__inv_2_Y/A (sky130_fd_sc_hd__inv_2)
     1    0.004142    0.038038    0.065117    6.547657 ^ spi_out.bit_cnt[1]_sky130_fd_sc_hd__dfrtp_2_Q_RESET_B_sky130_fd_sc_hd__inv_2_Y/Y (sky130_fd_sc_hd__inv_2)
                                                         spi_out.bit_cnt[1]_sky130_fd_sc_hd__dfrtp_2_Q_RESET_B (net)
                      0.038038    0.000011    6.547668 ^ spi_out.bit_cnt[1]_sky130_fd_sc_hd__dfrtp_2_Q/RESET_B (sky130_fd_sc_hd__dfrtp_1)
                                              6.547668   data arrival time

                                  0.000000    0.000000   clock clk (rise edge)
                                  0.000000    0.000000   clock source latency
     1    0.028310    0.132872    0.092458    0.092458 ^ clk (in)
                                                         clk (net)
                      0.132912    0.000000    0.092458 ^ clkbuf_0_clk/A (sky130_fd_sc_hd__clkbuf_16)
     8    0.108967    0.123112    0.223171    0.315629 ^ clkbuf_0_clk/X (sky130_fd_sc_hd__clkbuf_16)
                                                         clknet_0_clk (net)
                      0.123294    0.003785    0.319414 ^ clkbuf_3_5__f_clk/A (sky130_fd_sc_hd__clkbuf_16)
    13    0.042872    0.062425    0.172723    0.492137 ^ clkbuf_3_5__f_clk/X (sky130_fd_sc_hd__clkbuf_16)
                                                         clknet_3_5__leaf_clk (net)
                      0.062426    0.000321    0.492458 ^ spi_out.bit_cnt[1]_sky130_fd_sc_hd__dfrtp_2_Q/CLK (sky130_fd_sc_hd__dfrtp_1)
                                  0.250000    0.742458   clock uncertainty
                                  0.000000    0.742458   clock reconvergence pessimism
                                  0.323084    1.065542   library removal time
                                              1.065542   data required time
---------------------------------------------------------------------------------------------
                                              1.065542   data required time
                                             -6.547668   data arrival time
---------------------------------------------------------------------------------------------
                                              5.482126   slack (MET)


Startpoint: reset (input port clocked by clk)
Endpoint: spi_in.shift_reg[5]_sky130_fd_sc_hd__dfrtp_2_Q
          (removal check against rising-edge clock clk)
Path Group: asynchronous
Path Type: min

Fanout         Cap        Slew       Delay        Time   Description
---------------------------------------------------------------------------------------------
                                  0.000000    0.000000   clock clk (rise edge)
                                  0.000000    0.000000   clock network delay (propagated)
                                  6.000000    6.000000 v input external delay
     1    0.002519    0.007983    0.003938    6.003938 v reset (in)
                                                         reset (net)
                      0.007983    0.000000    6.003938 v input1/A (sky130_fd_sc_hd__clkbuf_1)
     1    0.002900    0.026986    0.072522    6.076460 v input1/X (sky130_fd_sc_hd__clkbuf_1)
                                                         net1 (net)
                      0.026986    0.000010    6.076470 v fanout35/A (sky130_fd_sc_hd__clkbuf_4)
     5    0.041249    0.092196    0.185337    6.261807 v fanout35/X (sky130_fd_sc_hd__clkbuf_4)
                                                         net35 (net)
                      0.092196    0.000049    6.261857 v fanout32/A (sky130_fd_sc_hd__clkbuf_4)
     8    0.044980    0.098762    0.220031    6.481887 v fanout32/X (sky130_fd_sc_hd__clkbuf_4)
                                                         net32 (net)
                      0.098774    0.001119    6.483006 v spi_in.shift_reg[5]_sky130_fd_sc_hd__dfrtp_2_Q_RESET_B_sky130_fd_sc_hd__inv_2_Y/A (sky130_fd_sc_hd__inv_2)
     1    0.004231    0.039487    0.065592    6.548597 ^ spi_in.shift_reg[5]_sky130_fd_sc_hd__dfrtp_2_Q_RESET_B_sky130_fd_sc_hd__inv_2_Y/Y (sky130_fd_sc_hd__inv_2)
                                                         spi_in.shift_reg[5]_sky130_fd_sc_hd__dfrtp_2_Q_RESET_B (net)
                      0.039487    0.000010    6.548608 ^ spi_in.shift_reg[5]_sky130_fd_sc_hd__dfrtp_2_Q/RESET_B (sky130_fd_sc_hd__dfrtp_1)
                                              6.548608   data arrival time

                                  0.000000    0.000000   clock clk (rise edge)
                                  0.000000    0.000000   clock source latency
     1    0.028310    0.132872    0.092458    0.092458 ^ clk (in)
                                                         clk (net)
                      0.132912    0.000000    0.092458 ^ clkbuf_0_clk/A (sky130_fd_sc_hd__clkbuf_16)
     8    0.108967    0.123112    0.223171    0.315629 ^ clkbuf_0_clk/X (sky130_fd_sc_hd__clkbuf_16)
                                                         clknet_0_clk (net)
                      0.123294    0.003785    0.319414 ^ clkbuf_3_5__f_clk/A (sky130_fd_sc_hd__clkbuf_16)
    13    0.042872    0.062425    0.172723    0.492137 ^ clkbuf_3_5__f_clk/X (sky130_fd_sc_hd__clkbuf_16)
                                                         clknet_3_5__leaf_clk (net)
                      0.062425    0.000249    0.492386 ^ spi_in.shift_reg[5]_sky130_fd_sc_hd__dfrtp_2_Q/CLK (sky130_fd_sc_hd__dfrtp_1)
                                  0.250000    0.742386   clock uncertainty
                                  0.000000    0.742386   clock reconvergence pessimism
                                  0.323482    1.065868   library removal time
                                              1.065868   data required time
---------------------------------------------------------------------------------------------
                                              1.065868   data required time
                                             -6.548608   data arrival time
---------------------------------------------------------------------------------------------
                                              5.482739   slack (MET)


Startpoint: reset (input port clocked by clk)
Endpoint: spi_out.shift_reg[0]_sky130_fd_sc_hd__dfrtp_2_Q
          (removal check against rising-edge clock clk)
Path Group: asynchronous
Path Type: min

Fanout         Cap        Slew       Delay        Time   Description
---------------------------------------------------------------------------------------------
                                  0.000000    0.000000   clock clk (rise edge)
                                  0.000000    0.000000   clock network delay (propagated)
                                  6.000000    6.000000 v input external delay
     1    0.002519    0.007983    0.003938    6.003938 v reset (in)
                                                         reset (net)
                      0.007983    0.000000    6.003938 v input1/A (sky130_fd_sc_hd__clkbuf_1)
     1    0.002900    0.026986    0.072522    6.076460 v input1/X (sky130_fd_sc_hd__clkbuf_1)
                                                         net1 (net)
                      0.026986    0.000010    6.076470 v fanout35/A (sky130_fd_sc_hd__clkbuf_4)
     5    0.041249    0.092196    0.185337    6.261807 v fanout35/X (sky130_fd_sc_hd__clkbuf_4)
                                                         net35 (net)
                      0.092196    0.000266    6.262073 v fanout30/A (sky130_fd_sc_hd__clkbuf_4)
     5    0.035871    0.082404    0.206164    6.468236 v fanout30/X (sky130_fd_sc_hd__clkbuf_4)
                                                         net30 (net)
                      0.082404    0.000125    6.468361 v fanout29/A (sky130_fd_sc_hd__buf_4)
    10    0.057812    0.082284    0.209924    6.678286 v fanout29/X (sky130_fd_sc_hd__buf_4)
                                                         net29 (net)
                      0.082284    0.000285    6.678570 v spi_out.shift_reg[0]_sky130_fd_sc_hd__dfrtp_2_Q_RESET_B_sky130_fd_sc_hd__inv_2_Y/A (sky130_fd_sc_hd__inv_2)
     1    0.003895    0.034671    0.057981    6.736551 ^ spi_out.shift_reg[0]_sky130_fd_sc_hd__dfrtp_2_Q_RESET_B_sky130_fd_sc_hd__inv_2_Y/Y (sky130_fd_sc_hd__inv_2)
                                                         spi_out.shift_reg[0]_sky130_fd_sc_hd__dfrtp_2_Q_RESET_B (net)
                      0.034671    0.000006    6.736557 ^ spi_out.shift_reg[0]_sky130_fd_sc_hd__dfrtp_2_Q/RESET_B (sky130_fd_sc_hd__dfrtp_1)
                                              6.736557   data arrival time

                                  0.000000    0.000000   clock clk (rise edge)
                                  0.000000    0.000000   clock source latency
     1    0.028310    0.132872    0.092458    0.092458 ^ clk (in)
                                                         clk (net)
                      0.132912    0.000000    0.092458 ^ clkbuf_0_clk/A (sky130_fd_sc_hd__clkbuf_16)
     8    0.108967    0.123112    0.223171    0.315629 ^ clkbuf_0_clk/X (sky130_fd_sc_hd__clkbuf_16)
                                                         clknet_0_clk (net)
                      0.123270    0.003535    0.319164 ^ clkbuf_3_4__f_clk/A (sky130_fd_sc_hd__clkbuf_16)
    13    0.042847    0.062408    0.172734    0.491898 ^ clkbuf_3_4__f_clk/X (sky130_fd_sc_hd__clkbuf_16)
                                                         clknet_3_4__leaf_clk (net)
                      0.062408    0.000211    0.492110 ^ spi_out.shift_reg[0]_sky130_fd_sc_hd__dfrtp_2_Q/CLK (sky130_fd_sc_hd__dfrtp_1)
                                  0.250000    0.742110   clock uncertainty
                                  0.000000    0.742110   clock reconvergence pessimism
                                  0.322153    1.064263   library removal time
                                              1.064263   data required time
---------------------------------------------------------------------------------------------
                                              1.064263   data required time
                                             -6.736557   data arrival time
---------------------------------------------------------------------------------------------
                                              5.672294   slack (MET)


Startpoint: reset (input port clocked by clk)
Endpoint: spi_in.shift_reg[8]_sky130_fd_sc_hd__dfrtp_2_Q
          (removal check against rising-edge clock clk)
Path Group: asynchronous
Path Type: min

Fanout         Cap        Slew       Delay        Time   Description
---------------------------------------------------------------------------------------------
                                  0.000000    0.000000   clock clk (rise edge)
                                  0.000000    0.000000   clock network delay (propagated)
                                  6.000000    6.000000 v input external delay
     1    0.002519    0.007983    0.003938    6.003938 v reset (in)
                                                         reset (net)
                      0.007983    0.000000    6.003938 v input1/A (sky130_fd_sc_hd__clkbuf_1)
     1    0.002900    0.026986    0.072522    6.076460 v input1/X (sky130_fd_sc_hd__clkbuf_1)
                                                         net1 (net)
                      0.026986    0.000010    6.076470 v fanout35/A (sky130_fd_sc_hd__clkbuf_4)
     5    0.041249    0.092196    0.185337    6.261807 v fanout35/X (sky130_fd_sc_hd__clkbuf_4)
                                                         net35 (net)
                      0.092196    0.000266    6.262073 v fanout30/A (sky130_fd_sc_hd__clkbuf_4)
     5    0.035871    0.082404    0.206164    6.468236 v fanout30/X (sky130_fd_sc_hd__clkbuf_4)
                                                         net30 (net)
                      0.082404    0.000125    6.468361 v fanout29/A (sky130_fd_sc_hd__buf_4)
    10    0.057812    0.082284    0.209924    6.678286 v fanout29/X (sky130_fd_sc_hd__buf_4)
                                                         net29 (net)
                      0.082284    0.000282    6.678568 v spi_in.shift_reg[8]_sky130_fd_sc_hd__dfrtp_2_Q_RESET_B_sky130_fd_sc_hd__inv_2_Y/A (sky130_fd_sc_hd__inv_2)
     1    0.003933    0.034807    0.058161    6.736728 ^ spi_in.shift_reg[8]_sky130_fd_sc_hd__dfrtp_2_Q_RESET_B_sky130_fd_sc_hd__inv_2_Y/Y (sky130_fd_sc_hd__inv_2)
                                                         spi_in.shift_reg[8]_sky130_fd_sc_hd__dfrtp_2_Q_RESET_B (net)
                      0.034807    0.000006    6.736734 ^ spi_in.shift_reg[8]_sky130_fd_sc_hd__dfrtp_2_Q/RESET_B (sky130_fd_sc_hd__dfrtp_1)
                                              6.736734   data arrival time

                                  0.000000    0.000000   clock clk (rise edge)
                                  0.000000    0.000000   clock source latency
     1    0.028310    0.132872    0.092458    0.092458 ^ clk (in)
                                                         clk (net)
                      0.132912    0.000000    0.092458 ^ clkbuf_0_clk/A (sky130_fd_sc_hd__clkbuf_16)
     8    0.108967    0.123112    0.223171    0.315629 ^ clkbuf_0_clk/X (sky130_fd_sc_hd__clkbuf_16)
                                                         clknet_0_clk (net)
                      0.123241    0.003198    0.318828 ^ clkbuf_3_1__f_clk/A (sky130_fd_sc_hd__clkbuf_16)
    12    0.043307    0.062829    0.173111    0.491939 ^ clkbuf_3_1__f_clk/X (sky130_fd_sc_hd__clkbuf_16)
                                                         clknet_3_1__leaf_clk (net)
                      0.062829    0.000174    0.492113 ^ spi_in.shift_reg[8]_sky130_fd_sc_hd__dfrtp_2_Q/CLK (sky130_fd_sc_hd__dfrtp_1)
                                  0.250000    0.742113   clock uncertainty
                                  0.000000    0.742113   clock reconvergence pessimism
                                  0.322305    1.064419   library removal time
                                              1.064419   data required time
---------------------------------------------------------------------------------------------
                                              1.064419   data required time
                                             -6.736734   data arrival time
---------------------------------------------------------------------------------------------
                                              5.672316   slack (MET)


Startpoint: reset (input port clocked by clk)
Endpoint: spi_out.shift_reg[14]_sky130_fd_sc_hd__dfrtp_2_Q
          (removal check against rising-edge clock clk)
Path Group: asynchronous
Path Type: min

Fanout         Cap        Slew       Delay        Time   Description
---------------------------------------------------------------------------------------------
                                  0.000000    0.000000   clock clk (rise edge)
                                  0.000000    0.000000   clock network delay (propagated)
                                  6.000000    6.000000 v input external delay
     1    0.002519    0.007983    0.003938    6.003938 v reset (in)
                                                         reset (net)
                      0.007983    0.000000    6.003938 v input1/A (sky130_fd_sc_hd__clkbuf_1)
     1    0.002900    0.026986    0.072522    6.076460 v input1/X (sky130_fd_sc_hd__clkbuf_1)
                                                         net1 (net)
                      0.026986    0.000010    6.076470 v fanout35/A (sky130_fd_sc_hd__clkbuf_4)
     5    0.041249    0.092196    0.185337    6.261807 v fanout35/X (sky130_fd_sc_hd__clkbuf_4)
                                                         net35 (net)
                      0.092196    0.000266    6.262073 v fanout30/A (sky130_fd_sc_hd__clkbuf_4)
     5    0.035871    0.082404    0.206164    6.468236 v fanout30/X (sky130_fd_sc_hd__clkbuf_4)
                                                         net30 (net)
                      0.082404    0.000125    6.468361 v fanout29/A (sky130_fd_sc_hd__buf_4)
    10    0.057812    0.082284    0.209924    6.678286 v fanout29/X (sky130_fd_sc_hd__buf_4)
                                                         net29 (net)
                      0.082284    0.000261    6.678546 v spi_out.shift_reg[14]_sky130_fd_sc_hd__dfrtp_2_Q_RESET_B_sky130_fd_sc_hd__inv_2_Y/A (sky130_fd_sc_hd__inv_2)
     1    0.003944    0.034843    0.058208    6.736754 ^ spi_out.shift_reg[14]_sky130_fd_sc_hd__dfrtp_2_Q_RESET_B_sky130_fd_sc_hd__inv_2_Y/Y (sky130_fd_sc_hd__inv_2)
                                                         spi_out.shift_reg[14]_sky130_fd_sc_hd__dfrtp_2_Q_RESET_B (net)
                      0.034843    0.000008    6.736762 ^ spi_out.shift_reg[14]_sky130_fd_sc_hd__dfrtp_2_Q/RESET_B (sky130_fd_sc_hd__dfrtp_1)
                                              6.736762   data arrival time

                                  0.000000    0.000000   clock clk (rise edge)
                                  0.000000    0.000000   clock source latency
     1    0.028310    0.132872    0.092458    0.092458 ^ clk (in)
                                                         clk (net)
                      0.132912    0.000000    0.092458 ^ clkbuf_0_clk/A (sky130_fd_sc_hd__clkbuf_16)
     8    0.108967    0.123112    0.223171    0.315629 ^ clkbuf_0_clk/X (sky130_fd_sc_hd__clkbuf_16)
                                                         clknet_0_clk (net)
                      0.123241    0.003198    0.318828 ^ clkbuf_3_1__f_clk/A (sky130_fd_sc_hd__clkbuf_16)
    12    0.043307    0.062829    0.173111    0.491939 ^ clkbuf_3_1__f_clk/X (sky130_fd_sc_hd__clkbuf_16)
                                                         clknet_3_1__leaf_clk (net)
                      0.062829    0.000185    0.492124 ^ spi_out.shift_reg[14]_sky130_fd_sc_hd__dfrtp_2_Q/CLK (sky130_fd_sc_hd__dfrtp_1)
                                  0.250000    0.742123   clock uncertainty
                                  0.000000    0.742123   clock reconvergence pessimism
                                  0.322315    1.064439   library removal time
                                              1.064439   data required time
---------------------------------------------------------------------------------------------
                                              1.064439   data required time
                                             -6.736762   data arrival time
---------------------------------------------------------------------------------------------
                                              5.672323   slack (MET)


Startpoint: reset (input port clocked by clk)
Endpoint: filter.x_in[7]_sky130_fd_sc_hd__dfrtp_2_Q
          (removal check against rising-edge clock clk)
Path Group: asynchronous
Path Type: min

Fanout         Cap        Slew       Delay        Time   Description
---------------------------------------------------------------------------------------------
                                  0.000000    0.000000   clock clk (rise edge)
                                  0.000000    0.000000   clock network delay (propagated)
                                  6.000000    6.000000 v input external delay
     1    0.002519    0.007983    0.003938    6.003938 v reset (in)
                                                         reset (net)
                      0.007983    0.000000    6.003938 v input1/A (sky130_fd_sc_hd__clkbuf_1)
     1    0.002900    0.026986    0.072522    6.076460 v input1/X (sky130_fd_sc_hd__clkbuf_1)
                                                         net1 (net)
                      0.026986    0.000010    6.076470 v fanout35/A (sky130_fd_sc_hd__clkbuf_4)
     5    0.041249    0.092196    0.185337    6.261807 v fanout35/X (sky130_fd_sc_hd__clkbuf_4)
                                                         net35 (net)
                      0.092196    0.000266    6.262073 v fanout30/A (sky130_fd_sc_hd__clkbuf_4)
     5    0.035871    0.082404    0.206164    6.468236 v fanout30/X (sky130_fd_sc_hd__clkbuf_4)
                                                         net30 (net)
                      0.082404    0.000125    6.468361 v fanout29/A (sky130_fd_sc_hd__buf_4)
    10    0.057812    0.082284    0.209924    6.678286 v fanout29/X (sky130_fd_sc_hd__buf_4)
                                                         net29 (net)
                      0.082285    0.000540    6.678825 v filter.x_in[7]_sky130_fd_sc_hd__dfrtp_2_Q_RESET_B_sky130_fd_sc_hd__inv_2_Y/A (sky130_fd_sc_hd__inv_2)
     1    0.003894    0.034669    0.057978    6.736804 ^ filter.x_in[7]_sky130_fd_sc_hd__dfrtp_2_Q_RESET_B_sky130_fd_sc_hd__inv_2_Y/Y (sky130_fd_sc_hd__inv_2)
                                                         filter.x_in[7]_sky130_fd_sc_hd__dfrtp_2_Q_RESET_B (net)
                      0.034669    0.000006    6.736809 ^ filter.x_in[7]_sky130_fd_sc_hd__dfrtp_2_Q/RESET_B (sky130_fd_sc_hd__dfrtp_1)
                                              6.736809   data arrival time

                                  0.000000    0.000000   clock clk (rise edge)
                                  0.000000    0.000000   clock source latency
     1    0.028310    0.132872    0.092458    0.092458 ^ clk (in)
                                                         clk (net)
                      0.132912    0.000000    0.092458 ^ clkbuf_0_clk/A (sky130_fd_sc_hd__clkbuf_16)
     8    0.108967    0.123112    0.223171    0.315629 ^ clkbuf_0_clk/X (sky130_fd_sc_hd__clkbuf_16)
                                                         clknet_0_clk (net)
                      0.123270    0.003535    0.319164 ^ clkbuf_3_4__f_clk/A (sky130_fd_sc_hd__clkbuf_16)
    13    0.042847    0.062408    0.172734    0.491898 ^ clkbuf_3_4__f_clk/X (sky130_fd_sc_hd__clkbuf_16)
                                                         clknet_3_4__leaf_clk (net)
                      0.062410    0.000382    0.492280 ^ filter.x_in[7]_sky130_fd_sc_hd__dfrtp_2_Q/CLK (sky130_fd_sc_hd__dfrtp_1)
                                  0.250000    0.742280   clock uncertainty
                                  0.000000    0.742280   clock reconvergence pessimism
                                  0.322153    1.064433   library removal time
                                              1.064433   data required time
---------------------------------------------------------------------------------------------
                                              1.064433   data required time
                                             -6.736809   data arrival time
---------------------------------------------------------------------------------------------
                                              5.672376   slack (MET)


Startpoint: reset (input port clocked by clk)
Endpoint: spi_miso_sky130_fd_sc_hd__dfrtp_2_Q
          (removal check against rising-edge clock clk)
Path Group: asynchronous
Path Type: min

Fanout         Cap        Slew       Delay        Time   Description
---------------------------------------------------------------------------------------------
                                  0.000000    0.000000   clock clk (rise edge)
                                  0.000000    0.000000   clock network delay (propagated)
                                  6.000000    6.000000 v input external delay
     1    0.002519    0.007983    0.003938    6.003938 v reset (in)
                                                         reset (net)
                      0.007983    0.000000    6.003938 v input1/A (sky130_fd_sc_hd__clkbuf_1)
     1    0.002900    0.026986    0.072522    6.076460 v input1/X (sky130_fd_sc_hd__clkbuf_1)
                                                         net1 (net)
                      0.026986    0.000010    6.076470 v fanout35/A (sky130_fd_sc_hd__clkbuf_4)
     5    0.041249    0.092196    0.185337    6.261807 v fanout35/X (sky130_fd_sc_hd__clkbuf_4)
                                                         net35 (net)
                      0.092196    0.000266    6.262073 v fanout30/A (sky130_fd_sc_hd__clkbuf_4)
     5    0.035871    0.082404    0.206164    6.468236 v fanout30/X (sky130_fd_sc_hd__clkbuf_4)
                                                         net30 (net)
                      0.082404    0.000125    6.468361 v fanout29/A (sky130_fd_sc_hd__buf_4)
    10    0.057812    0.082284    0.209924    6.678286 v fanout29/X (sky130_fd_sc_hd__buf_4)
                                                         net29 (net)
                      0.082284    0.000195    6.678481 v spi_miso_sky130_fd_sc_hd__dfrtp_2_Q_RESET_B_sky130_fd_sc_hd__inv_2_Y/A (sky130_fd_sc_hd__inv_2)
     1    0.004025    0.035129    0.058585    6.737066 ^ spi_miso_sky130_fd_sc_hd__dfrtp_2_Q_RESET_B_sky130_fd_sc_hd__inv_2_Y/Y (sky130_fd_sc_hd__inv_2)
                                                         spi_miso_sky130_fd_sc_hd__dfrtp_2_Q_RESET_B (net)
                      0.035129    0.000009    6.737075 ^ spi_miso_sky130_fd_sc_hd__dfrtp_2_Q/RESET_B (sky130_fd_sc_hd__dfrtp_1)
                                              6.737075   data arrival time

                                  0.000000    0.000000   clock clk (rise edge)
                                  0.000000    0.000000   clock source latency
     1    0.028310    0.132872    0.092458    0.092458 ^ clk (in)
                                                         clk (net)
                      0.132912    0.000000    0.092458 ^ clkbuf_0_clk/A (sky130_fd_sc_hd__clkbuf_16)
     8    0.108967    0.123112    0.223171    0.315629 ^ clkbuf_0_clk/X (sky130_fd_sc_hd__clkbuf_16)
                                                         clknet_0_clk (net)
                      0.123270    0.003535    0.319164 ^ clkbuf_3_4__f_clk/A (sky130_fd_sc_hd__clkbuf_16)
    13    0.042847    0.062408    0.172734    0.491898 ^ clkbuf_3_4__f_clk/X (sky130_fd_sc_hd__clkbuf_16)
                                                         clknet_3_4__leaf_clk (net)
                      0.062410    0.000418    0.492317 ^ spi_miso_sky130_fd_sc_hd__dfrtp_2_Q/CLK (sky130_fd_sc_hd__dfrtp_1)
                                  0.250000    0.742317   clock uncertainty
                                  0.000000    0.742317   clock reconvergence pessimism
                                  0.322280    1.064596   library removal time
                                              1.064596   data required time
---------------------------------------------------------------------------------------------
                                              1.064596   data required time
                                             -6.737075   data arrival time
---------------------------------------------------------------------------------------------
                                              5.672478   slack (MET)


Startpoint: reset (input port clocked by clk)
Endpoint: spi_in.valid_out_sky130_fd_sc_hd__dfrtp_2_Q
          (removal check against rising-edge clock clk)
Path Group: asynchronous
Path Type: min

Fanout         Cap        Slew       Delay        Time   Description
---------------------------------------------------------------------------------------------
                                  0.000000    0.000000   clock clk (rise edge)
                                  0.000000    0.000000   clock network delay (propagated)
                                  6.000000    6.000000 v input external delay
     1    0.002519    0.007983    0.003938    6.003938 v reset (in)
                                                         reset (net)
                      0.007983    0.000000    6.003938 v input1/A (sky130_fd_sc_hd__clkbuf_1)
     1    0.002900    0.026986    0.072522    6.076460 v input1/X (sky130_fd_sc_hd__clkbuf_1)
                                                         net1 (net)
                      0.026986    0.000010    6.076470 v fanout35/A (sky130_fd_sc_hd__clkbuf_4)
     5    0.041249    0.092196    0.185337    6.261807 v fanout35/X (sky130_fd_sc_hd__clkbuf_4)
                                                         net35 (net)
                      0.092196    0.000266    6.262073 v fanout30/A (sky130_fd_sc_hd__clkbuf_4)
     5    0.035871    0.082404    0.206164    6.468236 v fanout30/X (sky130_fd_sc_hd__clkbuf_4)
                                                         net30 (net)
                      0.082404    0.000125    6.468361 v fanout29/A (sky130_fd_sc_hd__buf_4)
    10    0.057812    0.082284    0.209924    6.678286 v fanout29/X (sky130_fd_sc_hd__buf_4)
                                                         net29 (net)
                      0.082284    0.000387    6.678673 v spi_in.valid_out_sky130_fd_sc_hd__dfrtp_2_Q_RESET_B_sky130_fd_sc_hd__inv_2_Y/A (sky130_fd_sc_hd__inv_2)
     1    0.003995    0.035022    0.058443    6.737116 ^ spi_in.valid_out_sky130_fd_sc_hd__dfrtp_2_Q_RESET_B_sky130_fd_sc_hd__inv_2_Y/Y (sky130_fd_sc_hd__inv_2)
                                                         spi_in.valid_out_sky130_fd_sc_hd__dfrtp_2_Q_RESET_B (net)
                      0.035022    0.000006    6.737123 ^ spi_in.valid_out_sky130_fd_sc_hd__dfrtp_2_Q/RESET_B (sky130_fd_sc_hd__dfrtp_1)
                                              6.737123   data arrival time

                                  0.000000    0.000000   clock clk (rise edge)
                                  0.000000    0.000000   clock source latency
     1    0.028310    0.132872    0.092458    0.092458 ^ clk (in)
                                                         clk (net)
                      0.132912    0.000000    0.092458 ^ clkbuf_0_clk/A (sky130_fd_sc_hd__clkbuf_16)
     8    0.108967    0.123112    0.223171    0.315629 ^ clkbuf_0_clk/X (sky130_fd_sc_hd__clkbuf_16)
                                                         clknet_0_clk (net)
                      0.123270    0.003535    0.319164 ^ clkbuf_3_4__f_clk/A (sky130_fd_sc_hd__clkbuf_16)
    13    0.042847    0.062408    0.172734    0.491898 ^ clkbuf_3_4__f_clk/X (sky130_fd_sc_hd__clkbuf_16)
                                                         clknet_3_4__leaf_clk (net)
                      0.062410    0.000424    0.492323 ^ spi_in.valid_out_sky130_fd_sc_hd__dfrtp_2_Q/CLK (sky130_fd_sc_hd__dfrtp_1)
                                  0.250000    0.742323   clock uncertainty
                                  0.000000    0.742323   clock reconvergence pessimism
                                  0.322250    1.064573   library removal time
                                              1.064573   data required time
---------------------------------------------------------------------------------------------
                                              1.064573   data required time
                                             -6.737123   data arrival time
---------------------------------------------------------------------------------------------
                                              5.672550   slack (MET)


Startpoint: reset (input port clocked by clk)
Endpoint: spi_in.sclk_prev_sky130_fd_sc_hd__dfrtp_2_Q
          (removal check against rising-edge clock clk)
Path Group: asynchronous
Path Type: min

Fanout         Cap        Slew       Delay        Time   Description
---------------------------------------------------------------------------------------------
                                  0.000000    0.000000   clock clk (rise edge)
                                  0.000000    0.000000   clock network delay (propagated)
                                  6.000000    6.000000 v input external delay
     1    0.002519    0.007983    0.003938    6.003938 v reset (in)
                                                         reset (net)
                      0.007983    0.000000    6.003938 v input1/A (sky130_fd_sc_hd__clkbuf_1)
     1    0.002900    0.026986    0.072522    6.076460 v input1/X (sky130_fd_sc_hd__clkbuf_1)
                                                         net1 (net)
                      0.026986    0.000010    6.076470 v fanout35/A (sky130_fd_sc_hd__clkbuf_4)
     5    0.041249    0.092196    0.185337    6.261807 v fanout35/X (sky130_fd_sc_hd__clkbuf_4)
                                                         net35 (net)
                      0.092196    0.000266    6.262073 v fanout30/A (sky130_fd_sc_hd__clkbuf_4)
     5    0.035871    0.082404    0.206164    6.468236 v fanout30/X (sky130_fd_sc_hd__clkbuf_4)
                                                         net30 (net)
                      0.082404    0.000125    6.468361 v fanout29/A (sky130_fd_sc_hd__buf_4)
    10    0.057812    0.082284    0.209924    6.678286 v fanout29/X (sky130_fd_sc_hd__buf_4)
                                                         net29 (net)
                      0.082284    0.000039    6.678325 v spi_in.sclk_prev_sky130_fd_sc_hd__dfrtp_2_Q_RESET_B_sky130_fd_sc_hd__inv_2_Y/A (sky130_fd_sc_hd__inv_2)
     1    0.004063    0.035263    0.058761    6.737086 ^ spi_in.sclk_prev_sky130_fd_sc_hd__dfrtp_2_Q_RESET_B_sky130_fd_sc_hd__inv_2_Y/Y (sky130_fd_sc_hd__inv_2)
                                                         spi_in.sclk_prev_sky130_fd_sc_hd__dfrtp_2_Q_RESET_B (net)
                      0.035263    0.000009    6.737095 ^ spi_in.sclk_prev_sky130_fd_sc_hd__dfrtp_2_Q/RESET_B (sky130_fd_sc_hd__dfrtp_1)
                                              6.737095   data arrival time

                                  0.000000    0.000000   clock clk (rise edge)
                                  0.000000    0.000000   clock source latency
     1    0.028310    0.132872    0.092458    0.092458 ^ clk (in)
                                                         clk (net)
                      0.132912    0.000000    0.092458 ^ clkbuf_0_clk/A (sky130_fd_sc_hd__clkbuf_16)
     8    0.108967    0.123112    0.223171    0.315629 ^ clkbuf_0_clk/X (sky130_fd_sc_hd__clkbuf_16)
                                                         clknet_0_clk (net)
                      0.123270    0.003535    0.319164 ^ clkbuf_3_4__f_clk/A (sky130_fd_sc_hd__clkbuf_16)
    13    0.042847    0.062408    0.172734    0.491898 ^ clkbuf_3_4__f_clk/X (sky130_fd_sc_hd__clkbuf_16)
                                                         clknet_3_4__leaf_clk (net)
                      0.062409    0.000285    0.492184 ^ spi_in.sclk_prev_sky130_fd_sc_hd__dfrtp_2_Q/CLK (sky130_fd_sc_hd__dfrtp_1)
                                  0.250000    0.742184   clock uncertainty
                                  0.000000    0.742184   clock reconvergence pessimism
                                  0.322316    1.064500   library removal time
                                              1.064500   data required time
---------------------------------------------------------------------------------------------
                                              1.064500   data required time
                                             -6.737095   data arrival time
---------------------------------------------------------------------------------------------
                                              5.672595   slack (MET)


Startpoint: reset (input port clocked by clk)
Endpoint: spi_in.shift_reg[7]_sky130_fd_sc_hd__dfrtp_2_Q
          (removal check against rising-edge clock clk)
Path Group: asynchronous
Path Type: min

Fanout         Cap        Slew       Delay        Time   Description
---------------------------------------------------------------------------------------------
                                  0.000000    0.000000   clock clk (rise edge)
                                  0.000000    0.000000   clock network delay (propagated)
                                  6.000000    6.000000 v input external delay
     1    0.002519    0.007983    0.003938    6.003938 v reset (in)
                                                         reset (net)
                      0.007983    0.000000    6.003938 v input1/A (sky130_fd_sc_hd__clkbuf_1)
     1    0.002900    0.026986    0.072522    6.076460 v input1/X (sky130_fd_sc_hd__clkbuf_1)
                                                         net1 (net)
                      0.026986    0.000010    6.076470 v fanout35/A (sky130_fd_sc_hd__clkbuf_4)
     5    0.041249    0.092196    0.185337    6.261807 v fanout35/X (sky130_fd_sc_hd__clkbuf_4)
                                                         net35 (net)
                      0.092196    0.000266    6.262073 v fanout30/A (sky130_fd_sc_hd__clkbuf_4)
     5    0.035871    0.082404    0.206164    6.468236 v fanout30/X (sky130_fd_sc_hd__clkbuf_4)
                                                         net30 (net)
                      0.082404    0.000125    6.468361 v fanout29/A (sky130_fd_sc_hd__buf_4)
    10    0.057812    0.082284    0.209924    6.678286 v fanout29/X (sky130_fd_sc_hd__buf_4)
                                                         net29 (net)
                      0.082288    0.000688    6.678974 v spi_in.shift_reg[7]_sky130_fd_sc_hd__dfrtp_2_Q_RESET_B_sky130_fd_sc_hd__inv_2_Y/A (sky130_fd_sc_hd__inv_2)
     1    0.003894    0.034669    0.057979    6.736952 ^ spi_in.shift_reg[7]_sky130_fd_sc_hd__dfrtp_2_Q_RESET_B_sky130_fd_sc_hd__inv_2_Y/Y (sky130_fd_sc_hd__inv_2)
                                                         spi_in.shift_reg[7]_sky130_fd_sc_hd__dfrtp_2_Q_RESET_B (net)
                      0.034669    0.000006    6.736958 ^ spi_in.shift_reg[7]_sky130_fd_sc_hd__dfrtp_2_Q/RESET_B (sky130_fd_sc_hd__dfrtp_1)
                                              6.736958   data arrival time

                                  0.000000    0.000000   clock clk (rise edge)
                                  0.000000    0.000000   clock source latency
     1    0.028310    0.132872    0.092458    0.092458 ^ clk (in)
                                                         clk (net)
                      0.132912    0.000000    0.092458 ^ clkbuf_0_clk/A (sky130_fd_sc_hd__clkbuf_16)
     8    0.108967    0.123112    0.223171    0.315629 ^ clkbuf_0_clk/X (sky130_fd_sc_hd__clkbuf_16)
                                                         clknet_0_clk (net)
                      0.123241    0.003198    0.318828 ^ clkbuf_3_1__f_clk/A (sky130_fd_sc_hd__clkbuf_16)
    12    0.043307    0.062829    0.173111    0.491939 ^ clkbuf_3_1__f_clk/X (sky130_fd_sc_hd__clkbuf_16)
                                                         clknet_3_1__leaf_clk (net)
                      0.062829    0.000159    0.492097 ^ spi_in.shift_reg[7]_sky130_fd_sc_hd__dfrtp_2_Q/CLK (sky130_fd_sc_hd__dfrtp_1)
                                  0.250000    0.742097   clock uncertainty
                                  0.000000    0.742097   clock reconvergence pessimism
                                  0.322267    1.064365   library removal time
                                              1.064365   data required time
---------------------------------------------------------------------------------------------
                                              1.064365   data required time
                                             -6.736958   data arrival time
---------------------------------------------------------------------------------------------
                                              5.672593   slack (MET)


Startpoint: reset (input port clocked by clk)
Endpoint: spi_out.shift_reg[6]_sky130_fd_sc_hd__dfrtp_2_Q
          (removal check against rising-edge clock clk)
Path Group: asynchronous
Path Type: min

Fanout         Cap        Slew       Delay        Time   Description
---------------------------------------------------------------------------------------------
                                  0.000000    0.000000   clock clk (rise edge)
                                  0.000000    0.000000   clock network delay (propagated)
                                  6.000000    6.000000 v input external delay
     1    0.002519    0.007983    0.003938    6.003938 v reset (in)
                                                         reset (net)
                      0.007983    0.000000    6.003938 v input1/A (sky130_fd_sc_hd__clkbuf_1)
     1    0.002900    0.026986    0.072522    6.076460 v input1/X (sky130_fd_sc_hd__clkbuf_1)
                                                         net1 (net)
                      0.026986    0.000010    6.076470 v fanout35/A (sky130_fd_sc_hd__clkbuf_4)
     5    0.041249    0.092196    0.185337    6.261807 v fanout35/X (sky130_fd_sc_hd__clkbuf_4)
                                                         net35 (net)
                      0.092196    0.000266    6.262073 v fanout30/A (sky130_fd_sc_hd__clkbuf_4)
     5    0.035871    0.082404    0.206164    6.468236 v fanout30/X (sky130_fd_sc_hd__clkbuf_4)
                                                         net30 (net)
                      0.082404    0.000125    6.468361 v fanout29/A (sky130_fd_sc_hd__buf_4)
    10    0.057812    0.082284    0.209924    6.678286 v fanout29/X (sky130_fd_sc_hd__buf_4)
                                                         net29 (net)
                      0.082289    0.000756    6.679041 v spi_out.shift_reg[6]_sky130_fd_sc_hd__dfrtp_2_Q_RESET_B_sky130_fd_sc_hd__inv_2_Y/A (sky130_fd_sc_hd__inv_2)
     1    0.003944    0.034844    0.058210    6.737251 ^ spi_out.shift_reg[6]_sky130_fd_sc_hd__dfrtp_2_Q_RESET_B_sky130_fd_sc_hd__inv_2_Y/Y (sky130_fd_sc_hd__inv_2)
                                                         spi_out.shift_reg[6]_sky130_fd_sc_hd__dfrtp_2_Q_RESET_B (net)
                      0.034844    0.000008    6.737259 ^ spi_out.shift_reg[6]_sky130_fd_sc_hd__dfrtp_2_Q/RESET_B (sky130_fd_sc_hd__dfrtp_1)
                                              6.737259   data arrival time

                                  0.000000    0.000000   clock clk (rise edge)
                                  0.000000    0.000000   clock source latency
     1    0.028310    0.132872    0.092458    0.092458 ^ clk (in)
                                                         clk (net)
                      0.132912    0.000000    0.092458 ^ clkbuf_0_clk/A (sky130_fd_sc_hd__clkbuf_16)
     8    0.108967    0.123112    0.223171    0.315629 ^ clkbuf_0_clk/X (sky130_fd_sc_hd__clkbuf_16)
                                                         clknet_0_clk (net)
                      0.123241    0.003198    0.318828 ^ clkbuf_3_1__f_clk/A (sky130_fd_sc_hd__clkbuf_16)
    12    0.043307    0.062829    0.173111    0.491939 ^ clkbuf_3_1__f_clk/X (sky130_fd_sc_hd__clkbuf_16)
                                                         clknet_3_1__leaf_clk (net)
                      0.062829    0.000166    0.492105 ^ spi_out.shift_reg[6]_sky130_fd_sc_hd__dfrtp_2_Q/CLK (sky130_fd_sc_hd__dfrtp_1)
                                  0.250000    0.742105   clock uncertainty
                                  0.000000    0.742105   clock reconvergence pessimism
                                  0.322316    1.064421   library removal time
                                              1.064421   data required time
---------------------------------------------------------------------------------------------
                                              1.064421   data required time
                                             -6.737259   data arrival time
---------------------------------------------------------------------------------------------
                                              5.672838   slack (MET)


Startpoint: reset (input port clocked by clk)
Endpoint: filter.x_in[8]_sky130_fd_sc_hd__dfrtp_2_Q
          (removal check against rising-edge clock clk)
Path Group: asynchronous
Path Type: min

Fanout         Cap        Slew       Delay        Time   Description
---------------------------------------------------------------------------------------------
                                  0.000000    0.000000   clock clk (rise edge)
                                  0.000000    0.000000   clock network delay (propagated)
                                  6.000000    6.000000 v input external delay
     1    0.002519    0.007983    0.003938    6.003938 v reset (in)
                                                         reset (net)
                      0.007983    0.000000    6.003938 v input1/A (sky130_fd_sc_hd__clkbuf_1)
     1    0.002900    0.026986    0.072522    6.076460 v input1/X (sky130_fd_sc_hd__clkbuf_1)
                                                         net1 (net)
                      0.026986    0.000010    6.076470 v fanout35/A (sky130_fd_sc_hd__clkbuf_4)
     5    0.041249    0.092196    0.185337    6.261807 v fanout35/X (sky130_fd_sc_hd__clkbuf_4)
                                                         net35 (net)
                      0.092196    0.000266    6.262073 v fanout30/A (sky130_fd_sc_hd__clkbuf_4)
     5    0.035871    0.082404    0.206164    6.468236 v fanout30/X (sky130_fd_sc_hd__clkbuf_4)
                                                         net30 (net)
                      0.082404    0.000125    6.468361 v fanout29/A (sky130_fd_sc_hd__buf_4)
    10    0.057812    0.082284    0.209924    6.678286 v fanout29/X (sky130_fd_sc_hd__buf_4)
                                                         net29 (net)
                      0.082289    0.000767    6.679053 v filter.x_in[8]_sky130_fd_sc_hd__dfrtp_2_Q_RESET_B_sky130_fd_sc_hd__inv_2_Y/A (sky130_fd_sc_hd__inv_2)
     1    0.003944    0.034844    0.058210    6.737263 ^ filter.x_in[8]_sky130_fd_sc_hd__dfrtp_2_Q_RESET_B_sky130_fd_sc_hd__inv_2_Y/Y (sky130_fd_sc_hd__inv_2)
                                                         filter.x_in[8]_sky130_fd_sc_hd__dfrtp_2_Q_RESET_B (net)
                      0.034844    0.000008    6.737270 ^ filter.x_in[8]_sky130_fd_sc_hd__dfrtp_2_Q/RESET_B (sky130_fd_sc_hd__dfrtp_1)
                                              6.737270   data arrival time

                                  0.000000    0.000000   clock clk (rise edge)
                                  0.000000    0.000000   clock source latency
     1    0.028310    0.132872    0.092458    0.092458 ^ clk (in)
                                                         clk (net)
                      0.132912    0.000000    0.092458 ^ clkbuf_0_clk/A (sky130_fd_sc_hd__clkbuf_16)
     8    0.108967    0.123112    0.223171    0.315629 ^ clkbuf_0_clk/X (sky130_fd_sc_hd__clkbuf_16)
                                                         clknet_0_clk (net)
                      0.123241    0.003198    0.318828 ^ clkbuf_3_1__f_clk/A (sky130_fd_sc_hd__clkbuf_16)
    12    0.043307    0.062829    0.173111    0.491939 ^ clkbuf_3_1__f_clk/X (sky130_fd_sc_hd__clkbuf_16)
                                                         clknet_3_1__leaf_clk (net)
                      0.062829    0.000096    0.492035 ^ filter.x_in[8]_sky130_fd_sc_hd__dfrtp_2_Q/CLK (sky130_fd_sc_hd__dfrtp_1)
                                  0.250000    0.742035   clock uncertainty
                                  0.000000    0.742035   clock reconvergence pessimism
                                  0.322316    1.064350   library removal time
                                              1.064350   data required time
---------------------------------------------------------------------------------------------
                                              1.064350   data required time
                                             -6.737270   data arrival time
---------------------------------------------------------------------------------------------
                                              5.672920   slack (MET)


Startpoint: reset (input port clocked by clk)
Endpoint: filter.x_in[15]_sky130_fd_sc_hd__dfrtp_2_Q
          (removal check against rising-edge clock clk)
Path Group: asynchronous
Path Type: min

Fanout         Cap        Slew       Delay        Time   Description
---------------------------------------------------------------------------------------------
                                  0.000000    0.000000   clock clk (rise edge)
                                  0.000000    0.000000   clock network delay (propagated)
                                  6.000000    6.000000 v input external delay
     1    0.002519    0.007983    0.003938    6.003938 v reset (in)
                                                         reset (net)
                      0.007983    0.000000    6.003938 v input1/A (sky130_fd_sc_hd__clkbuf_1)
     1    0.002900    0.026986    0.072522    6.076460 v input1/X (sky130_fd_sc_hd__clkbuf_1)
                                                         net1 (net)
                      0.026986    0.000010    6.076470 v fanout35/A (sky130_fd_sc_hd__clkbuf_4)
     5    0.041249    0.092196    0.185337    6.261807 v fanout35/X (sky130_fd_sc_hd__clkbuf_4)
                                                         net35 (net)
                      0.092197    0.000449    6.262256 v fanout28/A (sky130_fd_sc_hd__clkbuf_4)
     5    0.042927    0.095025    0.215986    6.478242 v fanout28/X (sky130_fd_sc_hd__clkbuf_4)
                                                         net28 (net)
                      0.095050    0.001546    6.479788 v fanout25/A (sky130_fd_sc_hd__clkbuf_8)
    10    0.064384    0.080856    0.207947    6.687736 v fanout25/X (sky130_fd_sc_hd__clkbuf_8)
                                                         net25 (net)
                      0.080856    0.000298    6.688033 v filter.x_in[15]_sky130_fd_sc_hd__dfrtp_2_Q_RESET_B_sky130_fd_sc_hd__inv_2_Y/A (sky130_fd_sc_hd__inv_2)
     1    0.003860    0.034242    0.057316    6.745349 ^ filter.x_in[15]_sky130_fd_sc_hd__dfrtp_2_Q_RESET_B_sky130_fd_sc_hd__inv_2_Y/Y (sky130_fd_sc_hd__inv_2)
                                                         filter.x_in[15]_sky130_fd_sc_hd__dfrtp_2_Q_RESET_B (net)
                      0.034242    0.000005    6.745355 ^ filter.x_in[15]_sky130_fd_sc_hd__dfrtp_2_Q/RESET_B (sky130_fd_sc_hd__dfrtp_4)
                                              6.745355   data arrival time

                                  0.000000    0.000000   clock clk (rise edge)
                                  0.000000    0.000000   clock source latency
     1    0.028310    0.132872    0.092458    0.092458 ^ clk (in)
                                                         clk (net)
                      0.132912    0.000000    0.092458 ^ clkbuf_0_clk/A (sky130_fd_sc_hd__clkbuf_16)
     8    0.108967    0.123112    0.223171    0.315629 ^ clkbuf_0_clk/X (sky130_fd_sc_hd__clkbuf_16)
                                                         clknet_0_clk (net)
                      0.123417    0.004875    0.320504 ^ clkbuf_3_2__f_clk/A (sky130_fd_sc_hd__clkbuf_16)
     9    0.042714    0.062286    0.172659    0.493163 ^ clkbuf_3_2__f_clk/X (sky130_fd_sc_hd__clkbuf_16)
                                                         clknet_3_2__leaf_clk (net)
                      0.062286    0.000300    0.493463 ^ filter.x_in[15]_sky130_fd_sc_hd__dfrtp_2_Q/CLK (sky130_fd_sc_hd__dfrtp_4)
                                  0.250000    0.743463   clock uncertainty
                                  0.000000    0.743463   clock reconvergence pessimism
                                  0.322126    1.065589   library removal time
                                              1.065589   data required time
---------------------------------------------------------------------------------------------
                                              1.065589   data required time
                                             -6.745355   data arrival time
---------------------------------------------------------------------------------------------
                                              5.679766   slack (MET)


Startpoint: reset (input port clocked by clk)
Endpoint: filter.x_in[14]_sky130_fd_sc_hd__dfrtp_2_Q
          (removal check against rising-edge clock clk)
Path Group: asynchronous
Path Type: min

Fanout         Cap        Slew       Delay        Time   Description
---------------------------------------------------------------------------------------------
                                  0.000000    0.000000   clock clk (rise edge)
                                  0.000000    0.000000   clock network delay (propagated)
                                  6.000000    6.000000 v input external delay
     1    0.002519    0.007983    0.003938    6.003938 v reset (in)
                                                         reset (net)
                      0.007983    0.000000    6.003938 v input1/A (sky130_fd_sc_hd__clkbuf_1)
     1    0.002900    0.026986    0.072522    6.076460 v input1/X (sky130_fd_sc_hd__clkbuf_1)
                                                         net1 (net)
                      0.026986    0.000010    6.076470 v fanout35/A (sky130_fd_sc_hd__clkbuf_4)
     5    0.041249    0.092196    0.185337    6.261807 v fanout35/X (sky130_fd_sc_hd__clkbuf_4)
                                                         net35 (net)
                      0.092197    0.000449    6.262256 v fanout28/A (sky130_fd_sc_hd__clkbuf_4)
     5    0.042927    0.095025    0.215986    6.478242 v fanout28/X (sky130_fd_sc_hd__clkbuf_4)
                                                         net28 (net)
                      0.095050    0.001546    6.479788 v fanout25/A (sky130_fd_sc_hd__clkbuf_8)
    10    0.064384    0.080856    0.207947    6.687736 v fanout25/X (sky130_fd_sc_hd__clkbuf_8)
                                                         net25 (net)
                      0.080857    0.000357    6.688093 v filter.x_in[14]_sky130_fd_sc_hd__dfrtp_2_Q_RESET_B_sky130_fd_sc_hd__inv_2_Y/A (sky130_fd_sc_hd__inv_2)
     1    0.003815    0.034083    0.057108    6.745201 ^ filter.x_in[14]_sky130_fd_sc_hd__dfrtp_2_Q_RESET_B_sky130_fd_sc_hd__inv_2_Y/Y (sky130_fd_sc_hd__inv_2)
                                                         filter.x_in[14]_sky130_fd_sc_hd__dfrtp_2_Q_RESET_B (net)
                      0.034083    0.000004    6.745205 ^ filter.x_in[14]_sky130_fd_sc_hd__dfrtp_2_Q/RESET_B (sky130_fd_sc_hd__dfrtp_1)
                                              6.745205   data arrival time

                                  0.000000    0.000000   clock clk (rise edge)
                                  0.000000    0.000000   clock source latency
     1    0.028310    0.132872    0.092458    0.092458 ^ clk (in)
                                                         clk (net)
                      0.132912    0.000000    0.092458 ^ clkbuf_0_clk/A (sky130_fd_sc_hd__clkbuf_16)
     8    0.108967    0.123112    0.223171    0.315629 ^ clkbuf_0_clk/X (sky130_fd_sc_hd__clkbuf_16)
                                                         clknet_0_clk (net)
                      0.123417    0.004875    0.320504 ^ clkbuf_3_2__f_clk/A (sky130_fd_sc_hd__clkbuf_16)
     9    0.042714    0.062286    0.172659    0.493163 ^ clkbuf_3_2__f_clk/X (sky130_fd_sc_hd__clkbuf_16)
                                                         clknet_3_2__leaf_clk (net)
                      0.062286    0.000246    0.493409 ^ filter.x_in[14]_sky130_fd_sc_hd__dfrtp_2_Q/CLK (sky130_fd_sc_hd__dfrtp_1)
                                  0.250000    0.743409   clock uncertainty
                                  0.000000    0.743409   clock reconvergence pessimism
                                  0.321958    1.065367   library removal time
                                              1.065367   data required time
---------------------------------------------------------------------------------------------
                                              1.065367   data required time
                                             -6.745205   data arrival time
---------------------------------------------------------------------------------------------
                                              5.679838   slack (MET)


Startpoint: reset (input port clocked by clk)
Endpoint: spi_in.shift_reg[14]_sky130_fd_sc_hd__dfrtp_2_Q
          (removal check against rising-edge clock clk)
Path Group: asynchronous
Path Type: min

Fanout         Cap        Slew       Delay        Time   Description
---------------------------------------------------------------------------------------------
                                  0.000000    0.000000   clock clk (rise edge)
                                  0.000000    0.000000   clock network delay (propagated)
                                  6.000000    6.000000 v input external delay
     1    0.002519    0.007983    0.003938    6.003938 v reset (in)
                                                         reset (net)
                      0.007983    0.000000    6.003938 v input1/A (sky130_fd_sc_hd__clkbuf_1)
     1    0.002900    0.026986    0.072522    6.076460 v input1/X (sky130_fd_sc_hd__clkbuf_1)
                                                         net1 (net)
                      0.026986    0.000010    6.076470 v fanout35/A (sky130_fd_sc_hd__clkbuf_4)
     5    0.041249    0.092196    0.185337    6.261807 v fanout35/X (sky130_fd_sc_hd__clkbuf_4)
                                                         net35 (net)
                      0.092197    0.000449    6.262256 v fanout28/A (sky130_fd_sc_hd__clkbuf_4)
     5    0.042927    0.095025    0.215986    6.478242 v fanout28/X (sky130_fd_sc_hd__clkbuf_4)
                                                         net28 (net)
                      0.095050    0.001546    6.479788 v fanout25/A (sky130_fd_sc_hd__clkbuf_8)
    10    0.064384    0.080856    0.207947    6.687736 v fanout25/X (sky130_fd_sc_hd__clkbuf_8)
                                                         net25 (net)
                      0.080856    0.000257    6.687992 v spi_in.shift_reg[14]_sky130_fd_sc_hd__dfrtp_2_Q_RESET_B_sky130_fd_sc_hd__inv_2_Y/A (sky130_fd_sc_hd__inv_2)
     1    0.004034    0.034849    0.058113    6.746105 ^ spi_in.shift_reg[14]_sky130_fd_sc_hd__dfrtp_2_Q_RESET_B_sky130_fd_sc_hd__inv_2_Y/Y (sky130_fd_sc_hd__inv_2)
                                                         spi_in.shift_reg[14]_sky130_fd_sc_hd__dfrtp_2_Q_RESET_B (net)
                      0.034849    0.000007    6.746111 ^ spi_in.shift_reg[14]_sky130_fd_sc_hd__dfrtp_2_Q/RESET_B (sky130_fd_sc_hd__dfrtp_1)
                                              6.746111   data arrival time

                                  0.000000    0.000000   clock clk (rise edge)
                                  0.000000    0.000000   clock source latency
     1    0.028310    0.132872    0.092458    0.092458 ^ clk (in)
                                                         clk (net)
                      0.132912    0.000000    0.092458 ^ clkbuf_0_clk/A (sky130_fd_sc_hd__clkbuf_16)
     8    0.108967    0.123112    0.223171    0.315629 ^ clkbuf_0_clk/X (sky130_fd_sc_hd__clkbuf_16)
                                                         clknet_0_clk (net)
                      0.123417    0.004875    0.320504 ^ clkbuf_3_2__f_clk/A (sky130_fd_sc_hd__clkbuf_16)
     9    0.042714    0.062286    0.172659    0.493163 ^ clkbuf_3_2__f_clk/X (sky130_fd_sc_hd__clkbuf_16)
                                                         clknet_3_2__leaf_clk (net)
                      0.062286    0.000294    0.493457 ^ spi_in.shift_reg[14]_sky130_fd_sc_hd__dfrtp_2_Q/CLK (sky130_fd_sc_hd__dfrtp_1)
                                  0.250000    0.743457   clock uncertainty
                                  0.000000    0.743457   clock reconvergence pessimism
                                  0.322169    1.065626   library removal time
                                              1.065626   data required time
---------------------------------------------------------------------------------------------
                                              1.065626   data required time
                                             -6.746111   data arrival time
---------------------------------------------------------------------------------------------
                                              5.680486   slack (MET)


Startpoint: reset (input port clocked by clk)
Endpoint: filter.y_out[12]_sky130_fd_sc_hd__dfrtp_2_Q
          (removal check against rising-edge clock clk)
Path Group: asynchronous
Path Type: min

Fanout         Cap        Slew       Delay        Time   Description
---------------------------------------------------------------------------------------------
                                  0.000000    0.000000   clock clk (rise edge)
                                  0.000000    0.000000   clock network delay (propagated)
                                  6.000000    6.000000 v input external delay
     1    0.002519    0.007983    0.003938    6.003938 v reset (in)
                                                         reset (net)
                      0.007983    0.000000    6.003938 v input1/A (sky130_fd_sc_hd__clkbuf_1)
     1    0.002900    0.026986    0.072522    6.076460 v input1/X (sky130_fd_sc_hd__clkbuf_1)
                                                         net1 (net)
                      0.026986    0.000010    6.076470 v fanout35/A (sky130_fd_sc_hd__clkbuf_4)
     5    0.041249    0.092196    0.185337    6.261807 v fanout35/X (sky130_fd_sc_hd__clkbuf_4)
                                                         net35 (net)
                      0.092197    0.000449    6.262256 v fanout28/A (sky130_fd_sc_hd__clkbuf_4)
     5    0.042927    0.095025    0.215986    6.478242 v fanout28/X (sky130_fd_sc_hd__clkbuf_4)
                                                         net28 (net)
                      0.095050    0.001546    6.479788 v fanout25/A (sky130_fd_sc_hd__clkbuf_8)
    10    0.064384    0.080856    0.207947    6.687736 v fanout25/X (sky130_fd_sc_hd__clkbuf_8)
                                                         net25 (net)
                      0.080875    0.001218    6.688953 v filter.y_out[12]_sky130_fd_sc_hd__dfrtp_2_Q_RESET_B_sky130_fd_sc_hd__inv_2_Y/A (sky130_fd_sc_hd__inv_2)
     1    0.003982    0.034672    0.057881    6.746834 ^ filter.y_out[12]_sky130_fd_sc_hd__dfrtp_2_Q_RESET_B_sky130_fd_sc_hd__inv_2_Y/Y (sky130_fd_sc_hd__inv_2)
                                                         filter.y_out[12]_sky130_fd_sc_hd__dfrtp_2_Q_RESET_B (net)
                      0.034672    0.000007    6.746841 ^ filter.y_out[12]_sky130_fd_sc_hd__dfrtp_2_Q/RESET_B (sky130_fd_sc_hd__dfrtp_4)
                                              6.746841   data arrival time

                                  0.000000    0.000000   clock clk (rise edge)
                                  0.000000    0.000000   clock source latency
     1    0.028310    0.132872    0.092458    0.092458 ^ clk (in)
                                                         clk (net)
                      0.132912    0.000000    0.092458 ^ clkbuf_0_clk/A (sky130_fd_sc_hd__clkbuf_16)
     8    0.108967    0.123112    0.223171    0.315629 ^ clkbuf_0_clk/X (sky130_fd_sc_hd__clkbuf_16)
                                                         clknet_0_clk (net)
                      0.123417    0.004875    0.320504 ^ clkbuf_3_2__f_clk/A (sky130_fd_sc_hd__clkbuf_16)
     9    0.042714    0.062286    0.172659    0.493163 ^ clkbuf_3_2__f_clk/X (sky130_fd_sc_hd__clkbuf_16)
                                                         clknet_3_2__leaf_clk (net)
                      0.062290    0.000537    0.493701 ^ filter.y_out[12]_sky130_fd_sc_hd__dfrtp_2_Q/CLK (sky130_fd_sc_hd__dfrtp_4)
                                  0.250000    0.743701   clock uncertainty
                                  0.000000    0.743701   clock reconvergence pessimism
                                  0.322245    1.065945   library removal time
                                              1.065945   data required time
---------------------------------------------------------------------------------------------
                                              1.065945   data required time
                                             -6.746841   data arrival time
---------------------------------------------------------------------------------------------
                                              5.680896   slack (MET)


Startpoint: reset (input port clocked by clk)
Endpoint: filter.y_out[13]_sky130_fd_sc_hd__dfrtp_2_Q
          (removal check against rising-edge clock clk)
Path Group: asynchronous
Path Type: min

Fanout         Cap        Slew       Delay        Time   Description
---------------------------------------------------------------------------------------------
                                  0.000000    0.000000   clock clk (rise edge)
                                  0.000000    0.000000   clock network delay (propagated)
                                  6.000000    6.000000 v input external delay
     1    0.002519    0.007983    0.003938    6.003938 v reset (in)
                                                         reset (net)
                      0.007983    0.000000    6.003938 v input1/A (sky130_fd_sc_hd__clkbuf_1)
     1    0.002900    0.026986    0.072522    6.076460 v input1/X (sky130_fd_sc_hd__clkbuf_1)
                                                         net1 (net)
                      0.026986    0.000010    6.076470 v fanout35/A (sky130_fd_sc_hd__clkbuf_4)
     5    0.041249    0.092196    0.185337    6.261807 v fanout35/X (sky130_fd_sc_hd__clkbuf_4)
                                                         net35 (net)
                      0.092197    0.000449    6.262256 v fanout28/A (sky130_fd_sc_hd__clkbuf_4)
     5    0.042927    0.095025    0.215986    6.478242 v fanout28/X (sky130_fd_sc_hd__clkbuf_4)
                                                         net28 (net)
                      0.095050    0.001546    6.479788 v fanout25/A (sky130_fd_sc_hd__clkbuf_8)
    10    0.064384    0.080856    0.207947    6.687736 v fanout25/X (sky130_fd_sc_hd__clkbuf_8)
                                                         net25 (net)
                      0.080876    0.001245    6.688980 v filter.y_out[13]_sky130_fd_sc_hd__dfrtp_2_Q_RESET_B_sky130_fd_sc_hd__inv_2_Y/A (sky130_fd_sc_hd__inv_2)
     1    0.003995    0.034715    0.057939    6.746919 ^ filter.y_out[13]_sky130_fd_sc_hd__dfrtp_2_Q_RESET_B_sky130_fd_sc_hd__inv_2_Y/Y (sky130_fd_sc_hd__inv_2)
                                                         filter.y_out[13]_sky130_fd_sc_hd__dfrtp_2_Q_RESET_B (net)
                      0.034715    0.000006    6.746925 ^ filter.y_out[13]_sky130_fd_sc_hd__dfrtp_2_Q/RESET_B (sky130_fd_sc_hd__dfrtp_1)
                                              6.746925   data arrival time

                                  0.000000    0.000000   clock clk (rise edge)
                                  0.000000    0.000000   clock source latency
     1    0.028310    0.132872    0.092458    0.092458 ^ clk (in)
                                                         clk (net)
                      0.132912    0.000000    0.092458 ^ clkbuf_0_clk/A (sky130_fd_sc_hd__clkbuf_16)
     8    0.108967    0.123112    0.223171    0.315629 ^ clkbuf_0_clk/X (sky130_fd_sc_hd__clkbuf_16)
                                                         clknet_0_clk (net)
                      0.123417    0.004875    0.320504 ^ clkbuf_3_2__f_clk/A (sky130_fd_sc_hd__clkbuf_16)
     9    0.042714    0.062286    0.172659    0.493163 ^ clkbuf_3_2__f_clk/X (sky130_fd_sc_hd__clkbuf_16)
                                                         clknet_3_2__leaf_clk (net)
                      0.062288    0.000464    0.493627 ^ filter.y_out[13]_sky130_fd_sc_hd__dfrtp_2_Q/CLK (sky130_fd_sc_hd__dfrtp_1)
                                  0.250000    0.743627   clock uncertainty
                                  0.000000    0.743627   clock reconvergence pessimism
                                  0.322133    1.065760   library removal time
                                              1.065760   data required time
---------------------------------------------------------------------------------------------
                                              1.065760   data required time
                                             -6.746925   data arrival time
---------------------------------------------------------------------------------------------
                                              5.681165   slack (MET)


Startpoint: reset (input port clocked by clk)
Endpoint: spi_out.shift_reg[13]_sky130_fd_sc_hd__dfrtp_2_Q
          (removal check against rising-edge clock clk)
Path Group: asynchronous
Path Type: min

Fanout         Cap        Slew       Delay        Time   Description
---------------------------------------------------------------------------------------------
                                  0.000000    0.000000   clock clk (rise edge)
                                  0.000000    0.000000   clock network delay (propagated)
                                  6.000000    6.000000 v input external delay
     1    0.002519    0.007983    0.003938    6.003938 v reset (in)
                                                         reset (net)
                      0.007983    0.000000    6.003938 v input1/A (sky130_fd_sc_hd__clkbuf_1)
     1    0.002900    0.026986    0.072522    6.076460 v input1/X (sky130_fd_sc_hd__clkbuf_1)
                                                         net1 (net)
                      0.026986    0.000010    6.076470 v fanout35/A (sky130_fd_sc_hd__clkbuf_4)
     5    0.041249    0.092196    0.185337    6.261807 v fanout35/X (sky130_fd_sc_hd__clkbuf_4)
                                                         net35 (net)
                      0.092197    0.000449    6.262256 v fanout28/A (sky130_fd_sc_hd__clkbuf_4)
     5    0.042927    0.095025    0.215986    6.478242 v fanout28/X (sky130_fd_sc_hd__clkbuf_4)
                                                         net28 (net)
                      0.095025    0.000006    6.478248 v fanout27/A (sky130_fd_sc_hd__clkbuf_4)
     6    0.038166    0.086402    0.211131    6.689380 v fanout27/X (sky130_fd_sc_hd__clkbuf_4)
                                                         net27 (net)
                      0.086402    0.000107    6.689487 v spi_out.shift_reg[13]_sky130_fd_sc_hd__dfrtp_2_Q_RESET_B_sky130_fd_sc_hd__inv_2_Y/A (sky130_fd_sc_hd__inv_2)
     1    0.003857    0.035429    0.059264    6.748751 ^ spi_out.shift_reg[13]_sky130_fd_sc_hd__dfrtp_2_Q_RESET_B_sky130_fd_sc_hd__inv_2_Y/Y (sky130_fd_sc_hd__inv_2)
                                                         spi_out.shift_reg[13]_sky130_fd_sc_hd__dfrtp_2_Q_RESET_B (net)
                      0.035429    0.000005    6.748756 ^ spi_out.shift_reg[13]_sky130_fd_sc_hd__dfrtp_2_Q/RESET_B (sky130_fd_sc_hd__dfrtp_1)
                                              6.748756   data arrival time

                                  0.000000    0.000000   clock clk (rise edge)
                                  0.000000    0.000000   clock source latency
     1    0.028310    0.132872    0.092458    0.092458 ^ clk (in)
                                                         clk (net)
                      0.132912    0.000000    0.092458 ^ clkbuf_0_clk/A (sky130_fd_sc_hd__clkbuf_16)
     8    0.108967    0.123112    0.223171    0.315629 ^ clkbuf_0_clk/X (sky130_fd_sc_hd__clkbuf_16)
                                                         clknet_0_clk (net)
                      0.123241    0.003198    0.318828 ^ clkbuf_3_1__f_clk/A (sky130_fd_sc_hd__clkbuf_16)
    12    0.043307    0.062829    0.173111    0.491939 ^ clkbuf_3_1__f_clk/X (sky130_fd_sc_hd__clkbuf_16)
                                                         clknet_3_1__leaf_clk (net)
                      0.062829    0.000141    0.492080 ^ spi_out.shift_reg[13]_sky130_fd_sc_hd__dfrtp_2_Q/CLK (sky130_fd_sc_hd__dfrtp_1)
                                  0.250000    0.742080   clock uncertainty
                                  0.000000    0.742080   clock reconvergence pessimism
                                  0.322476    1.064556   library removal time
                                              1.064556   data required time
---------------------------------------------------------------------------------------------
                                              1.064556   data required time
                                             -6.748756   data arrival time
---------------------------------------------------------------------------------------------
                                              5.684199   slack (MET)


Startpoint: reset (input port clocked by clk)
Endpoint: spi_out.shift_reg[7]_sky130_fd_sc_hd__dfrtp_2_Q
          (removal check against rising-edge clock clk)
Path Group: asynchronous
Path Type: min

Fanout         Cap        Slew       Delay        Time   Description
---------------------------------------------------------------------------------------------
                                  0.000000    0.000000   clock clk (rise edge)
                                  0.000000    0.000000   clock network delay (propagated)
                                  6.000000    6.000000 v input external delay
     1    0.002519    0.007983    0.003938    6.003938 v reset (in)
                                                         reset (net)
                      0.007983    0.000000    6.003938 v input1/A (sky130_fd_sc_hd__clkbuf_1)
     1    0.002900    0.026986    0.072522    6.076460 v input1/X (sky130_fd_sc_hd__clkbuf_1)
                                                         net1 (net)
                      0.026986    0.000010    6.076470 v fanout35/A (sky130_fd_sc_hd__clkbuf_4)
     5    0.041249    0.092196    0.185337    6.261807 v fanout35/X (sky130_fd_sc_hd__clkbuf_4)
                                                         net35 (net)
                      0.092197    0.000449    6.262256 v fanout28/A (sky130_fd_sc_hd__clkbuf_4)
     5    0.042927    0.095025    0.215986    6.478242 v fanout28/X (sky130_fd_sc_hd__clkbuf_4)
                                                         net28 (net)
                      0.095025    0.000006    6.478248 v fanout27/A (sky130_fd_sc_hd__clkbuf_4)
     6    0.038166    0.086402    0.211131    6.689380 v fanout27/X (sky130_fd_sc_hd__clkbuf_4)
                                                         net27 (net)
                      0.086403    0.000447    6.689826 v spi_out.shift_reg[7]_sky130_fd_sc_hd__dfrtp_2_Q_RESET_B_sky130_fd_sc_hd__inv_2_Y/A (sky130_fd_sc_hd__inv_2)
     1    0.003854    0.035421    0.059253    6.749080 ^ spi_out.shift_reg[7]_sky130_fd_sc_hd__dfrtp_2_Q_RESET_B_sky130_fd_sc_hd__inv_2_Y/Y (sky130_fd_sc_hd__inv_2)
                                                         spi_out.shift_reg[7]_sky130_fd_sc_hd__dfrtp_2_Q_RESET_B (net)
                      0.035421    0.000005    6.749084 ^ spi_out.shift_reg[7]_sky130_fd_sc_hd__dfrtp_2_Q/RESET_B (sky130_fd_sc_hd__dfrtp_1)
                                              6.749084   data arrival time

                                  0.000000    0.000000   clock clk (rise edge)
                                  0.000000    0.000000   clock source latency
     1    0.028310    0.132872    0.092458    0.092458 ^ clk (in)
                                                         clk (net)
                      0.132912    0.000000    0.092458 ^ clkbuf_0_clk/A (sky130_fd_sc_hd__clkbuf_16)
     8    0.108967    0.123112    0.223171    0.315629 ^ clkbuf_0_clk/X (sky130_fd_sc_hd__clkbuf_16)
                                                         clknet_0_clk (net)
                      0.123241    0.003198    0.318828 ^ clkbuf_3_1__f_clk/A (sky130_fd_sc_hd__clkbuf_16)
    12    0.043307    0.062829    0.173111    0.491939 ^ clkbuf_3_1__f_clk/X (sky130_fd_sc_hd__clkbuf_16)
                                                         clknet_3_1__leaf_clk (net)
                      0.062829    0.000133    0.492072 ^ spi_out.shift_reg[7]_sky130_fd_sc_hd__dfrtp_2_Q/CLK (sky130_fd_sc_hd__dfrtp_1)
                                  0.250000    0.742072   clock uncertainty
                                  0.000000    0.742072   clock reconvergence pessimism
                                  0.322474    1.064546   library removal time
                                              1.064546   data required time
---------------------------------------------------------------------------------------------
                                              1.064546   data required time
                                             -6.749084   data arrival time
---------------------------------------------------------------------------------------------
                                              5.684539   slack (MET)


Startpoint: reset (input port clocked by clk)
Endpoint: spi_out.shift_reg[8]_sky130_fd_sc_hd__dfrtp_2_Q
          (removal check against rising-edge clock clk)
Path Group: asynchronous
Path Type: min

Fanout         Cap        Slew       Delay        Time   Description
---------------------------------------------------------------------------------------------
                                  0.000000    0.000000   clock clk (rise edge)
                                  0.000000    0.000000   clock network delay (propagated)
                                  6.000000    6.000000 v input external delay
     1    0.002519    0.007983    0.003938    6.003938 v reset (in)
                                                         reset (net)
                      0.007983    0.000000    6.003938 v input1/A (sky130_fd_sc_hd__clkbuf_1)
     1    0.002900    0.026986    0.072522    6.076460 v input1/X (sky130_fd_sc_hd__clkbuf_1)
                                                         net1 (net)
                      0.026986    0.000010    6.076470 v fanout35/A (sky130_fd_sc_hd__clkbuf_4)
     5    0.041249    0.092196    0.185337    6.261807 v fanout35/X (sky130_fd_sc_hd__clkbuf_4)
                                                         net35 (net)
                      0.092197    0.000449    6.262256 v fanout28/A (sky130_fd_sc_hd__clkbuf_4)
     5    0.042927    0.095025    0.215986    6.478242 v fanout28/X (sky130_fd_sc_hd__clkbuf_4)
                                                         net28 (net)
                      0.095025    0.000006    6.478248 v fanout27/A (sky130_fd_sc_hd__clkbuf_4)
     6    0.038166    0.086402    0.211131    6.689380 v fanout27/X (sky130_fd_sc_hd__clkbuf_4)
                                                         net27 (net)
                      0.086404    0.000540    6.689919 v spi_out.shift_reg[8]_sky130_fd_sc_hd__dfrtp_2_Q_RESET_B_sky130_fd_sc_hd__inv_2_Y/A (sky130_fd_sc_hd__inv_2)
     1    0.003854    0.035421    0.059253    6.749173 ^ spi_out.shift_reg[8]_sky130_fd_sc_hd__dfrtp_2_Q_RESET_B_sky130_fd_sc_hd__inv_2_Y/Y (sky130_fd_sc_hd__inv_2)
                                                         spi_out.shift_reg[8]_sky130_fd_sc_hd__dfrtp_2_Q_RESET_B (net)
                      0.035421    0.000005    6.749177 ^ spi_out.shift_reg[8]_sky130_fd_sc_hd__dfrtp_2_Q/RESET_B (sky130_fd_sc_hd__dfrtp_1)
                                              6.749177   data arrival time

                                  0.000000    0.000000   clock clk (rise edge)
                                  0.000000    0.000000   clock source latency
     1    0.028310    0.132872    0.092458    0.092458 ^ clk (in)
                                                         clk (net)
                      0.132912    0.000000    0.092458 ^ clkbuf_0_clk/A (sky130_fd_sc_hd__clkbuf_16)
     8    0.108967    0.123112    0.223171    0.315629 ^ clkbuf_0_clk/X (sky130_fd_sc_hd__clkbuf_16)
                                                         clknet_0_clk (net)
                      0.123241    0.003198    0.318828 ^ clkbuf_3_1__f_clk/A (sky130_fd_sc_hd__clkbuf_16)
    12    0.043307    0.062829    0.173111    0.491939 ^ clkbuf_3_1__f_clk/X (sky130_fd_sc_hd__clkbuf_16)
                                                         clknet_3_1__leaf_clk (net)
                      0.062829    0.000097    0.492036 ^ spi_out.shift_reg[8]_sky130_fd_sc_hd__dfrtp_2_Q/CLK (sky130_fd_sc_hd__dfrtp_1)
                                  0.250000    0.742036   clock uncertainty
                                  0.000000    0.742036   clock reconvergence pessimism
                                  0.322474    1.064510   library removal time
                                              1.064510   data required time
---------------------------------------------------------------------------------------------
                                              1.064510   data required time
                                             -6.749177   data arrival time
---------------------------------------------------------------------------------------------
                                              5.684667   slack (MET)


Startpoint: reset (input port clocked by clk)
Endpoint: filter.y_out[8]_sky130_fd_sc_hd__dfrtp_2_Q
          (removal check against rising-edge clock clk)
Path Group: asynchronous
Path Type: min

Fanout         Cap        Slew       Delay        Time   Description
---------------------------------------------------------------------------------------------
                                  0.000000    0.000000   clock clk (rise edge)
                                  0.000000    0.000000   clock network delay (propagated)
                                  6.000000    6.000000 v input external delay
     1    0.002519    0.007983    0.003938    6.003938 v reset (in)
                                                         reset (net)
                      0.007983    0.000000    6.003938 v input1/A (sky130_fd_sc_hd__clkbuf_1)
     1    0.002900    0.026986    0.072522    6.076460 v input1/X (sky130_fd_sc_hd__clkbuf_1)
                                                         net1 (net)
                      0.026986    0.000010    6.076470 v fanout35/A (sky130_fd_sc_hd__clkbuf_4)
     5    0.041249    0.092196    0.185337    6.261807 v fanout35/X (sky130_fd_sc_hd__clkbuf_4)
                                                         net35 (net)
                      0.092197    0.000449    6.262256 v fanout28/A (sky130_fd_sc_hd__clkbuf_4)
     5    0.042927    0.095025    0.215986    6.478242 v fanout28/X (sky130_fd_sc_hd__clkbuf_4)
                                                         net28 (net)
                      0.095025    0.000006    6.478248 v fanout27/A (sky130_fd_sc_hd__clkbuf_4)
     6    0.038166    0.086402    0.211131    6.689380 v fanout27/X (sky130_fd_sc_hd__clkbuf_4)
                                                         net27 (net)
                      0.086409    0.000822    6.690201 v filter.y_out[8]_sky130_fd_sc_hd__dfrtp_2_Q_RESET_B_sky130_fd_sc_hd__inv_2_Y/A (sky130_fd_sc_hd__inv_2)
     1    0.003910    0.035620    0.059521    6.749723 ^ filter.y_out[8]_sky130_fd_sc_hd__dfrtp_2_Q_RESET_B_sky130_fd_sc_hd__inv_2_Y/Y (sky130_fd_sc_hd__inv_2)
                                                         filter.y_out[8]_sky130_fd_sc_hd__dfrtp_2_Q_RESET_B (net)
                      0.035620    0.000007    6.749730 ^ filter.y_out[8]_sky130_fd_sc_hd__dfrtp_2_Q/RESET_B (sky130_fd_sc_hd__dfrtp_4)
                                              6.749730   data arrival time

                                  0.000000    0.000000   clock clk (rise edge)
                                  0.000000    0.000000   clock source latency
     1    0.028310    0.132872    0.092458    0.092458 ^ clk (in)
                                                         clk (net)
                      0.132912    0.000000    0.092458 ^ clkbuf_0_clk/A (sky130_fd_sc_hd__clkbuf_16)
     8    0.108967    0.123112    0.223171    0.315629 ^ clkbuf_0_clk/X (sky130_fd_sc_hd__clkbuf_16)
                                                         clknet_0_clk (net)
                      0.123241    0.003198    0.318828 ^ clkbuf_3_1__f_clk/A (sky130_fd_sc_hd__clkbuf_16)
    12    0.043307    0.062829    0.173111    0.491939 ^ clkbuf_3_1__f_clk/X (sky130_fd_sc_hd__clkbuf_16)
                                                         clknet_3_1__leaf_clk (net)
                      0.062829    0.000242    0.492180 ^ filter.y_out[8]_sky130_fd_sc_hd__dfrtp_2_Q/CLK (sky130_fd_sc_hd__dfrtp_4)
                                  0.250000    0.742180   clock uncertainty
                                  0.000000    0.742180   clock reconvergence pessimism
                                  0.322654    1.064834   library removal time
                                              1.064834   data required time
---------------------------------------------------------------------------------------------
                                              1.064834   data required time
                                             -6.749730   data arrival time
---------------------------------------------------------------------------------------------
                                              5.684896   slack (MET)


Startpoint: reset (input port clocked by clk)
Endpoint: filter.x_in[13]_sky130_fd_sc_hd__dfrtp_2_Q
          (removal check against rising-edge clock clk)
Path Group: asynchronous
Path Type: min

Fanout         Cap        Slew       Delay        Time   Description
---------------------------------------------------------------------------------------------
                                  0.000000    0.000000   clock clk (rise edge)
                                  0.000000    0.000000   clock network delay (propagated)
                                  6.000000    6.000000 v input external delay
     1    0.002519    0.007983    0.003938    6.003938 v reset (in)
                                                         reset (net)
                      0.007983    0.000000    6.003938 v input1/A (sky130_fd_sc_hd__clkbuf_1)
     1    0.002900    0.026986    0.072522    6.076460 v input1/X (sky130_fd_sc_hd__clkbuf_1)
                                                         net1 (net)
                      0.026986    0.000010    6.076470 v fanout35/A (sky130_fd_sc_hd__clkbuf_4)
     5    0.041249    0.092196    0.185337    6.261807 v fanout35/X (sky130_fd_sc_hd__clkbuf_4)
                                                         net35 (net)
                      0.092197    0.000449    6.262256 v fanout28/A (sky130_fd_sc_hd__clkbuf_4)
     5    0.042927    0.095025    0.215986    6.478242 v fanout28/X (sky130_fd_sc_hd__clkbuf_4)
                                                         net28 (net)
                      0.095050    0.001546    6.479788 v fanout25/A (sky130_fd_sc_hd__clkbuf_8)
    10    0.064384    0.080856    0.207947    6.687736 v fanout25/X (sky130_fd_sc_hd__clkbuf_8)
                                                         net25 (net)
                      0.080856    0.000289    6.688025 v filter.x_in[13]_sky130_fd_sc_hd__dfrtp_2_Q_RESET_B_sky130_fd_sc_hd__inv_2_Y/A (sky130_fd_sc_hd__inv_2)
     1    0.003854    0.034221    0.057289    6.745313 ^ filter.x_in[13]_sky130_fd_sc_hd__dfrtp_2_Q_RESET_B_sky130_fd_sc_hd__inv_2_Y/Y (sky130_fd_sc_hd__inv_2)
                                                         filter.x_in[13]_sky130_fd_sc_hd__dfrtp_2_Q_RESET_B (net)
                      0.034221    0.000005    6.745318 ^ filter.x_in[13]_sky130_fd_sc_hd__dfrtp_2_Q/RESET_B (sky130_fd_sc_hd__dfrtp_1)
                                              6.745318   data arrival time

                                  0.000000    0.000000   clock clk (rise edge)
                                  0.000000    0.000000   clock source latency
     1    0.028310    0.132872    0.092458    0.092458 ^ clk (in)
                                                         clk (net)
                      0.132912    0.000000    0.092458 ^ clkbuf_0_clk/A (sky130_fd_sc_hd__clkbuf_16)
     8    0.108967    0.123112    0.223171    0.315629 ^ clkbuf_0_clk/X (sky130_fd_sc_hd__clkbuf_16)
                                                         clknet_0_clk (net)
                      0.123380    0.004579    0.320208 ^ clkbuf_3_3__f_clk/A (sky130_fd_sc_hd__clkbuf_16)
     6    0.036229    0.056559    0.167876    0.488085 ^ clkbuf_3_3__f_clk/X (sky130_fd_sc_hd__clkbuf_16)
                                                         clknet_3_3__leaf_clk (net)
                      0.056560    0.000200    0.488285 ^ filter.x_in[13]_sky130_fd_sc_hd__dfrtp_2_Q/CLK (sky130_fd_sc_hd__dfrtp_1)
                                  0.250000    0.738285   clock uncertainty
                                  0.000000    0.738285   clock reconvergence pessimism
                                  0.320435    1.058720   library removal time
                                              1.058720   data required time
---------------------------------------------------------------------------------------------
                                              1.058720   data required time
                                             -6.745318   data arrival time
---------------------------------------------------------------------------------------------
                                              5.686598   slack (MET)


Startpoint: reset (input port clocked by clk)
Endpoint: filter.x_in[12]_sky130_fd_sc_hd__dfrtp_2_Q
          (removal check against rising-edge clock clk)
Path Group: asynchronous
Path Type: min

Fanout         Cap        Slew       Delay        Time   Description
---------------------------------------------------------------------------------------------
                                  0.000000    0.000000   clock clk (rise edge)
                                  0.000000    0.000000   clock network delay (propagated)
                                  6.000000    6.000000 v input external delay
     1    0.002519    0.007983    0.003938    6.003938 v reset (in)
                                                         reset (net)
                      0.007983    0.000000    6.003938 v input1/A (sky130_fd_sc_hd__clkbuf_1)
     1    0.002900    0.026986    0.072522    6.076460 v input1/X (sky130_fd_sc_hd__clkbuf_1)
                                                         net1 (net)
                      0.026986    0.000010    6.076470 v fanout35/A (sky130_fd_sc_hd__clkbuf_4)
     5    0.041249    0.092196    0.185337    6.261807 v fanout35/X (sky130_fd_sc_hd__clkbuf_4)
                                                         net35 (net)
                      0.092197    0.000449    6.262256 v fanout28/A (sky130_fd_sc_hd__clkbuf_4)
     5    0.042927    0.095025    0.215986    6.478242 v fanout28/X (sky130_fd_sc_hd__clkbuf_4)
                                                         net28 (net)
                      0.095050    0.001546    6.479788 v fanout25/A (sky130_fd_sc_hd__clkbuf_8)
    10    0.064384    0.080856    0.207947    6.687736 v fanout25/X (sky130_fd_sc_hd__clkbuf_8)
                                                         net25 (net)
                      0.080856    0.000258    6.687994 v filter.x_in[12]_sky130_fd_sc_hd__dfrtp_2_Q_RESET_B_sky130_fd_sc_hd__inv_2_Y/A (sky130_fd_sc_hd__inv_2)
     1    0.003854    0.034221    0.057289    6.745283 ^ filter.x_in[12]_sky130_fd_sc_hd__dfrtp_2_Q_RESET_B_sky130_fd_sc_hd__inv_2_Y/Y (sky130_fd_sc_hd__inv_2)
                                                         filter.x_in[12]_sky130_fd_sc_hd__dfrtp_2_Q_RESET_B (net)
                      0.034221    0.000005    6.745287 ^ filter.x_in[12]_sky130_fd_sc_hd__dfrtp_2_Q/RESET_B (sky130_fd_sc_hd__dfrtp_1)
                                              6.745287   data arrival time

                                  0.000000    0.000000   clock clk (rise edge)
                                  0.000000    0.000000   clock source latency
     1    0.028310    0.132872    0.092458    0.092458 ^ clk (in)
                                                         clk (net)
                      0.132912    0.000000    0.092458 ^ clkbuf_0_clk/A (sky130_fd_sc_hd__clkbuf_16)
     8    0.108967    0.123112    0.223171    0.315629 ^ clkbuf_0_clk/X (sky130_fd_sc_hd__clkbuf_16)
                                                         clknet_0_clk (net)
                      0.123380    0.004579    0.320208 ^ clkbuf_3_3__f_clk/A (sky130_fd_sc_hd__clkbuf_16)
     6    0.036229    0.056559    0.167876    0.488085 ^ clkbuf_3_3__f_clk/X (sky130_fd_sc_hd__clkbuf_16)
                                                         clknet_3_3__leaf_clk (net)
                      0.056559    0.000153    0.488238 ^ filter.x_in[12]_sky130_fd_sc_hd__dfrtp_2_Q/CLK (sky130_fd_sc_hd__dfrtp_1)
                                  0.250000    0.738238   clock uncertainty
                                  0.000000    0.738238   clock reconvergence pessimism
                                  0.320435    1.058672   library removal time
                                              1.058672   data required time
---------------------------------------------------------------------------------------------
                                              1.058672   data required time
                                             -6.745287   data arrival time
---------------------------------------------------------------------------------------------
                                              5.686615   slack (MET)


Startpoint: reset (input port clocked by clk)
Endpoint: spi_in.shift_reg[12]_sky130_fd_sc_hd__dfrtp_2_Q
          (removal check against rising-edge clock clk)
Path Group: asynchronous
Path Type: min

Fanout         Cap        Slew       Delay        Time   Description
---------------------------------------------------------------------------------------------
                                  0.000000    0.000000   clock clk (rise edge)
                                  0.000000    0.000000   clock network delay (propagated)
                                  6.000000    6.000000 v input external delay
     1    0.002519    0.007983    0.003938    6.003938 v reset (in)
                                                         reset (net)
                      0.007983    0.000000    6.003938 v input1/A (sky130_fd_sc_hd__clkbuf_1)
     1    0.002900    0.026986    0.072522    6.076460 v input1/X (sky130_fd_sc_hd__clkbuf_1)
                                                         net1 (net)
                      0.026986    0.000010    6.076470 v fanout35/A (sky130_fd_sc_hd__clkbuf_4)
     5    0.041249    0.092196    0.185337    6.261807 v fanout35/X (sky130_fd_sc_hd__clkbuf_4)
                                                         net35 (net)
                      0.092197    0.000449    6.262256 v fanout28/A (sky130_fd_sc_hd__clkbuf_4)
     5    0.042927    0.095025    0.215986    6.478242 v fanout28/X (sky130_fd_sc_hd__clkbuf_4)
                                                         net28 (net)
                      0.095050    0.001546    6.479788 v fanout25/A (sky130_fd_sc_hd__clkbuf_8)
    10    0.064384    0.080856    0.207947    6.687736 v fanout25/X (sky130_fd_sc_hd__clkbuf_8)
                                                         net25 (net)
                      0.080856    0.000072    6.687808 v spi_in.shift_reg[12]_sky130_fd_sc_hd__dfrtp_2_Q_RESET_B_sky130_fd_sc_hd__inv_2_Y/A (sky130_fd_sc_hd__inv_2)
     1    0.003986    0.034680    0.057890    6.745697 ^ spi_in.shift_reg[12]_sky130_fd_sc_hd__dfrtp_2_Q_RESET_B_sky130_fd_sc_hd__inv_2_Y/Y (sky130_fd_sc_hd__inv_2)
                                                         spi_in.shift_reg[12]_sky130_fd_sc_hd__dfrtp_2_Q_RESET_B (net)
                      0.034680    0.000008    6.745706 ^ spi_in.shift_reg[12]_sky130_fd_sc_hd__dfrtp_2_Q/RESET_B (sky130_fd_sc_hd__dfrtp_1)
                                              6.745706   data arrival time

                                  0.000000    0.000000   clock clk (rise edge)
                                  0.000000    0.000000   clock source latency
     1    0.028310    0.132872    0.092458    0.092458 ^ clk (in)
                                                         clk (net)
                      0.132912    0.000000    0.092458 ^ clkbuf_0_clk/A (sky130_fd_sc_hd__clkbuf_16)
     8    0.108967    0.123112    0.223171    0.315629 ^ clkbuf_0_clk/X (sky130_fd_sc_hd__clkbuf_16)
                                                         clknet_0_clk (net)
                      0.123305    0.003900    0.319530 ^ clkbuf_3_0__f_clk/A (sky130_fd_sc_hd__clkbuf_16)
    10    0.037145    0.057367    0.168557    0.488087 ^ clkbuf_3_0__f_clk/X (sky130_fd_sc_hd__clkbuf_16)
                                                         clknet_3_0__leaf_clk (net)
                      0.057367    0.000155    0.488242 ^ spi_in.shift_reg[12]_sky130_fd_sc_hd__dfrtp_2_Q/CLK (sky130_fd_sc_hd__dfrtp_1)
                                  0.250000    0.738242   clock uncertainty
                                  0.000000    0.738242   clock reconvergence pessimism
                                  0.320781    1.059023   library removal time
                                              1.059023   data required time
---------------------------------------------------------------------------------------------
                                              1.059023   data required time
                                             -6.745706   data arrival time
---------------------------------------------------------------------------------------------
                                              5.686682   slack (MET)


Startpoint: reset (input port clocked by clk)
Endpoint: spi_in.shift_reg[13]_sky130_fd_sc_hd__dfrtp_2_Q
          (removal check against rising-edge clock clk)
Path Group: asynchronous
Path Type: min

Fanout         Cap        Slew       Delay        Time   Description
---------------------------------------------------------------------------------------------
                                  0.000000    0.000000   clock clk (rise edge)
                                  0.000000    0.000000   clock network delay (propagated)
                                  6.000000    6.000000 v input external delay
     1    0.002519    0.007983    0.003938    6.003938 v reset (in)
                                                         reset (net)
                      0.007983    0.000000    6.003938 v input1/A (sky130_fd_sc_hd__clkbuf_1)
     1    0.002900    0.026986    0.072522    6.076460 v input1/X (sky130_fd_sc_hd__clkbuf_1)
                                                         net1 (net)
                      0.026986    0.000010    6.076470 v fanout35/A (sky130_fd_sc_hd__clkbuf_4)
     5    0.041249    0.092196    0.185337    6.261807 v fanout35/X (sky130_fd_sc_hd__clkbuf_4)
                                                         net35 (net)
                      0.092197    0.000449    6.262256 v fanout28/A (sky130_fd_sc_hd__clkbuf_4)
     5    0.042927    0.095025    0.215986    6.478242 v fanout28/X (sky130_fd_sc_hd__clkbuf_4)
                                                         net28 (net)
                      0.095050    0.001546    6.479788 v fanout25/A (sky130_fd_sc_hd__clkbuf_8)
    10    0.064384    0.080856    0.207947    6.687736 v fanout25/X (sky130_fd_sc_hd__clkbuf_8)
                                                         net25 (net)
                      0.080856    0.000162    6.687897 v spi_in.shift_reg[13]_sky130_fd_sc_hd__dfrtp_2_Q_RESET_B_sky130_fd_sc_hd__inv_2_Y/A (sky130_fd_sc_hd__inv_2)
     1    0.003933    0.034497    0.057651    6.745548 ^ spi_in.shift_reg[13]_sky130_fd_sc_hd__dfrtp_2_Q_RESET_B_sky130_fd_sc_hd__inv_2_Y/Y (sky130_fd_sc_hd__inv_2)
                                                         spi_in.shift_reg[13]_sky130_fd_sc_hd__dfrtp_2_Q_RESET_B (net)
                      0.034497    0.000006    6.745554 ^ spi_in.shift_reg[13]_sky130_fd_sc_hd__dfrtp_2_Q/RESET_B (sky130_fd_sc_hd__dfrtp_1)
                                              6.745554   data arrival time

                                  0.000000    0.000000   clock clk (rise edge)
                                  0.000000    0.000000   clock source latency
     1    0.028310    0.132872    0.092458    0.092458 ^ clk (in)
                                                         clk (net)
                      0.132912    0.000000    0.092458 ^ clkbuf_0_clk/A (sky130_fd_sc_hd__clkbuf_16)
     8    0.108967    0.123112    0.223171    0.315629 ^ clkbuf_0_clk/X (sky130_fd_sc_hd__clkbuf_16)
                                                         clknet_0_clk (net)
                      0.123380    0.004579    0.320208 ^ clkbuf_3_3__f_clk/A (sky130_fd_sc_hd__clkbuf_16)
     6    0.036229    0.056559    0.167876    0.488085 ^ clkbuf_3_3__f_clk/X (sky130_fd_sc_hd__clkbuf_16)
                                                         clknet_3_3__leaf_clk (net)
                      0.056560    0.000209    0.488294 ^ spi_in.shift_reg[13]_sky130_fd_sc_hd__dfrtp_2_Q/CLK (sky130_fd_sc_hd__dfrtp_1)
                                  0.250000    0.738294   clock uncertainty
                                  0.000000    0.738294   clock reconvergence pessimism
                                  0.320511    1.058805   library removal time
                                              1.058805   data required time
---------------------------------------------------------------------------------------------
                                              1.058805   data required time
                                             -6.745554   data arrival time
---------------------------------------------------------------------------------------------
                                              5.686750   slack (MET)


Startpoint: reset (input port clocked by clk)
Endpoint: filter.y_out[10]_sky130_fd_sc_hd__dfrtp_2_Q
          (removal check against rising-edge clock clk)
Path Group: asynchronous
Path Type: min

Fanout         Cap        Slew       Delay        Time   Description
---------------------------------------------------------------------------------------------
                                  0.000000    0.000000   clock clk (rise edge)
                                  0.000000    0.000000   clock network delay (propagated)
                                  6.000000    6.000000 v input external delay
     1    0.002519    0.007983    0.003938    6.003938 v reset (in)
                                                         reset (net)
                      0.007983    0.000000    6.003938 v input1/A (sky130_fd_sc_hd__clkbuf_1)
     1    0.002900    0.026986    0.072522    6.076460 v input1/X (sky130_fd_sc_hd__clkbuf_1)
                                                         net1 (net)
                      0.026986    0.000010    6.076470 v fanout35/A (sky130_fd_sc_hd__clkbuf_4)
     5    0.041249    0.092196    0.185337    6.261807 v fanout35/X (sky130_fd_sc_hd__clkbuf_4)
                                                         net35 (net)
                      0.092197    0.000449    6.262256 v fanout28/A (sky130_fd_sc_hd__clkbuf_4)
     5    0.042927    0.095025    0.215986    6.478242 v fanout28/X (sky130_fd_sc_hd__clkbuf_4)
                                                         net28 (net)
                      0.095050    0.001546    6.479788 v fanout25/A (sky130_fd_sc_hd__clkbuf_8)
    10    0.064384    0.080856    0.207947    6.687736 v fanout25/X (sky130_fd_sc_hd__clkbuf_8)
                                                         net25 (net)
                      0.080865    0.000889    6.688624 v filter.y_out[10]_sky130_fd_sc_hd__dfrtp_2_Q_RESET_B_sky130_fd_sc_hd__inv_2_Y/A (sky130_fd_sc_hd__inv_2)
     1    0.003944    0.034535    0.057701    6.746325 ^ filter.y_out[10]_sky130_fd_sc_hd__dfrtp_2_Q_RESET_B_sky130_fd_sc_hd__inv_2_Y/Y (sky130_fd_sc_hd__inv_2)
                                                         filter.y_out[10]_sky130_fd_sc_hd__dfrtp_2_Q_RESET_B (net)
                      0.034535    0.000008    6.746333 ^ filter.y_out[10]_sky130_fd_sc_hd__dfrtp_2_Q/RESET_B (sky130_fd_sc_hd__dfrtp_1)
                                              6.746333   data arrival time

                                  0.000000    0.000000   clock clk (rise edge)
                                  0.000000    0.000000   clock source latency
     1    0.028310    0.132872    0.092458    0.092458 ^ clk (in)
                                                         clk (net)
                      0.132912    0.000000    0.092458 ^ clkbuf_0_clk/A (sky130_fd_sc_hd__clkbuf_16)
     8    0.108967    0.123112    0.223171    0.315629 ^ clkbuf_0_clk/X (sky130_fd_sc_hd__clkbuf_16)
                                                         clknet_0_clk (net)
                      0.123380    0.004579    0.320208 ^ clkbuf_3_3__f_clk/A (sky130_fd_sc_hd__clkbuf_16)
     6    0.036229    0.056559    0.167876    0.488085 ^ clkbuf_3_3__f_clk/X (sky130_fd_sc_hd__clkbuf_16)
                                                         clknet_3_3__leaf_clk (net)
                      0.056559    0.000155    0.488240 ^ filter.y_out[10]_sky130_fd_sc_hd__dfrtp_2_Q/CLK (sky130_fd_sc_hd__dfrtp_1)
                                  0.250000    0.738240   clock uncertainty
                                  0.000000    0.738240   clock reconvergence pessimism
                                  0.320521    1.058761   library removal time
                                              1.058761   data required time
---------------------------------------------------------------------------------------------
                                              1.058761   data required time
                                             -6.746333   data arrival time
---------------------------------------------------------------------------------------------
                                              5.687572   slack (MET)


Startpoint: reset (input port clocked by clk)
Endpoint: filter.y_out[9]_sky130_fd_sc_hd__dfrtp_2_Q
          (removal check against rising-edge clock clk)
Path Group: asynchronous
Path Type: min

Fanout         Cap        Slew       Delay        Time   Description
---------------------------------------------------------------------------------------------
                                  0.000000    0.000000   clock clk (rise edge)
                                  0.000000    0.000000   clock network delay (propagated)
                                  6.000000    6.000000 v input external delay
     1    0.002519    0.007983    0.003938    6.003938 v reset (in)
                                                         reset (net)
                      0.007983    0.000000    6.003938 v input1/A (sky130_fd_sc_hd__clkbuf_1)
     1    0.002900    0.026986    0.072522    6.076460 v input1/X (sky130_fd_sc_hd__clkbuf_1)
                                                         net1 (net)
                      0.026986    0.000010    6.076470 v fanout35/A (sky130_fd_sc_hd__clkbuf_4)
     5    0.041249    0.092196    0.185337    6.261807 v fanout35/X (sky130_fd_sc_hd__clkbuf_4)
                                                         net35 (net)
                      0.092197    0.000449    6.262256 v fanout28/A (sky130_fd_sc_hd__clkbuf_4)
     5    0.042927    0.095025    0.215986    6.478242 v fanout28/X (sky130_fd_sc_hd__clkbuf_4)
                                                         net28 (net)
                      0.095025    0.000006    6.478248 v fanout27/A (sky130_fd_sc_hd__clkbuf_4)
     6    0.038166    0.086402    0.211131    6.689380 v fanout27/X (sky130_fd_sc_hd__clkbuf_4)
                                                         net27 (net)
                      0.086412    0.000967    6.690346 v filter.y_out[9]_sky130_fd_sc_hd__dfrtp_2_Q_RESET_B_sky130_fd_sc_hd__inv_2_Y/A (sky130_fd_sc_hd__inv_2)
     1    0.003795    0.035211    0.058972    6.749319 ^ filter.y_out[9]_sky130_fd_sc_hd__dfrtp_2_Q_RESET_B_sky130_fd_sc_hd__inv_2_Y/Y (sky130_fd_sc_hd__inv_2)
                                                         filter.y_out[9]_sky130_fd_sc_hd__dfrtp_2_Q_RESET_B (net)
                      0.035211    0.000004    6.749323 ^ filter.y_out[9]_sky130_fd_sc_hd__dfrtp_2_Q/RESET_B (sky130_fd_sc_hd__dfrtp_2)
                                              6.749323   data arrival time

                                  0.000000    0.000000   clock clk (rise edge)
                                  0.000000    0.000000   clock source latency
     1    0.028310    0.132872    0.092458    0.092458 ^ clk (in)
                                                         clk (net)
                      0.132912    0.000000    0.092458 ^ clkbuf_0_clk/A (sky130_fd_sc_hd__clkbuf_16)
     8    0.108967    0.123112    0.223171    0.315629 ^ clkbuf_0_clk/X (sky130_fd_sc_hd__clkbuf_16)
                                                         clknet_0_clk (net)
                      0.123380    0.004579    0.320208 ^ clkbuf_3_3__f_clk/A (sky130_fd_sc_hd__clkbuf_16)
     6    0.036229    0.056559    0.167876    0.488085 ^ clkbuf_3_3__f_clk/X (sky130_fd_sc_hd__clkbuf_16)
                                                         clknet_3_3__leaf_clk (net)
                      0.056560    0.000223    0.488308 ^ filter.y_out[9]_sky130_fd_sc_hd__dfrtp_2_Q/CLK (sky130_fd_sc_hd__dfrtp_2)
                                  0.250000    0.738308   clock uncertainty
                                  0.000000    0.738308   clock reconvergence pessimism
                                  0.320760    1.059068   library removal time
                                              1.059068   data required time
---------------------------------------------------------------------------------------------
                                              1.059068   data required time
                                             -6.749323   data arrival time
---------------------------------------------------------------------------------------------
                                              5.690255   slack (MET)


Startpoint: reset (input port clocked by clk)
Endpoint: spi_out.bit_cnt[3]_sky130_fd_sc_hd__dfrtp_2_Q
          (removal check against rising-edge clock clk)
Path Group: asynchronous
Path Type: min

Fanout         Cap        Slew       Delay        Time   Description
---------------------------------------------------------------------------------------------
                                  0.000000    0.000000   clock clk (rise edge)
                                  0.000000    0.000000   clock network delay (propagated)
                                  6.000000    6.000000 v input external delay
     1    0.002519    0.007983    0.003938    6.003938 v reset (in)
                                                         reset (net)
                      0.007983    0.000000    6.003938 v input1/A (sky130_fd_sc_hd__clkbuf_1)
     1    0.002900    0.026986    0.072522    6.076460 v input1/X (sky130_fd_sc_hd__clkbuf_1)
                                                         net1 (net)
                      0.026986    0.000010    6.076470 v fanout35/A (sky130_fd_sc_hd__clkbuf_4)
     5    0.041249    0.092196    0.185337    6.261807 v fanout35/X (sky130_fd_sc_hd__clkbuf_4)
                                                         net35 (net)
                      0.092196    0.000049    6.261857 v fanout32/A (sky130_fd_sc_hd__clkbuf_4)
     8    0.044980    0.098762    0.220031    6.481887 v fanout32/X (sky130_fd_sc_hd__clkbuf_4)
                                                         net32 (net)
                      0.098762    0.000087    6.481975 v fanout31/A (sky130_fd_sc_hd__buf_4)
    10    0.060947    0.085654    0.220019    6.701994 v fanout31/X (sky130_fd_sc_hd__buf_4)
                                                         net31 (net)
                      0.085654    0.000074    6.702068 v spi_out.bit_cnt[3]_sky130_fd_sc_hd__dfrtp_2_Q_RESET_B_sky130_fd_sc_hd__inv_2_Y/A (sky130_fd_sc_hd__inv_2)
     1    0.003815    0.035118    0.058800    6.760868 ^ spi_out.bit_cnt[3]_sky130_fd_sc_hd__dfrtp_2_Q_RESET_B_sky130_fd_sc_hd__inv_2_Y/Y (sky130_fd_sc_hd__inv_2)
                                                         spi_out.bit_cnt[3]_sky130_fd_sc_hd__dfrtp_2_Q_RESET_B (net)
                      0.035118    0.000004    6.760872 ^ spi_out.bit_cnt[3]_sky130_fd_sc_hd__dfrtp_2_Q/RESET_B (sky130_fd_sc_hd__dfrtp_1)
                                              6.760872   data arrival time

                                  0.000000    0.000000   clock clk (rise edge)
                                  0.000000    0.000000   clock source latency
     1    0.028310    0.132872    0.092458    0.092458 ^ clk (in)
                                                         clk (net)
                      0.132912    0.000000    0.092458 ^ clkbuf_0_clk/A (sky130_fd_sc_hd__clkbuf_16)
     8    0.108967    0.123112    0.223171    0.315629 ^ clkbuf_0_clk/X (sky130_fd_sc_hd__clkbuf_16)
                                                         clknet_0_clk (net)
                      0.123294    0.003785    0.319414 ^ clkbuf_3_5__f_clk/A (sky130_fd_sc_hd__clkbuf_16)
    13    0.042872    0.062425    0.172723    0.492137 ^ clkbuf_3_5__f_clk/X (sky130_fd_sc_hd__clkbuf_16)
                                                         clknet_3_5__leaf_clk (net)
                      0.062428    0.000469    0.492607 ^ spi_out.bit_cnt[3]_sky130_fd_sc_hd__dfrtp_2_Q/CLK (sky130_fd_sc_hd__dfrtp_1)
                                  0.250000    0.742607   clock uncertainty
                                  0.000000    0.742607   clock reconvergence pessimism
                                  0.322282    1.064888   library removal time
                                              1.064888   data required time
---------------------------------------------------------------------------------------------
                                              1.064888   data required time
                                             -6.760872   data arrival time
---------------------------------------------------------------------------------------------
                                              5.695984   slack (MET)


Startpoint: reset (input port clocked by clk)
Endpoint: spi_in.bit_cnt[0]_sky130_fd_sc_hd__dfrtp_2_Q
          (removal check against rising-edge clock clk)
Path Group: asynchronous
Path Type: min

Fanout         Cap        Slew       Delay        Time   Description
---------------------------------------------------------------------------------------------
                                  0.000000    0.000000   clock clk (rise edge)
                                  0.000000    0.000000   clock network delay (propagated)
                                  6.000000    6.000000 v input external delay
     1    0.002519    0.007983    0.003938    6.003938 v reset (in)
                                                         reset (net)
                      0.007983    0.000000    6.003938 v input1/A (sky130_fd_sc_hd__clkbuf_1)
     1    0.002900    0.026986    0.072522    6.076460 v input1/X (sky130_fd_sc_hd__clkbuf_1)
                                                         net1 (net)
                      0.026986    0.000010    6.076470 v fanout35/A (sky130_fd_sc_hd__clkbuf_4)
     5    0.041249    0.092196    0.185337    6.261807 v fanout35/X (sky130_fd_sc_hd__clkbuf_4)
                                                         net35 (net)
                      0.092196    0.000049    6.261857 v fanout32/A (sky130_fd_sc_hd__clkbuf_4)
     8    0.044980    0.098762    0.220031    6.481887 v fanout32/X (sky130_fd_sc_hd__clkbuf_4)
                                                         net32 (net)
                      0.098762    0.000087    6.481975 v fanout31/A (sky130_fd_sc_hd__buf_4)
    10    0.060947    0.085654    0.220019    6.701994 v fanout31/X (sky130_fd_sc_hd__buf_4)
                                                         net31 (net)
                      0.085654    0.000285    6.702279 v spi_in.bit_cnt[0]_sky130_fd_sc_hd__dfrtp_2_Q_RESET_B_sky130_fd_sc_hd__inv_2_Y/A (sky130_fd_sc_hd__inv_2)
     1    0.003944    0.035578    0.059416    6.761694 ^ spi_in.bit_cnt[0]_sky130_fd_sc_hd__dfrtp_2_Q_RESET_B_sky130_fd_sc_hd__inv_2_Y/Y (sky130_fd_sc_hd__inv_2)
                                                         spi_in.bit_cnt[0]_sky130_fd_sc_hd__dfrtp_2_Q_RESET_B (net)
                      0.035578    0.000008    6.761702 ^ spi_in.bit_cnt[0]_sky130_fd_sc_hd__dfrtp_2_Q/RESET_B (sky130_fd_sc_hd__dfrtp_1)
                                              6.761702   data arrival time

                                  0.000000    0.000000   clock clk (rise edge)
                                  0.000000    0.000000   clock source latency
     1    0.028310    0.132872    0.092458    0.092458 ^ clk (in)
                                                         clk (net)
                      0.132912    0.000000    0.092458 ^ clkbuf_0_clk/A (sky130_fd_sc_hd__clkbuf_16)
     8    0.108967    0.123112    0.223171    0.315629 ^ clkbuf_0_clk/X (sky130_fd_sc_hd__clkbuf_16)
                                                         clknet_0_clk (net)
                      0.123294    0.003785    0.319414 ^ clkbuf_3_5__f_clk/A (sky130_fd_sc_hd__clkbuf_16)
    13    0.042872    0.062425    0.172723    0.492137 ^ clkbuf_3_5__f_clk/X (sky130_fd_sc_hd__clkbuf_16)
                                                         clknet_3_5__leaf_clk (net)
                      0.062428    0.000459    0.492597 ^ spi_in.bit_cnt[0]_sky130_fd_sc_hd__dfrtp_2_Q/CLK (sky130_fd_sc_hd__dfrtp_1)
                                  0.250000    0.742597   clock uncertainty
                                  0.000000    0.742597   clock reconvergence pessimism
                                  0.322408    1.065005   library removal time
                                              1.065005   data required time
---------------------------------------------------------------------------------------------
                                              1.065005   data required time
                                             -6.761702   data arrival time
---------------------------------------------------------------------------------------------
                                              5.696697   slack (MET)


Startpoint: reset (input port clocked by clk)
Endpoint: spi_out.bit_cnt[4]_sky130_fd_sc_hd__dfrtp_2_Q
          (removal check against rising-edge clock clk)
Path Group: asynchronous
Path Type: min

Fanout         Cap        Slew       Delay        Time   Description
---------------------------------------------------------------------------------------------
                                  0.000000    0.000000   clock clk (rise edge)
                                  0.000000    0.000000   clock network delay (propagated)
                                  6.000000    6.000000 v input external delay
     1    0.002519    0.007983    0.003938    6.003938 v reset (in)
                                                         reset (net)
                      0.007983    0.000000    6.003938 v input1/A (sky130_fd_sc_hd__clkbuf_1)
     1    0.002900    0.026986    0.072522    6.076460 v input1/X (sky130_fd_sc_hd__clkbuf_1)
                                                         net1 (net)
                      0.026986    0.000010    6.076470 v fanout35/A (sky130_fd_sc_hd__clkbuf_4)
     5    0.041249    0.092196    0.185337    6.261807 v fanout35/X (sky130_fd_sc_hd__clkbuf_4)
                                                         net35 (net)
                      0.092196    0.000049    6.261857 v fanout32/A (sky130_fd_sc_hd__clkbuf_4)
     8    0.044980    0.098762    0.220031    6.481887 v fanout32/X (sky130_fd_sc_hd__clkbuf_4)
                                                         net32 (net)
                      0.098762    0.000087    6.481975 v fanout31/A (sky130_fd_sc_hd__buf_4)
    10    0.060947    0.085654    0.220019    6.701994 v fanout31/X (sky130_fd_sc_hd__buf_4)
                                                         net31 (net)
                      0.085654    0.000132    6.702126 v spi_out.bit_cnt[4]_sky130_fd_sc_hd__dfrtp_2_Q_RESET_B_sky130_fd_sc_hd__inv_2_Y/A (sky130_fd_sc_hd__inv_2)
     1    0.003896    0.035407    0.059187    6.761313 ^ spi_out.bit_cnt[4]_sky130_fd_sc_hd__dfrtp_2_Q_RESET_B_sky130_fd_sc_hd__inv_2_Y/Y (sky130_fd_sc_hd__inv_2)
                                                         spi_out.bit_cnt[4]_sky130_fd_sc_hd__dfrtp_2_Q_RESET_B (net)
                      0.035407    0.000006    6.761319 ^ spi_out.bit_cnt[4]_sky130_fd_sc_hd__dfrtp_2_Q/RESET_B (sky130_fd_sc_hd__dfrtp_1)
                                              6.761319   data arrival time

                                  0.000000    0.000000   clock clk (rise edge)
                                  0.000000    0.000000   clock source latency
     1    0.028310    0.132872    0.092458    0.092458 ^ clk (in)
                                                         clk (net)
                      0.132912    0.000000    0.092458 ^ clkbuf_0_clk/A (sky130_fd_sc_hd__clkbuf_16)
     8    0.108967    0.123112    0.223171    0.315629 ^ clkbuf_0_clk/X (sky130_fd_sc_hd__clkbuf_16)
                                                         clknet_0_clk (net)
                      0.123270    0.003535    0.319164 ^ clkbuf_3_4__f_clk/A (sky130_fd_sc_hd__clkbuf_16)
    13    0.042847    0.062408    0.172734    0.491898 ^ clkbuf_3_4__f_clk/X (sky130_fd_sc_hd__clkbuf_16)
                                                         clknet_3_4__leaf_clk (net)
                      0.062409    0.000296    0.492194 ^ spi_out.bit_cnt[4]_sky130_fd_sc_hd__dfrtp_2_Q/CLK (sky130_fd_sc_hd__dfrtp_1)
                                  0.250000    0.742194   clock uncertainty
                                  0.000000    0.742194   clock reconvergence pessimism
                                  0.322356    1.064550   library removal time
                                              1.064550   data required time
---------------------------------------------------------------------------------------------
                                              1.064550   data required time
                                             -6.761319   data arrival time
---------------------------------------------------------------------------------------------
                                              5.696769   slack (MET)


Startpoint: reset (input port clocked by clk)
Endpoint: filter.x_in[6]_sky130_fd_sc_hd__dfrtp_2_Q
          (removal check against rising-edge clock clk)
Path Group: asynchronous
Path Type: min

Fanout         Cap        Slew       Delay        Time   Description
---------------------------------------------------------------------------------------------
                                  0.000000    0.000000   clock clk (rise edge)
                                  0.000000    0.000000   clock network delay (propagated)
                                  6.000000    6.000000 v input external delay
     1    0.002519    0.007983    0.003938    6.003938 v reset (in)
                                                         reset (net)
                      0.007983    0.000000    6.003938 v input1/A (sky130_fd_sc_hd__clkbuf_1)
     1    0.002900    0.026986    0.072522    6.076460 v input1/X (sky130_fd_sc_hd__clkbuf_1)
                                                         net1 (net)
                      0.026986    0.000010    6.076470 v fanout35/A (sky130_fd_sc_hd__clkbuf_4)
     5    0.041249    0.092196    0.185337    6.261807 v fanout35/X (sky130_fd_sc_hd__clkbuf_4)
                                                         net35 (net)
                      0.092196    0.000049    6.261857 v fanout32/A (sky130_fd_sc_hd__clkbuf_4)
     8    0.044980    0.098762    0.220031    6.481887 v fanout32/X (sky130_fd_sc_hd__clkbuf_4)
                                                         net32 (net)
                      0.098762    0.000087    6.481975 v fanout31/A (sky130_fd_sc_hd__buf_4)
    10    0.060947    0.085654    0.220019    6.701994 v fanout31/X (sky130_fd_sc_hd__buf_4)
                                                         net31 (net)
                      0.085657    0.000611    6.702605 v filter.x_in[6]_sky130_fd_sc_hd__dfrtp_2_Q_RESET_B_sky130_fd_sc_hd__inv_2_Y/A (sky130_fd_sc_hd__inv_2)
     1    0.003854    0.035259    0.058989    6.761594 ^ filter.x_in[6]_sky130_fd_sc_hd__dfrtp_2_Q_RESET_B_sky130_fd_sc_hd__inv_2_Y/Y (sky130_fd_sc_hd__inv_2)
                                                         filter.x_in[6]_sky130_fd_sc_hd__dfrtp_2_Q_RESET_B (net)
                      0.035259    0.000005    6.761599 ^ filter.x_in[6]_sky130_fd_sc_hd__dfrtp_2_Q/RESET_B (sky130_fd_sc_hd__dfrtp_1)
                                              6.761599   data arrival time

                                  0.000000    0.000000   clock clk (rise edge)
                                  0.000000    0.000000   clock source latency
     1    0.028310    0.132872    0.092458    0.092458 ^ clk (in)
                                                         clk (net)
                      0.132912    0.000000    0.092458 ^ clkbuf_0_clk/A (sky130_fd_sc_hd__clkbuf_16)
     8    0.108967    0.123112    0.223171    0.315629 ^ clkbuf_0_clk/X (sky130_fd_sc_hd__clkbuf_16)
                                                         clknet_0_clk (net)
                      0.123294    0.003785    0.319414 ^ clkbuf_3_5__f_clk/A (sky130_fd_sc_hd__clkbuf_16)
    13    0.042872    0.062425    0.172723    0.492137 ^ clkbuf_3_5__f_clk/X (sky130_fd_sc_hd__clkbuf_16)
                                                         clknet_3_5__leaf_clk (net)
                      0.062425    0.000016    0.492153 ^ filter.x_in[6]_sky130_fd_sc_hd__dfrtp_2_Q/CLK (sky130_fd_sc_hd__dfrtp_1)
                                  0.250000    0.742153   clock uncertainty
                                  0.000000    0.742153   clock reconvergence pessimism
                                  0.322320    1.064473   library removal time
                                              1.064473   data required time
---------------------------------------------------------------------------------------------
                                              1.064473   data required time
                                             -6.761599   data arrival time
---------------------------------------------------------------------------------------------
                                              5.697125   slack (MET)


Startpoint: reset (input port clocked by clk)
Endpoint: spi_in.bit_cnt[2]_sky130_fd_sc_hd__dfrtp_2_Q
          (removal check against rising-edge clock clk)
Path Group: asynchronous
Path Type: min

Fanout         Cap        Slew       Delay        Time   Description
---------------------------------------------------------------------------------------------
                                  0.000000    0.000000   clock clk (rise edge)
                                  0.000000    0.000000   clock network delay (propagated)
                                  6.000000    6.000000 v input external delay
     1    0.002519    0.007983    0.003938    6.003938 v reset (in)
                                                         reset (net)
                      0.007983    0.000000    6.003938 v input1/A (sky130_fd_sc_hd__clkbuf_1)
     1    0.002900    0.026986    0.072522    6.076460 v input1/X (sky130_fd_sc_hd__clkbuf_1)
                                                         net1 (net)
                      0.026986    0.000010    6.076470 v fanout35/A (sky130_fd_sc_hd__clkbuf_4)
     5    0.041249    0.092196    0.185337    6.261807 v fanout35/X (sky130_fd_sc_hd__clkbuf_4)
                                                         net35 (net)
                      0.092196    0.000049    6.261857 v fanout32/A (sky130_fd_sc_hd__clkbuf_4)
     8    0.044980    0.098762    0.220031    6.481887 v fanout32/X (sky130_fd_sc_hd__clkbuf_4)
                                                         net32 (net)
                      0.098762    0.000087    6.481975 v fanout31/A (sky130_fd_sc_hd__buf_4)
    10    0.060947    0.085654    0.220019    6.701994 v fanout31/X (sky130_fd_sc_hd__buf_4)
                                                         net31 (net)
                      0.085655    0.000440    6.702434 v spi_in.bit_cnt[2]_sky130_fd_sc_hd__dfrtp_2_Q_RESET_B_sky130_fd_sc_hd__inv_2_Y/A (sky130_fd_sc_hd__inv_2)
     1    0.003995    0.035756    0.059654    6.762087 ^ spi_in.bit_cnt[2]_sky130_fd_sc_hd__dfrtp_2_Q_RESET_B_sky130_fd_sc_hd__inv_2_Y/Y (sky130_fd_sc_hd__inv_2)
                                                         spi_in.bit_cnt[2]_sky130_fd_sc_hd__dfrtp_2_Q_RESET_B (net)
                      0.035756    0.000006    6.762094 ^ spi_in.bit_cnt[2]_sky130_fd_sc_hd__dfrtp_2_Q/RESET_B (sky130_fd_sc_hd__dfrtp_1)
                                              6.762094   data arrival time

                                  0.000000    0.000000   clock clk (rise edge)
                                  0.000000    0.000000   clock source latency
     1    0.028310    0.132872    0.092458    0.092458 ^ clk (in)
                                                         clk (net)
                      0.132912    0.000000    0.092458 ^ clkbuf_0_clk/A (sky130_fd_sc_hd__clkbuf_16)
     8    0.108967    0.123112    0.223171    0.315629 ^ clkbuf_0_clk/X (sky130_fd_sc_hd__clkbuf_16)
                                                         clknet_0_clk (net)
                      0.123294    0.003785    0.319414 ^ clkbuf_3_5__f_clk/A (sky130_fd_sc_hd__clkbuf_16)
    13    0.042872    0.062425    0.172723    0.492137 ^ clkbuf_3_5__f_clk/X (sky130_fd_sc_hd__clkbuf_16)
                                                         clknet_3_5__leaf_clk (net)
                      0.062425    0.000267    0.492404 ^ spi_in.bit_cnt[2]_sky130_fd_sc_hd__dfrtp_2_Q/CLK (sky130_fd_sc_hd__dfrtp_1)
                                  0.250000    0.742404   clock uncertainty
                                  0.000000    0.742404   clock reconvergence pessimism
                                  0.322456    1.064860   library removal time
                                              1.064860   data required time
---------------------------------------------------------------------------------------------
                                              1.064860   data required time
                                             -6.762094   data arrival time
---------------------------------------------------------------------------------------------
                                              5.697234   slack (MET)


Startpoint: reset (input port clocked by clk)
Endpoint: spi_out.shift_reg[1]_sky130_fd_sc_hd__dfrtp_2_Q
          (removal check against rising-edge clock clk)
Path Group: asynchronous
Path Type: min

Fanout         Cap        Slew       Delay        Time   Description
---------------------------------------------------------------------------------------------
                                  0.000000    0.000000   clock clk (rise edge)
                                  0.000000    0.000000   clock network delay (propagated)
                                  6.000000    6.000000 v input external delay
     1    0.002519    0.007983    0.003938    6.003938 v reset (in)
                                                         reset (net)
                      0.007983    0.000000    6.003938 v input1/A (sky130_fd_sc_hd__clkbuf_1)
     1    0.002900    0.026986    0.072522    6.076460 v input1/X (sky130_fd_sc_hd__clkbuf_1)
                                                         net1 (net)
                      0.026986    0.000010    6.076470 v fanout35/A (sky130_fd_sc_hd__clkbuf_4)
     5    0.041249    0.092196    0.185337    6.261807 v fanout35/X (sky130_fd_sc_hd__clkbuf_4)
                                                         net35 (net)
                      0.092196    0.000049    6.261857 v fanout32/A (sky130_fd_sc_hd__clkbuf_4)
     8    0.044980    0.098762    0.220031    6.481887 v fanout32/X (sky130_fd_sc_hd__clkbuf_4)
                                                         net32 (net)
                      0.098762    0.000087    6.481975 v fanout31/A (sky130_fd_sc_hd__buf_4)
    10    0.060947    0.085654    0.220019    6.701994 v fanout31/X (sky130_fd_sc_hd__buf_4)
                                                         net31 (net)
                      0.085655    0.000509    6.702503 v spi_out.shift_reg[1]_sky130_fd_sc_hd__dfrtp_2_Q_RESET_B_sky130_fd_sc_hd__inv_2_Y/A (sky130_fd_sc_hd__inv_2)
     1    0.003944    0.035576    0.059412    6.761915 ^ spi_out.shift_reg[1]_sky130_fd_sc_hd__dfrtp_2_Q_RESET_B_sky130_fd_sc_hd__inv_2_Y/Y (sky130_fd_sc_hd__inv_2)
                                                         spi_out.shift_reg[1]_sky130_fd_sc_hd__dfrtp_2_Q_RESET_B (net)
                      0.035576    0.000008    6.761923 ^ spi_out.shift_reg[1]_sky130_fd_sc_hd__dfrtp_2_Q/RESET_B (sky130_fd_sc_hd__dfrtp_1)
                                              6.761923   data arrival time

                                  0.000000    0.000000   clock clk (rise edge)
                                  0.000000    0.000000   clock source latency
     1    0.028310    0.132872    0.092458    0.092458 ^ clk (in)
                                                         clk (net)
                      0.132912    0.000000    0.092458 ^ clkbuf_0_clk/A (sky130_fd_sc_hd__clkbuf_16)
     8    0.108967    0.123112    0.223171    0.315629 ^ clkbuf_0_clk/X (sky130_fd_sc_hd__clkbuf_16)
                                                         clknet_0_clk (net)
                      0.123270    0.003535    0.319164 ^ clkbuf_3_4__f_clk/A (sky130_fd_sc_hd__clkbuf_16)
    13    0.042847    0.062408    0.172734    0.491898 ^ clkbuf_3_4__f_clk/X (sky130_fd_sc_hd__clkbuf_16)
                                                         clknet_3_4__leaf_clk (net)
                      0.062408    0.000067    0.491966 ^ spi_out.shift_reg[1]_sky130_fd_sc_hd__dfrtp_2_Q/CLK (sky130_fd_sc_hd__dfrtp_1)
                                  0.250000    0.741966   clock uncertainty
                                  0.000000    0.741966   clock reconvergence pessimism
                                  0.322402    1.064368   library removal time
                                              1.064368   data required time
---------------------------------------------------------------------------------------------
                                              1.064368   data required time
                                             -6.761923   data arrival time
---------------------------------------------------------------------------------------------
                                              5.697555   slack (MET)


Startpoint: reset (input port clocked by clk)
Endpoint: spi_out.bit_cnt[0]_sky130_fd_sc_hd__dfrtp_2_Q
          (removal check against rising-edge clock clk)
Path Group: asynchronous
Path Type: min

Fanout         Cap        Slew       Delay        Time   Description
---------------------------------------------------------------------------------------------
                                  0.000000    0.000000   clock clk (rise edge)
                                  0.000000    0.000000   clock network delay (propagated)
                                  6.000000    6.000000 v input external delay
     1    0.002519    0.007983    0.003938    6.003938 v reset (in)
                                                         reset (net)
                      0.007983    0.000000    6.003938 v input1/A (sky130_fd_sc_hd__clkbuf_1)
     1    0.002900    0.026986    0.072522    6.076460 v input1/X (sky130_fd_sc_hd__clkbuf_1)
                                                         net1 (net)
                      0.026986    0.000010    6.076470 v fanout35/A (sky130_fd_sc_hd__clkbuf_4)
     5    0.041249    0.092196    0.185337    6.261807 v fanout35/X (sky130_fd_sc_hd__clkbuf_4)
                                                         net35 (net)
                      0.092196    0.000049    6.261857 v fanout32/A (sky130_fd_sc_hd__clkbuf_4)
     8    0.044980    0.098762    0.220031    6.481887 v fanout32/X (sky130_fd_sc_hd__clkbuf_4)
                                                         net32 (net)
                      0.098762    0.000087    6.481975 v fanout31/A (sky130_fd_sc_hd__buf_4)
    10    0.060947    0.085654    0.220019    6.701994 v fanout31/X (sky130_fd_sc_hd__buf_4)
                                                         net31 (net)
                      0.085654    0.000414    6.702408 v spi_out.bit_cnt[0]_sky130_fd_sc_hd__dfrtp_2_Q_RESET_B_sky130_fd_sc_hd__inv_2_Y/A (sky130_fd_sc_hd__inv_2)
     1    0.003995    0.035756    0.059654    6.762061 ^ spi_out.bit_cnt[0]_sky130_fd_sc_hd__dfrtp_2_Q_RESET_B_sky130_fd_sc_hd__inv_2_Y/Y (sky130_fd_sc_hd__inv_2)
                                                         spi_out.bit_cnt[0]_sky130_fd_sc_hd__dfrtp_2_Q_RESET_B (net)
                      0.035756    0.000006    6.762067 ^ spi_out.bit_cnt[0]_sky130_fd_sc_hd__dfrtp_2_Q/RESET_B (sky130_fd_sc_hd__dfrtp_1)
                                              6.762067   data arrival time

                                  0.000000    0.000000   clock clk (rise edge)
                                  0.000000    0.000000   clock source latency
     1    0.028310    0.132872    0.092458    0.092458 ^ clk (in)
                                                         clk (net)
                      0.132912    0.000000    0.092458 ^ clkbuf_0_clk/A (sky130_fd_sc_hd__clkbuf_16)
     8    0.108967    0.123112    0.223171    0.315629 ^ clkbuf_0_clk/X (sky130_fd_sc_hd__clkbuf_16)
                                                         clknet_0_clk (net)
                      0.123270    0.003535    0.319164 ^ clkbuf_3_4__f_clk/A (sky130_fd_sc_hd__clkbuf_16)
    13    0.042847    0.062408    0.172734    0.491898 ^ clkbuf_3_4__f_clk/X (sky130_fd_sc_hd__clkbuf_16)
                                                         clknet_3_4__leaf_clk (net)
                      0.062408    0.000090    0.491989 ^ spi_out.bit_cnt[0]_sky130_fd_sc_hd__dfrtp_2_Q/CLK (sky130_fd_sc_hd__dfrtp_1)
                                  0.250000    0.741989   clock uncertainty
                                  0.000000    0.741989   clock reconvergence pessimism
                                  0.322452    1.064441   library removal time
                                              1.064441   data required time
---------------------------------------------------------------------------------------------
                                              1.064441   data required time
                                             -6.762067   data arrival time
---------------------------------------------------------------------------------------------
                                              5.697627   slack (MET)


Startpoint: reset (input port clocked by clk)
Endpoint: spi_in.bit_cnt[1]_sky130_fd_sc_hd__dfrtp_2_Q
          (removal check against rising-edge clock clk)
Path Group: asynchronous
Path Type: min

Fanout         Cap        Slew       Delay        Time   Description
---------------------------------------------------------------------------------------------
                                  0.000000    0.000000   clock clk (rise edge)
                                  0.000000    0.000000   clock network delay (propagated)
                                  6.000000    6.000000 v input external delay
     1    0.002519    0.007983    0.003938    6.003938 v reset (in)
                                                         reset (net)
                      0.007983    0.000000    6.003938 v input1/A (sky130_fd_sc_hd__clkbuf_1)
     1    0.002900    0.026986    0.072522    6.076460 v input1/X (sky130_fd_sc_hd__clkbuf_1)
                                                         net1 (net)
                      0.026986    0.000010    6.076470 v fanout35/A (sky130_fd_sc_hd__clkbuf_4)
     5    0.041249    0.092196    0.185337    6.261807 v fanout35/X (sky130_fd_sc_hd__clkbuf_4)
                                                         net35 (net)
                      0.092196    0.000049    6.261857 v fanout32/A (sky130_fd_sc_hd__clkbuf_4)
     8    0.044980    0.098762    0.220031    6.481887 v fanout32/X (sky130_fd_sc_hd__clkbuf_4)
                                                         net32 (net)
                      0.098762    0.000087    6.481975 v fanout31/A (sky130_fd_sc_hd__buf_4)
    10    0.060947    0.085654    0.220019    6.701994 v fanout31/X (sky130_fd_sc_hd__buf_4)
                                                         net31 (net)
                      0.085654    0.000353    6.702346 v spi_in.bit_cnt[1]_sky130_fd_sc_hd__dfrtp_2_Q_RESET_B_sky130_fd_sc_hd__inv_2_Y/A (sky130_fd_sc_hd__inv_2)
     1    0.004102    0.035048    0.060158    6.762505 ^ spi_in.bit_cnt[1]_sky130_fd_sc_hd__dfrtp_2_Q_RESET_B_sky130_fd_sc_hd__inv_2_Y/Y (sky130_fd_sc_hd__inv_2)
                                                         spi_in.bit_cnt[1]_sky130_fd_sc_hd__dfrtp_2_Q_RESET_B (net)
                      0.035048    0.000010    6.762515 ^ spi_in.bit_cnt[1]_sky130_fd_sc_hd__dfrtp_2_Q/RESET_B (sky130_fd_sc_hd__dfrtp_1)
                                              6.762515   data arrival time

                                  0.000000    0.000000   clock clk (rise edge)
                                  0.000000    0.000000   clock source latency
     1    0.028310    0.132872    0.092458    0.092458 ^ clk (in)
                                                         clk (net)
                      0.132912    0.000000    0.092458 ^ clkbuf_0_clk/A (sky130_fd_sc_hd__clkbuf_16)
     8    0.108967    0.123112    0.223171    0.315629 ^ clkbuf_0_clk/X (sky130_fd_sc_hd__clkbuf_16)
                                                         clknet_0_clk (net)
                      0.123294    0.003785    0.319414 ^ clkbuf_3_5__f_clk/A (sky130_fd_sc_hd__clkbuf_16)
    13    0.042872    0.062425    0.172723    0.492137 ^ clkbuf_3_5__f_clk/X (sky130_fd_sc_hd__clkbuf_16)
                                                         clknet_3_5__leaf_clk (net)
                      0.062426    0.000351    0.492488 ^ spi_in.bit_cnt[1]_sky130_fd_sc_hd__dfrtp_2_Q/CLK (sky130_fd_sc_hd__dfrtp_1)
                                  0.250000    0.742488   clock uncertainty
                                  0.000000    0.742488   clock reconvergence pessimism
                                  0.322262    1.064750   library removal time
                                              1.064750   data required time
---------------------------------------------------------------------------------------------
                                              1.064750   data required time
                                             -6.762515   data arrival time
---------------------------------------------------------------------------------------------
                                              5.697765   slack (MET)


Startpoint: reset (input port clocked by clk)
Endpoint: spi_out.shift_reg[2]_sky130_fd_sc_hd__dfrtp_2_Q
          (removal check against rising-edge clock clk)
Path Group: asynchronous
Path Type: min

Fanout         Cap        Slew       Delay        Time   Description
---------------------------------------------------------------------------------------------
                                  0.000000    0.000000   clock clk (rise edge)
                                  0.000000    0.000000   clock network delay (propagated)
                                  6.000000    6.000000 v input external delay
     1    0.002519    0.007983    0.003938    6.003938 v reset (in)
                                                         reset (net)
                      0.007983    0.000000    6.003938 v input1/A (sky130_fd_sc_hd__clkbuf_1)
     1    0.002900    0.026986    0.072522    6.076460 v input1/X (sky130_fd_sc_hd__clkbuf_1)
                                                         net1 (net)
                      0.026986    0.000010    6.076470 v fanout35/A (sky130_fd_sc_hd__clkbuf_4)
     5    0.041249    0.092196    0.185337    6.261807 v fanout35/X (sky130_fd_sc_hd__clkbuf_4)
                                                         net35 (net)
                      0.092196    0.000049    6.261857 v fanout32/A (sky130_fd_sc_hd__clkbuf_4)
     8    0.044980    0.098762    0.220031    6.481887 v fanout32/X (sky130_fd_sc_hd__clkbuf_4)
                                                         net32 (net)
                      0.098762    0.000087    6.481975 v fanout31/A (sky130_fd_sc_hd__buf_4)
    10    0.060947    0.085654    0.220019    6.701994 v fanout31/X (sky130_fd_sc_hd__buf_4)
                                                         net31 (net)
                      0.085656    0.000558    6.702551 v spi_out.shift_reg[2]_sky130_fd_sc_hd__dfrtp_2_Q_RESET_B_sky130_fd_sc_hd__inv_2_Y/A (sky130_fd_sc_hd__inv_2)
     1    0.004095    0.036112    0.060130    6.762681 ^ spi_out.shift_reg[2]_sky130_fd_sc_hd__dfrtp_2_Q_RESET_B_sky130_fd_sc_hd__inv_2_Y/Y (sky130_fd_sc_hd__inv_2)
                                                         spi_out.shift_reg[2]_sky130_fd_sc_hd__dfrtp_2_Q_RESET_B (net)
                      0.036112    0.000009    6.762691 ^ spi_out.shift_reg[2]_sky130_fd_sc_hd__dfrtp_2_Q/RESET_B (sky130_fd_sc_hd__dfrtp_1)
                                              6.762691   data arrival time

                                  0.000000    0.000000   clock clk (rise edge)
                                  0.000000    0.000000   clock source latency
     1    0.028310    0.132872    0.092458    0.092458 ^ clk (in)
                                                         clk (net)
                      0.132912    0.000000    0.092458 ^ clkbuf_0_clk/A (sky130_fd_sc_hd__clkbuf_16)
     8    0.108967    0.123112    0.223171    0.315629 ^ clkbuf_0_clk/X (sky130_fd_sc_hd__clkbuf_16)
                                                         clknet_0_clk (net)
                      0.123270    0.003535    0.319164 ^ clkbuf_3_4__f_clk/A (sky130_fd_sc_hd__clkbuf_16)
    13    0.042847    0.062408    0.172734    0.491898 ^ clkbuf_3_4__f_clk/X (sky130_fd_sc_hd__clkbuf_16)
                                                         clknet_3_4__leaf_clk (net)
                      0.062408    0.000034    0.491932 ^ spi_out.shift_reg[2]_sky130_fd_sc_hd__dfrtp_2_Q/CLK (sky130_fd_sc_hd__dfrtp_1)
                                  0.250000    0.741932   clock uncertainty
                                  0.000000    0.741932   clock reconvergence pessimism
                                  0.322550    1.064482   library removal time
                                              1.064482   data required time
---------------------------------------------------------------------------------------------
                                              1.064482   data required time
                                             -6.762691   data arrival time
---------------------------------------------------------------------------------------------
                                              5.698209   slack (MET)


Startpoint: reset (input port clocked by clk)
Endpoint: spi_in.shift_reg[6]_sky130_fd_sc_hd__dfrtp_2_Q
          (removal check against rising-edge clock clk)
Path Group: asynchronous
Path Type: min

Fanout         Cap        Slew       Delay        Time   Description
---------------------------------------------------------------------------------------------
                                  0.000000    0.000000   clock clk (rise edge)
                                  0.000000    0.000000   clock network delay (propagated)
                                  6.000000    6.000000 v input external delay
     1    0.002519    0.007983    0.003938    6.003938 v reset (in)
                                                         reset (net)
                      0.007983    0.000000    6.003938 v input1/A (sky130_fd_sc_hd__clkbuf_1)
     1    0.002900    0.026986    0.072522    6.076460 v input1/X (sky130_fd_sc_hd__clkbuf_1)
                                                         net1 (net)
                      0.026986    0.000010    6.076470 v fanout35/A (sky130_fd_sc_hd__clkbuf_4)
     5    0.041249    0.092196    0.185337    6.261807 v fanout35/X (sky130_fd_sc_hd__clkbuf_4)
                                                         net35 (net)
                      0.092196    0.000049    6.261857 v fanout32/A (sky130_fd_sc_hd__clkbuf_4)
     8    0.044980    0.098762    0.220031    6.481887 v fanout32/X (sky130_fd_sc_hd__clkbuf_4)
                                                         net32 (net)
                      0.098762    0.000087    6.481975 v fanout31/A (sky130_fd_sc_hd__buf_4)
    10    0.060947    0.085654    0.220019    6.701994 v fanout31/X (sky130_fd_sc_hd__buf_4)
                                                         net31 (net)
                      0.085656    0.000567    6.702560 v spi_in.shift_reg[6]_sky130_fd_sc_hd__dfrtp_2_Q_RESET_B_sky130_fd_sc_hd__inv_2_Y/A (sky130_fd_sc_hd__inv_2)
     1    0.004260    0.035653    0.060909    6.763469 ^ spi_in.shift_reg[6]_sky130_fd_sc_hd__dfrtp_2_Q_RESET_B_sky130_fd_sc_hd__inv_2_Y/Y (sky130_fd_sc_hd__inv_2)
                                                         spi_in.shift_reg[6]_sky130_fd_sc_hd__dfrtp_2_Q_RESET_B (net)
                      0.035653    0.000013    6.763482 ^ spi_in.shift_reg[6]_sky130_fd_sc_hd__dfrtp_2_Q/RESET_B (sky130_fd_sc_hd__dfrtp_1)
                                              6.763482   data arrival time

                                  0.000000    0.000000   clock clk (rise edge)
                                  0.000000    0.000000   clock source latency
     1    0.028310    0.132872    0.092458    0.092458 ^ clk (in)
                                                         clk (net)
                      0.132912    0.000000    0.092458 ^ clkbuf_0_clk/A (sky130_fd_sc_hd__clkbuf_16)
     8    0.108967    0.123112    0.223171    0.315629 ^ clkbuf_0_clk/X (sky130_fd_sc_hd__clkbuf_16)
                                                         clknet_0_clk (net)
                      0.123294    0.003785    0.319414 ^ clkbuf_3_5__f_clk/A (sky130_fd_sc_hd__clkbuf_16)
    13    0.042872    0.062425    0.172723    0.492137 ^ clkbuf_3_5__f_clk/X (sky130_fd_sc_hd__clkbuf_16)
                                                         clknet_3_5__leaf_clk (net)
                      0.062425    0.000020    0.492157 ^ spi_in.shift_reg[6]_sky130_fd_sc_hd__dfrtp_2_Q/CLK (sky130_fd_sc_hd__dfrtp_1)
                                  0.250000    0.742157   clock uncertainty
                                  0.000000    0.742157   clock reconvergence pessimism
                                  0.322428    1.064585   library removal time
                                              1.064585   data required time
---------------------------------------------------------------------------------------------
                                              1.064585   data required time
                                             -6.763482   data arrival time
---------------------------------------------------------------------------------------------
                                              5.698897   slack (MET)


Startpoint: reset (input port clocked by clk)
Endpoint: filter.x_in[9]_sky130_fd_sc_hd__dfrtp_2_Q
          (removal check against rising-edge clock clk)
Path Group: asynchronous
Path Type: min

Fanout         Cap        Slew       Delay        Time   Description
---------------------------------------------------------------------------------------------
                                  0.000000    0.000000   clock clk (rise edge)
                                  0.000000    0.000000   clock network delay (propagated)
                                  6.000000    6.000000 v input external delay
     1    0.002519    0.007983    0.003938    6.003938 v reset (in)
                                                         reset (net)
                      0.007983    0.000000    6.003938 v input1/A (sky130_fd_sc_hd__clkbuf_1)
     1    0.002900    0.026986    0.072522    6.076460 v input1/X (sky130_fd_sc_hd__clkbuf_1)
                                                         net1 (net)
                      0.026986    0.000010    6.076470 v fanout35/A (sky130_fd_sc_hd__clkbuf_4)
     5    0.041249    0.092196    0.185337    6.261807 v fanout35/X (sky130_fd_sc_hd__clkbuf_4)
                                                         net35 (net)
                      0.092197    0.000449    6.262256 v fanout28/A (sky130_fd_sc_hd__clkbuf_4)
     5    0.042927    0.095025    0.215986    6.478242 v fanout28/X (sky130_fd_sc_hd__clkbuf_4)
                                                         net28 (net)
                      0.095025    0.000006    6.478248 v fanout27/A (sky130_fd_sc_hd__clkbuf_4)
     6    0.038166    0.086402    0.211131    6.689380 v fanout27/X (sky130_fd_sc_hd__clkbuf_4)
                                                         net27 (net)
                      0.086402    0.000138    6.689517 v fanout26/A (sky130_fd_sc_hd__buf_4)
    10    0.058289    0.082850    0.211982    6.901500 v fanout26/X (sky130_fd_sc_hd__buf_4)
                                                         net26 (net)
                      0.082850    0.000164    6.901664 v filter.x_in[9]_sky130_fd_sc_hd__dfrtp_2_Q_RESET_B_sky130_fd_sc_hd__inv_2_Y/A (sky130_fd_sc_hd__inv_2)
     1    0.003905    0.034830    0.058230    6.959894 ^ filter.x_in[9]_sky130_fd_sc_hd__dfrtp_2_Q_RESET_B_sky130_fd_sc_hd__inv_2_Y/Y (sky130_fd_sc_hd__inv_2)
                                                         filter.x_in[9]_sky130_fd_sc_hd__dfrtp_2_Q_RESET_B (net)
                      0.034830    0.000007    6.959901 ^ filter.x_in[9]_sky130_fd_sc_hd__dfrtp_2_Q/RESET_B (sky130_fd_sc_hd__dfrtp_1)
                                              6.959901   data arrival time

                                  0.000000    0.000000   clock clk (rise edge)
                                  0.000000    0.000000   clock source latency
     1    0.028310    0.132872    0.092458    0.092458 ^ clk (in)
                                                         clk (net)
                      0.132912    0.000000    0.092458 ^ clkbuf_0_clk/A (sky130_fd_sc_hd__clkbuf_16)
     8    0.108967    0.123112    0.223171    0.315629 ^ clkbuf_0_clk/X (sky130_fd_sc_hd__clkbuf_16)
                                                         clknet_0_clk (net)
                      0.123241    0.003198    0.318828 ^ clkbuf_3_1__f_clk/A (sky130_fd_sc_hd__clkbuf_16)
    12    0.043307    0.062829    0.173111    0.491939 ^ clkbuf_3_1__f_clk/X (sky130_fd_sc_hd__clkbuf_16)
                                                         clknet_3_1__leaf_clk (net)
                      0.062829    0.000097    0.492036 ^ filter.x_in[9]_sky130_fd_sc_hd__dfrtp_2_Q/CLK (sky130_fd_sc_hd__dfrtp_1)
                                  0.250000    0.742036   clock uncertainty
                                  0.000000    0.742036   clock reconvergence pessimism
                                  0.322312    1.064348   library removal time
                                              1.064348   data required time
---------------------------------------------------------------------------------------------
                                              1.064348   data required time
                                             -6.959901   data arrival time
---------------------------------------------------------------------------------------------
                                              5.895554   slack (MET)


Startpoint: reset (input port clocked by clk)
Endpoint: spi_out.shift_reg[12]_sky130_fd_sc_hd__dfrtp_2_Q
          (removal check against rising-edge clock clk)
Path Group: asynchronous
Path Type: min

Fanout         Cap        Slew       Delay        Time   Description
---------------------------------------------------------------------------------------------
                                  0.000000    0.000000   clock clk (rise edge)
                                  0.000000    0.000000   clock network delay (propagated)
                                  6.000000    6.000000 v input external delay
     1    0.002519    0.007983    0.003938    6.003938 v reset (in)
                                                         reset (net)
                      0.007983    0.000000    6.003938 v input1/A (sky130_fd_sc_hd__clkbuf_1)
     1    0.002900    0.026986    0.072522    6.076460 v input1/X (sky130_fd_sc_hd__clkbuf_1)
                                                         net1 (net)
                      0.026986    0.000010    6.076470 v fanout35/A (sky130_fd_sc_hd__clkbuf_4)
     5    0.041249    0.092196    0.185337    6.261807 v fanout35/X (sky130_fd_sc_hd__clkbuf_4)
                                                         net35 (net)
                      0.092197    0.000449    6.262256 v fanout28/A (sky130_fd_sc_hd__clkbuf_4)
     5    0.042927    0.095025    0.215986    6.478242 v fanout28/X (sky130_fd_sc_hd__clkbuf_4)
                                                         net28 (net)
                      0.095025    0.000006    6.478248 v fanout27/A (sky130_fd_sc_hd__clkbuf_4)
     6    0.038166    0.086402    0.211131    6.689380 v fanout27/X (sky130_fd_sc_hd__clkbuf_4)
                                                         net27 (net)
                      0.086402    0.000138    6.689517 v fanout26/A (sky130_fd_sc_hd__buf_4)
    10    0.058289    0.082850    0.211982    6.901500 v fanout26/X (sky130_fd_sc_hd__buf_4)
                                                         net26 (net)
                      0.082850    0.000125    6.901625 v spi_out.shift_reg[12]_sky130_fd_sc_hd__dfrtp_2_Q_RESET_B_sky130_fd_sc_hd__inv_2_Y/A (sky130_fd_sc_hd__inv_2)
     1    0.003995    0.035145    0.058647    6.960272 ^ spi_out.shift_reg[12]_sky130_fd_sc_hd__dfrtp_2_Q_RESET_B_sky130_fd_sc_hd__inv_2_Y/Y (sky130_fd_sc_hd__inv_2)
                                                         spi_out.shift_reg[12]_sky130_fd_sc_hd__dfrtp_2_Q_RESET_B (net)
                      0.035145    0.000006    6.960278 ^ spi_out.shift_reg[12]_sky130_fd_sc_hd__dfrtp_2_Q/RESET_B (sky130_fd_sc_hd__dfrtp_1)
                                              6.960278   data arrival time

                                  0.000000    0.000000   clock clk (rise edge)
                                  0.000000    0.000000   clock source latency
     1    0.028310    0.132872    0.092458    0.092458 ^ clk (in)
                                                         clk (net)
                      0.132912    0.000000    0.092458 ^ clkbuf_0_clk/A (sky130_fd_sc_hd__clkbuf_16)
     8    0.108967    0.123112    0.223171    0.315629 ^ clkbuf_0_clk/X (sky130_fd_sc_hd__clkbuf_16)
                                                         clknet_0_clk (net)
                      0.123241    0.003198    0.318828 ^ clkbuf_3_1__f_clk/A (sky130_fd_sc_hd__clkbuf_16)
    12    0.043307    0.062829    0.173111    0.491939 ^ clkbuf_3_1__f_clk/X (sky130_fd_sc_hd__clkbuf_16)
                                                         clknet_3_1__leaf_clk (net)
                      0.062829    0.000078    0.492017 ^ spi_out.shift_reg[12]_sky130_fd_sc_hd__dfrtp_2_Q/CLK (sky130_fd_sc_hd__dfrtp_1)
                                  0.250000    0.742017   clock uncertainty
                                  0.000000    0.742017   clock reconvergence pessimism
                                  0.322398    1.064416   library removal time
                                              1.064416   data required time
---------------------------------------------------------------------------------------------
                                              1.064416   data required time
                                             -6.960278   data arrival time
---------------------------------------------------------------------------------------------
                                              5.895862   slack (MET)


Startpoint: reset (input port clocked by clk)
Endpoint: spi_in.shift_reg[9]_sky130_fd_sc_hd__dfrtp_2_Q
          (removal check against rising-edge clock clk)
Path Group: asynchronous
Path Type: min

Fanout         Cap        Slew       Delay        Time   Description
---------------------------------------------------------------------------------------------
                                  0.000000    0.000000   clock clk (rise edge)
                                  0.000000    0.000000   clock network delay (propagated)
                                  6.000000    6.000000 v input external delay
     1    0.002519    0.007983    0.003938    6.003938 v reset (in)
                                                         reset (net)
                      0.007983    0.000000    6.003938 v input1/A (sky130_fd_sc_hd__clkbuf_1)
     1    0.002900    0.026986    0.072522    6.076460 v input1/X (sky130_fd_sc_hd__clkbuf_1)
                                                         net1 (net)
                      0.026986    0.000010    6.076470 v fanout35/A (sky130_fd_sc_hd__clkbuf_4)
     5    0.041249    0.092196    0.185337    6.261807 v fanout35/X (sky130_fd_sc_hd__clkbuf_4)
                                                         net35 (net)
                      0.092197    0.000449    6.262256 v fanout28/A (sky130_fd_sc_hd__clkbuf_4)
     5    0.042927    0.095025    0.215986    6.478242 v fanout28/X (sky130_fd_sc_hd__clkbuf_4)
                                                         net28 (net)
                      0.095025    0.000006    6.478248 v fanout27/A (sky130_fd_sc_hd__clkbuf_4)
     6    0.038166    0.086402    0.211131    6.689380 v fanout27/X (sky130_fd_sc_hd__clkbuf_4)
                                                         net27 (net)
                      0.086402    0.000138    6.689517 v fanout26/A (sky130_fd_sc_hd__buf_4)
    10    0.058289    0.082850    0.211982    6.901500 v fanout26/X (sky130_fd_sc_hd__buf_4)
                                                         net26 (net)
                      0.082851    0.000512    6.902012 v spi_in.shift_reg[9]_sky130_fd_sc_hd__dfrtp_2_Q_RESET_B_sky130_fd_sc_hd__inv_2_Y/A (sky130_fd_sc_hd__inv_2)
     1    0.003896    0.034800    0.058190    6.960202 ^ spi_in.shift_reg[9]_sky130_fd_sc_hd__dfrtp_2_Q_RESET_B_sky130_fd_sc_hd__inv_2_Y/Y (sky130_fd_sc_hd__inv_2)
                                                         spi_in.shift_reg[9]_sky130_fd_sc_hd__dfrtp_2_Q_RESET_B (net)
                      0.034800    0.000006    6.960208 ^ spi_in.shift_reg[9]_sky130_fd_sc_hd__dfrtp_2_Q/RESET_B (sky130_fd_sc_hd__dfrtp_1)
                                              6.960208   data arrival time

                                  0.000000    0.000000   clock clk (rise edge)
                                  0.000000    0.000000   clock source latency
     1    0.028310    0.132872    0.092458    0.092458 ^ clk (in)
                                                         clk (net)
                      0.132912    0.000000    0.092458 ^ clkbuf_0_clk/A (sky130_fd_sc_hd__clkbuf_16)
     8    0.108967    0.123112    0.223171    0.315629 ^ clkbuf_0_clk/X (sky130_fd_sc_hd__clkbuf_16)
                                                         clknet_0_clk (net)
                      0.123305    0.003900    0.319530 ^ clkbuf_3_0__f_clk/A (sky130_fd_sc_hd__clkbuf_16)
    10    0.037145    0.057367    0.168557    0.488087 ^ clkbuf_3_0__f_clk/X (sky130_fd_sc_hd__clkbuf_16)
                                                         clknet_3_0__leaf_clk (net)
                      0.057367    0.000079    0.488166 ^ spi_in.shift_reg[9]_sky130_fd_sc_hd__dfrtp_2_Q/CLK (sky130_fd_sc_hd__dfrtp_1)
                                  0.250000    0.738166   clock uncertainty
                                  0.000000    0.738166   clock reconvergence pessimism
                                  0.320814    1.058980   library removal time
                                              1.058980   data required time
---------------------------------------------------------------------------------------------
                                              1.058980   data required time
                                             -6.960208   data arrival time
---------------------------------------------------------------------------------------------
                                              5.901228   slack (MET)


Startpoint: reset (input port clocked by clk)
Endpoint: spi_out.shift_reg[11]_sky130_fd_sc_hd__dfrtp_2_Q
          (removal check against rising-edge clock clk)
Path Group: asynchronous
Path Type: min

Fanout         Cap        Slew       Delay        Time   Description
---------------------------------------------------------------------------------------------
                                  0.000000    0.000000   clock clk (rise edge)
                                  0.000000    0.000000   clock network delay (propagated)
                                  6.000000    6.000000 v input external delay
     1    0.002519    0.007983    0.003938    6.003938 v reset (in)
                                                         reset (net)
                      0.007983    0.000000    6.003938 v input1/A (sky130_fd_sc_hd__clkbuf_1)
     1    0.002900    0.026986    0.072522    6.076460 v input1/X (sky130_fd_sc_hd__clkbuf_1)
                                                         net1 (net)
                      0.026986    0.000010    6.076470 v fanout35/A (sky130_fd_sc_hd__clkbuf_4)
     5    0.041249    0.092196    0.185337    6.261807 v fanout35/X (sky130_fd_sc_hd__clkbuf_4)
                                                         net35 (net)
                      0.092197    0.000449    6.262256 v fanout28/A (sky130_fd_sc_hd__clkbuf_4)
     5    0.042927    0.095025    0.215986    6.478242 v fanout28/X (sky130_fd_sc_hd__clkbuf_4)
                                                         net28 (net)
                      0.095025    0.000006    6.478248 v fanout27/A (sky130_fd_sc_hd__clkbuf_4)
     6    0.038166    0.086402    0.211131    6.689380 v fanout27/X (sky130_fd_sc_hd__clkbuf_4)
                                                         net27 (net)
                      0.086402    0.000138    6.689517 v fanout26/A (sky130_fd_sc_hd__buf_4)
    10    0.058289    0.082850    0.211982    6.901500 v fanout26/X (sky130_fd_sc_hd__buf_4)
                                                         net26 (net)
                      0.082853    0.000647    6.902147 v spi_out.shift_reg[11]_sky130_fd_sc_hd__dfrtp_2_Q_RESET_B_sky130_fd_sc_hd__inv_2_Y/A (sky130_fd_sc_hd__inv_2)
     1    0.003933    0.034931    0.058364    6.960511 ^ spi_out.shift_reg[11]_sky130_fd_sc_hd__dfrtp_2_Q_RESET_B_sky130_fd_sc_hd__inv_2_Y/Y (sky130_fd_sc_hd__inv_2)
                                                         spi_out.shift_reg[11]_sky130_fd_sc_hd__dfrtp_2_Q_RESET_B (net)
                      0.034931    0.000006    6.960517 ^ spi_out.shift_reg[11]_sky130_fd_sc_hd__dfrtp_2_Q/RESET_B (sky130_fd_sc_hd__dfrtp_1)
                                              6.960517   data arrival time

                                  0.000000    0.000000   clock clk (rise edge)
                                  0.000000    0.000000   clock source latency
     1    0.028310    0.132872    0.092458    0.092458 ^ clk (in)
                                                         clk (net)
                      0.132912    0.000000    0.092458 ^ clkbuf_0_clk/A (sky130_fd_sc_hd__clkbuf_16)
     8    0.108967    0.123112    0.223171    0.315629 ^ clkbuf_0_clk/X (sky130_fd_sc_hd__clkbuf_16)
                                                         clknet_0_clk (net)
                      0.123305    0.003900    0.319530 ^ clkbuf_3_0__f_clk/A (sky130_fd_sc_hd__clkbuf_16)
    10    0.037145    0.057367    0.168557    0.488087 ^ clkbuf_3_0__f_clk/X (sky130_fd_sc_hd__clkbuf_16)
                                                         clknet_3_0__leaf_clk (net)
                      0.057367    0.000054    0.488140 ^ spi_out.shift_reg[11]_sky130_fd_sc_hd__dfrtp_2_Q/CLK (sky130_fd_sc_hd__dfrtp_1)
                                  0.250000    0.738140   clock uncertainty
                                  0.000000    0.738140   clock reconvergence pessimism
                                  0.320850    1.058991   library removal time
                                              1.058991   data required time
---------------------------------------------------------------------------------------------
                                              1.058991   data required time
                                             -6.960517   data arrival time
---------------------------------------------------------------------------------------------
                                              5.901526   slack (MET)


Startpoint: reset (input port clocked by clk)
Endpoint: spi_in.shift_reg[10]_sky130_fd_sc_hd__dfrtp_2_Q
          (removal check against rising-edge clock clk)
Path Group: asynchronous
Path Type: min

Fanout         Cap        Slew       Delay        Time   Description
---------------------------------------------------------------------------------------------
                                  0.000000    0.000000   clock clk (rise edge)
                                  0.000000    0.000000   clock network delay (propagated)
                                  6.000000    6.000000 v input external delay
     1    0.002519    0.007983    0.003938    6.003938 v reset (in)
                                                         reset (net)
                      0.007983    0.000000    6.003938 v input1/A (sky130_fd_sc_hd__clkbuf_1)
     1    0.002900    0.026986    0.072522    6.076460 v input1/X (sky130_fd_sc_hd__clkbuf_1)
                                                         net1 (net)
                      0.026986    0.000010    6.076470 v fanout35/A (sky130_fd_sc_hd__clkbuf_4)
     5    0.041249    0.092196    0.185337    6.261807 v fanout35/X (sky130_fd_sc_hd__clkbuf_4)
                                                         net35 (net)
                      0.092197    0.000449    6.262256 v fanout28/A (sky130_fd_sc_hd__clkbuf_4)
     5    0.042927    0.095025    0.215986    6.478242 v fanout28/X (sky130_fd_sc_hd__clkbuf_4)
                                                         net28 (net)
                      0.095025    0.000006    6.478248 v fanout27/A (sky130_fd_sc_hd__clkbuf_4)
     6    0.038166    0.086402    0.211131    6.689380 v fanout27/X (sky130_fd_sc_hd__clkbuf_4)
                                                         net27 (net)
                      0.086402    0.000138    6.689517 v fanout26/A (sky130_fd_sc_hd__buf_4)
    10    0.058289    0.082850    0.211982    6.901500 v fanout26/X (sky130_fd_sc_hd__buf_4)
                                                         net26 (net)
                      0.082857    0.000848    6.902348 v spi_in.shift_reg[10]_sky130_fd_sc_hd__dfrtp_2_Q_RESET_B_sky130_fd_sc_hd__inv_2_Y/A (sky130_fd_sc_hd__inv_2)
     1    0.003983    0.035107    0.058597    6.960945 ^ spi_in.shift_reg[10]_sky130_fd_sc_hd__dfrtp_2_Q_RESET_B_sky130_fd_sc_hd__inv_2_Y/Y (sky130_fd_sc_hd__inv_2)
                                                         spi_in.shift_reg[10]_sky130_fd_sc_hd__dfrtp_2_Q_RESET_B (net)
                      0.035107    0.000008    6.960952 ^ spi_in.shift_reg[10]_sky130_fd_sc_hd__dfrtp_2_Q/RESET_B (sky130_fd_sc_hd__dfrtp_1)
                                              6.960952   data arrival time

                                  0.000000    0.000000   clock clk (rise edge)
                                  0.000000    0.000000   clock source latency
     1    0.028310    0.132872    0.092458    0.092458 ^ clk (in)
                                                         clk (net)
                      0.132912    0.000000    0.092458 ^ clkbuf_0_clk/A (sky130_fd_sc_hd__clkbuf_16)
     8    0.108967    0.123112    0.223171    0.315629 ^ clkbuf_0_clk/X (sky130_fd_sc_hd__clkbuf_16)
                                                         clknet_0_clk (net)
                      0.123305    0.003900    0.319530 ^ clkbuf_3_0__f_clk/A (sky130_fd_sc_hd__clkbuf_16)
    10    0.037145    0.057367    0.168557    0.488087 ^ clkbuf_3_0__f_clk/X (sky130_fd_sc_hd__clkbuf_16)
                                                         clknet_3_0__leaf_clk (net)
                      0.057367    0.000136    0.488222 ^ spi_in.shift_reg[10]_sky130_fd_sc_hd__dfrtp_2_Q/CLK (sky130_fd_sc_hd__dfrtp_1)
                                  0.250000    0.738222   clock uncertainty
                                  0.000000    0.738222   clock reconvergence pessimism
                                  0.320899    1.059121   library removal time
                                              1.059121   data required time
---------------------------------------------------------------------------------------------
                                              1.059121   data required time
                                             -6.960952   data arrival time
---------------------------------------------------------------------------------------------
                                              5.901832   slack (MET)


Startpoint: reset (input port clocked by clk)
Endpoint: filter.x_in[11]_sky130_fd_sc_hd__dfrtp_2_Q
          (removal check against rising-edge clock clk)
Path Group: asynchronous
Path Type: min

Fanout         Cap        Slew       Delay        Time   Description
---------------------------------------------------------------------------------------------
                                  0.000000    0.000000   clock clk (rise edge)
                                  0.000000    0.000000   clock network delay (propagated)
                                  6.000000    6.000000 v input external delay
     1    0.002519    0.007983    0.003938    6.003938 v reset (in)
                                                         reset (net)
                      0.007983    0.000000    6.003938 v input1/A (sky130_fd_sc_hd__clkbuf_1)
     1    0.002900    0.026986    0.072522    6.076460 v input1/X (sky130_fd_sc_hd__clkbuf_1)
                                                         net1 (net)
                      0.026986    0.000010    6.076470 v fanout35/A (sky130_fd_sc_hd__clkbuf_4)
     5    0.041249    0.092196    0.185337    6.261807 v fanout35/X (sky130_fd_sc_hd__clkbuf_4)
                                                         net35 (net)
                      0.092197    0.000449    6.262256 v fanout28/A (sky130_fd_sc_hd__clkbuf_4)
     5    0.042927    0.095025    0.215986    6.478242 v fanout28/X (sky130_fd_sc_hd__clkbuf_4)
                                                         net28 (net)
                      0.095025    0.000006    6.478248 v fanout27/A (sky130_fd_sc_hd__clkbuf_4)
     6    0.038166    0.086402    0.211131    6.689380 v fanout27/X (sky130_fd_sc_hd__clkbuf_4)
                                                         net27 (net)
                      0.086402    0.000138    6.689517 v fanout26/A (sky130_fd_sc_hd__buf_4)
    10    0.058289    0.082850    0.211982    6.901500 v fanout26/X (sky130_fd_sc_hd__buf_4)
                                                         net26 (net)
                      0.082859    0.000907    6.902407 v filter.x_in[11]_sky130_fd_sc_hd__dfrtp_2_Q_RESET_B_sky130_fd_sc_hd__inv_2_Y/A (sky130_fd_sc_hd__inv_2)
     1    0.003995    0.035147    0.058650    6.961057 ^ filter.x_in[11]_sky130_fd_sc_hd__dfrtp_2_Q_RESET_B_sky130_fd_sc_hd__inv_2_Y/Y (sky130_fd_sc_hd__inv_2)
                                                         filter.x_in[11]_sky130_fd_sc_hd__dfrtp_2_Q_RESET_B (net)
                      0.035147    0.000006    6.961063 ^ filter.x_in[11]_sky130_fd_sc_hd__dfrtp_2_Q/RESET_B (sky130_fd_sc_hd__dfrtp_1)
                                              6.961063   data arrival time

                                  0.000000    0.000000   clock clk (rise edge)
                                  0.000000    0.000000   clock source latency
     1    0.028310    0.132872    0.092458    0.092458 ^ clk (in)
                                                         clk (net)
                      0.132912    0.000000    0.092458 ^ clkbuf_0_clk/A (sky130_fd_sc_hd__clkbuf_16)
     8    0.108967    0.123112    0.223171    0.315629 ^ clkbuf_0_clk/X (sky130_fd_sc_hd__clkbuf_16)
                                                         clknet_0_clk (net)
                      0.123305    0.003900    0.319530 ^ clkbuf_3_0__f_clk/A (sky130_fd_sc_hd__clkbuf_16)
    10    0.037145    0.057367    0.168557    0.488087 ^ clkbuf_3_0__f_clk/X (sky130_fd_sc_hd__clkbuf_16)
                                                         clknet_3_0__leaf_clk (net)
                      0.057367    0.000075    0.488162 ^ filter.x_in[11]_sky130_fd_sc_hd__dfrtp_2_Q/CLK (sky130_fd_sc_hd__dfrtp_1)
                                  0.250000    0.738162   clock uncertainty
                                  0.000000    0.738162   clock reconvergence pessimism
                                  0.320910    1.059072   library removal time
                                              1.059072   data required time
---------------------------------------------------------------------------------------------
                                              1.059072   data required time
                                             -6.961063   data arrival time
---------------------------------------------------------------------------------------------
                                              5.901992   slack (MET)


Startpoint: reset (input port clocked by clk)
Endpoint: spi_out.shift_reg[10]_sky130_fd_sc_hd__dfrtp_2_Q
          (removal check against rising-edge clock clk)
Path Group: asynchronous
Path Type: min

Fanout         Cap        Slew       Delay        Time   Description
---------------------------------------------------------------------------------------------
                                  0.000000    0.000000   clock clk (rise edge)
                                  0.000000    0.000000   clock network delay (propagated)
                                  6.000000    6.000000 v input external delay
     1    0.002519    0.007983    0.003938    6.003938 v reset (in)
                                                         reset (net)
                      0.007983    0.000000    6.003938 v input1/A (sky130_fd_sc_hd__clkbuf_1)
     1    0.002900    0.026986    0.072522    6.076460 v input1/X (sky130_fd_sc_hd__clkbuf_1)
                                                         net1 (net)
                      0.026986    0.000010    6.076470 v fanout35/A (sky130_fd_sc_hd__clkbuf_4)
     5    0.041249    0.092196    0.185337    6.261807 v fanout35/X (sky130_fd_sc_hd__clkbuf_4)
                                                         net35 (net)
                      0.092197    0.000449    6.262256 v fanout28/A (sky130_fd_sc_hd__clkbuf_4)
     5    0.042927    0.095025    0.215986    6.478242 v fanout28/X (sky130_fd_sc_hd__clkbuf_4)
                                                         net28 (net)
                      0.095025    0.000006    6.478248 v fanout27/A (sky130_fd_sc_hd__clkbuf_4)
     6    0.038166    0.086402    0.211131    6.689380 v fanout27/X (sky130_fd_sc_hd__clkbuf_4)
                                                         net27 (net)
                      0.086402    0.000138    6.689517 v fanout26/A (sky130_fd_sc_hd__buf_4)
    10    0.058289    0.082850    0.211982    6.901500 v fanout26/X (sky130_fd_sc_hd__buf_4)
                                                         net26 (net)
                      0.082857    0.000842    6.902341 v spi_out.shift_reg[10]_sky130_fd_sc_hd__dfrtp_2_Q_RESET_B_sky130_fd_sc_hd__inv_2_Y/A (sky130_fd_sc_hd__inv_2)
     1    0.004092    0.035489    0.059102    6.961443 ^ spi_out.shift_reg[10]_sky130_fd_sc_hd__dfrtp_2_Q_RESET_B_sky130_fd_sc_hd__inv_2_Y/Y (sky130_fd_sc_hd__inv_2)
                                                         spi_out.shift_reg[10]_sky130_fd_sc_hd__dfrtp_2_Q_RESET_B (net)
                      0.035489    0.000009    6.961452 ^ spi_out.shift_reg[10]_sky130_fd_sc_hd__dfrtp_2_Q/RESET_B (sky130_fd_sc_hd__dfrtp_1)
                                              6.961452   data arrival time

                                  0.000000    0.000000   clock clk (rise edge)
                                  0.000000    0.000000   clock source latency
     1    0.028310    0.132872    0.092458    0.092458 ^ clk (in)
                                                         clk (net)
                      0.132912    0.000000    0.092458 ^ clkbuf_0_clk/A (sky130_fd_sc_hd__clkbuf_16)
     8    0.108967    0.123112    0.223171    0.315629 ^ clkbuf_0_clk/X (sky130_fd_sc_hd__clkbuf_16)
                                                         clknet_0_clk (net)
                      0.123305    0.003900    0.319530 ^ clkbuf_3_0__f_clk/A (sky130_fd_sc_hd__clkbuf_16)
    10    0.037145    0.057367    0.168557    0.488087 ^ clkbuf_3_0__f_clk/X (sky130_fd_sc_hd__clkbuf_16)
                                                         clknet_3_0__leaf_clk (net)
                      0.057367    0.000053    0.488139 ^ spi_out.shift_reg[10]_sky130_fd_sc_hd__dfrtp_2_Q/CLK (sky130_fd_sc_hd__dfrtp_1)
                                  0.250000    0.738139   clock uncertainty
                                  0.000000    0.738139   clock reconvergence pessimism
                                  0.321004    1.059143   library removal time
                                              1.059143   data required time
---------------------------------------------------------------------------------------------
                                              1.059143   data required time
                                             -6.961452   data arrival time
---------------------------------------------------------------------------------------------
                                              5.902309   slack (MET)


Startpoint: reset (input port clocked by clk)
Endpoint: spi_in.shift_reg[11]_sky130_fd_sc_hd__dfrtp_2_Q
          (removal check against rising-edge clock clk)
Path Group: asynchronous
Path Type: min

Fanout         Cap        Slew       Delay        Time   Description
---------------------------------------------------------------------------------------------
                                  0.000000    0.000000   clock clk (rise edge)
                                  0.000000    0.000000   clock network delay (propagated)
                                  6.000000    6.000000 v input external delay
     1    0.002519    0.007983    0.003938    6.003938 v reset (in)
                                                         reset (net)
                      0.007983    0.000000    6.003938 v input1/A (sky130_fd_sc_hd__clkbuf_1)
     1    0.002900    0.026986    0.072522    6.076460 v input1/X (sky130_fd_sc_hd__clkbuf_1)
                                                         net1 (net)
                      0.026986    0.000010    6.076470 v fanout35/A (sky130_fd_sc_hd__clkbuf_4)
     5    0.041249    0.092196    0.185337    6.261807 v fanout35/X (sky130_fd_sc_hd__clkbuf_4)
                                                         net35 (net)
                      0.092197    0.000449    6.262256 v fanout28/A (sky130_fd_sc_hd__clkbuf_4)
     5    0.042927    0.095025    0.215986    6.478242 v fanout28/X (sky130_fd_sc_hd__clkbuf_4)
                                                         net28 (net)
                      0.095025    0.000006    6.478248 v fanout27/A (sky130_fd_sc_hd__clkbuf_4)
     6    0.038166    0.086402    0.211131    6.689380 v fanout27/X (sky130_fd_sc_hd__clkbuf_4)
                                                         net27 (net)
                      0.086402    0.000138    6.689517 v fanout26/A (sky130_fd_sc_hd__buf_4)
    10    0.058289    0.082850    0.211982    6.901500 v fanout26/X (sky130_fd_sc_hd__buf_4)
                                                         net26 (net)
                      0.082858    0.000868    6.902368 v spi_in.shift_reg[11]_sky130_fd_sc_hd__dfrtp_2_Q_RESET_B_sky130_fd_sc_hd__inv_2_Y/A (sky130_fd_sc_hd__inv_2)
     1    0.004092    0.035489    0.059102    6.961470 ^ spi_in.shift_reg[11]_sky130_fd_sc_hd__dfrtp_2_Q_RESET_B_sky130_fd_sc_hd__inv_2_Y/Y (sky130_fd_sc_hd__inv_2)
                                                         spi_in.shift_reg[11]_sky130_fd_sc_hd__dfrtp_2_Q_RESET_B (net)
                      0.035489    0.000009    6.961479 ^ spi_in.shift_reg[11]_sky130_fd_sc_hd__dfrtp_2_Q/RESET_B (sky130_fd_sc_hd__dfrtp_1)
                                              6.961479   data arrival time

                                  0.000000    0.000000   clock clk (rise edge)
                                  0.000000    0.000000   clock source latency
     1    0.028310    0.132872    0.092458    0.092458 ^ clk (in)
                                                         clk (net)
                      0.132912    0.000000    0.092458 ^ clkbuf_0_clk/A (sky130_fd_sc_hd__clkbuf_16)
     8    0.108967    0.123112    0.223171    0.315629 ^ clkbuf_0_clk/X (sky130_fd_sc_hd__clkbuf_16)
                                                         clknet_0_clk (net)
                      0.123305    0.003900    0.319530 ^ clkbuf_3_0__f_clk/A (sky130_fd_sc_hd__clkbuf_16)
    10    0.037145    0.057367    0.168557    0.488087 ^ clkbuf_3_0__f_clk/X (sky130_fd_sc_hd__clkbuf_16)
                                                         clknet_3_0__leaf_clk (net)
                      0.057367    0.000055    0.488141 ^ spi_in.shift_reg[11]_sky130_fd_sc_hd__dfrtp_2_Q/CLK (sky130_fd_sc_hd__dfrtp_1)
                                  0.250000    0.738141   clock uncertainty
                                  0.000000    0.738141   clock reconvergence pessimism
                                  0.321004    1.059145   library removal time
                                              1.059145   data required time
---------------------------------------------------------------------------------------------
                                              1.059145   data required time
                                             -6.961479   data arrival time
---------------------------------------------------------------------------------------------
                                              5.902333   slack (MET)


Startpoint: reset (input port clocked by clk)
Endpoint: spi_out.shift_reg[9]_sky130_fd_sc_hd__dfrtp_2_Q
          (removal check against rising-edge clock clk)
Path Group: asynchronous
Path Type: min

Fanout         Cap        Slew       Delay        Time   Description
---------------------------------------------------------------------------------------------
                                  0.000000    0.000000   clock clk (rise edge)
                                  0.000000    0.000000   clock network delay (propagated)
                                  6.000000    6.000000 v input external delay
     1    0.002519    0.007983    0.003938    6.003938 v reset (in)
                                                         reset (net)
                      0.007983    0.000000    6.003938 v input1/A (sky130_fd_sc_hd__clkbuf_1)
     1    0.002900    0.026986    0.072522    6.076460 v input1/X (sky130_fd_sc_hd__clkbuf_1)
                                                         net1 (net)
                      0.026986    0.000010    6.076470 v fanout35/A (sky130_fd_sc_hd__clkbuf_4)
     5    0.041249    0.092196    0.185337    6.261807 v fanout35/X (sky130_fd_sc_hd__clkbuf_4)
                                                         net35 (net)
                      0.092197    0.000449    6.262256 v fanout28/A (sky130_fd_sc_hd__clkbuf_4)
     5    0.042927    0.095025    0.215986    6.478242 v fanout28/X (sky130_fd_sc_hd__clkbuf_4)
                                                         net28 (net)
                      0.095025    0.000006    6.478248 v fanout27/A (sky130_fd_sc_hd__clkbuf_4)
     6    0.038166    0.086402    0.211131    6.689380 v fanout27/X (sky130_fd_sc_hd__clkbuf_4)
                                                         net27 (net)
                      0.086402    0.000138    6.689517 v fanout26/A (sky130_fd_sc_hd__buf_4)
    10    0.058289    0.082850    0.211982    6.901500 v fanout26/X (sky130_fd_sc_hd__buf_4)
                                                         net26 (net)
                      0.082859    0.000912    6.902412 v spi_out.shift_reg[9]_sky130_fd_sc_hd__dfrtp_2_Q_RESET_B_sky130_fd_sc_hd__inv_2_Y/A (sky130_fd_sc_hd__inv_2)
     1    0.004105    0.034457    0.059159    6.961572 ^ spi_out.shift_reg[9]_sky130_fd_sc_hd__dfrtp_2_Q_RESET_B_sky130_fd_sc_hd__inv_2_Y/Y (sky130_fd_sc_hd__inv_2)
                                                         spi_out.shift_reg[9]_sky130_fd_sc_hd__dfrtp_2_Q_RESET_B (net)
                      0.034457    0.000010    6.961582 ^ spi_out.shift_reg[9]_sky130_fd_sc_hd__dfrtp_2_Q/RESET_B (sky130_fd_sc_hd__dfrtp_1)
                                              6.961582   data arrival time

                                  0.000000    0.000000   clock clk (rise edge)
                                  0.000000    0.000000   clock source latency
     1    0.028310    0.132872    0.092458    0.092458 ^ clk (in)
                                                         clk (net)
                      0.132912    0.000000    0.092458 ^ clkbuf_0_clk/A (sky130_fd_sc_hd__clkbuf_16)
     8    0.108967    0.123112    0.223171    0.315629 ^ clkbuf_0_clk/X (sky130_fd_sc_hd__clkbuf_16)
                                                         clknet_0_clk (net)
                      0.123305    0.003900    0.319530 ^ clkbuf_3_0__f_clk/A (sky130_fd_sc_hd__clkbuf_16)
    10    0.037145    0.057367    0.168557    0.488087 ^ clkbuf_3_0__f_clk/X (sky130_fd_sc_hd__clkbuf_16)
                                                         clknet_3_0__leaf_clk (net)
                      0.057367    0.000085    0.488172 ^ spi_out.shift_reg[9]_sky130_fd_sc_hd__dfrtp_2_Q/CLK (sky130_fd_sc_hd__dfrtp_1)
                                  0.250000    0.738172   clock uncertainty
                                  0.000000    0.738172   clock reconvergence pessimism
                                  0.320720    1.058891   library removal time
                                              1.058891   data required time
---------------------------------------------------------------------------------------------
                                              1.058891   data required time
                                             -6.961582   data arrival time
---------------------------------------------------------------------------------------------
                                              5.902690   slack (MET)


Startpoint: reset (input port clocked by clk)
Endpoint: filter.x_in[10]_sky130_fd_sc_hd__dfrtp_2_Q
          (removal check against rising-edge clock clk)
Path Group: asynchronous
Path Type: min

Fanout         Cap        Slew       Delay        Time   Description
---------------------------------------------------------------------------------------------
                                  0.000000    0.000000   clock clk (rise edge)
                                  0.000000    0.000000   clock network delay (propagated)
                                  6.000000    6.000000 v input external delay
     1    0.002519    0.007983    0.003938    6.003938 v reset (in)
                                                         reset (net)
                      0.007983    0.000000    6.003938 v input1/A (sky130_fd_sc_hd__clkbuf_1)
     1    0.002900    0.026986    0.072522    6.076460 v input1/X (sky130_fd_sc_hd__clkbuf_1)
                                                         net1 (net)
                      0.026986    0.000010    6.076470 v fanout35/A (sky130_fd_sc_hd__clkbuf_4)
     5    0.041249    0.092196    0.185337    6.261807 v fanout35/X (sky130_fd_sc_hd__clkbuf_4)
                                                         net35 (net)
                      0.092197    0.000449    6.262256 v fanout28/A (sky130_fd_sc_hd__clkbuf_4)
     5    0.042927    0.095025    0.215986    6.478242 v fanout28/X (sky130_fd_sc_hd__clkbuf_4)
                                                         net28 (net)
                      0.095025    0.000006    6.478248 v fanout27/A (sky130_fd_sc_hd__clkbuf_4)
     6    0.038166    0.086402    0.211131    6.689380 v fanout27/X (sky130_fd_sc_hd__clkbuf_4)
                                                         net27 (net)
                      0.086402    0.000138    6.689517 v fanout26/A (sky130_fd_sc_hd__buf_4)
    10    0.058289    0.082850    0.211982    6.901500 v fanout26/X (sky130_fd_sc_hd__buf_4)
                                                         net26 (net)
                      0.082856    0.000781    6.902281 v filter.x_in[10]_sky130_fd_sc_hd__dfrtp_2_Q_RESET_B_sky130_fd_sc_hd__inv_2_Y/A (sky130_fd_sc_hd__inv_2)
     1    0.004181    0.034741    0.059511    6.961792 ^ filter.x_in[10]_sky130_fd_sc_hd__dfrtp_2_Q_RESET_B_sky130_fd_sc_hd__inv_2_Y/Y (sky130_fd_sc_hd__inv_2)
                                                         filter.x_in[10]_sky130_fd_sc_hd__dfrtp_2_Q_RESET_B (net)
                      0.034741    0.000012    6.961804 ^ filter.x_in[10]_sky130_fd_sc_hd__dfrtp_2_Q/RESET_B (sky130_fd_sc_hd__dfrtp_1)
                                              6.961804   data arrival time

                                  0.000000    0.000000   clock clk (rise edge)
                                  0.000000    0.000000   clock source latency
     1    0.028310    0.132872    0.092458    0.092458 ^ clk (in)
                                                         clk (net)
                      0.132912    0.000000    0.092458 ^ clkbuf_0_clk/A (sky130_fd_sc_hd__clkbuf_16)
     8    0.108967    0.123112    0.223171    0.315629 ^ clkbuf_0_clk/X (sky130_fd_sc_hd__clkbuf_16)
                                                         clknet_0_clk (net)
                      0.123305    0.003900    0.319530 ^ clkbuf_3_0__f_clk/A (sky130_fd_sc_hd__clkbuf_16)
    10    0.037145    0.057367    0.168557    0.488087 ^ clkbuf_3_0__f_clk/X (sky130_fd_sc_hd__clkbuf_16)
                                                         clknet_3_0__leaf_clk (net)
                      0.057367    0.000077    0.488163 ^ filter.x_in[10]_sky130_fd_sc_hd__dfrtp_2_Q/CLK (sky130_fd_sc_hd__dfrtp_1)
                                  0.250000    0.738163   clock uncertainty
                                  0.000000    0.738163   clock reconvergence pessimism
                                  0.320798    1.058961   library removal time
                                              1.058961   data required time
---------------------------------------------------------------------------------------------
                                              1.058961   data required time
                                             -6.961804   data arrival time
---------------------------------------------------------------------------------------------
                                              5.902843   slack (MET)


Startpoint: spi_miso_sky130_fd_sc_hd__dfrtp_2_Q
            (rising edge-triggered flip-flop clocked by clk)
Endpoint: spi_miso (output port clocked by clk)
Path Group: clk
Path Type: min

Fanout         Cap        Slew       Delay        Time   Description
---------------------------------------------------------------------------------------------
                                  0.000000    0.000000   clock clk (rise edge)
                                  0.000000    0.000000   clock source latency
     1    0.028310    0.132872    0.092458    0.092458 ^ clk (in)
                                                         clk (net)
                      0.132912    0.000000    0.092458 ^ clkbuf_0_clk/A (sky130_fd_sc_hd__clkbuf_16)
     8    0.108967    0.123112    0.223171    0.315629 ^ clkbuf_0_clk/X (sky130_fd_sc_hd__clkbuf_16)
                                                         clknet_0_clk (net)
                      0.123270    0.003535    0.319164 ^ clkbuf_3_4__f_clk/A (sky130_fd_sc_hd__clkbuf_16)
    13    0.042847    0.062408    0.172734    0.491898 ^ clkbuf_3_4__f_clk/X (sky130_fd_sc_hd__clkbuf_16)
                                                         clknet_3_4__leaf_clk (net)
                      0.062410    0.000418    0.492317 ^ spi_miso_sky130_fd_sc_hd__dfrtp_2_Q/CLK (sky130_fd_sc_hd__dfrtp_1)
     2    0.005393    0.067083    0.339058    0.831374 ^ spi_miso_sky130_fd_sc_hd__dfrtp_2_Q/Q (sky130_fd_sc_hd__dfrtp_1)
                                                         net5 (net)
                      0.067083    0.000017    0.831391 ^ output5/A (sky130_fd_sc_hd__buf_2)
     1    0.033989    0.168854    0.205704    1.037095 ^ output5/X (sky130_fd_sc_hd__buf_2)
                                                         spi_miso (net)
                      0.168854    0.000083    1.037177 ^ spi_miso (out)
                                              1.037177   data arrival time

                                  0.000000    0.000000   clock clk (rise edge)
                                  0.000000    0.000000   clock network delay (propagated)
                                  0.250000    0.250000   clock uncertainty
                                  0.000000    0.250000   clock reconvergence pessimism
                                 -6.000000   -5.750000   output external delay
                                             -5.750000   data required time
---------------------------------------------------------------------------------------------
                                             -5.750000   data required time
                                             -1.037177   data arrival time
---------------------------------------------------------------------------------------------
                                              6.787177   slack (MET)



