
===========================================================================
report_checks -path_delay max (Setup)
============================================================================
======================= nom_ss_100C_1v60 Corner ===================================

Startpoint: filter.y_out[10]_sky130_fd_sc_hd__dfrtp_2_Q
            (rising edge-triggered flip-flop clocked by clk)
Endpoint: filter.y_out[15]_sky130_fd_sc_hd__dfrtp_2_Q
          (rising edge-triggered flip-flop clocked by clk)
Path Group: clk
Path Type: max

Fanout         Cap        Slew       Delay        Time   Description
---------------------------------------------------------------------------------------------
                      0.150000    0.000000    0.000000   clock clk (rise edge)
                                  0.000000    0.000000   clock network delay (ideal)
                      0.150000    0.000000    0.000000 ^ filter.y_out[10]_sky130_fd_sc_hd__dfrtp_2_Q/CLK (sky130_fd_sc_hd__dfrtp_2)
    12    0.044942    0.253220    1.038711    1.038711 v filter.y_out[10]_sky130_fd_sc_hd__dfrtp_2_Q/Q (sky130_fd_sc_hd__dfrtp_2)
                                                         filter.y_out[10] (net)
                      0.253220    0.000000    1.038711 v filter.x_in[12]_sky130_fd_sc_hd__a21oi_2_A1_B1_sky130_fd_sc_hd__and3_2_X_B_sky130_fd_sc_hd__a22o_2_X_A1_sky130_fd_sc_hd__nand2_2_Y_A_sky130_fd_sc_hd__or2_2_X/A (sky130_fd_sc_hd__or2_2)
     7    0.014450    0.175328    0.829295    1.868006 v filter.x_in[12]_sky130_fd_sc_hd__a21oi_2_A1_B1_sky130_fd_sc_hd__and3_2_X_B_sky130_fd_sc_hd__a22o_2_X_A1_sky130_fd_sc_hd__nand2_2_Y_A_sky130_fd_sc_hd__or2_2_X/X (sky130_fd_sc_hd__or2_2)
                                                         filter.x_in[12]_sky130_fd_sc_hd__a21oi_2_A1_B1_sky130_fd_sc_hd__and3_2_X_B_sky130_fd_sc_hd__a22o_2_X_A1_sky130_fd_sc_hd__nand2_2_Y_A (net)
                      0.175328    0.000000    1.868006 v filter.x_in[10]_sky130_fd_sc_hd__or2_2_A_B_sky130_fd_sc_hd__xor2_2_X_B_sky130_fd_sc_hd__a31o_2_X_A3_sky130_fd_sc_hd__xnor2_2_Y_B_sky130_fd_sc_hd__nand2b_2_Y_B_sky130_fd_sc_hd__a21o_2_X/A1 (sky130_fd_sc_hd__a21o_2)
     2    0.006489    0.077286    0.411921    2.279928 v filter.x_in[10]_sky130_fd_sc_hd__or2_2_A_B_sky130_fd_sc_hd__xor2_2_X_B_sky130_fd_sc_hd__a31o_2_X_A3_sky130_fd_sc_hd__xnor2_2_Y_B_sky130_fd_sc_hd__nand2b_2_Y_B_sky130_fd_sc_hd__a21o_2_X/X (sky130_fd_sc_hd__a21o_2)
                                                         filter.x_in[10]_sky130_fd_sc_hd__or2_2_A_B_sky130_fd_sc_hd__xor2_2_X_B_sky130_fd_sc_hd__a31o_2_X_A3_sky130_fd_sc_hd__xnor2_2_Y_B_sky130_fd_sc_hd__nand2b_2_Y_B (net)
                      0.077286    0.000000    2.279928 v filter.x_in[9]_sky130_fd_sc_hd__xnor2_2_A_B_sky130_fd_sc_hd__xor2_2_X_A_sky130_fd_sc_hd__xnor2_2_Y_A_sky130_fd_sc_hd__a21o_2_X_B1_sky130_fd_sc_hd__a311o_2_B1/A3 (sky130_fd_sc_hd__a311o_2)
    16    0.072738    0.377268    1.050624    3.330552 v filter.x_in[9]_sky130_fd_sc_hd__xnor2_2_A_B_sky130_fd_sc_hd__xor2_2_X_A_sky130_fd_sc_hd__xnor2_2_Y_A_sky130_fd_sc_hd__a21o_2_X_B1_sky130_fd_sc_hd__a311o_2_B1/X (sky130_fd_sc_hd__a311o_2)
                                                         filter.x_in[9]_sky130_fd_sc_hd__xnor2_2_A_B_sky130_fd_sc_hd__xor2_2_X_A_sky130_fd_sc_hd__xnor2_2_Y_A_sky130_fd_sc_hd__a21o_2_X_B1_sky130_fd_sc_hd__a311o_2_B1_X (net)
                      0.377268    0.000000    3.330552 v filter.x_in[7]_sky130_fd_sc_hd__and2_2_A_B_sky130_fd_sc_hd__and3b_2_X_C_sky130_fd_sc_hd__nand2b_2_Y/A_N (sky130_fd_sc_hd__nand2b_2)
     1    0.001397    0.068854    0.479630    3.810182 v filter.x_in[7]_sky130_fd_sc_hd__and2_2_A_B_sky130_fd_sc_hd__and3b_2_X_C_sky130_fd_sc_hd__nand2b_2_Y/Y (sky130_fd_sc_hd__nand2b_2)
                                                         filter.x_in[7]_sky130_fd_sc_hd__and2_2_A_B_sky130_fd_sc_hd__and3b_2_X_C (net)
                      0.068854    0.000000    3.810182 v filter.x_in[7]_sky130_fd_sc_hd__and2_2_A_B_sky130_fd_sc_hd__and3b_2_X/C (sky130_fd_sc_hd__and3b_2)
     2    0.005534    0.087753    0.451214    4.261396 v filter.x_in[7]_sky130_fd_sc_hd__and2_2_A_B_sky130_fd_sc_hd__and3b_2_X/X (sky130_fd_sc_hd__and3b_2)
                                                         filter.x_in[7]_sky130_fd_sc_hd__and2_2_A_B (net)
                      0.087753    0.000000    4.261396 v filter.x_in[7]_sky130_fd_sc_hd__and2_2_A/B (sky130_fd_sc_hd__and2_2)
     3    0.012006    0.112033    0.454254    4.715650 v filter.x_in[7]_sky130_fd_sc_hd__and2_2_A/X (sky130_fd_sc_hd__and2_2)
                                                         filter.x_in[7]_sky130_fd_sc_hd__and2_2_A_X (net)
                      0.112033    0.000000    4.715650 v filter.x_in[7]_sky130_fd_sc_hd__nor2_2_A_Y_sky130_fd_sc_hd__or2_2_B/A (sky130_fd_sc_hd__or2_2)
     2    0.005699    0.131304    0.705209    5.420859 v filter.x_in[7]_sky130_fd_sc_hd__nor2_2_A_Y_sky130_fd_sc_hd__or2_2_B/X (sky130_fd_sc_hd__or2_2)
                                                         filter.x_in[7]_sky130_fd_sc_hd__nor2_2_A_Y_sky130_fd_sc_hd__or2_2_B_X (net)
                      0.131304    0.000000    5.420859 v filter.x_in[7]_sky130_fd_sc_hd__nor2_2_A_Y_sky130_fd_sc_hd__or2_2_B_X_sky130_fd_sc_hd__or2_2_A/A (sky130_fd_sc_hd__or2_2)
     2    0.005623    0.130688    0.712631    6.133490 v filter.x_in[7]_sky130_fd_sc_hd__nor2_2_A_Y_sky130_fd_sc_hd__or2_2_B_X_sky130_fd_sc_hd__or2_2_A/X (sky130_fd_sc_hd__or2_2)
                                                         filter.x_in[7]_sky130_fd_sc_hd__nor2_2_A_Y_sky130_fd_sc_hd__or2_2_B_X_sky130_fd_sc_hd__or2_2_A_X (net)
                      0.130688    0.000000    6.133490 v filter.x_in[7]_sky130_fd_sc_hd__nor2_2_A_Y_sky130_fd_sc_hd__or2_2_B_X_sky130_fd_sc_hd__nand2_2_A_Y_sky130_fd_sc_hd__and2_2_A/B (sky130_fd_sc_hd__and2_2)
     2    0.003855    0.076703    0.427980    6.561470 v filter.x_in[7]_sky130_fd_sc_hd__nor2_2_A_Y_sky130_fd_sc_hd__or2_2_B_X_sky130_fd_sc_hd__nand2_2_A_Y_sky130_fd_sc_hd__and2_2_A/X (sky130_fd_sc_hd__and2_2)
                                                         filter.x_in[6]_sky130_fd_sc_hd__and2_2_A_X_sky130_fd_sc_hd__a21oi_2_A1_A2_sky130_fd_sc_hd__or3_2_X_B (net)
                      0.076703    0.000000    6.561470 v filter.x_in[6]_sky130_fd_sc_hd__and2_2_A_X_sky130_fd_sc_hd__a21oi_2_A1_A2_sky130_fd_sc_hd__or3_2_X/B (sky130_fd_sc_hd__or3_2)
     2    0.006160    0.192013    1.090227    7.651696 v filter.x_in[6]_sky130_fd_sc_hd__and2_2_A_X_sky130_fd_sc_hd__a21oi_2_A1_A2_sky130_fd_sc_hd__or3_2_X/X (sky130_fd_sc_hd__or3_2)
                                                         filter.x_in[6]_sky130_fd_sc_hd__and2_2_A_X_sky130_fd_sc_hd__a21oi_2_A1_A2 (net)
                      0.192013    0.000000    7.651696 v filter.x_in[6]_sky130_fd_sc_hd__and2_2_A_X_sky130_fd_sc_hd__xor2_2_A_B_sky130_fd_sc_hd__and2b_2_X/B (sky130_fd_sc_hd__and2b_2)
     1    0.008022    0.096315    0.493587    8.145283 v filter.x_in[6]_sky130_fd_sc_hd__and2_2_A_X_sky130_fd_sc_hd__xor2_2_A_B_sky130_fd_sc_hd__and2b_2_X/X (sky130_fd_sc_hd__and2b_2)
                                                         filter.x_in[6]_sky130_fd_sc_hd__and2_2_A_X_sky130_fd_sc_hd__xor2_2_A_B (net)
                      0.096315    0.000000    8.145283 v filter.x_in[6]_sky130_fd_sc_hd__and2_2_A_X_sky130_fd_sc_hd__xor2_2_A/B (sky130_fd_sc_hd__xor2_2)
     2    0.005518    0.099509    0.276429    8.421712 v filter.x_in[6]_sky130_fd_sc_hd__and2_2_A_X_sky130_fd_sc_hd__xor2_2_A/X (sky130_fd_sc_hd__xor2_2)
                                                         filter.x_in[6]_sky130_fd_sc_hd__and2_2_A_X_sky130_fd_sc_hd__xor2_2_A_X (net)
                      0.099509    0.000000    8.421712 v filter.x_in[6]_sky130_fd_sc_hd__and2_2_A_X_sky130_fd_sc_hd__xor2_2_A_X_sky130_fd_sc_hd__or3_2_C/C (sky130_fd_sc_hd__or3_2)
     1    0.001353    0.148750    0.939890    9.361602 v filter.x_in[6]_sky130_fd_sc_hd__and2_2_A_X_sky130_fd_sc_hd__xor2_2_A_X_sky130_fd_sc_hd__or3_2_C/X (sky130_fd_sc_hd__or3_2)
                                                         filter.x_in[6]_sky130_fd_sc_hd__and2_2_A_X_sky130_fd_sc_hd__xor2_2_A_X_sky130_fd_sc_hd__or3_2_C_X (net)
                      0.148750    0.000000    9.361602 v filter.x_in[6]_sky130_fd_sc_hd__and2_2_A_X_sky130_fd_sc_hd__xor2_2_A_X_sky130_fd_sc_hd__or3_2_C_X_sky130_fd_sc_hd__and2_2_B/B (sky130_fd_sc_hd__and2_2)
     2    0.012460    0.114097    0.487024    9.848625 v filter.x_in[6]_sky130_fd_sc_hd__and2_2_A_X_sky130_fd_sc_hd__xor2_2_A_X_sky130_fd_sc_hd__or3_2_C_X_sky130_fd_sc_hd__and2_2_B/X (sky130_fd_sc_hd__and2_2)
                                                         filter.y_out[6]_sky130_fd_sc_hd__dfrtp_2_Q_D_sky130_fd_sc_hd__xnor2_2_Y_B_sky130_fd_sc_hd__xnor2_2_Y_A_sky130_fd_sc_hd__nand2_2_Y_B (net)
                      0.114097    0.000000    9.848625 v filter.x_in[5]_sky130_fd_sc_hd__nand2_2_A_Y_sky130_fd_sc_hd__xor2_2_A_X_sky130_fd_sc_hd__and2b_2_B_X_sky130_fd_sc_hd__xnor2_2_A/B (sky130_fd_sc_hd__xnor2_2)
     2    0.005521    0.106476    0.258906   10.107532 v filter.x_in[5]_sky130_fd_sc_hd__nand2_2_A_Y_sky130_fd_sc_hd__xor2_2_A_X_sky130_fd_sc_hd__and2b_2_B_X_sky130_fd_sc_hd__xnor2_2_A/Y (sky130_fd_sc_hd__xnor2_2)
                                                         filter.y_out[5]_sky130_fd_sc_hd__dfrtp_2_Q_D_sky130_fd_sc_hd__xor2_2_X_B_sky130_fd_sc_hd__nand2_2_Y_A_sky130_fd_sc_hd__or2_2_X_B (net)
                      0.106476    0.000000   10.107532 v filter.y_out[5]_sky130_fd_sc_hd__dfrtp_2_Q_D_sky130_fd_sc_hd__xor2_2_X_B_sky130_fd_sc_hd__nand2_2_Y_A_sky130_fd_sc_hd__or2_2_X/B (sky130_fd_sc_hd__or2_2)
     3    0.010901    0.157530    0.700311   10.807842 v filter.y_out[5]_sky130_fd_sc_hd__dfrtp_2_Q_D_sky130_fd_sc_hd__xor2_2_X_B_sky130_fd_sc_hd__nand2_2_Y_A_sky130_fd_sc_hd__or2_2_X/X (sky130_fd_sc_hd__or2_2)
                                                         filter.y_out[5]_sky130_fd_sc_hd__dfrtp_2_Q_D_sky130_fd_sc_hd__xor2_2_X_B_sky130_fd_sc_hd__nand2_2_Y_A (net)
                      0.157530    0.000000   10.807842 v filter.y_out[7]_sky130_fd_sc_hd__dfrtp_2_Q_D_sky130_fd_sc_hd__xnor2_2_Y_B_sky130_fd_sc_hd__o21ai_2_Y_B1_sky130_fd_sc_hd__a21o_2_X/A2 (sky130_fd_sc_hd__a21o_2)
     2    0.005639    0.074013    0.430596   11.238438 v filter.y_out[7]_sky130_fd_sc_hd__dfrtp_2_Q_D_sky130_fd_sc_hd__xnor2_2_Y_B_sky130_fd_sc_hd__o21ai_2_Y_B1_sky130_fd_sc_hd__a21o_2_X/X (sky130_fd_sc_hd__a21o_2)
                                                         filter.y_out[7]_sky130_fd_sc_hd__dfrtp_2_Q_D_sky130_fd_sc_hd__xnor2_2_Y_B_sky130_fd_sc_hd__o21ai_2_Y_B1 (net)
                      0.074013    0.000000   11.238438 v filter.y_out[7]_sky130_fd_sc_hd__dfrtp_2_Q_D_sky130_fd_sc_hd__xnor2_2_Y_A_sky130_fd_sc_hd__or2_2_A_X_sky130_fd_sc_hd__or2_2_B/A (sky130_fd_sc_hd__or2_2)
     1    0.002303    0.108412    0.649375   11.887813 v filter.y_out[7]_sky130_fd_sc_hd__dfrtp_2_Q_D_sky130_fd_sc_hd__xnor2_2_Y_A_sky130_fd_sc_hd__or2_2_A_X_sky130_fd_sc_hd__or2_2_B/X (sky130_fd_sc_hd__or2_2)
                                                         filter.y_out[6]_sky130_fd_sc_hd__dfrtp_2_Q_D_sky130_fd_sc_hd__xnor2_2_Y_B_sky130_fd_sc_hd__o311a_2_A2_B1 (net)
                      0.108412    0.000000   11.887813 v filter.y_out[6]_sky130_fd_sc_hd__dfrtp_2_Q_D_sky130_fd_sc_hd__xnor2_2_Y_B_sky130_fd_sc_hd__o311a_2_A2/B1 (sky130_fd_sc_hd__o311a_2)
     4    0.017871    0.172291    0.329083   12.216895 v filter.y_out[6]_sky130_fd_sc_hd__dfrtp_2_Q_D_sky130_fd_sc_hd__xnor2_2_Y_B_sky130_fd_sc_hd__o311a_2_A2/X (sky130_fd_sc_hd__o311a_2)
                                                         filter.y_out[6]_sky130_fd_sc_hd__dfrtp_2_Q_D_sky130_fd_sc_hd__xnor2_2_Y_B_sky130_fd_sc_hd__o311a_2_A2_X (net)
                      0.172291    0.000000   12.216895 v filter.y_out[13]_sky130_fd_sc_hd__dfrtp_2_Q_D_sky130_fd_sc_hd__xnor2_2_Y_B_sky130_fd_sc_hd__o31a_2_X/A1 (sky130_fd_sc_hd__o31a_2)
     3    0.013882    0.144347    0.767534   12.984430 v filter.y_out[13]_sky130_fd_sc_hd__dfrtp_2_Q_D_sky130_fd_sc_hd__xnor2_2_Y_B_sky130_fd_sc_hd__o31a_2_X/X (sky130_fd_sc_hd__o31a_2)
                                                         filter.y_out[13]_sky130_fd_sc_hd__dfrtp_2_Q_D_sky130_fd_sc_hd__xnor2_2_Y_B (net)
                      0.144347    0.000000   12.984430 v filter.y_out[15]_sky130_fd_sc_hd__dfrtp_2_Q_D_sky130_fd_sc_hd__and3_2_X_A_sky130_fd_sc_hd__or3_2_X/B (sky130_fd_sc_hd__or3_2)
     1    0.001359    0.148770    1.036055   14.020485 v filter.y_out[15]_sky130_fd_sc_hd__dfrtp_2_Q_D_sky130_fd_sc_hd__and3_2_X_A_sky130_fd_sc_hd__or3_2_X/X (sky130_fd_sc_hd__or3_2)
                                                         filter.y_out[15]_sky130_fd_sc_hd__dfrtp_2_Q_D_sky130_fd_sc_hd__and3_2_X_A (net)
                      0.148770    0.000000   14.020485 v filter.y_out[15]_sky130_fd_sc_hd__dfrtp_2_Q_D_sky130_fd_sc_hd__and3_2_X/A (sky130_fd_sc_hd__and3_2)
     1    0.001838    0.067435    0.384601   14.405086 v filter.y_out[15]_sky130_fd_sc_hd__dfrtp_2_Q_D_sky130_fd_sc_hd__and3_2_X/X (sky130_fd_sc_hd__and3_2)
                                                         filter.y_out[15]_sky130_fd_sc_hd__dfrtp_2_Q_D (net)
                      0.067435    0.000000   14.405086 v filter.y_out[15]_sky130_fd_sc_hd__dfrtp_2_Q/D (sky130_fd_sc_hd__dfrtp_2)
                                             14.405086   data arrival time

                      0.150000   30.000000   30.000000   clock clk (rise edge)
                                  0.000000   30.000000   clock network delay (ideal)
                                 -0.250000   29.750000   clock uncertainty
                                  0.000000   29.750000   clock reconvergence pessimism
                                             29.750000 ^ filter.y_out[15]_sky130_fd_sc_hd__dfrtp_2_Q/CLK (sky130_fd_sc_hd__dfrtp_2)
                                 -0.254219   29.495783   library setup time
                                             29.495783   data required time
---------------------------------------------------------------------------------------------
                                             29.495783   data required time
                                            -14.405086   data arrival time
---------------------------------------------------------------------------------------------
                                             15.090697   slack (MET)


Startpoint: filter.y_out[10]_sky130_fd_sc_hd__dfrtp_2_Q
            (rising edge-triggered flip-flop clocked by clk)
Endpoint: filter.y_out[14]_sky130_fd_sc_hd__dfrtp_2_Q
          (rising edge-triggered flip-flop clocked by clk)
Path Group: clk
Path Type: max

Fanout         Cap        Slew       Delay        Time   Description
---------------------------------------------------------------------------------------------
                      0.150000    0.000000    0.000000   clock clk (rise edge)
                                  0.000000    0.000000   clock network delay (ideal)
                      0.150000    0.000000    0.000000 ^ filter.y_out[10]_sky130_fd_sc_hd__dfrtp_2_Q/CLK (sky130_fd_sc_hd__dfrtp_2)
    12    0.044942    0.253220    1.038711    1.038711 v filter.y_out[10]_sky130_fd_sc_hd__dfrtp_2_Q/Q (sky130_fd_sc_hd__dfrtp_2)
                                                         filter.y_out[10] (net)
                      0.253220    0.000000    1.038711 v filter.x_in[12]_sky130_fd_sc_hd__a21oi_2_A1_B1_sky130_fd_sc_hd__and3_2_X_B_sky130_fd_sc_hd__a22o_2_X_A1_sky130_fd_sc_hd__nand2_2_Y_A_sky130_fd_sc_hd__or2_2_X/A (sky130_fd_sc_hd__or2_2)
     7    0.014450    0.175328    0.829295    1.868006 v filter.x_in[12]_sky130_fd_sc_hd__a21oi_2_A1_B1_sky130_fd_sc_hd__and3_2_X_B_sky130_fd_sc_hd__a22o_2_X_A1_sky130_fd_sc_hd__nand2_2_Y_A_sky130_fd_sc_hd__or2_2_X/X (sky130_fd_sc_hd__or2_2)
                                                         filter.x_in[12]_sky130_fd_sc_hd__a21oi_2_A1_B1_sky130_fd_sc_hd__and3_2_X_B_sky130_fd_sc_hd__a22o_2_X_A1_sky130_fd_sc_hd__nand2_2_Y_A (net)
                      0.175328    0.000000    1.868006 v filter.x_in[10]_sky130_fd_sc_hd__or2_2_A_B_sky130_fd_sc_hd__xor2_2_X_B_sky130_fd_sc_hd__a31o_2_X_A3_sky130_fd_sc_hd__xnor2_2_Y_B_sky130_fd_sc_hd__nand2b_2_Y_B_sky130_fd_sc_hd__a21o_2_X/A1 (sky130_fd_sc_hd__a21o_2)
     2    0.006489    0.077286    0.411921    2.279928 v filter.x_in[10]_sky130_fd_sc_hd__or2_2_A_B_sky130_fd_sc_hd__xor2_2_X_B_sky130_fd_sc_hd__a31o_2_X_A3_sky130_fd_sc_hd__xnor2_2_Y_B_sky130_fd_sc_hd__nand2b_2_Y_B_sky130_fd_sc_hd__a21o_2_X/X (sky130_fd_sc_hd__a21o_2)
                                                         filter.x_in[10]_sky130_fd_sc_hd__or2_2_A_B_sky130_fd_sc_hd__xor2_2_X_B_sky130_fd_sc_hd__a31o_2_X_A3_sky130_fd_sc_hd__xnor2_2_Y_B_sky130_fd_sc_hd__nand2b_2_Y_B (net)
                      0.077286    0.000000    2.279928 v filter.x_in[9]_sky130_fd_sc_hd__xnor2_2_A_B_sky130_fd_sc_hd__xor2_2_X_A_sky130_fd_sc_hd__xnor2_2_Y_A_sky130_fd_sc_hd__a21o_2_X_B1_sky130_fd_sc_hd__a311o_2_B1/A3 (sky130_fd_sc_hd__a311o_2)
    16    0.072738    0.377268    1.050624    3.330552 v filter.x_in[9]_sky130_fd_sc_hd__xnor2_2_A_B_sky130_fd_sc_hd__xor2_2_X_A_sky130_fd_sc_hd__xnor2_2_Y_A_sky130_fd_sc_hd__a21o_2_X_B1_sky130_fd_sc_hd__a311o_2_B1/X (sky130_fd_sc_hd__a311o_2)
                                                         filter.x_in[9]_sky130_fd_sc_hd__xnor2_2_A_B_sky130_fd_sc_hd__xor2_2_X_A_sky130_fd_sc_hd__xnor2_2_Y_A_sky130_fd_sc_hd__a21o_2_X_B1_sky130_fd_sc_hd__a311o_2_B1_X (net)
                      0.377268    0.000000    3.330552 v filter.x_in[7]_sky130_fd_sc_hd__and2_2_A_B_sky130_fd_sc_hd__and3b_2_X_C_sky130_fd_sc_hd__nand2b_2_Y/A_N (sky130_fd_sc_hd__nand2b_2)
     1    0.001397    0.068854    0.479630    3.810182 v filter.x_in[7]_sky130_fd_sc_hd__and2_2_A_B_sky130_fd_sc_hd__and3b_2_X_C_sky130_fd_sc_hd__nand2b_2_Y/Y (sky130_fd_sc_hd__nand2b_2)
                                                         filter.x_in[7]_sky130_fd_sc_hd__and2_2_A_B_sky130_fd_sc_hd__and3b_2_X_C (net)
                      0.068854    0.000000    3.810182 v filter.x_in[7]_sky130_fd_sc_hd__and2_2_A_B_sky130_fd_sc_hd__and3b_2_X/C (sky130_fd_sc_hd__and3b_2)
     2    0.005534    0.087753    0.451214    4.261396 v filter.x_in[7]_sky130_fd_sc_hd__and2_2_A_B_sky130_fd_sc_hd__and3b_2_X/X (sky130_fd_sc_hd__and3b_2)
                                                         filter.x_in[7]_sky130_fd_sc_hd__and2_2_A_B (net)
                      0.087753    0.000000    4.261396 v filter.x_in[7]_sky130_fd_sc_hd__and2_2_A/B (sky130_fd_sc_hd__and2_2)
     3    0.012006    0.112033    0.454254    4.715650 v filter.x_in[7]_sky130_fd_sc_hd__and2_2_A/X (sky130_fd_sc_hd__and2_2)
                                                         filter.x_in[7]_sky130_fd_sc_hd__and2_2_A_X (net)
                      0.112033    0.000000    4.715650 v filter.x_in[7]_sky130_fd_sc_hd__nor2_2_A_Y_sky130_fd_sc_hd__or2_2_B/A (sky130_fd_sc_hd__or2_2)
     2    0.005699    0.131304    0.705209    5.420859 v filter.x_in[7]_sky130_fd_sc_hd__nor2_2_A_Y_sky130_fd_sc_hd__or2_2_B/X (sky130_fd_sc_hd__or2_2)
                                                         filter.x_in[7]_sky130_fd_sc_hd__nor2_2_A_Y_sky130_fd_sc_hd__or2_2_B_X (net)
                      0.131304    0.000000    5.420859 v filter.x_in[7]_sky130_fd_sc_hd__nor2_2_A_Y_sky130_fd_sc_hd__or2_2_B_X_sky130_fd_sc_hd__or2_2_A/A (sky130_fd_sc_hd__or2_2)
     2    0.005623    0.130688    0.712631    6.133490 v filter.x_in[7]_sky130_fd_sc_hd__nor2_2_A_Y_sky130_fd_sc_hd__or2_2_B_X_sky130_fd_sc_hd__or2_2_A/X (sky130_fd_sc_hd__or2_2)
                                                         filter.x_in[7]_sky130_fd_sc_hd__nor2_2_A_Y_sky130_fd_sc_hd__or2_2_B_X_sky130_fd_sc_hd__or2_2_A_X (net)
                      0.130688    0.000000    6.133490 v filter.x_in[7]_sky130_fd_sc_hd__nor2_2_A_Y_sky130_fd_sc_hd__or2_2_B_X_sky130_fd_sc_hd__nand2_2_A_Y_sky130_fd_sc_hd__and2_2_A/B (sky130_fd_sc_hd__and2_2)
     2    0.003855    0.076703    0.427980    6.561470 v filter.x_in[7]_sky130_fd_sc_hd__nor2_2_A_Y_sky130_fd_sc_hd__or2_2_B_X_sky130_fd_sc_hd__nand2_2_A_Y_sky130_fd_sc_hd__and2_2_A/X (sky130_fd_sc_hd__and2_2)
                                                         filter.x_in[6]_sky130_fd_sc_hd__and2_2_A_X_sky130_fd_sc_hd__a21oi_2_A1_A2_sky130_fd_sc_hd__or3_2_X_B (net)
                      0.076703    0.000000    6.561470 v filter.x_in[6]_sky130_fd_sc_hd__and2_2_A_X_sky130_fd_sc_hd__a21oi_2_A1_A2_sky130_fd_sc_hd__or3_2_X/B (sky130_fd_sc_hd__or3_2)
     2    0.006160    0.192013    1.090227    7.651696 v filter.x_in[6]_sky130_fd_sc_hd__and2_2_A_X_sky130_fd_sc_hd__a21oi_2_A1_A2_sky130_fd_sc_hd__or3_2_X/X (sky130_fd_sc_hd__or3_2)
                                                         filter.x_in[6]_sky130_fd_sc_hd__and2_2_A_X_sky130_fd_sc_hd__a21oi_2_A1_A2 (net)
                      0.192013    0.000000    7.651696 v filter.x_in[6]_sky130_fd_sc_hd__and2_2_A_X_sky130_fd_sc_hd__xor2_2_A_B_sky130_fd_sc_hd__and2b_2_X/B (sky130_fd_sc_hd__and2b_2)
     1    0.008022    0.096315    0.493587    8.145283 v filter.x_in[6]_sky130_fd_sc_hd__and2_2_A_X_sky130_fd_sc_hd__xor2_2_A_B_sky130_fd_sc_hd__and2b_2_X/X (sky130_fd_sc_hd__and2b_2)
                                                         filter.x_in[6]_sky130_fd_sc_hd__and2_2_A_X_sky130_fd_sc_hd__xor2_2_A_B (net)
                      0.096315    0.000000    8.145283 v filter.x_in[6]_sky130_fd_sc_hd__and2_2_A_X_sky130_fd_sc_hd__xor2_2_A/B (sky130_fd_sc_hd__xor2_2)
     2    0.005518    0.099509    0.276429    8.421712 v filter.x_in[6]_sky130_fd_sc_hd__and2_2_A_X_sky130_fd_sc_hd__xor2_2_A/X (sky130_fd_sc_hd__xor2_2)
                                                         filter.x_in[6]_sky130_fd_sc_hd__and2_2_A_X_sky130_fd_sc_hd__xor2_2_A_X (net)
                      0.099509    0.000000    8.421712 v filter.x_in[6]_sky130_fd_sc_hd__and2_2_A_X_sky130_fd_sc_hd__xor2_2_A_X_sky130_fd_sc_hd__or3_2_C/C (sky130_fd_sc_hd__or3_2)
     1    0.001353    0.148750    0.939890    9.361602 v filter.x_in[6]_sky130_fd_sc_hd__and2_2_A_X_sky130_fd_sc_hd__xor2_2_A_X_sky130_fd_sc_hd__or3_2_C/X (sky130_fd_sc_hd__or3_2)
                                                         filter.x_in[6]_sky130_fd_sc_hd__and2_2_A_X_sky130_fd_sc_hd__xor2_2_A_X_sky130_fd_sc_hd__or3_2_C_X (net)
                      0.148750    0.000000    9.361602 v filter.x_in[6]_sky130_fd_sc_hd__and2_2_A_X_sky130_fd_sc_hd__xor2_2_A_X_sky130_fd_sc_hd__or3_2_C_X_sky130_fd_sc_hd__and2_2_B/B (sky130_fd_sc_hd__and2_2)
     2    0.012460    0.114097    0.487024    9.848625 v filter.x_in[6]_sky130_fd_sc_hd__and2_2_A_X_sky130_fd_sc_hd__xor2_2_A_X_sky130_fd_sc_hd__or3_2_C_X_sky130_fd_sc_hd__and2_2_B/X (sky130_fd_sc_hd__and2_2)
                                                         filter.y_out[6]_sky130_fd_sc_hd__dfrtp_2_Q_D_sky130_fd_sc_hd__xnor2_2_Y_B_sky130_fd_sc_hd__xnor2_2_Y_A_sky130_fd_sc_hd__nand2_2_Y_B (net)
                      0.114097    0.000000    9.848625 v filter.x_in[5]_sky130_fd_sc_hd__nand2_2_A_Y_sky130_fd_sc_hd__xor2_2_A_X_sky130_fd_sc_hd__and2b_2_B_X_sky130_fd_sc_hd__xnor2_2_A/B (sky130_fd_sc_hd__xnor2_2)
     2    0.005521    0.106476    0.258906   10.107532 v filter.x_in[5]_sky130_fd_sc_hd__nand2_2_A_Y_sky130_fd_sc_hd__xor2_2_A_X_sky130_fd_sc_hd__and2b_2_B_X_sky130_fd_sc_hd__xnor2_2_A/Y (sky130_fd_sc_hd__xnor2_2)
                                                         filter.y_out[5]_sky130_fd_sc_hd__dfrtp_2_Q_D_sky130_fd_sc_hd__xor2_2_X_B_sky130_fd_sc_hd__nand2_2_Y_A_sky130_fd_sc_hd__or2_2_X_B (net)
                      0.106476    0.000000   10.107532 v filter.y_out[5]_sky130_fd_sc_hd__dfrtp_2_Q_D_sky130_fd_sc_hd__xor2_2_X_B_sky130_fd_sc_hd__nand2_2_Y_A_sky130_fd_sc_hd__or2_2_X/B (sky130_fd_sc_hd__or2_2)
     3    0.010901    0.157530    0.700311   10.807842 v filter.y_out[5]_sky130_fd_sc_hd__dfrtp_2_Q_D_sky130_fd_sc_hd__xor2_2_X_B_sky130_fd_sc_hd__nand2_2_Y_A_sky130_fd_sc_hd__or2_2_X/X (sky130_fd_sc_hd__or2_2)
                                                         filter.y_out[5]_sky130_fd_sc_hd__dfrtp_2_Q_D_sky130_fd_sc_hd__xor2_2_X_B_sky130_fd_sc_hd__nand2_2_Y_A (net)
                      0.157530    0.000000   10.807842 v filter.y_out[7]_sky130_fd_sc_hd__dfrtp_2_Q_D_sky130_fd_sc_hd__xnor2_2_Y_B_sky130_fd_sc_hd__o21ai_2_Y_B1_sky130_fd_sc_hd__a21o_2_X/A2 (sky130_fd_sc_hd__a21o_2)
     2    0.005639    0.074013    0.430596   11.238438 v filter.y_out[7]_sky130_fd_sc_hd__dfrtp_2_Q_D_sky130_fd_sc_hd__xnor2_2_Y_B_sky130_fd_sc_hd__o21ai_2_Y_B1_sky130_fd_sc_hd__a21o_2_X/X (sky130_fd_sc_hd__a21o_2)
                                                         filter.y_out[7]_sky130_fd_sc_hd__dfrtp_2_Q_D_sky130_fd_sc_hd__xnor2_2_Y_B_sky130_fd_sc_hd__o21ai_2_Y_B1 (net)
                      0.074013    0.000000   11.238438 v filter.y_out[7]_sky130_fd_sc_hd__dfrtp_2_Q_D_sky130_fd_sc_hd__xnor2_2_Y_A_sky130_fd_sc_hd__or2_2_A_X_sky130_fd_sc_hd__or2_2_B/A (sky130_fd_sc_hd__or2_2)
     1    0.002303    0.108412    0.649375   11.887813 v filter.y_out[7]_sky130_fd_sc_hd__dfrtp_2_Q_D_sky130_fd_sc_hd__xnor2_2_Y_A_sky130_fd_sc_hd__or2_2_A_X_sky130_fd_sc_hd__or2_2_B/X (sky130_fd_sc_hd__or2_2)
                                                         filter.y_out[6]_sky130_fd_sc_hd__dfrtp_2_Q_D_sky130_fd_sc_hd__xnor2_2_Y_B_sky130_fd_sc_hd__o311a_2_A2_B1 (net)
                      0.108412    0.000000   11.887813 v filter.y_out[6]_sky130_fd_sc_hd__dfrtp_2_Q_D_sky130_fd_sc_hd__xnor2_2_Y_B_sky130_fd_sc_hd__o311a_2_A2/B1 (sky130_fd_sc_hd__o311a_2)
     4    0.017871    0.172291    0.329083   12.216895 v filter.y_out[6]_sky130_fd_sc_hd__dfrtp_2_Q_D_sky130_fd_sc_hd__xnor2_2_Y_B_sky130_fd_sc_hd__o311a_2_A2/X (sky130_fd_sc_hd__o311a_2)
                                                         filter.y_out[6]_sky130_fd_sc_hd__dfrtp_2_Q_D_sky130_fd_sc_hd__xnor2_2_Y_B_sky130_fd_sc_hd__o311a_2_A2_X (net)
                      0.172291    0.000000   12.216895 v filter.y_out[13]_sky130_fd_sc_hd__dfrtp_2_Q_D_sky130_fd_sc_hd__xnor2_2_Y_B_sky130_fd_sc_hd__o31a_2_X/A1 (sky130_fd_sc_hd__o31a_2)
     3    0.013882    0.144347    0.767534   12.984430 v filter.y_out[13]_sky130_fd_sc_hd__dfrtp_2_Q_D_sky130_fd_sc_hd__xnor2_2_Y_B_sky130_fd_sc_hd__o31a_2_X/X (sky130_fd_sc_hd__o31a_2)
                                                         filter.y_out[13]_sky130_fd_sc_hd__dfrtp_2_Q_D_sky130_fd_sc_hd__xnor2_2_Y_B (net)
                      0.144347    0.000000   12.984430 v filter.y_out[14]_sky130_fd_sc_hd__dfrtp_2_Q_D_sky130_fd_sc_hd__xnor2_2_Y_B_sky130_fd_sc_hd__o21ai_2_Y/A2 (sky130_fd_sc_hd__o21ai_2)
     1    0.008492    0.234685    0.272616   13.257046 ^ filter.y_out[14]_sky130_fd_sc_hd__dfrtp_2_Q_D_sky130_fd_sc_hd__xnor2_2_Y_B_sky130_fd_sc_hd__o21ai_2_Y/Y (sky130_fd_sc_hd__o21ai_2)
                                                         filter.y_out[14]_sky130_fd_sc_hd__dfrtp_2_Q_D_sky130_fd_sc_hd__xnor2_2_Y_B (net)
                      0.234685    0.000000   13.257046 ^ filter.y_out[14]_sky130_fd_sc_hd__dfrtp_2_Q_D_sky130_fd_sc_hd__xnor2_2_Y/B (sky130_fd_sc_hd__xnor2_2)
     1    0.001838    0.081527    0.151027   13.408072 v filter.y_out[14]_sky130_fd_sc_hd__dfrtp_2_Q_D_sky130_fd_sc_hd__xnor2_2_Y/Y (sky130_fd_sc_hd__xnor2_2)
                                                         filter.y_out[14]_sky130_fd_sc_hd__dfrtp_2_Q_D (net)
                      0.081527    0.000000   13.408072 v filter.y_out[14]_sky130_fd_sc_hd__dfrtp_2_Q/D (sky130_fd_sc_hd__dfrtp_2)
                                             13.408072   data arrival time

                      0.150000   30.000000   30.000000   clock clk (rise edge)
                                  0.000000   30.000000   clock network delay (ideal)
                                 -0.250000   29.750000   clock uncertainty
                                  0.000000   29.750000   clock reconvergence pessimism
                                             29.750000 ^ filter.y_out[14]_sky130_fd_sc_hd__dfrtp_2_Q/CLK (sky130_fd_sc_hd__dfrtp_2)
                                 -0.260098   29.489902   library setup time
                                             29.489902   data required time
---------------------------------------------------------------------------------------------
                                             29.489902   data required time
                                            -13.408072   data arrival time
---------------------------------------------------------------------------------------------
                                             16.081831   slack (MET)


Startpoint: filter.y_out[10]_sky130_fd_sc_hd__dfrtp_2_Q
            (rising edge-triggered flip-flop clocked by clk)
Endpoint: filter.y_out[13]_sky130_fd_sc_hd__dfrtp_2_Q
          (rising edge-triggered flip-flop clocked by clk)
Path Group: clk
Path Type: max

Fanout         Cap        Slew       Delay        Time   Description
---------------------------------------------------------------------------------------------
                      0.150000    0.000000    0.000000   clock clk (rise edge)
                                  0.000000    0.000000   clock network delay (ideal)
                      0.150000    0.000000    0.000000 ^ filter.y_out[10]_sky130_fd_sc_hd__dfrtp_2_Q/CLK (sky130_fd_sc_hd__dfrtp_2)
    12    0.044942    0.253220    1.038711    1.038711 v filter.y_out[10]_sky130_fd_sc_hd__dfrtp_2_Q/Q (sky130_fd_sc_hd__dfrtp_2)
                                                         filter.y_out[10] (net)
                      0.253220    0.000000    1.038711 v filter.x_in[12]_sky130_fd_sc_hd__a21oi_2_A1_B1_sky130_fd_sc_hd__and3_2_X_B_sky130_fd_sc_hd__a22o_2_X_A1_sky130_fd_sc_hd__nand2_2_Y_A_sky130_fd_sc_hd__or2_2_X/A (sky130_fd_sc_hd__or2_2)
     7    0.014450    0.175328    0.829295    1.868006 v filter.x_in[12]_sky130_fd_sc_hd__a21oi_2_A1_B1_sky130_fd_sc_hd__and3_2_X_B_sky130_fd_sc_hd__a22o_2_X_A1_sky130_fd_sc_hd__nand2_2_Y_A_sky130_fd_sc_hd__or2_2_X/X (sky130_fd_sc_hd__or2_2)
                                                         filter.x_in[12]_sky130_fd_sc_hd__a21oi_2_A1_B1_sky130_fd_sc_hd__and3_2_X_B_sky130_fd_sc_hd__a22o_2_X_A1_sky130_fd_sc_hd__nand2_2_Y_A (net)
                      0.175328    0.000000    1.868006 v filter.x_in[10]_sky130_fd_sc_hd__or2_2_A_B_sky130_fd_sc_hd__xor2_2_X_B_sky130_fd_sc_hd__a31o_2_X_A3_sky130_fd_sc_hd__xnor2_2_Y_B_sky130_fd_sc_hd__nand2b_2_Y_B_sky130_fd_sc_hd__a21o_2_X/A1 (sky130_fd_sc_hd__a21o_2)
     2    0.006489    0.077286    0.411921    2.279928 v filter.x_in[10]_sky130_fd_sc_hd__or2_2_A_B_sky130_fd_sc_hd__xor2_2_X_B_sky130_fd_sc_hd__a31o_2_X_A3_sky130_fd_sc_hd__xnor2_2_Y_B_sky130_fd_sc_hd__nand2b_2_Y_B_sky130_fd_sc_hd__a21o_2_X/X (sky130_fd_sc_hd__a21o_2)
                                                         filter.x_in[10]_sky130_fd_sc_hd__or2_2_A_B_sky130_fd_sc_hd__xor2_2_X_B_sky130_fd_sc_hd__a31o_2_X_A3_sky130_fd_sc_hd__xnor2_2_Y_B_sky130_fd_sc_hd__nand2b_2_Y_B (net)
                      0.077286    0.000000    2.279928 v filter.x_in[9]_sky130_fd_sc_hd__xnor2_2_A_B_sky130_fd_sc_hd__xor2_2_X_A_sky130_fd_sc_hd__xnor2_2_Y_A_sky130_fd_sc_hd__a21o_2_X_B1_sky130_fd_sc_hd__a311o_2_B1/A3 (sky130_fd_sc_hd__a311o_2)
    16    0.072738    0.377268    1.050624    3.330552 v filter.x_in[9]_sky130_fd_sc_hd__xnor2_2_A_B_sky130_fd_sc_hd__xor2_2_X_A_sky130_fd_sc_hd__xnor2_2_Y_A_sky130_fd_sc_hd__a21o_2_X_B1_sky130_fd_sc_hd__a311o_2_B1/X (sky130_fd_sc_hd__a311o_2)
                                                         filter.x_in[9]_sky130_fd_sc_hd__xnor2_2_A_B_sky130_fd_sc_hd__xor2_2_X_A_sky130_fd_sc_hd__xnor2_2_Y_A_sky130_fd_sc_hd__a21o_2_X_B1_sky130_fd_sc_hd__a311o_2_B1_X (net)
                      0.377268    0.000000    3.330552 v filter.x_in[7]_sky130_fd_sc_hd__and2_2_A_B_sky130_fd_sc_hd__and3b_2_X_C_sky130_fd_sc_hd__nand2b_2_Y/A_N (sky130_fd_sc_hd__nand2b_2)
     1    0.001397    0.068854    0.479630    3.810182 v filter.x_in[7]_sky130_fd_sc_hd__and2_2_A_B_sky130_fd_sc_hd__and3b_2_X_C_sky130_fd_sc_hd__nand2b_2_Y/Y (sky130_fd_sc_hd__nand2b_2)
                                                         filter.x_in[7]_sky130_fd_sc_hd__and2_2_A_B_sky130_fd_sc_hd__and3b_2_X_C (net)
                      0.068854    0.000000    3.810182 v filter.x_in[7]_sky130_fd_sc_hd__and2_2_A_B_sky130_fd_sc_hd__and3b_2_X/C (sky130_fd_sc_hd__and3b_2)
     2    0.005534    0.087753    0.451214    4.261396 v filter.x_in[7]_sky130_fd_sc_hd__and2_2_A_B_sky130_fd_sc_hd__and3b_2_X/X (sky130_fd_sc_hd__and3b_2)
                                                         filter.x_in[7]_sky130_fd_sc_hd__and2_2_A_B (net)
                      0.087753    0.000000    4.261396 v filter.x_in[7]_sky130_fd_sc_hd__and2_2_A/B (sky130_fd_sc_hd__and2_2)
     3    0.012006    0.112033    0.454254    4.715650 v filter.x_in[7]_sky130_fd_sc_hd__and2_2_A/X (sky130_fd_sc_hd__and2_2)
                                                         filter.x_in[7]_sky130_fd_sc_hd__and2_2_A_X (net)
                      0.112033    0.000000    4.715650 v filter.x_in[7]_sky130_fd_sc_hd__nor2_2_A_Y_sky130_fd_sc_hd__or2_2_B/A (sky130_fd_sc_hd__or2_2)
     2    0.005699    0.131304    0.705209    5.420859 v filter.x_in[7]_sky130_fd_sc_hd__nor2_2_A_Y_sky130_fd_sc_hd__or2_2_B/X (sky130_fd_sc_hd__or2_2)
                                                         filter.x_in[7]_sky130_fd_sc_hd__nor2_2_A_Y_sky130_fd_sc_hd__or2_2_B_X (net)
                      0.131304    0.000000    5.420859 v filter.x_in[7]_sky130_fd_sc_hd__nor2_2_A_Y_sky130_fd_sc_hd__or2_2_B_X_sky130_fd_sc_hd__or2_2_A/A (sky130_fd_sc_hd__or2_2)
     2    0.005623    0.130688    0.712631    6.133490 v filter.x_in[7]_sky130_fd_sc_hd__nor2_2_A_Y_sky130_fd_sc_hd__or2_2_B_X_sky130_fd_sc_hd__or2_2_A/X (sky130_fd_sc_hd__or2_2)
                                                         filter.x_in[7]_sky130_fd_sc_hd__nor2_2_A_Y_sky130_fd_sc_hd__or2_2_B_X_sky130_fd_sc_hd__or2_2_A_X (net)
                      0.130688    0.000000    6.133490 v filter.x_in[7]_sky130_fd_sc_hd__nor2_2_A_Y_sky130_fd_sc_hd__or2_2_B_X_sky130_fd_sc_hd__nand2_2_A_Y_sky130_fd_sc_hd__and2_2_A/B (sky130_fd_sc_hd__and2_2)
     2    0.003855    0.076703    0.427980    6.561470 v filter.x_in[7]_sky130_fd_sc_hd__nor2_2_A_Y_sky130_fd_sc_hd__or2_2_B_X_sky130_fd_sc_hd__nand2_2_A_Y_sky130_fd_sc_hd__and2_2_A/X (sky130_fd_sc_hd__and2_2)
                                                         filter.x_in[6]_sky130_fd_sc_hd__and2_2_A_X_sky130_fd_sc_hd__a21oi_2_A1_A2_sky130_fd_sc_hd__or3_2_X_B (net)
                      0.076703    0.000000    6.561470 v filter.x_in[6]_sky130_fd_sc_hd__and2_2_A_X_sky130_fd_sc_hd__a21oi_2_A1_A2_sky130_fd_sc_hd__or3_2_X/B (sky130_fd_sc_hd__or3_2)
     2    0.006160    0.192013    1.090227    7.651696 v filter.x_in[6]_sky130_fd_sc_hd__and2_2_A_X_sky130_fd_sc_hd__a21oi_2_A1_A2_sky130_fd_sc_hd__or3_2_X/X (sky130_fd_sc_hd__or3_2)
                                                         filter.x_in[6]_sky130_fd_sc_hd__and2_2_A_X_sky130_fd_sc_hd__a21oi_2_A1_A2 (net)
                      0.192013    0.000000    7.651696 v filter.x_in[6]_sky130_fd_sc_hd__and2_2_A_X_sky130_fd_sc_hd__xor2_2_A_B_sky130_fd_sc_hd__and2b_2_X/B (sky130_fd_sc_hd__and2b_2)
     1    0.008022    0.096315    0.493587    8.145283 v filter.x_in[6]_sky130_fd_sc_hd__and2_2_A_X_sky130_fd_sc_hd__xor2_2_A_B_sky130_fd_sc_hd__and2b_2_X/X (sky130_fd_sc_hd__and2b_2)
                                                         filter.x_in[6]_sky130_fd_sc_hd__and2_2_A_X_sky130_fd_sc_hd__xor2_2_A_B (net)
                      0.096315    0.000000    8.145283 v filter.x_in[6]_sky130_fd_sc_hd__and2_2_A_X_sky130_fd_sc_hd__xor2_2_A/B (sky130_fd_sc_hd__xor2_2)
     2    0.005518    0.099509    0.276429    8.421712 v filter.x_in[6]_sky130_fd_sc_hd__and2_2_A_X_sky130_fd_sc_hd__xor2_2_A/X (sky130_fd_sc_hd__xor2_2)
                                                         filter.x_in[6]_sky130_fd_sc_hd__and2_2_A_X_sky130_fd_sc_hd__xor2_2_A_X (net)
                      0.099509    0.000000    8.421712 v filter.x_in[6]_sky130_fd_sc_hd__and2_2_A_X_sky130_fd_sc_hd__xor2_2_A_X_sky130_fd_sc_hd__or3_2_C/C (sky130_fd_sc_hd__or3_2)
     1    0.001353    0.148750    0.939890    9.361602 v filter.x_in[6]_sky130_fd_sc_hd__and2_2_A_X_sky130_fd_sc_hd__xor2_2_A_X_sky130_fd_sc_hd__or3_2_C/X (sky130_fd_sc_hd__or3_2)
                                                         filter.x_in[6]_sky130_fd_sc_hd__and2_2_A_X_sky130_fd_sc_hd__xor2_2_A_X_sky130_fd_sc_hd__or3_2_C_X (net)
                      0.148750    0.000000    9.361602 v filter.x_in[6]_sky130_fd_sc_hd__and2_2_A_X_sky130_fd_sc_hd__xor2_2_A_X_sky130_fd_sc_hd__or3_2_C_X_sky130_fd_sc_hd__and2_2_B/B (sky130_fd_sc_hd__and2_2)
     2    0.012460    0.114097    0.487024    9.848625 v filter.x_in[6]_sky130_fd_sc_hd__and2_2_A_X_sky130_fd_sc_hd__xor2_2_A_X_sky130_fd_sc_hd__or3_2_C_X_sky130_fd_sc_hd__and2_2_B/X (sky130_fd_sc_hd__and2_2)
                                                         filter.y_out[6]_sky130_fd_sc_hd__dfrtp_2_Q_D_sky130_fd_sc_hd__xnor2_2_Y_B_sky130_fd_sc_hd__xnor2_2_Y_A_sky130_fd_sc_hd__nand2_2_Y_B (net)
                      0.114097    0.000000    9.848625 v filter.x_in[5]_sky130_fd_sc_hd__nand2_2_A_Y_sky130_fd_sc_hd__xor2_2_A_X_sky130_fd_sc_hd__and2b_2_B_X_sky130_fd_sc_hd__xnor2_2_A/B (sky130_fd_sc_hd__xnor2_2)
     2    0.005521    0.106476    0.258906   10.107532 v filter.x_in[5]_sky130_fd_sc_hd__nand2_2_A_Y_sky130_fd_sc_hd__xor2_2_A_X_sky130_fd_sc_hd__and2b_2_B_X_sky130_fd_sc_hd__xnor2_2_A/Y (sky130_fd_sc_hd__xnor2_2)
                                                         filter.y_out[5]_sky130_fd_sc_hd__dfrtp_2_Q_D_sky130_fd_sc_hd__xor2_2_X_B_sky130_fd_sc_hd__nand2_2_Y_A_sky130_fd_sc_hd__or2_2_X_B (net)
                      0.106476    0.000000   10.107532 v filter.y_out[5]_sky130_fd_sc_hd__dfrtp_2_Q_D_sky130_fd_sc_hd__xor2_2_X_B_sky130_fd_sc_hd__nand2_2_Y_A_sky130_fd_sc_hd__or2_2_X/B (sky130_fd_sc_hd__or2_2)
     3    0.010901    0.157530    0.700311   10.807842 v filter.y_out[5]_sky130_fd_sc_hd__dfrtp_2_Q_D_sky130_fd_sc_hd__xor2_2_X_B_sky130_fd_sc_hd__nand2_2_Y_A_sky130_fd_sc_hd__or2_2_X/X (sky130_fd_sc_hd__or2_2)
                                                         filter.y_out[5]_sky130_fd_sc_hd__dfrtp_2_Q_D_sky130_fd_sc_hd__xor2_2_X_B_sky130_fd_sc_hd__nand2_2_Y_A (net)
                      0.157530    0.000000   10.807842 v filter.y_out[7]_sky130_fd_sc_hd__dfrtp_2_Q_D_sky130_fd_sc_hd__xnor2_2_Y_B_sky130_fd_sc_hd__o21ai_2_Y_B1_sky130_fd_sc_hd__a21o_2_X/A2 (sky130_fd_sc_hd__a21o_2)
     2    0.005639    0.074013    0.430596   11.238438 v filter.y_out[7]_sky130_fd_sc_hd__dfrtp_2_Q_D_sky130_fd_sc_hd__xnor2_2_Y_B_sky130_fd_sc_hd__o21ai_2_Y_B1_sky130_fd_sc_hd__a21o_2_X/X (sky130_fd_sc_hd__a21o_2)
                                                         filter.y_out[7]_sky130_fd_sc_hd__dfrtp_2_Q_D_sky130_fd_sc_hd__xnor2_2_Y_B_sky130_fd_sc_hd__o21ai_2_Y_B1 (net)
                      0.074013    0.000000   11.238438 v filter.y_out[7]_sky130_fd_sc_hd__dfrtp_2_Q_D_sky130_fd_sc_hd__xnor2_2_Y_A_sky130_fd_sc_hd__or2_2_A_X_sky130_fd_sc_hd__or2_2_B/A (sky130_fd_sc_hd__or2_2)
     1    0.002303    0.108412    0.649375   11.887813 v filter.y_out[7]_sky130_fd_sc_hd__dfrtp_2_Q_D_sky130_fd_sc_hd__xnor2_2_Y_A_sky130_fd_sc_hd__or2_2_A_X_sky130_fd_sc_hd__or2_2_B/X (sky130_fd_sc_hd__or2_2)
                                                         filter.y_out[6]_sky130_fd_sc_hd__dfrtp_2_Q_D_sky130_fd_sc_hd__xnor2_2_Y_B_sky130_fd_sc_hd__o311a_2_A2_B1 (net)
                      0.108412    0.000000   11.887813 v filter.y_out[6]_sky130_fd_sc_hd__dfrtp_2_Q_D_sky130_fd_sc_hd__xnor2_2_Y_B_sky130_fd_sc_hd__o311a_2_A2/B1 (sky130_fd_sc_hd__o311a_2)
     4    0.017871    0.172291    0.329083   12.216895 v filter.y_out[6]_sky130_fd_sc_hd__dfrtp_2_Q_D_sky130_fd_sc_hd__xnor2_2_Y_B_sky130_fd_sc_hd__o311a_2_A2/X (sky130_fd_sc_hd__o311a_2)
                                                         filter.y_out[6]_sky130_fd_sc_hd__dfrtp_2_Q_D_sky130_fd_sc_hd__xnor2_2_Y_B_sky130_fd_sc_hd__o311a_2_A2_X (net)
                      0.172291    0.000000   12.216895 v filter.y_out[13]_sky130_fd_sc_hd__dfrtp_2_Q_D_sky130_fd_sc_hd__xnor2_2_Y_B_sky130_fd_sc_hd__o31a_2_X/A1 (sky130_fd_sc_hd__o31a_2)
     3    0.013882    0.144347    0.767534   12.984430 v filter.y_out[13]_sky130_fd_sc_hd__dfrtp_2_Q_D_sky130_fd_sc_hd__xnor2_2_Y_B_sky130_fd_sc_hd__o31a_2_X/X (sky130_fd_sc_hd__o31a_2)
                                                         filter.y_out[13]_sky130_fd_sc_hd__dfrtp_2_Q_D_sky130_fd_sc_hd__xnor2_2_Y_B (net)
                      0.144347    0.000000   12.984430 v filter.y_out[13]_sky130_fd_sc_hd__dfrtp_2_Q_D_sky130_fd_sc_hd__xnor2_2_Y/B (sky130_fd_sc_hd__xnor2_2)
     1    0.001838    0.086327    0.246634   13.231064 v filter.y_out[13]_sky130_fd_sc_hd__dfrtp_2_Q_D_sky130_fd_sc_hd__xnor2_2_Y/Y (sky130_fd_sc_hd__xnor2_2)
                                                         filter.y_out[13]_sky130_fd_sc_hd__dfrtp_2_Q_D (net)
                      0.086327    0.000000   13.231064 v filter.y_out[13]_sky130_fd_sc_hd__dfrtp_2_Q/D (sky130_fd_sc_hd__dfrtp_2)
                                             13.231064   data arrival time

                      0.150000   30.000000   30.000000   clock clk (rise edge)
                                  0.000000   30.000000   clock network delay (ideal)
                                 -0.250000   29.750000   clock uncertainty
                                  0.000000   29.750000   clock reconvergence pessimism
                                             29.750000 ^ filter.y_out[13]_sky130_fd_sc_hd__dfrtp_2_Q/CLK (sky130_fd_sc_hd__dfrtp_2)
                                 -0.262100   29.487902   library setup time
                                             29.487902   data required time
---------------------------------------------------------------------------------------------
                                             29.487902   data required time
                                            -13.231064   data arrival time
---------------------------------------------------------------------------------------------
                                             16.256838   slack (MET)


Startpoint: filter.y_out[10]_sky130_fd_sc_hd__dfrtp_2_Q
            (rising edge-triggered flip-flop clocked by clk)
Endpoint: filter.y_out[12]_sky130_fd_sc_hd__dfrtp_2_Q
          (rising edge-triggered flip-flop clocked by clk)
Path Group: clk
Path Type: max

Fanout         Cap        Slew       Delay        Time   Description
---------------------------------------------------------------------------------------------
                      0.150000    0.000000    0.000000   clock clk (rise edge)
                                  0.000000    0.000000   clock network delay (ideal)
                      0.150000    0.000000    0.000000 ^ filter.y_out[10]_sky130_fd_sc_hd__dfrtp_2_Q/CLK (sky130_fd_sc_hd__dfrtp_2)
    12    0.044942    0.253220    1.038711    1.038711 v filter.y_out[10]_sky130_fd_sc_hd__dfrtp_2_Q/Q (sky130_fd_sc_hd__dfrtp_2)
                                                         filter.y_out[10] (net)
                      0.253220    0.000000    1.038711 v filter.x_in[12]_sky130_fd_sc_hd__a21oi_2_A1_B1_sky130_fd_sc_hd__and3_2_X_B_sky130_fd_sc_hd__a22o_2_X_A1_sky130_fd_sc_hd__nand2_2_Y_A_sky130_fd_sc_hd__or2_2_X/A (sky130_fd_sc_hd__or2_2)
     7    0.014450    0.175328    0.829295    1.868006 v filter.x_in[12]_sky130_fd_sc_hd__a21oi_2_A1_B1_sky130_fd_sc_hd__and3_2_X_B_sky130_fd_sc_hd__a22o_2_X_A1_sky130_fd_sc_hd__nand2_2_Y_A_sky130_fd_sc_hd__or2_2_X/X (sky130_fd_sc_hd__or2_2)
                                                         filter.x_in[12]_sky130_fd_sc_hd__a21oi_2_A1_B1_sky130_fd_sc_hd__and3_2_X_B_sky130_fd_sc_hd__a22o_2_X_A1_sky130_fd_sc_hd__nand2_2_Y_A (net)
                      0.175328    0.000000    1.868006 v filter.x_in[10]_sky130_fd_sc_hd__or2_2_A_B_sky130_fd_sc_hd__xor2_2_X_B_sky130_fd_sc_hd__a31o_2_X_A3_sky130_fd_sc_hd__xnor2_2_Y_B_sky130_fd_sc_hd__nand2b_2_Y_B_sky130_fd_sc_hd__a21o_2_X/A1 (sky130_fd_sc_hd__a21o_2)
     2    0.006489    0.077286    0.411921    2.279928 v filter.x_in[10]_sky130_fd_sc_hd__or2_2_A_B_sky130_fd_sc_hd__xor2_2_X_B_sky130_fd_sc_hd__a31o_2_X_A3_sky130_fd_sc_hd__xnor2_2_Y_B_sky130_fd_sc_hd__nand2b_2_Y_B_sky130_fd_sc_hd__a21o_2_X/X (sky130_fd_sc_hd__a21o_2)
                                                         filter.x_in[10]_sky130_fd_sc_hd__or2_2_A_B_sky130_fd_sc_hd__xor2_2_X_B_sky130_fd_sc_hd__a31o_2_X_A3_sky130_fd_sc_hd__xnor2_2_Y_B_sky130_fd_sc_hd__nand2b_2_Y_B (net)
                      0.077286    0.000000    2.279928 v filter.x_in[9]_sky130_fd_sc_hd__xnor2_2_A_B_sky130_fd_sc_hd__xor2_2_X_A_sky130_fd_sc_hd__xnor2_2_Y_A_sky130_fd_sc_hd__a21o_2_X_B1_sky130_fd_sc_hd__a311o_2_B1/A3 (sky130_fd_sc_hd__a311o_2)
    16    0.072738    0.377268    1.050624    3.330552 v filter.x_in[9]_sky130_fd_sc_hd__xnor2_2_A_B_sky130_fd_sc_hd__xor2_2_X_A_sky130_fd_sc_hd__xnor2_2_Y_A_sky130_fd_sc_hd__a21o_2_X_B1_sky130_fd_sc_hd__a311o_2_B1/X (sky130_fd_sc_hd__a311o_2)
                                                         filter.x_in[9]_sky130_fd_sc_hd__xnor2_2_A_B_sky130_fd_sc_hd__xor2_2_X_A_sky130_fd_sc_hd__xnor2_2_Y_A_sky130_fd_sc_hd__a21o_2_X_B1_sky130_fd_sc_hd__a311o_2_B1_X (net)
                      0.377268    0.000000    3.330552 v filter.x_in[7]_sky130_fd_sc_hd__and2_2_A_B_sky130_fd_sc_hd__and3b_2_X_C_sky130_fd_sc_hd__nand2b_2_Y/A_N (sky130_fd_sc_hd__nand2b_2)
     1    0.001397    0.068854    0.479630    3.810182 v filter.x_in[7]_sky130_fd_sc_hd__and2_2_A_B_sky130_fd_sc_hd__and3b_2_X_C_sky130_fd_sc_hd__nand2b_2_Y/Y (sky130_fd_sc_hd__nand2b_2)
                                                         filter.x_in[7]_sky130_fd_sc_hd__and2_2_A_B_sky130_fd_sc_hd__and3b_2_X_C (net)
                      0.068854    0.000000    3.810182 v filter.x_in[7]_sky130_fd_sc_hd__and2_2_A_B_sky130_fd_sc_hd__and3b_2_X/C (sky130_fd_sc_hd__and3b_2)
     2    0.005534    0.087753    0.451214    4.261396 v filter.x_in[7]_sky130_fd_sc_hd__and2_2_A_B_sky130_fd_sc_hd__and3b_2_X/X (sky130_fd_sc_hd__and3b_2)
                                                         filter.x_in[7]_sky130_fd_sc_hd__and2_2_A_B (net)
                      0.087753    0.000000    4.261396 v filter.x_in[7]_sky130_fd_sc_hd__and2_2_A/B (sky130_fd_sc_hd__and2_2)
     3    0.012006    0.112033    0.454254    4.715650 v filter.x_in[7]_sky130_fd_sc_hd__and2_2_A/X (sky130_fd_sc_hd__and2_2)
                                                         filter.x_in[7]_sky130_fd_sc_hd__and2_2_A_X (net)
                      0.112033    0.000000    4.715650 v filter.x_in[7]_sky130_fd_sc_hd__nor2_2_A_Y_sky130_fd_sc_hd__or2_2_B/A (sky130_fd_sc_hd__or2_2)
     2    0.005699    0.131304    0.705209    5.420859 v filter.x_in[7]_sky130_fd_sc_hd__nor2_2_A_Y_sky130_fd_sc_hd__or2_2_B/X (sky130_fd_sc_hd__or2_2)
                                                         filter.x_in[7]_sky130_fd_sc_hd__nor2_2_A_Y_sky130_fd_sc_hd__or2_2_B_X (net)
                      0.131304    0.000000    5.420859 v filter.x_in[7]_sky130_fd_sc_hd__nor2_2_A_Y_sky130_fd_sc_hd__or2_2_B_X_sky130_fd_sc_hd__or2_2_A/A (sky130_fd_sc_hd__or2_2)
     2    0.005623    0.130688    0.712631    6.133490 v filter.x_in[7]_sky130_fd_sc_hd__nor2_2_A_Y_sky130_fd_sc_hd__or2_2_B_X_sky130_fd_sc_hd__or2_2_A/X (sky130_fd_sc_hd__or2_2)
                                                         filter.x_in[7]_sky130_fd_sc_hd__nor2_2_A_Y_sky130_fd_sc_hd__or2_2_B_X_sky130_fd_sc_hd__or2_2_A_X (net)
                      0.130688    0.000000    6.133490 v filter.x_in[7]_sky130_fd_sc_hd__nor2_2_A_Y_sky130_fd_sc_hd__or2_2_B_X_sky130_fd_sc_hd__nand2_2_A_Y_sky130_fd_sc_hd__and2_2_A/B (sky130_fd_sc_hd__and2_2)
     2    0.003855    0.076703    0.427980    6.561470 v filter.x_in[7]_sky130_fd_sc_hd__nor2_2_A_Y_sky130_fd_sc_hd__or2_2_B_X_sky130_fd_sc_hd__nand2_2_A_Y_sky130_fd_sc_hd__and2_2_A/X (sky130_fd_sc_hd__and2_2)
                                                         filter.x_in[6]_sky130_fd_sc_hd__and2_2_A_X_sky130_fd_sc_hd__a21oi_2_A1_A2_sky130_fd_sc_hd__or3_2_X_B (net)
                      0.076703    0.000000    6.561470 v filter.x_in[6]_sky130_fd_sc_hd__and2_2_A_X_sky130_fd_sc_hd__a21oi_2_A1_A2_sky130_fd_sc_hd__or3_2_X/B (sky130_fd_sc_hd__or3_2)
     2    0.006160    0.192013    1.090227    7.651696 v filter.x_in[6]_sky130_fd_sc_hd__and2_2_A_X_sky130_fd_sc_hd__a21oi_2_A1_A2_sky130_fd_sc_hd__or3_2_X/X (sky130_fd_sc_hd__or3_2)
                                                         filter.x_in[6]_sky130_fd_sc_hd__and2_2_A_X_sky130_fd_sc_hd__a21oi_2_A1_A2 (net)
                      0.192013    0.000000    7.651696 v filter.x_in[6]_sky130_fd_sc_hd__and2_2_A_X_sky130_fd_sc_hd__xor2_2_A_B_sky130_fd_sc_hd__and2b_2_X/B (sky130_fd_sc_hd__and2b_2)
     1    0.008022    0.096315    0.493587    8.145283 v filter.x_in[6]_sky130_fd_sc_hd__and2_2_A_X_sky130_fd_sc_hd__xor2_2_A_B_sky130_fd_sc_hd__and2b_2_X/X (sky130_fd_sc_hd__and2b_2)
                                                         filter.x_in[6]_sky130_fd_sc_hd__and2_2_A_X_sky130_fd_sc_hd__xor2_2_A_B (net)
                      0.096315    0.000000    8.145283 v filter.x_in[6]_sky130_fd_sc_hd__and2_2_A_X_sky130_fd_sc_hd__xor2_2_A/B (sky130_fd_sc_hd__xor2_2)
     2    0.005518    0.099509    0.276429    8.421712 v filter.x_in[6]_sky130_fd_sc_hd__and2_2_A_X_sky130_fd_sc_hd__xor2_2_A/X (sky130_fd_sc_hd__xor2_2)
                                                         filter.x_in[6]_sky130_fd_sc_hd__and2_2_A_X_sky130_fd_sc_hd__xor2_2_A_X (net)
                      0.099509    0.000000    8.421712 v filter.x_in[6]_sky130_fd_sc_hd__and2_2_A_X_sky130_fd_sc_hd__xor2_2_A_X_sky130_fd_sc_hd__or3_2_C/C (sky130_fd_sc_hd__or3_2)
     1    0.001353    0.148750    0.939890    9.361602 v filter.x_in[6]_sky130_fd_sc_hd__and2_2_A_X_sky130_fd_sc_hd__xor2_2_A_X_sky130_fd_sc_hd__or3_2_C/X (sky130_fd_sc_hd__or3_2)
                                                         filter.x_in[6]_sky130_fd_sc_hd__and2_2_A_X_sky130_fd_sc_hd__xor2_2_A_X_sky130_fd_sc_hd__or3_2_C_X (net)
                      0.148750    0.000000    9.361602 v filter.x_in[6]_sky130_fd_sc_hd__and2_2_A_X_sky130_fd_sc_hd__xor2_2_A_X_sky130_fd_sc_hd__or3_2_C_X_sky130_fd_sc_hd__and2_2_B/B (sky130_fd_sc_hd__and2_2)
     2    0.012460    0.114097    0.487024    9.848625 v filter.x_in[6]_sky130_fd_sc_hd__and2_2_A_X_sky130_fd_sc_hd__xor2_2_A_X_sky130_fd_sc_hd__or3_2_C_X_sky130_fd_sc_hd__and2_2_B/X (sky130_fd_sc_hd__and2_2)
                                                         filter.y_out[6]_sky130_fd_sc_hd__dfrtp_2_Q_D_sky130_fd_sc_hd__xnor2_2_Y_B_sky130_fd_sc_hd__xnor2_2_Y_A_sky130_fd_sc_hd__nand2_2_Y_B (net)
                      0.114097    0.000000    9.848625 v filter.x_in[5]_sky130_fd_sc_hd__nand2_2_A_Y_sky130_fd_sc_hd__xor2_2_A_X_sky130_fd_sc_hd__and2b_2_B_X_sky130_fd_sc_hd__xnor2_2_A/B (sky130_fd_sc_hd__xnor2_2)
     2    0.005521    0.106476    0.258906   10.107532 v filter.x_in[5]_sky130_fd_sc_hd__nand2_2_A_Y_sky130_fd_sc_hd__xor2_2_A_X_sky130_fd_sc_hd__and2b_2_B_X_sky130_fd_sc_hd__xnor2_2_A/Y (sky130_fd_sc_hd__xnor2_2)
                                                         filter.y_out[5]_sky130_fd_sc_hd__dfrtp_2_Q_D_sky130_fd_sc_hd__xor2_2_X_B_sky130_fd_sc_hd__nand2_2_Y_A_sky130_fd_sc_hd__or2_2_X_B (net)
                      0.106476    0.000000   10.107532 v filter.y_out[5]_sky130_fd_sc_hd__dfrtp_2_Q_D_sky130_fd_sc_hd__xor2_2_X_B_sky130_fd_sc_hd__nand2_2_Y_A_sky130_fd_sc_hd__or2_2_X/B (sky130_fd_sc_hd__or2_2)
     3    0.010901    0.157530    0.700311   10.807842 v filter.y_out[5]_sky130_fd_sc_hd__dfrtp_2_Q_D_sky130_fd_sc_hd__xor2_2_X_B_sky130_fd_sc_hd__nand2_2_Y_A_sky130_fd_sc_hd__or2_2_X/X (sky130_fd_sc_hd__or2_2)
                                                         filter.y_out[5]_sky130_fd_sc_hd__dfrtp_2_Q_D_sky130_fd_sc_hd__xor2_2_X_B_sky130_fd_sc_hd__nand2_2_Y_A (net)
                      0.157530    0.000000   10.807842 v filter.y_out[7]_sky130_fd_sc_hd__dfrtp_2_Q_D_sky130_fd_sc_hd__xnor2_2_Y_B_sky130_fd_sc_hd__o21ai_2_Y_B1_sky130_fd_sc_hd__a21o_2_X/A2 (sky130_fd_sc_hd__a21o_2)
     2    0.005639    0.074013    0.430596   11.238438 v filter.y_out[7]_sky130_fd_sc_hd__dfrtp_2_Q_D_sky130_fd_sc_hd__xnor2_2_Y_B_sky130_fd_sc_hd__o21ai_2_Y_B1_sky130_fd_sc_hd__a21o_2_X/X (sky130_fd_sc_hd__a21o_2)
                                                         filter.y_out[7]_sky130_fd_sc_hd__dfrtp_2_Q_D_sky130_fd_sc_hd__xnor2_2_Y_B_sky130_fd_sc_hd__o21ai_2_Y_B1 (net)
                      0.074013    0.000000   11.238438 v filter.y_out[7]_sky130_fd_sc_hd__dfrtp_2_Q_D_sky130_fd_sc_hd__xnor2_2_Y_A_sky130_fd_sc_hd__or2_2_A_X_sky130_fd_sc_hd__or2_2_B/A (sky130_fd_sc_hd__or2_2)
     1    0.002303    0.108412    0.649375   11.887813 v filter.y_out[7]_sky130_fd_sc_hd__dfrtp_2_Q_D_sky130_fd_sc_hd__xnor2_2_Y_A_sky130_fd_sc_hd__or2_2_A_X_sky130_fd_sc_hd__or2_2_B/X (sky130_fd_sc_hd__or2_2)
                                                         filter.y_out[6]_sky130_fd_sc_hd__dfrtp_2_Q_D_sky130_fd_sc_hd__xnor2_2_Y_B_sky130_fd_sc_hd__o311a_2_A2_B1 (net)
                      0.108412    0.000000   11.887813 v filter.y_out[6]_sky130_fd_sc_hd__dfrtp_2_Q_D_sky130_fd_sc_hd__xnor2_2_Y_B_sky130_fd_sc_hd__o311a_2_A2/B1 (sky130_fd_sc_hd__o311a_2)
     4    0.017871    0.172291    0.329083   12.216895 v filter.y_out[6]_sky130_fd_sc_hd__dfrtp_2_Q_D_sky130_fd_sc_hd__xnor2_2_Y_B_sky130_fd_sc_hd__o311a_2_A2/X (sky130_fd_sc_hd__o311a_2)
                                                         filter.y_out[6]_sky130_fd_sc_hd__dfrtp_2_Q_D_sky130_fd_sc_hd__xnor2_2_Y_B_sky130_fd_sc_hd__o311a_2_A2_X (net)
                      0.172291    0.000000   12.216895 v filter.y_out[11]_sky130_fd_sc_hd__dfrtp_2_Q_D_sky130_fd_sc_hd__xnor2_2_Y_B_sky130_fd_sc_hd__o21ai_2_Y/A1 (sky130_fd_sc_hd__o21ai_2)
     2    0.010924    0.276063    0.351347   12.568243 ^ filter.y_out[11]_sky130_fd_sc_hd__dfrtp_2_Q_D_sky130_fd_sc_hd__xnor2_2_Y_B_sky130_fd_sc_hd__o21ai_2_Y/Y (sky130_fd_sc_hd__o21ai_2)
                                                         filter.y_out[11]_sky130_fd_sc_hd__dfrtp_2_Q_D_sky130_fd_sc_hd__xnor2_2_Y_B (net)
                      0.276063    0.000000   12.568243 ^ filter.y_out[12]_sky130_fd_sc_hd__dfrtp_2_Q_D_sky130_fd_sc_hd__xnor2_2_Y_B_sky130_fd_sc_hd__a21o_2_X/A2 (sky130_fd_sc_hd__a21o_2)
     1    0.008492    0.096565    0.349941   12.918183 ^ filter.y_out[12]_sky130_fd_sc_hd__dfrtp_2_Q_D_sky130_fd_sc_hd__xnor2_2_Y_B_sky130_fd_sc_hd__a21o_2_X/X (sky130_fd_sc_hd__a21o_2)
                                                         filter.y_out[12]_sky130_fd_sc_hd__dfrtp_2_Q_D_sky130_fd_sc_hd__xnor2_2_Y_B (net)
                      0.096565    0.000000   12.918183 ^ filter.y_out[12]_sky130_fd_sc_hd__dfrtp_2_Q_D_sky130_fd_sc_hd__xnor2_2_Y/B (sky130_fd_sc_hd__xnor2_2)
     1    0.001838    0.081556    0.107718   13.025902 v filter.y_out[12]_sky130_fd_sc_hd__dfrtp_2_Q_D_sky130_fd_sc_hd__xnor2_2_Y/Y (sky130_fd_sc_hd__xnor2_2)
                                                         filter.y_out[12]_sky130_fd_sc_hd__dfrtp_2_Q_D (net)
                      0.081556    0.000000   13.025902 v filter.y_out[12]_sky130_fd_sc_hd__dfrtp_2_Q/D (sky130_fd_sc_hd__dfrtp_2)
                                             13.025902   data arrival time

                      0.150000   30.000000   30.000000   clock clk (rise edge)
                                  0.000000   30.000000   clock network delay (ideal)
                                 -0.250000   29.750000   clock uncertainty
                                  0.000000   29.750000   clock reconvergence pessimism
                                             29.750000 ^ filter.y_out[12]_sky130_fd_sc_hd__dfrtp_2_Q/CLK (sky130_fd_sc_hd__dfrtp_2)
                                 -0.260110   29.489891   library setup time
                                             29.489891   data required time
---------------------------------------------------------------------------------------------
                                             29.489891   data required time
                                            -13.025902   data arrival time
---------------------------------------------------------------------------------------------
                                             16.463989   slack (MET)


Startpoint: filter.y_out[10]_sky130_fd_sc_hd__dfrtp_2_Q
            (rising edge-triggered flip-flop clocked by clk)
Endpoint: filter.y_out[10]_sky130_fd_sc_hd__dfrtp_2_Q
          (rising edge-triggered flip-flop clocked by clk)
Path Group: clk
Path Type: max

Fanout         Cap        Slew       Delay        Time   Description
---------------------------------------------------------------------------------------------
                      0.150000    0.000000    0.000000   clock clk (rise edge)
                                  0.000000    0.000000   clock network delay (ideal)
                      0.150000    0.000000    0.000000 ^ filter.y_out[10]_sky130_fd_sc_hd__dfrtp_2_Q/CLK (sky130_fd_sc_hd__dfrtp_2)
    12    0.044942    0.253220    1.038711    1.038711 v filter.y_out[10]_sky130_fd_sc_hd__dfrtp_2_Q/Q (sky130_fd_sc_hd__dfrtp_2)
                                                         filter.y_out[10] (net)
                      0.253220    0.000000    1.038711 v filter.x_in[12]_sky130_fd_sc_hd__a21oi_2_A1_B1_sky130_fd_sc_hd__and3_2_X_B_sky130_fd_sc_hd__a22o_2_X_A1_sky130_fd_sc_hd__nand2_2_Y_A_sky130_fd_sc_hd__or2_2_X/A (sky130_fd_sc_hd__or2_2)
     7    0.014450    0.175328    0.829295    1.868006 v filter.x_in[12]_sky130_fd_sc_hd__a21oi_2_A1_B1_sky130_fd_sc_hd__and3_2_X_B_sky130_fd_sc_hd__a22o_2_X_A1_sky130_fd_sc_hd__nand2_2_Y_A_sky130_fd_sc_hd__or2_2_X/X (sky130_fd_sc_hd__or2_2)
                                                         filter.x_in[12]_sky130_fd_sc_hd__a21oi_2_A1_B1_sky130_fd_sc_hd__and3_2_X_B_sky130_fd_sc_hd__a22o_2_X_A1_sky130_fd_sc_hd__nand2_2_Y_A (net)
                      0.175328    0.000000    1.868006 v filter.x_in[10]_sky130_fd_sc_hd__or2_2_A_B_sky130_fd_sc_hd__xor2_2_X_B_sky130_fd_sc_hd__a31o_2_X_A3_sky130_fd_sc_hd__xnor2_2_Y_B_sky130_fd_sc_hd__nand2b_2_Y_B_sky130_fd_sc_hd__a21o_2_X/A1 (sky130_fd_sc_hd__a21o_2)
     2    0.006489    0.077286    0.411921    2.279928 v filter.x_in[10]_sky130_fd_sc_hd__or2_2_A_B_sky130_fd_sc_hd__xor2_2_X_B_sky130_fd_sc_hd__a31o_2_X_A3_sky130_fd_sc_hd__xnor2_2_Y_B_sky130_fd_sc_hd__nand2b_2_Y_B_sky130_fd_sc_hd__a21o_2_X/X (sky130_fd_sc_hd__a21o_2)
                                                         filter.x_in[10]_sky130_fd_sc_hd__or2_2_A_B_sky130_fd_sc_hd__xor2_2_X_B_sky130_fd_sc_hd__a31o_2_X_A3_sky130_fd_sc_hd__xnor2_2_Y_B_sky130_fd_sc_hd__nand2b_2_Y_B (net)
                      0.077286    0.000000    2.279928 v filter.x_in[9]_sky130_fd_sc_hd__xnor2_2_A_B_sky130_fd_sc_hd__xor2_2_X_A_sky130_fd_sc_hd__xnor2_2_Y_A_sky130_fd_sc_hd__a21o_2_X_B1_sky130_fd_sc_hd__a311o_2_B1/A3 (sky130_fd_sc_hd__a311o_2)
    16    0.072738    0.377268    1.050624    3.330552 v filter.x_in[9]_sky130_fd_sc_hd__xnor2_2_A_B_sky130_fd_sc_hd__xor2_2_X_A_sky130_fd_sc_hd__xnor2_2_Y_A_sky130_fd_sc_hd__a21o_2_X_B1_sky130_fd_sc_hd__a311o_2_B1/X (sky130_fd_sc_hd__a311o_2)
                                                         filter.x_in[9]_sky130_fd_sc_hd__xnor2_2_A_B_sky130_fd_sc_hd__xor2_2_X_A_sky130_fd_sc_hd__xnor2_2_Y_A_sky130_fd_sc_hd__a21o_2_X_B1_sky130_fd_sc_hd__a311o_2_B1_X (net)
                      0.377268    0.000000    3.330552 v filter.x_in[7]_sky130_fd_sc_hd__and2_2_A_B_sky130_fd_sc_hd__and3b_2_X_C_sky130_fd_sc_hd__nand2b_2_Y/A_N (sky130_fd_sc_hd__nand2b_2)
     1    0.001397    0.068854    0.479630    3.810182 v filter.x_in[7]_sky130_fd_sc_hd__and2_2_A_B_sky130_fd_sc_hd__and3b_2_X_C_sky130_fd_sc_hd__nand2b_2_Y/Y (sky130_fd_sc_hd__nand2b_2)
                                                         filter.x_in[7]_sky130_fd_sc_hd__and2_2_A_B_sky130_fd_sc_hd__and3b_2_X_C (net)
                      0.068854    0.000000    3.810182 v filter.x_in[7]_sky130_fd_sc_hd__and2_2_A_B_sky130_fd_sc_hd__and3b_2_X/C (sky130_fd_sc_hd__and3b_2)
     2    0.005534    0.087753    0.451214    4.261396 v filter.x_in[7]_sky130_fd_sc_hd__and2_2_A_B_sky130_fd_sc_hd__and3b_2_X/X (sky130_fd_sc_hd__and3b_2)
                                                         filter.x_in[7]_sky130_fd_sc_hd__and2_2_A_B (net)
                      0.087753    0.000000    4.261396 v filter.x_in[7]_sky130_fd_sc_hd__and2_2_A/B (sky130_fd_sc_hd__and2_2)
     3    0.012006    0.112033    0.454254    4.715650 v filter.x_in[7]_sky130_fd_sc_hd__and2_2_A/X (sky130_fd_sc_hd__and2_2)
                                                         filter.x_in[7]_sky130_fd_sc_hd__and2_2_A_X (net)
                      0.112033    0.000000    4.715650 v filter.x_in[7]_sky130_fd_sc_hd__nor2_2_A_Y_sky130_fd_sc_hd__or2_2_B/A (sky130_fd_sc_hd__or2_2)
     2    0.005699    0.131304    0.705209    5.420859 v filter.x_in[7]_sky130_fd_sc_hd__nor2_2_A_Y_sky130_fd_sc_hd__or2_2_B/X (sky130_fd_sc_hd__or2_2)
                                                         filter.x_in[7]_sky130_fd_sc_hd__nor2_2_A_Y_sky130_fd_sc_hd__or2_2_B_X (net)
                      0.131304    0.000000    5.420859 v filter.x_in[7]_sky130_fd_sc_hd__nor2_2_A_Y_sky130_fd_sc_hd__or2_2_B_X_sky130_fd_sc_hd__or2_2_A/A (sky130_fd_sc_hd__or2_2)
     2    0.005623    0.130688    0.712631    6.133490 v filter.x_in[7]_sky130_fd_sc_hd__nor2_2_A_Y_sky130_fd_sc_hd__or2_2_B_X_sky130_fd_sc_hd__or2_2_A/X (sky130_fd_sc_hd__or2_2)
                                                         filter.x_in[7]_sky130_fd_sc_hd__nor2_2_A_Y_sky130_fd_sc_hd__or2_2_B_X_sky130_fd_sc_hd__or2_2_A_X (net)
                      0.130688    0.000000    6.133490 v filter.x_in[7]_sky130_fd_sc_hd__nor2_2_A_Y_sky130_fd_sc_hd__or2_2_B_X_sky130_fd_sc_hd__nand2_2_A_Y_sky130_fd_sc_hd__and2_2_A/B (sky130_fd_sc_hd__and2_2)
     2    0.003855    0.076703    0.427980    6.561470 v filter.x_in[7]_sky130_fd_sc_hd__nor2_2_A_Y_sky130_fd_sc_hd__or2_2_B_X_sky130_fd_sc_hd__nand2_2_A_Y_sky130_fd_sc_hd__and2_2_A/X (sky130_fd_sc_hd__and2_2)
                                                         filter.x_in[6]_sky130_fd_sc_hd__and2_2_A_X_sky130_fd_sc_hd__a21oi_2_A1_A2_sky130_fd_sc_hd__or3_2_X_B (net)
                      0.076703    0.000000    6.561470 v filter.x_in[6]_sky130_fd_sc_hd__and2_2_A_X_sky130_fd_sc_hd__a21oi_2_A1_A2_sky130_fd_sc_hd__or3_2_X/B (sky130_fd_sc_hd__or3_2)
     2    0.006160    0.192013    1.090227    7.651696 v filter.x_in[6]_sky130_fd_sc_hd__and2_2_A_X_sky130_fd_sc_hd__a21oi_2_A1_A2_sky130_fd_sc_hd__or3_2_X/X (sky130_fd_sc_hd__or3_2)
                                                         filter.x_in[6]_sky130_fd_sc_hd__and2_2_A_X_sky130_fd_sc_hd__a21oi_2_A1_A2 (net)
                      0.192013    0.000000    7.651696 v filter.x_in[6]_sky130_fd_sc_hd__and2_2_A_X_sky130_fd_sc_hd__xor2_2_A_B_sky130_fd_sc_hd__and2b_2_X/B (sky130_fd_sc_hd__and2b_2)
     1    0.008022    0.096315    0.493587    8.145283 v filter.x_in[6]_sky130_fd_sc_hd__and2_2_A_X_sky130_fd_sc_hd__xor2_2_A_B_sky130_fd_sc_hd__and2b_2_X/X (sky130_fd_sc_hd__and2b_2)
                                                         filter.x_in[6]_sky130_fd_sc_hd__and2_2_A_X_sky130_fd_sc_hd__xor2_2_A_B (net)
                      0.096315    0.000000    8.145283 v filter.x_in[6]_sky130_fd_sc_hd__and2_2_A_X_sky130_fd_sc_hd__xor2_2_A/B (sky130_fd_sc_hd__xor2_2)
     2    0.005518    0.099509    0.276429    8.421712 v filter.x_in[6]_sky130_fd_sc_hd__and2_2_A_X_sky130_fd_sc_hd__xor2_2_A/X (sky130_fd_sc_hd__xor2_2)
                                                         filter.x_in[6]_sky130_fd_sc_hd__and2_2_A_X_sky130_fd_sc_hd__xor2_2_A_X (net)
                      0.099509    0.000000    8.421712 v filter.x_in[6]_sky130_fd_sc_hd__and2_2_A_X_sky130_fd_sc_hd__xor2_2_A_X_sky130_fd_sc_hd__or3_2_C/C (sky130_fd_sc_hd__or3_2)
     1    0.001353    0.148750    0.939890    9.361602 v filter.x_in[6]_sky130_fd_sc_hd__and2_2_A_X_sky130_fd_sc_hd__xor2_2_A_X_sky130_fd_sc_hd__or3_2_C/X (sky130_fd_sc_hd__or3_2)
                                                         filter.x_in[6]_sky130_fd_sc_hd__and2_2_A_X_sky130_fd_sc_hd__xor2_2_A_X_sky130_fd_sc_hd__or3_2_C_X (net)
                      0.148750    0.000000    9.361602 v filter.x_in[6]_sky130_fd_sc_hd__and2_2_A_X_sky130_fd_sc_hd__xor2_2_A_X_sky130_fd_sc_hd__or3_2_C_X_sky130_fd_sc_hd__and2_2_B/B (sky130_fd_sc_hd__and2_2)
     2    0.012460    0.114097    0.487024    9.848625 v filter.x_in[6]_sky130_fd_sc_hd__and2_2_A_X_sky130_fd_sc_hd__xor2_2_A_X_sky130_fd_sc_hd__or3_2_C_X_sky130_fd_sc_hd__and2_2_B/X (sky130_fd_sc_hd__and2_2)
                                                         filter.y_out[6]_sky130_fd_sc_hd__dfrtp_2_Q_D_sky130_fd_sc_hd__xnor2_2_Y_B_sky130_fd_sc_hd__xnor2_2_Y_A_sky130_fd_sc_hd__nand2_2_Y_B (net)
                      0.114097    0.000000    9.848625 v filter.x_in[5]_sky130_fd_sc_hd__nand2_2_A_Y_sky130_fd_sc_hd__xor2_2_A_X_sky130_fd_sc_hd__and2b_2_B_X_sky130_fd_sc_hd__xnor2_2_A/B (sky130_fd_sc_hd__xnor2_2)
     2    0.005521    0.106476    0.258906   10.107532 v filter.x_in[5]_sky130_fd_sc_hd__nand2_2_A_Y_sky130_fd_sc_hd__xor2_2_A_X_sky130_fd_sc_hd__and2b_2_B_X_sky130_fd_sc_hd__xnor2_2_A/Y (sky130_fd_sc_hd__xnor2_2)
                                                         filter.y_out[5]_sky130_fd_sc_hd__dfrtp_2_Q_D_sky130_fd_sc_hd__xor2_2_X_B_sky130_fd_sc_hd__nand2_2_Y_A_sky130_fd_sc_hd__or2_2_X_B (net)
                      0.106476    0.000000   10.107532 v filter.y_out[5]_sky130_fd_sc_hd__dfrtp_2_Q_D_sky130_fd_sc_hd__xor2_2_X_B_sky130_fd_sc_hd__nand2_2_Y_A_sky130_fd_sc_hd__or2_2_X/B (sky130_fd_sc_hd__or2_2)
     3    0.010901    0.157530    0.700311   10.807842 v filter.y_out[5]_sky130_fd_sc_hd__dfrtp_2_Q_D_sky130_fd_sc_hd__xor2_2_X_B_sky130_fd_sc_hd__nand2_2_Y_A_sky130_fd_sc_hd__or2_2_X/X (sky130_fd_sc_hd__or2_2)
                                                         filter.y_out[5]_sky130_fd_sc_hd__dfrtp_2_Q_D_sky130_fd_sc_hd__xor2_2_X_B_sky130_fd_sc_hd__nand2_2_Y_A (net)
                      0.157530    0.000000   10.807842 v filter.y_out[7]_sky130_fd_sc_hd__dfrtp_2_Q_D_sky130_fd_sc_hd__xnor2_2_Y_B_sky130_fd_sc_hd__o21ai_2_Y_B1_sky130_fd_sc_hd__a21o_2_X/A2 (sky130_fd_sc_hd__a21o_2)
     2    0.005639    0.074013    0.430596   11.238438 v filter.y_out[7]_sky130_fd_sc_hd__dfrtp_2_Q_D_sky130_fd_sc_hd__xnor2_2_Y_B_sky130_fd_sc_hd__o21ai_2_Y_B1_sky130_fd_sc_hd__a21o_2_X/X (sky130_fd_sc_hd__a21o_2)
                                                         filter.y_out[7]_sky130_fd_sc_hd__dfrtp_2_Q_D_sky130_fd_sc_hd__xnor2_2_Y_B_sky130_fd_sc_hd__o21ai_2_Y_B1 (net)
                      0.074013    0.000000   11.238438 v filter.y_out[7]_sky130_fd_sc_hd__dfrtp_2_Q_D_sky130_fd_sc_hd__xnor2_2_Y_A_sky130_fd_sc_hd__or2_2_A_X_sky130_fd_sc_hd__or2_2_B/A (sky130_fd_sc_hd__or2_2)
     1    0.002303    0.108412    0.649375   11.887813 v filter.y_out[7]_sky130_fd_sc_hd__dfrtp_2_Q_D_sky130_fd_sc_hd__xnor2_2_Y_A_sky130_fd_sc_hd__or2_2_A_X_sky130_fd_sc_hd__or2_2_B/X (sky130_fd_sc_hd__or2_2)
                                                         filter.y_out[6]_sky130_fd_sc_hd__dfrtp_2_Q_D_sky130_fd_sc_hd__xnor2_2_Y_B_sky130_fd_sc_hd__o311a_2_A2_B1 (net)
                      0.108412    0.000000   11.887813 v filter.y_out[6]_sky130_fd_sc_hd__dfrtp_2_Q_D_sky130_fd_sc_hd__xnor2_2_Y_B_sky130_fd_sc_hd__o311a_2_A2/B1 (sky130_fd_sc_hd__o311a_2)
     4    0.017871    0.172291    0.329083   12.216895 v filter.y_out[6]_sky130_fd_sc_hd__dfrtp_2_Q_D_sky130_fd_sc_hd__xnor2_2_Y_B_sky130_fd_sc_hd__o311a_2_A2/X (sky130_fd_sc_hd__o311a_2)
                                                         filter.y_out[6]_sky130_fd_sc_hd__dfrtp_2_Q_D_sky130_fd_sc_hd__xnor2_2_Y_B_sky130_fd_sc_hd__o311a_2_A2_X (net)
                      0.172291    0.000000   12.216895 v filter.y_out[10]_sky130_fd_sc_hd__dfrtp_2_Q_D_sky130_fd_sc_hd__xor2_2_X_A_sky130_fd_sc_hd__o32a_2_X/B2 (sky130_fd_sc_hd__o32a_2)
     1    0.008719    0.142355    0.417473   12.634369 v filter.y_out[10]_sky130_fd_sc_hd__dfrtp_2_Q_D_sky130_fd_sc_hd__xor2_2_X_A_sky130_fd_sc_hd__o32a_2_X/X (sky130_fd_sc_hd__o32a_2)
                                                         filter.y_out[10]_sky130_fd_sc_hd__dfrtp_2_Q_D_sky130_fd_sc_hd__xor2_2_X_A (net)
                      0.142355    0.000000   12.634369 v filter.y_out[10]_sky130_fd_sc_hd__dfrtp_2_Q_D_sky130_fd_sc_hd__xor2_2_X/A (sky130_fd_sc_hd__xor2_2)
     1    0.001838    0.089314    0.318177   12.952545 v filter.y_out[10]_sky130_fd_sc_hd__dfrtp_2_Q_D_sky130_fd_sc_hd__xor2_2_X/X (sky130_fd_sc_hd__xor2_2)
                                                         filter.y_out[10]_sky130_fd_sc_hd__dfrtp_2_Q_D (net)
                      0.089314    0.000000   12.952545 v filter.y_out[10]_sky130_fd_sc_hd__dfrtp_2_Q/D (sky130_fd_sc_hd__dfrtp_2)
                                             12.952545   data arrival time

                      0.150000   30.000000   30.000000   clock clk (rise edge)
                                  0.000000   30.000000   clock network delay (ideal)
                                 -0.250000   29.750000   clock uncertainty
                                  0.000000   29.750000   clock reconvergence pessimism
                                             29.750000 ^ filter.y_out[10]_sky130_fd_sc_hd__dfrtp_2_Q/CLK (sky130_fd_sc_hd__dfrtp_2)
                                 -0.263346   29.486654   library setup time
                                             29.486654   data required time
---------------------------------------------------------------------------------------------
                                             29.486654   data required time
                                            -12.952545   data arrival time
---------------------------------------------------------------------------------------------
                                             16.534109   slack (MET)


Startpoint: filter.y_out[10]_sky130_fd_sc_hd__dfrtp_2_Q
            (rising edge-triggered flip-flop clocked by clk)
Endpoint: filter.y_out[11]_sky130_fd_sc_hd__dfrtp_2_Q
          (rising edge-triggered flip-flop clocked by clk)
Path Group: clk
Path Type: max

Fanout         Cap        Slew       Delay        Time   Description
---------------------------------------------------------------------------------------------
                      0.150000    0.000000    0.000000   clock clk (rise edge)
                                  0.000000    0.000000   clock network delay (ideal)
                      0.150000    0.000000    0.000000 ^ filter.y_out[10]_sky130_fd_sc_hd__dfrtp_2_Q/CLK (sky130_fd_sc_hd__dfrtp_2)
    12    0.044942    0.253220    1.038711    1.038711 v filter.y_out[10]_sky130_fd_sc_hd__dfrtp_2_Q/Q (sky130_fd_sc_hd__dfrtp_2)
                                                         filter.y_out[10] (net)
                      0.253220    0.000000    1.038711 v filter.x_in[12]_sky130_fd_sc_hd__a21oi_2_A1_B1_sky130_fd_sc_hd__and3_2_X_B_sky130_fd_sc_hd__a22o_2_X_A1_sky130_fd_sc_hd__nand2_2_Y_A_sky130_fd_sc_hd__or2_2_X/A (sky130_fd_sc_hd__or2_2)
     7    0.014450    0.175328    0.829295    1.868006 v filter.x_in[12]_sky130_fd_sc_hd__a21oi_2_A1_B1_sky130_fd_sc_hd__and3_2_X_B_sky130_fd_sc_hd__a22o_2_X_A1_sky130_fd_sc_hd__nand2_2_Y_A_sky130_fd_sc_hd__or2_2_X/X (sky130_fd_sc_hd__or2_2)
                                                         filter.x_in[12]_sky130_fd_sc_hd__a21oi_2_A1_B1_sky130_fd_sc_hd__and3_2_X_B_sky130_fd_sc_hd__a22o_2_X_A1_sky130_fd_sc_hd__nand2_2_Y_A (net)
                      0.175328    0.000000    1.868006 v filter.x_in[10]_sky130_fd_sc_hd__or2_2_A_B_sky130_fd_sc_hd__xor2_2_X_B_sky130_fd_sc_hd__a31o_2_X_A3_sky130_fd_sc_hd__xnor2_2_Y_B_sky130_fd_sc_hd__nand2b_2_Y_B_sky130_fd_sc_hd__a21o_2_X/A1 (sky130_fd_sc_hd__a21o_2)
     2    0.006489    0.077286    0.411921    2.279928 v filter.x_in[10]_sky130_fd_sc_hd__or2_2_A_B_sky130_fd_sc_hd__xor2_2_X_B_sky130_fd_sc_hd__a31o_2_X_A3_sky130_fd_sc_hd__xnor2_2_Y_B_sky130_fd_sc_hd__nand2b_2_Y_B_sky130_fd_sc_hd__a21o_2_X/X (sky130_fd_sc_hd__a21o_2)
                                                         filter.x_in[10]_sky130_fd_sc_hd__or2_2_A_B_sky130_fd_sc_hd__xor2_2_X_B_sky130_fd_sc_hd__a31o_2_X_A3_sky130_fd_sc_hd__xnor2_2_Y_B_sky130_fd_sc_hd__nand2b_2_Y_B (net)
                      0.077286    0.000000    2.279928 v filter.x_in[9]_sky130_fd_sc_hd__xnor2_2_A_B_sky130_fd_sc_hd__xor2_2_X_A_sky130_fd_sc_hd__xnor2_2_Y_A_sky130_fd_sc_hd__a21o_2_X_B1_sky130_fd_sc_hd__a311o_2_B1/A3 (sky130_fd_sc_hd__a311o_2)
    16    0.072738    0.377268    1.050624    3.330552 v filter.x_in[9]_sky130_fd_sc_hd__xnor2_2_A_B_sky130_fd_sc_hd__xor2_2_X_A_sky130_fd_sc_hd__xnor2_2_Y_A_sky130_fd_sc_hd__a21o_2_X_B1_sky130_fd_sc_hd__a311o_2_B1/X (sky130_fd_sc_hd__a311o_2)
                                                         filter.x_in[9]_sky130_fd_sc_hd__xnor2_2_A_B_sky130_fd_sc_hd__xor2_2_X_A_sky130_fd_sc_hd__xnor2_2_Y_A_sky130_fd_sc_hd__a21o_2_X_B1_sky130_fd_sc_hd__a311o_2_B1_X (net)
                      0.377268    0.000000    3.330552 v filter.x_in[7]_sky130_fd_sc_hd__and2_2_A_B_sky130_fd_sc_hd__and3b_2_X_C_sky130_fd_sc_hd__nand2b_2_Y/A_N (sky130_fd_sc_hd__nand2b_2)
     1    0.001397    0.068854    0.479630    3.810182 v filter.x_in[7]_sky130_fd_sc_hd__and2_2_A_B_sky130_fd_sc_hd__and3b_2_X_C_sky130_fd_sc_hd__nand2b_2_Y/Y (sky130_fd_sc_hd__nand2b_2)
                                                         filter.x_in[7]_sky130_fd_sc_hd__and2_2_A_B_sky130_fd_sc_hd__and3b_2_X_C (net)
                      0.068854    0.000000    3.810182 v filter.x_in[7]_sky130_fd_sc_hd__and2_2_A_B_sky130_fd_sc_hd__and3b_2_X/C (sky130_fd_sc_hd__and3b_2)
     2    0.005534    0.087753    0.451214    4.261396 v filter.x_in[7]_sky130_fd_sc_hd__and2_2_A_B_sky130_fd_sc_hd__and3b_2_X/X (sky130_fd_sc_hd__and3b_2)
                                                         filter.x_in[7]_sky130_fd_sc_hd__and2_2_A_B (net)
                      0.087753    0.000000    4.261396 v filter.x_in[7]_sky130_fd_sc_hd__and2_2_A/B (sky130_fd_sc_hd__and2_2)
     3    0.012006    0.112033    0.454254    4.715650 v filter.x_in[7]_sky130_fd_sc_hd__and2_2_A/X (sky130_fd_sc_hd__and2_2)
                                                         filter.x_in[7]_sky130_fd_sc_hd__and2_2_A_X (net)
                      0.112033    0.000000    4.715650 v filter.x_in[7]_sky130_fd_sc_hd__nor2_2_A_Y_sky130_fd_sc_hd__or2_2_B/A (sky130_fd_sc_hd__or2_2)
     2    0.005699    0.131304    0.705209    5.420859 v filter.x_in[7]_sky130_fd_sc_hd__nor2_2_A_Y_sky130_fd_sc_hd__or2_2_B/X (sky130_fd_sc_hd__or2_2)
                                                         filter.x_in[7]_sky130_fd_sc_hd__nor2_2_A_Y_sky130_fd_sc_hd__or2_2_B_X (net)
                      0.131304    0.000000    5.420859 v filter.x_in[7]_sky130_fd_sc_hd__nor2_2_A_Y_sky130_fd_sc_hd__or2_2_B_X_sky130_fd_sc_hd__or2_2_A/A (sky130_fd_sc_hd__or2_2)
     2    0.005623    0.130688    0.712631    6.133490 v filter.x_in[7]_sky130_fd_sc_hd__nor2_2_A_Y_sky130_fd_sc_hd__or2_2_B_X_sky130_fd_sc_hd__or2_2_A/X (sky130_fd_sc_hd__or2_2)
                                                         filter.x_in[7]_sky130_fd_sc_hd__nor2_2_A_Y_sky130_fd_sc_hd__or2_2_B_X_sky130_fd_sc_hd__or2_2_A_X (net)
                      0.130688    0.000000    6.133490 v filter.x_in[7]_sky130_fd_sc_hd__nor2_2_A_Y_sky130_fd_sc_hd__or2_2_B_X_sky130_fd_sc_hd__nand2_2_A_Y_sky130_fd_sc_hd__and2_2_A/B (sky130_fd_sc_hd__and2_2)
     2    0.003855    0.076703    0.427980    6.561470 v filter.x_in[7]_sky130_fd_sc_hd__nor2_2_A_Y_sky130_fd_sc_hd__or2_2_B_X_sky130_fd_sc_hd__nand2_2_A_Y_sky130_fd_sc_hd__and2_2_A/X (sky130_fd_sc_hd__and2_2)
                                                         filter.x_in[6]_sky130_fd_sc_hd__and2_2_A_X_sky130_fd_sc_hd__a21oi_2_A1_A2_sky130_fd_sc_hd__or3_2_X_B (net)
                      0.076703    0.000000    6.561470 v filter.x_in[6]_sky130_fd_sc_hd__and2_2_A_X_sky130_fd_sc_hd__a21oi_2_A1_A2_sky130_fd_sc_hd__or3_2_X/B (sky130_fd_sc_hd__or3_2)
     2    0.006160    0.192013    1.090227    7.651696 v filter.x_in[6]_sky130_fd_sc_hd__and2_2_A_X_sky130_fd_sc_hd__a21oi_2_A1_A2_sky130_fd_sc_hd__or3_2_X/X (sky130_fd_sc_hd__or3_2)
                                                         filter.x_in[6]_sky130_fd_sc_hd__and2_2_A_X_sky130_fd_sc_hd__a21oi_2_A1_A2 (net)
                      0.192013    0.000000    7.651696 v filter.x_in[6]_sky130_fd_sc_hd__and2_2_A_X_sky130_fd_sc_hd__xor2_2_A_B_sky130_fd_sc_hd__and2b_2_X/B (sky130_fd_sc_hd__and2b_2)
     1    0.008022    0.096315    0.493587    8.145283 v filter.x_in[6]_sky130_fd_sc_hd__and2_2_A_X_sky130_fd_sc_hd__xor2_2_A_B_sky130_fd_sc_hd__and2b_2_X/X (sky130_fd_sc_hd__and2b_2)
                                                         filter.x_in[6]_sky130_fd_sc_hd__and2_2_A_X_sky130_fd_sc_hd__xor2_2_A_B (net)
                      0.096315    0.000000    8.145283 v filter.x_in[6]_sky130_fd_sc_hd__and2_2_A_X_sky130_fd_sc_hd__xor2_2_A/B (sky130_fd_sc_hd__xor2_2)
     2    0.005518    0.099509    0.276429    8.421712 v filter.x_in[6]_sky130_fd_sc_hd__and2_2_A_X_sky130_fd_sc_hd__xor2_2_A/X (sky130_fd_sc_hd__xor2_2)
                                                         filter.x_in[6]_sky130_fd_sc_hd__and2_2_A_X_sky130_fd_sc_hd__xor2_2_A_X (net)
                      0.099509    0.000000    8.421712 v filter.x_in[6]_sky130_fd_sc_hd__and2_2_A_X_sky130_fd_sc_hd__xor2_2_A_X_sky130_fd_sc_hd__or3_2_C/C (sky130_fd_sc_hd__or3_2)
     1    0.001353    0.148750    0.939890    9.361602 v filter.x_in[6]_sky130_fd_sc_hd__and2_2_A_X_sky130_fd_sc_hd__xor2_2_A_X_sky130_fd_sc_hd__or3_2_C/X (sky130_fd_sc_hd__or3_2)
                                                         filter.x_in[6]_sky130_fd_sc_hd__and2_2_A_X_sky130_fd_sc_hd__xor2_2_A_X_sky130_fd_sc_hd__or3_2_C_X (net)
                      0.148750    0.000000    9.361602 v filter.x_in[6]_sky130_fd_sc_hd__and2_2_A_X_sky130_fd_sc_hd__xor2_2_A_X_sky130_fd_sc_hd__or3_2_C_X_sky130_fd_sc_hd__and2_2_B/B (sky130_fd_sc_hd__and2_2)
     2    0.012460    0.114097    0.487024    9.848625 v filter.x_in[6]_sky130_fd_sc_hd__and2_2_A_X_sky130_fd_sc_hd__xor2_2_A_X_sky130_fd_sc_hd__or3_2_C_X_sky130_fd_sc_hd__and2_2_B/X (sky130_fd_sc_hd__and2_2)
                                                         filter.y_out[6]_sky130_fd_sc_hd__dfrtp_2_Q_D_sky130_fd_sc_hd__xnor2_2_Y_B_sky130_fd_sc_hd__xnor2_2_Y_A_sky130_fd_sc_hd__nand2_2_Y_B (net)
                      0.114097    0.000000    9.848625 v filter.x_in[5]_sky130_fd_sc_hd__nand2_2_A_Y_sky130_fd_sc_hd__xor2_2_A_X_sky130_fd_sc_hd__and2b_2_B_X_sky130_fd_sc_hd__xnor2_2_A/B (sky130_fd_sc_hd__xnor2_2)
     2    0.005521    0.106476    0.258906   10.107532 v filter.x_in[5]_sky130_fd_sc_hd__nand2_2_A_Y_sky130_fd_sc_hd__xor2_2_A_X_sky130_fd_sc_hd__and2b_2_B_X_sky130_fd_sc_hd__xnor2_2_A/Y (sky130_fd_sc_hd__xnor2_2)
                                                         filter.y_out[5]_sky130_fd_sc_hd__dfrtp_2_Q_D_sky130_fd_sc_hd__xor2_2_X_B_sky130_fd_sc_hd__nand2_2_Y_A_sky130_fd_sc_hd__or2_2_X_B (net)
                      0.106476    0.000000   10.107532 v filter.y_out[5]_sky130_fd_sc_hd__dfrtp_2_Q_D_sky130_fd_sc_hd__xor2_2_X_B_sky130_fd_sc_hd__nand2_2_Y_A_sky130_fd_sc_hd__or2_2_X/B (sky130_fd_sc_hd__or2_2)
     3    0.010901    0.157530    0.700311   10.807842 v filter.y_out[5]_sky130_fd_sc_hd__dfrtp_2_Q_D_sky130_fd_sc_hd__xor2_2_X_B_sky130_fd_sc_hd__nand2_2_Y_A_sky130_fd_sc_hd__or2_2_X/X (sky130_fd_sc_hd__or2_2)
                                                         filter.y_out[5]_sky130_fd_sc_hd__dfrtp_2_Q_D_sky130_fd_sc_hd__xor2_2_X_B_sky130_fd_sc_hd__nand2_2_Y_A (net)
                      0.157530    0.000000   10.807842 v filter.y_out[7]_sky130_fd_sc_hd__dfrtp_2_Q_D_sky130_fd_sc_hd__xnor2_2_Y_B_sky130_fd_sc_hd__o21ai_2_Y_B1_sky130_fd_sc_hd__a21o_2_X/A2 (sky130_fd_sc_hd__a21o_2)
     2    0.005639    0.074013    0.430596   11.238438 v filter.y_out[7]_sky130_fd_sc_hd__dfrtp_2_Q_D_sky130_fd_sc_hd__xnor2_2_Y_B_sky130_fd_sc_hd__o21ai_2_Y_B1_sky130_fd_sc_hd__a21o_2_X/X (sky130_fd_sc_hd__a21o_2)
                                                         filter.y_out[7]_sky130_fd_sc_hd__dfrtp_2_Q_D_sky130_fd_sc_hd__xnor2_2_Y_B_sky130_fd_sc_hd__o21ai_2_Y_B1 (net)
                      0.074013    0.000000   11.238438 v filter.y_out[7]_sky130_fd_sc_hd__dfrtp_2_Q_D_sky130_fd_sc_hd__xnor2_2_Y_A_sky130_fd_sc_hd__or2_2_A_X_sky130_fd_sc_hd__or2_2_B/A (sky130_fd_sc_hd__or2_2)
     1    0.002303    0.108412    0.649375   11.887813 v filter.y_out[7]_sky130_fd_sc_hd__dfrtp_2_Q_D_sky130_fd_sc_hd__xnor2_2_Y_A_sky130_fd_sc_hd__or2_2_A_X_sky130_fd_sc_hd__or2_2_B/X (sky130_fd_sc_hd__or2_2)
                                                         filter.y_out[6]_sky130_fd_sc_hd__dfrtp_2_Q_D_sky130_fd_sc_hd__xnor2_2_Y_B_sky130_fd_sc_hd__o311a_2_A2_B1 (net)
                      0.108412    0.000000   11.887813 v filter.y_out[6]_sky130_fd_sc_hd__dfrtp_2_Q_D_sky130_fd_sc_hd__xnor2_2_Y_B_sky130_fd_sc_hd__o311a_2_A2/B1 (sky130_fd_sc_hd__o311a_2)
     4    0.017871    0.172291    0.329083   12.216895 v filter.y_out[6]_sky130_fd_sc_hd__dfrtp_2_Q_D_sky130_fd_sc_hd__xnor2_2_Y_B_sky130_fd_sc_hd__o311a_2_A2/X (sky130_fd_sc_hd__o311a_2)
                                                         filter.y_out[6]_sky130_fd_sc_hd__dfrtp_2_Q_D_sky130_fd_sc_hd__xnor2_2_Y_B_sky130_fd_sc_hd__o311a_2_A2_X (net)
                      0.172291    0.000000   12.216895 v filter.y_out[11]_sky130_fd_sc_hd__dfrtp_2_Q_D_sky130_fd_sc_hd__xnor2_2_Y_B_sky130_fd_sc_hd__o21ai_2_Y/A1 (sky130_fd_sc_hd__o21ai_2)
     2    0.010924    0.276063    0.351347   12.568243 ^ filter.y_out[11]_sky130_fd_sc_hd__dfrtp_2_Q_D_sky130_fd_sc_hd__xnor2_2_Y_B_sky130_fd_sc_hd__o21ai_2_Y/Y (sky130_fd_sc_hd__o21ai_2)
                                                         filter.y_out[11]_sky130_fd_sc_hd__dfrtp_2_Q_D_sky130_fd_sc_hd__xnor2_2_Y_B (net)
                      0.276063    0.000000   12.568243 ^ filter.y_out[11]_sky130_fd_sc_hd__dfrtp_2_Q_D_sky130_fd_sc_hd__xnor2_2_Y/B (sky130_fd_sc_hd__xnor2_2)
     1    0.001838    0.086573    0.160294   12.728537 v filter.y_out[11]_sky130_fd_sc_hd__dfrtp_2_Q_D_sky130_fd_sc_hd__xnor2_2_Y/Y (sky130_fd_sc_hd__xnor2_2)
                                                         filter.y_out[11]_sky130_fd_sc_hd__dfrtp_2_Q_D (net)
                      0.086573    0.000000   12.728537 v filter.y_out[11]_sky130_fd_sc_hd__dfrtp_2_Q/D (sky130_fd_sc_hd__dfrtp_2)
                                             12.728537   data arrival time

                      0.150000   30.000000   30.000000   clock clk (rise edge)
                                  0.000000   30.000000   clock network delay (ideal)
                                 -0.250000   29.750000   clock uncertainty
                                  0.000000   29.750000   clock reconvergence pessimism
                                             29.750000 ^ filter.y_out[11]_sky130_fd_sc_hd__dfrtp_2_Q/CLK (sky130_fd_sc_hd__dfrtp_2)
                                 -0.262203   29.487799   library setup time
                                             29.487799   data required time
---------------------------------------------------------------------------------------------
                                             29.487799   data required time
                                            -12.728537   data arrival time
---------------------------------------------------------------------------------------------
                                             16.759260   slack (MET)


Startpoint: filter.y_out[10]_sky130_fd_sc_hd__dfrtp_2_Q
            (rising edge-triggered flip-flop clocked by clk)
Endpoint: filter.y_out[9]_sky130_fd_sc_hd__dfrtp_2_Q
          (rising edge-triggered flip-flop clocked by clk)
Path Group: clk
Path Type: max

Fanout         Cap        Slew       Delay        Time   Description
---------------------------------------------------------------------------------------------
                      0.150000    0.000000    0.000000   clock clk (rise edge)
                                  0.000000    0.000000   clock network delay (ideal)
                      0.150000    0.000000    0.000000 ^ filter.y_out[10]_sky130_fd_sc_hd__dfrtp_2_Q/CLK (sky130_fd_sc_hd__dfrtp_2)
    12    0.044942    0.253220    1.038711    1.038711 v filter.y_out[10]_sky130_fd_sc_hd__dfrtp_2_Q/Q (sky130_fd_sc_hd__dfrtp_2)
                                                         filter.y_out[10] (net)
                      0.253220    0.000000    1.038711 v filter.x_in[12]_sky130_fd_sc_hd__a21oi_2_A1_B1_sky130_fd_sc_hd__and3_2_X_B_sky130_fd_sc_hd__a22o_2_X_A1_sky130_fd_sc_hd__nand2_2_Y_A_sky130_fd_sc_hd__or2_2_X/A (sky130_fd_sc_hd__or2_2)
     7    0.014450    0.175328    0.829295    1.868006 v filter.x_in[12]_sky130_fd_sc_hd__a21oi_2_A1_B1_sky130_fd_sc_hd__and3_2_X_B_sky130_fd_sc_hd__a22o_2_X_A1_sky130_fd_sc_hd__nand2_2_Y_A_sky130_fd_sc_hd__or2_2_X/X (sky130_fd_sc_hd__or2_2)
                                                         filter.x_in[12]_sky130_fd_sc_hd__a21oi_2_A1_B1_sky130_fd_sc_hd__and3_2_X_B_sky130_fd_sc_hd__a22o_2_X_A1_sky130_fd_sc_hd__nand2_2_Y_A (net)
                      0.175328    0.000000    1.868006 v filter.x_in[10]_sky130_fd_sc_hd__or2_2_A_B_sky130_fd_sc_hd__xor2_2_X_B_sky130_fd_sc_hd__a31o_2_X_A3_sky130_fd_sc_hd__xnor2_2_Y_B_sky130_fd_sc_hd__nand2b_2_Y_B_sky130_fd_sc_hd__a21o_2_X/A1 (sky130_fd_sc_hd__a21o_2)
     2    0.006489    0.077286    0.411921    2.279928 v filter.x_in[10]_sky130_fd_sc_hd__or2_2_A_B_sky130_fd_sc_hd__xor2_2_X_B_sky130_fd_sc_hd__a31o_2_X_A3_sky130_fd_sc_hd__xnor2_2_Y_B_sky130_fd_sc_hd__nand2b_2_Y_B_sky130_fd_sc_hd__a21o_2_X/X (sky130_fd_sc_hd__a21o_2)
                                                         filter.x_in[10]_sky130_fd_sc_hd__or2_2_A_B_sky130_fd_sc_hd__xor2_2_X_B_sky130_fd_sc_hd__a31o_2_X_A3_sky130_fd_sc_hd__xnor2_2_Y_B_sky130_fd_sc_hd__nand2b_2_Y_B (net)
                      0.077286    0.000000    2.279928 v filter.x_in[9]_sky130_fd_sc_hd__xnor2_2_A_B_sky130_fd_sc_hd__xor2_2_X_A_sky130_fd_sc_hd__xnor2_2_Y_A_sky130_fd_sc_hd__a21o_2_X_B1_sky130_fd_sc_hd__a311o_2_B1/A3 (sky130_fd_sc_hd__a311o_2)
    16    0.072738    0.377268    1.050624    3.330552 v filter.x_in[9]_sky130_fd_sc_hd__xnor2_2_A_B_sky130_fd_sc_hd__xor2_2_X_A_sky130_fd_sc_hd__xnor2_2_Y_A_sky130_fd_sc_hd__a21o_2_X_B1_sky130_fd_sc_hd__a311o_2_B1/X (sky130_fd_sc_hd__a311o_2)
                                                         filter.x_in[9]_sky130_fd_sc_hd__xnor2_2_A_B_sky130_fd_sc_hd__xor2_2_X_A_sky130_fd_sc_hd__xnor2_2_Y_A_sky130_fd_sc_hd__a21o_2_X_B1_sky130_fd_sc_hd__a311o_2_B1_X (net)
                      0.377268    0.000000    3.330552 v filter.x_in[7]_sky130_fd_sc_hd__and2_2_A_B_sky130_fd_sc_hd__and3b_2_X_C_sky130_fd_sc_hd__nand2b_2_Y/A_N (sky130_fd_sc_hd__nand2b_2)
     1    0.001397    0.068854    0.479630    3.810182 v filter.x_in[7]_sky130_fd_sc_hd__and2_2_A_B_sky130_fd_sc_hd__and3b_2_X_C_sky130_fd_sc_hd__nand2b_2_Y/Y (sky130_fd_sc_hd__nand2b_2)
                                                         filter.x_in[7]_sky130_fd_sc_hd__and2_2_A_B_sky130_fd_sc_hd__and3b_2_X_C (net)
                      0.068854    0.000000    3.810182 v filter.x_in[7]_sky130_fd_sc_hd__and2_2_A_B_sky130_fd_sc_hd__and3b_2_X/C (sky130_fd_sc_hd__and3b_2)
     2    0.005534    0.087753    0.451214    4.261396 v filter.x_in[7]_sky130_fd_sc_hd__and2_2_A_B_sky130_fd_sc_hd__and3b_2_X/X (sky130_fd_sc_hd__and3b_2)
                                                         filter.x_in[7]_sky130_fd_sc_hd__and2_2_A_B (net)
                      0.087753    0.000000    4.261396 v filter.x_in[7]_sky130_fd_sc_hd__and2_2_A/B (sky130_fd_sc_hd__and2_2)
     3    0.012006    0.112033    0.454254    4.715650 v filter.x_in[7]_sky130_fd_sc_hd__and2_2_A/X (sky130_fd_sc_hd__and2_2)
                                                         filter.x_in[7]_sky130_fd_sc_hd__and2_2_A_X (net)
                      0.112033    0.000000    4.715650 v filter.x_in[7]_sky130_fd_sc_hd__nor2_2_A_Y_sky130_fd_sc_hd__or2_2_B/A (sky130_fd_sc_hd__or2_2)
     2    0.005699    0.131304    0.705209    5.420859 v filter.x_in[7]_sky130_fd_sc_hd__nor2_2_A_Y_sky130_fd_sc_hd__or2_2_B/X (sky130_fd_sc_hd__or2_2)
                                                         filter.x_in[7]_sky130_fd_sc_hd__nor2_2_A_Y_sky130_fd_sc_hd__or2_2_B_X (net)
                      0.131304    0.000000    5.420859 v filter.x_in[7]_sky130_fd_sc_hd__nor2_2_A_Y_sky130_fd_sc_hd__or2_2_B_X_sky130_fd_sc_hd__or2_2_A/A (sky130_fd_sc_hd__or2_2)
     2    0.005623    0.130688    0.712631    6.133490 v filter.x_in[7]_sky130_fd_sc_hd__nor2_2_A_Y_sky130_fd_sc_hd__or2_2_B_X_sky130_fd_sc_hd__or2_2_A/X (sky130_fd_sc_hd__or2_2)
                                                         filter.x_in[7]_sky130_fd_sc_hd__nor2_2_A_Y_sky130_fd_sc_hd__or2_2_B_X_sky130_fd_sc_hd__or2_2_A_X (net)
                      0.130688    0.000000    6.133490 v filter.x_in[7]_sky130_fd_sc_hd__nor2_2_A_Y_sky130_fd_sc_hd__or2_2_B_X_sky130_fd_sc_hd__nand2_2_A_Y_sky130_fd_sc_hd__and2_2_A/B (sky130_fd_sc_hd__and2_2)
     2    0.003855    0.076703    0.427980    6.561470 v filter.x_in[7]_sky130_fd_sc_hd__nor2_2_A_Y_sky130_fd_sc_hd__or2_2_B_X_sky130_fd_sc_hd__nand2_2_A_Y_sky130_fd_sc_hd__and2_2_A/X (sky130_fd_sc_hd__and2_2)
                                                         filter.x_in[6]_sky130_fd_sc_hd__and2_2_A_X_sky130_fd_sc_hd__a21oi_2_A1_A2_sky130_fd_sc_hd__or3_2_X_B (net)
                      0.076703    0.000000    6.561470 v filter.x_in[6]_sky130_fd_sc_hd__and2_2_A_X_sky130_fd_sc_hd__a21oi_2_A1_A2_sky130_fd_sc_hd__or3_2_X/B (sky130_fd_sc_hd__or3_2)
     2    0.006160    0.192013    1.090227    7.651696 v filter.x_in[6]_sky130_fd_sc_hd__and2_2_A_X_sky130_fd_sc_hd__a21oi_2_A1_A2_sky130_fd_sc_hd__or3_2_X/X (sky130_fd_sc_hd__or3_2)
                                                         filter.x_in[6]_sky130_fd_sc_hd__and2_2_A_X_sky130_fd_sc_hd__a21oi_2_A1_A2 (net)
                      0.192013    0.000000    7.651696 v filter.x_in[6]_sky130_fd_sc_hd__and2_2_A_X_sky130_fd_sc_hd__xor2_2_A_B_sky130_fd_sc_hd__and2b_2_X/B (sky130_fd_sc_hd__and2b_2)
     1    0.008022    0.096315    0.493587    8.145283 v filter.x_in[6]_sky130_fd_sc_hd__and2_2_A_X_sky130_fd_sc_hd__xor2_2_A_B_sky130_fd_sc_hd__and2b_2_X/X (sky130_fd_sc_hd__and2b_2)
                                                         filter.x_in[6]_sky130_fd_sc_hd__and2_2_A_X_sky130_fd_sc_hd__xor2_2_A_B (net)
                      0.096315    0.000000    8.145283 v filter.x_in[6]_sky130_fd_sc_hd__and2_2_A_X_sky130_fd_sc_hd__xor2_2_A/B (sky130_fd_sc_hd__xor2_2)
     2    0.005518    0.099509    0.276429    8.421712 v filter.x_in[6]_sky130_fd_sc_hd__and2_2_A_X_sky130_fd_sc_hd__xor2_2_A/X (sky130_fd_sc_hd__xor2_2)
                                                         filter.x_in[6]_sky130_fd_sc_hd__and2_2_A_X_sky130_fd_sc_hd__xor2_2_A_X (net)
                      0.099509    0.000000    8.421712 v filter.x_in[6]_sky130_fd_sc_hd__and2_2_A_X_sky130_fd_sc_hd__xor2_2_A_X_sky130_fd_sc_hd__or3_2_C/C (sky130_fd_sc_hd__or3_2)
     1    0.001353    0.148750    0.939890    9.361602 v filter.x_in[6]_sky130_fd_sc_hd__and2_2_A_X_sky130_fd_sc_hd__xor2_2_A_X_sky130_fd_sc_hd__or3_2_C/X (sky130_fd_sc_hd__or3_2)
                                                         filter.x_in[6]_sky130_fd_sc_hd__and2_2_A_X_sky130_fd_sc_hd__xor2_2_A_X_sky130_fd_sc_hd__or3_2_C_X (net)
                      0.148750    0.000000    9.361602 v filter.x_in[6]_sky130_fd_sc_hd__and2_2_A_X_sky130_fd_sc_hd__xor2_2_A_X_sky130_fd_sc_hd__or3_2_C_X_sky130_fd_sc_hd__and2_2_B/B (sky130_fd_sc_hd__and2_2)
     2    0.012460    0.114097    0.487024    9.848625 v filter.x_in[6]_sky130_fd_sc_hd__and2_2_A_X_sky130_fd_sc_hd__xor2_2_A_X_sky130_fd_sc_hd__or3_2_C_X_sky130_fd_sc_hd__and2_2_B/X (sky130_fd_sc_hd__and2_2)
                                                         filter.y_out[6]_sky130_fd_sc_hd__dfrtp_2_Q_D_sky130_fd_sc_hd__xnor2_2_Y_B_sky130_fd_sc_hd__xnor2_2_Y_A_sky130_fd_sc_hd__nand2_2_Y_B (net)
                      0.114097    0.000000    9.848625 v filter.x_in[5]_sky130_fd_sc_hd__nand2_2_A_Y_sky130_fd_sc_hd__xor2_2_A_X_sky130_fd_sc_hd__and2b_2_B_X_sky130_fd_sc_hd__xnor2_2_A/B (sky130_fd_sc_hd__xnor2_2)
     2    0.005521    0.106476    0.258906   10.107532 v filter.x_in[5]_sky130_fd_sc_hd__nand2_2_A_Y_sky130_fd_sc_hd__xor2_2_A_X_sky130_fd_sc_hd__and2b_2_B_X_sky130_fd_sc_hd__xnor2_2_A/Y (sky130_fd_sc_hd__xnor2_2)
                                                         filter.y_out[5]_sky130_fd_sc_hd__dfrtp_2_Q_D_sky130_fd_sc_hd__xor2_2_X_B_sky130_fd_sc_hd__nand2_2_Y_A_sky130_fd_sc_hd__or2_2_X_B (net)
                      0.106476    0.000000   10.107532 v filter.y_out[5]_sky130_fd_sc_hd__dfrtp_2_Q_D_sky130_fd_sc_hd__xor2_2_X_B_sky130_fd_sc_hd__nand2_2_Y_A_sky130_fd_sc_hd__or2_2_X/B (sky130_fd_sc_hd__or2_2)
     3    0.010901    0.157530    0.700311   10.807842 v filter.y_out[5]_sky130_fd_sc_hd__dfrtp_2_Q_D_sky130_fd_sc_hd__xor2_2_X_B_sky130_fd_sc_hd__nand2_2_Y_A_sky130_fd_sc_hd__or2_2_X/X (sky130_fd_sc_hd__or2_2)
                                                         filter.y_out[5]_sky130_fd_sc_hd__dfrtp_2_Q_D_sky130_fd_sc_hd__xor2_2_X_B_sky130_fd_sc_hd__nand2_2_Y_A (net)
                      0.157530    0.000000   10.807842 v filter.y_out[7]_sky130_fd_sc_hd__dfrtp_2_Q_D_sky130_fd_sc_hd__xnor2_2_Y_B_sky130_fd_sc_hd__o21ai_2_Y_B1_sky130_fd_sc_hd__a21o_2_X/A2 (sky130_fd_sc_hd__a21o_2)
     2    0.005639    0.074013    0.430596   11.238438 v filter.y_out[7]_sky130_fd_sc_hd__dfrtp_2_Q_D_sky130_fd_sc_hd__xnor2_2_Y_B_sky130_fd_sc_hd__o21ai_2_Y_B1_sky130_fd_sc_hd__a21o_2_X/X (sky130_fd_sc_hd__a21o_2)
                                                         filter.y_out[7]_sky130_fd_sc_hd__dfrtp_2_Q_D_sky130_fd_sc_hd__xnor2_2_Y_B_sky130_fd_sc_hd__o21ai_2_Y_B1 (net)
                      0.074013    0.000000   11.238438 v filter.y_out[7]_sky130_fd_sc_hd__dfrtp_2_Q_D_sky130_fd_sc_hd__xnor2_2_Y_A_sky130_fd_sc_hd__or2_2_A_X_sky130_fd_sc_hd__or2_2_B/A (sky130_fd_sc_hd__or2_2)
     1    0.002303    0.108412    0.649375   11.887813 v filter.y_out[7]_sky130_fd_sc_hd__dfrtp_2_Q_D_sky130_fd_sc_hd__xnor2_2_Y_A_sky130_fd_sc_hd__or2_2_A_X_sky130_fd_sc_hd__or2_2_B/X (sky130_fd_sc_hd__or2_2)
                                                         filter.y_out[6]_sky130_fd_sc_hd__dfrtp_2_Q_D_sky130_fd_sc_hd__xnor2_2_Y_B_sky130_fd_sc_hd__o311a_2_A2_B1 (net)
                      0.108412    0.000000   11.887813 v filter.y_out[6]_sky130_fd_sc_hd__dfrtp_2_Q_D_sky130_fd_sc_hd__xnor2_2_Y_B_sky130_fd_sc_hd__o311a_2_A2/B1 (sky130_fd_sc_hd__o311a_2)
     4    0.017871    0.172291    0.329083   12.216895 v filter.y_out[6]_sky130_fd_sc_hd__dfrtp_2_Q_D_sky130_fd_sc_hd__xnor2_2_Y_B_sky130_fd_sc_hd__o311a_2_A2/X (sky130_fd_sc_hd__o311a_2)
                                                         filter.y_out[6]_sky130_fd_sc_hd__dfrtp_2_Q_D_sky130_fd_sc_hd__xnor2_2_Y_B_sky130_fd_sc_hd__o311a_2_A2_X (net)
                      0.172291    0.000000   12.216895 v filter.y_out[9]_sky130_fd_sc_hd__dfrtp_2_Q_D_sky130_fd_sc_hd__xor2_2_X/A (sky130_fd_sc_hd__xor2_2)
     1    0.001838    0.092231    0.330513   12.547409 v filter.y_out[9]_sky130_fd_sc_hd__dfrtp_2_Q_D_sky130_fd_sc_hd__xor2_2_X/X (sky130_fd_sc_hd__xor2_2)
                                                         filter.y_out[9]_sky130_fd_sc_hd__dfrtp_2_Q_D (net)
                      0.092231    0.000000   12.547409 v filter.y_out[9]_sky130_fd_sc_hd__dfrtp_2_Q/D (sky130_fd_sc_hd__dfrtp_2)
                                             12.547409   data arrival time

                      0.150000   30.000000   30.000000   clock clk (rise edge)
                                  0.000000   30.000000   clock network delay (ideal)
                                 -0.250000   29.750000   clock uncertainty
                                  0.000000   29.750000   clock reconvergence pessimism
                                             29.750000 ^ filter.y_out[9]_sky130_fd_sc_hd__dfrtp_2_Q/CLK (sky130_fd_sc_hd__dfrtp_2)
                                 -0.264563   29.485437   library setup time
                                             29.485437   data required time
---------------------------------------------------------------------------------------------
                                             29.485437   data required time
                                            -12.547409   data arrival time
---------------------------------------------------------------------------------------------
                                             16.938028   slack (MET)


Startpoint: filter.y_out[10]_sky130_fd_sc_hd__dfrtp_2_Q
            (rising edge-triggered flip-flop clocked by clk)
Endpoint: filter.y_out[8]_sky130_fd_sc_hd__dfrtp_2_Q
          (rising edge-triggered flip-flop clocked by clk)
Path Group: clk
Path Type: max

Fanout         Cap        Slew       Delay        Time   Description
---------------------------------------------------------------------------------------------
                      0.150000    0.000000    0.000000   clock clk (rise edge)
                                  0.000000    0.000000   clock network delay (ideal)
                      0.150000    0.000000    0.000000 ^ filter.y_out[10]_sky130_fd_sc_hd__dfrtp_2_Q/CLK (sky130_fd_sc_hd__dfrtp_2)
    12    0.044942    0.253220    1.038711    1.038711 v filter.y_out[10]_sky130_fd_sc_hd__dfrtp_2_Q/Q (sky130_fd_sc_hd__dfrtp_2)
                                                         filter.y_out[10] (net)
                      0.253220    0.000000    1.038711 v filter.x_in[12]_sky130_fd_sc_hd__a21oi_2_A1_B1_sky130_fd_sc_hd__and3_2_X_B_sky130_fd_sc_hd__a22o_2_X_A1_sky130_fd_sc_hd__nand2_2_Y_A_sky130_fd_sc_hd__or2_2_X/A (sky130_fd_sc_hd__or2_2)
     7    0.014450    0.175328    0.829295    1.868006 v filter.x_in[12]_sky130_fd_sc_hd__a21oi_2_A1_B1_sky130_fd_sc_hd__and3_2_X_B_sky130_fd_sc_hd__a22o_2_X_A1_sky130_fd_sc_hd__nand2_2_Y_A_sky130_fd_sc_hd__or2_2_X/X (sky130_fd_sc_hd__or2_2)
                                                         filter.x_in[12]_sky130_fd_sc_hd__a21oi_2_A1_B1_sky130_fd_sc_hd__and3_2_X_B_sky130_fd_sc_hd__a22o_2_X_A1_sky130_fd_sc_hd__nand2_2_Y_A (net)
                      0.175328    0.000000    1.868006 v filter.x_in[10]_sky130_fd_sc_hd__or2_2_A_B_sky130_fd_sc_hd__xor2_2_X_B_sky130_fd_sc_hd__a31o_2_X_A3_sky130_fd_sc_hd__xnor2_2_Y_B_sky130_fd_sc_hd__nand2b_2_Y_B_sky130_fd_sc_hd__a21o_2_X/A1 (sky130_fd_sc_hd__a21o_2)
     2    0.006489    0.077286    0.411921    2.279928 v filter.x_in[10]_sky130_fd_sc_hd__or2_2_A_B_sky130_fd_sc_hd__xor2_2_X_B_sky130_fd_sc_hd__a31o_2_X_A3_sky130_fd_sc_hd__xnor2_2_Y_B_sky130_fd_sc_hd__nand2b_2_Y_B_sky130_fd_sc_hd__a21o_2_X/X (sky130_fd_sc_hd__a21o_2)
                                                         filter.x_in[10]_sky130_fd_sc_hd__or2_2_A_B_sky130_fd_sc_hd__xor2_2_X_B_sky130_fd_sc_hd__a31o_2_X_A3_sky130_fd_sc_hd__xnor2_2_Y_B_sky130_fd_sc_hd__nand2b_2_Y_B (net)
                      0.077286    0.000000    2.279928 v filter.x_in[9]_sky130_fd_sc_hd__xnor2_2_A_B_sky130_fd_sc_hd__xor2_2_X_A_sky130_fd_sc_hd__xnor2_2_Y_A_sky130_fd_sc_hd__a21o_2_X_B1_sky130_fd_sc_hd__a311o_2_B1/A3 (sky130_fd_sc_hd__a311o_2)
    16    0.072738    0.377268    1.050624    3.330552 v filter.x_in[9]_sky130_fd_sc_hd__xnor2_2_A_B_sky130_fd_sc_hd__xor2_2_X_A_sky130_fd_sc_hd__xnor2_2_Y_A_sky130_fd_sc_hd__a21o_2_X_B1_sky130_fd_sc_hd__a311o_2_B1/X (sky130_fd_sc_hd__a311o_2)
                                                         filter.x_in[9]_sky130_fd_sc_hd__xnor2_2_A_B_sky130_fd_sc_hd__xor2_2_X_A_sky130_fd_sc_hd__xnor2_2_Y_A_sky130_fd_sc_hd__a21o_2_X_B1_sky130_fd_sc_hd__a311o_2_B1_X (net)
                      0.377268    0.000000    3.330552 v filter.x_in[7]_sky130_fd_sc_hd__and2_2_A_B_sky130_fd_sc_hd__and3b_2_X_C_sky130_fd_sc_hd__nand2b_2_Y/A_N (sky130_fd_sc_hd__nand2b_2)
     1    0.001397    0.068854    0.479630    3.810182 v filter.x_in[7]_sky130_fd_sc_hd__and2_2_A_B_sky130_fd_sc_hd__and3b_2_X_C_sky130_fd_sc_hd__nand2b_2_Y/Y (sky130_fd_sc_hd__nand2b_2)
                                                         filter.x_in[7]_sky130_fd_sc_hd__and2_2_A_B_sky130_fd_sc_hd__and3b_2_X_C (net)
                      0.068854    0.000000    3.810182 v filter.x_in[7]_sky130_fd_sc_hd__and2_2_A_B_sky130_fd_sc_hd__and3b_2_X/C (sky130_fd_sc_hd__and3b_2)
     2    0.005534    0.087753    0.451214    4.261396 v filter.x_in[7]_sky130_fd_sc_hd__and2_2_A_B_sky130_fd_sc_hd__and3b_2_X/X (sky130_fd_sc_hd__and3b_2)
                                                         filter.x_in[7]_sky130_fd_sc_hd__and2_2_A_B (net)
                      0.087753    0.000000    4.261396 v filter.x_in[7]_sky130_fd_sc_hd__and2_2_A/B (sky130_fd_sc_hd__and2_2)
     3    0.012006    0.112033    0.454254    4.715650 v filter.x_in[7]_sky130_fd_sc_hd__and2_2_A/X (sky130_fd_sc_hd__and2_2)
                                                         filter.x_in[7]_sky130_fd_sc_hd__and2_2_A_X (net)
                      0.112033    0.000000    4.715650 v filter.x_in[7]_sky130_fd_sc_hd__nor2_2_A_Y_sky130_fd_sc_hd__or2_2_B/A (sky130_fd_sc_hd__or2_2)
     2    0.005699    0.131304    0.705209    5.420859 v filter.x_in[7]_sky130_fd_sc_hd__nor2_2_A_Y_sky130_fd_sc_hd__or2_2_B/X (sky130_fd_sc_hd__or2_2)
                                                         filter.x_in[7]_sky130_fd_sc_hd__nor2_2_A_Y_sky130_fd_sc_hd__or2_2_B_X (net)
                      0.131304    0.000000    5.420859 v filter.x_in[7]_sky130_fd_sc_hd__nor2_2_A_Y_sky130_fd_sc_hd__or2_2_B_X_sky130_fd_sc_hd__or2_2_A/A (sky130_fd_sc_hd__or2_2)
     2    0.005623    0.130688    0.712631    6.133490 v filter.x_in[7]_sky130_fd_sc_hd__nor2_2_A_Y_sky130_fd_sc_hd__or2_2_B_X_sky130_fd_sc_hd__or2_2_A/X (sky130_fd_sc_hd__or2_2)
                                                         filter.x_in[7]_sky130_fd_sc_hd__nor2_2_A_Y_sky130_fd_sc_hd__or2_2_B_X_sky130_fd_sc_hd__or2_2_A_X (net)
                      0.130688    0.000000    6.133490 v filter.x_in[7]_sky130_fd_sc_hd__nor2_2_A_Y_sky130_fd_sc_hd__or2_2_B_X_sky130_fd_sc_hd__nand2_2_A_Y_sky130_fd_sc_hd__and2_2_A/B (sky130_fd_sc_hd__and2_2)
     2    0.003855    0.076703    0.427980    6.561470 v filter.x_in[7]_sky130_fd_sc_hd__nor2_2_A_Y_sky130_fd_sc_hd__or2_2_B_X_sky130_fd_sc_hd__nand2_2_A_Y_sky130_fd_sc_hd__and2_2_A/X (sky130_fd_sc_hd__and2_2)
                                                         filter.x_in[6]_sky130_fd_sc_hd__and2_2_A_X_sky130_fd_sc_hd__a21oi_2_A1_A2_sky130_fd_sc_hd__or3_2_X_B (net)
                      0.076703    0.000000    6.561470 v filter.x_in[6]_sky130_fd_sc_hd__and2_2_A_X_sky130_fd_sc_hd__a21oi_2_A1_A2_sky130_fd_sc_hd__or3_2_X/B (sky130_fd_sc_hd__or3_2)
     2    0.006160    0.192013    1.090227    7.651696 v filter.x_in[6]_sky130_fd_sc_hd__and2_2_A_X_sky130_fd_sc_hd__a21oi_2_A1_A2_sky130_fd_sc_hd__or3_2_X/X (sky130_fd_sc_hd__or3_2)
                                                         filter.x_in[6]_sky130_fd_sc_hd__and2_2_A_X_sky130_fd_sc_hd__a21oi_2_A1_A2 (net)
                      0.192013    0.000000    7.651696 v filter.x_in[6]_sky130_fd_sc_hd__and2_2_A_X_sky130_fd_sc_hd__xor2_2_A_B_sky130_fd_sc_hd__and2b_2_X/B (sky130_fd_sc_hd__and2b_2)
     1    0.008022    0.096315    0.493587    8.145283 v filter.x_in[6]_sky130_fd_sc_hd__and2_2_A_X_sky130_fd_sc_hd__xor2_2_A_B_sky130_fd_sc_hd__and2b_2_X/X (sky130_fd_sc_hd__and2b_2)
                                                         filter.x_in[6]_sky130_fd_sc_hd__and2_2_A_X_sky130_fd_sc_hd__xor2_2_A_B (net)
                      0.096315    0.000000    8.145283 v filter.x_in[6]_sky130_fd_sc_hd__and2_2_A_X_sky130_fd_sc_hd__xor2_2_A/B (sky130_fd_sc_hd__xor2_2)
     2    0.005518    0.099509    0.276429    8.421712 v filter.x_in[6]_sky130_fd_sc_hd__and2_2_A_X_sky130_fd_sc_hd__xor2_2_A/X (sky130_fd_sc_hd__xor2_2)
                                                         filter.x_in[6]_sky130_fd_sc_hd__and2_2_A_X_sky130_fd_sc_hd__xor2_2_A_X (net)
                      0.099509    0.000000    8.421712 v filter.x_in[6]_sky130_fd_sc_hd__and2_2_A_X_sky130_fd_sc_hd__xor2_2_A_X_sky130_fd_sc_hd__or3_2_C/C (sky130_fd_sc_hd__or3_2)
     1    0.001353    0.148750    0.939890    9.361602 v filter.x_in[6]_sky130_fd_sc_hd__and2_2_A_X_sky130_fd_sc_hd__xor2_2_A_X_sky130_fd_sc_hd__or3_2_C/X (sky130_fd_sc_hd__or3_2)
                                                         filter.x_in[6]_sky130_fd_sc_hd__and2_2_A_X_sky130_fd_sc_hd__xor2_2_A_X_sky130_fd_sc_hd__or3_2_C_X (net)
                      0.148750    0.000000    9.361602 v filter.x_in[6]_sky130_fd_sc_hd__and2_2_A_X_sky130_fd_sc_hd__xor2_2_A_X_sky130_fd_sc_hd__or3_2_C_X_sky130_fd_sc_hd__and2_2_B/B (sky130_fd_sc_hd__and2_2)
     2    0.012460    0.114097    0.487024    9.848625 v filter.x_in[6]_sky130_fd_sc_hd__and2_2_A_X_sky130_fd_sc_hd__xor2_2_A_X_sky130_fd_sc_hd__or3_2_C_X_sky130_fd_sc_hd__and2_2_B/X (sky130_fd_sc_hd__and2_2)
                                                         filter.y_out[6]_sky130_fd_sc_hd__dfrtp_2_Q_D_sky130_fd_sc_hd__xnor2_2_Y_B_sky130_fd_sc_hd__xnor2_2_Y_A_sky130_fd_sc_hd__nand2_2_Y_B (net)
                      0.114097    0.000000    9.848625 v filter.x_in[5]_sky130_fd_sc_hd__nand2_2_A_Y_sky130_fd_sc_hd__xor2_2_A_X_sky130_fd_sc_hd__and2b_2_B_X_sky130_fd_sc_hd__xnor2_2_A/B (sky130_fd_sc_hd__xnor2_2)
     2    0.005521    0.106476    0.258906   10.107532 v filter.x_in[5]_sky130_fd_sc_hd__nand2_2_A_Y_sky130_fd_sc_hd__xor2_2_A_X_sky130_fd_sc_hd__and2b_2_B_X_sky130_fd_sc_hd__xnor2_2_A/Y (sky130_fd_sc_hd__xnor2_2)
                                                         filter.y_out[5]_sky130_fd_sc_hd__dfrtp_2_Q_D_sky130_fd_sc_hd__xor2_2_X_B_sky130_fd_sc_hd__nand2_2_Y_A_sky130_fd_sc_hd__or2_2_X_B (net)
                      0.106476    0.000000   10.107532 v filter.y_out[5]_sky130_fd_sc_hd__dfrtp_2_Q_D_sky130_fd_sc_hd__xor2_2_X_B_sky130_fd_sc_hd__nand2_2_Y_A_sky130_fd_sc_hd__or2_2_X/B (sky130_fd_sc_hd__or2_2)
     3    0.010901    0.157530    0.700311   10.807842 v filter.y_out[5]_sky130_fd_sc_hd__dfrtp_2_Q_D_sky130_fd_sc_hd__xor2_2_X_B_sky130_fd_sc_hd__nand2_2_Y_A_sky130_fd_sc_hd__or2_2_X/X (sky130_fd_sc_hd__or2_2)
                                                         filter.y_out[5]_sky130_fd_sc_hd__dfrtp_2_Q_D_sky130_fd_sc_hd__xor2_2_X_B_sky130_fd_sc_hd__nand2_2_Y_A (net)
                      0.157530    0.000000   10.807842 v filter.y_out[5]_sky130_fd_sc_hd__dfrtp_2_Q_D_sky130_fd_sc_hd__xor2_2_X_B_sky130_fd_sc_hd__nand2_2_Y/A (sky130_fd_sc_hd__nand2_2)
     2    0.009857    0.111484    0.159265   10.967107 ^ filter.y_out[5]_sky130_fd_sc_hd__dfrtp_2_Q_D_sky130_fd_sc_hd__xor2_2_X_B_sky130_fd_sc_hd__nand2_2_Y/Y (sky130_fd_sc_hd__nand2_2)
                                                         filter.y_out[5]_sky130_fd_sc_hd__dfrtp_2_Q_D_sky130_fd_sc_hd__xor2_2_X_B (net)
                      0.111484    0.000000   10.967107 ^ filter.y_out[5]_sky130_fd_sc_hd__dfrtp_2_Q_D_sky130_fd_sc_hd__xor2_2_X_B_sky130_fd_sc_hd__o21bai_2_B1_N/B1_N (sky130_fd_sc_hd__o21bai_2)
     3    0.012130    0.295315    0.257990   11.225097 ^ filter.y_out[5]_sky130_fd_sc_hd__dfrtp_2_Q_D_sky130_fd_sc_hd__xor2_2_X_B_sky130_fd_sc_hd__o21bai_2_B1_N/Y (sky130_fd_sc_hd__o21bai_2)
                                                         filter.y_out[6]_sky130_fd_sc_hd__dfrtp_2_Q_D_sky130_fd_sc_hd__xnor2_2_Y_A_sky130_fd_sc_hd__nand2_2_Y_B (net)
                      0.295315    0.000000   11.225097 ^ filter.y_out[7]_sky130_fd_sc_hd__dfrtp_2_Q_D_sky130_fd_sc_hd__xnor2_2_Y_B_sky130_fd_sc_hd__o21ai_2_Y/A1 (sky130_fd_sc_hd__o21ai_2)
     2    0.010515    0.129295    0.238758   11.463855 v filter.y_out[7]_sky130_fd_sc_hd__dfrtp_2_Q_D_sky130_fd_sc_hd__xnor2_2_Y_B_sky130_fd_sc_hd__o21ai_2_Y/Y (sky130_fd_sc_hd__o21ai_2)
                                                         filter.y_out[7]_sky130_fd_sc_hd__dfrtp_2_Q_D_sky130_fd_sc_hd__xnor2_2_Y_B (net)
                      0.129295    0.000000   11.463855 v filter.y_out[8]_sky130_fd_sc_hd__dfrtp_2_Q_D_sky130_fd_sc_hd__xnor2_2_Y_B_sky130_fd_sc_hd__a21bo_2_X/A2 (sky130_fd_sc_hd__a21bo_2)
     1    0.008219    0.087390    0.436684   11.900538 v filter.y_out[8]_sky130_fd_sc_hd__dfrtp_2_Q_D_sky130_fd_sc_hd__xnor2_2_Y_B_sky130_fd_sc_hd__a21bo_2_X/X (sky130_fd_sc_hd__a21bo_2)
                                                         filter.y_out[8]_sky130_fd_sc_hd__dfrtp_2_Q_D_sky130_fd_sc_hd__xnor2_2_Y_B (net)
                      0.087390    0.000000   11.900538 v filter.y_out[8]_sky130_fd_sc_hd__dfrtp_2_Q_D_sky130_fd_sc_hd__xnor2_2_Y/B (sky130_fd_sc_hd__xnor2_2)
     1    0.001838    0.081560    0.221254   12.121793 v filter.y_out[8]_sky130_fd_sc_hd__dfrtp_2_Q_D_sky130_fd_sc_hd__xnor2_2_Y/Y (sky130_fd_sc_hd__xnor2_2)
                                                         filter.y_out[8]_sky130_fd_sc_hd__dfrtp_2_Q_D (net)
                      0.081560    0.000000   12.121793 v filter.y_out[8]_sky130_fd_sc_hd__dfrtp_2_Q/D (sky130_fd_sc_hd__dfrtp_2)
                                             12.121793   data arrival time

                      0.150000   30.000000   30.000000   clock clk (rise edge)
                                  0.000000   30.000000   clock network delay (ideal)
                                 -0.250000   29.750000   clock uncertainty
                                  0.000000   29.750000   clock reconvergence pessimism
                                             29.750000 ^ filter.y_out[8]_sky130_fd_sc_hd__dfrtp_2_Q/CLK (sky130_fd_sc_hd__dfrtp_2)
                                 -0.260111   29.489889   library setup time
                                             29.489889   data required time
---------------------------------------------------------------------------------------------
                                             29.489889   data required time
                                            -12.121793   data arrival time
---------------------------------------------------------------------------------------------
                                             17.368095   slack (MET)


Startpoint: filter.y_out[10]_sky130_fd_sc_hd__dfrtp_2_Q
            (rising edge-triggered flip-flop clocked by clk)
Endpoint: filter.y_out[7]_sky130_fd_sc_hd__dfrtp_2_Q
          (rising edge-triggered flip-flop clocked by clk)
Path Group: clk
Path Type: max

Fanout         Cap        Slew       Delay        Time   Description
---------------------------------------------------------------------------------------------
                      0.150000    0.000000    0.000000   clock clk (rise edge)
                                  0.000000    0.000000   clock network delay (ideal)
                      0.150000    0.000000    0.000000 ^ filter.y_out[10]_sky130_fd_sc_hd__dfrtp_2_Q/CLK (sky130_fd_sc_hd__dfrtp_2)
    12    0.044942    0.253220    1.038711    1.038711 v filter.y_out[10]_sky130_fd_sc_hd__dfrtp_2_Q/Q (sky130_fd_sc_hd__dfrtp_2)
                                                         filter.y_out[10] (net)
                      0.253220    0.000000    1.038711 v filter.x_in[12]_sky130_fd_sc_hd__a21oi_2_A1_B1_sky130_fd_sc_hd__and3_2_X_B_sky130_fd_sc_hd__a22o_2_X_A1_sky130_fd_sc_hd__nand2_2_Y_A_sky130_fd_sc_hd__or2_2_X/A (sky130_fd_sc_hd__or2_2)
     7    0.014450    0.175328    0.829295    1.868006 v filter.x_in[12]_sky130_fd_sc_hd__a21oi_2_A1_B1_sky130_fd_sc_hd__and3_2_X_B_sky130_fd_sc_hd__a22o_2_X_A1_sky130_fd_sc_hd__nand2_2_Y_A_sky130_fd_sc_hd__or2_2_X/X (sky130_fd_sc_hd__or2_2)
                                                         filter.x_in[12]_sky130_fd_sc_hd__a21oi_2_A1_B1_sky130_fd_sc_hd__and3_2_X_B_sky130_fd_sc_hd__a22o_2_X_A1_sky130_fd_sc_hd__nand2_2_Y_A (net)
                      0.175328    0.000000    1.868006 v filter.x_in[10]_sky130_fd_sc_hd__or2_2_A_B_sky130_fd_sc_hd__xor2_2_X_B_sky130_fd_sc_hd__a31o_2_X_A3_sky130_fd_sc_hd__xnor2_2_Y_B_sky130_fd_sc_hd__nand2b_2_Y_B_sky130_fd_sc_hd__a21o_2_X/A1 (sky130_fd_sc_hd__a21o_2)
     2    0.006489    0.077286    0.411921    2.279928 v filter.x_in[10]_sky130_fd_sc_hd__or2_2_A_B_sky130_fd_sc_hd__xor2_2_X_B_sky130_fd_sc_hd__a31o_2_X_A3_sky130_fd_sc_hd__xnor2_2_Y_B_sky130_fd_sc_hd__nand2b_2_Y_B_sky130_fd_sc_hd__a21o_2_X/X (sky130_fd_sc_hd__a21o_2)
                                                         filter.x_in[10]_sky130_fd_sc_hd__or2_2_A_B_sky130_fd_sc_hd__xor2_2_X_B_sky130_fd_sc_hd__a31o_2_X_A3_sky130_fd_sc_hd__xnor2_2_Y_B_sky130_fd_sc_hd__nand2b_2_Y_B (net)
                      0.077286    0.000000    2.279928 v filter.x_in[9]_sky130_fd_sc_hd__xnor2_2_A_B_sky130_fd_sc_hd__xor2_2_X_A_sky130_fd_sc_hd__xnor2_2_Y_A_sky130_fd_sc_hd__a21o_2_X_B1_sky130_fd_sc_hd__a311o_2_B1/A3 (sky130_fd_sc_hd__a311o_2)
    16    0.072738    0.377268    1.050624    3.330552 v filter.x_in[9]_sky130_fd_sc_hd__xnor2_2_A_B_sky130_fd_sc_hd__xor2_2_X_A_sky130_fd_sc_hd__xnor2_2_Y_A_sky130_fd_sc_hd__a21o_2_X_B1_sky130_fd_sc_hd__a311o_2_B1/X (sky130_fd_sc_hd__a311o_2)
                                                         filter.x_in[9]_sky130_fd_sc_hd__xnor2_2_A_B_sky130_fd_sc_hd__xor2_2_X_A_sky130_fd_sc_hd__xnor2_2_Y_A_sky130_fd_sc_hd__a21o_2_X_B1_sky130_fd_sc_hd__a311o_2_B1_X (net)
                      0.377268    0.000000    3.330552 v filter.x_in[7]_sky130_fd_sc_hd__and2_2_A_B_sky130_fd_sc_hd__and3b_2_X_C_sky130_fd_sc_hd__nand2b_2_Y/A_N (sky130_fd_sc_hd__nand2b_2)
     1    0.001397    0.068854    0.479630    3.810182 v filter.x_in[7]_sky130_fd_sc_hd__and2_2_A_B_sky130_fd_sc_hd__and3b_2_X_C_sky130_fd_sc_hd__nand2b_2_Y/Y (sky130_fd_sc_hd__nand2b_2)
                                                         filter.x_in[7]_sky130_fd_sc_hd__and2_2_A_B_sky130_fd_sc_hd__and3b_2_X_C (net)
                      0.068854    0.000000    3.810182 v filter.x_in[7]_sky130_fd_sc_hd__and2_2_A_B_sky130_fd_sc_hd__and3b_2_X/C (sky130_fd_sc_hd__and3b_2)
     2    0.005534    0.087753    0.451214    4.261396 v filter.x_in[7]_sky130_fd_sc_hd__and2_2_A_B_sky130_fd_sc_hd__and3b_2_X/X (sky130_fd_sc_hd__and3b_2)
                                                         filter.x_in[7]_sky130_fd_sc_hd__and2_2_A_B (net)
                      0.087753    0.000000    4.261396 v filter.x_in[7]_sky130_fd_sc_hd__and2_2_A/B (sky130_fd_sc_hd__and2_2)
     3    0.012006    0.112033    0.454254    4.715650 v filter.x_in[7]_sky130_fd_sc_hd__and2_2_A/X (sky130_fd_sc_hd__and2_2)
                                                         filter.x_in[7]_sky130_fd_sc_hd__and2_2_A_X (net)
                      0.112033    0.000000    4.715650 v filter.x_in[7]_sky130_fd_sc_hd__nor2_2_A_Y_sky130_fd_sc_hd__or2_2_B/A (sky130_fd_sc_hd__or2_2)
     2    0.005699    0.131304    0.705209    5.420859 v filter.x_in[7]_sky130_fd_sc_hd__nor2_2_A_Y_sky130_fd_sc_hd__or2_2_B/X (sky130_fd_sc_hd__or2_2)
                                                         filter.x_in[7]_sky130_fd_sc_hd__nor2_2_A_Y_sky130_fd_sc_hd__or2_2_B_X (net)
                      0.131304    0.000000    5.420859 v filter.x_in[7]_sky130_fd_sc_hd__nor2_2_A_Y_sky130_fd_sc_hd__or2_2_B_X_sky130_fd_sc_hd__or2_2_A/A (sky130_fd_sc_hd__or2_2)
     2    0.005623    0.130688    0.712631    6.133490 v filter.x_in[7]_sky130_fd_sc_hd__nor2_2_A_Y_sky130_fd_sc_hd__or2_2_B_X_sky130_fd_sc_hd__or2_2_A/X (sky130_fd_sc_hd__or2_2)
                                                         filter.x_in[7]_sky130_fd_sc_hd__nor2_2_A_Y_sky130_fd_sc_hd__or2_2_B_X_sky130_fd_sc_hd__or2_2_A_X (net)
                      0.130688    0.000000    6.133490 v filter.x_in[7]_sky130_fd_sc_hd__nor2_2_A_Y_sky130_fd_sc_hd__or2_2_B_X_sky130_fd_sc_hd__nand2_2_A_Y_sky130_fd_sc_hd__and2_2_A/B (sky130_fd_sc_hd__and2_2)
     2    0.003855    0.076703    0.427980    6.561470 v filter.x_in[7]_sky130_fd_sc_hd__nor2_2_A_Y_sky130_fd_sc_hd__or2_2_B_X_sky130_fd_sc_hd__nand2_2_A_Y_sky130_fd_sc_hd__and2_2_A/X (sky130_fd_sc_hd__and2_2)
                                                         filter.x_in[6]_sky130_fd_sc_hd__and2_2_A_X_sky130_fd_sc_hd__a21oi_2_A1_A2_sky130_fd_sc_hd__or3_2_X_B (net)
                      0.076703    0.000000    6.561470 v filter.x_in[6]_sky130_fd_sc_hd__and2_2_A_X_sky130_fd_sc_hd__a21oi_2_A1_A2_sky130_fd_sc_hd__or3_2_X/B (sky130_fd_sc_hd__or3_2)
     2    0.006160    0.192013    1.090227    7.651696 v filter.x_in[6]_sky130_fd_sc_hd__and2_2_A_X_sky130_fd_sc_hd__a21oi_2_A1_A2_sky130_fd_sc_hd__or3_2_X/X (sky130_fd_sc_hd__or3_2)
                                                         filter.x_in[6]_sky130_fd_sc_hd__and2_2_A_X_sky130_fd_sc_hd__a21oi_2_A1_A2 (net)
                      0.192013    0.000000    7.651696 v filter.x_in[6]_sky130_fd_sc_hd__and2_2_A_X_sky130_fd_sc_hd__xor2_2_A_B_sky130_fd_sc_hd__and2b_2_X/B (sky130_fd_sc_hd__and2b_2)
     1    0.008022    0.096315    0.493587    8.145283 v filter.x_in[6]_sky130_fd_sc_hd__and2_2_A_X_sky130_fd_sc_hd__xor2_2_A_B_sky130_fd_sc_hd__and2b_2_X/X (sky130_fd_sc_hd__and2b_2)
                                                         filter.x_in[6]_sky130_fd_sc_hd__and2_2_A_X_sky130_fd_sc_hd__xor2_2_A_B (net)
                      0.096315    0.000000    8.145283 v filter.x_in[6]_sky130_fd_sc_hd__and2_2_A_X_sky130_fd_sc_hd__xor2_2_A/B (sky130_fd_sc_hd__xor2_2)
     2    0.005518    0.099509    0.276429    8.421712 v filter.x_in[6]_sky130_fd_sc_hd__and2_2_A_X_sky130_fd_sc_hd__xor2_2_A/X (sky130_fd_sc_hd__xor2_2)
                                                         filter.x_in[6]_sky130_fd_sc_hd__and2_2_A_X_sky130_fd_sc_hd__xor2_2_A_X (net)
                      0.099509    0.000000    8.421712 v filter.x_in[6]_sky130_fd_sc_hd__and2_2_A_X_sky130_fd_sc_hd__xor2_2_A_X_sky130_fd_sc_hd__or3_2_C/C (sky130_fd_sc_hd__or3_2)
     1    0.001353    0.148750    0.939890    9.361602 v filter.x_in[6]_sky130_fd_sc_hd__and2_2_A_X_sky130_fd_sc_hd__xor2_2_A_X_sky130_fd_sc_hd__or3_2_C/X (sky130_fd_sc_hd__or3_2)
                                                         filter.x_in[6]_sky130_fd_sc_hd__and2_2_A_X_sky130_fd_sc_hd__xor2_2_A_X_sky130_fd_sc_hd__or3_2_C_X (net)
                      0.148750    0.000000    9.361602 v filter.x_in[6]_sky130_fd_sc_hd__and2_2_A_X_sky130_fd_sc_hd__xor2_2_A_X_sky130_fd_sc_hd__or3_2_C_X_sky130_fd_sc_hd__and2_2_B/B (sky130_fd_sc_hd__and2_2)
     2    0.012460    0.114097    0.487024    9.848625 v filter.x_in[6]_sky130_fd_sc_hd__and2_2_A_X_sky130_fd_sc_hd__xor2_2_A_X_sky130_fd_sc_hd__or3_2_C_X_sky130_fd_sc_hd__and2_2_B/X (sky130_fd_sc_hd__and2_2)
                                                         filter.y_out[6]_sky130_fd_sc_hd__dfrtp_2_Q_D_sky130_fd_sc_hd__xnor2_2_Y_B_sky130_fd_sc_hd__xnor2_2_Y_A_sky130_fd_sc_hd__nand2_2_Y_B (net)
                      0.114097    0.000000    9.848625 v filter.x_in[5]_sky130_fd_sc_hd__nand2_2_A_Y_sky130_fd_sc_hd__xor2_2_A_X_sky130_fd_sc_hd__and2b_2_B_X_sky130_fd_sc_hd__xnor2_2_A/B (sky130_fd_sc_hd__xnor2_2)
     2    0.005521    0.106476    0.258906   10.107532 v filter.x_in[5]_sky130_fd_sc_hd__nand2_2_A_Y_sky130_fd_sc_hd__xor2_2_A_X_sky130_fd_sc_hd__and2b_2_B_X_sky130_fd_sc_hd__xnor2_2_A/Y (sky130_fd_sc_hd__xnor2_2)
                                                         filter.y_out[5]_sky130_fd_sc_hd__dfrtp_2_Q_D_sky130_fd_sc_hd__xor2_2_X_B_sky130_fd_sc_hd__nand2_2_Y_A_sky130_fd_sc_hd__or2_2_X_B (net)
                      0.106476    0.000000   10.107532 v filter.y_out[5]_sky130_fd_sc_hd__dfrtp_2_Q_D_sky130_fd_sc_hd__xor2_2_X_B_sky130_fd_sc_hd__nand2_2_Y_A_sky130_fd_sc_hd__or2_2_X/B (sky130_fd_sc_hd__or2_2)
     3    0.010901    0.157530    0.700311   10.807842 v filter.y_out[5]_sky130_fd_sc_hd__dfrtp_2_Q_D_sky130_fd_sc_hd__xor2_2_X_B_sky130_fd_sc_hd__nand2_2_Y_A_sky130_fd_sc_hd__or2_2_X/X (sky130_fd_sc_hd__or2_2)
                                                         filter.y_out[5]_sky130_fd_sc_hd__dfrtp_2_Q_D_sky130_fd_sc_hd__xor2_2_X_B_sky130_fd_sc_hd__nand2_2_Y_A (net)
                      0.157530    0.000000   10.807842 v filter.y_out[5]_sky130_fd_sc_hd__dfrtp_2_Q_D_sky130_fd_sc_hd__xor2_2_X_B_sky130_fd_sc_hd__nand2_2_Y/A (sky130_fd_sc_hd__nand2_2)
     2    0.009857    0.111484    0.159265   10.967107 ^ filter.y_out[5]_sky130_fd_sc_hd__dfrtp_2_Q_D_sky130_fd_sc_hd__xor2_2_X_B_sky130_fd_sc_hd__nand2_2_Y/Y (sky130_fd_sc_hd__nand2_2)
                                                         filter.y_out[5]_sky130_fd_sc_hd__dfrtp_2_Q_D_sky130_fd_sc_hd__xor2_2_X_B (net)
                      0.111484    0.000000   10.967107 ^ filter.y_out[5]_sky130_fd_sc_hd__dfrtp_2_Q_D_sky130_fd_sc_hd__xor2_2_X_B_sky130_fd_sc_hd__o21bai_2_B1_N/B1_N (sky130_fd_sc_hd__o21bai_2)
     3    0.012130    0.295315    0.257990   11.225097 ^ filter.y_out[5]_sky130_fd_sc_hd__dfrtp_2_Q_D_sky130_fd_sc_hd__xor2_2_X_B_sky130_fd_sc_hd__o21bai_2_B1_N/Y (sky130_fd_sc_hd__o21bai_2)
                                                         filter.y_out[6]_sky130_fd_sc_hd__dfrtp_2_Q_D_sky130_fd_sc_hd__xnor2_2_Y_A_sky130_fd_sc_hd__nand2_2_Y_B (net)
                      0.295315    0.000000   11.225097 ^ filter.y_out[7]_sky130_fd_sc_hd__dfrtp_2_Q_D_sky130_fd_sc_hd__xnor2_2_Y_B_sky130_fd_sc_hd__o21ai_2_Y/A1 (sky130_fd_sc_hd__o21ai_2)
     2    0.010515    0.129295    0.238758   11.463855 v filter.y_out[7]_sky130_fd_sc_hd__dfrtp_2_Q_D_sky130_fd_sc_hd__xnor2_2_Y_B_sky130_fd_sc_hd__o21ai_2_Y/Y (sky130_fd_sc_hd__o21ai_2)
                                                         filter.y_out[7]_sky130_fd_sc_hd__dfrtp_2_Q_D_sky130_fd_sc_hd__xnor2_2_Y_B (net)
                      0.129295    0.000000   11.463855 v filter.y_out[7]_sky130_fd_sc_hd__dfrtp_2_Q_D_sky130_fd_sc_hd__xnor2_2_Y/B (sky130_fd_sc_hd__xnor2_2)
     1    0.001838    0.075417    0.239927   11.703782 v filter.y_out[7]_sky130_fd_sc_hd__dfrtp_2_Q_D_sky130_fd_sc_hd__xnor2_2_Y/Y (sky130_fd_sc_hd__xnor2_2)
                                                         filter.y_out[7]_sky130_fd_sc_hd__dfrtp_2_Q_D (net)
                      0.075417    0.000000   11.703782 v filter.y_out[7]_sky130_fd_sc_hd__dfrtp_2_Q/D (sky130_fd_sc_hd__dfrtp_2)
                                             11.703782   data arrival time

                      0.150000   30.000000   30.000000   clock clk (rise edge)
                                  0.000000   30.000000   clock network delay (ideal)
                                 -0.250000   29.750000   clock uncertainty
                                  0.000000   29.750000   clock reconvergence pessimism
                                             29.750000 ^ filter.y_out[7]_sky130_fd_sc_hd__dfrtp_2_Q/CLK (sky130_fd_sc_hd__dfrtp_2)
                                 -0.257549   29.492453   library setup time
                                             29.492453   data required time
---------------------------------------------------------------------------------------------
                                             29.492453   data required time
                                            -11.703782   data arrival time
---------------------------------------------------------------------------------------------
                                             17.788670   slack (MET)


Startpoint: filter.y_out[10]_sky130_fd_sc_hd__dfrtp_2_Q
            (rising edge-triggered flip-flop clocked by clk)
Endpoint: filter.y_out[6]_sky130_fd_sc_hd__dfrtp_2_Q
          (rising edge-triggered flip-flop clocked by clk)
Path Group: clk
Path Type: max

Fanout         Cap        Slew       Delay        Time   Description
---------------------------------------------------------------------------------------------
                      0.150000    0.000000    0.000000   clock clk (rise edge)
                                  0.000000    0.000000   clock network delay (ideal)
                      0.150000    0.000000    0.000000 ^ filter.y_out[10]_sky130_fd_sc_hd__dfrtp_2_Q/CLK (sky130_fd_sc_hd__dfrtp_2)
    12    0.044942    0.253220    1.038711    1.038711 v filter.y_out[10]_sky130_fd_sc_hd__dfrtp_2_Q/Q (sky130_fd_sc_hd__dfrtp_2)
                                                         filter.y_out[10] (net)
                      0.253220    0.000000    1.038711 v filter.x_in[12]_sky130_fd_sc_hd__a21oi_2_A1_B1_sky130_fd_sc_hd__and3_2_X_B_sky130_fd_sc_hd__a22o_2_X_A1_sky130_fd_sc_hd__nand2_2_Y_A_sky130_fd_sc_hd__or2_2_X/A (sky130_fd_sc_hd__or2_2)
     7    0.014450    0.175328    0.829295    1.868006 v filter.x_in[12]_sky130_fd_sc_hd__a21oi_2_A1_B1_sky130_fd_sc_hd__and3_2_X_B_sky130_fd_sc_hd__a22o_2_X_A1_sky130_fd_sc_hd__nand2_2_Y_A_sky130_fd_sc_hd__or2_2_X/X (sky130_fd_sc_hd__or2_2)
                                                         filter.x_in[12]_sky130_fd_sc_hd__a21oi_2_A1_B1_sky130_fd_sc_hd__and3_2_X_B_sky130_fd_sc_hd__a22o_2_X_A1_sky130_fd_sc_hd__nand2_2_Y_A (net)
                      0.175328    0.000000    1.868006 v filter.x_in[10]_sky130_fd_sc_hd__or2_2_A_B_sky130_fd_sc_hd__xor2_2_X_B_sky130_fd_sc_hd__a31o_2_X_A3_sky130_fd_sc_hd__xnor2_2_Y_B_sky130_fd_sc_hd__nand2b_2_Y_B_sky130_fd_sc_hd__a21o_2_X/A1 (sky130_fd_sc_hd__a21o_2)
     2    0.006489    0.077286    0.411921    2.279928 v filter.x_in[10]_sky130_fd_sc_hd__or2_2_A_B_sky130_fd_sc_hd__xor2_2_X_B_sky130_fd_sc_hd__a31o_2_X_A3_sky130_fd_sc_hd__xnor2_2_Y_B_sky130_fd_sc_hd__nand2b_2_Y_B_sky130_fd_sc_hd__a21o_2_X/X (sky130_fd_sc_hd__a21o_2)
                                                         filter.x_in[10]_sky130_fd_sc_hd__or2_2_A_B_sky130_fd_sc_hd__xor2_2_X_B_sky130_fd_sc_hd__a31o_2_X_A3_sky130_fd_sc_hd__xnor2_2_Y_B_sky130_fd_sc_hd__nand2b_2_Y_B (net)
                      0.077286    0.000000    2.279928 v filter.x_in[9]_sky130_fd_sc_hd__xnor2_2_A_B_sky130_fd_sc_hd__xor2_2_X_A_sky130_fd_sc_hd__xnor2_2_Y_A_sky130_fd_sc_hd__a21o_2_X_B1_sky130_fd_sc_hd__a311o_2_B1/A3 (sky130_fd_sc_hd__a311o_2)
    16    0.072738    0.377268    1.050624    3.330552 v filter.x_in[9]_sky130_fd_sc_hd__xnor2_2_A_B_sky130_fd_sc_hd__xor2_2_X_A_sky130_fd_sc_hd__xnor2_2_Y_A_sky130_fd_sc_hd__a21o_2_X_B1_sky130_fd_sc_hd__a311o_2_B1/X (sky130_fd_sc_hd__a311o_2)
                                                         filter.x_in[9]_sky130_fd_sc_hd__xnor2_2_A_B_sky130_fd_sc_hd__xor2_2_X_A_sky130_fd_sc_hd__xnor2_2_Y_A_sky130_fd_sc_hd__a21o_2_X_B1_sky130_fd_sc_hd__a311o_2_B1_X (net)
                      0.377268    0.000000    3.330552 v filter.x_in[7]_sky130_fd_sc_hd__and2_2_A_B_sky130_fd_sc_hd__and3b_2_X_C_sky130_fd_sc_hd__nand2b_2_Y/A_N (sky130_fd_sc_hd__nand2b_2)
     1    0.001397    0.068854    0.479630    3.810182 v filter.x_in[7]_sky130_fd_sc_hd__and2_2_A_B_sky130_fd_sc_hd__and3b_2_X_C_sky130_fd_sc_hd__nand2b_2_Y/Y (sky130_fd_sc_hd__nand2b_2)
                                                         filter.x_in[7]_sky130_fd_sc_hd__and2_2_A_B_sky130_fd_sc_hd__and3b_2_X_C (net)
                      0.068854    0.000000    3.810182 v filter.x_in[7]_sky130_fd_sc_hd__and2_2_A_B_sky130_fd_sc_hd__and3b_2_X/C (sky130_fd_sc_hd__and3b_2)
     2    0.005534    0.087753    0.451214    4.261396 v filter.x_in[7]_sky130_fd_sc_hd__and2_2_A_B_sky130_fd_sc_hd__and3b_2_X/X (sky130_fd_sc_hd__and3b_2)
                                                         filter.x_in[7]_sky130_fd_sc_hd__and2_2_A_B (net)
                      0.087753    0.000000    4.261396 v filter.x_in[7]_sky130_fd_sc_hd__and2_2_A/B (sky130_fd_sc_hd__and2_2)
     3    0.012006    0.112033    0.454254    4.715650 v filter.x_in[7]_sky130_fd_sc_hd__and2_2_A/X (sky130_fd_sc_hd__and2_2)
                                                         filter.x_in[7]_sky130_fd_sc_hd__and2_2_A_X (net)
                      0.112033    0.000000    4.715650 v filter.x_in[7]_sky130_fd_sc_hd__nor2_2_A_Y_sky130_fd_sc_hd__or2_2_B/A (sky130_fd_sc_hd__or2_2)
     2    0.005699    0.131304    0.705209    5.420859 v filter.x_in[7]_sky130_fd_sc_hd__nor2_2_A_Y_sky130_fd_sc_hd__or2_2_B/X (sky130_fd_sc_hd__or2_2)
                                                         filter.x_in[7]_sky130_fd_sc_hd__nor2_2_A_Y_sky130_fd_sc_hd__or2_2_B_X (net)
                      0.131304    0.000000    5.420859 v filter.x_in[7]_sky130_fd_sc_hd__nor2_2_A_Y_sky130_fd_sc_hd__or2_2_B_X_sky130_fd_sc_hd__or2_2_A/A (sky130_fd_sc_hd__or2_2)
     2    0.005623    0.130688    0.712631    6.133490 v filter.x_in[7]_sky130_fd_sc_hd__nor2_2_A_Y_sky130_fd_sc_hd__or2_2_B_X_sky130_fd_sc_hd__or2_2_A/X (sky130_fd_sc_hd__or2_2)
                                                         filter.x_in[7]_sky130_fd_sc_hd__nor2_2_A_Y_sky130_fd_sc_hd__or2_2_B_X_sky130_fd_sc_hd__or2_2_A_X (net)
                      0.130688    0.000000    6.133490 v filter.x_in[7]_sky130_fd_sc_hd__nor2_2_A_Y_sky130_fd_sc_hd__or2_2_B_X_sky130_fd_sc_hd__nand2_2_A_Y_sky130_fd_sc_hd__and2_2_A/B (sky130_fd_sc_hd__and2_2)
     2    0.003855    0.076703    0.427980    6.561470 v filter.x_in[7]_sky130_fd_sc_hd__nor2_2_A_Y_sky130_fd_sc_hd__or2_2_B_X_sky130_fd_sc_hd__nand2_2_A_Y_sky130_fd_sc_hd__and2_2_A/X (sky130_fd_sc_hd__and2_2)
                                                         filter.x_in[6]_sky130_fd_sc_hd__and2_2_A_X_sky130_fd_sc_hd__a21oi_2_A1_A2_sky130_fd_sc_hd__or3_2_X_B (net)
                      0.076703    0.000000    6.561470 v filter.x_in[6]_sky130_fd_sc_hd__and2_2_A_X_sky130_fd_sc_hd__a21oi_2_A1_A2_sky130_fd_sc_hd__or3_2_X/B (sky130_fd_sc_hd__or3_2)
     2    0.006160    0.192013    1.090227    7.651696 v filter.x_in[6]_sky130_fd_sc_hd__and2_2_A_X_sky130_fd_sc_hd__a21oi_2_A1_A2_sky130_fd_sc_hd__or3_2_X/X (sky130_fd_sc_hd__or3_2)
                                                         filter.x_in[6]_sky130_fd_sc_hd__and2_2_A_X_sky130_fd_sc_hd__a21oi_2_A1_A2 (net)
                      0.192013    0.000000    7.651696 v filter.x_in[6]_sky130_fd_sc_hd__and2_2_A_X_sky130_fd_sc_hd__xor2_2_A_B_sky130_fd_sc_hd__and2b_2_X/B (sky130_fd_sc_hd__and2b_2)
     1    0.008022    0.096315    0.493587    8.145283 v filter.x_in[6]_sky130_fd_sc_hd__and2_2_A_X_sky130_fd_sc_hd__xor2_2_A_B_sky130_fd_sc_hd__and2b_2_X/X (sky130_fd_sc_hd__and2b_2)
                                                         filter.x_in[6]_sky130_fd_sc_hd__and2_2_A_X_sky130_fd_sc_hd__xor2_2_A_B (net)
                      0.096315    0.000000    8.145283 v filter.x_in[6]_sky130_fd_sc_hd__and2_2_A_X_sky130_fd_sc_hd__xor2_2_A/B (sky130_fd_sc_hd__xor2_2)
     2    0.005518    0.099509    0.276429    8.421712 v filter.x_in[6]_sky130_fd_sc_hd__and2_2_A_X_sky130_fd_sc_hd__xor2_2_A/X (sky130_fd_sc_hd__xor2_2)
                                                         filter.x_in[6]_sky130_fd_sc_hd__and2_2_A_X_sky130_fd_sc_hd__xor2_2_A_X (net)
                      0.099509    0.000000    8.421712 v filter.x_in[6]_sky130_fd_sc_hd__and2_2_A_X_sky130_fd_sc_hd__xor2_2_A_X_sky130_fd_sc_hd__or3_2_C/C (sky130_fd_sc_hd__or3_2)
     1    0.001353    0.148750    0.939890    9.361602 v filter.x_in[6]_sky130_fd_sc_hd__and2_2_A_X_sky130_fd_sc_hd__xor2_2_A_X_sky130_fd_sc_hd__or3_2_C/X (sky130_fd_sc_hd__or3_2)
                                                         filter.x_in[6]_sky130_fd_sc_hd__and2_2_A_X_sky130_fd_sc_hd__xor2_2_A_X_sky130_fd_sc_hd__or3_2_C_X (net)
                      0.148750    0.000000    9.361602 v filter.x_in[6]_sky130_fd_sc_hd__and2_2_A_X_sky130_fd_sc_hd__xor2_2_A_X_sky130_fd_sc_hd__or3_2_C_X_sky130_fd_sc_hd__and2_2_B/B (sky130_fd_sc_hd__and2_2)
     2    0.012460    0.114097    0.487024    9.848625 v filter.x_in[6]_sky130_fd_sc_hd__and2_2_A_X_sky130_fd_sc_hd__xor2_2_A_X_sky130_fd_sc_hd__or3_2_C_X_sky130_fd_sc_hd__and2_2_B/X (sky130_fd_sc_hd__and2_2)
                                                         filter.y_out[6]_sky130_fd_sc_hd__dfrtp_2_Q_D_sky130_fd_sc_hd__xnor2_2_Y_B_sky130_fd_sc_hd__xnor2_2_Y_A_sky130_fd_sc_hd__nand2_2_Y_B (net)
                      0.114097    0.000000    9.848625 v filter.x_in[5]_sky130_fd_sc_hd__nand2_2_A_Y_sky130_fd_sc_hd__xor2_2_A_X_sky130_fd_sc_hd__and2b_2_B_X_sky130_fd_sc_hd__xnor2_2_A/B (sky130_fd_sc_hd__xnor2_2)
     2    0.005521    0.106476    0.258906   10.107532 v filter.x_in[5]_sky130_fd_sc_hd__nand2_2_A_Y_sky130_fd_sc_hd__xor2_2_A_X_sky130_fd_sc_hd__and2b_2_B_X_sky130_fd_sc_hd__xnor2_2_A/Y (sky130_fd_sc_hd__xnor2_2)
                                                         filter.y_out[5]_sky130_fd_sc_hd__dfrtp_2_Q_D_sky130_fd_sc_hd__xor2_2_X_B_sky130_fd_sc_hd__nand2_2_Y_A_sky130_fd_sc_hd__or2_2_X_B (net)
                      0.106476    0.000000   10.107532 v filter.y_out[5]_sky130_fd_sc_hd__dfrtp_2_Q_D_sky130_fd_sc_hd__xor2_2_X_B_sky130_fd_sc_hd__nand2_2_Y_A_sky130_fd_sc_hd__or2_2_X/B (sky130_fd_sc_hd__or2_2)
     3    0.010901    0.157530    0.700311   10.807842 v filter.y_out[5]_sky130_fd_sc_hd__dfrtp_2_Q_D_sky130_fd_sc_hd__xor2_2_X_B_sky130_fd_sc_hd__nand2_2_Y_A_sky130_fd_sc_hd__or2_2_X/X (sky130_fd_sc_hd__or2_2)
                                                         filter.y_out[5]_sky130_fd_sc_hd__dfrtp_2_Q_D_sky130_fd_sc_hd__xor2_2_X_B_sky130_fd_sc_hd__nand2_2_Y_A (net)
                      0.157530    0.000000   10.807842 v filter.y_out[5]_sky130_fd_sc_hd__dfrtp_2_Q_D_sky130_fd_sc_hd__xor2_2_X_B_sky130_fd_sc_hd__nand2_2_Y/A (sky130_fd_sc_hd__nand2_2)
     2    0.009857    0.111484    0.159265   10.967107 ^ filter.y_out[5]_sky130_fd_sc_hd__dfrtp_2_Q_D_sky130_fd_sc_hd__xor2_2_X_B_sky130_fd_sc_hd__nand2_2_Y/Y (sky130_fd_sc_hd__nand2_2)
                                                         filter.y_out[5]_sky130_fd_sc_hd__dfrtp_2_Q_D_sky130_fd_sc_hd__xor2_2_X_B (net)
                      0.111484    0.000000   10.967107 ^ filter.y_out[5]_sky130_fd_sc_hd__dfrtp_2_Q_D_sky130_fd_sc_hd__xor2_2_X_B_sky130_fd_sc_hd__o21bai_2_B1_N/B1_N (sky130_fd_sc_hd__o21bai_2)
     3    0.012130    0.295315    0.257990   11.225097 ^ filter.y_out[5]_sky130_fd_sc_hd__dfrtp_2_Q_D_sky130_fd_sc_hd__xor2_2_X_B_sky130_fd_sc_hd__o21bai_2_B1_N/Y (sky130_fd_sc_hd__o21bai_2)
                                                         filter.y_out[6]_sky130_fd_sc_hd__dfrtp_2_Q_D_sky130_fd_sc_hd__xnor2_2_Y_A_sky130_fd_sc_hd__nand2_2_Y_B (net)
                      0.295315    0.000000   11.225097 ^ filter.y_out[6]_sky130_fd_sc_hd__dfrtp_2_Q_D_sky130_fd_sc_hd__xnor2_2_Y_A_sky130_fd_sc_hd__nand2_2_Y/B (sky130_fd_sc_hd__nand2_2)
     1    0.008431    0.108356    0.201433   11.426529 v filter.y_out[6]_sky130_fd_sc_hd__dfrtp_2_Q_D_sky130_fd_sc_hd__xnor2_2_Y_A_sky130_fd_sc_hd__nand2_2_Y/Y (sky130_fd_sc_hd__nand2_2)
                                                         filter.y_out[6]_sky130_fd_sc_hd__dfrtp_2_Q_D_sky130_fd_sc_hd__xnor2_2_Y_A (net)
                      0.108356    0.000000   11.426529 v filter.y_out[6]_sky130_fd_sc_hd__dfrtp_2_Q_D_sky130_fd_sc_hd__xnor2_2_Y/A (sky130_fd_sc_hd__xnor2_2)
     1    0.001838    0.075629    0.229871   11.656401 v filter.y_out[6]_sky130_fd_sc_hd__dfrtp_2_Q_D_sky130_fd_sc_hd__xnor2_2_Y/Y (sky130_fd_sc_hd__xnor2_2)
                                                         filter.y_out[6]_sky130_fd_sc_hd__dfrtp_2_Q_D (net)
                      0.075629    0.000000   11.656401 v filter.y_out[6]_sky130_fd_sc_hd__dfrtp_2_Q/D (sky130_fd_sc_hd__dfrtp_2)
                                             11.656401   data arrival time

                      0.150000   30.000000   30.000000   clock clk (rise edge)
                                  0.000000   30.000000   clock network delay (ideal)
                                 -0.250000   29.750000   clock uncertainty
                                  0.000000   29.750000   clock reconvergence pessimism
                                             29.750000 ^ filter.y_out[6]_sky130_fd_sc_hd__dfrtp_2_Q/CLK (sky130_fd_sc_hd__dfrtp_2)
                                 -0.257637   29.492363   library setup time
                                             29.492363   data required time
---------------------------------------------------------------------------------------------
                                             29.492363   data required time
                                            -11.656401   data arrival time
---------------------------------------------------------------------------------------------
                                             17.835962   slack (MET)


Startpoint: filter.y_out[10]_sky130_fd_sc_hd__dfrtp_2_Q
            (rising edge-triggered flip-flop clocked by clk)
Endpoint: filter.y_out[5]_sky130_fd_sc_hd__dfrtp_2_Q
          (rising edge-triggered flip-flop clocked by clk)
Path Group: clk
Path Type: max

Fanout         Cap        Slew       Delay        Time   Description
---------------------------------------------------------------------------------------------
                      0.150000    0.000000    0.000000   clock clk (rise edge)
                                  0.000000    0.000000   clock network delay (ideal)
                      0.150000    0.000000    0.000000 ^ filter.y_out[10]_sky130_fd_sc_hd__dfrtp_2_Q/CLK (sky130_fd_sc_hd__dfrtp_2)
    12    0.044942    0.253220    1.038711    1.038711 v filter.y_out[10]_sky130_fd_sc_hd__dfrtp_2_Q/Q (sky130_fd_sc_hd__dfrtp_2)
                                                         filter.y_out[10] (net)
                      0.253220    0.000000    1.038711 v filter.x_in[12]_sky130_fd_sc_hd__a21oi_2_A1_B1_sky130_fd_sc_hd__and3_2_X_B_sky130_fd_sc_hd__a22o_2_X_A1_sky130_fd_sc_hd__nand2_2_Y_A_sky130_fd_sc_hd__or2_2_X/A (sky130_fd_sc_hd__or2_2)
     7    0.014450    0.175328    0.829295    1.868006 v filter.x_in[12]_sky130_fd_sc_hd__a21oi_2_A1_B1_sky130_fd_sc_hd__and3_2_X_B_sky130_fd_sc_hd__a22o_2_X_A1_sky130_fd_sc_hd__nand2_2_Y_A_sky130_fd_sc_hd__or2_2_X/X (sky130_fd_sc_hd__or2_2)
                                                         filter.x_in[12]_sky130_fd_sc_hd__a21oi_2_A1_B1_sky130_fd_sc_hd__and3_2_X_B_sky130_fd_sc_hd__a22o_2_X_A1_sky130_fd_sc_hd__nand2_2_Y_A (net)
                      0.175328    0.000000    1.868006 v filter.x_in[10]_sky130_fd_sc_hd__or2_2_A_B_sky130_fd_sc_hd__xor2_2_X_B_sky130_fd_sc_hd__a31o_2_X_A3_sky130_fd_sc_hd__xnor2_2_Y_B_sky130_fd_sc_hd__nand2b_2_Y_B_sky130_fd_sc_hd__a21o_2_X/A1 (sky130_fd_sc_hd__a21o_2)
     2    0.006489    0.077286    0.411921    2.279928 v filter.x_in[10]_sky130_fd_sc_hd__or2_2_A_B_sky130_fd_sc_hd__xor2_2_X_B_sky130_fd_sc_hd__a31o_2_X_A3_sky130_fd_sc_hd__xnor2_2_Y_B_sky130_fd_sc_hd__nand2b_2_Y_B_sky130_fd_sc_hd__a21o_2_X/X (sky130_fd_sc_hd__a21o_2)
                                                         filter.x_in[10]_sky130_fd_sc_hd__or2_2_A_B_sky130_fd_sc_hd__xor2_2_X_B_sky130_fd_sc_hd__a31o_2_X_A3_sky130_fd_sc_hd__xnor2_2_Y_B_sky130_fd_sc_hd__nand2b_2_Y_B (net)
                      0.077286    0.000000    2.279928 v filter.x_in[9]_sky130_fd_sc_hd__xnor2_2_A_B_sky130_fd_sc_hd__xor2_2_X_A_sky130_fd_sc_hd__xnor2_2_Y_A_sky130_fd_sc_hd__a21o_2_X_B1_sky130_fd_sc_hd__a311o_2_B1/A3 (sky130_fd_sc_hd__a311o_2)
    16    0.072738    0.377268    1.050624    3.330552 v filter.x_in[9]_sky130_fd_sc_hd__xnor2_2_A_B_sky130_fd_sc_hd__xor2_2_X_A_sky130_fd_sc_hd__xnor2_2_Y_A_sky130_fd_sc_hd__a21o_2_X_B1_sky130_fd_sc_hd__a311o_2_B1/X (sky130_fd_sc_hd__a311o_2)
                                                         filter.x_in[9]_sky130_fd_sc_hd__xnor2_2_A_B_sky130_fd_sc_hd__xor2_2_X_A_sky130_fd_sc_hd__xnor2_2_Y_A_sky130_fd_sc_hd__a21o_2_X_B1_sky130_fd_sc_hd__a311o_2_B1_X (net)
                      0.377268    0.000000    3.330552 v filter.x_in[7]_sky130_fd_sc_hd__and2_2_A_B_sky130_fd_sc_hd__and3b_2_X_C_sky130_fd_sc_hd__nand2b_2_Y/A_N (sky130_fd_sc_hd__nand2b_2)
     1    0.001397    0.068854    0.479630    3.810182 v filter.x_in[7]_sky130_fd_sc_hd__and2_2_A_B_sky130_fd_sc_hd__and3b_2_X_C_sky130_fd_sc_hd__nand2b_2_Y/Y (sky130_fd_sc_hd__nand2b_2)
                                                         filter.x_in[7]_sky130_fd_sc_hd__and2_2_A_B_sky130_fd_sc_hd__and3b_2_X_C (net)
                      0.068854    0.000000    3.810182 v filter.x_in[7]_sky130_fd_sc_hd__and2_2_A_B_sky130_fd_sc_hd__and3b_2_X/C (sky130_fd_sc_hd__and3b_2)
     2    0.005534    0.087753    0.451214    4.261396 v filter.x_in[7]_sky130_fd_sc_hd__and2_2_A_B_sky130_fd_sc_hd__and3b_2_X/X (sky130_fd_sc_hd__and3b_2)
                                                         filter.x_in[7]_sky130_fd_sc_hd__and2_2_A_B (net)
                      0.087753    0.000000    4.261396 v filter.x_in[7]_sky130_fd_sc_hd__and2_2_A/B (sky130_fd_sc_hd__and2_2)
     3    0.012006    0.112033    0.454254    4.715650 v filter.x_in[7]_sky130_fd_sc_hd__and2_2_A/X (sky130_fd_sc_hd__and2_2)
                                                         filter.x_in[7]_sky130_fd_sc_hd__and2_2_A_X (net)
                      0.112033    0.000000    4.715650 v filter.x_in[7]_sky130_fd_sc_hd__nor2_2_A_Y_sky130_fd_sc_hd__or2_2_B/A (sky130_fd_sc_hd__or2_2)
     2    0.005699    0.131304    0.705209    5.420859 v filter.x_in[7]_sky130_fd_sc_hd__nor2_2_A_Y_sky130_fd_sc_hd__or2_2_B/X (sky130_fd_sc_hd__or2_2)
                                                         filter.x_in[7]_sky130_fd_sc_hd__nor2_2_A_Y_sky130_fd_sc_hd__or2_2_B_X (net)
                      0.131304    0.000000    5.420859 v filter.x_in[7]_sky130_fd_sc_hd__nor2_2_A_Y_sky130_fd_sc_hd__or2_2_B_X_sky130_fd_sc_hd__or2_2_A/A (sky130_fd_sc_hd__or2_2)
     2    0.005623    0.130688    0.712631    6.133490 v filter.x_in[7]_sky130_fd_sc_hd__nor2_2_A_Y_sky130_fd_sc_hd__or2_2_B_X_sky130_fd_sc_hd__or2_2_A/X (sky130_fd_sc_hd__or2_2)
                                                         filter.x_in[7]_sky130_fd_sc_hd__nor2_2_A_Y_sky130_fd_sc_hd__or2_2_B_X_sky130_fd_sc_hd__or2_2_A_X (net)
                      0.130688    0.000000    6.133490 v filter.x_in[7]_sky130_fd_sc_hd__nor2_2_A_Y_sky130_fd_sc_hd__or2_2_B_X_sky130_fd_sc_hd__nand2_2_A_Y_sky130_fd_sc_hd__and2_2_A/B (sky130_fd_sc_hd__and2_2)
     2    0.003855    0.076703    0.427980    6.561470 v filter.x_in[7]_sky130_fd_sc_hd__nor2_2_A_Y_sky130_fd_sc_hd__or2_2_B_X_sky130_fd_sc_hd__nand2_2_A_Y_sky130_fd_sc_hd__and2_2_A/X (sky130_fd_sc_hd__and2_2)
                                                         filter.x_in[6]_sky130_fd_sc_hd__and2_2_A_X_sky130_fd_sc_hd__a21oi_2_A1_A2_sky130_fd_sc_hd__or3_2_X_B (net)
                      0.076703    0.000000    6.561470 v filter.x_in[6]_sky130_fd_sc_hd__and2_2_A_X_sky130_fd_sc_hd__a21oi_2_A1_A2_sky130_fd_sc_hd__or3_2_X/B (sky130_fd_sc_hd__or3_2)
     2    0.006160    0.192013    1.090227    7.651696 v filter.x_in[6]_sky130_fd_sc_hd__and2_2_A_X_sky130_fd_sc_hd__a21oi_2_A1_A2_sky130_fd_sc_hd__or3_2_X/X (sky130_fd_sc_hd__or3_2)
                                                         filter.x_in[6]_sky130_fd_sc_hd__and2_2_A_X_sky130_fd_sc_hd__a21oi_2_A1_A2 (net)
                      0.192013    0.000000    7.651696 v filter.x_in[6]_sky130_fd_sc_hd__and2_2_A_X_sky130_fd_sc_hd__xor2_2_A_B_sky130_fd_sc_hd__and2b_2_X/B (sky130_fd_sc_hd__and2b_2)
     1    0.008022    0.096315    0.493587    8.145283 v filter.x_in[6]_sky130_fd_sc_hd__and2_2_A_X_sky130_fd_sc_hd__xor2_2_A_B_sky130_fd_sc_hd__and2b_2_X/X (sky130_fd_sc_hd__and2b_2)
                                                         filter.x_in[6]_sky130_fd_sc_hd__and2_2_A_X_sky130_fd_sc_hd__xor2_2_A_B (net)
                      0.096315    0.000000    8.145283 v filter.x_in[6]_sky130_fd_sc_hd__and2_2_A_X_sky130_fd_sc_hd__xor2_2_A/B (sky130_fd_sc_hd__xor2_2)
     2    0.005518    0.099509    0.276429    8.421712 v filter.x_in[6]_sky130_fd_sc_hd__and2_2_A_X_sky130_fd_sc_hd__xor2_2_A/X (sky130_fd_sc_hd__xor2_2)
                                                         filter.x_in[6]_sky130_fd_sc_hd__and2_2_A_X_sky130_fd_sc_hd__xor2_2_A_X (net)
                      0.099509    0.000000    8.421712 v filter.x_in[6]_sky130_fd_sc_hd__and2_2_A_X_sky130_fd_sc_hd__xor2_2_A_X_sky130_fd_sc_hd__or3_2_C/C (sky130_fd_sc_hd__or3_2)
     1    0.001353    0.148750    0.939890    9.361602 v filter.x_in[6]_sky130_fd_sc_hd__and2_2_A_X_sky130_fd_sc_hd__xor2_2_A_X_sky130_fd_sc_hd__or3_2_C/X (sky130_fd_sc_hd__or3_2)
                                                         filter.x_in[6]_sky130_fd_sc_hd__and2_2_A_X_sky130_fd_sc_hd__xor2_2_A_X_sky130_fd_sc_hd__or3_2_C_X (net)
                      0.148750    0.000000    9.361602 v filter.x_in[6]_sky130_fd_sc_hd__and2_2_A_X_sky130_fd_sc_hd__xor2_2_A_X_sky130_fd_sc_hd__or3_2_C_X_sky130_fd_sc_hd__and2_2_B/B (sky130_fd_sc_hd__and2_2)
     2    0.012460    0.114097    0.487024    9.848625 v filter.x_in[6]_sky130_fd_sc_hd__and2_2_A_X_sky130_fd_sc_hd__xor2_2_A_X_sky130_fd_sc_hd__or3_2_C_X_sky130_fd_sc_hd__and2_2_B/X (sky130_fd_sc_hd__and2_2)
                                                         filter.y_out[6]_sky130_fd_sc_hd__dfrtp_2_Q_D_sky130_fd_sc_hd__xnor2_2_Y_B_sky130_fd_sc_hd__xnor2_2_Y_A_sky130_fd_sc_hd__nand2_2_Y_B (net)
                      0.114097    0.000000    9.848625 v filter.x_in[5]_sky130_fd_sc_hd__nand2_2_A_Y_sky130_fd_sc_hd__xor2_2_A_X_sky130_fd_sc_hd__and2b_2_B_X_sky130_fd_sc_hd__xnor2_2_A/B (sky130_fd_sc_hd__xnor2_2)
     2    0.005521    0.106476    0.258906   10.107532 v filter.x_in[5]_sky130_fd_sc_hd__nand2_2_A_Y_sky130_fd_sc_hd__xor2_2_A_X_sky130_fd_sc_hd__and2b_2_B_X_sky130_fd_sc_hd__xnor2_2_A/Y (sky130_fd_sc_hd__xnor2_2)
                                                         filter.y_out[5]_sky130_fd_sc_hd__dfrtp_2_Q_D_sky130_fd_sc_hd__xor2_2_X_B_sky130_fd_sc_hd__nand2_2_Y_A_sky130_fd_sc_hd__or2_2_X_B (net)
                      0.106476    0.000000   10.107532 v filter.y_out[5]_sky130_fd_sc_hd__dfrtp_2_Q_D_sky130_fd_sc_hd__xor2_2_X_B_sky130_fd_sc_hd__nand2_2_Y_A_sky130_fd_sc_hd__or2_2_X/B (sky130_fd_sc_hd__or2_2)
     3    0.010901    0.157530    0.700311   10.807842 v filter.y_out[5]_sky130_fd_sc_hd__dfrtp_2_Q_D_sky130_fd_sc_hd__xor2_2_X_B_sky130_fd_sc_hd__nand2_2_Y_A_sky130_fd_sc_hd__or2_2_X/X (sky130_fd_sc_hd__or2_2)
                                                         filter.y_out[5]_sky130_fd_sc_hd__dfrtp_2_Q_D_sky130_fd_sc_hd__xor2_2_X_B_sky130_fd_sc_hd__nand2_2_Y_A (net)
                      0.157530    0.000000   10.807842 v filter.y_out[5]_sky130_fd_sc_hd__dfrtp_2_Q_D_sky130_fd_sc_hd__xor2_2_X_B_sky130_fd_sc_hd__nand2_2_Y/A (sky130_fd_sc_hd__nand2_2)
     2    0.009857    0.111484    0.159265   10.967107 ^ filter.y_out[5]_sky130_fd_sc_hd__dfrtp_2_Q_D_sky130_fd_sc_hd__xor2_2_X_B_sky130_fd_sc_hd__nand2_2_Y/Y (sky130_fd_sc_hd__nand2_2)
                                                         filter.y_out[5]_sky130_fd_sc_hd__dfrtp_2_Q_D_sky130_fd_sc_hd__xor2_2_X_B (net)
                      0.111484    0.000000   10.967107 ^ filter.y_out[5]_sky130_fd_sc_hd__dfrtp_2_Q_D_sky130_fd_sc_hd__xor2_2_X/B (sky130_fd_sc_hd__xor2_2)
     1    0.001838    0.072649    0.113352   11.080459 v filter.y_out[5]_sky130_fd_sc_hd__dfrtp_2_Q_D_sky130_fd_sc_hd__xor2_2_X/X (sky130_fd_sc_hd__xor2_2)
                                                         filter.y_out[5]_sky130_fd_sc_hd__dfrtp_2_Q_D (net)
                      0.072649    0.000000   11.080459 v filter.y_out[5]_sky130_fd_sc_hd__dfrtp_2_Q/D (sky130_fd_sc_hd__dfrtp_2)
                                             11.080459   data arrival time

                      0.150000   30.000000   30.000000   clock clk (rise edge)
                                  0.000000   30.000000   clock network delay (ideal)
                                 -0.250000   29.750000   clock uncertainty
                                  0.000000   29.750000   clock reconvergence pessimism
                                             29.750000 ^ filter.y_out[5]_sky130_fd_sc_hd__dfrtp_2_Q/CLK (sky130_fd_sc_hd__dfrtp_2)
                                 -0.256394   29.493607   library setup time
                                             29.493607   data required time
---------------------------------------------------------------------------------------------
                                             29.493607   data required time
                                            -11.080459   data arrival time
---------------------------------------------------------------------------------------------
                                             18.413147   slack (MET)


Startpoint: filter.y_out[2]_sky130_fd_sc_hd__dfrtp_2_Q
            (rising edge-triggered flip-flop clocked by clk)
Endpoint: filter.y_out[4]_sky130_fd_sc_hd__dfrtp_2_Q
          (rising edge-triggered flip-flop clocked by clk)
Path Group: clk
Path Type: max

Fanout         Cap        Slew       Delay        Time   Description
---------------------------------------------------------------------------------------------
                      0.150000    0.000000    0.000000   clock clk (rise edge)
                                  0.000000    0.000000   clock network delay (ideal)
                      0.150000    0.000000    0.000000 ^ filter.y_out[2]_sky130_fd_sc_hd__dfrtp_2_Q/CLK (sky130_fd_sc_hd__dfrtp_2)
     6    0.026539    0.182147    0.966114    0.966114 v filter.y_out[2]_sky130_fd_sc_hd__dfrtp_2_Q/Q (sky130_fd_sc_hd__dfrtp_2)
                                                         filter.y_out[2] (net)
                      0.182147    0.000000    0.966114 v filter.y_out[2]_sky130_fd_sc_hd__xor2_2_A/A (sky130_fd_sc_hd__xor2_2)
     4    0.022484    0.480097    0.519794    1.485909 ^ filter.y_out[2]_sky130_fd_sc_hd__xor2_2_A/X (sky130_fd_sc_hd__xor2_2)
                                                         filter.x_in[2]_sky130_fd_sc_hd__inv_2_A_Y_sky130_fd_sc_hd__o2bb2ai_2_B2_A2_N_sky130_fd_sc_hd__a21o_2_B1_A2 (net)
                      0.480097    0.000000    1.485909 ^ filter.y_out[1]_sky130_fd_sc_hd__xor2_2_A/B (sky130_fd_sc_hd__xor2_2)
    10    0.033390    0.343085    0.468952    1.954861 v filter.y_out[1]_sky130_fd_sc_hd__xor2_2_A/X (sky130_fd_sc_hd__xor2_2)
                                                         filter.y_out[1]_sky130_fd_sc_hd__xor2_2_A_X (net)
                      0.343085    0.000000    1.954861 v filter.x_in[10]_sky130_fd_sc_hd__or2_2_A_B_sky130_fd_sc_hd__xor2_2_X_B_sky130_fd_sc_hd__a31o_2_X_A3_sky130_fd_sc_hd__xnor2_2_Y_A_sky130_fd_sc_hd__o21ai_2_B1_Y_sky130_fd_sc_hd__xnor2_2_A_B_sky130_fd_sc_hd__and3_2_X_B_sky130_fd_sc_hd__or3_2_X/B (sky130_fd_sc_hd__or3_2)
     5    0.011500    0.222028    1.244183    3.199044 v filter.x_in[10]_sky130_fd_sc_hd__or2_2_A_B_sky130_fd_sc_hd__xor2_2_X_B_sky130_fd_sc_hd__a31o_2_X_A3_sky130_fd_sc_hd__xnor2_2_Y_A_sky130_fd_sc_hd__o21ai_2_B1_Y_sky130_fd_sc_hd__xnor2_2_A_B_sky130_fd_sc_hd__and3_2_X_B_sky130_fd_sc_hd__or3_2_X/X (sky130_fd_sc_hd__or3_2)
                                                         filter.x_in[10]_sky130_fd_sc_hd__or2_2_A_B_sky130_fd_sc_hd__xor2_2_X_B_sky130_fd_sc_hd__a31o_2_X_A3_sky130_fd_sc_hd__xnor2_2_Y_A_sky130_fd_sc_hd__o21ai_2_B1_Y_sky130_fd_sc_hd__xnor2_2_A_B_sky130_fd_sc_hd__and3_2_X_B (net)
                      0.222028    0.000000    3.199044 v filter.x_in[10]_sky130_fd_sc_hd__or2_2_A_B_sky130_fd_sc_hd__xor2_2_X_B_sky130_fd_sc_hd__a31o_2_X_A3_sky130_fd_sc_hd__xnor2_2_Y_A_sky130_fd_sc_hd__o21ai_2_B1_Y_sky130_fd_sc_hd__xnor2_2_A_B_sky130_fd_sc_hd__and3_2_X/B (sky130_fd_sc_hd__and3_2)
     3    0.010965    0.111725    0.526806    3.725850 v filter.x_in[10]_sky130_fd_sc_hd__or2_2_A_B_sky130_fd_sc_hd__xor2_2_X_B_sky130_fd_sc_hd__a31o_2_X_A3_sky130_fd_sc_hd__xnor2_2_Y_A_sky130_fd_sc_hd__o21ai_2_B1_Y_sky130_fd_sc_hd__xnor2_2_A_B_sky130_fd_sc_hd__and3_2_X/X (sky130_fd_sc_hd__and3_2)
                                                         filter.x_in[10]_sky130_fd_sc_hd__or2_2_A_B_sky130_fd_sc_hd__xor2_2_X_B_sky130_fd_sc_hd__a31o_2_X_A3_sky130_fd_sc_hd__xnor2_2_Y_A_sky130_fd_sc_hd__o21ai_2_B1_Y_sky130_fd_sc_hd__xnor2_2_A_B (net)
                      0.111725    0.000000    3.725850 v filter.y_out[0]_sky130_fd_sc_hd__dfrtp_2_Q_D_sky130_fd_sc_hd__xor2_2_X_A_sky130_fd_sc_hd__and3b_2_X_C_sky130_fd_sc_hd__a21o_2_X_B1_sky130_fd_sc_hd__a2bb2o_2_X_A1_N_sky130_fd_sc_hd__o2bb2a_2_X_A1_N_sky130_fd_sc_hd__a32o_2_X_A2_sky130_fd_sc_hd__and4_2_B/C (sky130_fd_sc_hd__and4_2)
     4    0.013318    0.125069    0.543343    4.269193 v filter.y_out[0]_sky130_fd_sc_hd__dfrtp_2_Q_D_sky130_fd_sc_hd__xor2_2_X_A_sky130_fd_sc_hd__and3b_2_X_C_sky130_fd_sc_hd__a21o_2_X_B1_sky130_fd_sc_hd__a2bb2o_2_X_A1_N_sky130_fd_sc_hd__o2bb2a_2_X_A1_N_sky130_fd_sc_hd__a32o_2_X_A2_sky130_fd_sc_hd__and4_2_B/X (sky130_fd_sc_hd__and4_2)
                                                         filter.y_out[0]_sky130_fd_sc_hd__dfrtp_2_Q_D_sky130_fd_sc_hd__xor2_2_X_A_sky130_fd_sc_hd__and3b_2_X_C_sky130_fd_sc_hd__a21o_2_X_B1_sky130_fd_sc_hd__a2bb2o_2_X_A1_N_sky130_fd_sc_hd__o2bb2a_2_X_A1_N_sky130_fd_sc_hd__a32o_2_X_A2_sky130_fd_sc_hd__and4_2_B_X (net)
                      0.125069    0.000000    4.269193 v filter.y_out[0]_sky130_fd_sc_hd__dfrtp_2_Q_D_sky130_fd_sc_hd__xor2_2_X_A_sky130_fd_sc_hd__and3b_2_X_C_sky130_fd_sc_hd__a21o_2_X_B1_sky130_fd_sc_hd__a2bb2o_2_X_B1_sky130_fd_sc_hd__a2bb2o_2_X_B2_sky130_fd_sc_hd__o32a_2_X_A2_sky130_fd_sc_hd__nor3_2_Y/B (sky130_fd_sc_hd__nor3_2)
     3    0.006513    0.283189    0.331470    4.600663 ^ filter.y_out[0]_sky130_fd_sc_hd__dfrtp_2_Q_D_sky130_fd_sc_hd__xor2_2_X_A_sky130_fd_sc_hd__and3b_2_X_C_sky130_fd_sc_hd__a21o_2_X_B1_sky130_fd_sc_hd__a2bb2o_2_X_B1_sky130_fd_sc_hd__a2bb2o_2_X_B2_sky130_fd_sc_hd__o32a_2_X_A2_sky130_fd_sc_hd__nor3_2_Y/Y (sky130_fd_sc_hd__nor3_2)
                                                         filter.y_out[0]_sky130_fd_sc_hd__dfrtp_2_Q_D_sky130_fd_sc_hd__xor2_2_X_A_sky130_fd_sc_hd__and3b_2_X_C_sky130_fd_sc_hd__a21o_2_X_B1_sky130_fd_sc_hd__a2bb2o_2_X_B1_sky130_fd_sc_hd__a2bb2o_2_X_B2_sky130_fd_sc_hd__o32a_2_X_A2 (net)
                      0.283189    0.000000    4.600663 ^ filter.y_out[0]_sky130_fd_sc_hd__dfrtp_2_Q_D_sky130_fd_sc_hd__xor2_2_X_A_sky130_fd_sc_hd__and3b_2_X_C_sky130_fd_sc_hd__a21o_2_X_B1_sky130_fd_sc_hd__a2bb2o_2_X_B1_sky130_fd_sc_hd__a2bb2o_2_X_B2_sky130_fd_sc_hd__o32a_2_X_A2_sky130_fd_sc_hd__and2b_2_A_N/A_N (sky130_fd_sc_hd__and2b_2)
     2    0.004540    0.079845    0.532263    5.132926 v filter.y_out[0]_sky130_fd_sc_hd__dfrtp_2_Q_D_sky130_fd_sc_hd__xor2_2_X_A_sky130_fd_sc_hd__and3b_2_X_C_sky130_fd_sc_hd__a21o_2_X_B1_sky130_fd_sc_hd__a2bb2o_2_X_B1_sky130_fd_sc_hd__a2bb2o_2_X_B2_sky130_fd_sc_hd__o32a_2_X_A2_sky130_fd_sc_hd__and2b_2_A_N/X (sky130_fd_sc_hd__and2b_2)
                                                         filter.y_out[0]_sky130_fd_sc_hd__dfrtp_2_Q_D_sky130_fd_sc_hd__xor2_2_X_A_sky130_fd_sc_hd__and3b_2_X_C_sky130_fd_sc_hd__a21o_2_X_B1_sky130_fd_sc_hd__a2bb2o_2_X_B1_sky130_fd_sc_hd__a2bb2o_2_X_B1_sky130_fd_sc_hd__or3_2_X_C_sky130_fd_sc_hd__o21a_2_X_A1 (net)
                      0.079845    0.000000    5.132926 v filter.y_out[0]_sky130_fd_sc_hd__dfrtp_2_Q_D_sky130_fd_sc_hd__xor2_2_X_A_sky130_fd_sc_hd__and3b_2_X_C_sky130_fd_sc_hd__a21o_2_X_B1_sky130_fd_sc_hd__a2bb2o_2_X_B1_sky130_fd_sc_hd__a2bb2o_2_X_B1_sky130_fd_sc_hd__or3_2_X_C_sky130_fd_sc_hd__o21a_2_X_B1_sky130_fd_sc_hd__a221o_2_X/A1 (sky130_fd_sc_hd__a221o_2)
     1    0.002359    0.086327    0.642843    5.775768 v filter.y_out[0]_sky130_fd_sc_hd__dfrtp_2_Q_D_sky130_fd_sc_hd__xor2_2_X_A_sky130_fd_sc_hd__and3b_2_X_C_sky130_fd_sc_hd__a21o_2_X_B1_sky130_fd_sc_hd__a2bb2o_2_X_B1_sky130_fd_sc_hd__a2bb2o_2_X_B1_sky130_fd_sc_hd__or3_2_X_C_sky130_fd_sc_hd__o21a_2_X_B1_sky130_fd_sc_hd__a221o_2_X/X (sky130_fd_sc_hd__a221o_2)
                                                         filter.y_out[0]_sky130_fd_sc_hd__dfrtp_2_Q_D_sky130_fd_sc_hd__xor2_2_X_A_sky130_fd_sc_hd__and3b_2_X_C_sky130_fd_sc_hd__a21o_2_X_B1_sky130_fd_sc_hd__a2bb2o_2_X_B1_sky130_fd_sc_hd__a2bb2o_2_X_B1_sky130_fd_sc_hd__or3_2_X_C_sky130_fd_sc_hd__o21a_2_X_B1 (net)
                      0.086327    0.000000    5.775768 v filter.y_out[0]_sky130_fd_sc_hd__dfrtp_2_Q_D_sky130_fd_sc_hd__xor2_2_X_A_sky130_fd_sc_hd__and3b_2_X_C_sky130_fd_sc_hd__a21o_2_X_B1_sky130_fd_sc_hd__a2bb2o_2_X_B1_sky130_fd_sc_hd__a2bb2o_2_X_B1_sky130_fd_sc_hd__or3_2_X_C_sky130_fd_sc_hd__o21a_2_X/B1 (sky130_fd_sc_hd__o21a_2)
     2    0.005518    0.074873    0.231014    6.006782 v filter.y_out[0]_sky130_fd_sc_hd__dfrtp_2_Q_D_sky130_fd_sc_hd__xor2_2_X_A_sky130_fd_sc_hd__and3b_2_X_C_sky130_fd_sc_hd__a21o_2_X_B1_sky130_fd_sc_hd__a2bb2o_2_X_B1_sky130_fd_sc_hd__a2bb2o_2_X_B1_sky130_fd_sc_hd__or3_2_X_C_sky130_fd_sc_hd__o21a_2_X/X (sky130_fd_sc_hd__o21a_2)
                                                         filter.y_out[0]_sky130_fd_sc_hd__dfrtp_2_Q_D_sky130_fd_sc_hd__xor2_2_X_A_sky130_fd_sc_hd__and3b_2_X_C_sky130_fd_sc_hd__a21o_2_X_B1_sky130_fd_sc_hd__a2bb2o_2_X_B1_sky130_fd_sc_hd__a2bb2o_2_X_B1_sky130_fd_sc_hd__or3_2_X_C (net)
                      0.074873    0.000000    6.006782 v filter.y_out[0]_sky130_fd_sc_hd__dfrtp_2_Q_D_sky130_fd_sc_hd__xor2_2_X_A_sky130_fd_sc_hd__and3b_2_X_C_sky130_fd_sc_hd__a21o_2_X_B1_sky130_fd_sc_hd__a2bb2o_2_X_B1_sky130_fd_sc_hd__a2bb2o_2_X_B1_sky130_fd_sc_hd__or3_2_X/C (sky130_fd_sc_hd__or3_2)
     1    0.001639    0.152740    0.939160    6.945942 v filter.y_out[0]_sky130_fd_sc_hd__dfrtp_2_Q_D_sky130_fd_sc_hd__xor2_2_X_A_sky130_fd_sc_hd__and3b_2_X_C_sky130_fd_sc_hd__a21o_2_X_B1_sky130_fd_sc_hd__a2bb2o_2_X_B1_sky130_fd_sc_hd__a2bb2o_2_X_B1_sky130_fd_sc_hd__or3_2_X/X (sky130_fd_sc_hd__or3_2)
                                                         filter.y_out[0]_sky130_fd_sc_hd__dfrtp_2_Q_D_sky130_fd_sc_hd__xor2_2_X_A_sky130_fd_sc_hd__and3b_2_X_C_sky130_fd_sc_hd__a21o_2_X_B1_sky130_fd_sc_hd__a2bb2o_2_X_B1_sky130_fd_sc_hd__a2bb2o_2_X_B1 (net)
                      0.152740    0.000000    6.945942 v filter.y_out[0]_sky130_fd_sc_hd__dfrtp_2_Q_D_sky130_fd_sc_hd__xor2_2_X_A_sky130_fd_sc_hd__and3b_2_X_C_sky130_fd_sc_hd__a21o_2_X_B1_sky130_fd_sc_hd__a2bb2o_2_X_B1_sky130_fd_sc_hd__a2bb2o_2_X/B1 (sky130_fd_sc_hd__a2bb2o_2)
     1    0.001639    0.073010    0.521575    7.467517 v filter.y_out[0]_sky130_fd_sc_hd__dfrtp_2_Q_D_sky130_fd_sc_hd__xor2_2_X_A_sky130_fd_sc_hd__and3b_2_X_C_sky130_fd_sc_hd__a21o_2_X_B1_sky130_fd_sc_hd__a2bb2o_2_X_B1_sky130_fd_sc_hd__a2bb2o_2_X/X (sky130_fd_sc_hd__a2bb2o_2)
                                                         filter.y_out[0]_sky130_fd_sc_hd__dfrtp_2_Q_D_sky130_fd_sc_hd__xor2_2_X_A_sky130_fd_sc_hd__and3b_2_X_C_sky130_fd_sc_hd__a21o_2_X_B1_sky130_fd_sc_hd__a2bb2o_2_X_B1 (net)
                      0.073010    0.000000    7.467517 v filter.y_out[0]_sky130_fd_sc_hd__dfrtp_2_Q_D_sky130_fd_sc_hd__xor2_2_X_A_sky130_fd_sc_hd__and3b_2_X_C_sky130_fd_sc_hd__a21o_2_X_B1_sky130_fd_sc_hd__a2bb2o_2_X/B1 (sky130_fd_sc_hd__a2bb2o_2)
     1    0.002258    0.076720    0.492969    7.960487 v filter.y_out[0]_sky130_fd_sc_hd__dfrtp_2_Q_D_sky130_fd_sc_hd__xor2_2_X_A_sky130_fd_sc_hd__and3b_2_X_C_sky130_fd_sc_hd__a21o_2_X_B1_sky130_fd_sc_hd__a2bb2o_2_X/X (sky130_fd_sc_hd__a2bb2o_2)
                                                         filter.y_out[0]_sky130_fd_sc_hd__dfrtp_2_Q_D_sky130_fd_sc_hd__xor2_2_X_A_sky130_fd_sc_hd__and3b_2_X_C_sky130_fd_sc_hd__a21o_2_X_B1 (net)
                      0.076720    0.000000    7.960487 v filter.y_out[0]_sky130_fd_sc_hd__dfrtp_2_Q_D_sky130_fd_sc_hd__xor2_2_X_A_sky130_fd_sc_hd__and3b_2_X_C_sky130_fd_sc_hd__a21o_2_X/B1 (sky130_fd_sc_hd__a21o_2)
     1    0.001397    0.050390    0.324095    8.284582 v filter.y_out[0]_sky130_fd_sc_hd__dfrtp_2_Q_D_sky130_fd_sc_hd__xor2_2_X_A_sky130_fd_sc_hd__and3b_2_X_C_sky130_fd_sc_hd__a21o_2_X/X (sky130_fd_sc_hd__a21o_2)
                                                         filter.y_out[0]_sky130_fd_sc_hd__dfrtp_2_Q_D_sky130_fd_sc_hd__xor2_2_X_A_sky130_fd_sc_hd__and3b_2_X_C (net)
                      0.050390    0.000000    8.284582 v filter.y_out[0]_sky130_fd_sc_hd__dfrtp_2_Q_D_sky130_fd_sc_hd__xor2_2_X_A_sky130_fd_sc_hd__and3b_2_X/C (sky130_fd_sc_hd__and3b_2)
     2    0.010450    0.109277    0.470405    8.754987 v filter.y_out[0]_sky130_fd_sc_hd__dfrtp_2_Q_D_sky130_fd_sc_hd__xor2_2_X_A_sky130_fd_sc_hd__and3b_2_X/X (sky130_fd_sc_hd__and3b_2)
                                                         filter.y_out[0]_sky130_fd_sc_hd__dfrtp_2_Q_D_sky130_fd_sc_hd__xor2_2_X_A (net)
                      0.109277    0.000000    8.754987 v filter.y_out[1]_sky130_fd_sc_hd__dfrtp_2_Q_D_sky130_fd_sc_hd__xor2_2_X_A_sky130_fd_sc_hd__a2bb2o_2_X/B2 (sky130_fd_sc_hd__a2bb2o_2)
     3    0.013396    0.132740    0.555339    9.310327 v filter.y_out[1]_sky130_fd_sc_hd__dfrtp_2_Q_D_sky130_fd_sc_hd__xor2_2_X_A_sky130_fd_sc_hd__a2bb2o_2_X/X (sky130_fd_sc_hd__a2bb2o_2)
                                                         filter.y_out[1]_sky130_fd_sc_hd__dfrtp_2_Q_D_sky130_fd_sc_hd__xor2_2_X_A (net)
                      0.132740    0.000000    9.310327 v filter.y_out[2]_sky130_fd_sc_hd__dfrtp_2_Q_D_sky130_fd_sc_hd__xor2_2_X_A_sky130_fd_sc_hd__a31o_2_A3/A1 (sky130_fd_sc_hd__a31o_2)
     3    0.004104    0.070960    0.403285    9.713612 v filter.y_out[2]_sky130_fd_sc_hd__dfrtp_2_Q_D_sky130_fd_sc_hd__xor2_2_X_A_sky130_fd_sc_hd__a31o_2_A3/X (sky130_fd_sc_hd__a31o_2)
                                                         filter.y_out[3]_sky130_fd_sc_hd__dfrtp_2_Q_D_sky130_fd_sc_hd__nor2_2_Y_A_sky130_fd_sc_hd__and2b_2_X_B (net)
                      0.070960    0.000000    9.713612 v filter.y_out[3]_sky130_fd_sc_hd__dfrtp_2_Q_D_sky130_fd_sc_hd__nor2_2_Y_A_sky130_fd_sc_hd__and2b_2_X/B (sky130_fd_sc_hd__and2b_2)
     2    0.008427    0.097442    0.435934   10.149546 v filter.y_out[3]_sky130_fd_sc_hd__dfrtp_2_Q_D_sky130_fd_sc_hd__nor2_2_Y_A_sky130_fd_sc_hd__and2b_2_X/X (sky130_fd_sc_hd__and2b_2)
                                                         filter.y_out[3]_sky130_fd_sc_hd__dfrtp_2_Q_D_sky130_fd_sc_hd__nor2_2_Y_A (net)
                      0.097442    0.000000   10.149546 v filter.y_out[4]_sky130_fd_sc_hd__dfrtp_2_Q_D_sky130_fd_sc_hd__xnor2_2_Y_B_sky130_fd_sc_hd__nor2_2_Y/B (sky130_fd_sc_hd__nor2_2)
     1    0.008492    0.197041    0.201015   10.350561 ^ filter.y_out[4]_sky130_fd_sc_hd__dfrtp_2_Q_D_sky130_fd_sc_hd__xnor2_2_Y_B_sky130_fd_sc_hd__nor2_2_Y/Y (sky130_fd_sc_hd__nor2_2)
                                                         filter.y_out[4]_sky130_fd_sc_hd__dfrtp_2_Q_D_sky130_fd_sc_hd__xnor2_2_Y_B (net)
                      0.197041    0.000000   10.350561 ^ filter.y_out[4]_sky130_fd_sc_hd__dfrtp_2_Q_D_sky130_fd_sc_hd__xnor2_2_Y/B (sky130_fd_sc_hd__xnor2_2)
     1    0.001838    0.075139    0.140008   10.490569 v filter.y_out[4]_sky130_fd_sc_hd__dfrtp_2_Q_D_sky130_fd_sc_hd__xnor2_2_Y/Y (sky130_fd_sc_hd__xnor2_2)
                                                         filter.y_out[4]_sky130_fd_sc_hd__dfrtp_2_Q_D (net)
                      0.075139    0.000000   10.490569 v filter.y_out[4]_sky130_fd_sc_hd__dfrtp_2_Q/D (sky130_fd_sc_hd__dfrtp_2)
                                             10.490569   data arrival time

                      0.150000   30.000000   30.000000   clock clk (rise edge)
                                  0.000000   30.000000   clock network delay (ideal)
                                 -0.250000   29.750000   clock uncertainty
                                  0.000000   29.750000   clock reconvergence pessimism
                                             29.750000 ^ filter.y_out[4]_sky130_fd_sc_hd__dfrtp_2_Q/CLK (sky130_fd_sc_hd__dfrtp_2)
                                 -0.257433   29.492567   library setup time
                                             29.492567   data required time
---------------------------------------------------------------------------------------------
                                             29.492567   data required time
                                            -10.490569   data arrival time
---------------------------------------------------------------------------------------------
                                             19.001999   slack (MET)


Startpoint: filter.y_out[2]_sky130_fd_sc_hd__dfrtp_2_Q
            (rising edge-triggered flip-flop clocked by clk)
Endpoint: filter.y_out[3]_sky130_fd_sc_hd__dfrtp_2_Q
          (rising edge-triggered flip-flop clocked by clk)
Path Group: clk
Path Type: max

Fanout         Cap        Slew       Delay        Time   Description
---------------------------------------------------------------------------------------------
                      0.150000    0.000000    0.000000   clock clk (rise edge)
                                  0.000000    0.000000   clock network delay (ideal)
                      0.150000    0.000000    0.000000 ^ filter.y_out[2]_sky130_fd_sc_hd__dfrtp_2_Q/CLK (sky130_fd_sc_hd__dfrtp_2)
     6    0.026539    0.182147    0.966114    0.966114 v filter.y_out[2]_sky130_fd_sc_hd__dfrtp_2_Q/Q (sky130_fd_sc_hd__dfrtp_2)
                                                         filter.y_out[2] (net)
                      0.182147    0.000000    0.966114 v filter.y_out[2]_sky130_fd_sc_hd__xor2_2_A/A (sky130_fd_sc_hd__xor2_2)
     4    0.022484    0.480097    0.519794    1.485909 ^ filter.y_out[2]_sky130_fd_sc_hd__xor2_2_A/X (sky130_fd_sc_hd__xor2_2)
                                                         filter.x_in[2]_sky130_fd_sc_hd__inv_2_A_Y_sky130_fd_sc_hd__o2bb2ai_2_B2_A2_N_sky130_fd_sc_hd__a21o_2_B1_A2 (net)
                      0.480097    0.000000    1.485909 ^ filter.y_out[1]_sky130_fd_sc_hd__xor2_2_A/B (sky130_fd_sc_hd__xor2_2)
    10    0.033390    0.343085    0.468952    1.954861 v filter.y_out[1]_sky130_fd_sc_hd__xor2_2_A/X (sky130_fd_sc_hd__xor2_2)
                                                         filter.y_out[1]_sky130_fd_sc_hd__xor2_2_A_X (net)
                      0.343085    0.000000    1.954861 v filter.x_in[10]_sky130_fd_sc_hd__or2_2_A_B_sky130_fd_sc_hd__xor2_2_X_B_sky130_fd_sc_hd__a31o_2_X_A3_sky130_fd_sc_hd__xnor2_2_Y_A_sky130_fd_sc_hd__o21ai_2_B1_Y_sky130_fd_sc_hd__xnor2_2_A_B_sky130_fd_sc_hd__and3_2_X_B_sky130_fd_sc_hd__or3_2_X/B (sky130_fd_sc_hd__or3_2)
     5    0.011500    0.222028    1.244183    3.199044 v filter.x_in[10]_sky130_fd_sc_hd__or2_2_A_B_sky130_fd_sc_hd__xor2_2_X_B_sky130_fd_sc_hd__a31o_2_X_A3_sky130_fd_sc_hd__xnor2_2_Y_A_sky130_fd_sc_hd__o21ai_2_B1_Y_sky130_fd_sc_hd__xnor2_2_A_B_sky130_fd_sc_hd__and3_2_X_B_sky130_fd_sc_hd__or3_2_X/X (sky130_fd_sc_hd__or3_2)
                                                         filter.x_in[10]_sky130_fd_sc_hd__or2_2_A_B_sky130_fd_sc_hd__xor2_2_X_B_sky130_fd_sc_hd__a31o_2_X_A3_sky130_fd_sc_hd__xnor2_2_Y_A_sky130_fd_sc_hd__o21ai_2_B1_Y_sky130_fd_sc_hd__xnor2_2_A_B_sky130_fd_sc_hd__and3_2_X_B (net)
                      0.222028    0.000000    3.199044 v filter.x_in[10]_sky130_fd_sc_hd__or2_2_A_B_sky130_fd_sc_hd__xor2_2_X_B_sky130_fd_sc_hd__a31o_2_X_A3_sky130_fd_sc_hd__xnor2_2_Y_A_sky130_fd_sc_hd__o21ai_2_B1_Y_sky130_fd_sc_hd__xnor2_2_A_B_sky130_fd_sc_hd__and3_2_X/B (sky130_fd_sc_hd__and3_2)
     3    0.010965    0.111725    0.526806    3.725850 v filter.x_in[10]_sky130_fd_sc_hd__or2_2_A_B_sky130_fd_sc_hd__xor2_2_X_B_sky130_fd_sc_hd__a31o_2_X_A3_sky130_fd_sc_hd__xnor2_2_Y_A_sky130_fd_sc_hd__o21ai_2_B1_Y_sky130_fd_sc_hd__xnor2_2_A_B_sky130_fd_sc_hd__and3_2_X/X (sky130_fd_sc_hd__and3_2)
                                                         filter.x_in[10]_sky130_fd_sc_hd__or2_2_A_B_sky130_fd_sc_hd__xor2_2_X_B_sky130_fd_sc_hd__a31o_2_X_A3_sky130_fd_sc_hd__xnor2_2_Y_A_sky130_fd_sc_hd__o21ai_2_B1_Y_sky130_fd_sc_hd__xnor2_2_A_B (net)
                      0.111725    0.000000    3.725850 v filter.y_out[0]_sky130_fd_sc_hd__dfrtp_2_Q_D_sky130_fd_sc_hd__xor2_2_X_A_sky130_fd_sc_hd__and3b_2_X_C_sky130_fd_sc_hd__a21o_2_X_B1_sky130_fd_sc_hd__a2bb2o_2_X_A1_N_sky130_fd_sc_hd__o2bb2a_2_X_A1_N_sky130_fd_sc_hd__a32o_2_X_A2_sky130_fd_sc_hd__and4_2_B/C (sky130_fd_sc_hd__and4_2)
     4    0.013318    0.125069    0.543343    4.269193 v filter.y_out[0]_sky130_fd_sc_hd__dfrtp_2_Q_D_sky130_fd_sc_hd__xor2_2_X_A_sky130_fd_sc_hd__and3b_2_X_C_sky130_fd_sc_hd__a21o_2_X_B1_sky130_fd_sc_hd__a2bb2o_2_X_A1_N_sky130_fd_sc_hd__o2bb2a_2_X_A1_N_sky130_fd_sc_hd__a32o_2_X_A2_sky130_fd_sc_hd__and4_2_B/X (sky130_fd_sc_hd__and4_2)
                                                         filter.y_out[0]_sky130_fd_sc_hd__dfrtp_2_Q_D_sky130_fd_sc_hd__xor2_2_X_A_sky130_fd_sc_hd__and3b_2_X_C_sky130_fd_sc_hd__a21o_2_X_B1_sky130_fd_sc_hd__a2bb2o_2_X_A1_N_sky130_fd_sc_hd__o2bb2a_2_X_A1_N_sky130_fd_sc_hd__a32o_2_X_A2_sky130_fd_sc_hd__and4_2_B_X (net)
                      0.125069    0.000000    4.269193 v filter.y_out[0]_sky130_fd_sc_hd__dfrtp_2_Q_D_sky130_fd_sc_hd__xor2_2_X_A_sky130_fd_sc_hd__and3b_2_X_C_sky130_fd_sc_hd__a21o_2_X_B1_sky130_fd_sc_hd__a2bb2o_2_X_B1_sky130_fd_sc_hd__a2bb2o_2_X_B2_sky130_fd_sc_hd__o32a_2_X_A2_sky130_fd_sc_hd__nor3_2_Y/B (sky130_fd_sc_hd__nor3_2)
     3    0.006513    0.283189    0.331470    4.600663 ^ filter.y_out[0]_sky130_fd_sc_hd__dfrtp_2_Q_D_sky130_fd_sc_hd__xor2_2_X_A_sky130_fd_sc_hd__and3b_2_X_C_sky130_fd_sc_hd__a21o_2_X_B1_sky130_fd_sc_hd__a2bb2o_2_X_B1_sky130_fd_sc_hd__a2bb2o_2_X_B2_sky130_fd_sc_hd__o32a_2_X_A2_sky130_fd_sc_hd__nor3_2_Y/Y (sky130_fd_sc_hd__nor3_2)
                                                         filter.y_out[0]_sky130_fd_sc_hd__dfrtp_2_Q_D_sky130_fd_sc_hd__xor2_2_X_A_sky130_fd_sc_hd__and3b_2_X_C_sky130_fd_sc_hd__a21o_2_X_B1_sky130_fd_sc_hd__a2bb2o_2_X_B1_sky130_fd_sc_hd__a2bb2o_2_X_B2_sky130_fd_sc_hd__o32a_2_X_A2 (net)
                      0.283189    0.000000    4.600663 ^ filter.y_out[0]_sky130_fd_sc_hd__dfrtp_2_Q_D_sky130_fd_sc_hd__xor2_2_X_A_sky130_fd_sc_hd__and3b_2_X_C_sky130_fd_sc_hd__a21o_2_X_B1_sky130_fd_sc_hd__a2bb2o_2_X_B1_sky130_fd_sc_hd__a2bb2o_2_X_B2_sky130_fd_sc_hd__o32a_2_X_A2_sky130_fd_sc_hd__and2b_2_A_N/A_N (sky130_fd_sc_hd__and2b_2)
     2    0.004540    0.079845    0.532263    5.132926 v filter.y_out[0]_sky130_fd_sc_hd__dfrtp_2_Q_D_sky130_fd_sc_hd__xor2_2_X_A_sky130_fd_sc_hd__and3b_2_X_C_sky130_fd_sc_hd__a21o_2_X_B1_sky130_fd_sc_hd__a2bb2o_2_X_B1_sky130_fd_sc_hd__a2bb2o_2_X_B2_sky130_fd_sc_hd__o32a_2_X_A2_sky130_fd_sc_hd__and2b_2_A_N/X (sky130_fd_sc_hd__and2b_2)
                                                         filter.y_out[0]_sky130_fd_sc_hd__dfrtp_2_Q_D_sky130_fd_sc_hd__xor2_2_X_A_sky130_fd_sc_hd__and3b_2_X_C_sky130_fd_sc_hd__a21o_2_X_B1_sky130_fd_sc_hd__a2bb2o_2_X_B1_sky130_fd_sc_hd__a2bb2o_2_X_B1_sky130_fd_sc_hd__or3_2_X_C_sky130_fd_sc_hd__o21a_2_X_A1 (net)
                      0.079845    0.000000    5.132926 v filter.y_out[0]_sky130_fd_sc_hd__dfrtp_2_Q_D_sky130_fd_sc_hd__xor2_2_X_A_sky130_fd_sc_hd__and3b_2_X_C_sky130_fd_sc_hd__a21o_2_X_B1_sky130_fd_sc_hd__a2bb2o_2_X_B1_sky130_fd_sc_hd__a2bb2o_2_X_B1_sky130_fd_sc_hd__or3_2_X_C_sky130_fd_sc_hd__o21a_2_X_B1_sky130_fd_sc_hd__a221o_2_X/A1 (sky130_fd_sc_hd__a221o_2)
     1    0.002359    0.086327    0.642843    5.775768 v filter.y_out[0]_sky130_fd_sc_hd__dfrtp_2_Q_D_sky130_fd_sc_hd__xor2_2_X_A_sky130_fd_sc_hd__and3b_2_X_C_sky130_fd_sc_hd__a21o_2_X_B1_sky130_fd_sc_hd__a2bb2o_2_X_B1_sky130_fd_sc_hd__a2bb2o_2_X_B1_sky130_fd_sc_hd__or3_2_X_C_sky130_fd_sc_hd__o21a_2_X_B1_sky130_fd_sc_hd__a221o_2_X/X (sky130_fd_sc_hd__a221o_2)
                                                         filter.y_out[0]_sky130_fd_sc_hd__dfrtp_2_Q_D_sky130_fd_sc_hd__xor2_2_X_A_sky130_fd_sc_hd__and3b_2_X_C_sky130_fd_sc_hd__a21o_2_X_B1_sky130_fd_sc_hd__a2bb2o_2_X_B1_sky130_fd_sc_hd__a2bb2o_2_X_B1_sky130_fd_sc_hd__or3_2_X_C_sky130_fd_sc_hd__o21a_2_X_B1 (net)
                      0.086327    0.000000    5.775768 v filter.y_out[0]_sky130_fd_sc_hd__dfrtp_2_Q_D_sky130_fd_sc_hd__xor2_2_X_A_sky130_fd_sc_hd__and3b_2_X_C_sky130_fd_sc_hd__a21o_2_X_B1_sky130_fd_sc_hd__a2bb2o_2_X_B1_sky130_fd_sc_hd__a2bb2o_2_X_B1_sky130_fd_sc_hd__or3_2_X_C_sky130_fd_sc_hd__o21a_2_X/B1 (sky130_fd_sc_hd__o21a_2)
     2    0.005518    0.074873    0.231014    6.006782 v filter.y_out[0]_sky130_fd_sc_hd__dfrtp_2_Q_D_sky130_fd_sc_hd__xor2_2_X_A_sky130_fd_sc_hd__and3b_2_X_C_sky130_fd_sc_hd__a21o_2_X_B1_sky130_fd_sc_hd__a2bb2o_2_X_B1_sky130_fd_sc_hd__a2bb2o_2_X_B1_sky130_fd_sc_hd__or3_2_X_C_sky130_fd_sc_hd__o21a_2_X/X (sky130_fd_sc_hd__o21a_2)
                                                         filter.y_out[0]_sky130_fd_sc_hd__dfrtp_2_Q_D_sky130_fd_sc_hd__xor2_2_X_A_sky130_fd_sc_hd__and3b_2_X_C_sky130_fd_sc_hd__a21o_2_X_B1_sky130_fd_sc_hd__a2bb2o_2_X_B1_sky130_fd_sc_hd__a2bb2o_2_X_B1_sky130_fd_sc_hd__or3_2_X_C (net)
                      0.074873    0.000000    6.006782 v filter.y_out[0]_sky130_fd_sc_hd__dfrtp_2_Q_D_sky130_fd_sc_hd__xor2_2_X_A_sky130_fd_sc_hd__and3b_2_X_C_sky130_fd_sc_hd__a21o_2_X_B1_sky130_fd_sc_hd__a2bb2o_2_X_B1_sky130_fd_sc_hd__a2bb2o_2_X_B1_sky130_fd_sc_hd__or3_2_X/C (sky130_fd_sc_hd__or3_2)
     1    0.001639    0.152740    0.939160    6.945942 v filter.y_out[0]_sky130_fd_sc_hd__dfrtp_2_Q_D_sky130_fd_sc_hd__xor2_2_X_A_sky130_fd_sc_hd__and3b_2_X_C_sky130_fd_sc_hd__a21o_2_X_B1_sky130_fd_sc_hd__a2bb2o_2_X_B1_sky130_fd_sc_hd__a2bb2o_2_X_B1_sky130_fd_sc_hd__or3_2_X/X (sky130_fd_sc_hd__or3_2)
                                                         filter.y_out[0]_sky130_fd_sc_hd__dfrtp_2_Q_D_sky130_fd_sc_hd__xor2_2_X_A_sky130_fd_sc_hd__and3b_2_X_C_sky130_fd_sc_hd__a21o_2_X_B1_sky130_fd_sc_hd__a2bb2o_2_X_B1_sky130_fd_sc_hd__a2bb2o_2_X_B1 (net)
                      0.152740    0.000000    6.945942 v filter.y_out[0]_sky130_fd_sc_hd__dfrtp_2_Q_D_sky130_fd_sc_hd__xor2_2_X_A_sky130_fd_sc_hd__and3b_2_X_C_sky130_fd_sc_hd__a21o_2_X_B1_sky130_fd_sc_hd__a2bb2o_2_X_B1_sky130_fd_sc_hd__a2bb2o_2_X/B1 (sky130_fd_sc_hd__a2bb2o_2)
     1    0.001639    0.073010    0.521575    7.467517 v filter.y_out[0]_sky130_fd_sc_hd__dfrtp_2_Q_D_sky130_fd_sc_hd__xor2_2_X_A_sky130_fd_sc_hd__and3b_2_X_C_sky130_fd_sc_hd__a21o_2_X_B1_sky130_fd_sc_hd__a2bb2o_2_X_B1_sky130_fd_sc_hd__a2bb2o_2_X/X (sky130_fd_sc_hd__a2bb2o_2)
                                                         filter.y_out[0]_sky130_fd_sc_hd__dfrtp_2_Q_D_sky130_fd_sc_hd__xor2_2_X_A_sky130_fd_sc_hd__and3b_2_X_C_sky130_fd_sc_hd__a21o_2_X_B1_sky130_fd_sc_hd__a2bb2o_2_X_B1 (net)
                      0.073010    0.000000    7.467517 v filter.y_out[0]_sky130_fd_sc_hd__dfrtp_2_Q_D_sky130_fd_sc_hd__xor2_2_X_A_sky130_fd_sc_hd__and3b_2_X_C_sky130_fd_sc_hd__a21o_2_X_B1_sky130_fd_sc_hd__a2bb2o_2_X/B1 (sky130_fd_sc_hd__a2bb2o_2)
     1    0.002258    0.076720    0.492969    7.960487 v filter.y_out[0]_sky130_fd_sc_hd__dfrtp_2_Q_D_sky130_fd_sc_hd__xor2_2_X_A_sky130_fd_sc_hd__and3b_2_X_C_sky130_fd_sc_hd__a21o_2_X_B1_sky130_fd_sc_hd__a2bb2o_2_X/X (sky130_fd_sc_hd__a2bb2o_2)
                                                         filter.y_out[0]_sky130_fd_sc_hd__dfrtp_2_Q_D_sky130_fd_sc_hd__xor2_2_X_A_sky130_fd_sc_hd__and3b_2_X_C_sky130_fd_sc_hd__a21o_2_X_B1 (net)
                      0.076720    0.000000    7.960487 v filter.y_out[0]_sky130_fd_sc_hd__dfrtp_2_Q_D_sky130_fd_sc_hd__xor2_2_X_A_sky130_fd_sc_hd__and3b_2_X_C_sky130_fd_sc_hd__a21o_2_X/B1 (sky130_fd_sc_hd__a21o_2)
     1    0.001397    0.050390    0.324095    8.284582 v filter.y_out[0]_sky130_fd_sc_hd__dfrtp_2_Q_D_sky130_fd_sc_hd__xor2_2_X_A_sky130_fd_sc_hd__and3b_2_X_C_sky130_fd_sc_hd__a21o_2_X/X (sky130_fd_sc_hd__a21o_2)
                                                         filter.y_out[0]_sky130_fd_sc_hd__dfrtp_2_Q_D_sky130_fd_sc_hd__xor2_2_X_A_sky130_fd_sc_hd__and3b_2_X_C (net)
                      0.050390    0.000000    8.284582 v filter.y_out[0]_sky130_fd_sc_hd__dfrtp_2_Q_D_sky130_fd_sc_hd__xor2_2_X_A_sky130_fd_sc_hd__and3b_2_X/C (sky130_fd_sc_hd__and3b_2)
     2    0.010450    0.109277    0.470405    8.754987 v filter.y_out[0]_sky130_fd_sc_hd__dfrtp_2_Q_D_sky130_fd_sc_hd__xor2_2_X_A_sky130_fd_sc_hd__and3b_2_X/X (sky130_fd_sc_hd__and3b_2)
                                                         filter.y_out[0]_sky130_fd_sc_hd__dfrtp_2_Q_D_sky130_fd_sc_hd__xor2_2_X_A (net)
                      0.109277    0.000000    8.754987 v filter.y_out[1]_sky130_fd_sc_hd__dfrtp_2_Q_D_sky130_fd_sc_hd__xor2_2_X_A_sky130_fd_sc_hd__a2bb2o_2_X/B2 (sky130_fd_sc_hd__a2bb2o_2)
     3    0.013396    0.132740    0.555339    9.310327 v filter.y_out[1]_sky130_fd_sc_hd__dfrtp_2_Q_D_sky130_fd_sc_hd__xor2_2_X_A_sky130_fd_sc_hd__a2bb2o_2_X/X (sky130_fd_sc_hd__a2bb2o_2)
                                                         filter.y_out[1]_sky130_fd_sc_hd__dfrtp_2_Q_D_sky130_fd_sc_hd__xor2_2_X_A (net)
                      0.132740    0.000000    9.310327 v filter.y_out[2]_sky130_fd_sc_hd__dfrtp_2_Q_D_sky130_fd_sc_hd__xor2_2_X_A_sky130_fd_sc_hd__a31o_2_A3/A1 (sky130_fd_sc_hd__a31o_2)
     3    0.004104    0.070960    0.403285    9.713612 v filter.y_out[2]_sky130_fd_sc_hd__dfrtp_2_Q_D_sky130_fd_sc_hd__xor2_2_X_A_sky130_fd_sc_hd__a31o_2_A3/X (sky130_fd_sc_hd__a31o_2)
                                                         filter.y_out[3]_sky130_fd_sc_hd__dfrtp_2_Q_D_sky130_fd_sc_hd__nor2_2_Y_A_sky130_fd_sc_hd__and2b_2_X_B (net)
                      0.070960    0.000000    9.713612 v filter.y_out[3]_sky130_fd_sc_hd__dfrtp_2_Q_D_sky130_fd_sc_hd__nor2_2_Y_A_sky130_fd_sc_hd__and2b_2_X/B (sky130_fd_sc_hd__and2b_2)
     2    0.008427    0.097442    0.435934   10.149546 v filter.y_out[3]_sky130_fd_sc_hd__dfrtp_2_Q_D_sky130_fd_sc_hd__nor2_2_Y_A_sky130_fd_sc_hd__and2b_2_X/X (sky130_fd_sc_hd__and2b_2)
                                                         filter.y_out[3]_sky130_fd_sc_hd__dfrtp_2_Q_D_sky130_fd_sc_hd__nor2_2_Y_A (net)
                      0.097442    0.000000   10.149546 v filter.y_out[3]_sky130_fd_sc_hd__dfrtp_2_Q_D_sky130_fd_sc_hd__nor2_2_Y/A (sky130_fd_sc_hd__nor2_2)
     1    0.001853    0.087749    0.155936   10.305481 ^ filter.y_out[3]_sky130_fd_sc_hd__dfrtp_2_Q_D_sky130_fd_sc_hd__nor2_2_Y/Y (sky130_fd_sc_hd__nor2_2)
                                                         filter.y_out[3]_sky130_fd_sc_hd__dfrtp_2_Q_D (net)
                      0.087749    0.000000   10.305481 ^ filter.y_out[3]_sky130_fd_sc_hd__dfrtp_2_Q/D (sky130_fd_sc_hd__dfrtp_2)
                                             10.305481   data arrival time

                      0.150000   30.000000   30.000000   clock clk (rise edge)
                                  0.000000   30.000000   clock network delay (ideal)
                                 -0.250000   29.750000   clock uncertainty
                                  0.000000   29.750000   clock reconvergence pessimism
                                             29.750000 ^ filter.y_out[3]_sky130_fd_sc_hd__dfrtp_2_Q/CLK (sky130_fd_sc_hd__dfrtp_2)
                                 -0.128747   29.621254   library setup time
                                             29.621254   data required time
---------------------------------------------------------------------------------------------
                                             29.621254   data required time
                                            -10.305481   data arrival time
---------------------------------------------------------------------------------------------
                                             19.315773   slack (MET)


Startpoint: spi_clk (input port clocked by clk)
Endpoint: spi_out.bit_cnt[4]_sky130_fd_sc_hd__dfrtp_2_Q
          (rising edge-triggered flip-flop clocked by clk)
Path Group: clk
Path Type: max

Fanout         Cap        Slew       Delay        Time   Description
---------------------------------------------------------------------------------------------
                      0.150000    0.000000    0.000000   clock clk (rise edge)
                                  0.000000    0.000000   clock network delay (ideal)
                                  6.000000    6.000000 v input external delay
     3    0.004369    0.025475    0.014132    6.014132 v spi_clk (in)
                                                         spi_clk (net)
                      0.025475    0.000000    6.014132 v spi_clk_sky130_fd_sc_hd__or3b_2_A/A (sky130_fd_sc_hd__or3b_2)
     1    0.004670    0.178018    1.077791    7.091923 v spi_clk_sky130_fd_sc_hd__or3b_2_A/X (sky130_fd_sc_hd__or3b_2)
                                                         spi_clk_sky130_fd_sc_hd__or3b_2_A_X (net)
                      0.178018    0.000000    7.091923 v spi_sel_sky130_fd_sc_hd__a21oi_2_B1/A2 (sky130_fd_sc_hd__a21oi_2)
    19    0.064009    1.229145    1.037039    8.128962 ^ spi_sel_sky130_fd_sc_hd__a21oi_2_B1/Y (sky130_fd_sc_hd__a21oi_2)
                                                         spi_sel_sky130_fd_sc_hd__a21oi_2_B1_Y (net)
                      1.229145    0.000000    8.128962 ^ spi_out.bit_cnt[1]_sky130_fd_sc_hd__and3_2_A/C (sky130_fd_sc_hd__and3_2)
     4    0.019696    0.214468    0.805573    8.934534 ^ spi_out.bit_cnt[1]_sky130_fd_sc_hd__and3_2_A/X (sky130_fd_sc_hd__and3_2)
                                                         spi_out.bit_cnt[1]_sky130_fd_sc_hd__and3_2_A_X (net)
                      0.214468    0.000000    8.934534 ^ spi_out.bit_cnt[3]_sky130_fd_sc_hd__and3_2_A/C (sky130_fd_sc_hd__and3_2)
     2    0.007941    0.121364    0.450135    9.384669 ^ spi_out.bit_cnt[3]_sky130_fd_sc_hd__and3_2_A/X (sky130_fd_sc_hd__and3_2)
                                                         spi_out.bit_cnt[3]_sky130_fd_sc_hd__and3_2_A_X (net)
                      0.121364    0.000000    9.384669 ^ spi_out.bit_cnt[4]_sky130_fd_sc_hd__dfrtp_2_Q_D_sky130_fd_sc_hd__mux2_1_X/S (sky130_fd_sc_hd__mux2_1)
     1    0.001838    0.102909    0.696271   10.080941 v spi_out.bit_cnt[4]_sky130_fd_sc_hd__dfrtp_2_Q_D_sky130_fd_sc_hd__mux2_1_X/X (sky130_fd_sc_hd__mux2_1)
                                                         spi_out.bit_cnt[4]_sky130_fd_sc_hd__dfrtp_2_Q_D (net)
                      0.102909    0.000000   10.080941 v spi_out.bit_cnt[4]_sky130_fd_sc_hd__dfrtp_2_Q/D (sky130_fd_sc_hd__dfrtp_2)
                                             10.080941   data arrival time

                      0.150000   30.000000   30.000000   clock clk (rise edge)
                                  0.000000   30.000000   clock network delay (ideal)
                                 -0.250000   29.750000   clock uncertainty
                                  0.000000   29.750000   clock reconvergence pessimism
                                             29.750000 ^ spi_out.bit_cnt[4]_sky130_fd_sc_hd__dfrtp_2_Q/CLK (sky130_fd_sc_hd__dfrtp_2)
                                 -0.269018   29.480982   library setup time
                                             29.480982   data required time
---------------------------------------------------------------------------------------------
                                             29.480982   data required time
                                            -10.080941   data arrival time
---------------------------------------------------------------------------------------------
                                             19.400042   slack (MET)


Startpoint: filter.y_out[2]_sky130_fd_sc_hd__dfrtp_2_Q
            (rising edge-triggered flip-flop clocked by clk)
Endpoint: filter.y_out[2]_sky130_fd_sc_hd__dfrtp_2_Q
          (rising edge-triggered flip-flop clocked by clk)
Path Group: clk
Path Type: max

Fanout         Cap        Slew       Delay        Time   Description
---------------------------------------------------------------------------------------------
                      0.150000    0.000000    0.000000   clock clk (rise edge)
                                  0.000000    0.000000   clock network delay (ideal)
                      0.150000    0.000000    0.000000 ^ filter.y_out[2]_sky130_fd_sc_hd__dfrtp_2_Q/CLK (sky130_fd_sc_hd__dfrtp_2)
     6    0.026539    0.182147    0.966114    0.966114 v filter.y_out[2]_sky130_fd_sc_hd__dfrtp_2_Q/Q (sky130_fd_sc_hd__dfrtp_2)
                                                         filter.y_out[2] (net)
                      0.182147    0.000000    0.966114 v filter.y_out[2]_sky130_fd_sc_hd__xor2_2_A/A (sky130_fd_sc_hd__xor2_2)
     4    0.022484    0.480097    0.519794    1.485909 ^ filter.y_out[2]_sky130_fd_sc_hd__xor2_2_A/X (sky130_fd_sc_hd__xor2_2)
                                                         filter.x_in[2]_sky130_fd_sc_hd__inv_2_A_Y_sky130_fd_sc_hd__o2bb2ai_2_B2_A2_N_sky130_fd_sc_hd__a21o_2_B1_A2 (net)
                      0.480097    0.000000    1.485909 ^ filter.y_out[1]_sky130_fd_sc_hd__xor2_2_A/B (sky130_fd_sc_hd__xor2_2)
    10    0.033390    0.343085    0.468952    1.954861 v filter.y_out[1]_sky130_fd_sc_hd__xor2_2_A/X (sky130_fd_sc_hd__xor2_2)
                                                         filter.y_out[1]_sky130_fd_sc_hd__xor2_2_A_X (net)
                      0.343085    0.000000    1.954861 v filter.x_in[10]_sky130_fd_sc_hd__or2_2_A_B_sky130_fd_sc_hd__xor2_2_X_B_sky130_fd_sc_hd__a31o_2_X_A3_sky130_fd_sc_hd__xnor2_2_Y_A_sky130_fd_sc_hd__o21ai_2_B1_Y_sky130_fd_sc_hd__xnor2_2_A_B_sky130_fd_sc_hd__and3_2_X_B_sky130_fd_sc_hd__or3_2_X/B (sky130_fd_sc_hd__or3_2)
     5    0.011500    0.222028    1.244183    3.199044 v filter.x_in[10]_sky130_fd_sc_hd__or2_2_A_B_sky130_fd_sc_hd__xor2_2_X_B_sky130_fd_sc_hd__a31o_2_X_A3_sky130_fd_sc_hd__xnor2_2_Y_A_sky130_fd_sc_hd__o21ai_2_B1_Y_sky130_fd_sc_hd__xnor2_2_A_B_sky130_fd_sc_hd__and3_2_X_B_sky130_fd_sc_hd__or3_2_X/X (sky130_fd_sc_hd__or3_2)
                                                         filter.x_in[10]_sky130_fd_sc_hd__or2_2_A_B_sky130_fd_sc_hd__xor2_2_X_B_sky130_fd_sc_hd__a31o_2_X_A3_sky130_fd_sc_hd__xnor2_2_Y_A_sky130_fd_sc_hd__o21ai_2_B1_Y_sky130_fd_sc_hd__xnor2_2_A_B_sky130_fd_sc_hd__and3_2_X_B (net)
                      0.222028    0.000000    3.199044 v filter.x_in[10]_sky130_fd_sc_hd__or2_2_A_B_sky130_fd_sc_hd__xor2_2_X_B_sky130_fd_sc_hd__a31o_2_X_A3_sky130_fd_sc_hd__xnor2_2_Y_A_sky130_fd_sc_hd__o21ai_2_B1_Y_sky130_fd_sc_hd__xnor2_2_A_B_sky130_fd_sc_hd__and3_2_X/B (sky130_fd_sc_hd__and3_2)
     3    0.010965    0.111725    0.526806    3.725850 v filter.x_in[10]_sky130_fd_sc_hd__or2_2_A_B_sky130_fd_sc_hd__xor2_2_X_B_sky130_fd_sc_hd__a31o_2_X_A3_sky130_fd_sc_hd__xnor2_2_Y_A_sky130_fd_sc_hd__o21ai_2_B1_Y_sky130_fd_sc_hd__xnor2_2_A_B_sky130_fd_sc_hd__and3_2_X/X (sky130_fd_sc_hd__and3_2)
                                                         filter.x_in[10]_sky130_fd_sc_hd__or2_2_A_B_sky130_fd_sc_hd__xor2_2_X_B_sky130_fd_sc_hd__a31o_2_X_A3_sky130_fd_sc_hd__xnor2_2_Y_A_sky130_fd_sc_hd__o21ai_2_B1_Y_sky130_fd_sc_hd__xnor2_2_A_B (net)
                      0.111725    0.000000    3.725850 v filter.y_out[0]_sky130_fd_sc_hd__dfrtp_2_Q_D_sky130_fd_sc_hd__xor2_2_X_A_sky130_fd_sc_hd__and3b_2_X_C_sky130_fd_sc_hd__a21o_2_X_B1_sky130_fd_sc_hd__a2bb2o_2_X_A1_N_sky130_fd_sc_hd__o2bb2a_2_X_A1_N_sky130_fd_sc_hd__a32o_2_X_A2_sky130_fd_sc_hd__and4_2_B/C (sky130_fd_sc_hd__and4_2)
     4    0.013318    0.125069    0.543343    4.269193 v filter.y_out[0]_sky130_fd_sc_hd__dfrtp_2_Q_D_sky130_fd_sc_hd__xor2_2_X_A_sky130_fd_sc_hd__and3b_2_X_C_sky130_fd_sc_hd__a21o_2_X_B1_sky130_fd_sc_hd__a2bb2o_2_X_A1_N_sky130_fd_sc_hd__o2bb2a_2_X_A1_N_sky130_fd_sc_hd__a32o_2_X_A2_sky130_fd_sc_hd__and4_2_B/X (sky130_fd_sc_hd__and4_2)
                                                         filter.y_out[0]_sky130_fd_sc_hd__dfrtp_2_Q_D_sky130_fd_sc_hd__xor2_2_X_A_sky130_fd_sc_hd__and3b_2_X_C_sky130_fd_sc_hd__a21o_2_X_B1_sky130_fd_sc_hd__a2bb2o_2_X_A1_N_sky130_fd_sc_hd__o2bb2a_2_X_A1_N_sky130_fd_sc_hd__a32o_2_X_A2_sky130_fd_sc_hd__and4_2_B_X (net)
                      0.125069    0.000000    4.269193 v filter.y_out[0]_sky130_fd_sc_hd__dfrtp_2_Q_D_sky130_fd_sc_hd__xor2_2_X_A_sky130_fd_sc_hd__and3b_2_X_C_sky130_fd_sc_hd__a21o_2_X_B1_sky130_fd_sc_hd__a2bb2o_2_X_B1_sky130_fd_sc_hd__a2bb2o_2_X_B2_sky130_fd_sc_hd__o32a_2_X_A2_sky130_fd_sc_hd__nor3_2_Y/B (sky130_fd_sc_hd__nor3_2)
     3    0.006513    0.283189    0.331470    4.600663 ^ filter.y_out[0]_sky130_fd_sc_hd__dfrtp_2_Q_D_sky130_fd_sc_hd__xor2_2_X_A_sky130_fd_sc_hd__and3b_2_X_C_sky130_fd_sc_hd__a21o_2_X_B1_sky130_fd_sc_hd__a2bb2o_2_X_B1_sky130_fd_sc_hd__a2bb2o_2_X_B2_sky130_fd_sc_hd__o32a_2_X_A2_sky130_fd_sc_hd__nor3_2_Y/Y (sky130_fd_sc_hd__nor3_2)
                                                         filter.y_out[0]_sky130_fd_sc_hd__dfrtp_2_Q_D_sky130_fd_sc_hd__xor2_2_X_A_sky130_fd_sc_hd__and3b_2_X_C_sky130_fd_sc_hd__a21o_2_X_B1_sky130_fd_sc_hd__a2bb2o_2_X_B1_sky130_fd_sc_hd__a2bb2o_2_X_B2_sky130_fd_sc_hd__o32a_2_X_A2 (net)
                      0.283189    0.000000    4.600663 ^ filter.y_out[0]_sky130_fd_sc_hd__dfrtp_2_Q_D_sky130_fd_sc_hd__xor2_2_X_A_sky130_fd_sc_hd__and3b_2_X_C_sky130_fd_sc_hd__a21o_2_X_B1_sky130_fd_sc_hd__a2bb2o_2_X_B1_sky130_fd_sc_hd__a2bb2o_2_X_B2_sky130_fd_sc_hd__o32a_2_X_A2_sky130_fd_sc_hd__and2b_2_A_N/A_N (sky130_fd_sc_hd__and2b_2)
     2    0.004540    0.079845    0.532263    5.132926 v filter.y_out[0]_sky130_fd_sc_hd__dfrtp_2_Q_D_sky130_fd_sc_hd__xor2_2_X_A_sky130_fd_sc_hd__and3b_2_X_C_sky130_fd_sc_hd__a21o_2_X_B1_sky130_fd_sc_hd__a2bb2o_2_X_B1_sky130_fd_sc_hd__a2bb2o_2_X_B2_sky130_fd_sc_hd__o32a_2_X_A2_sky130_fd_sc_hd__and2b_2_A_N/X (sky130_fd_sc_hd__and2b_2)
                                                         filter.y_out[0]_sky130_fd_sc_hd__dfrtp_2_Q_D_sky130_fd_sc_hd__xor2_2_X_A_sky130_fd_sc_hd__and3b_2_X_C_sky130_fd_sc_hd__a21o_2_X_B1_sky130_fd_sc_hd__a2bb2o_2_X_B1_sky130_fd_sc_hd__a2bb2o_2_X_B1_sky130_fd_sc_hd__or3_2_X_C_sky130_fd_sc_hd__o21a_2_X_A1 (net)
                      0.079845    0.000000    5.132926 v filter.y_out[0]_sky130_fd_sc_hd__dfrtp_2_Q_D_sky130_fd_sc_hd__xor2_2_X_A_sky130_fd_sc_hd__and3b_2_X_C_sky130_fd_sc_hd__a21o_2_X_B1_sky130_fd_sc_hd__a2bb2o_2_X_B1_sky130_fd_sc_hd__a2bb2o_2_X_B1_sky130_fd_sc_hd__or3_2_X_C_sky130_fd_sc_hd__o21a_2_X_B1_sky130_fd_sc_hd__a221o_2_X/A1 (sky130_fd_sc_hd__a221o_2)
     1    0.002359    0.086327    0.642843    5.775768 v filter.y_out[0]_sky130_fd_sc_hd__dfrtp_2_Q_D_sky130_fd_sc_hd__xor2_2_X_A_sky130_fd_sc_hd__and3b_2_X_C_sky130_fd_sc_hd__a21o_2_X_B1_sky130_fd_sc_hd__a2bb2o_2_X_B1_sky130_fd_sc_hd__a2bb2o_2_X_B1_sky130_fd_sc_hd__or3_2_X_C_sky130_fd_sc_hd__o21a_2_X_B1_sky130_fd_sc_hd__a221o_2_X/X (sky130_fd_sc_hd__a221o_2)
                                                         filter.y_out[0]_sky130_fd_sc_hd__dfrtp_2_Q_D_sky130_fd_sc_hd__xor2_2_X_A_sky130_fd_sc_hd__and3b_2_X_C_sky130_fd_sc_hd__a21o_2_X_B1_sky130_fd_sc_hd__a2bb2o_2_X_B1_sky130_fd_sc_hd__a2bb2o_2_X_B1_sky130_fd_sc_hd__or3_2_X_C_sky130_fd_sc_hd__o21a_2_X_B1 (net)
                      0.086327    0.000000    5.775768 v filter.y_out[0]_sky130_fd_sc_hd__dfrtp_2_Q_D_sky130_fd_sc_hd__xor2_2_X_A_sky130_fd_sc_hd__and3b_2_X_C_sky130_fd_sc_hd__a21o_2_X_B1_sky130_fd_sc_hd__a2bb2o_2_X_B1_sky130_fd_sc_hd__a2bb2o_2_X_B1_sky130_fd_sc_hd__or3_2_X_C_sky130_fd_sc_hd__o21a_2_X/B1 (sky130_fd_sc_hd__o21a_2)
     2    0.005518    0.074873    0.231014    6.006782 v filter.y_out[0]_sky130_fd_sc_hd__dfrtp_2_Q_D_sky130_fd_sc_hd__xor2_2_X_A_sky130_fd_sc_hd__and3b_2_X_C_sky130_fd_sc_hd__a21o_2_X_B1_sky130_fd_sc_hd__a2bb2o_2_X_B1_sky130_fd_sc_hd__a2bb2o_2_X_B1_sky130_fd_sc_hd__or3_2_X_C_sky130_fd_sc_hd__o21a_2_X/X (sky130_fd_sc_hd__o21a_2)
                                                         filter.y_out[0]_sky130_fd_sc_hd__dfrtp_2_Q_D_sky130_fd_sc_hd__xor2_2_X_A_sky130_fd_sc_hd__and3b_2_X_C_sky130_fd_sc_hd__a21o_2_X_B1_sky130_fd_sc_hd__a2bb2o_2_X_B1_sky130_fd_sc_hd__a2bb2o_2_X_B1_sky130_fd_sc_hd__or3_2_X_C (net)
                      0.074873    0.000000    6.006782 v filter.y_out[0]_sky130_fd_sc_hd__dfrtp_2_Q_D_sky130_fd_sc_hd__xor2_2_X_A_sky130_fd_sc_hd__and3b_2_X_C_sky130_fd_sc_hd__a21o_2_X_B1_sky130_fd_sc_hd__a2bb2o_2_X_B1_sky130_fd_sc_hd__a2bb2o_2_X_B1_sky130_fd_sc_hd__or3_2_X/C (sky130_fd_sc_hd__or3_2)
     1    0.001639    0.152740    0.939160    6.945942 v filter.y_out[0]_sky130_fd_sc_hd__dfrtp_2_Q_D_sky130_fd_sc_hd__xor2_2_X_A_sky130_fd_sc_hd__and3b_2_X_C_sky130_fd_sc_hd__a21o_2_X_B1_sky130_fd_sc_hd__a2bb2o_2_X_B1_sky130_fd_sc_hd__a2bb2o_2_X_B1_sky130_fd_sc_hd__or3_2_X/X (sky130_fd_sc_hd__or3_2)
                                                         filter.y_out[0]_sky130_fd_sc_hd__dfrtp_2_Q_D_sky130_fd_sc_hd__xor2_2_X_A_sky130_fd_sc_hd__and3b_2_X_C_sky130_fd_sc_hd__a21o_2_X_B1_sky130_fd_sc_hd__a2bb2o_2_X_B1_sky130_fd_sc_hd__a2bb2o_2_X_B1 (net)
                      0.152740    0.000000    6.945942 v filter.y_out[0]_sky130_fd_sc_hd__dfrtp_2_Q_D_sky130_fd_sc_hd__xor2_2_X_A_sky130_fd_sc_hd__and3b_2_X_C_sky130_fd_sc_hd__a21o_2_X_B1_sky130_fd_sc_hd__a2bb2o_2_X_B1_sky130_fd_sc_hd__a2bb2o_2_X/B1 (sky130_fd_sc_hd__a2bb2o_2)
     1    0.001639    0.073010    0.521575    7.467517 v filter.y_out[0]_sky130_fd_sc_hd__dfrtp_2_Q_D_sky130_fd_sc_hd__xor2_2_X_A_sky130_fd_sc_hd__and3b_2_X_C_sky130_fd_sc_hd__a21o_2_X_B1_sky130_fd_sc_hd__a2bb2o_2_X_B1_sky130_fd_sc_hd__a2bb2o_2_X/X (sky130_fd_sc_hd__a2bb2o_2)
                                                         filter.y_out[0]_sky130_fd_sc_hd__dfrtp_2_Q_D_sky130_fd_sc_hd__xor2_2_X_A_sky130_fd_sc_hd__and3b_2_X_C_sky130_fd_sc_hd__a21o_2_X_B1_sky130_fd_sc_hd__a2bb2o_2_X_B1 (net)
                      0.073010    0.000000    7.467517 v filter.y_out[0]_sky130_fd_sc_hd__dfrtp_2_Q_D_sky130_fd_sc_hd__xor2_2_X_A_sky130_fd_sc_hd__and3b_2_X_C_sky130_fd_sc_hd__a21o_2_X_B1_sky130_fd_sc_hd__a2bb2o_2_X/B1 (sky130_fd_sc_hd__a2bb2o_2)
     1    0.002258    0.076720    0.492969    7.960487 v filter.y_out[0]_sky130_fd_sc_hd__dfrtp_2_Q_D_sky130_fd_sc_hd__xor2_2_X_A_sky130_fd_sc_hd__and3b_2_X_C_sky130_fd_sc_hd__a21o_2_X_B1_sky130_fd_sc_hd__a2bb2o_2_X/X (sky130_fd_sc_hd__a2bb2o_2)
                                                         filter.y_out[0]_sky130_fd_sc_hd__dfrtp_2_Q_D_sky130_fd_sc_hd__xor2_2_X_A_sky130_fd_sc_hd__and3b_2_X_C_sky130_fd_sc_hd__a21o_2_X_B1 (net)
                      0.076720    0.000000    7.960487 v filter.y_out[0]_sky130_fd_sc_hd__dfrtp_2_Q_D_sky130_fd_sc_hd__xor2_2_X_A_sky130_fd_sc_hd__and3b_2_X_C_sky130_fd_sc_hd__a21o_2_X/B1 (sky130_fd_sc_hd__a21o_2)
     1    0.001397    0.050390    0.324095    8.284582 v filter.y_out[0]_sky130_fd_sc_hd__dfrtp_2_Q_D_sky130_fd_sc_hd__xor2_2_X_A_sky130_fd_sc_hd__and3b_2_X_C_sky130_fd_sc_hd__a21o_2_X/X (sky130_fd_sc_hd__a21o_2)
                                                         filter.y_out[0]_sky130_fd_sc_hd__dfrtp_2_Q_D_sky130_fd_sc_hd__xor2_2_X_A_sky130_fd_sc_hd__and3b_2_X_C (net)
                      0.050390    0.000000    8.284582 v filter.y_out[0]_sky130_fd_sc_hd__dfrtp_2_Q_D_sky130_fd_sc_hd__xor2_2_X_A_sky130_fd_sc_hd__and3b_2_X/C (sky130_fd_sc_hd__and3b_2)
     2    0.010450    0.109277    0.470405    8.754987 v filter.y_out[0]_sky130_fd_sc_hd__dfrtp_2_Q_D_sky130_fd_sc_hd__xor2_2_X_A_sky130_fd_sc_hd__and3b_2_X/X (sky130_fd_sc_hd__and3b_2)
                                                         filter.y_out[0]_sky130_fd_sc_hd__dfrtp_2_Q_D_sky130_fd_sc_hd__xor2_2_X_A (net)
                      0.109277    0.000000    8.754987 v filter.y_out[1]_sky130_fd_sc_hd__dfrtp_2_Q_D_sky130_fd_sc_hd__xor2_2_X_A_sky130_fd_sc_hd__a2bb2o_2_X/B2 (sky130_fd_sc_hd__a2bb2o_2)
     3    0.013396    0.132740    0.555339    9.310327 v filter.y_out[1]_sky130_fd_sc_hd__dfrtp_2_Q_D_sky130_fd_sc_hd__xor2_2_X_A_sky130_fd_sc_hd__a2bb2o_2_X/X (sky130_fd_sc_hd__a2bb2o_2)
                                                         filter.y_out[1]_sky130_fd_sc_hd__dfrtp_2_Q_D_sky130_fd_sc_hd__xor2_2_X_A (net)
                      0.132740    0.000000    9.310327 v filter.y_out[2]_sky130_fd_sc_hd__dfrtp_2_Q_D_sky130_fd_sc_hd__xor2_2_X_B_sky130_fd_sc_hd__a21bo_2_X/A1 (sky130_fd_sc_hd__a21bo_2)
     1    0.008022    0.086476    0.409279    9.719604 v filter.y_out[2]_sky130_fd_sc_hd__dfrtp_2_Q_D_sky130_fd_sc_hd__xor2_2_X_B_sky130_fd_sc_hd__a21bo_2_X/X (sky130_fd_sc_hd__a21bo_2)
                                                         filter.y_out[2]_sky130_fd_sc_hd__dfrtp_2_Q_D_sky130_fd_sc_hd__xor2_2_X_B (net)
                      0.086476    0.000000    9.719604 v filter.y_out[2]_sky130_fd_sc_hd__dfrtp_2_Q_D_sky130_fd_sc_hd__xor2_2_X/B (sky130_fd_sc_hd__xor2_2)
     1    0.001838    0.080209    0.249103    9.968708 v filter.y_out[2]_sky130_fd_sc_hd__dfrtp_2_Q_D_sky130_fd_sc_hd__xor2_2_X/X (sky130_fd_sc_hd__xor2_2)
                                                         filter.y_out[2]_sky130_fd_sc_hd__dfrtp_2_Q_D (net)
                      0.080209    0.000000    9.968708 v filter.y_out[2]_sky130_fd_sc_hd__dfrtp_2_Q/D (sky130_fd_sc_hd__dfrtp_2)
                                              9.968708   data arrival time

                      0.150000   30.000000   30.000000   clock clk (rise edge)
                                  0.000000   30.000000   clock network delay (ideal)
                                 -0.250000   29.750000   clock uncertainty
                                  0.000000   29.750000   clock reconvergence pessimism
                                             29.750000 ^ filter.y_out[2]_sky130_fd_sc_hd__dfrtp_2_Q/CLK (sky130_fd_sc_hd__dfrtp_2)
                                 -0.259548   29.490454   library setup time
                                             29.490454   data required time
---------------------------------------------------------------------------------------------
                                             29.490454   data required time
                                             -9.968708   data arrival time
---------------------------------------------------------------------------------------------
                                             19.521746   slack (MET)


Startpoint: spi_sel (input port clocked by clk)
Endpoint: filter.x_in[0]_sky130_fd_sc_hd__dfrtp_2_Q
          (rising edge-triggered flip-flop clocked by clk)
Path Group: clk
Path Type: max

Fanout         Cap        Slew       Delay        Time   Description
---------------------------------------------------------------------------------------------
                      0.150000    0.000000    0.000000   clock clk (rise edge)
                                  0.000000    0.000000   clock network delay (ideal)
                                  6.000000    6.000000 v input external delay
     3    0.012671    0.059283    0.039348    6.039348 v spi_sel (in)
                                                         spi_sel (net)
                      0.059283    0.000000    6.039348 v spi_sel_sky130_fd_sc_hd__nor3b_2_A/A (sky130_fd_sc_hd__nor3b_2)
    18    0.065451    1.729031    1.431130    7.470478 ^ spi_sel_sky130_fd_sc_hd__nor3b_2_A/Y (sky130_fd_sc_hd__nor3b_2)
                                                         spi_sel_sky130_fd_sc_hd__nor3b_2_A_Y (net)
                      1.729031    0.000000    7.470478 ^ spi_in.bit_cnt[1]_sky130_fd_sc_hd__and3_2_A/C (sky130_fd_sc_hd__and3_2)
     4    0.016103    0.196483    0.900076    8.370553 ^ spi_in.bit_cnt[1]_sky130_fd_sc_hd__and3_2_A/X (sky130_fd_sc_hd__and3_2)
                                                         spi_in.bit_cnt[1]_sky130_fd_sc_hd__and3_2_A_X (net)
                      0.196483    0.000000    8.370553 ^ spi_in.bit_cnt[3]_sky130_fd_sc_hd__and3_2_A/C (sky130_fd_sc_hd__and3_2)
    18    0.060134    0.490852    0.758576    9.129129 ^ spi_in.bit_cnt[3]_sky130_fd_sc_hd__and3_2_A/X (sky130_fd_sc_hd__and3_2)
                                                         spi_in.bit_cnt[3]_sky130_fd_sc_hd__and3_2_A_X (net)
                      0.490852    0.000000    9.129129 ^ spi_mosi_sky130_fd_sc_hd__mux2_1_A1_1/S (sky130_fd_sc_hd__mux2_1)
     1    0.001838    0.102795    0.809893    9.939022 v spi_mosi_sky130_fd_sc_hd__mux2_1_A1_1/X (sky130_fd_sc_hd__mux2_1)
                                                         filter.x_in[0]_sky130_fd_sc_hd__dfrtp_2_Q_D (net)
                      0.102795    0.000000    9.939022 v filter.x_in[0]_sky130_fd_sc_hd__dfrtp_2_Q/D (sky130_fd_sc_hd__dfrtp_2)
                                              9.939022   data arrival time

                      0.150000   30.000000   30.000000   clock clk (rise edge)
                                  0.000000   30.000000   clock network delay (ideal)
                                 -0.250000   29.750000   clock uncertainty
                                  0.000000   29.750000   clock reconvergence pessimism
                                             29.750000 ^ filter.x_in[0]_sky130_fd_sc_hd__dfrtp_2_Q/CLK (sky130_fd_sc_hd__dfrtp_2)
                                 -0.268970   29.481030   library setup time
                                             29.481030   data required time
---------------------------------------------------------------------------------------------
                                             29.481030   data required time
                                             -9.939022   data arrival time
---------------------------------------------------------------------------------------------
                                             19.542007   slack (MET)


Startpoint: spi_sel (input port clocked by clk)
Endpoint: filter.x_in[10]_sky130_fd_sc_hd__dfrtp_2_Q
          (rising edge-triggered flip-flop clocked by clk)
Path Group: clk
Path Type: max

Fanout         Cap        Slew       Delay        Time   Description
---------------------------------------------------------------------------------------------
                      0.150000    0.000000    0.000000   clock clk (rise edge)
                                  0.000000    0.000000   clock network delay (ideal)
                                  6.000000    6.000000 v input external delay
     3    0.012671    0.059283    0.039348    6.039348 v spi_sel (in)
                                                         spi_sel (net)
                      0.059283    0.000000    6.039348 v spi_sel_sky130_fd_sc_hd__nor3b_2_A/A (sky130_fd_sc_hd__nor3b_2)
    18    0.065451    1.729031    1.431130    7.470478 ^ spi_sel_sky130_fd_sc_hd__nor3b_2_A/Y (sky130_fd_sc_hd__nor3b_2)
                                                         spi_sel_sky130_fd_sc_hd__nor3b_2_A_Y (net)
                      1.729031    0.000000    7.470478 ^ spi_in.bit_cnt[1]_sky130_fd_sc_hd__and3_2_A/C (sky130_fd_sc_hd__and3_2)
     4    0.016103    0.196483    0.900076    8.370553 ^ spi_in.bit_cnt[1]_sky130_fd_sc_hd__and3_2_A/X (sky130_fd_sc_hd__and3_2)
                                                         spi_in.bit_cnt[1]_sky130_fd_sc_hd__and3_2_A_X (net)
                      0.196483    0.000000    8.370553 ^ spi_in.bit_cnt[3]_sky130_fd_sc_hd__and3_2_A/C (sky130_fd_sc_hd__and3_2)
    18    0.060134    0.490852    0.758576    9.129129 ^ spi_in.bit_cnt[3]_sky130_fd_sc_hd__and3_2_A/X (sky130_fd_sc_hd__and3_2)
                                                         spi_in.bit_cnt[3]_sky130_fd_sc_hd__and3_2_A_X (net)
                      0.490852    0.000000    9.129129 ^ filter.x_in[10]_sky130_fd_sc_hd__mux2_1_A0/S (sky130_fd_sc_hd__mux2_1)
     1    0.001838    0.102795    0.809893    9.939022 v filter.x_in[10]_sky130_fd_sc_hd__mux2_1_A0/X (sky130_fd_sc_hd__mux2_1)
                                                         filter.x_in[10]_sky130_fd_sc_hd__dfrtp_2_Q_D (net)
                      0.102795    0.000000    9.939022 v filter.x_in[10]_sky130_fd_sc_hd__dfrtp_2_Q/D (sky130_fd_sc_hd__dfrtp_2)
                                              9.939022   data arrival time

                      0.150000   30.000000   30.000000   clock clk (rise edge)
                                  0.000000   30.000000   clock network delay (ideal)
                                 -0.250000   29.750000   clock uncertainty
                                  0.000000   29.750000   clock reconvergence pessimism
                                             29.750000 ^ filter.x_in[10]_sky130_fd_sc_hd__dfrtp_2_Q/CLK (sky130_fd_sc_hd__dfrtp_2)
                                 -0.268970   29.481030   library setup time
                                             29.481030   data required time
---------------------------------------------------------------------------------------------
                                             29.481030   data required time
                                             -9.939022   data arrival time
---------------------------------------------------------------------------------------------
                                             19.542007   slack (MET)


Startpoint: spi_sel (input port clocked by clk)
Endpoint: filter.x_in[11]_sky130_fd_sc_hd__dfrtp_2_Q
          (rising edge-triggered flip-flop clocked by clk)
Path Group: clk
Path Type: max

Fanout         Cap        Slew       Delay        Time   Description
---------------------------------------------------------------------------------------------
                      0.150000    0.000000    0.000000   clock clk (rise edge)
                                  0.000000    0.000000   clock network delay (ideal)
                                  6.000000    6.000000 v input external delay
     3    0.012671    0.059283    0.039348    6.039348 v spi_sel (in)
                                                         spi_sel (net)
                      0.059283    0.000000    6.039348 v spi_sel_sky130_fd_sc_hd__nor3b_2_A/A (sky130_fd_sc_hd__nor3b_2)
    18    0.065451    1.729031    1.431130    7.470478 ^ spi_sel_sky130_fd_sc_hd__nor3b_2_A/Y (sky130_fd_sc_hd__nor3b_2)
                                                         spi_sel_sky130_fd_sc_hd__nor3b_2_A_Y (net)
                      1.729031    0.000000    7.470478 ^ spi_in.bit_cnt[1]_sky130_fd_sc_hd__and3_2_A/C (sky130_fd_sc_hd__and3_2)
     4    0.016103    0.196483    0.900076    8.370553 ^ spi_in.bit_cnt[1]_sky130_fd_sc_hd__and3_2_A/X (sky130_fd_sc_hd__and3_2)
                                                         spi_in.bit_cnt[1]_sky130_fd_sc_hd__and3_2_A_X (net)
                      0.196483    0.000000    8.370553 ^ spi_in.bit_cnt[3]_sky130_fd_sc_hd__and3_2_A/C (sky130_fd_sc_hd__and3_2)
    18    0.060134    0.490852    0.758576    9.129129 ^ spi_in.bit_cnt[3]_sky130_fd_sc_hd__and3_2_A/X (sky130_fd_sc_hd__and3_2)
                                                         spi_in.bit_cnt[3]_sky130_fd_sc_hd__and3_2_A_X (net)
                      0.490852    0.000000    9.129129 ^ filter.x_in[11]_sky130_fd_sc_hd__mux2_1_A0/S (sky130_fd_sc_hd__mux2_1)
     1    0.001838    0.102795    0.809893    9.939022 v filter.x_in[11]_sky130_fd_sc_hd__mux2_1_A0/X (sky130_fd_sc_hd__mux2_1)
                                                         filter.x_in[11]_sky130_fd_sc_hd__dfrtp_2_Q_D (net)
                      0.102795    0.000000    9.939022 v filter.x_in[11]_sky130_fd_sc_hd__dfrtp_2_Q/D (sky130_fd_sc_hd__dfrtp_2)
                                              9.939022   data arrival time

                      0.150000   30.000000   30.000000   clock clk (rise edge)
                                  0.000000   30.000000   clock network delay (ideal)
                                 -0.250000   29.750000   clock uncertainty
                                  0.000000   29.750000   clock reconvergence pessimism
                                             29.750000 ^ filter.x_in[11]_sky130_fd_sc_hd__dfrtp_2_Q/CLK (sky130_fd_sc_hd__dfrtp_2)
                                 -0.268970   29.481030   library setup time
                                             29.481030   data required time
---------------------------------------------------------------------------------------------
                                             29.481030   data required time
                                             -9.939022   data arrival time
---------------------------------------------------------------------------------------------
                                             19.542007   slack (MET)


Startpoint: spi_sel (input port clocked by clk)
Endpoint: filter.x_in[12]_sky130_fd_sc_hd__dfrtp_2_Q
          (rising edge-triggered flip-flop clocked by clk)
Path Group: clk
Path Type: max

Fanout         Cap        Slew       Delay        Time   Description
---------------------------------------------------------------------------------------------
                      0.150000    0.000000    0.000000   clock clk (rise edge)
                                  0.000000    0.000000   clock network delay (ideal)
                                  6.000000    6.000000 v input external delay
     3    0.012671    0.059283    0.039348    6.039348 v spi_sel (in)
                                                         spi_sel (net)
                      0.059283    0.000000    6.039348 v spi_sel_sky130_fd_sc_hd__nor3b_2_A/A (sky130_fd_sc_hd__nor3b_2)
    18    0.065451    1.729031    1.431130    7.470478 ^ spi_sel_sky130_fd_sc_hd__nor3b_2_A/Y (sky130_fd_sc_hd__nor3b_2)
                                                         spi_sel_sky130_fd_sc_hd__nor3b_2_A_Y (net)
                      1.729031    0.000000    7.470478 ^ spi_in.bit_cnt[1]_sky130_fd_sc_hd__and3_2_A/C (sky130_fd_sc_hd__and3_2)
     4    0.016103    0.196483    0.900076    8.370553 ^ spi_in.bit_cnt[1]_sky130_fd_sc_hd__and3_2_A/X (sky130_fd_sc_hd__and3_2)
                                                         spi_in.bit_cnt[1]_sky130_fd_sc_hd__and3_2_A_X (net)
                      0.196483    0.000000    8.370553 ^ spi_in.bit_cnt[3]_sky130_fd_sc_hd__and3_2_A/C (sky130_fd_sc_hd__and3_2)
    18    0.060134    0.490852    0.758576    9.129129 ^ spi_in.bit_cnt[3]_sky130_fd_sc_hd__and3_2_A/X (sky130_fd_sc_hd__and3_2)
                                                         spi_in.bit_cnt[3]_sky130_fd_sc_hd__and3_2_A_X (net)
                      0.490852    0.000000    9.129129 ^ filter.x_in[12]_sky130_fd_sc_hd__mux2_1_A0/S (sky130_fd_sc_hd__mux2_1)
     1    0.001838    0.102795    0.809893    9.939022 v filter.x_in[12]_sky130_fd_sc_hd__mux2_1_A0/X (sky130_fd_sc_hd__mux2_1)
                                                         filter.x_in[12]_sky130_fd_sc_hd__dfrtp_2_Q_D (net)
                      0.102795    0.000000    9.939022 v filter.x_in[12]_sky130_fd_sc_hd__dfrtp_2_Q/D (sky130_fd_sc_hd__dfrtp_2)
                                              9.939022   data arrival time

                      0.150000   30.000000   30.000000   clock clk (rise edge)
                                  0.000000   30.000000   clock network delay (ideal)
                                 -0.250000   29.750000   clock uncertainty
                                  0.000000   29.750000   clock reconvergence pessimism
                                             29.750000 ^ filter.x_in[12]_sky130_fd_sc_hd__dfrtp_2_Q/CLK (sky130_fd_sc_hd__dfrtp_2)
                                 -0.268970   29.481030   library setup time
                                             29.481030   data required time
---------------------------------------------------------------------------------------------
                                             29.481030   data required time
                                             -9.939022   data arrival time
---------------------------------------------------------------------------------------------
                                             19.542007   slack (MET)


Startpoint: spi_sel (input port clocked by clk)
Endpoint: filter.x_in[13]_sky130_fd_sc_hd__dfrtp_2_Q
          (rising edge-triggered flip-flop clocked by clk)
Path Group: clk
Path Type: max

Fanout         Cap        Slew       Delay        Time   Description
---------------------------------------------------------------------------------------------
                      0.150000    0.000000    0.000000   clock clk (rise edge)
                                  0.000000    0.000000   clock network delay (ideal)
                                  6.000000    6.000000 v input external delay
     3    0.012671    0.059283    0.039348    6.039348 v spi_sel (in)
                                                         spi_sel (net)
                      0.059283    0.000000    6.039348 v spi_sel_sky130_fd_sc_hd__nor3b_2_A/A (sky130_fd_sc_hd__nor3b_2)
    18    0.065451    1.729031    1.431130    7.470478 ^ spi_sel_sky130_fd_sc_hd__nor3b_2_A/Y (sky130_fd_sc_hd__nor3b_2)
                                                         spi_sel_sky130_fd_sc_hd__nor3b_2_A_Y (net)
                      1.729031    0.000000    7.470478 ^ spi_in.bit_cnt[1]_sky130_fd_sc_hd__and3_2_A/C (sky130_fd_sc_hd__and3_2)
     4    0.016103    0.196483    0.900076    8.370553 ^ spi_in.bit_cnt[1]_sky130_fd_sc_hd__and3_2_A/X (sky130_fd_sc_hd__and3_2)
                                                         spi_in.bit_cnt[1]_sky130_fd_sc_hd__and3_2_A_X (net)
                      0.196483    0.000000    8.370553 ^ spi_in.bit_cnt[3]_sky130_fd_sc_hd__and3_2_A/C (sky130_fd_sc_hd__and3_2)
    18    0.060134    0.490852    0.758576    9.129129 ^ spi_in.bit_cnt[3]_sky130_fd_sc_hd__and3_2_A/X (sky130_fd_sc_hd__and3_2)
                                                         spi_in.bit_cnt[3]_sky130_fd_sc_hd__and3_2_A_X (net)
                      0.490852    0.000000    9.129129 ^ filter.x_in[13]_sky130_fd_sc_hd__mux2_1_A0/S (sky130_fd_sc_hd__mux2_1)
     1    0.001838    0.102795    0.809893    9.939022 v filter.x_in[13]_sky130_fd_sc_hd__mux2_1_A0/X (sky130_fd_sc_hd__mux2_1)
                                                         filter.x_in[13]_sky130_fd_sc_hd__dfrtp_2_Q_D (net)
                      0.102795    0.000000    9.939022 v filter.x_in[13]_sky130_fd_sc_hd__dfrtp_2_Q/D (sky130_fd_sc_hd__dfrtp_2)
                                              9.939022   data arrival time

                      0.150000   30.000000   30.000000   clock clk (rise edge)
                                  0.000000   30.000000   clock network delay (ideal)
                                 -0.250000   29.750000   clock uncertainty
                                  0.000000   29.750000   clock reconvergence pessimism
                                             29.750000 ^ filter.x_in[13]_sky130_fd_sc_hd__dfrtp_2_Q/CLK (sky130_fd_sc_hd__dfrtp_2)
                                 -0.268970   29.481030   library setup time
                                             29.481030   data required time
---------------------------------------------------------------------------------------------
                                             29.481030   data required time
                                             -9.939022   data arrival time
---------------------------------------------------------------------------------------------
                                             19.542007   slack (MET)


Startpoint: spi_sel (input port clocked by clk)
Endpoint: filter.x_in[14]_sky130_fd_sc_hd__dfrtp_2_Q
          (rising edge-triggered flip-flop clocked by clk)
Path Group: clk
Path Type: max

Fanout         Cap        Slew       Delay        Time   Description
---------------------------------------------------------------------------------------------
                      0.150000    0.000000    0.000000   clock clk (rise edge)
                                  0.000000    0.000000   clock network delay (ideal)
                                  6.000000    6.000000 v input external delay
     3    0.012671    0.059283    0.039348    6.039348 v spi_sel (in)
                                                         spi_sel (net)
                      0.059283    0.000000    6.039348 v spi_sel_sky130_fd_sc_hd__nor3b_2_A/A (sky130_fd_sc_hd__nor3b_2)
    18    0.065451    1.729031    1.431130    7.470478 ^ spi_sel_sky130_fd_sc_hd__nor3b_2_A/Y (sky130_fd_sc_hd__nor3b_2)
                                                         spi_sel_sky130_fd_sc_hd__nor3b_2_A_Y (net)
                      1.729031    0.000000    7.470478 ^ spi_in.bit_cnt[1]_sky130_fd_sc_hd__and3_2_A/C (sky130_fd_sc_hd__and3_2)
     4    0.016103    0.196483    0.900076    8.370553 ^ spi_in.bit_cnt[1]_sky130_fd_sc_hd__and3_2_A/X (sky130_fd_sc_hd__and3_2)
                                                         spi_in.bit_cnt[1]_sky130_fd_sc_hd__and3_2_A_X (net)
                      0.196483    0.000000    8.370553 ^ spi_in.bit_cnt[3]_sky130_fd_sc_hd__and3_2_A/C (sky130_fd_sc_hd__and3_2)
    18    0.060134    0.490852    0.758576    9.129129 ^ spi_in.bit_cnt[3]_sky130_fd_sc_hd__and3_2_A/X (sky130_fd_sc_hd__and3_2)
                                                         spi_in.bit_cnt[3]_sky130_fd_sc_hd__and3_2_A_X (net)
                      0.490852    0.000000    9.129129 ^ filter.x_in[14]_sky130_fd_sc_hd__mux2_1_A0/S (sky130_fd_sc_hd__mux2_1)
     1    0.001838    0.102795    0.809893    9.939022 v filter.x_in[14]_sky130_fd_sc_hd__mux2_1_A0/X (sky130_fd_sc_hd__mux2_1)
                                                         filter.x_in[14]_sky130_fd_sc_hd__dfrtp_2_Q_D (net)
                      0.102795    0.000000    9.939022 v filter.x_in[14]_sky130_fd_sc_hd__dfrtp_2_Q/D (sky130_fd_sc_hd__dfrtp_2)
                                              9.939022   data arrival time

                      0.150000   30.000000   30.000000   clock clk (rise edge)
                                  0.000000   30.000000   clock network delay (ideal)
                                 -0.250000   29.750000   clock uncertainty
                                  0.000000   29.750000   clock reconvergence pessimism
                                             29.750000 ^ filter.x_in[14]_sky130_fd_sc_hd__dfrtp_2_Q/CLK (sky130_fd_sc_hd__dfrtp_2)
                                 -0.268970   29.481030   library setup time
                                             29.481030   data required time
---------------------------------------------------------------------------------------------
                                             29.481030   data required time
                                             -9.939022   data arrival time
---------------------------------------------------------------------------------------------
                                             19.542007   slack (MET)


Startpoint: spi_sel (input port clocked by clk)
Endpoint: filter.x_in[15]_sky130_fd_sc_hd__dfrtp_2_Q
          (rising edge-triggered flip-flop clocked by clk)
Path Group: clk
Path Type: max

Fanout         Cap        Slew       Delay        Time   Description
---------------------------------------------------------------------------------------------
                      0.150000    0.000000    0.000000   clock clk (rise edge)
                                  0.000000    0.000000   clock network delay (ideal)
                                  6.000000    6.000000 v input external delay
     3    0.012671    0.059283    0.039348    6.039348 v spi_sel (in)
                                                         spi_sel (net)
                      0.059283    0.000000    6.039348 v spi_sel_sky130_fd_sc_hd__nor3b_2_A/A (sky130_fd_sc_hd__nor3b_2)
    18    0.065451    1.729031    1.431130    7.470478 ^ spi_sel_sky130_fd_sc_hd__nor3b_2_A/Y (sky130_fd_sc_hd__nor3b_2)
                                                         spi_sel_sky130_fd_sc_hd__nor3b_2_A_Y (net)
                      1.729031    0.000000    7.470478 ^ spi_in.bit_cnt[1]_sky130_fd_sc_hd__and3_2_A/C (sky130_fd_sc_hd__and3_2)
     4    0.016103    0.196483    0.900076    8.370553 ^ spi_in.bit_cnt[1]_sky130_fd_sc_hd__and3_2_A/X (sky130_fd_sc_hd__and3_2)
                                                         spi_in.bit_cnt[1]_sky130_fd_sc_hd__and3_2_A_X (net)
                      0.196483    0.000000    8.370553 ^ spi_in.bit_cnt[3]_sky130_fd_sc_hd__and3_2_A/C (sky130_fd_sc_hd__and3_2)
    18    0.060134    0.490852    0.758576    9.129129 ^ spi_in.bit_cnt[3]_sky130_fd_sc_hd__and3_2_A/X (sky130_fd_sc_hd__and3_2)
                                                         spi_in.bit_cnt[3]_sky130_fd_sc_hd__and3_2_A_X (net)
                      0.490852    0.000000    9.129129 ^ spi_in.shift_reg[14]_sky130_fd_sc_hd__mux2_1_A1/S (sky130_fd_sc_hd__mux2_1)
     1    0.001838    0.102795    0.809893    9.939022 v spi_in.shift_reg[14]_sky130_fd_sc_hd__mux2_1_A1/X (sky130_fd_sc_hd__mux2_1)
                                                         filter.x_in[15]_sky130_fd_sc_hd__dfrtp_2_Q_D (net)
                      0.102795    0.000000    9.939022 v filter.x_in[15]_sky130_fd_sc_hd__dfrtp_2_Q/D (sky130_fd_sc_hd__dfrtp_2)
                                              9.939022   data arrival time

                      0.150000   30.000000   30.000000   clock clk (rise edge)
                                  0.000000   30.000000   clock network delay (ideal)
                                 -0.250000   29.750000   clock uncertainty
                                  0.000000   29.750000   clock reconvergence pessimism
                                             29.750000 ^ filter.x_in[15]_sky130_fd_sc_hd__dfrtp_2_Q/CLK (sky130_fd_sc_hd__dfrtp_2)
                                 -0.268970   29.481030   library setup time
                                             29.481030   data required time
---------------------------------------------------------------------------------------------
                                             29.481030   data required time
                                             -9.939022   data arrival time
---------------------------------------------------------------------------------------------
                                             19.542007   slack (MET)


Startpoint: spi_sel (input port clocked by clk)
Endpoint: filter.x_in[1]_sky130_fd_sc_hd__dfrtp_2_Q
          (rising edge-triggered flip-flop clocked by clk)
Path Group: clk
Path Type: max

Fanout         Cap        Slew       Delay        Time   Description
---------------------------------------------------------------------------------------------
                      0.150000    0.000000    0.000000   clock clk (rise edge)
                                  0.000000    0.000000   clock network delay (ideal)
                                  6.000000    6.000000 v input external delay
     3    0.012671    0.059283    0.039348    6.039348 v spi_sel (in)
                                                         spi_sel (net)
                      0.059283    0.000000    6.039348 v spi_sel_sky130_fd_sc_hd__nor3b_2_A/A (sky130_fd_sc_hd__nor3b_2)
    18    0.065451    1.729031    1.431130    7.470478 ^ spi_sel_sky130_fd_sc_hd__nor3b_2_A/Y (sky130_fd_sc_hd__nor3b_2)
                                                         spi_sel_sky130_fd_sc_hd__nor3b_2_A_Y (net)
                      1.729031    0.000000    7.470478 ^ spi_in.bit_cnt[1]_sky130_fd_sc_hd__and3_2_A/C (sky130_fd_sc_hd__and3_2)
     4    0.016103    0.196483    0.900076    8.370553 ^ spi_in.bit_cnt[1]_sky130_fd_sc_hd__and3_2_A/X (sky130_fd_sc_hd__and3_2)
                                                         spi_in.bit_cnt[1]_sky130_fd_sc_hd__and3_2_A_X (net)
                      0.196483    0.000000    8.370553 ^ spi_in.bit_cnt[3]_sky130_fd_sc_hd__and3_2_A/C (sky130_fd_sc_hd__and3_2)
    18    0.060134    0.490852    0.758576    9.129129 ^ spi_in.bit_cnt[3]_sky130_fd_sc_hd__and3_2_A/X (sky130_fd_sc_hd__and3_2)
                                                         spi_in.bit_cnt[3]_sky130_fd_sc_hd__and3_2_A_X (net)
                      0.490852    0.000000    9.129129 ^ spi_in.shift_reg[0]_sky130_fd_sc_hd__mux2_1_A1/S (sky130_fd_sc_hd__mux2_1)
     1    0.001838    0.102795    0.809893    9.939022 v spi_in.shift_reg[0]_sky130_fd_sc_hd__mux2_1_A1/X (sky130_fd_sc_hd__mux2_1)
                                                         filter.x_in[1]_sky130_fd_sc_hd__dfrtp_2_Q_D (net)
                      0.102795    0.000000    9.939022 v filter.x_in[1]_sky130_fd_sc_hd__dfrtp_2_Q/D (sky130_fd_sc_hd__dfrtp_2)
                                              9.939022   data arrival time

                      0.150000   30.000000   30.000000   clock clk (rise edge)
                                  0.000000   30.000000   clock network delay (ideal)
                                 -0.250000   29.750000   clock uncertainty
                                  0.000000   29.750000   clock reconvergence pessimism
                                             29.750000 ^ filter.x_in[1]_sky130_fd_sc_hd__dfrtp_2_Q/CLK (sky130_fd_sc_hd__dfrtp_2)
                                 -0.268970   29.481030   library setup time
                                             29.481030   data required time
---------------------------------------------------------------------------------------------
                                             29.481030   data required time
                                             -9.939022   data arrival time
---------------------------------------------------------------------------------------------
                                             19.542007   slack (MET)


Startpoint: spi_sel (input port clocked by clk)
Endpoint: filter.x_in[2]_sky130_fd_sc_hd__dfrtp_2_Q
          (rising edge-triggered flip-flop clocked by clk)
Path Group: clk
Path Type: max

Fanout         Cap        Slew       Delay        Time   Description
---------------------------------------------------------------------------------------------
                      0.150000    0.000000    0.000000   clock clk (rise edge)
                                  0.000000    0.000000   clock network delay (ideal)
                                  6.000000    6.000000 v input external delay
     3    0.012671    0.059283    0.039348    6.039348 v spi_sel (in)
                                                         spi_sel (net)
                      0.059283    0.000000    6.039348 v spi_sel_sky130_fd_sc_hd__nor3b_2_A/A (sky130_fd_sc_hd__nor3b_2)
    18    0.065451    1.729031    1.431130    7.470478 ^ spi_sel_sky130_fd_sc_hd__nor3b_2_A/Y (sky130_fd_sc_hd__nor3b_2)
                                                         spi_sel_sky130_fd_sc_hd__nor3b_2_A_Y (net)
                      1.729031    0.000000    7.470478 ^ spi_in.bit_cnt[1]_sky130_fd_sc_hd__and3_2_A/C (sky130_fd_sc_hd__and3_2)
     4    0.016103    0.196483    0.900076    8.370553 ^ spi_in.bit_cnt[1]_sky130_fd_sc_hd__and3_2_A/X (sky130_fd_sc_hd__and3_2)
                                                         spi_in.bit_cnt[1]_sky130_fd_sc_hd__and3_2_A_X (net)
                      0.196483    0.000000    8.370553 ^ spi_in.bit_cnt[3]_sky130_fd_sc_hd__and3_2_A/C (sky130_fd_sc_hd__and3_2)
    18    0.060134    0.490852    0.758576    9.129129 ^ spi_in.bit_cnt[3]_sky130_fd_sc_hd__and3_2_A/X (sky130_fd_sc_hd__and3_2)
                                                         spi_in.bit_cnt[3]_sky130_fd_sc_hd__and3_2_A_X (net)
                      0.490852    0.000000    9.129129 ^ filter.x_in[2]_sky130_fd_sc_hd__mux2_1_A0/S (sky130_fd_sc_hd__mux2_1)
     1    0.001838    0.102795    0.809893    9.939022 v filter.x_in[2]_sky130_fd_sc_hd__mux2_1_A0/X (sky130_fd_sc_hd__mux2_1)
                                                         filter.x_in[2]_sky130_fd_sc_hd__dfrtp_2_Q_D (net)
                      0.102795    0.000000    9.939022 v filter.x_in[2]_sky130_fd_sc_hd__dfrtp_2_Q/D (sky130_fd_sc_hd__dfrtp_2)
                                              9.939022   data arrival time

                      0.150000   30.000000   30.000000   clock clk (rise edge)
                                  0.000000   30.000000   clock network delay (ideal)
                                 -0.250000   29.750000   clock uncertainty
                                  0.000000   29.750000   clock reconvergence pessimism
                                             29.750000 ^ filter.x_in[2]_sky130_fd_sc_hd__dfrtp_2_Q/CLK (sky130_fd_sc_hd__dfrtp_2)
                                 -0.268970   29.481030   library setup time
                                             29.481030   data required time
---------------------------------------------------------------------------------------------
                                             29.481030   data required time
                                             -9.939022   data arrival time
---------------------------------------------------------------------------------------------
                                             19.542007   slack (MET)


Startpoint: spi_sel (input port clocked by clk)
Endpoint: filter.x_in[3]_sky130_fd_sc_hd__dfrtp_2_Q
          (rising edge-triggered flip-flop clocked by clk)
Path Group: clk
Path Type: max

Fanout         Cap        Slew       Delay        Time   Description
---------------------------------------------------------------------------------------------
                      0.150000    0.000000    0.000000   clock clk (rise edge)
                                  0.000000    0.000000   clock network delay (ideal)
                                  6.000000    6.000000 v input external delay
     3    0.012671    0.059283    0.039348    6.039348 v spi_sel (in)
                                                         spi_sel (net)
                      0.059283    0.000000    6.039348 v spi_sel_sky130_fd_sc_hd__nor3b_2_A/A (sky130_fd_sc_hd__nor3b_2)
    18    0.065451    1.729031    1.431130    7.470478 ^ spi_sel_sky130_fd_sc_hd__nor3b_2_A/Y (sky130_fd_sc_hd__nor3b_2)
                                                         spi_sel_sky130_fd_sc_hd__nor3b_2_A_Y (net)
                      1.729031    0.000000    7.470478 ^ spi_in.bit_cnt[1]_sky130_fd_sc_hd__and3_2_A/C (sky130_fd_sc_hd__and3_2)
     4    0.016103    0.196483    0.900076    8.370553 ^ spi_in.bit_cnt[1]_sky130_fd_sc_hd__and3_2_A/X (sky130_fd_sc_hd__and3_2)
                                                         spi_in.bit_cnt[1]_sky130_fd_sc_hd__and3_2_A_X (net)
                      0.196483    0.000000    8.370553 ^ spi_in.bit_cnt[3]_sky130_fd_sc_hd__and3_2_A/C (sky130_fd_sc_hd__and3_2)
    18    0.060134    0.490852    0.758576    9.129129 ^ spi_in.bit_cnt[3]_sky130_fd_sc_hd__and3_2_A/X (sky130_fd_sc_hd__and3_2)
                                                         spi_in.bit_cnt[3]_sky130_fd_sc_hd__and3_2_A_X (net)
                      0.490852    0.000000    9.129129 ^ filter.x_in[3]_sky130_fd_sc_hd__mux2_1_A0/S (sky130_fd_sc_hd__mux2_1)
     1    0.001838    0.102795    0.809893    9.939022 v filter.x_in[3]_sky130_fd_sc_hd__mux2_1_A0/X (sky130_fd_sc_hd__mux2_1)
                                                         filter.x_in[3]_sky130_fd_sc_hd__dfrtp_2_Q_D (net)
                      0.102795    0.000000    9.939022 v filter.x_in[3]_sky130_fd_sc_hd__dfrtp_2_Q/D (sky130_fd_sc_hd__dfrtp_2)
                                              9.939022   data arrival time

                      0.150000   30.000000   30.000000   clock clk (rise edge)
                                  0.000000   30.000000   clock network delay (ideal)
                                 -0.250000   29.750000   clock uncertainty
                                  0.000000   29.750000   clock reconvergence pessimism
                                             29.750000 ^ filter.x_in[3]_sky130_fd_sc_hd__dfrtp_2_Q/CLK (sky130_fd_sc_hd__dfrtp_2)
                                 -0.268970   29.481030   library setup time
                                             29.481030   data required time
---------------------------------------------------------------------------------------------
                                             29.481030   data required time
                                             -9.939022   data arrival time
---------------------------------------------------------------------------------------------
                                             19.542007   slack (MET)


Startpoint: spi_sel (input port clocked by clk)
Endpoint: filter.x_in[4]_sky130_fd_sc_hd__dfrtp_2_Q
          (rising edge-triggered flip-flop clocked by clk)
Path Group: clk
Path Type: max

Fanout         Cap        Slew       Delay        Time   Description
---------------------------------------------------------------------------------------------
                      0.150000    0.000000    0.000000   clock clk (rise edge)
                                  0.000000    0.000000   clock network delay (ideal)
                                  6.000000    6.000000 v input external delay
     3    0.012671    0.059283    0.039348    6.039348 v spi_sel (in)
                                                         spi_sel (net)
                      0.059283    0.000000    6.039348 v spi_sel_sky130_fd_sc_hd__nor3b_2_A/A (sky130_fd_sc_hd__nor3b_2)
    18    0.065451    1.729031    1.431130    7.470478 ^ spi_sel_sky130_fd_sc_hd__nor3b_2_A/Y (sky130_fd_sc_hd__nor3b_2)
                                                         spi_sel_sky130_fd_sc_hd__nor3b_2_A_Y (net)
                      1.729031    0.000000    7.470478 ^ spi_in.bit_cnt[1]_sky130_fd_sc_hd__and3_2_A/C (sky130_fd_sc_hd__and3_2)
     4    0.016103    0.196483    0.900076    8.370553 ^ spi_in.bit_cnt[1]_sky130_fd_sc_hd__and3_2_A/X (sky130_fd_sc_hd__and3_2)
                                                         spi_in.bit_cnt[1]_sky130_fd_sc_hd__and3_2_A_X (net)
                      0.196483    0.000000    8.370553 ^ spi_in.bit_cnt[3]_sky130_fd_sc_hd__and3_2_A/C (sky130_fd_sc_hd__and3_2)
    18    0.060134    0.490852    0.758576    9.129129 ^ spi_in.bit_cnt[3]_sky130_fd_sc_hd__and3_2_A/X (sky130_fd_sc_hd__and3_2)
                                                         spi_in.bit_cnt[3]_sky130_fd_sc_hd__and3_2_A_X (net)
                      0.490852    0.000000    9.129129 ^ filter.x_in[4]_sky130_fd_sc_hd__mux2_1_A0/S (sky130_fd_sc_hd__mux2_1)
     1    0.001838    0.102795    0.809893    9.939022 v filter.x_in[4]_sky130_fd_sc_hd__mux2_1_A0/X (sky130_fd_sc_hd__mux2_1)
                                                         filter.x_in[4]_sky130_fd_sc_hd__dfrtp_2_Q_D (net)
                      0.102795    0.000000    9.939022 v filter.x_in[4]_sky130_fd_sc_hd__dfrtp_2_Q/D (sky130_fd_sc_hd__dfrtp_2)
                                              9.939022   data arrival time

                      0.150000   30.000000   30.000000   clock clk (rise edge)
                                  0.000000   30.000000   clock network delay (ideal)
                                 -0.250000   29.750000   clock uncertainty
                                  0.000000   29.750000   clock reconvergence pessimism
                                             29.750000 ^ filter.x_in[4]_sky130_fd_sc_hd__dfrtp_2_Q/CLK (sky130_fd_sc_hd__dfrtp_2)
                                 -0.268970   29.481030   library setup time
                                             29.481030   data required time
---------------------------------------------------------------------------------------------
                                             29.481030   data required time
                                             -9.939022   data arrival time
---------------------------------------------------------------------------------------------
                                             19.542007   slack (MET)


Startpoint: spi_sel (input port clocked by clk)
Endpoint: filter.x_in[5]_sky130_fd_sc_hd__dfrtp_2_Q
          (rising edge-triggered flip-flop clocked by clk)
Path Group: clk
Path Type: max

Fanout         Cap        Slew       Delay        Time   Description
---------------------------------------------------------------------------------------------
                      0.150000    0.000000    0.000000   clock clk (rise edge)
                                  0.000000    0.000000   clock network delay (ideal)
                                  6.000000    6.000000 v input external delay
     3    0.012671    0.059283    0.039348    6.039348 v spi_sel (in)
                                                         spi_sel (net)
                      0.059283    0.000000    6.039348 v spi_sel_sky130_fd_sc_hd__nor3b_2_A/A (sky130_fd_sc_hd__nor3b_2)
    18    0.065451    1.729031    1.431130    7.470478 ^ spi_sel_sky130_fd_sc_hd__nor3b_2_A/Y (sky130_fd_sc_hd__nor3b_2)
                                                         spi_sel_sky130_fd_sc_hd__nor3b_2_A_Y (net)
                      1.729031    0.000000    7.470478 ^ spi_in.bit_cnt[1]_sky130_fd_sc_hd__and3_2_A/C (sky130_fd_sc_hd__and3_2)
     4    0.016103    0.196483    0.900076    8.370553 ^ spi_in.bit_cnt[1]_sky130_fd_sc_hd__and3_2_A/X (sky130_fd_sc_hd__and3_2)
                                                         spi_in.bit_cnt[1]_sky130_fd_sc_hd__and3_2_A_X (net)
                      0.196483    0.000000    8.370553 ^ spi_in.bit_cnt[3]_sky130_fd_sc_hd__and3_2_A/C (sky130_fd_sc_hd__and3_2)
    18    0.060134    0.490852    0.758576    9.129129 ^ spi_in.bit_cnt[3]_sky130_fd_sc_hd__and3_2_A/X (sky130_fd_sc_hd__and3_2)
                                                         spi_in.bit_cnt[3]_sky130_fd_sc_hd__and3_2_A_X (net)
                      0.490852    0.000000    9.129129 ^ filter.x_in[5]_sky130_fd_sc_hd__mux2_1_A0/S (sky130_fd_sc_hd__mux2_1)
     1    0.001838    0.102795    0.809893    9.939022 v filter.x_in[5]_sky130_fd_sc_hd__mux2_1_A0/X (sky130_fd_sc_hd__mux2_1)
                                                         filter.x_in[5]_sky130_fd_sc_hd__dfrtp_2_Q_D (net)
                      0.102795    0.000000    9.939022 v filter.x_in[5]_sky130_fd_sc_hd__dfrtp_2_Q/D (sky130_fd_sc_hd__dfrtp_2)
                                              9.939022   data arrival time

                      0.150000   30.000000   30.000000   clock clk (rise edge)
                                  0.000000   30.000000   clock network delay (ideal)
                                 -0.250000   29.750000   clock uncertainty
                                  0.000000   29.750000   clock reconvergence pessimism
                                             29.750000 ^ filter.x_in[5]_sky130_fd_sc_hd__dfrtp_2_Q/CLK (sky130_fd_sc_hd__dfrtp_2)
                                 -0.268970   29.481030   library setup time
                                             29.481030   data required time
---------------------------------------------------------------------------------------------
                                             29.481030   data required time
                                             -9.939022   data arrival time
---------------------------------------------------------------------------------------------
                                             19.542007   slack (MET)


Startpoint: spi_sel (input port clocked by clk)
Endpoint: filter.x_in[6]_sky130_fd_sc_hd__dfrtp_2_Q
          (rising edge-triggered flip-flop clocked by clk)
Path Group: clk
Path Type: max

Fanout         Cap        Slew       Delay        Time   Description
---------------------------------------------------------------------------------------------
                      0.150000    0.000000    0.000000   clock clk (rise edge)
                                  0.000000    0.000000   clock network delay (ideal)
                                  6.000000    6.000000 v input external delay
     3    0.012671    0.059283    0.039348    6.039348 v spi_sel (in)
                                                         spi_sel (net)
                      0.059283    0.000000    6.039348 v spi_sel_sky130_fd_sc_hd__nor3b_2_A/A (sky130_fd_sc_hd__nor3b_2)
    18    0.065451    1.729031    1.431130    7.470478 ^ spi_sel_sky130_fd_sc_hd__nor3b_2_A/Y (sky130_fd_sc_hd__nor3b_2)
                                                         spi_sel_sky130_fd_sc_hd__nor3b_2_A_Y (net)
                      1.729031    0.000000    7.470478 ^ spi_in.bit_cnt[1]_sky130_fd_sc_hd__and3_2_A/C (sky130_fd_sc_hd__and3_2)
     4    0.016103    0.196483    0.900076    8.370553 ^ spi_in.bit_cnt[1]_sky130_fd_sc_hd__and3_2_A/X (sky130_fd_sc_hd__and3_2)
                                                         spi_in.bit_cnt[1]_sky130_fd_sc_hd__and3_2_A_X (net)
                      0.196483    0.000000    8.370553 ^ spi_in.bit_cnt[3]_sky130_fd_sc_hd__and3_2_A/C (sky130_fd_sc_hd__and3_2)
    18    0.060134    0.490852    0.758576    9.129129 ^ spi_in.bit_cnt[3]_sky130_fd_sc_hd__and3_2_A/X (sky130_fd_sc_hd__and3_2)
                                                         spi_in.bit_cnt[3]_sky130_fd_sc_hd__and3_2_A_X (net)
                      0.490852    0.000000    9.129129 ^ filter.x_in[6]_sky130_fd_sc_hd__mux2_1_A0/S (sky130_fd_sc_hd__mux2_1)
     1    0.001838    0.102795    0.809893    9.939022 v filter.x_in[6]_sky130_fd_sc_hd__mux2_1_A0/X (sky130_fd_sc_hd__mux2_1)
                                                         filter.x_in[6]_sky130_fd_sc_hd__dfrtp_2_Q_D (net)
                      0.102795    0.000000    9.939022 v filter.x_in[6]_sky130_fd_sc_hd__dfrtp_2_Q/D (sky130_fd_sc_hd__dfrtp_2)
                                              9.939022   data arrival time

                      0.150000   30.000000   30.000000   clock clk (rise edge)
                                  0.000000   30.000000   clock network delay (ideal)
                                 -0.250000   29.750000   clock uncertainty
                                  0.000000   29.750000   clock reconvergence pessimism
                                             29.750000 ^ filter.x_in[6]_sky130_fd_sc_hd__dfrtp_2_Q/CLK (sky130_fd_sc_hd__dfrtp_2)
                                 -0.268970   29.481030   library setup time
                                             29.481030   data required time
---------------------------------------------------------------------------------------------
                                             29.481030   data required time
                                             -9.939022   data arrival time
---------------------------------------------------------------------------------------------
                                             19.542007   slack (MET)


Startpoint: spi_sel (input port clocked by clk)
Endpoint: filter.x_in[7]_sky130_fd_sc_hd__dfrtp_2_Q
          (rising edge-triggered flip-flop clocked by clk)
Path Group: clk
Path Type: max

Fanout         Cap        Slew       Delay        Time   Description
---------------------------------------------------------------------------------------------
                      0.150000    0.000000    0.000000   clock clk (rise edge)
                                  0.000000    0.000000   clock network delay (ideal)
                                  6.000000    6.000000 v input external delay
     3    0.012671    0.059283    0.039348    6.039348 v spi_sel (in)
                                                         spi_sel (net)
                      0.059283    0.000000    6.039348 v spi_sel_sky130_fd_sc_hd__nor3b_2_A/A (sky130_fd_sc_hd__nor3b_2)
    18    0.065451    1.729031    1.431130    7.470478 ^ spi_sel_sky130_fd_sc_hd__nor3b_2_A/Y (sky130_fd_sc_hd__nor3b_2)
                                                         spi_sel_sky130_fd_sc_hd__nor3b_2_A_Y (net)
                      1.729031    0.000000    7.470478 ^ spi_in.bit_cnt[1]_sky130_fd_sc_hd__and3_2_A/C (sky130_fd_sc_hd__and3_2)
     4    0.016103    0.196483    0.900076    8.370553 ^ spi_in.bit_cnt[1]_sky130_fd_sc_hd__and3_2_A/X (sky130_fd_sc_hd__and3_2)
                                                         spi_in.bit_cnt[1]_sky130_fd_sc_hd__and3_2_A_X (net)
                      0.196483    0.000000    8.370553 ^ spi_in.bit_cnt[3]_sky130_fd_sc_hd__and3_2_A/C (sky130_fd_sc_hd__and3_2)
    18    0.060134    0.490852    0.758576    9.129129 ^ spi_in.bit_cnt[3]_sky130_fd_sc_hd__and3_2_A/X (sky130_fd_sc_hd__and3_2)
                                                         spi_in.bit_cnt[3]_sky130_fd_sc_hd__and3_2_A_X (net)
                      0.490852    0.000000    9.129129 ^ filter.x_in[7]_sky130_fd_sc_hd__mux2_1_A0/S (sky130_fd_sc_hd__mux2_1)
     1    0.001838    0.102795    0.809893    9.939022 v filter.x_in[7]_sky130_fd_sc_hd__mux2_1_A0/X (sky130_fd_sc_hd__mux2_1)
                                                         filter.x_in[7]_sky130_fd_sc_hd__dfrtp_2_Q_D (net)
                      0.102795    0.000000    9.939022 v filter.x_in[7]_sky130_fd_sc_hd__dfrtp_2_Q/D (sky130_fd_sc_hd__dfrtp_2)
                                              9.939022   data arrival time

                      0.150000   30.000000   30.000000   clock clk (rise edge)
                                  0.000000   30.000000   clock network delay (ideal)
                                 -0.250000   29.750000   clock uncertainty
                                  0.000000   29.750000   clock reconvergence pessimism
                                             29.750000 ^ filter.x_in[7]_sky130_fd_sc_hd__dfrtp_2_Q/CLK (sky130_fd_sc_hd__dfrtp_2)
                                 -0.268970   29.481030   library setup time
                                             29.481030   data required time
---------------------------------------------------------------------------------------------
                                             29.481030   data required time
                                             -9.939022   data arrival time
---------------------------------------------------------------------------------------------
                                             19.542007   slack (MET)


Startpoint: spi_sel (input port clocked by clk)
Endpoint: filter.x_in[8]_sky130_fd_sc_hd__dfrtp_2_Q
          (rising edge-triggered flip-flop clocked by clk)
Path Group: clk
Path Type: max

Fanout         Cap        Slew       Delay        Time   Description
---------------------------------------------------------------------------------------------
                      0.150000    0.000000    0.000000   clock clk (rise edge)
                                  0.000000    0.000000   clock network delay (ideal)
                                  6.000000    6.000000 v input external delay
     3    0.012671    0.059283    0.039348    6.039348 v spi_sel (in)
                                                         spi_sel (net)
                      0.059283    0.000000    6.039348 v spi_sel_sky130_fd_sc_hd__nor3b_2_A/A (sky130_fd_sc_hd__nor3b_2)
    18    0.065451    1.729031    1.431130    7.470478 ^ spi_sel_sky130_fd_sc_hd__nor3b_2_A/Y (sky130_fd_sc_hd__nor3b_2)
                                                         spi_sel_sky130_fd_sc_hd__nor3b_2_A_Y (net)
                      1.729031    0.000000    7.470478 ^ spi_in.bit_cnt[1]_sky130_fd_sc_hd__and3_2_A/C (sky130_fd_sc_hd__and3_2)
     4    0.016103    0.196483    0.900076    8.370553 ^ spi_in.bit_cnt[1]_sky130_fd_sc_hd__and3_2_A/X (sky130_fd_sc_hd__and3_2)
                                                         spi_in.bit_cnt[1]_sky130_fd_sc_hd__and3_2_A_X (net)
                      0.196483    0.000000    8.370553 ^ spi_in.bit_cnt[3]_sky130_fd_sc_hd__and3_2_A/C (sky130_fd_sc_hd__and3_2)
    18    0.060134    0.490852    0.758576    9.129129 ^ spi_in.bit_cnt[3]_sky130_fd_sc_hd__and3_2_A/X (sky130_fd_sc_hd__and3_2)
                                                         spi_in.bit_cnt[3]_sky130_fd_sc_hd__and3_2_A_X (net)
                      0.490852    0.000000    9.129129 ^ filter.x_in[8]_sky130_fd_sc_hd__mux2_1_A0/S (sky130_fd_sc_hd__mux2_1)
     1    0.001838    0.102795    0.809893    9.939022 v filter.x_in[8]_sky130_fd_sc_hd__mux2_1_A0/X (sky130_fd_sc_hd__mux2_1)
                                                         filter.x_in[8]_sky130_fd_sc_hd__dfrtp_2_Q_D (net)
                      0.102795    0.000000    9.939022 v filter.x_in[8]_sky130_fd_sc_hd__dfrtp_2_Q/D (sky130_fd_sc_hd__dfrtp_2)
                                              9.939022   data arrival time

                      0.150000   30.000000   30.000000   clock clk (rise edge)
                                  0.000000   30.000000   clock network delay (ideal)
                                 -0.250000   29.750000   clock uncertainty
                                  0.000000   29.750000   clock reconvergence pessimism
                                             29.750000 ^ filter.x_in[8]_sky130_fd_sc_hd__dfrtp_2_Q/CLK (sky130_fd_sc_hd__dfrtp_2)
                                 -0.268970   29.481030   library setup time
                                             29.481030   data required time
---------------------------------------------------------------------------------------------
                                             29.481030   data required time
                                             -9.939022   data arrival time
---------------------------------------------------------------------------------------------
                                             19.542007   slack (MET)


Startpoint: spi_sel (input port clocked by clk)
Endpoint: filter.x_in[9]_sky130_fd_sc_hd__dfrtp_2_Q
          (rising edge-triggered flip-flop clocked by clk)
Path Group: clk
Path Type: max

Fanout         Cap        Slew       Delay        Time   Description
---------------------------------------------------------------------------------------------
                      0.150000    0.000000    0.000000   clock clk (rise edge)
                                  0.000000    0.000000   clock network delay (ideal)
                                  6.000000    6.000000 v input external delay
     3    0.012671    0.059283    0.039348    6.039348 v spi_sel (in)
                                                         spi_sel (net)
                      0.059283    0.000000    6.039348 v spi_sel_sky130_fd_sc_hd__nor3b_2_A/A (sky130_fd_sc_hd__nor3b_2)
    18    0.065451    1.729031    1.431130    7.470478 ^ spi_sel_sky130_fd_sc_hd__nor3b_2_A/Y (sky130_fd_sc_hd__nor3b_2)
                                                         spi_sel_sky130_fd_sc_hd__nor3b_2_A_Y (net)
                      1.729031    0.000000    7.470478 ^ spi_in.bit_cnt[1]_sky130_fd_sc_hd__and3_2_A/C (sky130_fd_sc_hd__and3_2)
     4    0.016103    0.196483    0.900076    8.370553 ^ spi_in.bit_cnt[1]_sky130_fd_sc_hd__and3_2_A/X (sky130_fd_sc_hd__and3_2)
                                                         spi_in.bit_cnt[1]_sky130_fd_sc_hd__and3_2_A_X (net)
                      0.196483    0.000000    8.370553 ^ spi_in.bit_cnt[3]_sky130_fd_sc_hd__and3_2_A/C (sky130_fd_sc_hd__and3_2)
    18    0.060134    0.490852    0.758576    9.129129 ^ spi_in.bit_cnt[3]_sky130_fd_sc_hd__and3_2_A/X (sky130_fd_sc_hd__and3_2)
                                                         spi_in.bit_cnt[3]_sky130_fd_sc_hd__and3_2_A_X (net)
                      0.490852    0.000000    9.129129 ^ filter.x_in[9]_sky130_fd_sc_hd__mux2_1_A0/S (sky130_fd_sc_hd__mux2_1)
     1    0.001838    0.102795    0.809893    9.939022 v filter.x_in[9]_sky130_fd_sc_hd__mux2_1_A0/X (sky130_fd_sc_hd__mux2_1)
                                                         filter.x_in[9]_sky130_fd_sc_hd__dfrtp_2_Q_D (net)
                      0.102795    0.000000    9.939022 v filter.x_in[9]_sky130_fd_sc_hd__dfrtp_2_Q/D (sky130_fd_sc_hd__dfrtp_2)
                                              9.939022   data arrival time

                      0.150000   30.000000   30.000000   clock clk (rise edge)
                                  0.000000   30.000000   clock network delay (ideal)
                                 -0.250000   29.750000   clock uncertainty
                                  0.000000   29.750000   clock reconvergence pessimism
                                             29.750000 ^ filter.x_in[9]_sky130_fd_sc_hd__dfrtp_2_Q/CLK (sky130_fd_sc_hd__dfrtp_2)
                                 -0.268970   29.481030   library setup time
                                             29.481030   data required time
---------------------------------------------------------------------------------------------
                                             29.481030   data required time
                                             -9.939022   data arrival time
---------------------------------------------------------------------------------------------
                                             19.542007   slack (MET)


Startpoint: filter.y_out[2]_sky130_fd_sc_hd__dfrtp_2_Q
            (rising edge-triggered flip-flop clocked by clk)
Endpoint: filter.y_out[1]_sky130_fd_sc_hd__dfrtp_2_Q
          (rising edge-triggered flip-flop clocked by clk)
Path Group: clk
Path Type: max

Fanout         Cap        Slew       Delay        Time   Description
---------------------------------------------------------------------------------------------
                      0.150000    0.000000    0.000000   clock clk (rise edge)
                                  0.000000    0.000000   clock network delay (ideal)
                      0.150000    0.000000    0.000000 ^ filter.y_out[2]_sky130_fd_sc_hd__dfrtp_2_Q/CLK (sky130_fd_sc_hd__dfrtp_2)
     6    0.026539    0.182147    0.966114    0.966114 v filter.y_out[2]_sky130_fd_sc_hd__dfrtp_2_Q/Q (sky130_fd_sc_hd__dfrtp_2)
                                                         filter.y_out[2] (net)
                      0.182147    0.000000    0.966114 v filter.y_out[2]_sky130_fd_sc_hd__xor2_2_A/A (sky130_fd_sc_hd__xor2_2)
     4    0.022484    0.480097    0.519794    1.485909 ^ filter.y_out[2]_sky130_fd_sc_hd__xor2_2_A/X (sky130_fd_sc_hd__xor2_2)
                                                         filter.x_in[2]_sky130_fd_sc_hd__inv_2_A_Y_sky130_fd_sc_hd__o2bb2ai_2_B2_A2_N_sky130_fd_sc_hd__a21o_2_B1_A2 (net)
                      0.480097    0.000000    1.485909 ^ filter.y_out[1]_sky130_fd_sc_hd__xor2_2_A/B (sky130_fd_sc_hd__xor2_2)
    10    0.033390    0.343085    0.468952    1.954861 v filter.y_out[1]_sky130_fd_sc_hd__xor2_2_A/X (sky130_fd_sc_hd__xor2_2)
                                                         filter.y_out[1]_sky130_fd_sc_hd__xor2_2_A_X (net)
                      0.343085    0.000000    1.954861 v filter.x_in[10]_sky130_fd_sc_hd__or2_2_A_B_sky130_fd_sc_hd__xor2_2_X_B_sky130_fd_sc_hd__a31o_2_X_A3_sky130_fd_sc_hd__xnor2_2_Y_A_sky130_fd_sc_hd__o21ai_2_B1_Y_sky130_fd_sc_hd__xnor2_2_A_B_sky130_fd_sc_hd__and3_2_X_B_sky130_fd_sc_hd__or3_2_X/B (sky130_fd_sc_hd__or3_2)
     5    0.011500    0.222028    1.244183    3.199044 v filter.x_in[10]_sky130_fd_sc_hd__or2_2_A_B_sky130_fd_sc_hd__xor2_2_X_B_sky130_fd_sc_hd__a31o_2_X_A3_sky130_fd_sc_hd__xnor2_2_Y_A_sky130_fd_sc_hd__o21ai_2_B1_Y_sky130_fd_sc_hd__xnor2_2_A_B_sky130_fd_sc_hd__and3_2_X_B_sky130_fd_sc_hd__or3_2_X/X (sky130_fd_sc_hd__or3_2)
                                                         filter.x_in[10]_sky130_fd_sc_hd__or2_2_A_B_sky130_fd_sc_hd__xor2_2_X_B_sky130_fd_sc_hd__a31o_2_X_A3_sky130_fd_sc_hd__xnor2_2_Y_A_sky130_fd_sc_hd__o21ai_2_B1_Y_sky130_fd_sc_hd__xnor2_2_A_B_sky130_fd_sc_hd__and3_2_X_B (net)
                      0.222028    0.000000    3.199044 v filter.x_in[10]_sky130_fd_sc_hd__or2_2_A_B_sky130_fd_sc_hd__xor2_2_X_B_sky130_fd_sc_hd__a31o_2_X_A3_sky130_fd_sc_hd__xnor2_2_Y_A_sky130_fd_sc_hd__o21ai_2_B1_Y_sky130_fd_sc_hd__xnor2_2_A_B_sky130_fd_sc_hd__and3_2_X/B (sky130_fd_sc_hd__and3_2)
     3    0.010965    0.111725    0.526806    3.725850 v filter.x_in[10]_sky130_fd_sc_hd__or2_2_A_B_sky130_fd_sc_hd__xor2_2_X_B_sky130_fd_sc_hd__a31o_2_X_A3_sky130_fd_sc_hd__xnor2_2_Y_A_sky130_fd_sc_hd__o21ai_2_B1_Y_sky130_fd_sc_hd__xnor2_2_A_B_sky130_fd_sc_hd__and3_2_X/X (sky130_fd_sc_hd__and3_2)
                                                         filter.x_in[10]_sky130_fd_sc_hd__or2_2_A_B_sky130_fd_sc_hd__xor2_2_X_B_sky130_fd_sc_hd__a31o_2_X_A3_sky130_fd_sc_hd__xnor2_2_Y_A_sky130_fd_sc_hd__o21ai_2_B1_Y_sky130_fd_sc_hd__xnor2_2_A_B (net)
                      0.111725    0.000000    3.725850 v filter.y_out[0]_sky130_fd_sc_hd__dfrtp_2_Q_D_sky130_fd_sc_hd__xor2_2_X_A_sky130_fd_sc_hd__and3b_2_X_C_sky130_fd_sc_hd__a21o_2_X_B1_sky130_fd_sc_hd__a2bb2o_2_X_A1_N_sky130_fd_sc_hd__o2bb2a_2_X_A1_N_sky130_fd_sc_hd__a32o_2_X_A2_sky130_fd_sc_hd__and4_2_B/C (sky130_fd_sc_hd__and4_2)
     4    0.013318    0.125069    0.543343    4.269193 v filter.y_out[0]_sky130_fd_sc_hd__dfrtp_2_Q_D_sky130_fd_sc_hd__xor2_2_X_A_sky130_fd_sc_hd__and3b_2_X_C_sky130_fd_sc_hd__a21o_2_X_B1_sky130_fd_sc_hd__a2bb2o_2_X_A1_N_sky130_fd_sc_hd__o2bb2a_2_X_A1_N_sky130_fd_sc_hd__a32o_2_X_A2_sky130_fd_sc_hd__and4_2_B/X (sky130_fd_sc_hd__and4_2)
                                                         filter.y_out[0]_sky130_fd_sc_hd__dfrtp_2_Q_D_sky130_fd_sc_hd__xor2_2_X_A_sky130_fd_sc_hd__and3b_2_X_C_sky130_fd_sc_hd__a21o_2_X_B1_sky130_fd_sc_hd__a2bb2o_2_X_A1_N_sky130_fd_sc_hd__o2bb2a_2_X_A1_N_sky130_fd_sc_hd__a32o_2_X_A2_sky130_fd_sc_hd__and4_2_B_X (net)
                      0.125069    0.000000    4.269193 v filter.y_out[0]_sky130_fd_sc_hd__dfrtp_2_Q_D_sky130_fd_sc_hd__xor2_2_X_A_sky130_fd_sc_hd__and3b_2_X_C_sky130_fd_sc_hd__a21o_2_X_B1_sky130_fd_sc_hd__a2bb2o_2_X_B1_sky130_fd_sc_hd__a2bb2o_2_X_B2_sky130_fd_sc_hd__o32a_2_X_A2_sky130_fd_sc_hd__nor3_2_Y/B (sky130_fd_sc_hd__nor3_2)
     3    0.006513    0.283189    0.331470    4.600663 ^ filter.y_out[0]_sky130_fd_sc_hd__dfrtp_2_Q_D_sky130_fd_sc_hd__xor2_2_X_A_sky130_fd_sc_hd__and3b_2_X_C_sky130_fd_sc_hd__a21o_2_X_B1_sky130_fd_sc_hd__a2bb2o_2_X_B1_sky130_fd_sc_hd__a2bb2o_2_X_B2_sky130_fd_sc_hd__o32a_2_X_A2_sky130_fd_sc_hd__nor3_2_Y/Y (sky130_fd_sc_hd__nor3_2)
                                                         filter.y_out[0]_sky130_fd_sc_hd__dfrtp_2_Q_D_sky130_fd_sc_hd__xor2_2_X_A_sky130_fd_sc_hd__and3b_2_X_C_sky130_fd_sc_hd__a21o_2_X_B1_sky130_fd_sc_hd__a2bb2o_2_X_B1_sky130_fd_sc_hd__a2bb2o_2_X_B2_sky130_fd_sc_hd__o32a_2_X_A2 (net)
                      0.283189    0.000000    4.600663 ^ filter.y_out[0]_sky130_fd_sc_hd__dfrtp_2_Q_D_sky130_fd_sc_hd__xor2_2_X_A_sky130_fd_sc_hd__and3b_2_X_C_sky130_fd_sc_hd__a21o_2_X_B1_sky130_fd_sc_hd__a2bb2o_2_X_B1_sky130_fd_sc_hd__a2bb2o_2_X_B2_sky130_fd_sc_hd__o32a_2_X_A2_sky130_fd_sc_hd__and2b_2_A_N/A_N (sky130_fd_sc_hd__and2b_2)
     2    0.004540    0.079845    0.532263    5.132926 v filter.y_out[0]_sky130_fd_sc_hd__dfrtp_2_Q_D_sky130_fd_sc_hd__xor2_2_X_A_sky130_fd_sc_hd__and3b_2_X_C_sky130_fd_sc_hd__a21o_2_X_B1_sky130_fd_sc_hd__a2bb2o_2_X_B1_sky130_fd_sc_hd__a2bb2o_2_X_B2_sky130_fd_sc_hd__o32a_2_X_A2_sky130_fd_sc_hd__and2b_2_A_N/X (sky130_fd_sc_hd__and2b_2)
                                                         filter.y_out[0]_sky130_fd_sc_hd__dfrtp_2_Q_D_sky130_fd_sc_hd__xor2_2_X_A_sky130_fd_sc_hd__and3b_2_X_C_sky130_fd_sc_hd__a21o_2_X_B1_sky130_fd_sc_hd__a2bb2o_2_X_B1_sky130_fd_sc_hd__a2bb2o_2_X_B1_sky130_fd_sc_hd__or3_2_X_C_sky130_fd_sc_hd__o21a_2_X_A1 (net)
                      0.079845    0.000000    5.132926 v filter.y_out[0]_sky130_fd_sc_hd__dfrtp_2_Q_D_sky130_fd_sc_hd__xor2_2_X_A_sky130_fd_sc_hd__and3b_2_X_C_sky130_fd_sc_hd__a21o_2_X_B1_sky130_fd_sc_hd__a2bb2o_2_X_B1_sky130_fd_sc_hd__a2bb2o_2_X_B1_sky130_fd_sc_hd__or3_2_X_C_sky130_fd_sc_hd__o21a_2_X_B1_sky130_fd_sc_hd__a221o_2_X/A1 (sky130_fd_sc_hd__a221o_2)
     1    0.002359    0.086327    0.642843    5.775768 v filter.y_out[0]_sky130_fd_sc_hd__dfrtp_2_Q_D_sky130_fd_sc_hd__xor2_2_X_A_sky130_fd_sc_hd__and3b_2_X_C_sky130_fd_sc_hd__a21o_2_X_B1_sky130_fd_sc_hd__a2bb2o_2_X_B1_sky130_fd_sc_hd__a2bb2o_2_X_B1_sky130_fd_sc_hd__or3_2_X_C_sky130_fd_sc_hd__o21a_2_X_B1_sky130_fd_sc_hd__a221o_2_X/X (sky130_fd_sc_hd__a221o_2)
                                                         filter.y_out[0]_sky130_fd_sc_hd__dfrtp_2_Q_D_sky130_fd_sc_hd__xor2_2_X_A_sky130_fd_sc_hd__and3b_2_X_C_sky130_fd_sc_hd__a21o_2_X_B1_sky130_fd_sc_hd__a2bb2o_2_X_B1_sky130_fd_sc_hd__a2bb2o_2_X_B1_sky130_fd_sc_hd__or3_2_X_C_sky130_fd_sc_hd__o21a_2_X_B1 (net)
                      0.086327    0.000000    5.775768 v filter.y_out[0]_sky130_fd_sc_hd__dfrtp_2_Q_D_sky130_fd_sc_hd__xor2_2_X_A_sky130_fd_sc_hd__and3b_2_X_C_sky130_fd_sc_hd__a21o_2_X_B1_sky130_fd_sc_hd__a2bb2o_2_X_B1_sky130_fd_sc_hd__a2bb2o_2_X_B1_sky130_fd_sc_hd__or3_2_X_C_sky130_fd_sc_hd__o21a_2_X/B1 (sky130_fd_sc_hd__o21a_2)
     2    0.005518    0.074873    0.231014    6.006782 v filter.y_out[0]_sky130_fd_sc_hd__dfrtp_2_Q_D_sky130_fd_sc_hd__xor2_2_X_A_sky130_fd_sc_hd__and3b_2_X_C_sky130_fd_sc_hd__a21o_2_X_B1_sky130_fd_sc_hd__a2bb2o_2_X_B1_sky130_fd_sc_hd__a2bb2o_2_X_B1_sky130_fd_sc_hd__or3_2_X_C_sky130_fd_sc_hd__o21a_2_X/X (sky130_fd_sc_hd__o21a_2)
                                                         filter.y_out[0]_sky130_fd_sc_hd__dfrtp_2_Q_D_sky130_fd_sc_hd__xor2_2_X_A_sky130_fd_sc_hd__and3b_2_X_C_sky130_fd_sc_hd__a21o_2_X_B1_sky130_fd_sc_hd__a2bb2o_2_X_B1_sky130_fd_sc_hd__a2bb2o_2_X_B1_sky130_fd_sc_hd__or3_2_X_C (net)
                      0.074873    0.000000    6.006782 v filter.y_out[0]_sky130_fd_sc_hd__dfrtp_2_Q_D_sky130_fd_sc_hd__xor2_2_X_A_sky130_fd_sc_hd__and3b_2_X_C_sky130_fd_sc_hd__a21o_2_X_B1_sky130_fd_sc_hd__a2bb2o_2_X_B1_sky130_fd_sc_hd__a2bb2o_2_X_B1_sky130_fd_sc_hd__or3_2_X/C (sky130_fd_sc_hd__or3_2)
     1    0.001639    0.152740    0.939160    6.945942 v filter.y_out[0]_sky130_fd_sc_hd__dfrtp_2_Q_D_sky130_fd_sc_hd__xor2_2_X_A_sky130_fd_sc_hd__and3b_2_X_C_sky130_fd_sc_hd__a21o_2_X_B1_sky130_fd_sc_hd__a2bb2o_2_X_B1_sky130_fd_sc_hd__a2bb2o_2_X_B1_sky130_fd_sc_hd__or3_2_X/X (sky130_fd_sc_hd__or3_2)
                                                         filter.y_out[0]_sky130_fd_sc_hd__dfrtp_2_Q_D_sky130_fd_sc_hd__xor2_2_X_A_sky130_fd_sc_hd__and3b_2_X_C_sky130_fd_sc_hd__a21o_2_X_B1_sky130_fd_sc_hd__a2bb2o_2_X_B1_sky130_fd_sc_hd__a2bb2o_2_X_B1 (net)
                      0.152740    0.000000    6.945942 v filter.y_out[0]_sky130_fd_sc_hd__dfrtp_2_Q_D_sky130_fd_sc_hd__xor2_2_X_A_sky130_fd_sc_hd__and3b_2_X_C_sky130_fd_sc_hd__a21o_2_X_B1_sky130_fd_sc_hd__a2bb2o_2_X_B1_sky130_fd_sc_hd__a2bb2o_2_X/B1 (sky130_fd_sc_hd__a2bb2o_2)
     1    0.001639    0.073010    0.521575    7.467517 v filter.y_out[0]_sky130_fd_sc_hd__dfrtp_2_Q_D_sky130_fd_sc_hd__xor2_2_X_A_sky130_fd_sc_hd__and3b_2_X_C_sky130_fd_sc_hd__a21o_2_X_B1_sky130_fd_sc_hd__a2bb2o_2_X_B1_sky130_fd_sc_hd__a2bb2o_2_X/X (sky130_fd_sc_hd__a2bb2o_2)
                                                         filter.y_out[0]_sky130_fd_sc_hd__dfrtp_2_Q_D_sky130_fd_sc_hd__xor2_2_X_A_sky130_fd_sc_hd__and3b_2_X_C_sky130_fd_sc_hd__a21o_2_X_B1_sky130_fd_sc_hd__a2bb2o_2_X_B1 (net)
                      0.073010    0.000000    7.467517 v filter.y_out[0]_sky130_fd_sc_hd__dfrtp_2_Q_D_sky130_fd_sc_hd__xor2_2_X_A_sky130_fd_sc_hd__and3b_2_X_C_sky130_fd_sc_hd__a21o_2_X_B1_sky130_fd_sc_hd__a2bb2o_2_X/B1 (sky130_fd_sc_hd__a2bb2o_2)
     1    0.002258    0.076720    0.492969    7.960487 v filter.y_out[0]_sky130_fd_sc_hd__dfrtp_2_Q_D_sky130_fd_sc_hd__xor2_2_X_A_sky130_fd_sc_hd__and3b_2_X_C_sky130_fd_sc_hd__a21o_2_X_B1_sky130_fd_sc_hd__a2bb2o_2_X/X (sky130_fd_sc_hd__a2bb2o_2)
                                                         filter.y_out[0]_sky130_fd_sc_hd__dfrtp_2_Q_D_sky130_fd_sc_hd__xor2_2_X_A_sky130_fd_sc_hd__and3b_2_X_C_sky130_fd_sc_hd__a21o_2_X_B1 (net)
                      0.076720    0.000000    7.960487 v filter.y_out[0]_sky130_fd_sc_hd__dfrtp_2_Q_D_sky130_fd_sc_hd__xor2_2_X_A_sky130_fd_sc_hd__and3b_2_X_C_sky130_fd_sc_hd__a21o_2_X/B1 (sky130_fd_sc_hd__a21o_2)
     1    0.001397    0.050390    0.324095    8.284582 v filter.y_out[0]_sky130_fd_sc_hd__dfrtp_2_Q_D_sky130_fd_sc_hd__xor2_2_X_A_sky130_fd_sc_hd__and3b_2_X_C_sky130_fd_sc_hd__a21o_2_X/X (sky130_fd_sc_hd__a21o_2)
                                                         filter.y_out[0]_sky130_fd_sc_hd__dfrtp_2_Q_D_sky130_fd_sc_hd__xor2_2_X_A_sky130_fd_sc_hd__and3b_2_X_C (net)
                      0.050390    0.000000    8.284582 v filter.y_out[0]_sky130_fd_sc_hd__dfrtp_2_Q_D_sky130_fd_sc_hd__xor2_2_X_A_sky130_fd_sc_hd__and3b_2_X/C (sky130_fd_sc_hd__and3b_2)
     2    0.010450    0.109277    0.470405    8.754987 v filter.y_out[0]_sky130_fd_sc_hd__dfrtp_2_Q_D_sky130_fd_sc_hd__xor2_2_X_A_sky130_fd_sc_hd__and3b_2_X/X (sky130_fd_sc_hd__and3b_2)
                                                         filter.y_out[0]_sky130_fd_sc_hd__dfrtp_2_Q_D_sky130_fd_sc_hd__xor2_2_X_A (net)
                      0.109277    0.000000    8.754987 v filter.y_out[1]_sky130_fd_sc_hd__dfrtp_2_Q_D_sky130_fd_sc_hd__xor2_2_X_A_sky130_fd_sc_hd__a2bb2o_2_X/B2 (sky130_fd_sc_hd__a2bb2o_2)
     3    0.013396    0.132740    0.555339    9.310327 v filter.y_out[1]_sky130_fd_sc_hd__dfrtp_2_Q_D_sky130_fd_sc_hd__xor2_2_X_A_sky130_fd_sc_hd__a2bb2o_2_X/X (sky130_fd_sc_hd__a2bb2o_2)
                                                         filter.y_out[1]_sky130_fd_sc_hd__dfrtp_2_Q_D_sky130_fd_sc_hd__xor2_2_X_A (net)
                      0.132740    0.000000    9.310327 v filter.y_out[1]_sky130_fd_sc_hd__dfrtp_2_Q_D_sky130_fd_sc_hd__xor2_2_X/A (sky130_fd_sc_hd__xor2_2)
     1    0.001838    0.098078    0.314214    9.624540 v filter.y_out[1]_sky130_fd_sc_hd__dfrtp_2_Q_D_sky130_fd_sc_hd__xor2_2_X/X (sky130_fd_sc_hd__xor2_2)
                                                         filter.y_out[1]_sky130_fd_sc_hd__dfrtp_2_Q_D (net)
                      0.098078    0.000000    9.624540 v filter.y_out[1]_sky130_fd_sc_hd__dfrtp_2_Q/D (sky130_fd_sc_hd__dfrtp_2)
                                              9.624540   data arrival time

                      0.150000   30.000000   30.000000   clock clk (rise edge)
                                  0.000000   30.000000   clock network delay (ideal)
                                 -0.250000   29.750000   clock uncertainty
                                  0.000000   29.750000   clock reconvergence pessimism
                                             29.750000 ^ filter.y_out[1]_sky130_fd_sc_hd__dfrtp_2_Q/CLK (sky130_fd_sc_hd__dfrtp_2)
                                 -0.267003   29.482998   library setup time
                                             29.482998   data required time
---------------------------------------------------------------------------------------------
                                             29.482998   data required time
                                             -9.624540   data arrival time
---------------------------------------------------------------------------------------------
                                             19.858459   slack (MET)


Startpoint: spi_clk (input port clocked by clk)
Endpoint: spi_out.bit_cnt[3]_sky130_fd_sc_hd__dfrtp_2_Q
          (rising edge-triggered flip-flop clocked by clk)
Path Group: clk
Path Type: max

Fanout         Cap        Slew       Delay        Time   Description
---------------------------------------------------------------------------------------------
                      0.150000    0.000000    0.000000   clock clk (rise edge)
                                  0.000000    0.000000   clock network delay (ideal)
                                  6.000000    6.000000 v input external delay
     3    0.004369    0.025475    0.014132    6.014132 v spi_clk (in)
                                                         spi_clk (net)
                      0.025475    0.000000    6.014132 v spi_clk_sky130_fd_sc_hd__or3b_2_A/A (sky130_fd_sc_hd__or3b_2)
     1    0.004670    0.178018    1.077791    7.091923 v spi_clk_sky130_fd_sc_hd__or3b_2_A/X (sky130_fd_sc_hd__or3b_2)
                                                         spi_clk_sky130_fd_sc_hd__or3b_2_A_X (net)
                      0.178018    0.000000    7.091923 v spi_sel_sky130_fd_sc_hd__a21oi_2_B1/A2 (sky130_fd_sc_hd__a21oi_2)
    19    0.064009    1.229145    1.037039    8.128962 ^ spi_sel_sky130_fd_sc_hd__a21oi_2_B1/Y (sky130_fd_sc_hd__a21oi_2)
                                                         spi_sel_sky130_fd_sc_hd__a21oi_2_B1_Y (net)
                      1.229145    0.000000    8.128962 ^ spi_out.bit_cnt[1]_sky130_fd_sc_hd__and3_2_A/C (sky130_fd_sc_hd__and3_2)
     4    0.019696    0.214468    0.805573    8.934534 ^ spi_out.bit_cnt[1]_sky130_fd_sc_hd__and3_2_A/X (sky130_fd_sc_hd__and3_2)
                                                         spi_out.bit_cnt[1]_sky130_fd_sc_hd__and3_2_A_X (net)
                      0.214468    0.000000    8.934534 ^ spi_out.bit_cnt[3]_sky130_fd_sc_hd__and3_2_A/C (sky130_fd_sc_hd__and3_2)
     2    0.007941    0.121364    0.450135    9.384669 ^ spi_out.bit_cnt[3]_sky130_fd_sc_hd__and3_2_A/X (sky130_fd_sc_hd__and3_2)
                                                         spi_out.bit_cnt[3]_sky130_fd_sc_hd__and3_2_A_X (net)
                      0.121364    0.000000    9.384669 ^ spi_out.bit_cnt[3]_sky130_fd_sc_hd__dfrtp_2_Q_D_sky130_fd_sc_hd__nor2_2_Y/A (sky130_fd_sc_hd__nor2_2)
     1    0.001838    0.038888    0.082521    9.467190 v spi_out.bit_cnt[3]_sky130_fd_sc_hd__dfrtp_2_Q_D_sky130_fd_sc_hd__nor2_2_Y/Y (sky130_fd_sc_hd__nor2_2)
                                                         spi_out.bit_cnt[3]_sky130_fd_sc_hd__dfrtp_2_Q_D (net)
                      0.038888    0.000000    9.467190 v spi_out.bit_cnt[3]_sky130_fd_sc_hd__dfrtp_2_Q/D (sky130_fd_sc_hd__dfrtp_2)
                                              9.467190   data arrival time

                      0.150000   30.000000   30.000000   clock clk (rise edge)
                                  0.000000   30.000000   clock network delay (ideal)
                                 -0.250000   29.750000   clock uncertainty
                                  0.000000   29.750000   clock reconvergence pessimism
                                             29.750000 ^ spi_out.bit_cnt[3]_sky130_fd_sc_hd__dfrtp_2_Q/CLK (sky130_fd_sc_hd__dfrtp_2)
                                 -0.242309   29.507690   library setup time
                                             29.507690   data required time
---------------------------------------------------------------------------------------------
                                             29.507690   data required time
                                             -9.467190   data arrival time
---------------------------------------------------------------------------------------------
                                             20.040501   slack (MET)


Startpoint: spi_sel (input port clocked by clk)
Endpoint: spi_in.bit_cnt[3]_sky130_fd_sc_hd__dfrtp_2_Q
          (rising edge-triggered flip-flop clocked by clk)
Path Group: clk
Path Type: max

Fanout         Cap        Slew       Delay        Time   Description
---------------------------------------------------------------------------------------------
                      0.150000    0.000000    0.000000   clock clk (rise edge)
                                  0.000000    0.000000   clock network delay (ideal)
                                  6.000000    6.000000 v input external delay
     3    0.012671    0.059283    0.039348    6.039348 v spi_sel (in)
                                                         spi_sel (net)
                      0.059283    0.000000    6.039348 v spi_sel_sky130_fd_sc_hd__nor3b_2_A/A (sky130_fd_sc_hd__nor3b_2)
    18    0.065451    1.729031    1.431130    7.470478 ^ spi_sel_sky130_fd_sc_hd__nor3b_2_A/Y (sky130_fd_sc_hd__nor3b_2)
                                                         spi_sel_sky130_fd_sc_hd__nor3b_2_A_Y (net)
                      1.729031    0.000000    7.470478 ^ spi_in.bit_cnt[1]_sky130_fd_sc_hd__and3_2_A/C (sky130_fd_sc_hd__and3_2)
     4    0.016103    0.196483    0.900076    8.370553 ^ spi_in.bit_cnt[1]_sky130_fd_sc_hd__and3_2_A/X (sky130_fd_sc_hd__and3_2)
                                                         spi_in.bit_cnt[1]_sky130_fd_sc_hd__and3_2_A_X (net)
                      0.196483    0.000000    8.370553 ^ spi_in.bit_cnt[3]_sky130_fd_sc_hd__and3_2_A/C (sky130_fd_sc_hd__and3_2)
    18    0.060134    0.490852    0.758576    9.129129 ^ spi_in.bit_cnt[3]_sky130_fd_sc_hd__and3_2_A/X (sky130_fd_sc_hd__and3_2)
                                                         spi_in.bit_cnt[3]_sky130_fd_sc_hd__and3_2_A_X (net)
                      0.490852    0.000000    9.129129 ^ spi_in.bit_cnt[3]_sky130_fd_sc_hd__dfrtp_2_Q_D_sky130_fd_sc_hd__nor2_2_Y/A (sky130_fd_sc_hd__nor2_2)
     1    0.001838    0.087381    0.180861    9.309990 v spi_in.bit_cnt[3]_sky130_fd_sc_hd__dfrtp_2_Q_D_sky130_fd_sc_hd__nor2_2_Y/Y (sky130_fd_sc_hd__nor2_2)
                                                         spi_in.bit_cnt[3]_sky130_fd_sc_hd__dfrtp_2_Q_D (net)
                      0.087381    0.000000    9.309990 v spi_in.bit_cnt[3]_sky130_fd_sc_hd__dfrtp_2_Q/D (sky130_fd_sc_hd__dfrtp_2)
                                              9.309990   data arrival time

                      0.150000   30.000000   30.000000   clock clk (rise edge)
                                  0.000000   30.000000   clock network delay (ideal)
                                 -0.250000   29.750000   clock uncertainty
                                  0.000000   29.750000   clock reconvergence pessimism
                                             29.750000 ^ spi_in.bit_cnt[3]_sky130_fd_sc_hd__dfrtp_2_Q/CLK (sky130_fd_sc_hd__dfrtp_2)
                                 -0.262540   29.487461   library setup time
                                             29.487461   data required time
---------------------------------------------------------------------------------------------
                                             29.487461   data required time
                                             -9.309990   data arrival time
---------------------------------------------------------------------------------------------
                                             20.177471   slack (MET)


Startpoint: spi_clk (input port clocked by clk)
Endpoint: spi_out.bit_cnt[0]_sky130_fd_sc_hd__dfrtp_2_Q
          (rising edge-triggered flip-flop clocked by clk)
Path Group: clk
Path Type: max

Fanout         Cap        Slew       Delay        Time   Description
---------------------------------------------------------------------------------------------
                      0.150000    0.000000    0.000000   clock clk (rise edge)
                                  0.000000    0.000000   clock network delay (ideal)
                                  6.000000    6.000000 v input external delay
     3    0.004369    0.025475    0.014132    6.014132 v spi_clk (in)
                                                         spi_clk (net)
                      0.025475    0.000000    6.014132 v spi_clk_sky130_fd_sc_hd__or3b_2_A/A (sky130_fd_sc_hd__or3b_2)
     1    0.004670    0.178018    1.077791    7.091923 v spi_clk_sky130_fd_sc_hd__or3b_2_A/X (sky130_fd_sc_hd__or3b_2)
                                                         spi_clk_sky130_fd_sc_hd__or3b_2_A_X (net)
                      0.178018    0.000000    7.091923 v spi_sel_sky130_fd_sc_hd__a21oi_2_B1/A2 (sky130_fd_sc_hd__a21oi_2)
    19    0.064009    1.229145    1.037039    8.128962 ^ spi_sel_sky130_fd_sc_hd__a21oi_2_B1/Y (sky130_fd_sc_hd__a21oi_2)
                                                         spi_sel_sky130_fd_sc_hd__a21oi_2_B1_Y (net)
                      1.229145    0.000000    8.128962 ^ spi_out.bit_cnt[4]_sky130_fd_sc_hd__o21a_2_B1_A2_sky130_fd_sc_hd__inv_2_Y/A (sky130_fd_sc_hd__inv_2)
     3    0.006327    0.198641    0.298730    8.427691 v spi_out.bit_cnt[4]_sky130_fd_sc_hd__o21a_2_B1_A2_sky130_fd_sc_hd__inv_2_Y/Y (sky130_fd_sc_hd__inv_2)
                                                         spi_out.bit_cnt[4]_sky130_fd_sc_hd__o21a_2_B1_A2 (net)
                      0.198641    0.000000    8.427691 v spi_out.bit_cnt[0]_sky130_fd_sc_hd__dfrtp_2_Q_D_sky130_fd_sc_hd__mux2_1_X/A1 (sky130_fd_sc_hd__mux2_1)
     1    0.001838    0.102830    0.683490    9.111181 v spi_out.bit_cnt[0]_sky130_fd_sc_hd__dfrtp_2_Q_D_sky130_fd_sc_hd__mux2_1_X/X (sky130_fd_sc_hd__mux2_1)
                                                         spi_out.bit_cnt[0]_sky130_fd_sc_hd__dfrtp_2_Q_D (net)
                      0.102830    0.000000    9.111181 v spi_out.bit_cnt[0]_sky130_fd_sc_hd__dfrtp_2_Q/D (sky130_fd_sc_hd__dfrtp_2)
                                              9.111181   data arrival time

                      0.150000   30.000000   30.000000   clock clk (rise edge)
                                  0.000000   30.000000   clock network delay (ideal)
                                 -0.250000   29.750000   clock uncertainty
                                  0.000000   29.750000   clock reconvergence pessimism
                                             29.750000 ^ spi_out.bit_cnt[0]_sky130_fd_sc_hd__dfrtp_2_Q/CLK (sky130_fd_sc_hd__dfrtp_2)
                                 -0.268985   29.481016   library setup time
                                             29.481016   data required time
---------------------------------------------------------------------------------------------
                                             29.481016   data required time
                                             -9.111181   data arrival time
---------------------------------------------------------------------------------------------
                                             20.369835   slack (MET)


Startpoint: spi_sel (input port clocked by clk)
Endpoint: spi_in.valid_out_sky130_fd_sc_hd__dfrtp_2_Q
          (rising edge-triggered flip-flop clocked by clk)
Path Group: clk
Path Type: max

Fanout         Cap        Slew       Delay        Time   Description
---------------------------------------------------------------------------------------------
                      0.150000    0.000000    0.000000   clock clk (rise edge)
                                  0.000000    0.000000   clock network delay (ideal)
                                  6.000000    6.000000 v input external delay
     3    0.012671    0.059283    0.039348    6.039348 v spi_sel (in)
                                                         spi_sel (net)
                      0.059283    0.000000    6.039348 v spi_sel_sky130_fd_sc_hd__nor3b_2_A/A (sky130_fd_sc_hd__nor3b_2)
    18    0.065451    1.729031    1.431130    7.470478 ^ spi_sel_sky130_fd_sc_hd__nor3b_2_A/Y (sky130_fd_sc_hd__nor3b_2)
                                                         spi_sel_sky130_fd_sc_hd__nor3b_2_A_Y (net)
                      1.729031    0.000000    7.470478 ^ spi_in.bit_cnt[1]_sky130_fd_sc_hd__and3_2_A/C (sky130_fd_sc_hd__and3_2)
     4    0.016103    0.196483    0.900076    8.370553 ^ spi_in.bit_cnt[1]_sky130_fd_sc_hd__and3_2_A/X (sky130_fd_sc_hd__and3_2)
                                                         spi_in.bit_cnt[1]_sky130_fd_sc_hd__and3_2_A_X (net)
                      0.196483    0.000000    8.370553 ^ spi_in.bit_cnt[3]_sky130_fd_sc_hd__and3_2_A/C (sky130_fd_sc_hd__and3_2)
    18    0.060134    0.490852    0.758576    9.129129 ^ spi_in.bit_cnt[3]_sky130_fd_sc_hd__and3_2_A/X (sky130_fd_sc_hd__and3_2)
                                                         spi_in.bit_cnt[3]_sky130_fd_sc_hd__and3_2_A_X (net)
                      0.490852    0.000000    9.129129 ^ spi_in.valid_out_sky130_fd_sc_hd__dfrtp_2_Q/D (sky130_fd_sc_hd__dfrtp_2)
                                              9.129129   data arrival time

                      0.150000   30.000000   30.000000   clock clk (rise edge)
                                  0.000000   30.000000   clock network delay (ideal)
                                 -0.250000   29.750000   clock uncertainty
                                  0.000000   29.750000   clock reconvergence pessimism
                                             29.750000 ^ spi_in.valid_out_sky130_fd_sc_hd__dfrtp_2_Q/CLK (sky130_fd_sc_hd__dfrtp_2)
                                 -0.230348   29.519653   library setup time
                                             29.519653   data required time
---------------------------------------------------------------------------------------------
                                             29.519653   data required time
                                             -9.129129   data arrival time
---------------------------------------------------------------------------------------------
                                             20.390524   slack (MET)


Startpoint: spi_clk (input port clocked by clk)
Endpoint: spi_out.bit_cnt[2]_sky130_fd_sc_hd__dfrtp_2_Q
          (rising edge-triggered flip-flop clocked by clk)
Path Group: clk
Path Type: max

Fanout         Cap        Slew       Delay        Time   Description
---------------------------------------------------------------------------------------------
                      0.150000    0.000000    0.000000   clock clk (rise edge)
                                  0.000000    0.000000   clock network delay (ideal)
                                  6.000000    6.000000 v input external delay
     3    0.004369    0.025475    0.014132    6.014132 v spi_clk (in)
                                                         spi_clk (net)
                      0.025475    0.000000    6.014132 v spi_clk_sky130_fd_sc_hd__or3b_2_A/A (sky130_fd_sc_hd__or3b_2)
     1    0.004670    0.178018    1.077791    7.091923 v spi_clk_sky130_fd_sc_hd__or3b_2_A/X (sky130_fd_sc_hd__or3b_2)
                                                         spi_clk_sky130_fd_sc_hd__or3b_2_A_X (net)
                      0.178018    0.000000    7.091923 v spi_sel_sky130_fd_sc_hd__a21oi_2_B1/A2 (sky130_fd_sc_hd__a21oi_2)
    19    0.064009    1.229145    1.037039    8.128962 ^ spi_sel_sky130_fd_sc_hd__a21oi_2_B1/Y (sky130_fd_sc_hd__a21oi_2)
                                                         spi_sel_sky130_fd_sc_hd__a21oi_2_B1_Y (net)
                      1.229145    0.000000    8.128962 ^ spi_out.bit_cnt[1]_sky130_fd_sc_hd__and3_2_A/C (sky130_fd_sc_hd__and3_2)
     4    0.019696    0.214468    0.805573    8.934534 ^ spi_out.bit_cnt[1]_sky130_fd_sc_hd__and3_2_A/X (sky130_fd_sc_hd__and3_2)
                                                         spi_out.bit_cnt[1]_sky130_fd_sc_hd__and3_2_A_X (net)
                      0.214468    0.000000    8.934534 ^ spi_out.bit_cnt[2]_sky130_fd_sc_hd__dfrtp_2_Q_D_sky130_fd_sc_hd__xor2_2_X/B (sky130_fd_sc_hd__xor2_2)
     1    0.001838    0.079666    0.155857    9.090391 v spi_out.bit_cnt[2]_sky130_fd_sc_hd__dfrtp_2_Q_D_sky130_fd_sc_hd__xor2_2_X/X (sky130_fd_sc_hd__xor2_2)
                                                         spi_out.bit_cnt[2]_sky130_fd_sc_hd__dfrtp_2_Q_D (net)
                      0.079666    0.000000    9.090391 v spi_out.bit_cnt[2]_sky130_fd_sc_hd__dfrtp_2_Q/D (sky130_fd_sc_hd__dfrtp_2)
                                              9.090391   data arrival time

                      0.150000   30.000000   30.000000   clock clk (rise edge)
                                  0.000000   30.000000   clock network delay (ideal)
                                 -0.250000   29.750000   clock uncertainty
                                  0.000000   29.750000   clock reconvergence pessimism
                                             29.750000 ^ spi_out.bit_cnt[2]_sky130_fd_sc_hd__dfrtp_2_Q/CLK (sky130_fd_sc_hd__dfrtp_2)
                                 -0.259321   29.490679   library setup time
                                             29.490679   data required time
---------------------------------------------------------------------------------------------
                                             29.490679   data required time
                                             -9.090391   data arrival time
---------------------------------------------------------------------------------------------
                                             20.400288   slack (MET)


Startpoint: spi_clk (input port clocked by clk)
Endpoint: spi_miso_sky130_fd_sc_hd__dfrtp_2_Q
          (rising edge-triggered flip-flop clocked by clk)
Path Group: clk
Path Type: max

Fanout         Cap        Slew       Delay        Time   Description
---------------------------------------------------------------------------------------------
                      0.150000    0.000000    0.000000   clock clk (rise edge)
                                  0.000000    0.000000   clock network delay (ideal)
                                  6.000000    6.000000 v input external delay
     3    0.004369    0.025475    0.014132    6.014132 v spi_clk (in)
                                                         spi_clk (net)
                      0.025475    0.000000    6.014132 v spi_clk_sky130_fd_sc_hd__or3b_2_A/A (sky130_fd_sc_hd__or3b_2)
     1    0.004670    0.178018    1.077791    7.091923 v spi_clk_sky130_fd_sc_hd__or3b_2_A/X (sky130_fd_sc_hd__or3b_2)
                                                         spi_clk_sky130_fd_sc_hd__or3b_2_A_X (net)
                      0.178018    0.000000    7.091923 v spi_sel_sky130_fd_sc_hd__a21oi_2_B1/A2 (sky130_fd_sc_hd__a21oi_2)
    19    0.064009    1.229145    1.037039    8.128962 ^ spi_sel_sky130_fd_sc_hd__a21oi_2_B1/Y (sky130_fd_sc_hd__a21oi_2)
                                                         spi_sel_sky130_fd_sc_hd__a21oi_2_B1_Y (net)
                      1.229145    0.000000    8.128962 ^ spi_miso_sky130_fd_sc_hd__mux2_1_A0/S (sky130_fd_sc_hd__mux2_1)
     1    0.001838    0.102755    0.946053    9.075015 v spi_miso_sky130_fd_sc_hd__mux2_1_A0/X (sky130_fd_sc_hd__mux2_1)
                                                         spi_miso_sky130_fd_sc_hd__dfrtp_2_Q_D (net)
                      0.102755    0.000000    9.075015 v spi_miso_sky130_fd_sc_hd__dfrtp_2_Q/D (sky130_fd_sc_hd__dfrtp_2)
                                              9.075015   data arrival time

                      0.150000   30.000000   30.000000   clock clk (rise edge)
                                  0.000000   30.000000   clock network delay (ideal)
                                 -0.250000   29.750000   clock uncertainty
                                  0.000000   29.750000   clock reconvergence pessimism
                                             29.750000 ^ spi_miso_sky130_fd_sc_hd__dfrtp_2_Q/CLK (sky130_fd_sc_hd__dfrtp_2)
                                 -0.268954   29.481047   library setup time
                                             29.481047   data required time
---------------------------------------------------------------------------------------------
                                             29.481047   data required time
                                             -9.075015   data arrival time
---------------------------------------------------------------------------------------------
                                             20.406031   slack (MET)


Startpoint: spi_clk (input port clocked by clk)
Endpoint: spi_out.shift_reg[10]_sky130_fd_sc_hd__dfrtp_2_Q
          (rising edge-triggered flip-flop clocked by clk)
Path Group: clk
Path Type: max

Fanout         Cap        Slew       Delay        Time   Description
---------------------------------------------------------------------------------------------
                      0.150000    0.000000    0.000000   clock clk (rise edge)
                                  0.000000    0.000000   clock network delay (ideal)
                                  6.000000    6.000000 v input external delay
     3    0.004369    0.025475    0.014132    6.014132 v spi_clk (in)
                                                         spi_clk (net)
                      0.025475    0.000000    6.014132 v spi_clk_sky130_fd_sc_hd__or3b_2_A/A (sky130_fd_sc_hd__or3b_2)
     1    0.004670    0.178018    1.077791    7.091923 v spi_clk_sky130_fd_sc_hd__or3b_2_A/X (sky130_fd_sc_hd__or3b_2)
                                                         spi_clk_sky130_fd_sc_hd__or3b_2_A_X (net)
                      0.178018    0.000000    7.091923 v spi_sel_sky130_fd_sc_hd__a21oi_2_B1/A2 (sky130_fd_sc_hd__a21oi_2)
    19    0.064009    1.229145    1.037039    8.128962 ^ spi_sel_sky130_fd_sc_hd__a21oi_2_B1/Y (sky130_fd_sc_hd__a21oi_2)
                                                         spi_sel_sky130_fd_sc_hd__a21oi_2_B1_Y (net)
                      1.229145    0.000000    8.128962 ^ spi_out.shift_reg[10]_sky130_fd_sc_hd__mux2_1_A0/S (sky130_fd_sc_hd__mux2_1)
     1    0.001838    0.102419    0.946053    9.075015 v spi_out.shift_reg[10]_sky130_fd_sc_hd__mux2_1_A0/X (sky130_fd_sc_hd__mux2_1)
                                                         spi_out.shift_reg[10]_sky130_fd_sc_hd__dfrtp_2_Q_D (net)
                      0.102419    0.000000    9.075015 v spi_out.shift_reg[10]_sky130_fd_sc_hd__dfrtp_2_Q/D (sky130_fd_sc_hd__dfrtp_2)
                                              9.075015   data arrival time

                      0.150000   30.000000   30.000000   clock clk (rise edge)
                                  0.000000   30.000000   clock network delay (ideal)
                                 -0.250000   29.750000   clock uncertainty
                                  0.000000   29.750000   clock reconvergence pessimism
                                             29.750000 ^ spi_out.shift_reg[10]_sky130_fd_sc_hd__dfrtp_2_Q/CLK (sky130_fd_sc_hd__dfrtp_2)
                                 -0.268814   29.481186   library setup time
                                             29.481186   data required time
---------------------------------------------------------------------------------------------
                                             29.481186   data required time
                                             -9.075015   data arrival time
---------------------------------------------------------------------------------------------
                                             20.406172   slack (MET)


Startpoint: spi_clk (input port clocked by clk)
Endpoint: spi_out.shift_reg[11]_sky130_fd_sc_hd__dfrtp_2_Q
          (rising edge-triggered flip-flop clocked by clk)
Path Group: clk
Path Type: max

Fanout         Cap        Slew       Delay        Time   Description
---------------------------------------------------------------------------------------------
                      0.150000    0.000000    0.000000   clock clk (rise edge)
                                  0.000000    0.000000   clock network delay (ideal)
                                  6.000000    6.000000 v input external delay
     3    0.004369    0.025475    0.014132    6.014132 v spi_clk (in)
                                                         spi_clk (net)
                      0.025475    0.000000    6.014132 v spi_clk_sky130_fd_sc_hd__or3b_2_A/A (sky130_fd_sc_hd__or3b_2)
     1    0.004670    0.178018    1.077791    7.091923 v spi_clk_sky130_fd_sc_hd__or3b_2_A/X (sky130_fd_sc_hd__or3b_2)
                                                         spi_clk_sky130_fd_sc_hd__or3b_2_A_X (net)
                      0.178018    0.000000    7.091923 v spi_sel_sky130_fd_sc_hd__a21oi_2_B1/A2 (sky130_fd_sc_hd__a21oi_2)
    19    0.064009    1.229145    1.037039    8.128962 ^ spi_sel_sky130_fd_sc_hd__a21oi_2_B1/Y (sky130_fd_sc_hd__a21oi_2)
                                                         spi_sel_sky130_fd_sc_hd__a21oi_2_B1_Y (net)
                      1.229145    0.000000    8.128962 ^ spi_out.shift_reg[11]_sky130_fd_sc_hd__mux2_1_A0/S (sky130_fd_sc_hd__mux2_1)
     1    0.001838    0.102419    0.946053    9.075015 v spi_out.shift_reg[11]_sky130_fd_sc_hd__mux2_1_A0/X (sky130_fd_sc_hd__mux2_1)
                                                         spi_out.shift_reg[11]_sky130_fd_sc_hd__dfrtp_2_Q_D (net)
                      0.102419    0.000000    9.075015 v spi_out.shift_reg[11]_sky130_fd_sc_hd__dfrtp_2_Q/D (sky130_fd_sc_hd__dfrtp_2)
                                              9.075015   data arrival time

                      0.150000   30.000000   30.000000   clock clk (rise edge)
                                  0.000000   30.000000   clock network delay (ideal)
                                 -0.250000   29.750000   clock uncertainty
                                  0.000000   29.750000   clock reconvergence pessimism
                                             29.750000 ^ spi_out.shift_reg[11]_sky130_fd_sc_hd__dfrtp_2_Q/CLK (sky130_fd_sc_hd__dfrtp_2)
                                 -0.268814   29.481186   library setup time
                                             29.481186   data required time
---------------------------------------------------------------------------------------------
                                             29.481186   data required time
                                             -9.075015   data arrival time
---------------------------------------------------------------------------------------------
                                             20.406172   slack (MET)


Startpoint: spi_clk (input port clocked by clk)
Endpoint: spi_out.shift_reg[12]_sky130_fd_sc_hd__dfrtp_2_Q
          (rising edge-triggered flip-flop clocked by clk)
Path Group: clk
Path Type: max

Fanout         Cap        Slew       Delay        Time   Description
---------------------------------------------------------------------------------------------
                      0.150000    0.000000    0.000000   clock clk (rise edge)
                                  0.000000    0.000000   clock network delay (ideal)
                                  6.000000    6.000000 v input external delay
     3    0.004369    0.025475    0.014132    6.014132 v spi_clk (in)
                                                         spi_clk (net)
                      0.025475    0.000000    6.014132 v spi_clk_sky130_fd_sc_hd__or3b_2_A/A (sky130_fd_sc_hd__or3b_2)
     1    0.004670    0.178018    1.077791    7.091923 v spi_clk_sky130_fd_sc_hd__or3b_2_A/X (sky130_fd_sc_hd__or3b_2)
                                                         spi_clk_sky130_fd_sc_hd__or3b_2_A_X (net)
                      0.178018    0.000000    7.091923 v spi_sel_sky130_fd_sc_hd__a21oi_2_B1/A2 (sky130_fd_sc_hd__a21oi_2)
    19    0.064009    1.229145    1.037039    8.128962 ^ spi_sel_sky130_fd_sc_hd__a21oi_2_B1/Y (sky130_fd_sc_hd__a21oi_2)
                                                         spi_sel_sky130_fd_sc_hd__a21oi_2_B1_Y (net)
                      1.229145    0.000000    8.128962 ^ spi_out.shift_reg[12]_sky130_fd_sc_hd__mux2_1_A0/S (sky130_fd_sc_hd__mux2_1)
     1    0.001838    0.102419    0.946053    9.075015 v spi_out.shift_reg[12]_sky130_fd_sc_hd__mux2_1_A0/X (sky130_fd_sc_hd__mux2_1)
                                                         spi_out.shift_reg[12]_sky130_fd_sc_hd__dfrtp_2_Q_D (net)
                      0.102419    0.000000    9.075015 v spi_out.shift_reg[12]_sky130_fd_sc_hd__dfrtp_2_Q/D (sky130_fd_sc_hd__dfrtp_2)
                                              9.075015   data arrival time

                      0.150000   30.000000   30.000000   clock clk (rise edge)
                                  0.000000   30.000000   clock network delay (ideal)
                                 -0.250000   29.750000   clock uncertainty
                                  0.000000   29.750000   clock reconvergence pessimism
                                             29.750000 ^ spi_out.shift_reg[12]_sky130_fd_sc_hd__dfrtp_2_Q/CLK (sky130_fd_sc_hd__dfrtp_2)
                                 -0.268814   29.481186   library setup time
                                             29.481186   data required time
---------------------------------------------------------------------------------------------
                                             29.481186   data required time
                                             -9.075015   data arrival time
---------------------------------------------------------------------------------------------
                                             20.406172   slack (MET)


Startpoint: spi_clk (input port clocked by clk)
Endpoint: spi_out.shift_reg[13]_sky130_fd_sc_hd__dfrtp_2_Q
          (rising edge-triggered flip-flop clocked by clk)
Path Group: clk
Path Type: max

Fanout         Cap        Slew       Delay        Time   Description
---------------------------------------------------------------------------------------------
                      0.150000    0.000000    0.000000   clock clk (rise edge)
                                  0.000000    0.000000   clock network delay (ideal)
                                  6.000000    6.000000 v input external delay
     3    0.004369    0.025475    0.014132    6.014132 v spi_clk (in)
                                                         spi_clk (net)
                      0.025475    0.000000    6.014132 v spi_clk_sky130_fd_sc_hd__or3b_2_A/A (sky130_fd_sc_hd__or3b_2)
     1    0.004670    0.178018    1.077791    7.091923 v spi_clk_sky130_fd_sc_hd__or3b_2_A/X (sky130_fd_sc_hd__or3b_2)
                                                         spi_clk_sky130_fd_sc_hd__or3b_2_A_X (net)
                      0.178018    0.000000    7.091923 v spi_sel_sky130_fd_sc_hd__a21oi_2_B1/A2 (sky130_fd_sc_hd__a21oi_2)
    19    0.064009    1.229145    1.037039    8.128962 ^ spi_sel_sky130_fd_sc_hd__a21oi_2_B1/Y (sky130_fd_sc_hd__a21oi_2)
                                                         spi_sel_sky130_fd_sc_hd__a21oi_2_B1_Y (net)
                      1.229145    0.000000    8.128962 ^ spi_out.shift_reg[13]_sky130_fd_sc_hd__mux2_1_A0/S (sky130_fd_sc_hd__mux2_1)
     1    0.001838    0.102419    0.946053    9.075015 v spi_out.shift_reg[13]_sky130_fd_sc_hd__mux2_1_A0/X (sky130_fd_sc_hd__mux2_1)
                                                         spi_out.shift_reg[13]_sky130_fd_sc_hd__dfrtp_2_Q_D (net)
                      0.102419    0.000000    9.075015 v spi_out.shift_reg[13]_sky130_fd_sc_hd__dfrtp_2_Q/D (sky130_fd_sc_hd__dfrtp_2)
                                              9.075015   data arrival time

                      0.150000   30.000000   30.000000   clock clk (rise edge)
                                  0.000000   30.000000   clock network delay (ideal)
                                 -0.250000   29.750000   clock uncertainty
                                  0.000000   29.750000   clock reconvergence pessimism
                                             29.750000 ^ spi_out.shift_reg[13]_sky130_fd_sc_hd__dfrtp_2_Q/CLK (sky130_fd_sc_hd__dfrtp_2)
                                 -0.268814   29.481186   library setup time
                                             29.481186   data required time
---------------------------------------------------------------------------------------------
                                             29.481186   data required time
                                             -9.075015   data arrival time
---------------------------------------------------------------------------------------------
                                             20.406172   slack (MET)


Startpoint: spi_clk (input port clocked by clk)
Endpoint: spi_out.shift_reg[14]_sky130_fd_sc_hd__dfrtp_2_Q
          (rising edge-triggered flip-flop clocked by clk)
Path Group: clk
Path Type: max

Fanout         Cap        Slew       Delay        Time   Description
---------------------------------------------------------------------------------------------
                      0.150000    0.000000    0.000000   clock clk (rise edge)
                                  0.000000    0.000000   clock network delay (ideal)
                                  6.000000    6.000000 v input external delay
     3    0.004369    0.025475    0.014132    6.014132 v spi_clk (in)
                                                         spi_clk (net)
                      0.025475    0.000000    6.014132 v spi_clk_sky130_fd_sc_hd__or3b_2_A/A (sky130_fd_sc_hd__or3b_2)
     1    0.004670    0.178018    1.077791    7.091923 v spi_clk_sky130_fd_sc_hd__or3b_2_A/X (sky130_fd_sc_hd__or3b_2)
                                                         spi_clk_sky130_fd_sc_hd__or3b_2_A_X (net)
                      0.178018    0.000000    7.091923 v spi_sel_sky130_fd_sc_hd__a21oi_2_B1/A2 (sky130_fd_sc_hd__a21oi_2)
    19    0.064009    1.229145    1.037039    8.128962 ^ spi_sel_sky130_fd_sc_hd__a21oi_2_B1/Y (sky130_fd_sc_hd__a21oi_2)
                                                         spi_sel_sky130_fd_sc_hd__a21oi_2_B1_Y (net)
                      1.229145    0.000000    8.128962 ^ spi_out.shift_reg[14]_sky130_fd_sc_hd__mux2_1_A0/S (sky130_fd_sc_hd__mux2_1)
     1    0.001838    0.102419    0.946053    9.075015 v spi_out.shift_reg[14]_sky130_fd_sc_hd__mux2_1_A0/X (sky130_fd_sc_hd__mux2_1)
                                                         spi_out.shift_reg[14]_sky130_fd_sc_hd__dfrtp_2_Q_D (net)
                      0.102419    0.000000    9.075015 v spi_out.shift_reg[14]_sky130_fd_sc_hd__dfrtp_2_Q/D (sky130_fd_sc_hd__dfrtp_2)
                                              9.075015   data arrival time

                      0.150000   30.000000   30.000000   clock clk (rise edge)
                                  0.000000   30.000000   clock network delay (ideal)
                                 -0.250000   29.750000   clock uncertainty
                                  0.000000   29.750000   clock reconvergence pessimism
                                             29.750000 ^ spi_out.shift_reg[14]_sky130_fd_sc_hd__dfrtp_2_Q/CLK (sky130_fd_sc_hd__dfrtp_2)
                                 -0.268814   29.481186   library setup time
                                             29.481186   data required time
---------------------------------------------------------------------------------------------
                                             29.481186   data required time
                                             -9.075015   data arrival time
---------------------------------------------------------------------------------------------
                                             20.406172   slack (MET)


Startpoint: spi_clk (input port clocked by clk)
Endpoint: spi_out.shift_reg[1]_sky130_fd_sc_hd__dfrtp_2_Q
          (rising edge-triggered flip-flop clocked by clk)
Path Group: clk
Path Type: max

Fanout         Cap        Slew       Delay        Time   Description
---------------------------------------------------------------------------------------------
                      0.150000    0.000000    0.000000   clock clk (rise edge)
                                  0.000000    0.000000   clock network delay (ideal)
                                  6.000000    6.000000 v input external delay
     3    0.004369    0.025475    0.014132    6.014132 v spi_clk (in)
                                                         spi_clk (net)
                      0.025475    0.000000    6.014132 v spi_clk_sky130_fd_sc_hd__or3b_2_A/A (sky130_fd_sc_hd__or3b_2)
     1    0.004670    0.178018    1.077791    7.091923 v spi_clk_sky130_fd_sc_hd__or3b_2_A/X (sky130_fd_sc_hd__or3b_2)
                                                         spi_clk_sky130_fd_sc_hd__or3b_2_A_X (net)
                      0.178018    0.000000    7.091923 v spi_sel_sky130_fd_sc_hd__a21oi_2_B1/A2 (sky130_fd_sc_hd__a21oi_2)
    19    0.064009    1.229145    1.037039    8.128962 ^ spi_sel_sky130_fd_sc_hd__a21oi_2_B1/Y (sky130_fd_sc_hd__a21oi_2)
                                                         spi_sel_sky130_fd_sc_hd__a21oi_2_B1_Y (net)
                      1.229145    0.000000    8.128962 ^ spi_out.shift_reg[1]_sky130_fd_sc_hd__mux2_1_A0/S (sky130_fd_sc_hd__mux2_1)
     1    0.001838    0.102419    0.946053    9.075015 v spi_out.shift_reg[1]_sky130_fd_sc_hd__mux2_1_A0/X (sky130_fd_sc_hd__mux2_1)
                                                         spi_out.shift_reg[1]_sky130_fd_sc_hd__dfrtp_2_Q_D (net)
                      0.102419    0.000000    9.075015 v spi_out.shift_reg[1]_sky130_fd_sc_hd__dfrtp_2_Q/D (sky130_fd_sc_hd__dfrtp_2)
                                              9.075015   data arrival time

                      0.150000   30.000000   30.000000   clock clk (rise edge)
                                  0.000000   30.000000   clock network delay (ideal)
                                 -0.250000   29.750000   clock uncertainty
                                  0.000000   29.750000   clock reconvergence pessimism
                                             29.750000 ^ spi_out.shift_reg[1]_sky130_fd_sc_hd__dfrtp_2_Q/CLK (sky130_fd_sc_hd__dfrtp_2)
                                 -0.268814   29.481186   library setup time
                                             29.481186   data required time
---------------------------------------------------------------------------------------------
                                             29.481186   data required time
                                             -9.075015   data arrival time
---------------------------------------------------------------------------------------------
                                             20.406172   slack (MET)


Startpoint: spi_clk (input port clocked by clk)
Endpoint: spi_out.shift_reg[2]_sky130_fd_sc_hd__dfrtp_2_Q
          (rising edge-triggered flip-flop clocked by clk)
Path Group: clk
Path Type: max

Fanout         Cap        Slew       Delay        Time   Description
---------------------------------------------------------------------------------------------
                      0.150000    0.000000    0.000000   clock clk (rise edge)
                                  0.000000    0.000000   clock network delay (ideal)
                                  6.000000    6.000000 v input external delay
     3    0.004369    0.025475    0.014132    6.014132 v spi_clk (in)
                                                         spi_clk (net)
                      0.025475    0.000000    6.014132 v spi_clk_sky130_fd_sc_hd__or3b_2_A/A (sky130_fd_sc_hd__or3b_2)
     1    0.004670    0.178018    1.077791    7.091923 v spi_clk_sky130_fd_sc_hd__or3b_2_A/X (sky130_fd_sc_hd__or3b_2)
                                                         spi_clk_sky130_fd_sc_hd__or3b_2_A_X (net)
                      0.178018    0.000000    7.091923 v spi_sel_sky130_fd_sc_hd__a21oi_2_B1/A2 (sky130_fd_sc_hd__a21oi_2)
    19    0.064009    1.229145    1.037039    8.128962 ^ spi_sel_sky130_fd_sc_hd__a21oi_2_B1/Y (sky130_fd_sc_hd__a21oi_2)
                                                         spi_sel_sky130_fd_sc_hd__a21oi_2_B1_Y (net)
                      1.229145    0.000000    8.128962 ^ spi_out.shift_reg[2]_sky130_fd_sc_hd__mux2_1_A0/S (sky130_fd_sc_hd__mux2_1)
     1    0.001838    0.102419    0.946053    9.075015 v spi_out.shift_reg[2]_sky130_fd_sc_hd__mux2_1_A0/X (sky130_fd_sc_hd__mux2_1)
                                                         spi_out.shift_reg[2]_sky130_fd_sc_hd__dfrtp_2_Q_D (net)
                      0.102419    0.000000    9.075015 v spi_out.shift_reg[2]_sky130_fd_sc_hd__dfrtp_2_Q/D (sky130_fd_sc_hd__dfrtp_2)
                                              9.075015   data arrival time

                      0.150000   30.000000   30.000000   clock clk (rise edge)
                                  0.000000   30.000000   clock network delay (ideal)
                                 -0.250000   29.750000   clock uncertainty
                                  0.000000   29.750000   clock reconvergence pessimism
                                             29.750000 ^ spi_out.shift_reg[2]_sky130_fd_sc_hd__dfrtp_2_Q/CLK (sky130_fd_sc_hd__dfrtp_2)
                                 -0.268814   29.481186   library setup time
                                             29.481186   data required time
---------------------------------------------------------------------------------------------
                                             29.481186   data required time
                                             -9.075015   data arrival time
---------------------------------------------------------------------------------------------
                                             20.406172   slack (MET)


Startpoint: spi_clk (input port clocked by clk)
Endpoint: spi_out.shift_reg[3]_sky130_fd_sc_hd__dfrtp_2_Q
          (rising edge-triggered flip-flop clocked by clk)
Path Group: clk
Path Type: max

Fanout         Cap        Slew       Delay        Time   Description
---------------------------------------------------------------------------------------------
                      0.150000    0.000000    0.000000   clock clk (rise edge)
                                  0.000000    0.000000   clock network delay (ideal)
                                  6.000000    6.000000 v input external delay
     3    0.004369    0.025475    0.014132    6.014132 v spi_clk (in)
                                                         spi_clk (net)
                      0.025475    0.000000    6.014132 v spi_clk_sky130_fd_sc_hd__or3b_2_A/A (sky130_fd_sc_hd__or3b_2)
     1    0.004670    0.178018    1.077791    7.091923 v spi_clk_sky130_fd_sc_hd__or3b_2_A/X (sky130_fd_sc_hd__or3b_2)
                                                         spi_clk_sky130_fd_sc_hd__or3b_2_A_X (net)
                      0.178018    0.000000    7.091923 v spi_sel_sky130_fd_sc_hd__a21oi_2_B1/A2 (sky130_fd_sc_hd__a21oi_2)
    19    0.064009    1.229145    1.037039    8.128962 ^ spi_sel_sky130_fd_sc_hd__a21oi_2_B1/Y (sky130_fd_sc_hd__a21oi_2)
                                                         spi_sel_sky130_fd_sc_hd__a21oi_2_B1_Y (net)
                      1.229145    0.000000    8.128962 ^ spi_out.shift_reg[3]_sky130_fd_sc_hd__mux2_1_A0/S (sky130_fd_sc_hd__mux2_1)
     1    0.001838    0.102419    0.946053    9.075015 v spi_out.shift_reg[3]_sky130_fd_sc_hd__mux2_1_A0/X (sky130_fd_sc_hd__mux2_1)
                                                         spi_out.shift_reg[3]_sky130_fd_sc_hd__dfrtp_2_Q_D (net)
                      0.102419    0.000000    9.075015 v spi_out.shift_reg[3]_sky130_fd_sc_hd__dfrtp_2_Q/D (sky130_fd_sc_hd__dfrtp_2)
                                              9.075015   data arrival time

                      0.150000   30.000000   30.000000   clock clk (rise edge)
                                  0.000000   30.000000   clock network delay (ideal)
                                 -0.250000   29.750000   clock uncertainty
                                  0.000000   29.750000   clock reconvergence pessimism
                                             29.750000 ^ spi_out.shift_reg[3]_sky130_fd_sc_hd__dfrtp_2_Q/CLK (sky130_fd_sc_hd__dfrtp_2)
                                 -0.268814   29.481186   library setup time
                                             29.481186   data required time
---------------------------------------------------------------------------------------------
                                             29.481186   data required time
                                             -9.075015   data arrival time
---------------------------------------------------------------------------------------------
                                             20.406172   slack (MET)


Startpoint: spi_clk (input port clocked by clk)
Endpoint: spi_out.shift_reg[4]_sky130_fd_sc_hd__dfrtp_2_Q
          (rising edge-triggered flip-flop clocked by clk)
Path Group: clk
Path Type: max

Fanout         Cap        Slew       Delay        Time   Description
---------------------------------------------------------------------------------------------
                      0.150000    0.000000    0.000000   clock clk (rise edge)
                                  0.000000    0.000000   clock network delay (ideal)
                                  6.000000    6.000000 v input external delay
     3    0.004369    0.025475    0.014132    6.014132 v spi_clk (in)
                                                         spi_clk (net)
                      0.025475    0.000000    6.014132 v spi_clk_sky130_fd_sc_hd__or3b_2_A/A (sky130_fd_sc_hd__or3b_2)
     1    0.004670    0.178018    1.077791    7.091923 v spi_clk_sky130_fd_sc_hd__or3b_2_A/X (sky130_fd_sc_hd__or3b_2)
                                                         spi_clk_sky130_fd_sc_hd__or3b_2_A_X (net)
                      0.178018    0.000000    7.091923 v spi_sel_sky130_fd_sc_hd__a21oi_2_B1/A2 (sky130_fd_sc_hd__a21oi_2)
    19    0.064009    1.229145    1.037039    8.128962 ^ spi_sel_sky130_fd_sc_hd__a21oi_2_B1/Y (sky130_fd_sc_hd__a21oi_2)
                                                         spi_sel_sky130_fd_sc_hd__a21oi_2_B1_Y (net)
                      1.229145    0.000000    8.128962 ^ spi_out.shift_reg[4]_sky130_fd_sc_hd__mux2_1_A0/S (sky130_fd_sc_hd__mux2_1)
     1    0.001838    0.102419    0.946053    9.075015 v spi_out.shift_reg[4]_sky130_fd_sc_hd__mux2_1_A0/X (sky130_fd_sc_hd__mux2_1)
                                                         spi_out.shift_reg[4]_sky130_fd_sc_hd__dfrtp_2_Q_D (net)
                      0.102419    0.000000    9.075015 v spi_out.shift_reg[4]_sky130_fd_sc_hd__dfrtp_2_Q/D (sky130_fd_sc_hd__dfrtp_2)
                                              9.075015   data arrival time

                      0.150000   30.000000   30.000000   clock clk (rise edge)
                                  0.000000   30.000000   clock network delay (ideal)
                                 -0.250000   29.750000   clock uncertainty
                                  0.000000   29.750000   clock reconvergence pessimism
                                             29.750000 ^ spi_out.shift_reg[4]_sky130_fd_sc_hd__dfrtp_2_Q/CLK (sky130_fd_sc_hd__dfrtp_2)
                                 -0.268814   29.481186   library setup time
                                             29.481186   data required time
---------------------------------------------------------------------------------------------
                                             29.481186   data required time
                                             -9.075015   data arrival time
---------------------------------------------------------------------------------------------
                                             20.406172   slack (MET)


Startpoint: spi_clk (input port clocked by clk)
Endpoint: spi_out.shift_reg[5]_sky130_fd_sc_hd__dfrtp_2_Q
          (rising edge-triggered flip-flop clocked by clk)
Path Group: clk
Path Type: max

Fanout         Cap        Slew       Delay        Time   Description
---------------------------------------------------------------------------------------------
                      0.150000    0.000000    0.000000   clock clk (rise edge)
                                  0.000000    0.000000   clock network delay (ideal)
                                  6.000000    6.000000 v input external delay
     3    0.004369    0.025475    0.014132    6.014132 v spi_clk (in)
                                                         spi_clk (net)
                      0.025475    0.000000    6.014132 v spi_clk_sky130_fd_sc_hd__or3b_2_A/A (sky130_fd_sc_hd__or3b_2)
     1    0.004670    0.178018    1.077791    7.091923 v spi_clk_sky130_fd_sc_hd__or3b_2_A/X (sky130_fd_sc_hd__or3b_2)
                                                         spi_clk_sky130_fd_sc_hd__or3b_2_A_X (net)
                      0.178018    0.000000    7.091923 v spi_sel_sky130_fd_sc_hd__a21oi_2_B1/A2 (sky130_fd_sc_hd__a21oi_2)
    19    0.064009    1.229145    1.037039    8.128962 ^ spi_sel_sky130_fd_sc_hd__a21oi_2_B1/Y (sky130_fd_sc_hd__a21oi_2)
                                                         spi_sel_sky130_fd_sc_hd__a21oi_2_B1_Y (net)
                      1.229145    0.000000    8.128962 ^ spi_out.shift_reg[5]_sky130_fd_sc_hd__mux2_1_A0/S (sky130_fd_sc_hd__mux2_1)
     1    0.001838    0.102419    0.946053    9.075015 v spi_out.shift_reg[5]_sky130_fd_sc_hd__mux2_1_A0/X (sky130_fd_sc_hd__mux2_1)
                                                         spi_out.shift_reg[5]_sky130_fd_sc_hd__dfrtp_2_Q_D (net)
                      0.102419    0.000000    9.075015 v spi_out.shift_reg[5]_sky130_fd_sc_hd__dfrtp_2_Q/D (sky130_fd_sc_hd__dfrtp_2)
                                              9.075015   data arrival time

                      0.150000   30.000000   30.000000   clock clk (rise edge)
                                  0.000000   30.000000   clock network delay (ideal)
                                 -0.250000   29.750000   clock uncertainty
                                  0.000000   29.750000   clock reconvergence pessimism
                                             29.750000 ^ spi_out.shift_reg[5]_sky130_fd_sc_hd__dfrtp_2_Q/CLK (sky130_fd_sc_hd__dfrtp_2)
                                 -0.268814   29.481186   library setup time
                                             29.481186   data required time
---------------------------------------------------------------------------------------------
                                             29.481186   data required time
                                             -9.075015   data arrival time
---------------------------------------------------------------------------------------------
                                             20.406172   slack (MET)


Startpoint: spi_clk (input port clocked by clk)
Endpoint: spi_out.shift_reg[6]_sky130_fd_sc_hd__dfrtp_2_Q
          (rising edge-triggered flip-flop clocked by clk)
Path Group: clk
Path Type: max

Fanout         Cap        Slew       Delay        Time   Description
---------------------------------------------------------------------------------------------
                      0.150000    0.000000    0.000000   clock clk (rise edge)
                                  0.000000    0.000000   clock network delay (ideal)
                                  6.000000    6.000000 v input external delay
     3    0.004369    0.025475    0.014132    6.014132 v spi_clk (in)
                                                         spi_clk (net)
                      0.025475    0.000000    6.014132 v spi_clk_sky130_fd_sc_hd__or3b_2_A/A (sky130_fd_sc_hd__or3b_2)
     1    0.004670    0.178018    1.077791    7.091923 v spi_clk_sky130_fd_sc_hd__or3b_2_A/X (sky130_fd_sc_hd__or3b_2)
                                                         spi_clk_sky130_fd_sc_hd__or3b_2_A_X (net)
                      0.178018    0.000000    7.091923 v spi_sel_sky130_fd_sc_hd__a21oi_2_B1/A2 (sky130_fd_sc_hd__a21oi_2)
    19    0.064009    1.229145    1.037039    8.128962 ^ spi_sel_sky130_fd_sc_hd__a21oi_2_B1/Y (sky130_fd_sc_hd__a21oi_2)
                                                         spi_sel_sky130_fd_sc_hd__a21oi_2_B1_Y (net)
                      1.229145    0.000000    8.128962 ^ spi_out.shift_reg[6]_sky130_fd_sc_hd__mux2_1_A0/S (sky130_fd_sc_hd__mux2_1)
     1    0.001838    0.102419    0.946053    9.075015 v spi_out.shift_reg[6]_sky130_fd_sc_hd__mux2_1_A0/X (sky130_fd_sc_hd__mux2_1)
                                                         spi_out.shift_reg[6]_sky130_fd_sc_hd__dfrtp_2_Q_D (net)
                      0.102419    0.000000    9.075015 v spi_out.shift_reg[6]_sky130_fd_sc_hd__dfrtp_2_Q/D (sky130_fd_sc_hd__dfrtp_2)
                                              9.075015   data arrival time

                      0.150000   30.000000   30.000000   clock clk (rise edge)
                                  0.000000   30.000000   clock network delay (ideal)
                                 -0.250000   29.750000   clock uncertainty
                                  0.000000   29.750000   clock reconvergence pessimism
                                             29.750000 ^ spi_out.shift_reg[6]_sky130_fd_sc_hd__dfrtp_2_Q/CLK (sky130_fd_sc_hd__dfrtp_2)
                                 -0.268814   29.481186   library setup time
                                             29.481186   data required time
---------------------------------------------------------------------------------------------
                                             29.481186   data required time
                                             -9.075015   data arrival time
---------------------------------------------------------------------------------------------
                                             20.406172   slack (MET)


Startpoint: spi_clk (input port clocked by clk)
Endpoint: spi_out.shift_reg[7]_sky130_fd_sc_hd__dfrtp_2_Q
          (rising edge-triggered flip-flop clocked by clk)
Path Group: clk
Path Type: max

Fanout         Cap        Slew       Delay        Time   Description
---------------------------------------------------------------------------------------------
                      0.150000    0.000000    0.000000   clock clk (rise edge)
                                  0.000000    0.000000   clock network delay (ideal)
                                  6.000000    6.000000 v input external delay
     3    0.004369    0.025475    0.014132    6.014132 v spi_clk (in)
                                                         spi_clk (net)
                      0.025475    0.000000    6.014132 v spi_clk_sky130_fd_sc_hd__or3b_2_A/A (sky130_fd_sc_hd__or3b_2)
     1    0.004670    0.178018    1.077791    7.091923 v spi_clk_sky130_fd_sc_hd__or3b_2_A/X (sky130_fd_sc_hd__or3b_2)
                                                         spi_clk_sky130_fd_sc_hd__or3b_2_A_X (net)
                      0.178018    0.000000    7.091923 v spi_sel_sky130_fd_sc_hd__a21oi_2_B1/A2 (sky130_fd_sc_hd__a21oi_2)
    19    0.064009    1.229145    1.037039    8.128962 ^ spi_sel_sky130_fd_sc_hd__a21oi_2_B1/Y (sky130_fd_sc_hd__a21oi_2)
                                                         spi_sel_sky130_fd_sc_hd__a21oi_2_B1_Y (net)
                      1.229145    0.000000    8.128962 ^ spi_out.shift_reg[7]_sky130_fd_sc_hd__mux2_1_A0/S (sky130_fd_sc_hd__mux2_1)
     1    0.001838    0.102419    0.946053    9.075015 v spi_out.shift_reg[7]_sky130_fd_sc_hd__mux2_1_A0/X (sky130_fd_sc_hd__mux2_1)
                                                         spi_out.shift_reg[7]_sky130_fd_sc_hd__dfrtp_2_Q_D (net)
                      0.102419    0.000000    9.075015 v spi_out.shift_reg[7]_sky130_fd_sc_hd__dfrtp_2_Q/D (sky130_fd_sc_hd__dfrtp_2)
                                              9.075015   data arrival time

                      0.150000   30.000000   30.000000   clock clk (rise edge)
                                  0.000000   30.000000   clock network delay (ideal)
                                 -0.250000   29.750000   clock uncertainty
                                  0.000000   29.750000   clock reconvergence pessimism
                                             29.750000 ^ spi_out.shift_reg[7]_sky130_fd_sc_hd__dfrtp_2_Q/CLK (sky130_fd_sc_hd__dfrtp_2)
                                 -0.268814   29.481186   library setup time
                                             29.481186   data required time
---------------------------------------------------------------------------------------------
                                             29.481186   data required time
                                             -9.075015   data arrival time
---------------------------------------------------------------------------------------------
                                             20.406172   slack (MET)


Startpoint: spi_clk (input port clocked by clk)
Endpoint: spi_out.shift_reg[8]_sky130_fd_sc_hd__dfrtp_2_Q
          (rising edge-triggered flip-flop clocked by clk)
Path Group: clk
Path Type: max

Fanout         Cap        Slew       Delay        Time   Description
---------------------------------------------------------------------------------------------
                      0.150000    0.000000    0.000000   clock clk (rise edge)
                                  0.000000    0.000000   clock network delay (ideal)
                                  6.000000    6.000000 v input external delay
     3    0.004369    0.025475    0.014132    6.014132 v spi_clk (in)
                                                         spi_clk (net)
                      0.025475    0.000000    6.014132 v spi_clk_sky130_fd_sc_hd__or3b_2_A/A (sky130_fd_sc_hd__or3b_2)
     1    0.004670    0.178018    1.077791    7.091923 v spi_clk_sky130_fd_sc_hd__or3b_2_A/X (sky130_fd_sc_hd__or3b_2)
                                                         spi_clk_sky130_fd_sc_hd__or3b_2_A_X (net)
                      0.178018    0.000000    7.091923 v spi_sel_sky130_fd_sc_hd__a21oi_2_B1/A2 (sky130_fd_sc_hd__a21oi_2)
    19    0.064009    1.229145    1.037039    8.128962 ^ spi_sel_sky130_fd_sc_hd__a21oi_2_B1/Y (sky130_fd_sc_hd__a21oi_2)
                                                         spi_sel_sky130_fd_sc_hd__a21oi_2_B1_Y (net)
                      1.229145    0.000000    8.128962 ^ spi_out.shift_reg[8]_sky130_fd_sc_hd__mux2_1_A0/S (sky130_fd_sc_hd__mux2_1)
     1    0.001838    0.102419    0.946053    9.075015 v spi_out.shift_reg[8]_sky130_fd_sc_hd__mux2_1_A0/X (sky130_fd_sc_hd__mux2_1)
                                                         spi_out.shift_reg[8]_sky130_fd_sc_hd__dfrtp_2_Q_D (net)
                      0.102419    0.000000    9.075015 v spi_out.shift_reg[8]_sky130_fd_sc_hd__dfrtp_2_Q/D (sky130_fd_sc_hd__dfrtp_2)
                                              9.075015   data arrival time

                      0.150000   30.000000   30.000000   clock clk (rise edge)
                                  0.000000   30.000000   clock network delay (ideal)
                                 -0.250000   29.750000   clock uncertainty
                                  0.000000   29.750000   clock reconvergence pessimism
                                             29.750000 ^ spi_out.shift_reg[8]_sky130_fd_sc_hd__dfrtp_2_Q/CLK (sky130_fd_sc_hd__dfrtp_2)
                                 -0.268814   29.481186   library setup time
                                             29.481186   data required time
---------------------------------------------------------------------------------------------
                                             29.481186   data required time
                                             -9.075015   data arrival time
---------------------------------------------------------------------------------------------
                                             20.406172   slack (MET)


Startpoint: spi_clk (input port clocked by clk)
Endpoint: spi_out.shift_reg[9]_sky130_fd_sc_hd__dfrtp_2_Q
          (rising edge-triggered flip-flop clocked by clk)
Path Group: clk
Path Type: max

Fanout         Cap        Slew       Delay        Time   Description
---------------------------------------------------------------------------------------------
                      0.150000    0.000000    0.000000   clock clk (rise edge)
                                  0.000000    0.000000   clock network delay (ideal)
                                  6.000000    6.000000 v input external delay
     3    0.004369    0.025475    0.014132    6.014132 v spi_clk (in)
                                                         spi_clk (net)
                      0.025475    0.000000    6.014132 v spi_clk_sky130_fd_sc_hd__or3b_2_A/A (sky130_fd_sc_hd__or3b_2)
     1    0.004670    0.178018    1.077791    7.091923 v spi_clk_sky130_fd_sc_hd__or3b_2_A/X (sky130_fd_sc_hd__or3b_2)
                                                         spi_clk_sky130_fd_sc_hd__or3b_2_A_X (net)
                      0.178018    0.000000    7.091923 v spi_sel_sky130_fd_sc_hd__a21oi_2_B1/A2 (sky130_fd_sc_hd__a21oi_2)
    19    0.064009    1.229145    1.037039    8.128962 ^ spi_sel_sky130_fd_sc_hd__a21oi_2_B1/Y (sky130_fd_sc_hd__a21oi_2)
                                                         spi_sel_sky130_fd_sc_hd__a21oi_2_B1_Y (net)
                      1.229145    0.000000    8.128962 ^ spi_out.shift_reg[9]_sky130_fd_sc_hd__mux2_1_A0/S (sky130_fd_sc_hd__mux2_1)
     1    0.001838    0.102419    0.946053    9.075015 v spi_out.shift_reg[9]_sky130_fd_sc_hd__mux2_1_A0/X (sky130_fd_sc_hd__mux2_1)
                                                         spi_out.shift_reg[9]_sky130_fd_sc_hd__dfrtp_2_Q_D (net)
                      0.102419    0.000000    9.075015 v spi_out.shift_reg[9]_sky130_fd_sc_hd__dfrtp_2_Q/D (sky130_fd_sc_hd__dfrtp_2)
                                              9.075015   data arrival time

                      0.150000   30.000000   30.000000   clock clk (rise edge)
                                  0.000000   30.000000   clock network delay (ideal)
                                 -0.250000   29.750000   clock uncertainty
                                  0.000000   29.750000   clock reconvergence pessimism
                                             29.750000 ^ spi_out.shift_reg[9]_sky130_fd_sc_hd__dfrtp_2_Q/CLK (sky130_fd_sc_hd__dfrtp_2)
                                 -0.268814   29.481186   library setup time
                                             29.481186   data required time
---------------------------------------------------------------------------------------------
                                             29.481186   data required time
                                             -9.075015   data arrival time
---------------------------------------------------------------------------------------------
                                             20.406172   slack (MET)


Startpoint: filter.y_out[2]_sky130_fd_sc_hd__dfrtp_2_Q
            (rising edge-triggered flip-flop clocked by clk)
Endpoint: filter.y_out[0]_sky130_fd_sc_hd__dfrtp_2_Q
          (rising edge-triggered flip-flop clocked by clk)
Path Group: clk
Path Type: max

Fanout         Cap        Slew       Delay        Time   Description
---------------------------------------------------------------------------------------------
                      0.150000    0.000000    0.000000   clock clk (rise edge)
                                  0.000000    0.000000   clock network delay (ideal)
                      0.150000    0.000000    0.000000 ^ filter.y_out[2]_sky130_fd_sc_hd__dfrtp_2_Q/CLK (sky130_fd_sc_hd__dfrtp_2)
     6    0.026539    0.182147    0.966114    0.966114 v filter.y_out[2]_sky130_fd_sc_hd__dfrtp_2_Q/Q (sky130_fd_sc_hd__dfrtp_2)
                                                         filter.y_out[2] (net)
                      0.182147    0.000000    0.966114 v filter.y_out[2]_sky130_fd_sc_hd__xor2_2_A/A (sky130_fd_sc_hd__xor2_2)
     4    0.022484    0.480097    0.519794    1.485909 ^ filter.y_out[2]_sky130_fd_sc_hd__xor2_2_A/X (sky130_fd_sc_hd__xor2_2)
                                                         filter.x_in[2]_sky130_fd_sc_hd__inv_2_A_Y_sky130_fd_sc_hd__o2bb2ai_2_B2_A2_N_sky130_fd_sc_hd__a21o_2_B1_A2 (net)
                      0.480097    0.000000    1.485909 ^ filter.y_out[1]_sky130_fd_sc_hd__xor2_2_A/B (sky130_fd_sc_hd__xor2_2)
    10    0.033390    0.343085    0.468952    1.954861 v filter.y_out[1]_sky130_fd_sc_hd__xor2_2_A/X (sky130_fd_sc_hd__xor2_2)
                                                         filter.y_out[1]_sky130_fd_sc_hd__xor2_2_A_X (net)
                      0.343085    0.000000    1.954861 v filter.x_in[10]_sky130_fd_sc_hd__or2_2_A_B_sky130_fd_sc_hd__xor2_2_X_B_sky130_fd_sc_hd__a31o_2_X_A3_sky130_fd_sc_hd__xnor2_2_Y_A_sky130_fd_sc_hd__o21ai_2_B1_Y_sky130_fd_sc_hd__xnor2_2_A_B_sky130_fd_sc_hd__and3_2_X_B_sky130_fd_sc_hd__or3_2_X/B (sky130_fd_sc_hd__or3_2)
     5    0.011500    0.222028    1.244183    3.199044 v filter.x_in[10]_sky130_fd_sc_hd__or2_2_A_B_sky130_fd_sc_hd__xor2_2_X_B_sky130_fd_sc_hd__a31o_2_X_A3_sky130_fd_sc_hd__xnor2_2_Y_A_sky130_fd_sc_hd__o21ai_2_B1_Y_sky130_fd_sc_hd__xnor2_2_A_B_sky130_fd_sc_hd__and3_2_X_B_sky130_fd_sc_hd__or3_2_X/X (sky130_fd_sc_hd__or3_2)
                                                         filter.x_in[10]_sky130_fd_sc_hd__or2_2_A_B_sky130_fd_sc_hd__xor2_2_X_B_sky130_fd_sc_hd__a31o_2_X_A3_sky130_fd_sc_hd__xnor2_2_Y_A_sky130_fd_sc_hd__o21ai_2_B1_Y_sky130_fd_sc_hd__xnor2_2_A_B_sky130_fd_sc_hd__and3_2_X_B (net)
                      0.222028    0.000000    3.199044 v filter.x_in[10]_sky130_fd_sc_hd__or2_2_A_B_sky130_fd_sc_hd__xor2_2_X_B_sky130_fd_sc_hd__a31o_2_X_A3_sky130_fd_sc_hd__xnor2_2_Y_A_sky130_fd_sc_hd__o21ai_2_B1_Y_sky130_fd_sc_hd__xnor2_2_A_B_sky130_fd_sc_hd__and3_2_X/B (sky130_fd_sc_hd__and3_2)
     3    0.010965    0.111725    0.526806    3.725850 v filter.x_in[10]_sky130_fd_sc_hd__or2_2_A_B_sky130_fd_sc_hd__xor2_2_X_B_sky130_fd_sc_hd__a31o_2_X_A3_sky130_fd_sc_hd__xnor2_2_Y_A_sky130_fd_sc_hd__o21ai_2_B1_Y_sky130_fd_sc_hd__xnor2_2_A_B_sky130_fd_sc_hd__and3_2_X/X (sky130_fd_sc_hd__and3_2)
                                                         filter.x_in[10]_sky130_fd_sc_hd__or2_2_A_B_sky130_fd_sc_hd__xor2_2_X_B_sky130_fd_sc_hd__a31o_2_X_A3_sky130_fd_sc_hd__xnor2_2_Y_A_sky130_fd_sc_hd__o21ai_2_B1_Y_sky130_fd_sc_hd__xnor2_2_A_B (net)
                      0.111725    0.000000    3.725850 v filter.y_out[0]_sky130_fd_sc_hd__dfrtp_2_Q_D_sky130_fd_sc_hd__xor2_2_X_A_sky130_fd_sc_hd__and3b_2_X_C_sky130_fd_sc_hd__a21o_2_X_B1_sky130_fd_sc_hd__a2bb2o_2_X_A1_N_sky130_fd_sc_hd__o2bb2a_2_X_A1_N_sky130_fd_sc_hd__a32o_2_X_A2_sky130_fd_sc_hd__and4_2_B/C (sky130_fd_sc_hd__and4_2)
     4    0.013318    0.125069    0.543343    4.269193 v filter.y_out[0]_sky130_fd_sc_hd__dfrtp_2_Q_D_sky130_fd_sc_hd__xor2_2_X_A_sky130_fd_sc_hd__and3b_2_X_C_sky130_fd_sc_hd__a21o_2_X_B1_sky130_fd_sc_hd__a2bb2o_2_X_A1_N_sky130_fd_sc_hd__o2bb2a_2_X_A1_N_sky130_fd_sc_hd__a32o_2_X_A2_sky130_fd_sc_hd__and4_2_B/X (sky130_fd_sc_hd__and4_2)
                                                         filter.y_out[0]_sky130_fd_sc_hd__dfrtp_2_Q_D_sky130_fd_sc_hd__xor2_2_X_A_sky130_fd_sc_hd__and3b_2_X_C_sky130_fd_sc_hd__a21o_2_X_B1_sky130_fd_sc_hd__a2bb2o_2_X_A1_N_sky130_fd_sc_hd__o2bb2a_2_X_A1_N_sky130_fd_sc_hd__a32o_2_X_A2_sky130_fd_sc_hd__and4_2_B_X (net)
                      0.125069    0.000000    4.269193 v filter.y_out[0]_sky130_fd_sc_hd__dfrtp_2_Q_D_sky130_fd_sc_hd__xor2_2_X_A_sky130_fd_sc_hd__and3b_2_X_C_sky130_fd_sc_hd__a21o_2_X_B1_sky130_fd_sc_hd__a2bb2o_2_X_B1_sky130_fd_sc_hd__a2bb2o_2_X_B2_sky130_fd_sc_hd__o32a_2_X_A2_sky130_fd_sc_hd__nor3_2_Y/B (sky130_fd_sc_hd__nor3_2)
     3    0.006513    0.283189    0.331470    4.600663 ^ filter.y_out[0]_sky130_fd_sc_hd__dfrtp_2_Q_D_sky130_fd_sc_hd__xor2_2_X_A_sky130_fd_sc_hd__and3b_2_X_C_sky130_fd_sc_hd__a21o_2_X_B1_sky130_fd_sc_hd__a2bb2o_2_X_B1_sky130_fd_sc_hd__a2bb2o_2_X_B2_sky130_fd_sc_hd__o32a_2_X_A2_sky130_fd_sc_hd__nor3_2_Y/Y (sky130_fd_sc_hd__nor3_2)
                                                         filter.y_out[0]_sky130_fd_sc_hd__dfrtp_2_Q_D_sky130_fd_sc_hd__xor2_2_X_A_sky130_fd_sc_hd__and3b_2_X_C_sky130_fd_sc_hd__a21o_2_X_B1_sky130_fd_sc_hd__a2bb2o_2_X_B1_sky130_fd_sc_hd__a2bb2o_2_X_B2_sky130_fd_sc_hd__o32a_2_X_A2 (net)
                      0.283189    0.000000    4.600663 ^ filter.y_out[0]_sky130_fd_sc_hd__dfrtp_2_Q_D_sky130_fd_sc_hd__xor2_2_X_A_sky130_fd_sc_hd__and3b_2_X_C_sky130_fd_sc_hd__a21o_2_X_B1_sky130_fd_sc_hd__a2bb2o_2_X_B1_sky130_fd_sc_hd__a2bb2o_2_X_B2_sky130_fd_sc_hd__o32a_2_X_A2_sky130_fd_sc_hd__and2b_2_A_N/A_N (sky130_fd_sc_hd__and2b_2)
     2    0.004540    0.079845    0.532263    5.132926 v filter.y_out[0]_sky130_fd_sc_hd__dfrtp_2_Q_D_sky130_fd_sc_hd__xor2_2_X_A_sky130_fd_sc_hd__and3b_2_X_C_sky130_fd_sc_hd__a21o_2_X_B1_sky130_fd_sc_hd__a2bb2o_2_X_B1_sky130_fd_sc_hd__a2bb2o_2_X_B2_sky130_fd_sc_hd__o32a_2_X_A2_sky130_fd_sc_hd__and2b_2_A_N/X (sky130_fd_sc_hd__and2b_2)
                                                         filter.y_out[0]_sky130_fd_sc_hd__dfrtp_2_Q_D_sky130_fd_sc_hd__xor2_2_X_A_sky130_fd_sc_hd__and3b_2_X_C_sky130_fd_sc_hd__a21o_2_X_B1_sky130_fd_sc_hd__a2bb2o_2_X_B1_sky130_fd_sc_hd__a2bb2o_2_X_B1_sky130_fd_sc_hd__or3_2_X_C_sky130_fd_sc_hd__o21a_2_X_A1 (net)
                      0.079845    0.000000    5.132926 v filter.y_out[0]_sky130_fd_sc_hd__dfrtp_2_Q_D_sky130_fd_sc_hd__xor2_2_X_A_sky130_fd_sc_hd__and3b_2_X_C_sky130_fd_sc_hd__a21o_2_X_B1_sky130_fd_sc_hd__a2bb2o_2_X_B1_sky130_fd_sc_hd__a2bb2o_2_X_B1_sky130_fd_sc_hd__or3_2_X_C_sky130_fd_sc_hd__o21a_2_X_B1_sky130_fd_sc_hd__a221o_2_X/A1 (sky130_fd_sc_hd__a221o_2)
     1    0.002359    0.086327    0.642843    5.775768 v filter.y_out[0]_sky130_fd_sc_hd__dfrtp_2_Q_D_sky130_fd_sc_hd__xor2_2_X_A_sky130_fd_sc_hd__and3b_2_X_C_sky130_fd_sc_hd__a21o_2_X_B1_sky130_fd_sc_hd__a2bb2o_2_X_B1_sky130_fd_sc_hd__a2bb2o_2_X_B1_sky130_fd_sc_hd__or3_2_X_C_sky130_fd_sc_hd__o21a_2_X_B1_sky130_fd_sc_hd__a221o_2_X/X (sky130_fd_sc_hd__a221o_2)
                                                         filter.y_out[0]_sky130_fd_sc_hd__dfrtp_2_Q_D_sky130_fd_sc_hd__xor2_2_X_A_sky130_fd_sc_hd__and3b_2_X_C_sky130_fd_sc_hd__a21o_2_X_B1_sky130_fd_sc_hd__a2bb2o_2_X_B1_sky130_fd_sc_hd__a2bb2o_2_X_B1_sky130_fd_sc_hd__or3_2_X_C_sky130_fd_sc_hd__o21a_2_X_B1 (net)
                      0.086327    0.000000    5.775768 v filter.y_out[0]_sky130_fd_sc_hd__dfrtp_2_Q_D_sky130_fd_sc_hd__xor2_2_X_A_sky130_fd_sc_hd__and3b_2_X_C_sky130_fd_sc_hd__a21o_2_X_B1_sky130_fd_sc_hd__a2bb2o_2_X_B1_sky130_fd_sc_hd__a2bb2o_2_X_B1_sky130_fd_sc_hd__or3_2_X_C_sky130_fd_sc_hd__o21a_2_X/B1 (sky130_fd_sc_hd__o21a_2)
     2    0.005518    0.074873    0.231014    6.006782 v filter.y_out[0]_sky130_fd_sc_hd__dfrtp_2_Q_D_sky130_fd_sc_hd__xor2_2_X_A_sky130_fd_sc_hd__and3b_2_X_C_sky130_fd_sc_hd__a21o_2_X_B1_sky130_fd_sc_hd__a2bb2o_2_X_B1_sky130_fd_sc_hd__a2bb2o_2_X_B1_sky130_fd_sc_hd__or3_2_X_C_sky130_fd_sc_hd__o21a_2_X/X (sky130_fd_sc_hd__o21a_2)
                                                         filter.y_out[0]_sky130_fd_sc_hd__dfrtp_2_Q_D_sky130_fd_sc_hd__xor2_2_X_A_sky130_fd_sc_hd__and3b_2_X_C_sky130_fd_sc_hd__a21o_2_X_B1_sky130_fd_sc_hd__a2bb2o_2_X_B1_sky130_fd_sc_hd__a2bb2o_2_X_B1_sky130_fd_sc_hd__or3_2_X_C (net)
                      0.074873    0.000000    6.006782 v filter.y_out[0]_sky130_fd_sc_hd__dfrtp_2_Q_D_sky130_fd_sc_hd__xor2_2_X_A_sky130_fd_sc_hd__and3b_2_X_C_sky130_fd_sc_hd__a21o_2_X_B1_sky130_fd_sc_hd__a2bb2o_2_X_B1_sky130_fd_sc_hd__a2bb2o_2_X_B1_sky130_fd_sc_hd__or3_2_X/C (sky130_fd_sc_hd__or3_2)
     1    0.001639    0.152740    0.939160    6.945942 v filter.y_out[0]_sky130_fd_sc_hd__dfrtp_2_Q_D_sky130_fd_sc_hd__xor2_2_X_A_sky130_fd_sc_hd__and3b_2_X_C_sky130_fd_sc_hd__a21o_2_X_B1_sky130_fd_sc_hd__a2bb2o_2_X_B1_sky130_fd_sc_hd__a2bb2o_2_X_B1_sky130_fd_sc_hd__or3_2_X/X (sky130_fd_sc_hd__or3_2)
                                                         filter.y_out[0]_sky130_fd_sc_hd__dfrtp_2_Q_D_sky130_fd_sc_hd__xor2_2_X_A_sky130_fd_sc_hd__and3b_2_X_C_sky130_fd_sc_hd__a21o_2_X_B1_sky130_fd_sc_hd__a2bb2o_2_X_B1_sky130_fd_sc_hd__a2bb2o_2_X_B1 (net)
                      0.152740    0.000000    6.945942 v filter.y_out[0]_sky130_fd_sc_hd__dfrtp_2_Q_D_sky130_fd_sc_hd__xor2_2_X_A_sky130_fd_sc_hd__and3b_2_X_C_sky130_fd_sc_hd__a21o_2_X_B1_sky130_fd_sc_hd__a2bb2o_2_X_B1_sky130_fd_sc_hd__a2bb2o_2_X/B1 (sky130_fd_sc_hd__a2bb2o_2)
     1    0.001639    0.073010    0.521575    7.467517 v filter.y_out[0]_sky130_fd_sc_hd__dfrtp_2_Q_D_sky130_fd_sc_hd__xor2_2_X_A_sky130_fd_sc_hd__and3b_2_X_C_sky130_fd_sc_hd__a21o_2_X_B1_sky130_fd_sc_hd__a2bb2o_2_X_B1_sky130_fd_sc_hd__a2bb2o_2_X/X (sky130_fd_sc_hd__a2bb2o_2)
                                                         filter.y_out[0]_sky130_fd_sc_hd__dfrtp_2_Q_D_sky130_fd_sc_hd__xor2_2_X_A_sky130_fd_sc_hd__and3b_2_X_C_sky130_fd_sc_hd__a21o_2_X_B1_sky130_fd_sc_hd__a2bb2o_2_X_B1 (net)
                      0.073010    0.000000    7.467517 v filter.y_out[0]_sky130_fd_sc_hd__dfrtp_2_Q_D_sky130_fd_sc_hd__xor2_2_X_A_sky130_fd_sc_hd__and3b_2_X_C_sky130_fd_sc_hd__a21o_2_X_B1_sky130_fd_sc_hd__a2bb2o_2_X/B1 (sky130_fd_sc_hd__a2bb2o_2)
     1    0.002258    0.076720    0.492969    7.960487 v filter.y_out[0]_sky130_fd_sc_hd__dfrtp_2_Q_D_sky130_fd_sc_hd__xor2_2_X_A_sky130_fd_sc_hd__and3b_2_X_C_sky130_fd_sc_hd__a21o_2_X_B1_sky130_fd_sc_hd__a2bb2o_2_X/X (sky130_fd_sc_hd__a2bb2o_2)
                                                         filter.y_out[0]_sky130_fd_sc_hd__dfrtp_2_Q_D_sky130_fd_sc_hd__xor2_2_X_A_sky130_fd_sc_hd__and3b_2_X_C_sky130_fd_sc_hd__a21o_2_X_B1 (net)
                      0.076720    0.000000    7.960487 v filter.y_out[0]_sky130_fd_sc_hd__dfrtp_2_Q_D_sky130_fd_sc_hd__xor2_2_X_A_sky130_fd_sc_hd__and3b_2_X_C_sky130_fd_sc_hd__a21o_2_X/B1 (sky130_fd_sc_hd__a21o_2)
     1    0.001397    0.050390    0.324095    8.284582 v filter.y_out[0]_sky130_fd_sc_hd__dfrtp_2_Q_D_sky130_fd_sc_hd__xor2_2_X_A_sky130_fd_sc_hd__and3b_2_X_C_sky130_fd_sc_hd__a21o_2_X/X (sky130_fd_sc_hd__a21o_2)
                                                         filter.y_out[0]_sky130_fd_sc_hd__dfrtp_2_Q_D_sky130_fd_sc_hd__xor2_2_X_A_sky130_fd_sc_hd__and3b_2_X_C (net)
                      0.050390    0.000000    8.284582 v filter.y_out[0]_sky130_fd_sc_hd__dfrtp_2_Q_D_sky130_fd_sc_hd__xor2_2_X_A_sky130_fd_sc_hd__and3b_2_X/C (sky130_fd_sc_hd__and3b_2)
     2    0.010450    0.109277    0.470405    8.754987 v filter.y_out[0]_sky130_fd_sc_hd__dfrtp_2_Q_D_sky130_fd_sc_hd__xor2_2_X_A_sky130_fd_sc_hd__and3b_2_X/X (sky130_fd_sc_hd__and3b_2)
                                                         filter.y_out[0]_sky130_fd_sc_hd__dfrtp_2_Q_D_sky130_fd_sc_hd__xor2_2_X_A (net)
                      0.109277    0.000000    8.754987 v filter.y_out[0]_sky130_fd_sc_hd__dfrtp_2_Q_D_sky130_fd_sc_hd__xor2_2_X/A (sky130_fd_sc_hd__xor2_2)
     1    0.001838    0.090040    0.304546    9.059533 v filter.y_out[0]_sky130_fd_sc_hd__dfrtp_2_Q_D_sky130_fd_sc_hd__xor2_2_X/X (sky130_fd_sc_hd__xor2_2)
                                                         filter.y_out[0]_sky130_fd_sc_hd__dfrtp_2_Q_D (net)
                      0.090040    0.000000    9.059533 v filter.y_out[0]_sky130_fd_sc_hd__dfrtp_2_Q/D (sky130_fd_sc_hd__dfrtp_2)
                                              9.059533   data arrival time

                      0.150000   30.000000   30.000000   clock clk (rise edge)
                                  0.000000   30.000000   clock network delay (ideal)
                                 -0.250000   29.750000   clock uncertainty
                                  0.000000   29.750000   clock reconvergence pessimism
                                             29.750000 ^ filter.y_out[0]_sky130_fd_sc_hd__dfrtp_2_Q/CLK (sky130_fd_sc_hd__dfrtp_2)
                                 -0.263649   29.486353   library setup time
                                             29.486353   data required time
---------------------------------------------------------------------------------------------
                                             29.486353   data required time
                                             -9.059533   data arrival time
---------------------------------------------------------------------------------------------
                                             20.426819   slack (MET)


Startpoint: spi_clk (input port clocked by clk)
Endpoint: spi_out.bit_cnt[1]_sky130_fd_sc_hd__dfrtp_2_Q
          (rising edge-triggered flip-flop clocked by clk)
Path Group: clk
Path Type: max

Fanout         Cap        Slew       Delay        Time   Description
---------------------------------------------------------------------------------------------
                      0.150000    0.000000    0.000000   clock clk (rise edge)
                                  0.000000    0.000000   clock network delay (ideal)
                                  6.000000    6.000000 v input external delay
     3    0.004369    0.025475    0.014132    6.014132 v spi_clk (in)
                                                         spi_clk (net)
                      0.025475    0.000000    6.014132 v spi_clk_sky130_fd_sc_hd__or3b_2_A/A (sky130_fd_sc_hd__or3b_2)
     1    0.004670    0.178018    1.077791    7.091923 v spi_clk_sky130_fd_sc_hd__or3b_2_A/X (sky130_fd_sc_hd__or3b_2)
                                                         spi_clk_sky130_fd_sc_hd__or3b_2_A_X (net)
                      0.178018    0.000000    7.091923 v spi_sel_sky130_fd_sc_hd__a21oi_2_B1/A2 (sky130_fd_sc_hd__a21oi_2)
    19    0.064009    1.229145    1.037039    8.128962 ^ spi_sel_sky130_fd_sc_hd__a21oi_2_B1/Y (sky130_fd_sc_hd__a21oi_2)
                                                         spi_sel_sky130_fd_sc_hd__a21oi_2_B1_Y (net)
                      1.229145    0.000000    8.128962 ^ spi_out.bit_cnt[1]_sky130_fd_sc_hd__and3_2_A/C (sky130_fd_sc_hd__and3_2)
     4    0.019696    0.214468    0.805573    8.934534 ^ spi_out.bit_cnt[1]_sky130_fd_sc_hd__and3_2_A/X (sky130_fd_sc_hd__and3_2)
                                                         spi_out.bit_cnt[1]_sky130_fd_sc_hd__and3_2_A_X (net)
                      0.214468    0.000000    8.934534 ^ spi_out.bit_cnt[1]_sky130_fd_sc_hd__dfrtp_2_Q_D_sky130_fd_sc_hd__nor2_2_Y/A (sky130_fd_sc_hd__nor2_2)
     1    0.001838    0.052291    0.116476    9.051010 v spi_out.bit_cnt[1]_sky130_fd_sc_hd__dfrtp_2_Q_D_sky130_fd_sc_hd__nor2_2_Y/Y (sky130_fd_sc_hd__nor2_2)
                                                         spi_out.bit_cnt[1]_sky130_fd_sc_hd__dfrtp_2_Q_D (net)
                      0.052291    0.000000    9.051010 v spi_out.bit_cnt[1]_sky130_fd_sc_hd__dfrtp_2_Q/D (sky130_fd_sc_hd__dfrtp_2)
                                              9.051010   data arrival time

                      0.150000   30.000000   30.000000   clock clk (rise edge)
                                  0.000000   30.000000   clock network delay (ideal)
                                 -0.250000   29.750000   clock uncertainty
                                  0.000000   29.750000   clock reconvergence pessimism
                                             29.750000 ^ spi_out.bit_cnt[1]_sky130_fd_sc_hd__dfrtp_2_Q/CLK (sky130_fd_sc_hd__dfrtp_2)
                                 -0.247901   29.502100   library setup time
                                             29.502100   data required time
---------------------------------------------------------------------------------------------
                                             29.502100   data required time
                                             -9.051010   data arrival time
---------------------------------------------------------------------------------------------
                                             20.451090   slack (MET)


Startpoint: spi_clk (input port clocked by clk)
Endpoint: spi_out.shift_reg[0]_sky130_fd_sc_hd__dfrtp_2_Q
          (rising edge-triggered flip-flop clocked by clk)
Path Group: clk
Path Type: max

Fanout         Cap        Slew       Delay        Time   Description
---------------------------------------------------------------------------------------------
                      0.150000    0.000000    0.000000   clock clk (rise edge)
                                  0.000000    0.000000   clock network delay (ideal)
                                  6.000000    6.000000 v input external delay
     3    0.004369    0.025475    0.014132    6.014132 v spi_clk (in)
                                                         spi_clk (net)
                      0.025475    0.000000    6.014132 v spi_clk_sky130_fd_sc_hd__or3b_2_A/A (sky130_fd_sc_hd__or3b_2)
     1    0.004670    0.178018    1.077791    7.091923 v spi_clk_sky130_fd_sc_hd__or3b_2_A/X (sky130_fd_sc_hd__or3b_2)
                                                         spi_clk_sky130_fd_sc_hd__or3b_2_A_X (net)
                      0.178018    0.000000    7.091923 v spi_sel_sky130_fd_sc_hd__a21oi_2_B1/A2 (sky130_fd_sc_hd__a21oi_2)
    19    0.064009    1.229145    1.037039    8.128962 ^ spi_sel_sky130_fd_sc_hd__a21oi_2_B1/Y (sky130_fd_sc_hd__a21oi_2)
                                                         spi_sel_sky130_fd_sc_hd__a21oi_2_B1_Y (net)
                      1.229145    0.000000    8.128962 ^ spi_out.bit_cnt[4]_sky130_fd_sc_hd__o21a_2_B1_A2_sky130_fd_sc_hd__inv_2_Y/A (sky130_fd_sc_hd__inv_2)
     3    0.006327    0.198641    0.298730    8.427691 v spi_out.bit_cnt[4]_sky130_fd_sc_hd__o21a_2_B1_A2_sky130_fd_sc_hd__inv_2_Y/Y (sky130_fd_sc_hd__inv_2)
                                                         spi_out.bit_cnt[4]_sky130_fd_sc_hd__o21a_2_B1_A2 (net)
                      0.198641    0.000000    8.427691 v spi_out.shift_reg[0]_sky130_fd_sc_hd__a22o_2_A1/A2 (sky130_fd_sc_hd__a22o_2)
     1    0.001838    0.061120    0.507026    8.934717 v spi_out.shift_reg[0]_sky130_fd_sc_hd__a22o_2_A1/X (sky130_fd_sc_hd__a22o_2)
                                                         spi_out.shift_reg[0]_sky130_fd_sc_hd__dfrtp_2_Q_D (net)
                      0.061120    0.000000    8.934717 v spi_out.shift_reg[0]_sky130_fd_sc_hd__dfrtp_2_Q/D (sky130_fd_sc_hd__dfrtp_2)
                                              8.934717   data arrival time

                      0.150000   30.000000   30.000000   clock clk (rise edge)
                                  0.000000   30.000000   clock network delay (ideal)
                                 -0.250000   29.750000   clock uncertainty
                                  0.000000   29.750000   clock reconvergence pessimism
                                             29.750000 ^ spi_out.shift_reg[0]_sky130_fd_sc_hd__dfrtp_2_Q/CLK (sky130_fd_sc_hd__dfrtp_2)
                                 -0.251584   29.498417   library setup time
                                             29.498417   data required time
---------------------------------------------------------------------------------------------
                                             29.498417   data required time
                                             -8.934717   data arrival time
---------------------------------------------------------------------------------------------
                                             20.563700   slack (MET)


Startpoint: spi_sel (input port clocked by clk)
Endpoint: spi_in.bit_cnt[2]_sky130_fd_sc_hd__dfrtp_2_Q
          (rising edge-triggered flip-flop clocked by clk)
Path Group: clk
Path Type: max

Fanout         Cap        Slew       Delay        Time   Description
---------------------------------------------------------------------------------------------
                      0.150000    0.000000    0.000000   clock clk (rise edge)
                                  0.000000    0.000000   clock network delay (ideal)
                                  6.000000    6.000000 v input external delay
     3    0.012671    0.059283    0.039348    6.039348 v spi_sel (in)
                                                         spi_sel (net)
                      0.059283    0.000000    6.039348 v spi_sel_sky130_fd_sc_hd__nor3b_2_A/A (sky130_fd_sc_hd__nor3b_2)
    18    0.065451    1.729031    1.431130    7.470478 ^ spi_sel_sky130_fd_sc_hd__nor3b_2_A/Y (sky130_fd_sc_hd__nor3b_2)
                                                         spi_sel_sky130_fd_sc_hd__nor3b_2_A_Y (net)
                      1.729031    0.000000    7.470478 ^ spi_in.bit_cnt[1]_sky130_fd_sc_hd__and3_2_A/C (sky130_fd_sc_hd__and3_2)
     4    0.016103    0.196483    0.900076    8.370553 ^ spi_in.bit_cnt[1]_sky130_fd_sc_hd__and3_2_A/X (sky130_fd_sc_hd__and3_2)
                                                         spi_in.bit_cnt[1]_sky130_fd_sc_hd__and3_2_A_X (net)
                      0.196483    0.000000    8.370553 ^ spi_in.bit_cnt[2]_sky130_fd_sc_hd__xor2_2_A/B (sky130_fd_sc_hd__xor2_2)
     1    0.001838    0.077824    0.148433    8.518987 v spi_in.bit_cnt[2]_sky130_fd_sc_hd__xor2_2_A/X (sky130_fd_sc_hd__xor2_2)
                                                         spi_in.bit_cnt[2]_sky130_fd_sc_hd__dfrtp_2_Q_D (net)
                      0.077824    0.000000    8.518987 v spi_in.bit_cnt[2]_sky130_fd_sc_hd__dfrtp_2_Q/D (sky130_fd_sc_hd__dfrtp_2)
                                              8.518987   data arrival time

                      0.150000   30.000000   30.000000   clock clk (rise edge)
                                  0.000000   30.000000   clock network delay (ideal)
                                 -0.250000   29.750000   clock uncertainty
                                  0.000000   29.750000   clock reconvergence pessimism
                                             29.750000 ^ spi_in.bit_cnt[2]_sky130_fd_sc_hd__dfrtp_2_Q/CLK (sky130_fd_sc_hd__dfrtp_2)
                                 -0.258553   29.491447   library setup time
                                             29.491447   data required time
---------------------------------------------------------------------------------------------
                                             29.491447   data required time
                                             -8.518987   data arrival time
---------------------------------------------------------------------------------------------
                                             20.972462   slack (MET)


Startpoint: spi_sel (input port clocked by clk)
Endpoint: spi_in.shift_reg[0]_sky130_fd_sc_hd__dfrtp_2_Q
          (rising edge-triggered flip-flop clocked by clk)
Path Group: clk
Path Type: max

Fanout         Cap        Slew       Delay        Time   Description
---------------------------------------------------------------------------------------------
                      0.150000    0.000000    0.000000   clock clk (rise edge)
                                  0.000000    0.000000   clock network delay (ideal)
                                  6.000000    6.000000 v input external delay
     3    0.012671    0.059283    0.039348    6.039348 v spi_sel (in)
                                                         spi_sel (net)
                      0.059283    0.000000    6.039348 v spi_sel_sky130_fd_sc_hd__nor3b_2_A/A (sky130_fd_sc_hd__nor3b_2)
    18    0.065451    1.729031    1.431130    7.470478 ^ spi_sel_sky130_fd_sc_hd__nor3b_2_A/Y (sky130_fd_sc_hd__nor3b_2)
                                                         spi_sel_sky130_fd_sc_hd__nor3b_2_A_Y (net)
                      1.729031    0.000000    7.470478 ^ spi_mosi_sky130_fd_sc_hd__mux2_1_A1/S (sky130_fd_sc_hd__mux2_1)
     1    0.001838    0.102668    1.028875    8.499352 v spi_mosi_sky130_fd_sc_hd__mux2_1_A1/X (sky130_fd_sc_hd__mux2_1)
                                                         spi_in.shift_reg[0]_sky130_fd_sc_hd__dfrtp_2_Q_D (net)
                      0.102668    0.000000    8.499352 v spi_in.shift_reg[0]_sky130_fd_sc_hd__dfrtp_2_Q/D (sky130_fd_sc_hd__dfrtp_2)
                                              8.499352   data arrival time

                      0.150000   30.000000   30.000000   clock clk (rise edge)
                                  0.000000   30.000000   clock network delay (ideal)
                                 -0.250000   29.750000   clock uncertainty
                                  0.000000   29.750000   clock reconvergence pessimism
                                             29.750000 ^ spi_in.shift_reg[0]_sky130_fd_sc_hd__dfrtp_2_Q/CLK (sky130_fd_sc_hd__dfrtp_2)
                                 -0.268917   29.481083   library setup time
                                             29.481083   data required time
---------------------------------------------------------------------------------------------
                                             29.481083   data required time
                                             -8.499352   data arrival time
---------------------------------------------------------------------------------------------
                                             20.981731   slack (MET)


Startpoint: spi_sel (input port clocked by clk)
Endpoint: spi_in.shift_reg[10]_sky130_fd_sc_hd__dfrtp_2_Q
          (rising edge-triggered flip-flop clocked by clk)
Path Group: clk
Path Type: max

Fanout         Cap        Slew       Delay        Time   Description
---------------------------------------------------------------------------------------------
                      0.150000    0.000000    0.000000   clock clk (rise edge)
                                  0.000000    0.000000   clock network delay (ideal)
                                  6.000000    6.000000 v input external delay
     3    0.012671    0.059283    0.039348    6.039348 v spi_sel (in)
                                                         spi_sel (net)
                      0.059283    0.000000    6.039348 v spi_sel_sky130_fd_sc_hd__nor3b_2_A/A (sky130_fd_sc_hd__nor3b_2)
    18    0.065451    1.729031    1.431130    7.470478 ^ spi_sel_sky130_fd_sc_hd__nor3b_2_A/Y (sky130_fd_sc_hd__nor3b_2)
                                                         spi_sel_sky130_fd_sc_hd__nor3b_2_A_Y (net)
                      1.729031    0.000000    7.470478 ^ spi_in.shift_reg[9]_sky130_fd_sc_hd__mux2_1_A1/S (sky130_fd_sc_hd__mux2_1)
     1    0.001838    0.102141    1.028875    8.499352 v spi_in.shift_reg[9]_sky130_fd_sc_hd__mux2_1_A1/X (sky130_fd_sc_hd__mux2_1)
                                                         spi_in.shift_reg[10]_sky130_fd_sc_hd__dfrtp_2_Q_D (net)
                      0.102141    0.000000    8.499352 v spi_in.shift_reg[10]_sky130_fd_sc_hd__dfrtp_2_Q/D (sky130_fd_sc_hd__dfrtp_2)
                                              8.499352   data arrival time

                      0.150000   30.000000   30.000000   clock clk (rise edge)
                                  0.000000   30.000000   clock network delay (ideal)
                                 -0.250000   29.750000   clock uncertainty
                                  0.000000   29.750000   clock reconvergence pessimism
                                             29.750000 ^ spi_in.shift_reg[10]_sky130_fd_sc_hd__dfrtp_2_Q/CLK (sky130_fd_sc_hd__dfrtp_2)
                                 -0.268697   29.481304   library setup time
                                             29.481304   data required time
---------------------------------------------------------------------------------------------
                                             29.481304   data required time
                                             -8.499352   data arrival time
---------------------------------------------------------------------------------------------
                                             20.981951   slack (MET)


Startpoint: spi_sel (input port clocked by clk)
Endpoint: spi_in.shift_reg[11]_sky130_fd_sc_hd__dfrtp_2_Q
          (rising edge-triggered flip-flop clocked by clk)
Path Group: clk
Path Type: max

Fanout         Cap        Slew       Delay        Time   Description
---------------------------------------------------------------------------------------------
                      0.150000    0.000000    0.000000   clock clk (rise edge)
                                  0.000000    0.000000   clock network delay (ideal)
                                  6.000000    6.000000 v input external delay
     3    0.012671    0.059283    0.039348    6.039348 v spi_sel (in)
                                                         spi_sel (net)
                      0.059283    0.000000    6.039348 v spi_sel_sky130_fd_sc_hd__nor3b_2_A/A (sky130_fd_sc_hd__nor3b_2)
    18    0.065451    1.729031    1.431130    7.470478 ^ spi_sel_sky130_fd_sc_hd__nor3b_2_A/Y (sky130_fd_sc_hd__nor3b_2)
                                                         spi_sel_sky130_fd_sc_hd__nor3b_2_A_Y (net)
                      1.729031    0.000000    7.470478 ^ spi_in.shift_reg[11]_sky130_fd_sc_hd__mux2_1_A0/S (sky130_fd_sc_hd__mux2_1)
     1    0.001838    0.102141    1.028875    8.499352 v spi_in.shift_reg[11]_sky130_fd_sc_hd__mux2_1_A0/X (sky130_fd_sc_hd__mux2_1)
                                                         spi_in.shift_reg[11]_sky130_fd_sc_hd__dfrtp_2_Q_D (net)
                      0.102141    0.000000    8.499352 v spi_in.shift_reg[11]_sky130_fd_sc_hd__dfrtp_2_Q/D (sky130_fd_sc_hd__dfrtp_2)
                                              8.499352   data arrival time

                      0.150000   30.000000   30.000000   clock clk (rise edge)
                                  0.000000   30.000000   clock network delay (ideal)
                                 -0.250000   29.750000   clock uncertainty
                                  0.000000   29.750000   clock reconvergence pessimism
                                             29.750000 ^ spi_in.shift_reg[11]_sky130_fd_sc_hd__dfrtp_2_Q/CLK (sky130_fd_sc_hd__dfrtp_2)
                                 -0.268697   29.481304   library setup time
                                             29.481304   data required time
---------------------------------------------------------------------------------------------
                                             29.481304   data required time
                                             -8.499352   data arrival time
---------------------------------------------------------------------------------------------
                                             20.981951   slack (MET)


Startpoint: spi_sel (input port clocked by clk)
Endpoint: spi_in.shift_reg[12]_sky130_fd_sc_hd__dfrtp_2_Q
          (rising edge-triggered flip-flop clocked by clk)
Path Group: clk
Path Type: max

Fanout         Cap        Slew       Delay        Time   Description
---------------------------------------------------------------------------------------------
                      0.150000    0.000000    0.000000   clock clk (rise edge)
                                  0.000000    0.000000   clock network delay (ideal)
                                  6.000000    6.000000 v input external delay
     3    0.012671    0.059283    0.039348    6.039348 v spi_sel (in)
                                                         spi_sel (net)
                      0.059283    0.000000    6.039348 v spi_sel_sky130_fd_sc_hd__nor3b_2_A/A (sky130_fd_sc_hd__nor3b_2)
    18    0.065451    1.729031    1.431130    7.470478 ^ spi_sel_sky130_fd_sc_hd__nor3b_2_A/Y (sky130_fd_sc_hd__nor3b_2)
                                                         spi_sel_sky130_fd_sc_hd__nor3b_2_A_Y (net)
                      1.729031    0.000000    7.470478 ^ spi_in.shift_reg[12]_sky130_fd_sc_hd__mux2_1_A0/S (sky130_fd_sc_hd__mux2_1)
     1    0.001838    0.102141    1.028875    8.499352 v spi_in.shift_reg[12]_sky130_fd_sc_hd__mux2_1_A0/X (sky130_fd_sc_hd__mux2_1)
                                                         spi_in.shift_reg[12]_sky130_fd_sc_hd__dfrtp_2_Q_D (net)
                      0.102141    0.000000    8.499352 v spi_in.shift_reg[12]_sky130_fd_sc_hd__dfrtp_2_Q/D (sky130_fd_sc_hd__dfrtp_2)
                                              8.499352   data arrival time

                      0.150000   30.000000   30.000000   clock clk (rise edge)
                                  0.000000   30.000000   clock network delay (ideal)
                                 -0.250000   29.750000   clock uncertainty
                                  0.000000   29.750000   clock reconvergence pessimism
                                             29.750000 ^ spi_in.shift_reg[12]_sky130_fd_sc_hd__dfrtp_2_Q/CLK (sky130_fd_sc_hd__dfrtp_2)
                                 -0.268697   29.481304   library setup time
                                             29.481304   data required time
---------------------------------------------------------------------------------------------
                                             29.481304   data required time
                                             -8.499352   data arrival time
---------------------------------------------------------------------------------------------
                                             20.981951   slack (MET)


Startpoint: spi_sel (input port clocked by clk)
Endpoint: spi_in.shift_reg[13]_sky130_fd_sc_hd__dfrtp_2_Q
          (rising edge-triggered flip-flop clocked by clk)
Path Group: clk
Path Type: max

Fanout         Cap        Slew       Delay        Time   Description
---------------------------------------------------------------------------------------------
                      0.150000    0.000000    0.000000   clock clk (rise edge)
                                  0.000000    0.000000   clock network delay (ideal)
                                  6.000000    6.000000 v input external delay
     3    0.012671    0.059283    0.039348    6.039348 v spi_sel (in)
                                                         spi_sel (net)
                      0.059283    0.000000    6.039348 v spi_sel_sky130_fd_sc_hd__nor3b_2_A/A (sky130_fd_sc_hd__nor3b_2)
    18    0.065451    1.729031    1.431130    7.470478 ^ spi_sel_sky130_fd_sc_hd__nor3b_2_A/Y (sky130_fd_sc_hd__nor3b_2)
                                                         spi_sel_sky130_fd_sc_hd__nor3b_2_A_Y (net)
                      1.729031    0.000000    7.470478 ^ spi_in.shift_reg[13]_sky130_fd_sc_hd__mux2_1_A0/S (sky130_fd_sc_hd__mux2_1)
     1    0.001838    0.102141    1.028875    8.499352 v spi_in.shift_reg[13]_sky130_fd_sc_hd__mux2_1_A0/X (sky130_fd_sc_hd__mux2_1)
                                                         spi_in.shift_reg[13]_sky130_fd_sc_hd__dfrtp_2_Q_D (net)
                      0.102141    0.000000    8.499352 v spi_in.shift_reg[13]_sky130_fd_sc_hd__dfrtp_2_Q/D (sky130_fd_sc_hd__dfrtp_2)
                                              8.499352   data arrival time

                      0.150000   30.000000   30.000000   clock clk (rise edge)
                                  0.000000   30.000000   clock network delay (ideal)
                                 -0.250000   29.750000   clock uncertainty
                                  0.000000   29.750000   clock reconvergence pessimism
                                             29.750000 ^ spi_in.shift_reg[13]_sky130_fd_sc_hd__dfrtp_2_Q/CLK (sky130_fd_sc_hd__dfrtp_2)
                                 -0.268697   29.481304   library setup time
                                             29.481304   data required time
---------------------------------------------------------------------------------------------
                                             29.481304   data required time
                                             -8.499352   data arrival time
---------------------------------------------------------------------------------------------
                                             20.981951   slack (MET)


Startpoint: spi_sel (input port clocked by clk)
Endpoint: spi_in.shift_reg[14]_sky130_fd_sc_hd__dfrtp_2_Q
          (rising edge-triggered flip-flop clocked by clk)
Path Group: clk
Path Type: max

Fanout         Cap        Slew       Delay        Time   Description
---------------------------------------------------------------------------------------------
                      0.150000    0.000000    0.000000   clock clk (rise edge)
                                  0.000000    0.000000   clock network delay (ideal)
                                  6.000000    6.000000 v input external delay
     3    0.012671    0.059283    0.039348    6.039348 v spi_sel (in)
                                                         spi_sel (net)
                      0.059283    0.000000    6.039348 v spi_sel_sky130_fd_sc_hd__nor3b_2_A/A (sky130_fd_sc_hd__nor3b_2)
    18    0.065451    1.729031    1.431130    7.470478 ^ spi_sel_sky130_fd_sc_hd__nor3b_2_A/Y (sky130_fd_sc_hd__nor3b_2)
                                                         spi_sel_sky130_fd_sc_hd__nor3b_2_A_Y (net)
                      1.729031    0.000000    7.470478 ^ spi_in.shift_reg[14]_sky130_fd_sc_hd__mux2_1_A0/S (sky130_fd_sc_hd__mux2_1)
     1    0.001838    0.102141    1.028875    8.499352 v spi_in.shift_reg[14]_sky130_fd_sc_hd__mux2_1_A0/X (sky130_fd_sc_hd__mux2_1)
                                                         spi_in.shift_reg[14]_sky130_fd_sc_hd__dfrtp_2_Q_D (net)
                      0.102141    0.000000    8.499352 v spi_in.shift_reg[14]_sky130_fd_sc_hd__dfrtp_2_Q/D (sky130_fd_sc_hd__dfrtp_2)
                                              8.499352   data arrival time

                      0.150000   30.000000   30.000000   clock clk (rise edge)
                                  0.000000   30.000000   clock network delay (ideal)
                                 -0.250000   29.750000   clock uncertainty
                                  0.000000   29.750000   clock reconvergence pessimism
                                             29.750000 ^ spi_in.shift_reg[14]_sky130_fd_sc_hd__dfrtp_2_Q/CLK (sky130_fd_sc_hd__dfrtp_2)
                                 -0.268697   29.481304   library setup time
                                             29.481304   data required time
---------------------------------------------------------------------------------------------
                                             29.481304   data required time
                                             -8.499352   data arrival time
---------------------------------------------------------------------------------------------
                                             20.981951   slack (MET)


Startpoint: spi_sel (input port clocked by clk)
Endpoint: spi_in.shift_reg[1]_sky130_fd_sc_hd__dfrtp_2_Q
          (rising edge-triggered flip-flop clocked by clk)
Path Group: clk
Path Type: max

Fanout         Cap        Slew       Delay        Time   Description
---------------------------------------------------------------------------------------------
                      0.150000    0.000000    0.000000   clock clk (rise edge)
                                  0.000000    0.000000   clock network delay (ideal)
                                  6.000000    6.000000 v input external delay
     3    0.012671    0.059283    0.039348    6.039348 v spi_sel (in)
                                                         spi_sel (net)
                      0.059283    0.000000    6.039348 v spi_sel_sky130_fd_sc_hd__nor3b_2_A/A (sky130_fd_sc_hd__nor3b_2)
    18    0.065451    1.729031    1.431130    7.470478 ^ spi_sel_sky130_fd_sc_hd__nor3b_2_A/Y (sky130_fd_sc_hd__nor3b_2)
                                                         spi_sel_sky130_fd_sc_hd__nor3b_2_A_Y (net)
                      1.729031    0.000000    7.470478 ^ spi_in.shift_reg[1]_sky130_fd_sc_hd__mux2_1_A0/S (sky130_fd_sc_hd__mux2_1)
     1    0.001838    0.102141    1.028875    8.499352 v spi_in.shift_reg[1]_sky130_fd_sc_hd__mux2_1_A0/X (sky130_fd_sc_hd__mux2_1)
                                                         spi_in.shift_reg[1]_sky130_fd_sc_hd__dfrtp_2_Q_D (net)
                      0.102141    0.000000    8.499352 v spi_in.shift_reg[1]_sky130_fd_sc_hd__dfrtp_2_Q/D (sky130_fd_sc_hd__dfrtp_2)
                                              8.499352   data arrival time

                      0.150000   30.000000   30.000000   clock clk (rise edge)
                                  0.000000   30.000000   clock network delay (ideal)
                                 -0.250000   29.750000   clock uncertainty
                                  0.000000   29.750000   clock reconvergence pessimism
                                             29.750000 ^ spi_in.shift_reg[1]_sky130_fd_sc_hd__dfrtp_2_Q/CLK (sky130_fd_sc_hd__dfrtp_2)
                                 -0.268697   29.481304   library setup time
                                             29.481304   data required time
---------------------------------------------------------------------------------------------
                                             29.481304   data required time
                                             -8.499352   data arrival time
---------------------------------------------------------------------------------------------
                                             20.981951   slack (MET)


Startpoint: spi_sel (input port clocked by clk)
Endpoint: spi_in.shift_reg[2]_sky130_fd_sc_hd__dfrtp_2_Q
          (rising edge-triggered flip-flop clocked by clk)
Path Group: clk
Path Type: max

Fanout         Cap        Slew       Delay        Time   Description
---------------------------------------------------------------------------------------------
                      0.150000    0.000000    0.000000   clock clk (rise edge)
                                  0.000000    0.000000   clock network delay (ideal)
                                  6.000000    6.000000 v input external delay
     3    0.012671    0.059283    0.039348    6.039348 v spi_sel (in)
                                                         spi_sel (net)
                      0.059283    0.000000    6.039348 v spi_sel_sky130_fd_sc_hd__nor3b_2_A/A (sky130_fd_sc_hd__nor3b_2)
    18    0.065451    1.729031    1.431130    7.470478 ^ spi_sel_sky130_fd_sc_hd__nor3b_2_A/Y (sky130_fd_sc_hd__nor3b_2)
                                                         spi_sel_sky130_fd_sc_hd__nor3b_2_A_Y (net)
                      1.729031    0.000000    7.470478 ^ spi_in.shift_reg[2]_sky130_fd_sc_hd__mux2_1_A0/S (sky130_fd_sc_hd__mux2_1)
     1    0.001838    0.102141    1.028875    8.499352 v spi_in.shift_reg[2]_sky130_fd_sc_hd__mux2_1_A0/X (sky130_fd_sc_hd__mux2_1)
                                                         spi_in.shift_reg[2]_sky130_fd_sc_hd__dfrtp_2_Q_D (net)
                      0.102141    0.000000    8.499352 v spi_in.shift_reg[2]_sky130_fd_sc_hd__dfrtp_2_Q/D (sky130_fd_sc_hd__dfrtp_2)
                                              8.499352   data arrival time

                      0.150000   30.000000   30.000000   clock clk (rise edge)
                                  0.000000   30.000000   clock network delay (ideal)
                                 -0.250000   29.750000   clock uncertainty
                                  0.000000   29.750000   clock reconvergence pessimism
                                             29.750000 ^ spi_in.shift_reg[2]_sky130_fd_sc_hd__dfrtp_2_Q/CLK (sky130_fd_sc_hd__dfrtp_2)
                                 -0.268697   29.481304   library setup time
                                             29.481304   data required time
---------------------------------------------------------------------------------------------
                                             29.481304   data required time
                                             -8.499352   data arrival time
---------------------------------------------------------------------------------------------
                                             20.981951   slack (MET)


Startpoint: spi_sel (input port clocked by clk)
Endpoint: spi_in.shift_reg[3]_sky130_fd_sc_hd__dfrtp_2_Q
          (rising edge-triggered flip-flop clocked by clk)
Path Group: clk
Path Type: max

Fanout         Cap        Slew       Delay        Time   Description
---------------------------------------------------------------------------------------------
                      0.150000    0.000000    0.000000   clock clk (rise edge)
                                  0.000000    0.000000   clock network delay (ideal)
                                  6.000000    6.000000 v input external delay
     3    0.012671    0.059283    0.039348    6.039348 v spi_sel (in)
                                                         spi_sel (net)
                      0.059283    0.000000    6.039348 v spi_sel_sky130_fd_sc_hd__nor3b_2_A/A (sky130_fd_sc_hd__nor3b_2)
    18    0.065451    1.729031    1.431130    7.470478 ^ spi_sel_sky130_fd_sc_hd__nor3b_2_A/Y (sky130_fd_sc_hd__nor3b_2)
                                                         spi_sel_sky130_fd_sc_hd__nor3b_2_A_Y (net)
                      1.729031    0.000000    7.470478 ^ spi_in.shift_reg[3]_sky130_fd_sc_hd__mux2_1_A0/S (sky130_fd_sc_hd__mux2_1)
     1    0.001838    0.102141    1.028875    8.499352 v spi_in.shift_reg[3]_sky130_fd_sc_hd__mux2_1_A0/X (sky130_fd_sc_hd__mux2_1)
                                                         spi_in.shift_reg[3]_sky130_fd_sc_hd__dfrtp_2_Q_D (net)
                      0.102141    0.000000    8.499352 v spi_in.shift_reg[3]_sky130_fd_sc_hd__dfrtp_2_Q/D (sky130_fd_sc_hd__dfrtp_2)
                                              8.499352   data arrival time

                      0.150000   30.000000   30.000000   clock clk (rise edge)
                                  0.000000   30.000000   clock network delay (ideal)
                                 -0.250000   29.750000   clock uncertainty
                                  0.000000   29.750000   clock reconvergence pessimism
                                             29.750000 ^ spi_in.shift_reg[3]_sky130_fd_sc_hd__dfrtp_2_Q/CLK (sky130_fd_sc_hd__dfrtp_2)
                                 -0.268697   29.481304   library setup time
                                             29.481304   data required time
---------------------------------------------------------------------------------------------
                                             29.481304   data required time
                                             -8.499352   data arrival time
---------------------------------------------------------------------------------------------
                                             20.981951   slack (MET)


Startpoint: spi_sel (input port clocked by clk)
Endpoint: spi_in.shift_reg[4]_sky130_fd_sc_hd__dfrtp_2_Q
          (rising edge-triggered flip-flop clocked by clk)
Path Group: clk
Path Type: max

Fanout         Cap        Slew       Delay        Time   Description
---------------------------------------------------------------------------------------------
                      0.150000    0.000000    0.000000   clock clk (rise edge)
                                  0.000000    0.000000   clock network delay (ideal)
                                  6.000000    6.000000 v input external delay
     3    0.012671    0.059283    0.039348    6.039348 v spi_sel (in)
                                                         spi_sel (net)
                      0.059283    0.000000    6.039348 v spi_sel_sky130_fd_sc_hd__nor3b_2_A/A (sky130_fd_sc_hd__nor3b_2)
    18    0.065451    1.729031    1.431130    7.470478 ^ spi_sel_sky130_fd_sc_hd__nor3b_2_A/Y (sky130_fd_sc_hd__nor3b_2)
                                                         spi_sel_sky130_fd_sc_hd__nor3b_2_A_Y (net)
                      1.729031    0.000000    7.470478 ^ spi_in.shift_reg[4]_sky130_fd_sc_hd__mux2_1_A0/S (sky130_fd_sc_hd__mux2_1)
     1    0.001838    0.102141    1.028875    8.499352 v spi_in.shift_reg[4]_sky130_fd_sc_hd__mux2_1_A0/X (sky130_fd_sc_hd__mux2_1)
                                                         spi_in.shift_reg[4]_sky130_fd_sc_hd__dfrtp_2_Q_D (net)
                      0.102141    0.000000    8.499352 v spi_in.shift_reg[4]_sky130_fd_sc_hd__dfrtp_2_Q/D (sky130_fd_sc_hd__dfrtp_2)
                                              8.499352   data arrival time

                      0.150000   30.000000   30.000000   clock clk (rise edge)
                                  0.000000   30.000000   clock network delay (ideal)
                                 -0.250000   29.750000   clock uncertainty
                                  0.000000   29.750000   clock reconvergence pessimism
                                             29.750000 ^ spi_in.shift_reg[4]_sky130_fd_sc_hd__dfrtp_2_Q/CLK (sky130_fd_sc_hd__dfrtp_2)
                                 -0.268697   29.481304   library setup time
                                             29.481304   data required time
---------------------------------------------------------------------------------------------
                                             29.481304   data required time
                                             -8.499352   data arrival time
---------------------------------------------------------------------------------------------
                                             20.981951   slack (MET)


Startpoint: spi_sel (input port clocked by clk)
Endpoint: spi_in.shift_reg[5]_sky130_fd_sc_hd__dfrtp_2_Q
          (rising edge-triggered flip-flop clocked by clk)
Path Group: clk
Path Type: max

Fanout         Cap        Slew       Delay        Time   Description
---------------------------------------------------------------------------------------------
                      0.150000    0.000000    0.000000   clock clk (rise edge)
                                  0.000000    0.000000   clock network delay (ideal)
                                  6.000000    6.000000 v input external delay
     3    0.012671    0.059283    0.039348    6.039348 v spi_sel (in)
                                                         spi_sel (net)
                      0.059283    0.000000    6.039348 v spi_sel_sky130_fd_sc_hd__nor3b_2_A/A (sky130_fd_sc_hd__nor3b_2)
    18    0.065451    1.729031    1.431130    7.470478 ^ spi_sel_sky130_fd_sc_hd__nor3b_2_A/Y (sky130_fd_sc_hd__nor3b_2)
                                                         spi_sel_sky130_fd_sc_hd__nor3b_2_A_Y (net)
                      1.729031    0.000000    7.470478 ^ spi_in.shift_reg[5]_sky130_fd_sc_hd__mux2_1_A0/S (sky130_fd_sc_hd__mux2_1)
     1    0.001838    0.102141    1.028875    8.499352 v spi_in.shift_reg[5]_sky130_fd_sc_hd__mux2_1_A0/X (sky130_fd_sc_hd__mux2_1)
                                                         spi_in.shift_reg[5]_sky130_fd_sc_hd__dfrtp_2_Q_D (net)
                      0.102141    0.000000    8.499352 v spi_in.shift_reg[5]_sky130_fd_sc_hd__dfrtp_2_Q/D (sky130_fd_sc_hd__dfrtp_2)
                                              8.499352   data arrival time

                      0.150000   30.000000   30.000000   clock clk (rise edge)
                                  0.000000   30.000000   clock network delay (ideal)
                                 -0.250000   29.750000   clock uncertainty
                                  0.000000   29.750000   clock reconvergence pessimism
                                             29.750000 ^ spi_in.shift_reg[5]_sky130_fd_sc_hd__dfrtp_2_Q/CLK (sky130_fd_sc_hd__dfrtp_2)
                                 -0.268697   29.481304   library setup time
                                             29.481304   data required time
---------------------------------------------------------------------------------------------
                                             29.481304   data required time
                                             -8.499352   data arrival time
---------------------------------------------------------------------------------------------
                                             20.981951   slack (MET)


Startpoint: spi_sel (input port clocked by clk)
Endpoint: spi_in.shift_reg[6]_sky130_fd_sc_hd__dfrtp_2_Q
          (rising edge-triggered flip-flop clocked by clk)
Path Group: clk
Path Type: max

Fanout         Cap        Slew       Delay        Time   Description
---------------------------------------------------------------------------------------------
                      0.150000    0.000000    0.000000   clock clk (rise edge)
                                  0.000000    0.000000   clock network delay (ideal)
                                  6.000000    6.000000 v input external delay
     3    0.012671    0.059283    0.039348    6.039348 v spi_sel (in)
                                                         spi_sel (net)
                      0.059283    0.000000    6.039348 v spi_sel_sky130_fd_sc_hd__nor3b_2_A/A (sky130_fd_sc_hd__nor3b_2)
    18    0.065451    1.729031    1.431130    7.470478 ^ spi_sel_sky130_fd_sc_hd__nor3b_2_A/Y (sky130_fd_sc_hd__nor3b_2)
                                                         spi_sel_sky130_fd_sc_hd__nor3b_2_A_Y (net)
                      1.729031    0.000000    7.470478 ^ spi_in.shift_reg[6]_sky130_fd_sc_hd__mux2_1_A0/S (sky130_fd_sc_hd__mux2_1)
     1    0.001838    0.102141    1.028875    8.499352 v spi_in.shift_reg[6]_sky130_fd_sc_hd__mux2_1_A0/X (sky130_fd_sc_hd__mux2_1)
                                                         spi_in.shift_reg[6]_sky130_fd_sc_hd__dfrtp_2_Q_D (net)
                      0.102141    0.000000    8.499352 v spi_in.shift_reg[6]_sky130_fd_sc_hd__dfrtp_2_Q/D (sky130_fd_sc_hd__dfrtp_2)
                                              8.499352   data arrival time

                      0.150000   30.000000   30.000000   clock clk (rise edge)
                                  0.000000   30.000000   clock network delay (ideal)
                                 -0.250000   29.750000   clock uncertainty
                                  0.000000   29.750000   clock reconvergence pessimism
                                             29.750000 ^ spi_in.shift_reg[6]_sky130_fd_sc_hd__dfrtp_2_Q/CLK (sky130_fd_sc_hd__dfrtp_2)
                                 -0.268697   29.481304   library setup time
                                             29.481304   data required time
---------------------------------------------------------------------------------------------
                                             29.481304   data required time
                                             -8.499352   data arrival time
---------------------------------------------------------------------------------------------
                                             20.981951   slack (MET)


Startpoint: spi_sel (input port clocked by clk)
Endpoint: spi_in.shift_reg[7]_sky130_fd_sc_hd__dfrtp_2_Q
          (rising edge-triggered flip-flop clocked by clk)
Path Group: clk
Path Type: max

Fanout         Cap        Slew       Delay        Time   Description
---------------------------------------------------------------------------------------------
                      0.150000    0.000000    0.000000   clock clk (rise edge)
                                  0.000000    0.000000   clock network delay (ideal)
                                  6.000000    6.000000 v input external delay
     3    0.012671    0.059283    0.039348    6.039348 v spi_sel (in)
                                                         spi_sel (net)
                      0.059283    0.000000    6.039348 v spi_sel_sky130_fd_sc_hd__nor3b_2_A/A (sky130_fd_sc_hd__nor3b_2)
    18    0.065451    1.729031    1.431130    7.470478 ^ spi_sel_sky130_fd_sc_hd__nor3b_2_A/Y (sky130_fd_sc_hd__nor3b_2)
                                                         spi_sel_sky130_fd_sc_hd__nor3b_2_A_Y (net)
                      1.729031    0.000000    7.470478 ^ spi_in.shift_reg[7]_sky130_fd_sc_hd__mux2_1_A0/S (sky130_fd_sc_hd__mux2_1)
     1    0.001838    0.102141    1.028875    8.499352 v spi_in.shift_reg[7]_sky130_fd_sc_hd__mux2_1_A0/X (sky130_fd_sc_hd__mux2_1)
                                                         spi_in.shift_reg[7]_sky130_fd_sc_hd__dfrtp_2_Q_D (net)
                      0.102141    0.000000    8.499352 v spi_in.shift_reg[7]_sky130_fd_sc_hd__dfrtp_2_Q/D (sky130_fd_sc_hd__dfrtp_2)
                                              8.499352   data arrival time

                      0.150000   30.000000   30.000000   clock clk (rise edge)
                                  0.000000   30.000000   clock network delay (ideal)
                                 -0.250000   29.750000   clock uncertainty
                                  0.000000   29.750000   clock reconvergence pessimism
                                             29.750000 ^ spi_in.shift_reg[7]_sky130_fd_sc_hd__dfrtp_2_Q/CLK (sky130_fd_sc_hd__dfrtp_2)
                                 -0.268697   29.481304   library setup time
                                             29.481304   data required time
---------------------------------------------------------------------------------------------
                                             29.481304   data required time
                                             -8.499352   data arrival time
---------------------------------------------------------------------------------------------
                                             20.981951   slack (MET)


Startpoint: spi_sel (input port clocked by clk)
Endpoint: spi_in.shift_reg[8]_sky130_fd_sc_hd__dfrtp_2_Q
          (rising edge-triggered flip-flop clocked by clk)
Path Group: clk
Path Type: max

Fanout         Cap        Slew       Delay        Time   Description
---------------------------------------------------------------------------------------------
                      0.150000    0.000000    0.000000   clock clk (rise edge)
                                  0.000000    0.000000   clock network delay (ideal)
                                  6.000000    6.000000 v input external delay
     3    0.012671    0.059283    0.039348    6.039348 v spi_sel (in)
                                                         spi_sel (net)
                      0.059283    0.000000    6.039348 v spi_sel_sky130_fd_sc_hd__nor3b_2_A/A (sky130_fd_sc_hd__nor3b_2)
    18    0.065451    1.729031    1.431130    7.470478 ^ spi_sel_sky130_fd_sc_hd__nor3b_2_A/Y (sky130_fd_sc_hd__nor3b_2)
                                                         spi_sel_sky130_fd_sc_hd__nor3b_2_A_Y (net)
                      1.729031    0.000000    7.470478 ^ spi_in.shift_reg[8]_sky130_fd_sc_hd__mux2_1_A0/S (sky130_fd_sc_hd__mux2_1)
     1    0.001838    0.102141    1.028875    8.499352 v spi_in.shift_reg[8]_sky130_fd_sc_hd__mux2_1_A0/X (sky130_fd_sc_hd__mux2_1)
                                                         spi_in.shift_reg[8]_sky130_fd_sc_hd__dfrtp_2_Q_D (net)
                      0.102141    0.000000    8.499352 v spi_in.shift_reg[8]_sky130_fd_sc_hd__dfrtp_2_Q/D (sky130_fd_sc_hd__dfrtp_2)
                                              8.499352   data arrival time

                      0.150000   30.000000   30.000000   clock clk (rise edge)
                                  0.000000   30.000000   clock network delay (ideal)
                                 -0.250000   29.750000   clock uncertainty
                                  0.000000   29.750000   clock reconvergence pessimism
                                             29.750000 ^ spi_in.shift_reg[8]_sky130_fd_sc_hd__dfrtp_2_Q/CLK (sky130_fd_sc_hd__dfrtp_2)
                                 -0.268697   29.481304   library setup time
                                             29.481304   data required time
---------------------------------------------------------------------------------------------
                                             29.481304   data required time
                                             -8.499352   data arrival time
---------------------------------------------------------------------------------------------
                                             20.981951   slack (MET)


Startpoint: spi_sel (input port clocked by clk)
Endpoint: spi_in.shift_reg[9]_sky130_fd_sc_hd__dfrtp_2_Q
          (rising edge-triggered flip-flop clocked by clk)
Path Group: clk
Path Type: max

Fanout         Cap        Slew       Delay        Time   Description
---------------------------------------------------------------------------------------------
                      0.150000    0.000000    0.000000   clock clk (rise edge)
                                  0.000000    0.000000   clock network delay (ideal)
                                  6.000000    6.000000 v input external delay
     3    0.012671    0.059283    0.039348    6.039348 v spi_sel (in)
                                                         spi_sel (net)
                      0.059283    0.000000    6.039348 v spi_sel_sky130_fd_sc_hd__nor3b_2_A/A (sky130_fd_sc_hd__nor3b_2)
    18    0.065451    1.729031    1.431130    7.470478 ^ spi_sel_sky130_fd_sc_hd__nor3b_2_A/Y (sky130_fd_sc_hd__nor3b_2)
                                                         spi_sel_sky130_fd_sc_hd__nor3b_2_A_Y (net)
                      1.729031    0.000000    7.470478 ^ spi_in.shift_reg[9]_sky130_fd_sc_hd__mux2_1_A0/S (sky130_fd_sc_hd__mux2_1)
     1    0.001838    0.102141    1.028875    8.499352 v spi_in.shift_reg[9]_sky130_fd_sc_hd__mux2_1_A0/X (sky130_fd_sc_hd__mux2_1)
                                                         spi_in.shift_reg[9]_sky130_fd_sc_hd__dfrtp_2_Q_D (net)
                      0.102141    0.000000    8.499352 v spi_in.shift_reg[9]_sky130_fd_sc_hd__dfrtp_2_Q/D (sky130_fd_sc_hd__dfrtp_2)
                                              8.499352   data arrival time

                      0.150000   30.000000   30.000000   clock clk (rise edge)
                                  0.000000   30.000000   clock network delay (ideal)
                                 -0.250000   29.750000   clock uncertainty
                                  0.000000   29.750000   clock reconvergence pessimism
                                             29.750000 ^ spi_in.shift_reg[9]_sky130_fd_sc_hd__dfrtp_2_Q/CLK (sky130_fd_sc_hd__dfrtp_2)
                                 -0.268697   29.481304   library setup time
                                             29.481304   data required time
---------------------------------------------------------------------------------------------
                                             29.481304   data required time
                                             -8.499352   data arrival time
---------------------------------------------------------------------------------------------
                                             20.981951   slack (MET)


Startpoint: spi_sel (input port clocked by clk)
Endpoint: spi_in.bit_cnt[1]_sky130_fd_sc_hd__dfrtp_2_Q
          (rising edge-triggered flip-flop clocked by clk)
Path Group: clk
Path Type: max

Fanout         Cap        Slew       Delay        Time   Description
---------------------------------------------------------------------------------------------
                      0.150000    0.000000    0.000000   clock clk (rise edge)
                                  0.000000    0.000000   clock network delay (ideal)
                                  6.000000    6.000000 v input external delay
     3    0.012671    0.059283    0.039348    6.039348 v spi_sel (in)
                                                         spi_sel (net)
                      0.059283    0.000000    6.039348 v spi_sel_sky130_fd_sc_hd__nor3b_2_A/A (sky130_fd_sc_hd__nor3b_2)
    18    0.065451    1.729031    1.431130    7.470478 ^ spi_sel_sky130_fd_sc_hd__nor3b_2_A/Y (sky130_fd_sc_hd__nor3b_2)
                                                         spi_sel_sky130_fd_sc_hd__nor3b_2_A_Y (net)
                      1.729031    0.000000    7.470478 ^ spi_in.bit_cnt[1]_sky130_fd_sc_hd__and3_2_A/C (sky130_fd_sc_hd__and3_2)
     4    0.016103    0.196483    0.900076    8.370553 ^ spi_in.bit_cnt[1]_sky130_fd_sc_hd__and3_2_A/X (sky130_fd_sc_hd__and3_2)
                                                         spi_in.bit_cnt[1]_sky130_fd_sc_hd__and3_2_A_X (net)
                      0.196483    0.000000    8.370553 ^ spi_in.bit_cnt[1]_sky130_fd_sc_hd__dfrtp_2_Q_D_sky130_fd_sc_hd__nor2_2_Y/A (sky130_fd_sc_hd__nor2_2)
     1    0.001838    0.049366    0.109917    8.480470 v spi_in.bit_cnt[1]_sky130_fd_sc_hd__dfrtp_2_Q_D_sky130_fd_sc_hd__nor2_2_Y/Y (sky130_fd_sc_hd__nor2_2)
                                                         spi_in.bit_cnt[1]_sky130_fd_sc_hd__dfrtp_2_Q_D (net)
                      0.049366    0.000000    8.480470 v spi_in.bit_cnt[1]_sky130_fd_sc_hd__dfrtp_2_Q/D (sky130_fd_sc_hd__dfrtp_2)
                                              8.480470   data arrival time

                      0.150000   30.000000   30.000000   clock clk (rise edge)
                                  0.000000   30.000000   clock network delay (ideal)
                                 -0.250000   29.750000   clock uncertainty
                                  0.000000   29.750000   clock reconvergence pessimism
                                             29.750000 ^ spi_in.bit_cnt[1]_sky130_fd_sc_hd__dfrtp_2_Q/CLK (sky130_fd_sc_hd__dfrtp_2)
                                 -0.246681   29.503319   library setup time
                                             29.503319   data required time
---------------------------------------------------------------------------------------------
                                             29.503319   data required time
                                             -8.480470   data arrival time
---------------------------------------------------------------------------------------------
                                             21.022850   slack (MET)


Startpoint: spi_sel (input port clocked by clk)
Endpoint: spi_in.bit_cnt[0]_sky130_fd_sc_hd__dfrtp_2_Q
          (rising edge-triggered flip-flop clocked by clk)
Path Group: clk
Path Type: max

Fanout         Cap        Slew       Delay        Time   Description
---------------------------------------------------------------------------------------------
                      0.150000    0.000000    0.000000   clock clk (rise edge)
                                  0.000000    0.000000   clock network delay (ideal)
                                  6.000000    6.000000 v input external delay
     3    0.012671    0.059283    0.039348    6.039348 v spi_sel (in)
                                                         spi_sel (net)
                      0.059283    0.000000    6.039348 v spi_sel_sky130_fd_sc_hd__nor3b_2_A/A (sky130_fd_sc_hd__nor3b_2)
    18    0.065451    1.729031    1.431130    7.470478 ^ spi_sel_sky130_fd_sc_hd__nor3b_2_A/Y (sky130_fd_sc_hd__nor3b_2)
                                                         spi_sel_sky130_fd_sc_hd__nor3b_2_A_Y (net)
                      1.729031    0.000000    7.470478 ^ spi_in.bit_cnt[0]_sky130_fd_sc_hd__xor2_2_A/B (sky130_fd_sc_hd__xor2_2)
     1    0.001838    0.256894    0.446708    7.917186 v spi_in.bit_cnt[0]_sky130_fd_sc_hd__xor2_2_A/X (sky130_fd_sc_hd__xor2_2)
                                                         spi_in.bit_cnt[0]_sky130_fd_sc_hd__dfrtp_2_Q_D (net)
                      0.256894    0.000000    7.917186 v spi_in.bit_cnt[0]_sky130_fd_sc_hd__dfrtp_2_Q/D (sky130_fd_sc_hd__dfrtp_2)
                                              7.917186   data arrival time

                      0.150000   30.000000   30.000000   clock clk (rise edge)
                                  0.000000   30.000000   clock network delay (ideal)
                                 -0.250000   29.750000   clock uncertainty
                                  0.000000   29.750000   clock reconvergence pessimism
                                             29.750000 ^ spi_in.bit_cnt[0]_sky130_fd_sc_hd__dfrtp_2_Q/CLK (sky130_fd_sc_hd__dfrtp_2)
                                 -0.333257   29.416744   library setup time
                                             29.416744   data required time
---------------------------------------------------------------------------------------------
                                             29.416744   data required time
                                             -7.917186   data arrival time
---------------------------------------------------------------------------------------------
                                             21.499556   slack (MET)


Startpoint: spi_miso_sky130_fd_sc_hd__dfrtp_2_Q
            (rising edge-triggered flip-flop clocked by clk)
Endpoint: spi_miso (output port clocked by clk)
Path Group: clk
Path Type: max

Fanout         Cap        Slew       Delay        Time   Description
---------------------------------------------------------------------------------------------
                      0.150000    0.000000    0.000000   clock clk (rise edge)
                                  0.000000    0.000000   clock network delay (ideal)
                      0.150000    0.000000    0.000000 ^ spi_miso_sky130_fd_sc_hd__dfrtp_2_Q/CLK (sky130_fd_sc_hd__dfrtp_2)
     2    0.034902    0.214445    0.999105    0.999105 v spi_miso_sky130_fd_sc_hd__dfrtp_2_Q/Q (sky130_fd_sc_hd__dfrtp_2)
                                                         spi_miso (net)
                      0.214445    0.000000    0.999105 v spi_miso (out)
                                              0.999105   data arrival time

                      0.150000   30.000000   30.000000   clock clk (rise edge)
                                  0.000000   30.000000   clock network delay (ideal)
                                 -0.250000   29.750000   clock uncertainty
                                  0.000000   29.750000   clock reconvergence pessimism
                                 -6.000000   23.750002   output external delay
                                             23.750002   data required time
---------------------------------------------------------------------------------------------
                                             23.750002   data required time
                                             -0.999105   data arrival time
---------------------------------------------------------------------------------------------
                                             22.750896   slack (MET)


Startpoint: reset (input port clocked by clk)
Endpoint: filter.x_in[0]_sky130_fd_sc_hd__dfrtp_2_Q
          (recovery check against rising-edge clock clk)
Path Group: asynchronous
Path Type: max

Fanout         Cap        Slew       Delay        Time   Description
---------------------------------------------------------------------------------------------
                      0.150000    0.000000    0.000000   clock clk (rise edge)
                                  0.000000    0.000000   clock network delay (ideal)
                                  6.000000    6.000000 v input external delay
    74    0.318200    1.309403    0.962133    6.962133 v reset (in)
                                                         reset (net)
                      1.309403    0.000000    6.962133 v filter.x_in[0]_sky130_fd_sc_hd__dfrtp_2_Q_RESET_B_sky130_fd_sc_hd__inv_2_Y/A (sky130_fd_sc_hd__inv_2)
     1    0.003263    0.217326    0.283366    7.245499 ^ filter.x_in[0]_sky130_fd_sc_hd__dfrtp_2_Q_RESET_B_sky130_fd_sc_hd__inv_2_Y/Y (sky130_fd_sc_hd__inv_2)
                                                         filter.x_in[0]_sky130_fd_sc_hd__dfrtp_2_Q_RESET_B (net)
                      0.217326    0.000000    7.245499 ^ filter.x_in[0]_sky130_fd_sc_hd__dfrtp_2_Q/RESET_B (sky130_fd_sc_hd__dfrtp_2)
                                              7.245499   data arrival time

                      0.150000   30.000000   30.000000   clock clk (rise edge)
                                  0.000000   30.000000   clock network delay (ideal)
                                 -0.250000   29.750000   clock uncertainty
                                  0.000000   29.750000   clock reconvergence pessimism
                                             29.750000 ^ filter.x_in[0]_sky130_fd_sc_hd__dfrtp_2_Q/CLK (sky130_fd_sc_hd__dfrtp_2)
                                  0.408670   30.158670   library recovery time
                                             30.158670   data required time
---------------------------------------------------------------------------------------------
                                             30.158670   data required time
                                             -7.245499   data arrival time
---------------------------------------------------------------------------------------------
                                             22.913172   slack (MET)


Startpoint: reset (input port clocked by clk)
Endpoint: filter.x_in[10]_sky130_fd_sc_hd__dfrtp_2_Q
          (recovery check against rising-edge clock clk)
Path Group: asynchronous
Path Type: max

Fanout         Cap        Slew       Delay        Time   Description
---------------------------------------------------------------------------------------------
                      0.150000    0.000000    0.000000   clock clk (rise edge)
                                  0.000000    0.000000   clock network delay (ideal)
                                  6.000000    6.000000 v input external delay
    74    0.318200    1.309403    0.962133    6.962133 v reset (in)
                                                         reset (net)
                      1.309403    0.000000    6.962133 v filter.x_in[10]_sky130_fd_sc_hd__dfrtp_2_Q_RESET_B_sky130_fd_sc_hd__inv_2_Y/A (sky130_fd_sc_hd__inv_2)
     1    0.003263    0.217326    0.283366    7.245499 ^ filter.x_in[10]_sky130_fd_sc_hd__dfrtp_2_Q_RESET_B_sky130_fd_sc_hd__inv_2_Y/Y (sky130_fd_sc_hd__inv_2)
                                                         filter.x_in[10]_sky130_fd_sc_hd__dfrtp_2_Q_RESET_B (net)
                      0.217326    0.000000    7.245499 ^ filter.x_in[10]_sky130_fd_sc_hd__dfrtp_2_Q/RESET_B (sky130_fd_sc_hd__dfrtp_2)
                                              7.245499   data arrival time

                      0.150000   30.000000   30.000000   clock clk (rise edge)
                                  0.000000   30.000000   clock network delay (ideal)
                                 -0.250000   29.750000   clock uncertainty
                                  0.000000   29.750000   clock reconvergence pessimism
                                             29.750000 ^ filter.x_in[10]_sky130_fd_sc_hd__dfrtp_2_Q/CLK (sky130_fd_sc_hd__dfrtp_2)
                                  0.408670   30.158670   library recovery time
                                             30.158670   data required time
---------------------------------------------------------------------------------------------
                                             30.158670   data required time
                                             -7.245499   data arrival time
---------------------------------------------------------------------------------------------
                                             22.913172   slack (MET)


Startpoint: reset (input port clocked by clk)
Endpoint: filter.x_in[11]_sky130_fd_sc_hd__dfrtp_2_Q
          (recovery check against rising-edge clock clk)
Path Group: asynchronous
Path Type: max

Fanout         Cap        Slew       Delay        Time   Description
---------------------------------------------------------------------------------------------
                      0.150000    0.000000    0.000000   clock clk (rise edge)
                                  0.000000    0.000000   clock network delay (ideal)
                                  6.000000    6.000000 v input external delay
    74    0.318200    1.309403    0.962133    6.962133 v reset (in)
                                                         reset (net)
                      1.309403    0.000000    6.962133 v filter.x_in[11]_sky130_fd_sc_hd__dfrtp_2_Q_RESET_B_sky130_fd_sc_hd__inv_2_Y/A (sky130_fd_sc_hd__inv_2)
     1    0.003263    0.217326    0.283366    7.245499 ^ filter.x_in[11]_sky130_fd_sc_hd__dfrtp_2_Q_RESET_B_sky130_fd_sc_hd__inv_2_Y/Y (sky130_fd_sc_hd__inv_2)
                                                         filter.x_in[11]_sky130_fd_sc_hd__dfrtp_2_Q_RESET_B (net)
                      0.217326    0.000000    7.245499 ^ filter.x_in[11]_sky130_fd_sc_hd__dfrtp_2_Q/RESET_B (sky130_fd_sc_hd__dfrtp_2)
                                              7.245499   data arrival time

                      0.150000   30.000000   30.000000   clock clk (rise edge)
                                  0.000000   30.000000   clock network delay (ideal)
                                 -0.250000   29.750000   clock uncertainty
                                  0.000000   29.750000   clock reconvergence pessimism
                                             29.750000 ^ filter.x_in[11]_sky130_fd_sc_hd__dfrtp_2_Q/CLK (sky130_fd_sc_hd__dfrtp_2)
                                  0.408670   30.158670   library recovery time
                                             30.158670   data required time
---------------------------------------------------------------------------------------------
                                             30.158670   data required time
                                             -7.245499   data arrival time
---------------------------------------------------------------------------------------------
                                             22.913172   slack (MET)


Startpoint: reset (input port clocked by clk)
Endpoint: filter.x_in[12]_sky130_fd_sc_hd__dfrtp_2_Q
          (recovery check against rising-edge clock clk)
Path Group: asynchronous
Path Type: max

Fanout         Cap        Slew       Delay        Time   Description
---------------------------------------------------------------------------------------------
                      0.150000    0.000000    0.000000   clock clk (rise edge)
                                  0.000000    0.000000   clock network delay (ideal)
                                  6.000000    6.000000 v input external delay
    74    0.318200    1.309403    0.962133    6.962133 v reset (in)
                                                         reset (net)
                      1.309403    0.000000    6.962133 v filter.x_in[12]_sky130_fd_sc_hd__dfrtp_2_Q_RESET_B_sky130_fd_sc_hd__inv_2_Y/A (sky130_fd_sc_hd__inv_2)
     1    0.003263    0.217326    0.283366    7.245499 ^ filter.x_in[12]_sky130_fd_sc_hd__dfrtp_2_Q_RESET_B_sky130_fd_sc_hd__inv_2_Y/Y (sky130_fd_sc_hd__inv_2)
                                                         filter.x_in[12]_sky130_fd_sc_hd__dfrtp_2_Q_RESET_B (net)
                      0.217326    0.000000    7.245499 ^ filter.x_in[12]_sky130_fd_sc_hd__dfrtp_2_Q/RESET_B (sky130_fd_sc_hd__dfrtp_2)
                                              7.245499   data arrival time

                      0.150000   30.000000   30.000000   clock clk (rise edge)
                                  0.000000   30.000000   clock network delay (ideal)
                                 -0.250000   29.750000   clock uncertainty
                                  0.000000   29.750000   clock reconvergence pessimism
                                             29.750000 ^ filter.x_in[12]_sky130_fd_sc_hd__dfrtp_2_Q/CLK (sky130_fd_sc_hd__dfrtp_2)
                                  0.408670   30.158670   library recovery time
                                             30.158670   data required time
---------------------------------------------------------------------------------------------
                                             30.158670   data required time
                                             -7.245499   data arrival time
---------------------------------------------------------------------------------------------
                                             22.913172   slack (MET)


Startpoint: reset (input port clocked by clk)
Endpoint: filter.x_in[13]_sky130_fd_sc_hd__dfrtp_2_Q
          (recovery check against rising-edge clock clk)
Path Group: asynchronous
Path Type: max

Fanout         Cap        Slew       Delay        Time   Description
---------------------------------------------------------------------------------------------
                      0.150000    0.000000    0.000000   clock clk (rise edge)
                                  0.000000    0.000000   clock network delay (ideal)
                                  6.000000    6.000000 v input external delay
    74    0.318200    1.309403    0.962133    6.962133 v reset (in)
                                                         reset (net)
                      1.309403    0.000000    6.962133 v filter.x_in[13]_sky130_fd_sc_hd__dfrtp_2_Q_RESET_B_sky130_fd_sc_hd__inv_2_Y/A (sky130_fd_sc_hd__inv_2)
     1    0.003263    0.217326    0.283366    7.245499 ^ filter.x_in[13]_sky130_fd_sc_hd__dfrtp_2_Q_RESET_B_sky130_fd_sc_hd__inv_2_Y/Y (sky130_fd_sc_hd__inv_2)
                                                         filter.x_in[13]_sky130_fd_sc_hd__dfrtp_2_Q_RESET_B (net)
                      0.217326    0.000000    7.245499 ^ filter.x_in[13]_sky130_fd_sc_hd__dfrtp_2_Q/RESET_B (sky130_fd_sc_hd__dfrtp_2)
                                              7.245499   data arrival time

                      0.150000   30.000000   30.000000   clock clk (rise edge)
                                  0.000000   30.000000   clock network delay (ideal)
                                 -0.250000   29.750000   clock uncertainty
                                  0.000000   29.750000   clock reconvergence pessimism
                                             29.750000 ^ filter.x_in[13]_sky130_fd_sc_hd__dfrtp_2_Q/CLK (sky130_fd_sc_hd__dfrtp_2)
                                  0.408670   30.158670   library recovery time
                                             30.158670   data required time
---------------------------------------------------------------------------------------------
                                             30.158670   data required time
                                             -7.245499   data arrival time
---------------------------------------------------------------------------------------------
                                             22.913172   slack (MET)


Startpoint: reset (input port clocked by clk)
Endpoint: filter.x_in[14]_sky130_fd_sc_hd__dfrtp_2_Q
          (recovery check against rising-edge clock clk)
Path Group: asynchronous
Path Type: max

Fanout         Cap        Slew       Delay        Time   Description
---------------------------------------------------------------------------------------------
                      0.150000    0.000000    0.000000   clock clk (rise edge)
                                  0.000000    0.000000   clock network delay (ideal)
                                  6.000000    6.000000 v input external delay
    74    0.318200    1.309403    0.962133    6.962133 v reset (in)
                                                         reset (net)
                      1.309403    0.000000    6.962133 v filter.x_in[14]_sky130_fd_sc_hd__dfrtp_2_Q_RESET_B_sky130_fd_sc_hd__inv_2_Y/A (sky130_fd_sc_hd__inv_2)
     1    0.003263    0.217326    0.283366    7.245499 ^ filter.x_in[14]_sky130_fd_sc_hd__dfrtp_2_Q_RESET_B_sky130_fd_sc_hd__inv_2_Y/Y (sky130_fd_sc_hd__inv_2)
                                                         filter.x_in[14]_sky130_fd_sc_hd__dfrtp_2_Q_RESET_B (net)
                      0.217326    0.000000    7.245499 ^ filter.x_in[14]_sky130_fd_sc_hd__dfrtp_2_Q/RESET_B (sky130_fd_sc_hd__dfrtp_2)
                                              7.245499   data arrival time

                      0.150000   30.000000   30.000000   clock clk (rise edge)
                                  0.000000   30.000000   clock network delay (ideal)
                                 -0.250000   29.750000   clock uncertainty
                                  0.000000   29.750000   clock reconvergence pessimism
                                             29.750000 ^ filter.x_in[14]_sky130_fd_sc_hd__dfrtp_2_Q/CLK (sky130_fd_sc_hd__dfrtp_2)
                                  0.408670   30.158670   library recovery time
                                             30.158670   data required time
---------------------------------------------------------------------------------------------
                                             30.158670   data required time
                                             -7.245499   data arrival time
---------------------------------------------------------------------------------------------
                                             22.913172   slack (MET)


Startpoint: reset (input port clocked by clk)
Endpoint: filter.x_in[15]_sky130_fd_sc_hd__dfrtp_2_Q
          (recovery check against rising-edge clock clk)
Path Group: asynchronous
Path Type: max

Fanout         Cap        Slew       Delay        Time   Description
---------------------------------------------------------------------------------------------
                      0.150000    0.000000    0.000000   clock clk (rise edge)
                                  0.000000    0.000000   clock network delay (ideal)
                                  6.000000    6.000000 v input external delay
    74    0.318200    1.309403    0.962133    6.962133 v reset (in)
                                                         reset (net)
                      1.309403    0.000000    6.962133 v filter.x_in[15]_sky130_fd_sc_hd__dfrtp_2_Q_RESET_B_sky130_fd_sc_hd__inv_2_Y/A (sky130_fd_sc_hd__inv_2)
     1    0.003263    0.217326    0.283366    7.245499 ^ filter.x_in[15]_sky130_fd_sc_hd__dfrtp_2_Q_RESET_B_sky130_fd_sc_hd__inv_2_Y/Y (sky130_fd_sc_hd__inv_2)
                                                         filter.x_in[15]_sky130_fd_sc_hd__dfrtp_2_Q_RESET_B (net)
                      0.217326    0.000000    7.245499 ^ filter.x_in[15]_sky130_fd_sc_hd__dfrtp_2_Q/RESET_B (sky130_fd_sc_hd__dfrtp_2)
                                              7.245499   data arrival time

                      0.150000   30.000000   30.000000   clock clk (rise edge)
                                  0.000000   30.000000   clock network delay (ideal)
                                 -0.250000   29.750000   clock uncertainty
                                  0.000000   29.750000   clock reconvergence pessimism
                                             29.750000 ^ filter.x_in[15]_sky130_fd_sc_hd__dfrtp_2_Q/CLK (sky130_fd_sc_hd__dfrtp_2)
                                  0.408670   30.158670   library recovery time
                                             30.158670   data required time
---------------------------------------------------------------------------------------------
                                             30.158670   data required time
                                             -7.245499   data arrival time
---------------------------------------------------------------------------------------------
                                             22.913172   slack (MET)


Startpoint: reset (input port clocked by clk)
Endpoint: filter.x_in[1]_sky130_fd_sc_hd__dfrtp_2_Q
          (recovery check against rising-edge clock clk)
Path Group: asynchronous
Path Type: max

Fanout         Cap        Slew       Delay        Time   Description
---------------------------------------------------------------------------------------------
                      0.150000    0.000000    0.000000   clock clk (rise edge)
                                  0.000000    0.000000   clock network delay (ideal)
                                  6.000000    6.000000 v input external delay
    74    0.318200    1.309403    0.962133    6.962133 v reset (in)
                                                         reset (net)
                      1.309403    0.000000    6.962133 v filter.x_in[1]_sky130_fd_sc_hd__dfrtp_2_Q_RESET_B_sky130_fd_sc_hd__inv_2_Y/A (sky130_fd_sc_hd__inv_2)
     1    0.003263    0.217326    0.283366    7.245499 ^ filter.x_in[1]_sky130_fd_sc_hd__dfrtp_2_Q_RESET_B_sky130_fd_sc_hd__inv_2_Y/Y (sky130_fd_sc_hd__inv_2)
                                                         filter.x_in[1]_sky130_fd_sc_hd__dfrtp_2_Q_RESET_B (net)
                      0.217326    0.000000    7.245499 ^ filter.x_in[1]_sky130_fd_sc_hd__dfrtp_2_Q/RESET_B (sky130_fd_sc_hd__dfrtp_2)
                                              7.245499   data arrival time

                      0.150000   30.000000   30.000000   clock clk (rise edge)
                                  0.000000   30.000000   clock network delay (ideal)
                                 -0.250000   29.750000   clock uncertainty
                                  0.000000   29.750000   clock reconvergence pessimism
                                             29.750000 ^ filter.x_in[1]_sky130_fd_sc_hd__dfrtp_2_Q/CLK (sky130_fd_sc_hd__dfrtp_2)
                                  0.408670   30.158670   library recovery time
                                             30.158670   data required time
---------------------------------------------------------------------------------------------
                                             30.158670   data required time
                                             -7.245499   data arrival time
---------------------------------------------------------------------------------------------
                                             22.913172   slack (MET)


Startpoint: reset (input port clocked by clk)
Endpoint: filter.x_in[2]_sky130_fd_sc_hd__dfrtp_2_Q
          (recovery check against rising-edge clock clk)
Path Group: asynchronous
Path Type: max

Fanout         Cap        Slew       Delay        Time   Description
---------------------------------------------------------------------------------------------
                      0.150000    0.000000    0.000000   clock clk (rise edge)
                                  0.000000    0.000000   clock network delay (ideal)
                                  6.000000    6.000000 v input external delay
    74    0.318200    1.309403    0.962133    6.962133 v reset (in)
                                                         reset (net)
                      1.309403    0.000000    6.962133 v filter.x_in[2]_sky130_fd_sc_hd__dfrtp_2_Q_RESET_B_sky130_fd_sc_hd__inv_2_Y/A (sky130_fd_sc_hd__inv_2)
     1    0.003263    0.217326    0.283366    7.245499 ^ filter.x_in[2]_sky130_fd_sc_hd__dfrtp_2_Q_RESET_B_sky130_fd_sc_hd__inv_2_Y/Y (sky130_fd_sc_hd__inv_2)
                                                         filter.x_in[2]_sky130_fd_sc_hd__dfrtp_2_Q_RESET_B (net)
                      0.217326    0.000000    7.245499 ^ filter.x_in[2]_sky130_fd_sc_hd__dfrtp_2_Q/RESET_B (sky130_fd_sc_hd__dfrtp_2)
                                              7.245499   data arrival time

                      0.150000   30.000000   30.000000   clock clk (rise edge)
                                  0.000000   30.000000   clock network delay (ideal)
                                 -0.250000   29.750000   clock uncertainty
                                  0.000000   29.750000   clock reconvergence pessimism
                                             29.750000 ^ filter.x_in[2]_sky130_fd_sc_hd__dfrtp_2_Q/CLK (sky130_fd_sc_hd__dfrtp_2)
                                  0.408670   30.158670   library recovery time
                                             30.158670   data required time
---------------------------------------------------------------------------------------------
                                             30.158670   data required time
                                             -7.245499   data arrival time
---------------------------------------------------------------------------------------------
                                             22.913172   slack (MET)


Startpoint: reset (input port clocked by clk)
Endpoint: filter.x_in[3]_sky130_fd_sc_hd__dfrtp_2_Q
          (recovery check against rising-edge clock clk)
Path Group: asynchronous
Path Type: max

Fanout         Cap        Slew       Delay        Time   Description
---------------------------------------------------------------------------------------------
                      0.150000    0.000000    0.000000   clock clk (rise edge)
                                  0.000000    0.000000   clock network delay (ideal)
                                  6.000000    6.000000 v input external delay
    74    0.318200    1.309403    0.962133    6.962133 v reset (in)
                                                         reset (net)
                      1.309403    0.000000    6.962133 v filter.x_in[3]_sky130_fd_sc_hd__dfrtp_2_Q_RESET_B_sky130_fd_sc_hd__inv_2_Y/A (sky130_fd_sc_hd__inv_2)
     1    0.003263    0.217326    0.283366    7.245499 ^ filter.x_in[3]_sky130_fd_sc_hd__dfrtp_2_Q_RESET_B_sky130_fd_sc_hd__inv_2_Y/Y (sky130_fd_sc_hd__inv_2)
                                                         filter.x_in[3]_sky130_fd_sc_hd__dfrtp_2_Q_RESET_B (net)
                      0.217326    0.000000    7.245499 ^ filter.x_in[3]_sky130_fd_sc_hd__dfrtp_2_Q/RESET_B (sky130_fd_sc_hd__dfrtp_2)
                                              7.245499   data arrival time

                      0.150000   30.000000   30.000000   clock clk (rise edge)
                                  0.000000   30.000000   clock network delay (ideal)
                                 -0.250000   29.750000   clock uncertainty
                                  0.000000   29.750000   clock reconvergence pessimism
                                             29.750000 ^ filter.x_in[3]_sky130_fd_sc_hd__dfrtp_2_Q/CLK (sky130_fd_sc_hd__dfrtp_2)
                                  0.408670   30.158670   library recovery time
                                             30.158670   data required time
---------------------------------------------------------------------------------------------
                                             30.158670   data required time
                                             -7.245499   data arrival time
---------------------------------------------------------------------------------------------
                                             22.913172   slack (MET)


Startpoint: reset (input port clocked by clk)
Endpoint: filter.x_in[4]_sky130_fd_sc_hd__dfrtp_2_Q
          (recovery check against rising-edge clock clk)
Path Group: asynchronous
Path Type: max

Fanout         Cap        Slew       Delay        Time   Description
---------------------------------------------------------------------------------------------
                      0.150000    0.000000    0.000000   clock clk (rise edge)
                                  0.000000    0.000000   clock network delay (ideal)
                                  6.000000    6.000000 v input external delay
    74    0.318200    1.309403    0.962133    6.962133 v reset (in)
                                                         reset (net)
                      1.309403    0.000000    6.962133 v filter.x_in[4]_sky130_fd_sc_hd__dfrtp_2_Q_RESET_B_sky130_fd_sc_hd__inv_2_Y/A (sky130_fd_sc_hd__inv_2)
     1    0.003263    0.217326    0.283366    7.245499 ^ filter.x_in[4]_sky130_fd_sc_hd__dfrtp_2_Q_RESET_B_sky130_fd_sc_hd__inv_2_Y/Y (sky130_fd_sc_hd__inv_2)
                                                         filter.x_in[4]_sky130_fd_sc_hd__dfrtp_2_Q_RESET_B (net)
                      0.217326    0.000000    7.245499 ^ filter.x_in[4]_sky130_fd_sc_hd__dfrtp_2_Q/RESET_B (sky130_fd_sc_hd__dfrtp_2)
                                              7.245499   data arrival time

                      0.150000   30.000000   30.000000   clock clk (rise edge)
                                  0.000000   30.000000   clock network delay (ideal)
                                 -0.250000   29.750000   clock uncertainty
                                  0.000000   29.750000   clock reconvergence pessimism
                                             29.750000 ^ filter.x_in[4]_sky130_fd_sc_hd__dfrtp_2_Q/CLK (sky130_fd_sc_hd__dfrtp_2)
                                  0.408670   30.158670   library recovery time
                                             30.158670   data required time
---------------------------------------------------------------------------------------------
                                             30.158670   data required time
                                             -7.245499   data arrival time
---------------------------------------------------------------------------------------------
                                             22.913172   slack (MET)


Startpoint: reset (input port clocked by clk)
Endpoint: filter.x_in[5]_sky130_fd_sc_hd__dfrtp_2_Q
          (recovery check against rising-edge clock clk)
Path Group: asynchronous
Path Type: max

Fanout         Cap        Slew       Delay        Time   Description
---------------------------------------------------------------------------------------------
                      0.150000    0.000000    0.000000   clock clk (rise edge)
                                  0.000000    0.000000   clock network delay (ideal)
                                  6.000000    6.000000 v input external delay
    74    0.318200    1.309403    0.962133    6.962133 v reset (in)
                                                         reset (net)
                      1.309403    0.000000    6.962133 v filter.x_in[5]_sky130_fd_sc_hd__dfrtp_2_Q_RESET_B_sky130_fd_sc_hd__inv_2_Y/A (sky130_fd_sc_hd__inv_2)
     1    0.003263    0.217326    0.283366    7.245499 ^ filter.x_in[5]_sky130_fd_sc_hd__dfrtp_2_Q_RESET_B_sky130_fd_sc_hd__inv_2_Y/Y (sky130_fd_sc_hd__inv_2)
                                                         filter.x_in[5]_sky130_fd_sc_hd__dfrtp_2_Q_RESET_B (net)
                      0.217326    0.000000    7.245499 ^ filter.x_in[5]_sky130_fd_sc_hd__dfrtp_2_Q/RESET_B (sky130_fd_sc_hd__dfrtp_2)
                                              7.245499   data arrival time

                      0.150000   30.000000   30.000000   clock clk (rise edge)
                                  0.000000   30.000000   clock network delay (ideal)
                                 -0.250000   29.750000   clock uncertainty
                                  0.000000   29.750000   clock reconvergence pessimism
                                             29.750000 ^ filter.x_in[5]_sky130_fd_sc_hd__dfrtp_2_Q/CLK (sky130_fd_sc_hd__dfrtp_2)
                                  0.408670   30.158670   library recovery time
                                             30.158670   data required time
---------------------------------------------------------------------------------------------
                                             30.158670   data required time
                                             -7.245499   data arrival time
---------------------------------------------------------------------------------------------
                                             22.913172   slack (MET)


Startpoint: reset (input port clocked by clk)
Endpoint: filter.x_in[6]_sky130_fd_sc_hd__dfrtp_2_Q
          (recovery check against rising-edge clock clk)
Path Group: asynchronous
Path Type: max

Fanout         Cap        Slew       Delay        Time   Description
---------------------------------------------------------------------------------------------
                      0.150000    0.000000    0.000000   clock clk (rise edge)
                                  0.000000    0.000000   clock network delay (ideal)
                                  6.000000    6.000000 v input external delay
    74    0.318200    1.309403    0.962133    6.962133 v reset (in)
                                                         reset (net)
                      1.309403    0.000000    6.962133 v filter.x_in[6]_sky130_fd_sc_hd__dfrtp_2_Q_RESET_B_sky130_fd_sc_hd__inv_2_Y/A (sky130_fd_sc_hd__inv_2)
     1    0.003263    0.217326    0.283366    7.245499 ^ filter.x_in[6]_sky130_fd_sc_hd__dfrtp_2_Q_RESET_B_sky130_fd_sc_hd__inv_2_Y/Y (sky130_fd_sc_hd__inv_2)
                                                         filter.x_in[6]_sky130_fd_sc_hd__dfrtp_2_Q_RESET_B (net)
                      0.217326    0.000000    7.245499 ^ filter.x_in[6]_sky130_fd_sc_hd__dfrtp_2_Q/RESET_B (sky130_fd_sc_hd__dfrtp_2)
                                              7.245499   data arrival time

                      0.150000   30.000000   30.000000   clock clk (rise edge)
                                  0.000000   30.000000   clock network delay (ideal)
                                 -0.250000   29.750000   clock uncertainty
                                  0.000000   29.750000   clock reconvergence pessimism
                                             29.750000 ^ filter.x_in[6]_sky130_fd_sc_hd__dfrtp_2_Q/CLK (sky130_fd_sc_hd__dfrtp_2)
                                  0.408670   30.158670   library recovery time
                                             30.158670   data required time
---------------------------------------------------------------------------------------------
                                             30.158670   data required time
                                             -7.245499   data arrival time
---------------------------------------------------------------------------------------------
                                             22.913172   slack (MET)


Startpoint: reset (input port clocked by clk)
Endpoint: filter.x_in[7]_sky130_fd_sc_hd__dfrtp_2_Q
          (recovery check against rising-edge clock clk)
Path Group: asynchronous
Path Type: max

Fanout         Cap        Slew       Delay        Time   Description
---------------------------------------------------------------------------------------------
                      0.150000    0.000000    0.000000   clock clk (rise edge)
                                  0.000000    0.000000   clock network delay (ideal)
                                  6.000000    6.000000 v input external delay
    74    0.318200    1.309403    0.962133    6.962133 v reset (in)
                                                         reset (net)
                      1.309403    0.000000    6.962133 v filter.x_in[7]_sky130_fd_sc_hd__dfrtp_2_Q_RESET_B_sky130_fd_sc_hd__inv_2_Y/A (sky130_fd_sc_hd__inv_2)
     1    0.003263    0.217326    0.283366    7.245499 ^ filter.x_in[7]_sky130_fd_sc_hd__dfrtp_2_Q_RESET_B_sky130_fd_sc_hd__inv_2_Y/Y (sky130_fd_sc_hd__inv_2)
                                                         filter.x_in[7]_sky130_fd_sc_hd__dfrtp_2_Q_RESET_B (net)
                      0.217326    0.000000    7.245499 ^ filter.x_in[7]_sky130_fd_sc_hd__dfrtp_2_Q/RESET_B (sky130_fd_sc_hd__dfrtp_2)
                                              7.245499   data arrival time

                      0.150000   30.000000   30.000000   clock clk (rise edge)
                                  0.000000   30.000000   clock network delay (ideal)
                                 -0.250000   29.750000   clock uncertainty
                                  0.000000   29.750000   clock reconvergence pessimism
                                             29.750000 ^ filter.x_in[7]_sky130_fd_sc_hd__dfrtp_2_Q/CLK (sky130_fd_sc_hd__dfrtp_2)
                                  0.408670   30.158670   library recovery time
                                             30.158670   data required time
---------------------------------------------------------------------------------------------
                                             30.158670   data required time
                                             -7.245499   data arrival time
---------------------------------------------------------------------------------------------
                                             22.913172   slack (MET)


Startpoint: reset (input port clocked by clk)
Endpoint: filter.x_in[8]_sky130_fd_sc_hd__dfrtp_2_Q
          (recovery check against rising-edge clock clk)
Path Group: asynchronous
Path Type: max

Fanout         Cap        Slew       Delay        Time   Description
---------------------------------------------------------------------------------------------
                      0.150000    0.000000    0.000000   clock clk (rise edge)
                                  0.000000    0.000000   clock network delay (ideal)
                                  6.000000    6.000000 v input external delay
    74    0.318200    1.309403    0.962133    6.962133 v reset (in)
                                                         reset (net)
                      1.309403    0.000000    6.962133 v filter.x_in[8]_sky130_fd_sc_hd__dfrtp_2_Q_RESET_B_sky130_fd_sc_hd__inv_2_Y/A (sky130_fd_sc_hd__inv_2)
     1    0.003263    0.217326    0.283366    7.245499 ^ filter.x_in[8]_sky130_fd_sc_hd__dfrtp_2_Q_RESET_B_sky130_fd_sc_hd__inv_2_Y/Y (sky130_fd_sc_hd__inv_2)
                                                         filter.x_in[8]_sky130_fd_sc_hd__dfrtp_2_Q_RESET_B (net)
                      0.217326    0.000000    7.245499 ^ filter.x_in[8]_sky130_fd_sc_hd__dfrtp_2_Q/RESET_B (sky130_fd_sc_hd__dfrtp_2)
                                              7.245499   data arrival time

                      0.150000   30.000000   30.000000   clock clk (rise edge)
                                  0.000000   30.000000   clock network delay (ideal)
                                 -0.250000   29.750000   clock uncertainty
                                  0.000000   29.750000   clock reconvergence pessimism
                                             29.750000 ^ filter.x_in[8]_sky130_fd_sc_hd__dfrtp_2_Q/CLK (sky130_fd_sc_hd__dfrtp_2)
                                  0.408670   30.158670   library recovery time
                                             30.158670   data required time
---------------------------------------------------------------------------------------------
                                             30.158670   data required time
                                             -7.245499   data arrival time
---------------------------------------------------------------------------------------------
                                             22.913172   slack (MET)


Startpoint: reset (input port clocked by clk)
Endpoint: filter.x_in[9]_sky130_fd_sc_hd__dfrtp_2_Q
          (recovery check against rising-edge clock clk)
Path Group: asynchronous
Path Type: max

Fanout         Cap        Slew       Delay        Time   Description
---------------------------------------------------------------------------------------------
                      0.150000    0.000000    0.000000   clock clk (rise edge)
                                  0.000000    0.000000   clock network delay (ideal)
                                  6.000000    6.000000 v input external delay
    74    0.318200    1.309403    0.962133    6.962133 v reset (in)
                                                         reset (net)
                      1.309403    0.000000    6.962133 v filter.x_in[9]_sky130_fd_sc_hd__dfrtp_2_Q_RESET_B_sky130_fd_sc_hd__inv_2_Y/A (sky130_fd_sc_hd__inv_2)
     1    0.003263    0.217326    0.283366    7.245499 ^ filter.x_in[9]_sky130_fd_sc_hd__dfrtp_2_Q_RESET_B_sky130_fd_sc_hd__inv_2_Y/Y (sky130_fd_sc_hd__inv_2)
                                                         filter.x_in[9]_sky130_fd_sc_hd__dfrtp_2_Q_RESET_B (net)
                      0.217326    0.000000    7.245499 ^ filter.x_in[9]_sky130_fd_sc_hd__dfrtp_2_Q/RESET_B (sky130_fd_sc_hd__dfrtp_2)
                                              7.245499   data arrival time

                      0.150000   30.000000   30.000000   clock clk (rise edge)
                                  0.000000   30.000000   clock network delay (ideal)
                                 -0.250000   29.750000   clock uncertainty
                                  0.000000   29.750000   clock reconvergence pessimism
                                             29.750000 ^ filter.x_in[9]_sky130_fd_sc_hd__dfrtp_2_Q/CLK (sky130_fd_sc_hd__dfrtp_2)
                                  0.408670   30.158670   library recovery time
                                             30.158670   data required time
---------------------------------------------------------------------------------------------
                                             30.158670   data required time
                                             -7.245499   data arrival time
---------------------------------------------------------------------------------------------
                                             22.913172   slack (MET)


Startpoint: reset (input port clocked by clk)
Endpoint: filter.y_out[0]_sky130_fd_sc_hd__dfrtp_2_Q
          (recovery check against rising-edge clock clk)
Path Group: asynchronous
Path Type: max

Fanout         Cap        Slew       Delay        Time   Description
---------------------------------------------------------------------------------------------
                      0.150000    0.000000    0.000000   clock clk (rise edge)
                                  0.000000    0.000000   clock network delay (ideal)
                                  6.000000    6.000000 v input external delay
    74    0.318200    1.309403    0.962133    6.962133 v reset (in)
                                                         reset (net)
                      1.309403    0.000000    6.962133 v filter.y_out[0]_sky130_fd_sc_hd__dfrtp_2_Q_RESET_B_sky130_fd_sc_hd__inv_2_Y/A (sky130_fd_sc_hd__inv_2)
     1    0.003263    0.217326    0.283366    7.245499 ^ filter.y_out[0]_sky130_fd_sc_hd__dfrtp_2_Q_RESET_B_sky130_fd_sc_hd__inv_2_Y/Y (sky130_fd_sc_hd__inv_2)
                                                         filter.y_out[0]_sky130_fd_sc_hd__dfrtp_2_Q_RESET_B (net)
                      0.217326    0.000000    7.245499 ^ filter.y_out[0]_sky130_fd_sc_hd__dfrtp_2_Q/RESET_B (sky130_fd_sc_hd__dfrtp_2)
                                              7.245499   data arrival time

                      0.150000   30.000000   30.000000   clock clk (rise edge)
                                  0.000000   30.000000   clock network delay (ideal)
                                 -0.250000   29.750000   clock uncertainty
                                  0.000000   29.750000   clock reconvergence pessimism
                                             29.750000 ^ filter.y_out[0]_sky130_fd_sc_hd__dfrtp_2_Q/CLK (sky130_fd_sc_hd__dfrtp_2)
                                  0.408670   30.158670   library recovery time
                                             30.158670   data required time
---------------------------------------------------------------------------------------------
                                             30.158670   data required time
                                             -7.245499   data arrival time
---------------------------------------------------------------------------------------------
                                             22.913172   slack (MET)


Startpoint: reset (input port clocked by clk)
Endpoint: filter.y_out[10]_sky130_fd_sc_hd__dfrtp_2_Q
          (recovery check against rising-edge clock clk)
Path Group: asynchronous
Path Type: max

Fanout         Cap        Slew       Delay        Time   Description
---------------------------------------------------------------------------------------------
                      0.150000    0.000000    0.000000   clock clk (rise edge)
                                  0.000000    0.000000   clock network delay (ideal)
                                  6.000000    6.000000 v input external delay
    74    0.318200    1.309403    0.962133    6.962133 v reset (in)
                                                         reset (net)
                      1.309403    0.000000    6.962133 v filter.y_out[10]_sky130_fd_sc_hd__dfrtp_2_Q_RESET_B_sky130_fd_sc_hd__inv_2_Y/A (sky130_fd_sc_hd__inv_2)
     1    0.003263    0.217326    0.283366    7.245499 ^ filter.y_out[10]_sky130_fd_sc_hd__dfrtp_2_Q_RESET_B_sky130_fd_sc_hd__inv_2_Y/Y (sky130_fd_sc_hd__inv_2)
                                                         filter.y_out[10]_sky130_fd_sc_hd__dfrtp_2_Q_RESET_B (net)
                      0.217326    0.000000    7.245499 ^ filter.y_out[10]_sky130_fd_sc_hd__dfrtp_2_Q/RESET_B (sky130_fd_sc_hd__dfrtp_2)
                                              7.245499   data arrival time

                      0.150000   30.000000   30.000000   clock clk (rise edge)
                                  0.000000   30.000000   clock network delay (ideal)
                                 -0.250000   29.750000   clock uncertainty
                                  0.000000   29.750000   clock reconvergence pessimism
                                             29.750000 ^ filter.y_out[10]_sky130_fd_sc_hd__dfrtp_2_Q/CLK (sky130_fd_sc_hd__dfrtp_2)
                                  0.408670   30.158670   library recovery time
                                             30.158670   data required time
---------------------------------------------------------------------------------------------
                                             30.158670   data required time
                                             -7.245499   data arrival time
---------------------------------------------------------------------------------------------
                                             22.913172   slack (MET)


Startpoint: reset (input port clocked by clk)
Endpoint: filter.y_out[11]_sky130_fd_sc_hd__dfrtp_2_Q
          (recovery check against rising-edge clock clk)
Path Group: asynchronous
Path Type: max

Fanout         Cap        Slew       Delay        Time   Description
---------------------------------------------------------------------------------------------
                      0.150000    0.000000    0.000000   clock clk (rise edge)
                                  0.000000    0.000000   clock network delay (ideal)
                                  6.000000    6.000000 v input external delay
    74    0.318200    1.309403    0.962133    6.962133 v reset (in)
                                                         reset (net)
                      1.309403    0.000000    6.962133 v filter.y_out[11]_sky130_fd_sc_hd__dfrtp_2_Q_RESET_B_sky130_fd_sc_hd__inv_2_Y/A (sky130_fd_sc_hd__inv_2)
     1    0.003263    0.217326    0.283366    7.245499 ^ filter.y_out[11]_sky130_fd_sc_hd__dfrtp_2_Q_RESET_B_sky130_fd_sc_hd__inv_2_Y/Y (sky130_fd_sc_hd__inv_2)
                                                         filter.y_out[11]_sky130_fd_sc_hd__dfrtp_2_Q_RESET_B (net)
                      0.217326    0.000000    7.245499 ^ filter.y_out[11]_sky130_fd_sc_hd__dfrtp_2_Q/RESET_B (sky130_fd_sc_hd__dfrtp_2)
                                              7.245499   data arrival time

                      0.150000   30.000000   30.000000   clock clk (rise edge)
                                  0.000000   30.000000   clock network delay (ideal)
                                 -0.250000   29.750000   clock uncertainty
                                  0.000000   29.750000   clock reconvergence pessimism
                                             29.750000 ^ filter.y_out[11]_sky130_fd_sc_hd__dfrtp_2_Q/CLK (sky130_fd_sc_hd__dfrtp_2)
                                  0.408670   30.158670   library recovery time
                                             30.158670   data required time
---------------------------------------------------------------------------------------------
                                             30.158670   data required time
                                             -7.245499   data arrival time
---------------------------------------------------------------------------------------------
                                             22.913172   slack (MET)


Startpoint: reset (input port clocked by clk)
Endpoint: filter.y_out[12]_sky130_fd_sc_hd__dfrtp_2_Q
          (recovery check against rising-edge clock clk)
Path Group: asynchronous
Path Type: max

Fanout         Cap        Slew       Delay        Time   Description
---------------------------------------------------------------------------------------------
                      0.150000    0.000000    0.000000   clock clk (rise edge)
                                  0.000000    0.000000   clock network delay (ideal)
                                  6.000000    6.000000 v input external delay
    74    0.318200    1.309403    0.962133    6.962133 v reset (in)
                                                         reset (net)
                      1.309403    0.000000    6.962133 v filter.y_out[12]_sky130_fd_sc_hd__dfrtp_2_Q_RESET_B_sky130_fd_sc_hd__inv_2_Y/A (sky130_fd_sc_hd__inv_2)
     1    0.003263    0.217326    0.283366    7.245499 ^ filter.y_out[12]_sky130_fd_sc_hd__dfrtp_2_Q_RESET_B_sky130_fd_sc_hd__inv_2_Y/Y (sky130_fd_sc_hd__inv_2)
                                                         filter.y_out[12]_sky130_fd_sc_hd__dfrtp_2_Q_RESET_B (net)
                      0.217326    0.000000    7.245499 ^ filter.y_out[12]_sky130_fd_sc_hd__dfrtp_2_Q/RESET_B (sky130_fd_sc_hd__dfrtp_2)
                                              7.245499   data arrival time

                      0.150000   30.000000   30.000000   clock clk (rise edge)
                                  0.000000   30.000000   clock network delay (ideal)
                                 -0.250000   29.750000   clock uncertainty
                                  0.000000   29.750000   clock reconvergence pessimism
                                             29.750000 ^ filter.y_out[12]_sky130_fd_sc_hd__dfrtp_2_Q/CLK (sky130_fd_sc_hd__dfrtp_2)
                                  0.408670   30.158670   library recovery time
                                             30.158670   data required time
---------------------------------------------------------------------------------------------
                                             30.158670   data required time
                                             -7.245499   data arrival time
---------------------------------------------------------------------------------------------
                                             22.913172   slack (MET)


Startpoint: reset (input port clocked by clk)
Endpoint: filter.y_out[13]_sky130_fd_sc_hd__dfrtp_2_Q
          (recovery check against rising-edge clock clk)
Path Group: asynchronous
Path Type: max

Fanout         Cap        Slew       Delay        Time   Description
---------------------------------------------------------------------------------------------
                      0.150000    0.000000    0.000000   clock clk (rise edge)
                                  0.000000    0.000000   clock network delay (ideal)
                                  6.000000    6.000000 v input external delay
    74    0.318200    1.309403    0.962133    6.962133 v reset (in)
                                                         reset (net)
                      1.309403    0.000000    6.962133 v filter.y_out[13]_sky130_fd_sc_hd__dfrtp_2_Q_RESET_B_sky130_fd_sc_hd__inv_2_Y/A (sky130_fd_sc_hd__inv_2)
     1    0.003263    0.217326    0.283366    7.245499 ^ filter.y_out[13]_sky130_fd_sc_hd__dfrtp_2_Q_RESET_B_sky130_fd_sc_hd__inv_2_Y/Y (sky130_fd_sc_hd__inv_2)
                                                         filter.y_out[13]_sky130_fd_sc_hd__dfrtp_2_Q_RESET_B (net)
                      0.217326    0.000000    7.245499 ^ filter.y_out[13]_sky130_fd_sc_hd__dfrtp_2_Q/RESET_B (sky130_fd_sc_hd__dfrtp_2)
                                              7.245499   data arrival time

                      0.150000   30.000000   30.000000   clock clk (rise edge)
                                  0.000000   30.000000   clock network delay (ideal)
                                 -0.250000   29.750000   clock uncertainty
                                  0.000000   29.750000   clock reconvergence pessimism
                                             29.750000 ^ filter.y_out[13]_sky130_fd_sc_hd__dfrtp_2_Q/CLK (sky130_fd_sc_hd__dfrtp_2)
                                  0.408670   30.158670   library recovery time
                                             30.158670   data required time
---------------------------------------------------------------------------------------------
                                             30.158670   data required time
                                             -7.245499   data arrival time
---------------------------------------------------------------------------------------------
                                             22.913172   slack (MET)


Startpoint: reset (input port clocked by clk)
Endpoint: filter.y_out[14]_sky130_fd_sc_hd__dfrtp_2_Q
          (recovery check against rising-edge clock clk)
Path Group: asynchronous
Path Type: max

Fanout         Cap        Slew       Delay        Time   Description
---------------------------------------------------------------------------------------------
                      0.150000    0.000000    0.000000   clock clk (rise edge)
                                  0.000000    0.000000   clock network delay (ideal)
                                  6.000000    6.000000 v input external delay
    74    0.318200    1.309403    0.962133    6.962133 v reset (in)
                                                         reset (net)
                      1.309403    0.000000    6.962133 v filter.y_out[14]_sky130_fd_sc_hd__dfrtp_2_Q_RESET_B_sky130_fd_sc_hd__inv_2_Y/A (sky130_fd_sc_hd__inv_2)
     1    0.003263    0.217326    0.283366    7.245499 ^ filter.y_out[14]_sky130_fd_sc_hd__dfrtp_2_Q_RESET_B_sky130_fd_sc_hd__inv_2_Y/Y (sky130_fd_sc_hd__inv_2)
                                                         filter.y_out[14]_sky130_fd_sc_hd__dfrtp_2_Q_RESET_B (net)
                      0.217326    0.000000    7.245499 ^ filter.y_out[14]_sky130_fd_sc_hd__dfrtp_2_Q/RESET_B (sky130_fd_sc_hd__dfrtp_2)
                                              7.245499   data arrival time

                      0.150000   30.000000   30.000000   clock clk (rise edge)
                                  0.000000   30.000000   clock network delay (ideal)
                                 -0.250000   29.750000   clock uncertainty
                                  0.000000   29.750000   clock reconvergence pessimism
                                             29.750000 ^ filter.y_out[14]_sky130_fd_sc_hd__dfrtp_2_Q/CLK (sky130_fd_sc_hd__dfrtp_2)
                                  0.408670   30.158670   library recovery time
                                             30.158670   data required time
---------------------------------------------------------------------------------------------
                                             30.158670   data required time
                                             -7.245499   data arrival time
---------------------------------------------------------------------------------------------
                                             22.913172   slack (MET)


Startpoint: reset (input port clocked by clk)
Endpoint: filter.y_out[15]_sky130_fd_sc_hd__dfrtp_2_Q
          (recovery check against rising-edge clock clk)
Path Group: asynchronous
Path Type: max

Fanout         Cap        Slew       Delay        Time   Description
---------------------------------------------------------------------------------------------
                      0.150000    0.000000    0.000000   clock clk (rise edge)
                                  0.000000    0.000000   clock network delay (ideal)
                                  6.000000    6.000000 v input external delay
    74    0.318200    1.309403    0.962133    6.962133 v reset (in)
                                                         reset (net)
                      1.309403    0.000000    6.962133 v filter.y_out[15]_sky130_fd_sc_hd__dfrtp_2_Q_RESET_B_sky130_fd_sc_hd__inv_2_Y/A (sky130_fd_sc_hd__inv_2)
     1    0.003263    0.217326    0.283366    7.245499 ^ filter.y_out[15]_sky130_fd_sc_hd__dfrtp_2_Q_RESET_B_sky130_fd_sc_hd__inv_2_Y/Y (sky130_fd_sc_hd__inv_2)
                                                         filter.y_out[15]_sky130_fd_sc_hd__dfrtp_2_Q_RESET_B (net)
                      0.217326    0.000000    7.245499 ^ filter.y_out[15]_sky130_fd_sc_hd__dfrtp_2_Q/RESET_B (sky130_fd_sc_hd__dfrtp_2)
                                              7.245499   data arrival time

                      0.150000   30.000000   30.000000   clock clk (rise edge)
                                  0.000000   30.000000   clock network delay (ideal)
                                 -0.250000   29.750000   clock uncertainty
                                  0.000000   29.750000   clock reconvergence pessimism
                                             29.750000 ^ filter.y_out[15]_sky130_fd_sc_hd__dfrtp_2_Q/CLK (sky130_fd_sc_hd__dfrtp_2)
                                  0.408670   30.158670   library recovery time
                                             30.158670   data required time
---------------------------------------------------------------------------------------------
                                             30.158670   data required time
                                             -7.245499   data arrival time
---------------------------------------------------------------------------------------------
                                             22.913172   slack (MET)


Startpoint: reset (input port clocked by clk)
Endpoint: filter.y_out[1]_sky130_fd_sc_hd__dfrtp_2_Q
          (recovery check against rising-edge clock clk)
Path Group: asynchronous
Path Type: max

Fanout         Cap        Slew       Delay        Time   Description
---------------------------------------------------------------------------------------------
                      0.150000    0.000000    0.000000   clock clk (rise edge)
                                  0.000000    0.000000   clock network delay (ideal)
                                  6.000000    6.000000 v input external delay
    74    0.318200    1.309403    0.962133    6.962133 v reset (in)
                                                         reset (net)
                      1.309403    0.000000    6.962133 v filter.y_out[1]_sky130_fd_sc_hd__dfrtp_2_Q_RESET_B_sky130_fd_sc_hd__inv_2_Y/A (sky130_fd_sc_hd__inv_2)
     1    0.003263    0.217326    0.283366    7.245499 ^ filter.y_out[1]_sky130_fd_sc_hd__dfrtp_2_Q_RESET_B_sky130_fd_sc_hd__inv_2_Y/Y (sky130_fd_sc_hd__inv_2)
                                                         filter.y_out[1]_sky130_fd_sc_hd__dfrtp_2_Q_RESET_B (net)
                      0.217326    0.000000    7.245499 ^ filter.y_out[1]_sky130_fd_sc_hd__dfrtp_2_Q/RESET_B (sky130_fd_sc_hd__dfrtp_2)
                                              7.245499   data arrival time

                      0.150000   30.000000   30.000000   clock clk (rise edge)
                                  0.000000   30.000000   clock network delay (ideal)
                                 -0.250000   29.750000   clock uncertainty
                                  0.000000   29.750000   clock reconvergence pessimism
                                             29.750000 ^ filter.y_out[1]_sky130_fd_sc_hd__dfrtp_2_Q/CLK (sky130_fd_sc_hd__dfrtp_2)
                                  0.408670   30.158670   library recovery time
                                             30.158670   data required time
---------------------------------------------------------------------------------------------
                                             30.158670   data required time
                                             -7.245499   data arrival time
---------------------------------------------------------------------------------------------
                                             22.913172   slack (MET)


Startpoint: reset (input port clocked by clk)
Endpoint: filter.y_out[2]_sky130_fd_sc_hd__dfrtp_2_Q
          (recovery check against rising-edge clock clk)
Path Group: asynchronous
Path Type: max

Fanout         Cap        Slew       Delay        Time   Description
---------------------------------------------------------------------------------------------
                      0.150000    0.000000    0.000000   clock clk (rise edge)
                                  0.000000    0.000000   clock network delay (ideal)
                                  6.000000    6.000000 v input external delay
    74    0.318200    1.309403    0.962133    6.962133 v reset (in)
                                                         reset (net)
                      1.309403    0.000000    6.962133 v filter.y_out[2]_sky130_fd_sc_hd__dfrtp_2_Q_RESET_B_sky130_fd_sc_hd__inv_2_Y/A (sky130_fd_sc_hd__inv_2)
     1    0.003263    0.217326    0.283366    7.245499 ^ filter.y_out[2]_sky130_fd_sc_hd__dfrtp_2_Q_RESET_B_sky130_fd_sc_hd__inv_2_Y/Y (sky130_fd_sc_hd__inv_2)
                                                         filter.y_out[2]_sky130_fd_sc_hd__dfrtp_2_Q_RESET_B (net)
                      0.217326    0.000000    7.245499 ^ filter.y_out[2]_sky130_fd_sc_hd__dfrtp_2_Q/RESET_B (sky130_fd_sc_hd__dfrtp_2)
                                              7.245499   data arrival time

                      0.150000   30.000000   30.000000   clock clk (rise edge)
                                  0.000000   30.000000   clock network delay (ideal)
                                 -0.250000   29.750000   clock uncertainty
                                  0.000000   29.750000   clock reconvergence pessimism
                                             29.750000 ^ filter.y_out[2]_sky130_fd_sc_hd__dfrtp_2_Q/CLK (sky130_fd_sc_hd__dfrtp_2)
                                  0.408670   30.158670   library recovery time
                                             30.158670   data required time
---------------------------------------------------------------------------------------------
                                             30.158670   data required time
                                             -7.245499   data arrival time
---------------------------------------------------------------------------------------------
                                             22.913172   slack (MET)


Startpoint: reset (input port clocked by clk)
Endpoint: filter.y_out[3]_sky130_fd_sc_hd__dfrtp_2_Q
          (recovery check against rising-edge clock clk)
Path Group: asynchronous
Path Type: max

Fanout         Cap        Slew       Delay        Time   Description
---------------------------------------------------------------------------------------------
                      0.150000    0.000000    0.000000   clock clk (rise edge)
                                  0.000000    0.000000   clock network delay (ideal)
                                  6.000000    6.000000 v input external delay
    74    0.318200    1.309403    0.962133    6.962133 v reset (in)
                                                         reset (net)
                      1.309403    0.000000    6.962133 v filter.y_out[3]_sky130_fd_sc_hd__dfrtp_2_Q_RESET_B_sky130_fd_sc_hd__inv_2_Y/A (sky130_fd_sc_hd__inv_2)
     1    0.003263    0.217326    0.283366    7.245499 ^ filter.y_out[3]_sky130_fd_sc_hd__dfrtp_2_Q_RESET_B_sky130_fd_sc_hd__inv_2_Y/Y (sky130_fd_sc_hd__inv_2)
                                                         filter.y_out[3]_sky130_fd_sc_hd__dfrtp_2_Q_RESET_B (net)
                      0.217326    0.000000    7.245499 ^ filter.y_out[3]_sky130_fd_sc_hd__dfrtp_2_Q/RESET_B (sky130_fd_sc_hd__dfrtp_2)
                                              7.245499   data arrival time

                      0.150000   30.000000   30.000000   clock clk (rise edge)
                                  0.000000   30.000000   clock network delay (ideal)
                                 -0.250000   29.750000   clock uncertainty
                                  0.000000   29.750000   clock reconvergence pessimism
                                             29.750000 ^ filter.y_out[3]_sky130_fd_sc_hd__dfrtp_2_Q/CLK (sky130_fd_sc_hd__dfrtp_2)
                                  0.408670   30.158670   library recovery time
                                             30.158670   data required time
---------------------------------------------------------------------------------------------
                                             30.158670   data required time
                                             -7.245499   data arrival time
---------------------------------------------------------------------------------------------
                                             22.913172   slack (MET)


Startpoint: reset (input port clocked by clk)
Endpoint: filter.y_out[4]_sky130_fd_sc_hd__dfrtp_2_Q
          (recovery check against rising-edge clock clk)
Path Group: asynchronous
Path Type: max

Fanout         Cap        Slew       Delay        Time   Description
---------------------------------------------------------------------------------------------
                      0.150000    0.000000    0.000000   clock clk (rise edge)
                                  0.000000    0.000000   clock network delay (ideal)
                                  6.000000    6.000000 v input external delay
    74    0.318200    1.309403    0.962133    6.962133 v reset (in)
                                                         reset (net)
                      1.309403    0.000000    6.962133 v filter.y_out[4]_sky130_fd_sc_hd__dfrtp_2_Q_RESET_B_sky130_fd_sc_hd__inv_2_Y/A (sky130_fd_sc_hd__inv_2)
     1    0.003263    0.217326    0.283366    7.245499 ^ filter.y_out[4]_sky130_fd_sc_hd__dfrtp_2_Q_RESET_B_sky130_fd_sc_hd__inv_2_Y/Y (sky130_fd_sc_hd__inv_2)
                                                         filter.y_out[4]_sky130_fd_sc_hd__dfrtp_2_Q_RESET_B (net)
                      0.217326    0.000000    7.245499 ^ filter.y_out[4]_sky130_fd_sc_hd__dfrtp_2_Q/RESET_B (sky130_fd_sc_hd__dfrtp_2)
                                              7.245499   data arrival time

                      0.150000   30.000000   30.000000   clock clk (rise edge)
                                  0.000000   30.000000   clock network delay (ideal)
                                 -0.250000   29.750000   clock uncertainty
                                  0.000000   29.750000   clock reconvergence pessimism
                                             29.750000 ^ filter.y_out[4]_sky130_fd_sc_hd__dfrtp_2_Q/CLK (sky130_fd_sc_hd__dfrtp_2)
                                  0.408670   30.158670   library recovery time
                                             30.158670   data required time
---------------------------------------------------------------------------------------------
                                             30.158670   data required time
                                             -7.245499   data arrival time
---------------------------------------------------------------------------------------------
                                             22.913172   slack (MET)


Startpoint: reset (input port clocked by clk)
Endpoint: filter.y_out[5]_sky130_fd_sc_hd__dfrtp_2_Q
          (recovery check against rising-edge clock clk)
Path Group: asynchronous
Path Type: max

Fanout         Cap        Slew       Delay        Time   Description
---------------------------------------------------------------------------------------------
                      0.150000    0.000000    0.000000   clock clk (rise edge)
                                  0.000000    0.000000   clock network delay (ideal)
                                  6.000000    6.000000 v input external delay
    74    0.318200    1.309403    0.962133    6.962133 v reset (in)
                                                         reset (net)
                      1.309403    0.000000    6.962133 v filter.y_out[5]_sky130_fd_sc_hd__dfrtp_2_Q_RESET_B_sky130_fd_sc_hd__inv_2_Y/A (sky130_fd_sc_hd__inv_2)
     1    0.003263    0.217326    0.283366    7.245499 ^ filter.y_out[5]_sky130_fd_sc_hd__dfrtp_2_Q_RESET_B_sky130_fd_sc_hd__inv_2_Y/Y (sky130_fd_sc_hd__inv_2)
                                                         filter.y_out[5]_sky130_fd_sc_hd__dfrtp_2_Q_RESET_B (net)
                      0.217326    0.000000    7.245499 ^ filter.y_out[5]_sky130_fd_sc_hd__dfrtp_2_Q/RESET_B (sky130_fd_sc_hd__dfrtp_2)
                                              7.245499   data arrival time

                      0.150000   30.000000   30.000000   clock clk (rise edge)
                                  0.000000   30.000000   clock network delay (ideal)
                                 -0.250000   29.750000   clock uncertainty
                                  0.000000   29.750000   clock reconvergence pessimism
                                             29.750000 ^ filter.y_out[5]_sky130_fd_sc_hd__dfrtp_2_Q/CLK (sky130_fd_sc_hd__dfrtp_2)
                                  0.408670   30.158670   library recovery time
                                             30.158670   data required time
---------------------------------------------------------------------------------------------
                                             30.158670   data required time
                                             -7.245499   data arrival time
---------------------------------------------------------------------------------------------
                                             22.913172   slack (MET)


Startpoint: reset (input port clocked by clk)
Endpoint: filter.y_out[6]_sky130_fd_sc_hd__dfrtp_2_Q
          (recovery check against rising-edge clock clk)
Path Group: asynchronous
Path Type: max

Fanout         Cap        Slew       Delay        Time   Description
---------------------------------------------------------------------------------------------
                      0.150000    0.000000    0.000000   clock clk (rise edge)
                                  0.000000    0.000000   clock network delay (ideal)
                                  6.000000    6.000000 v input external delay
    74    0.318200    1.309403    0.962133    6.962133 v reset (in)
                                                         reset (net)
                      1.309403    0.000000    6.962133 v filter.y_out[6]_sky130_fd_sc_hd__dfrtp_2_Q_RESET_B_sky130_fd_sc_hd__inv_2_Y/A (sky130_fd_sc_hd__inv_2)
     1    0.003263    0.217326    0.283366    7.245499 ^ filter.y_out[6]_sky130_fd_sc_hd__dfrtp_2_Q_RESET_B_sky130_fd_sc_hd__inv_2_Y/Y (sky130_fd_sc_hd__inv_2)
                                                         filter.y_out[6]_sky130_fd_sc_hd__dfrtp_2_Q_RESET_B (net)
                      0.217326    0.000000    7.245499 ^ filter.y_out[6]_sky130_fd_sc_hd__dfrtp_2_Q/RESET_B (sky130_fd_sc_hd__dfrtp_2)
                                              7.245499   data arrival time

                      0.150000   30.000000   30.000000   clock clk (rise edge)
                                  0.000000   30.000000   clock network delay (ideal)
                                 -0.250000   29.750000   clock uncertainty
                                  0.000000   29.750000   clock reconvergence pessimism
                                             29.750000 ^ filter.y_out[6]_sky130_fd_sc_hd__dfrtp_2_Q/CLK (sky130_fd_sc_hd__dfrtp_2)
                                  0.408670   30.158670   library recovery time
                                             30.158670   data required time
---------------------------------------------------------------------------------------------
                                             30.158670   data required time
                                             -7.245499   data arrival time
---------------------------------------------------------------------------------------------
                                             22.913172   slack (MET)


Startpoint: reset (input port clocked by clk)
Endpoint: filter.y_out[7]_sky130_fd_sc_hd__dfrtp_2_Q
          (recovery check against rising-edge clock clk)
Path Group: asynchronous
Path Type: max

Fanout         Cap        Slew       Delay        Time   Description
---------------------------------------------------------------------------------------------
                      0.150000    0.000000    0.000000   clock clk (rise edge)
                                  0.000000    0.000000   clock network delay (ideal)
                                  6.000000    6.000000 v input external delay
    74    0.318200    1.309403    0.962133    6.962133 v reset (in)
                                                         reset (net)
                      1.309403    0.000000    6.962133 v filter.y_out[7]_sky130_fd_sc_hd__dfrtp_2_Q_RESET_B_sky130_fd_sc_hd__inv_2_Y/A (sky130_fd_sc_hd__inv_2)
     1    0.003263    0.217326    0.283366    7.245499 ^ filter.y_out[7]_sky130_fd_sc_hd__dfrtp_2_Q_RESET_B_sky130_fd_sc_hd__inv_2_Y/Y (sky130_fd_sc_hd__inv_2)
                                                         filter.y_out[7]_sky130_fd_sc_hd__dfrtp_2_Q_RESET_B (net)
                      0.217326    0.000000    7.245499 ^ filter.y_out[7]_sky130_fd_sc_hd__dfrtp_2_Q/RESET_B (sky130_fd_sc_hd__dfrtp_2)
                                              7.245499   data arrival time

                      0.150000   30.000000   30.000000   clock clk (rise edge)
                                  0.000000   30.000000   clock network delay (ideal)
                                 -0.250000   29.750000   clock uncertainty
                                  0.000000   29.750000   clock reconvergence pessimism
                                             29.750000 ^ filter.y_out[7]_sky130_fd_sc_hd__dfrtp_2_Q/CLK (sky130_fd_sc_hd__dfrtp_2)
                                  0.408670   30.158670   library recovery time
                                             30.158670   data required time
---------------------------------------------------------------------------------------------
                                             30.158670   data required time
                                             -7.245499   data arrival time
---------------------------------------------------------------------------------------------
                                             22.913172   slack (MET)


Startpoint: reset (input port clocked by clk)
Endpoint: filter.y_out[8]_sky130_fd_sc_hd__dfrtp_2_Q
          (recovery check against rising-edge clock clk)
Path Group: asynchronous
Path Type: max

Fanout         Cap        Slew       Delay        Time   Description
---------------------------------------------------------------------------------------------
                      0.150000    0.000000    0.000000   clock clk (rise edge)
                                  0.000000    0.000000   clock network delay (ideal)
                                  6.000000    6.000000 v input external delay
    74    0.318200    1.309403    0.962133    6.962133 v reset (in)
                                                         reset (net)
                      1.309403    0.000000    6.962133 v filter.y_out[8]_sky130_fd_sc_hd__dfrtp_2_Q_RESET_B_sky130_fd_sc_hd__inv_2_Y/A (sky130_fd_sc_hd__inv_2)
     1    0.003263    0.217326    0.283366    7.245499 ^ filter.y_out[8]_sky130_fd_sc_hd__dfrtp_2_Q_RESET_B_sky130_fd_sc_hd__inv_2_Y/Y (sky130_fd_sc_hd__inv_2)
                                                         filter.y_out[8]_sky130_fd_sc_hd__dfrtp_2_Q_RESET_B (net)
                      0.217326    0.000000    7.245499 ^ filter.y_out[8]_sky130_fd_sc_hd__dfrtp_2_Q/RESET_B (sky130_fd_sc_hd__dfrtp_2)
                                              7.245499   data arrival time

                      0.150000   30.000000   30.000000   clock clk (rise edge)
                                  0.000000   30.000000   clock network delay (ideal)
                                 -0.250000   29.750000   clock uncertainty
                                  0.000000   29.750000   clock reconvergence pessimism
                                             29.750000 ^ filter.y_out[8]_sky130_fd_sc_hd__dfrtp_2_Q/CLK (sky130_fd_sc_hd__dfrtp_2)
                                  0.408670   30.158670   library recovery time
                                             30.158670   data required time
---------------------------------------------------------------------------------------------
                                             30.158670   data required time
                                             -7.245499   data arrival time
---------------------------------------------------------------------------------------------
                                             22.913172   slack (MET)


Startpoint: reset (input port clocked by clk)
Endpoint: filter.y_out[9]_sky130_fd_sc_hd__dfrtp_2_Q
          (recovery check against rising-edge clock clk)
Path Group: asynchronous
Path Type: max

Fanout         Cap        Slew       Delay        Time   Description
---------------------------------------------------------------------------------------------
                      0.150000    0.000000    0.000000   clock clk (rise edge)
                                  0.000000    0.000000   clock network delay (ideal)
                                  6.000000    6.000000 v input external delay
    74    0.318200    1.309403    0.962133    6.962133 v reset (in)
                                                         reset (net)
                      1.309403    0.000000    6.962133 v filter.y_out[9]_sky130_fd_sc_hd__dfrtp_2_Q_RESET_B_sky130_fd_sc_hd__inv_2_Y/A (sky130_fd_sc_hd__inv_2)
     1    0.003263    0.217326    0.283366    7.245499 ^ filter.y_out[9]_sky130_fd_sc_hd__dfrtp_2_Q_RESET_B_sky130_fd_sc_hd__inv_2_Y/Y (sky130_fd_sc_hd__inv_2)
                                                         filter.y_out[9]_sky130_fd_sc_hd__dfrtp_2_Q_RESET_B (net)
                      0.217326    0.000000    7.245499 ^ filter.y_out[9]_sky130_fd_sc_hd__dfrtp_2_Q/RESET_B (sky130_fd_sc_hd__dfrtp_2)
                                              7.245499   data arrival time

                      0.150000   30.000000   30.000000   clock clk (rise edge)
                                  0.000000   30.000000   clock network delay (ideal)
                                 -0.250000   29.750000   clock uncertainty
                                  0.000000   29.750000   clock reconvergence pessimism
                                             29.750000 ^ filter.y_out[9]_sky130_fd_sc_hd__dfrtp_2_Q/CLK (sky130_fd_sc_hd__dfrtp_2)
                                  0.408670   30.158670   library recovery time
                                             30.158670   data required time
---------------------------------------------------------------------------------------------
                                             30.158670   data required time
                                             -7.245499   data arrival time
---------------------------------------------------------------------------------------------
                                             22.913172   slack (MET)


Startpoint: reset (input port clocked by clk)
Endpoint: spi_in.bit_cnt[0]_sky130_fd_sc_hd__dfrtp_2_Q
          (recovery check against rising-edge clock clk)
Path Group: asynchronous
Path Type: max

Fanout         Cap        Slew       Delay        Time   Description
---------------------------------------------------------------------------------------------
                      0.150000    0.000000    0.000000   clock clk (rise edge)
                                  0.000000    0.000000   clock network delay (ideal)
                                  6.000000    6.000000 v input external delay
    74    0.318200    1.309403    0.962133    6.962133 v reset (in)
                                                         reset (net)
                      1.309403    0.000000    6.962133 v spi_in.bit_cnt[0]_sky130_fd_sc_hd__dfrtp_2_Q_RESET_B_sky130_fd_sc_hd__inv_2_Y/A (sky130_fd_sc_hd__inv_2)
     1    0.003263    0.217326    0.283366    7.245499 ^ spi_in.bit_cnt[0]_sky130_fd_sc_hd__dfrtp_2_Q_RESET_B_sky130_fd_sc_hd__inv_2_Y/Y (sky130_fd_sc_hd__inv_2)
                                                         spi_in.bit_cnt[0]_sky130_fd_sc_hd__dfrtp_2_Q_RESET_B (net)
                      0.217326    0.000000    7.245499 ^ spi_in.bit_cnt[0]_sky130_fd_sc_hd__dfrtp_2_Q/RESET_B (sky130_fd_sc_hd__dfrtp_2)
                                              7.245499   data arrival time

                      0.150000   30.000000   30.000000   clock clk (rise edge)
                                  0.000000   30.000000   clock network delay (ideal)
                                 -0.250000   29.750000   clock uncertainty
                                  0.000000   29.750000   clock reconvergence pessimism
                                             29.750000 ^ spi_in.bit_cnt[0]_sky130_fd_sc_hd__dfrtp_2_Q/CLK (sky130_fd_sc_hd__dfrtp_2)
                                  0.408670   30.158670   library recovery time
                                             30.158670   data required time
---------------------------------------------------------------------------------------------
                                             30.158670   data required time
                                             -7.245499   data arrival time
---------------------------------------------------------------------------------------------
                                             22.913172   slack (MET)


Startpoint: reset (input port clocked by clk)
Endpoint: spi_in.bit_cnt[1]_sky130_fd_sc_hd__dfrtp_2_Q
          (recovery check against rising-edge clock clk)
Path Group: asynchronous
Path Type: max

Fanout         Cap        Slew       Delay        Time   Description
---------------------------------------------------------------------------------------------
                      0.150000    0.000000    0.000000   clock clk (rise edge)
                                  0.000000    0.000000   clock network delay (ideal)
                                  6.000000    6.000000 v input external delay
    74    0.318200    1.309403    0.962133    6.962133 v reset (in)
                                                         reset (net)
                      1.309403    0.000000    6.962133 v spi_in.bit_cnt[1]_sky130_fd_sc_hd__dfrtp_2_Q_RESET_B_sky130_fd_sc_hd__inv_2_Y/A (sky130_fd_sc_hd__inv_2)
     1    0.003263    0.217326    0.283366    7.245499 ^ spi_in.bit_cnt[1]_sky130_fd_sc_hd__dfrtp_2_Q_RESET_B_sky130_fd_sc_hd__inv_2_Y/Y (sky130_fd_sc_hd__inv_2)
                                                         spi_in.bit_cnt[1]_sky130_fd_sc_hd__dfrtp_2_Q_RESET_B (net)
                      0.217326    0.000000    7.245499 ^ spi_in.bit_cnt[1]_sky130_fd_sc_hd__dfrtp_2_Q/RESET_B (sky130_fd_sc_hd__dfrtp_2)
                                              7.245499   data arrival time

                      0.150000   30.000000   30.000000   clock clk (rise edge)
                                  0.000000   30.000000   clock network delay (ideal)
                                 -0.250000   29.750000   clock uncertainty
                                  0.000000   29.750000   clock reconvergence pessimism
                                             29.750000 ^ spi_in.bit_cnt[1]_sky130_fd_sc_hd__dfrtp_2_Q/CLK (sky130_fd_sc_hd__dfrtp_2)
                                  0.408670   30.158670   library recovery time
                                             30.158670   data required time
---------------------------------------------------------------------------------------------
                                             30.158670   data required time
                                             -7.245499   data arrival time
---------------------------------------------------------------------------------------------
                                             22.913172   slack (MET)


Startpoint: reset (input port clocked by clk)
Endpoint: spi_in.bit_cnt[2]_sky130_fd_sc_hd__dfrtp_2_Q
          (recovery check against rising-edge clock clk)
Path Group: asynchronous
Path Type: max

Fanout         Cap        Slew       Delay        Time   Description
---------------------------------------------------------------------------------------------
                      0.150000    0.000000    0.000000   clock clk (rise edge)
                                  0.000000    0.000000   clock network delay (ideal)
                                  6.000000    6.000000 v input external delay
    74    0.318200    1.309403    0.962133    6.962133 v reset (in)
                                                         reset (net)
                      1.309403    0.000000    6.962133 v spi_in.bit_cnt[2]_sky130_fd_sc_hd__dfrtp_2_Q_RESET_B_sky130_fd_sc_hd__inv_2_Y/A (sky130_fd_sc_hd__inv_2)
     1    0.003263    0.217326    0.283366    7.245499 ^ spi_in.bit_cnt[2]_sky130_fd_sc_hd__dfrtp_2_Q_RESET_B_sky130_fd_sc_hd__inv_2_Y/Y (sky130_fd_sc_hd__inv_2)
                                                         spi_in.bit_cnt[2]_sky130_fd_sc_hd__dfrtp_2_Q_RESET_B (net)
                      0.217326    0.000000    7.245499 ^ spi_in.bit_cnt[2]_sky130_fd_sc_hd__dfrtp_2_Q/RESET_B (sky130_fd_sc_hd__dfrtp_2)
                                              7.245499   data arrival time

                      0.150000   30.000000   30.000000   clock clk (rise edge)
                                  0.000000   30.000000   clock network delay (ideal)
                                 -0.250000   29.750000   clock uncertainty
                                  0.000000   29.750000   clock reconvergence pessimism
                                             29.750000 ^ spi_in.bit_cnt[2]_sky130_fd_sc_hd__dfrtp_2_Q/CLK (sky130_fd_sc_hd__dfrtp_2)
                                  0.408670   30.158670   library recovery time
                                             30.158670   data required time
---------------------------------------------------------------------------------------------
                                             30.158670   data required time
                                             -7.245499   data arrival time
---------------------------------------------------------------------------------------------
                                             22.913172   slack (MET)


Startpoint: reset (input port clocked by clk)
Endpoint: spi_in.bit_cnt[3]_sky130_fd_sc_hd__dfrtp_2_Q
          (recovery check against rising-edge clock clk)
Path Group: asynchronous
Path Type: max

Fanout         Cap        Slew       Delay        Time   Description
---------------------------------------------------------------------------------------------
                      0.150000    0.000000    0.000000   clock clk (rise edge)
                                  0.000000    0.000000   clock network delay (ideal)
                                  6.000000    6.000000 v input external delay
    74    0.318200    1.309403    0.962133    6.962133 v reset (in)
                                                         reset (net)
                      1.309403    0.000000    6.962133 v spi_in.bit_cnt[3]_sky130_fd_sc_hd__dfrtp_2_Q_RESET_B_sky130_fd_sc_hd__inv_2_Y/A (sky130_fd_sc_hd__inv_2)
     1    0.003263    0.217326    0.283366    7.245499 ^ spi_in.bit_cnt[3]_sky130_fd_sc_hd__dfrtp_2_Q_RESET_B_sky130_fd_sc_hd__inv_2_Y/Y (sky130_fd_sc_hd__inv_2)
                                                         spi_in.bit_cnt[3]_sky130_fd_sc_hd__dfrtp_2_Q_RESET_B (net)
                      0.217326    0.000000    7.245499 ^ spi_in.bit_cnt[3]_sky130_fd_sc_hd__dfrtp_2_Q/RESET_B (sky130_fd_sc_hd__dfrtp_2)
                                              7.245499   data arrival time

                      0.150000   30.000000   30.000000   clock clk (rise edge)
                                  0.000000   30.000000   clock network delay (ideal)
                                 -0.250000   29.750000   clock uncertainty
                                  0.000000   29.750000   clock reconvergence pessimism
                                             29.750000 ^ spi_in.bit_cnt[3]_sky130_fd_sc_hd__dfrtp_2_Q/CLK (sky130_fd_sc_hd__dfrtp_2)
                                  0.408670   30.158670   library recovery time
                                             30.158670   data required time
---------------------------------------------------------------------------------------------
                                             30.158670   data required time
                                             -7.245499   data arrival time
---------------------------------------------------------------------------------------------
                                             22.913172   slack (MET)


Startpoint: reset (input port clocked by clk)
Endpoint: spi_in.sclk_prev_sky130_fd_sc_hd__dfrtp_2_Q
          (recovery check against rising-edge clock clk)
Path Group: asynchronous
Path Type: max

Fanout         Cap        Slew       Delay        Time   Description
---------------------------------------------------------------------------------------------
                      0.150000    0.000000    0.000000   clock clk (rise edge)
                                  0.000000    0.000000   clock network delay (ideal)
                                  6.000000    6.000000 v input external delay
    74    0.318200    1.309403    0.962133    6.962133 v reset (in)
                                                         reset (net)
                      1.309403    0.000000    6.962133 v spi_in.sclk_prev_sky130_fd_sc_hd__dfrtp_2_Q_RESET_B_sky130_fd_sc_hd__inv_2_Y/A (sky130_fd_sc_hd__inv_2)
     1    0.003263    0.217326    0.283366    7.245499 ^ spi_in.sclk_prev_sky130_fd_sc_hd__dfrtp_2_Q_RESET_B_sky130_fd_sc_hd__inv_2_Y/Y (sky130_fd_sc_hd__inv_2)
                                                         spi_in.sclk_prev_sky130_fd_sc_hd__dfrtp_2_Q_RESET_B (net)
                      0.217326    0.000000    7.245499 ^ spi_in.sclk_prev_sky130_fd_sc_hd__dfrtp_2_Q/RESET_B (sky130_fd_sc_hd__dfrtp_2)
                                              7.245499   data arrival time

                      0.150000   30.000000   30.000000   clock clk (rise edge)
                                  0.000000   30.000000   clock network delay (ideal)
                                 -0.250000   29.750000   clock uncertainty
                                  0.000000   29.750000   clock reconvergence pessimism
                                             29.750000 ^ spi_in.sclk_prev_sky130_fd_sc_hd__dfrtp_2_Q/CLK (sky130_fd_sc_hd__dfrtp_2)
                                  0.408670   30.158670   library recovery time
                                             30.158670   data required time
---------------------------------------------------------------------------------------------
                                             30.158670   data required time
                                             -7.245499   data arrival time
---------------------------------------------------------------------------------------------
                                             22.913172   slack (MET)


Startpoint: reset (input port clocked by clk)
Endpoint: spi_in.shift_reg[0]_sky130_fd_sc_hd__dfrtp_2_Q
          (recovery check against rising-edge clock clk)
Path Group: asynchronous
Path Type: max

Fanout         Cap        Slew       Delay        Time   Description
---------------------------------------------------------------------------------------------
                      0.150000    0.000000    0.000000   clock clk (rise edge)
                                  0.000000    0.000000   clock network delay (ideal)
                                  6.000000    6.000000 v input external delay
    74    0.318200    1.309403    0.962133    6.962133 v reset (in)
                                                         reset (net)
                      1.309403    0.000000    6.962133 v spi_in.shift_reg[0]_sky130_fd_sc_hd__dfrtp_2_Q_RESET_B_sky130_fd_sc_hd__inv_2_Y/A (sky130_fd_sc_hd__inv_2)
     1    0.003263    0.217326    0.283366    7.245499 ^ spi_in.shift_reg[0]_sky130_fd_sc_hd__dfrtp_2_Q_RESET_B_sky130_fd_sc_hd__inv_2_Y/Y (sky130_fd_sc_hd__inv_2)
                                                         spi_in.shift_reg[0]_sky130_fd_sc_hd__dfrtp_2_Q_RESET_B (net)
                      0.217326    0.000000    7.245499 ^ spi_in.shift_reg[0]_sky130_fd_sc_hd__dfrtp_2_Q/RESET_B (sky130_fd_sc_hd__dfrtp_2)
                                              7.245499   data arrival time

                      0.150000   30.000000   30.000000   clock clk (rise edge)
                                  0.000000   30.000000   clock network delay (ideal)
                                 -0.250000   29.750000   clock uncertainty
                                  0.000000   29.750000   clock reconvergence pessimism
                                             29.750000 ^ spi_in.shift_reg[0]_sky130_fd_sc_hd__dfrtp_2_Q/CLK (sky130_fd_sc_hd__dfrtp_2)
                                  0.408670   30.158670   library recovery time
                                             30.158670   data required time
---------------------------------------------------------------------------------------------
                                             30.158670   data required time
                                             -7.245499   data arrival time
---------------------------------------------------------------------------------------------
                                             22.913172   slack (MET)


Startpoint: reset (input port clocked by clk)
Endpoint: spi_in.shift_reg[10]_sky130_fd_sc_hd__dfrtp_2_Q
          (recovery check against rising-edge clock clk)
Path Group: asynchronous
Path Type: max

Fanout         Cap        Slew       Delay        Time   Description
---------------------------------------------------------------------------------------------
                      0.150000    0.000000    0.000000   clock clk (rise edge)
                                  0.000000    0.000000   clock network delay (ideal)
                                  6.000000    6.000000 v input external delay
    74    0.318200    1.309403    0.962133    6.962133 v reset (in)
                                                         reset (net)
                      1.309403    0.000000    6.962133 v spi_in.shift_reg[10]_sky130_fd_sc_hd__dfrtp_2_Q_RESET_B_sky130_fd_sc_hd__inv_2_Y/A (sky130_fd_sc_hd__inv_2)
     1    0.003263    0.217326    0.283366    7.245499 ^ spi_in.shift_reg[10]_sky130_fd_sc_hd__dfrtp_2_Q_RESET_B_sky130_fd_sc_hd__inv_2_Y/Y (sky130_fd_sc_hd__inv_2)
                                                         spi_in.shift_reg[10]_sky130_fd_sc_hd__dfrtp_2_Q_RESET_B (net)
                      0.217326    0.000000    7.245499 ^ spi_in.shift_reg[10]_sky130_fd_sc_hd__dfrtp_2_Q/RESET_B (sky130_fd_sc_hd__dfrtp_2)
                                              7.245499   data arrival time

                      0.150000   30.000000   30.000000   clock clk (rise edge)
                                  0.000000   30.000000   clock network delay (ideal)
                                 -0.250000   29.750000   clock uncertainty
                                  0.000000   29.750000   clock reconvergence pessimism
                                             29.750000 ^ spi_in.shift_reg[10]_sky130_fd_sc_hd__dfrtp_2_Q/CLK (sky130_fd_sc_hd__dfrtp_2)
                                  0.408670   30.158670   library recovery time
                                             30.158670   data required time
---------------------------------------------------------------------------------------------
                                             30.158670   data required time
                                             -7.245499   data arrival time
---------------------------------------------------------------------------------------------
                                             22.913172   slack (MET)


Startpoint: reset (input port clocked by clk)
Endpoint: spi_in.shift_reg[11]_sky130_fd_sc_hd__dfrtp_2_Q
          (recovery check against rising-edge clock clk)
Path Group: asynchronous
Path Type: max

Fanout         Cap        Slew       Delay        Time   Description
---------------------------------------------------------------------------------------------
                      0.150000    0.000000    0.000000   clock clk (rise edge)
                                  0.000000    0.000000   clock network delay (ideal)
                                  6.000000    6.000000 v input external delay
    74    0.318200    1.309403    0.962133    6.962133 v reset (in)
                                                         reset (net)
                      1.309403    0.000000    6.962133 v spi_in.shift_reg[11]_sky130_fd_sc_hd__dfrtp_2_Q_RESET_B_sky130_fd_sc_hd__inv_2_Y/A (sky130_fd_sc_hd__inv_2)
     1    0.003263    0.217326    0.283366    7.245499 ^ spi_in.shift_reg[11]_sky130_fd_sc_hd__dfrtp_2_Q_RESET_B_sky130_fd_sc_hd__inv_2_Y/Y (sky130_fd_sc_hd__inv_2)
                                                         spi_in.shift_reg[11]_sky130_fd_sc_hd__dfrtp_2_Q_RESET_B (net)
                      0.217326    0.000000    7.245499 ^ spi_in.shift_reg[11]_sky130_fd_sc_hd__dfrtp_2_Q/RESET_B (sky130_fd_sc_hd__dfrtp_2)
                                              7.245499   data arrival time

                      0.150000   30.000000   30.000000   clock clk (rise edge)
                                  0.000000   30.000000   clock network delay (ideal)
                                 -0.250000   29.750000   clock uncertainty
                                  0.000000   29.750000   clock reconvergence pessimism
                                             29.750000 ^ spi_in.shift_reg[11]_sky130_fd_sc_hd__dfrtp_2_Q/CLK (sky130_fd_sc_hd__dfrtp_2)
                                  0.408670   30.158670   library recovery time
                                             30.158670   data required time
---------------------------------------------------------------------------------------------
                                             30.158670   data required time
                                             -7.245499   data arrival time
---------------------------------------------------------------------------------------------
                                             22.913172   slack (MET)


Startpoint: reset (input port clocked by clk)
Endpoint: spi_in.shift_reg[12]_sky130_fd_sc_hd__dfrtp_2_Q
          (recovery check against rising-edge clock clk)
Path Group: asynchronous
Path Type: max

Fanout         Cap        Slew       Delay        Time   Description
---------------------------------------------------------------------------------------------
                      0.150000    0.000000    0.000000   clock clk (rise edge)
                                  0.000000    0.000000   clock network delay (ideal)
                                  6.000000    6.000000 v input external delay
    74    0.318200    1.309403    0.962133    6.962133 v reset (in)
                                                         reset (net)
                      1.309403    0.000000    6.962133 v spi_in.shift_reg[12]_sky130_fd_sc_hd__dfrtp_2_Q_RESET_B_sky130_fd_sc_hd__inv_2_Y/A (sky130_fd_sc_hd__inv_2)
     1    0.003263    0.217326    0.283366    7.245499 ^ spi_in.shift_reg[12]_sky130_fd_sc_hd__dfrtp_2_Q_RESET_B_sky130_fd_sc_hd__inv_2_Y/Y (sky130_fd_sc_hd__inv_2)
                                                         spi_in.shift_reg[12]_sky130_fd_sc_hd__dfrtp_2_Q_RESET_B (net)
                      0.217326    0.000000    7.245499 ^ spi_in.shift_reg[12]_sky130_fd_sc_hd__dfrtp_2_Q/RESET_B (sky130_fd_sc_hd__dfrtp_2)
                                              7.245499   data arrival time

                      0.150000   30.000000   30.000000   clock clk (rise edge)
                                  0.000000   30.000000   clock network delay (ideal)
                                 -0.250000   29.750000   clock uncertainty
                                  0.000000   29.750000   clock reconvergence pessimism
                                             29.750000 ^ spi_in.shift_reg[12]_sky130_fd_sc_hd__dfrtp_2_Q/CLK (sky130_fd_sc_hd__dfrtp_2)
                                  0.408670   30.158670   library recovery time
                                             30.158670   data required time
---------------------------------------------------------------------------------------------
                                             30.158670   data required time
                                             -7.245499   data arrival time
---------------------------------------------------------------------------------------------
                                             22.913172   slack (MET)


Startpoint: reset (input port clocked by clk)
Endpoint: spi_in.shift_reg[13]_sky130_fd_sc_hd__dfrtp_2_Q
          (recovery check against rising-edge clock clk)
Path Group: asynchronous
Path Type: max

Fanout         Cap        Slew       Delay        Time   Description
---------------------------------------------------------------------------------------------
                      0.150000    0.000000    0.000000   clock clk (rise edge)
                                  0.000000    0.000000   clock network delay (ideal)
                                  6.000000    6.000000 v input external delay
    74    0.318200    1.309403    0.962133    6.962133 v reset (in)
                                                         reset (net)
                      1.309403    0.000000    6.962133 v spi_in.shift_reg[13]_sky130_fd_sc_hd__dfrtp_2_Q_RESET_B_sky130_fd_sc_hd__inv_2_Y/A (sky130_fd_sc_hd__inv_2)
     1    0.003263    0.217326    0.283366    7.245499 ^ spi_in.shift_reg[13]_sky130_fd_sc_hd__dfrtp_2_Q_RESET_B_sky130_fd_sc_hd__inv_2_Y/Y (sky130_fd_sc_hd__inv_2)
                                                         spi_in.shift_reg[13]_sky130_fd_sc_hd__dfrtp_2_Q_RESET_B (net)
                      0.217326    0.000000    7.245499 ^ spi_in.shift_reg[13]_sky130_fd_sc_hd__dfrtp_2_Q/RESET_B (sky130_fd_sc_hd__dfrtp_2)
                                              7.245499   data arrival time

                      0.150000   30.000000   30.000000   clock clk (rise edge)
                                  0.000000   30.000000   clock network delay (ideal)
                                 -0.250000   29.750000   clock uncertainty
                                  0.000000   29.750000   clock reconvergence pessimism
                                             29.750000 ^ spi_in.shift_reg[13]_sky130_fd_sc_hd__dfrtp_2_Q/CLK (sky130_fd_sc_hd__dfrtp_2)
                                  0.408670   30.158670   library recovery time
                                             30.158670   data required time
---------------------------------------------------------------------------------------------
                                             30.158670   data required time
                                             -7.245499   data arrival time
---------------------------------------------------------------------------------------------
                                             22.913172   slack (MET)


Startpoint: reset (input port clocked by clk)
Endpoint: spi_in.shift_reg[14]_sky130_fd_sc_hd__dfrtp_2_Q
          (recovery check against rising-edge clock clk)
Path Group: asynchronous
Path Type: max

Fanout         Cap        Slew       Delay        Time   Description
---------------------------------------------------------------------------------------------
                      0.150000    0.000000    0.000000   clock clk (rise edge)
                                  0.000000    0.000000   clock network delay (ideal)
                                  6.000000    6.000000 v input external delay
    74    0.318200    1.309403    0.962133    6.962133 v reset (in)
                                                         reset (net)
                      1.309403    0.000000    6.962133 v spi_in.shift_reg[14]_sky130_fd_sc_hd__dfrtp_2_Q_RESET_B_sky130_fd_sc_hd__inv_2_Y/A (sky130_fd_sc_hd__inv_2)
     1    0.003263    0.217326    0.283366    7.245499 ^ spi_in.shift_reg[14]_sky130_fd_sc_hd__dfrtp_2_Q_RESET_B_sky130_fd_sc_hd__inv_2_Y/Y (sky130_fd_sc_hd__inv_2)
                                                         spi_in.shift_reg[14]_sky130_fd_sc_hd__dfrtp_2_Q_RESET_B (net)
                      0.217326    0.000000    7.245499 ^ spi_in.shift_reg[14]_sky130_fd_sc_hd__dfrtp_2_Q/RESET_B (sky130_fd_sc_hd__dfrtp_2)
                                              7.245499   data arrival time

                      0.150000   30.000000   30.000000   clock clk (rise edge)
                                  0.000000   30.000000   clock network delay (ideal)
                                 -0.250000   29.750000   clock uncertainty
                                  0.000000   29.750000   clock reconvergence pessimism
                                             29.750000 ^ spi_in.shift_reg[14]_sky130_fd_sc_hd__dfrtp_2_Q/CLK (sky130_fd_sc_hd__dfrtp_2)
                                  0.408670   30.158670   library recovery time
                                             30.158670   data required time
---------------------------------------------------------------------------------------------
                                             30.158670   data required time
                                             -7.245499   data arrival time
---------------------------------------------------------------------------------------------
                                             22.913172   slack (MET)


Startpoint: reset (input port clocked by clk)
Endpoint: spi_in.shift_reg[1]_sky130_fd_sc_hd__dfrtp_2_Q
          (recovery check against rising-edge clock clk)
Path Group: asynchronous
Path Type: max

Fanout         Cap        Slew       Delay        Time   Description
---------------------------------------------------------------------------------------------
                      0.150000    0.000000    0.000000   clock clk (rise edge)
                                  0.000000    0.000000   clock network delay (ideal)
                                  6.000000    6.000000 v input external delay
    74    0.318200    1.309403    0.962133    6.962133 v reset (in)
                                                         reset (net)
                      1.309403    0.000000    6.962133 v spi_in.shift_reg[1]_sky130_fd_sc_hd__dfrtp_2_Q_RESET_B_sky130_fd_sc_hd__inv_2_Y/A (sky130_fd_sc_hd__inv_2)
     1    0.003263    0.217326    0.283366    7.245499 ^ spi_in.shift_reg[1]_sky130_fd_sc_hd__dfrtp_2_Q_RESET_B_sky130_fd_sc_hd__inv_2_Y/Y (sky130_fd_sc_hd__inv_2)
                                                         spi_in.shift_reg[1]_sky130_fd_sc_hd__dfrtp_2_Q_RESET_B (net)
                      0.217326    0.000000    7.245499 ^ spi_in.shift_reg[1]_sky130_fd_sc_hd__dfrtp_2_Q/RESET_B (sky130_fd_sc_hd__dfrtp_2)
                                              7.245499   data arrival time

                      0.150000   30.000000   30.000000   clock clk (rise edge)
                                  0.000000   30.000000   clock network delay (ideal)
                                 -0.250000   29.750000   clock uncertainty
                                  0.000000   29.750000   clock reconvergence pessimism
                                             29.750000 ^ spi_in.shift_reg[1]_sky130_fd_sc_hd__dfrtp_2_Q/CLK (sky130_fd_sc_hd__dfrtp_2)
                                  0.408670   30.158670   library recovery time
                                             30.158670   data required time
---------------------------------------------------------------------------------------------
                                             30.158670   data required time
                                             -7.245499   data arrival time
---------------------------------------------------------------------------------------------
                                             22.913172   slack (MET)


Startpoint: reset (input port clocked by clk)
Endpoint: spi_in.shift_reg[2]_sky130_fd_sc_hd__dfrtp_2_Q
          (recovery check against rising-edge clock clk)
Path Group: asynchronous
Path Type: max

Fanout         Cap        Slew       Delay        Time   Description
---------------------------------------------------------------------------------------------
                      0.150000    0.000000    0.000000   clock clk (rise edge)
                                  0.000000    0.000000   clock network delay (ideal)
                                  6.000000    6.000000 v input external delay
    74    0.318200    1.309403    0.962133    6.962133 v reset (in)
                                                         reset (net)
                      1.309403    0.000000    6.962133 v spi_in.shift_reg[2]_sky130_fd_sc_hd__dfrtp_2_Q_RESET_B_sky130_fd_sc_hd__inv_2_Y/A (sky130_fd_sc_hd__inv_2)
     1    0.003263    0.217326    0.283366    7.245499 ^ spi_in.shift_reg[2]_sky130_fd_sc_hd__dfrtp_2_Q_RESET_B_sky130_fd_sc_hd__inv_2_Y/Y (sky130_fd_sc_hd__inv_2)
                                                         spi_in.shift_reg[2]_sky130_fd_sc_hd__dfrtp_2_Q_RESET_B (net)
                      0.217326    0.000000    7.245499 ^ spi_in.shift_reg[2]_sky130_fd_sc_hd__dfrtp_2_Q/RESET_B (sky130_fd_sc_hd__dfrtp_2)
                                              7.245499   data arrival time

                      0.150000   30.000000   30.000000   clock clk (rise edge)
                                  0.000000   30.000000   clock network delay (ideal)
                                 -0.250000   29.750000   clock uncertainty
                                  0.000000   29.750000   clock reconvergence pessimism
                                             29.750000 ^ spi_in.shift_reg[2]_sky130_fd_sc_hd__dfrtp_2_Q/CLK (sky130_fd_sc_hd__dfrtp_2)
                                  0.408670   30.158670   library recovery time
                                             30.158670   data required time
---------------------------------------------------------------------------------------------
                                             30.158670   data required time
                                             -7.245499   data arrival time
---------------------------------------------------------------------------------------------
                                             22.913172   slack (MET)


Startpoint: reset (input port clocked by clk)
Endpoint: spi_in.shift_reg[3]_sky130_fd_sc_hd__dfrtp_2_Q
          (recovery check against rising-edge clock clk)
Path Group: asynchronous
Path Type: max

Fanout         Cap        Slew       Delay        Time   Description
---------------------------------------------------------------------------------------------
                      0.150000    0.000000    0.000000   clock clk (rise edge)
                                  0.000000    0.000000   clock network delay (ideal)
                                  6.000000    6.000000 v input external delay
    74    0.318200    1.309403    0.962133    6.962133 v reset (in)
                                                         reset (net)
                      1.309403    0.000000    6.962133 v spi_in.shift_reg[3]_sky130_fd_sc_hd__dfrtp_2_Q_RESET_B_sky130_fd_sc_hd__inv_2_Y/A (sky130_fd_sc_hd__inv_2)
     1    0.003263    0.217326    0.283366    7.245499 ^ spi_in.shift_reg[3]_sky130_fd_sc_hd__dfrtp_2_Q_RESET_B_sky130_fd_sc_hd__inv_2_Y/Y (sky130_fd_sc_hd__inv_2)
                                                         spi_in.shift_reg[3]_sky130_fd_sc_hd__dfrtp_2_Q_RESET_B (net)
                      0.217326    0.000000    7.245499 ^ spi_in.shift_reg[3]_sky130_fd_sc_hd__dfrtp_2_Q/RESET_B (sky130_fd_sc_hd__dfrtp_2)
                                              7.245499   data arrival time

                      0.150000   30.000000   30.000000   clock clk (rise edge)
                                  0.000000   30.000000   clock network delay (ideal)
                                 -0.250000   29.750000   clock uncertainty
                                  0.000000   29.750000   clock reconvergence pessimism
                                             29.750000 ^ spi_in.shift_reg[3]_sky130_fd_sc_hd__dfrtp_2_Q/CLK (sky130_fd_sc_hd__dfrtp_2)
                                  0.408670   30.158670   library recovery time
                                             30.158670   data required time
---------------------------------------------------------------------------------------------
                                             30.158670   data required time
                                             -7.245499   data arrival time
---------------------------------------------------------------------------------------------
                                             22.913172   slack (MET)


Startpoint: reset (input port clocked by clk)
Endpoint: spi_in.shift_reg[4]_sky130_fd_sc_hd__dfrtp_2_Q
          (recovery check against rising-edge clock clk)
Path Group: asynchronous
Path Type: max

Fanout         Cap        Slew       Delay        Time   Description
---------------------------------------------------------------------------------------------
                      0.150000    0.000000    0.000000   clock clk (rise edge)
                                  0.000000    0.000000   clock network delay (ideal)
                                  6.000000    6.000000 v input external delay
    74    0.318200    1.309403    0.962133    6.962133 v reset (in)
                                                         reset (net)
                      1.309403    0.000000    6.962133 v spi_in.shift_reg[4]_sky130_fd_sc_hd__dfrtp_2_Q_RESET_B_sky130_fd_sc_hd__inv_2_Y/A (sky130_fd_sc_hd__inv_2)
     1    0.003263    0.217326    0.283366    7.245499 ^ spi_in.shift_reg[4]_sky130_fd_sc_hd__dfrtp_2_Q_RESET_B_sky130_fd_sc_hd__inv_2_Y/Y (sky130_fd_sc_hd__inv_2)
                                                         spi_in.shift_reg[4]_sky130_fd_sc_hd__dfrtp_2_Q_RESET_B (net)
                      0.217326    0.000000    7.245499 ^ spi_in.shift_reg[4]_sky130_fd_sc_hd__dfrtp_2_Q/RESET_B (sky130_fd_sc_hd__dfrtp_2)
                                              7.245499   data arrival time

                      0.150000   30.000000   30.000000   clock clk (rise edge)
                                  0.000000   30.000000   clock network delay (ideal)
                                 -0.250000   29.750000   clock uncertainty
                                  0.000000   29.750000   clock reconvergence pessimism
                                             29.750000 ^ spi_in.shift_reg[4]_sky130_fd_sc_hd__dfrtp_2_Q/CLK (sky130_fd_sc_hd__dfrtp_2)
                                  0.408670   30.158670   library recovery time
                                             30.158670   data required time
---------------------------------------------------------------------------------------------
                                             30.158670   data required time
                                             -7.245499   data arrival time
---------------------------------------------------------------------------------------------
                                             22.913172   slack (MET)


Startpoint: reset (input port clocked by clk)
Endpoint: spi_in.shift_reg[5]_sky130_fd_sc_hd__dfrtp_2_Q
          (recovery check against rising-edge clock clk)
Path Group: asynchronous
Path Type: max

Fanout         Cap        Slew       Delay        Time   Description
---------------------------------------------------------------------------------------------
                      0.150000    0.000000    0.000000   clock clk (rise edge)
                                  0.000000    0.000000   clock network delay (ideal)
                                  6.000000    6.000000 v input external delay
    74    0.318200    1.309403    0.962133    6.962133 v reset (in)
                                                         reset (net)
                      1.309403    0.000000    6.962133 v spi_in.shift_reg[5]_sky130_fd_sc_hd__dfrtp_2_Q_RESET_B_sky130_fd_sc_hd__inv_2_Y/A (sky130_fd_sc_hd__inv_2)
     1    0.003263    0.217326    0.283366    7.245499 ^ spi_in.shift_reg[5]_sky130_fd_sc_hd__dfrtp_2_Q_RESET_B_sky130_fd_sc_hd__inv_2_Y/Y (sky130_fd_sc_hd__inv_2)
                                                         spi_in.shift_reg[5]_sky130_fd_sc_hd__dfrtp_2_Q_RESET_B (net)
                      0.217326    0.000000    7.245499 ^ spi_in.shift_reg[5]_sky130_fd_sc_hd__dfrtp_2_Q/RESET_B (sky130_fd_sc_hd__dfrtp_2)
                                              7.245499   data arrival time

                      0.150000   30.000000   30.000000   clock clk (rise edge)
                                  0.000000   30.000000   clock network delay (ideal)
                                 -0.250000   29.750000   clock uncertainty
                                  0.000000   29.750000   clock reconvergence pessimism
                                             29.750000 ^ spi_in.shift_reg[5]_sky130_fd_sc_hd__dfrtp_2_Q/CLK (sky130_fd_sc_hd__dfrtp_2)
                                  0.408670   30.158670   library recovery time
                                             30.158670   data required time
---------------------------------------------------------------------------------------------
                                             30.158670   data required time
                                             -7.245499   data arrival time
---------------------------------------------------------------------------------------------
                                             22.913172   slack (MET)


Startpoint: reset (input port clocked by clk)
Endpoint: spi_in.shift_reg[6]_sky130_fd_sc_hd__dfrtp_2_Q
          (recovery check against rising-edge clock clk)
Path Group: asynchronous
Path Type: max

Fanout         Cap        Slew       Delay        Time   Description
---------------------------------------------------------------------------------------------
                      0.150000    0.000000    0.000000   clock clk (rise edge)
                                  0.000000    0.000000   clock network delay (ideal)
                                  6.000000    6.000000 v input external delay
    74    0.318200    1.309403    0.962133    6.962133 v reset (in)
                                                         reset (net)
                      1.309403    0.000000    6.962133 v spi_in.shift_reg[6]_sky130_fd_sc_hd__dfrtp_2_Q_RESET_B_sky130_fd_sc_hd__inv_2_Y/A (sky130_fd_sc_hd__inv_2)
     1    0.003263    0.217326    0.283366    7.245499 ^ spi_in.shift_reg[6]_sky130_fd_sc_hd__dfrtp_2_Q_RESET_B_sky130_fd_sc_hd__inv_2_Y/Y (sky130_fd_sc_hd__inv_2)
                                                         spi_in.shift_reg[6]_sky130_fd_sc_hd__dfrtp_2_Q_RESET_B (net)
                      0.217326    0.000000    7.245499 ^ spi_in.shift_reg[6]_sky130_fd_sc_hd__dfrtp_2_Q/RESET_B (sky130_fd_sc_hd__dfrtp_2)
                                              7.245499   data arrival time

                      0.150000   30.000000   30.000000   clock clk (rise edge)
                                  0.000000   30.000000   clock network delay (ideal)
                                 -0.250000   29.750000   clock uncertainty
                                  0.000000   29.750000   clock reconvergence pessimism
                                             29.750000 ^ spi_in.shift_reg[6]_sky130_fd_sc_hd__dfrtp_2_Q/CLK (sky130_fd_sc_hd__dfrtp_2)
                                  0.408670   30.158670   library recovery time
                                             30.158670   data required time
---------------------------------------------------------------------------------------------
                                             30.158670   data required time
                                             -7.245499   data arrival time
---------------------------------------------------------------------------------------------
                                             22.913172   slack (MET)


Startpoint: reset (input port clocked by clk)
Endpoint: spi_in.shift_reg[7]_sky130_fd_sc_hd__dfrtp_2_Q
          (recovery check against rising-edge clock clk)
Path Group: asynchronous
Path Type: max

Fanout         Cap        Slew       Delay        Time   Description
---------------------------------------------------------------------------------------------
                      0.150000    0.000000    0.000000   clock clk (rise edge)
                                  0.000000    0.000000   clock network delay (ideal)
                                  6.000000    6.000000 v input external delay
    74    0.318200    1.309403    0.962133    6.962133 v reset (in)
                                                         reset (net)
                      1.309403    0.000000    6.962133 v spi_in.shift_reg[7]_sky130_fd_sc_hd__dfrtp_2_Q_RESET_B_sky130_fd_sc_hd__inv_2_Y/A (sky130_fd_sc_hd__inv_2)
     1    0.003263    0.217326    0.283366    7.245499 ^ spi_in.shift_reg[7]_sky130_fd_sc_hd__dfrtp_2_Q_RESET_B_sky130_fd_sc_hd__inv_2_Y/Y (sky130_fd_sc_hd__inv_2)
                                                         spi_in.shift_reg[7]_sky130_fd_sc_hd__dfrtp_2_Q_RESET_B (net)
                      0.217326    0.000000    7.245499 ^ spi_in.shift_reg[7]_sky130_fd_sc_hd__dfrtp_2_Q/RESET_B (sky130_fd_sc_hd__dfrtp_2)
                                              7.245499   data arrival time

                      0.150000   30.000000   30.000000   clock clk (rise edge)
                                  0.000000   30.000000   clock network delay (ideal)
                                 -0.250000   29.750000   clock uncertainty
                                  0.000000   29.750000   clock reconvergence pessimism
                                             29.750000 ^ spi_in.shift_reg[7]_sky130_fd_sc_hd__dfrtp_2_Q/CLK (sky130_fd_sc_hd__dfrtp_2)
                                  0.408670   30.158670   library recovery time
                                             30.158670   data required time
---------------------------------------------------------------------------------------------
                                             30.158670   data required time
                                             -7.245499   data arrival time
---------------------------------------------------------------------------------------------
                                             22.913172   slack (MET)


Startpoint: reset (input port clocked by clk)
Endpoint: spi_in.shift_reg[8]_sky130_fd_sc_hd__dfrtp_2_Q
          (recovery check against rising-edge clock clk)
Path Group: asynchronous
Path Type: max

Fanout         Cap        Slew       Delay        Time   Description
---------------------------------------------------------------------------------------------
                      0.150000    0.000000    0.000000   clock clk (rise edge)
                                  0.000000    0.000000   clock network delay (ideal)
                                  6.000000    6.000000 v input external delay
    74    0.318200    1.309403    0.962133    6.962133 v reset (in)
                                                         reset (net)
                      1.309403    0.000000    6.962133 v spi_in.shift_reg[8]_sky130_fd_sc_hd__dfrtp_2_Q_RESET_B_sky130_fd_sc_hd__inv_2_Y/A (sky130_fd_sc_hd__inv_2)
     1    0.003263    0.217326    0.283366    7.245499 ^ spi_in.shift_reg[8]_sky130_fd_sc_hd__dfrtp_2_Q_RESET_B_sky130_fd_sc_hd__inv_2_Y/Y (sky130_fd_sc_hd__inv_2)
                                                         spi_in.shift_reg[8]_sky130_fd_sc_hd__dfrtp_2_Q_RESET_B (net)
                      0.217326    0.000000    7.245499 ^ spi_in.shift_reg[8]_sky130_fd_sc_hd__dfrtp_2_Q/RESET_B (sky130_fd_sc_hd__dfrtp_2)
                                              7.245499   data arrival time

                      0.150000   30.000000   30.000000   clock clk (rise edge)
                                  0.000000   30.000000   clock network delay (ideal)
                                 -0.250000   29.750000   clock uncertainty
                                  0.000000   29.750000   clock reconvergence pessimism
                                             29.750000 ^ spi_in.shift_reg[8]_sky130_fd_sc_hd__dfrtp_2_Q/CLK (sky130_fd_sc_hd__dfrtp_2)
                                  0.408670   30.158670   library recovery time
                                             30.158670   data required time
---------------------------------------------------------------------------------------------
                                             30.158670   data required time
                                             -7.245499   data arrival time
---------------------------------------------------------------------------------------------
                                             22.913172   slack (MET)


Startpoint: reset (input port clocked by clk)
Endpoint: spi_in.shift_reg[9]_sky130_fd_sc_hd__dfrtp_2_Q
          (recovery check against rising-edge clock clk)
Path Group: asynchronous
Path Type: max

Fanout         Cap        Slew       Delay        Time   Description
---------------------------------------------------------------------------------------------
                      0.150000    0.000000    0.000000   clock clk (rise edge)
                                  0.000000    0.000000   clock network delay (ideal)
                                  6.000000    6.000000 v input external delay
    74    0.318200    1.309403    0.962133    6.962133 v reset (in)
                                                         reset (net)
                      1.309403    0.000000    6.962133 v spi_in.shift_reg[9]_sky130_fd_sc_hd__dfrtp_2_Q_RESET_B_sky130_fd_sc_hd__inv_2_Y/A (sky130_fd_sc_hd__inv_2)
     1    0.003263    0.217326    0.283366    7.245499 ^ spi_in.shift_reg[9]_sky130_fd_sc_hd__dfrtp_2_Q_RESET_B_sky130_fd_sc_hd__inv_2_Y/Y (sky130_fd_sc_hd__inv_2)
                                                         spi_in.shift_reg[9]_sky130_fd_sc_hd__dfrtp_2_Q_RESET_B (net)
                      0.217326    0.000000    7.245499 ^ spi_in.shift_reg[9]_sky130_fd_sc_hd__dfrtp_2_Q/RESET_B (sky130_fd_sc_hd__dfrtp_2)
                                              7.245499   data arrival time

                      0.150000   30.000000   30.000000   clock clk (rise edge)
                                  0.000000   30.000000   clock network delay (ideal)
                                 -0.250000   29.750000   clock uncertainty
                                  0.000000   29.750000   clock reconvergence pessimism
                                             29.750000 ^ spi_in.shift_reg[9]_sky130_fd_sc_hd__dfrtp_2_Q/CLK (sky130_fd_sc_hd__dfrtp_2)
                                  0.408670   30.158670   library recovery time
                                             30.158670   data required time
---------------------------------------------------------------------------------------------
                                             30.158670   data required time
                                             -7.245499   data arrival time
---------------------------------------------------------------------------------------------
                                             22.913172   slack (MET)


Startpoint: reset (input port clocked by clk)
Endpoint: spi_in.valid_out_sky130_fd_sc_hd__dfrtp_2_Q
          (recovery check against rising-edge clock clk)
Path Group: asynchronous
Path Type: max

Fanout         Cap        Slew       Delay        Time   Description
---------------------------------------------------------------------------------------------
                      0.150000    0.000000    0.000000   clock clk (rise edge)
                                  0.000000    0.000000   clock network delay (ideal)
                                  6.000000    6.000000 v input external delay
    74    0.318200    1.309403    0.962133    6.962133 v reset (in)
                                                         reset (net)
                      1.309403    0.000000    6.962133 v spi_in.valid_out_sky130_fd_sc_hd__dfrtp_2_Q_RESET_B_sky130_fd_sc_hd__inv_2_Y/A (sky130_fd_sc_hd__inv_2)
     1    0.003263    0.217326    0.283366    7.245499 ^ spi_in.valid_out_sky130_fd_sc_hd__dfrtp_2_Q_RESET_B_sky130_fd_sc_hd__inv_2_Y/Y (sky130_fd_sc_hd__inv_2)
                                                         spi_in.valid_out_sky130_fd_sc_hd__dfrtp_2_Q_RESET_B (net)
                      0.217326    0.000000    7.245499 ^ spi_in.valid_out_sky130_fd_sc_hd__dfrtp_2_Q/RESET_B (sky130_fd_sc_hd__dfrtp_2)
                                              7.245499   data arrival time

                      0.150000   30.000000   30.000000   clock clk (rise edge)
                                  0.000000   30.000000   clock network delay (ideal)
                                 -0.250000   29.750000   clock uncertainty
                                  0.000000   29.750000   clock reconvergence pessimism
                                             29.750000 ^ spi_in.valid_out_sky130_fd_sc_hd__dfrtp_2_Q/CLK (sky130_fd_sc_hd__dfrtp_2)
                                  0.408670   30.158670   library recovery time
                                             30.158670   data required time
---------------------------------------------------------------------------------------------
                                             30.158670   data required time
                                             -7.245499   data arrival time
---------------------------------------------------------------------------------------------
                                             22.913172   slack (MET)


Startpoint: reset (input port clocked by clk)
Endpoint: spi_miso_sky130_fd_sc_hd__dfrtp_2_Q
          (recovery check against rising-edge clock clk)
Path Group: asynchronous
Path Type: max

Fanout         Cap        Slew       Delay        Time   Description
---------------------------------------------------------------------------------------------
                      0.150000    0.000000    0.000000   clock clk (rise edge)
                                  0.000000    0.000000   clock network delay (ideal)
                                  6.000000    6.000000 v input external delay
    74    0.318200    1.309403    0.962133    6.962133 v reset (in)
                                                         reset (net)
                      1.309403    0.000000    6.962133 v spi_miso_sky130_fd_sc_hd__dfrtp_2_Q_RESET_B_sky130_fd_sc_hd__inv_2_Y/A (sky130_fd_sc_hd__inv_2)
     1    0.003263    0.217326    0.283366    7.245499 ^ spi_miso_sky130_fd_sc_hd__dfrtp_2_Q_RESET_B_sky130_fd_sc_hd__inv_2_Y/Y (sky130_fd_sc_hd__inv_2)
                                                         spi_miso_sky130_fd_sc_hd__dfrtp_2_Q_RESET_B (net)
                      0.217326    0.000000    7.245499 ^ spi_miso_sky130_fd_sc_hd__dfrtp_2_Q/RESET_B (sky130_fd_sc_hd__dfrtp_2)
                                              7.245499   data arrival time

                      0.150000   30.000000   30.000000   clock clk (rise edge)
                                  0.000000   30.000000   clock network delay (ideal)
                                 -0.250000   29.750000   clock uncertainty
                                  0.000000   29.750000   clock reconvergence pessimism
                                             29.750000 ^ spi_miso_sky130_fd_sc_hd__dfrtp_2_Q/CLK (sky130_fd_sc_hd__dfrtp_2)
                                  0.408670   30.158670   library recovery time
                                             30.158670   data required time
---------------------------------------------------------------------------------------------
                                             30.158670   data required time
                                             -7.245499   data arrival time
---------------------------------------------------------------------------------------------
                                             22.913172   slack (MET)


Startpoint: reset (input port clocked by clk)
Endpoint: spi_out.bit_cnt[0]_sky130_fd_sc_hd__dfrtp_2_Q
          (recovery check against rising-edge clock clk)
Path Group: asynchronous
Path Type: max

Fanout         Cap        Slew       Delay        Time   Description
---------------------------------------------------------------------------------------------
                      0.150000    0.000000    0.000000   clock clk (rise edge)
                                  0.000000    0.000000   clock network delay (ideal)
                                  6.000000    6.000000 v input external delay
    74    0.318200    1.309403    0.962133    6.962133 v reset (in)
                                                         reset (net)
                      1.309403    0.000000    6.962133 v spi_out.bit_cnt[0]_sky130_fd_sc_hd__dfrtp_2_Q_RESET_B_sky130_fd_sc_hd__inv_2_Y/A (sky130_fd_sc_hd__inv_2)
     1    0.003263    0.217326    0.283366    7.245499 ^ spi_out.bit_cnt[0]_sky130_fd_sc_hd__dfrtp_2_Q_RESET_B_sky130_fd_sc_hd__inv_2_Y/Y (sky130_fd_sc_hd__inv_2)
                                                         spi_out.bit_cnt[0]_sky130_fd_sc_hd__dfrtp_2_Q_RESET_B (net)
                      0.217326    0.000000    7.245499 ^ spi_out.bit_cnt[0]_sky130_fd_sc_hd__dfrtp_2_Q/RESET_B (sky130_fd_sc_hd__dfrtp_2)
                                              7.245499   data arrival time

                      0.150000   30.000000   30.000000   clock clk (rise edge)
                                  0.000000   30.000000   clock network delay (ideal)
                                 -0.250000   29.750000   clock uncertainty
                                  0.000000   29.750000   clock reconvergence pessimism
                                             29.750000 ^ spi_out.bit_cnt[0]_sky130_fd_sc_hd__dfrtp_2_Q/CLK (sky130_fd_sc_hd__dfrtp_2)
                                  0.408670   30.158670   library recovery time
                                             30.158670   data required time
---------------------------------------------------------------------------------------------
                                             30.158670   data required time
                                             -7.245499   data arrival time
---------------------------------------------------------------------------------------------
                                             22.913172   slack (MET)


Startpoint: reset (input port clocked by clk)
Endpoint: spi_out.bit_cnt[1]_sky130_fd_sc_hd__dfrtp_2_Q
          (recovery check against rising-edge clock clk)
Path Group: asynchronous
Path Type: max

Fanout         Cap        Slew       Delay        Time   Description
---------------------------------------------------------------------------------------------
                      0.150000    0.000000    0.000000   clock clk (rise edge)
                                  0.000000    0.000000   clock network delay (ideal)
                                  6.000000    6.000000 v input external delay
    74    0.318200    1.309403    0.962133    6.962133 v reset (in)
                                                         reset (net)
                      1.309403    0.000000    6.962133 v spi_out.bit_cnt[1]_sky130_fd_sc_hd__dfrtp_2_Q_RESET_B_sky130_fd_sc_hd__inv_2_Y/A (sky130_fd_sc_hd__inv_2)
     1    0.003263    0.217326    0.283366    7.245499 ^ spi_out.bit_cnt[1]_sky130_fd_sc_hd__dfrtp_2_Q_RESET_B_sky130_fd_sc_hd__inv_2_Y/Y (sky130_fd_sc_hd__inv_2)
                                                         spi_out.bit_cnt[1]_sky130_fd_sc_hd__dfrtp_2_Q_RESET_B (net)
                      0.217326    0.000000    7.245499 ^ spi_out.bit_cnt[1]_sky130_fd_sc_hd__dfrtp_2_Q/RESET_B (sky130_fd_sc_hd__dfrtp_2)
                                              7.245499   data arrival time

                      0.150000   30.000000   30.000000   clock clk (rise edge)
                                  0.000000   30.000000   clock network delay (ideal)
                                 -0.250000   29.750000   clock uncertainty
                                  0.000000   29.750000   clock reconvergence pessimism
                                             29.750000 ^ spi_out.bit_cnt[1]_sky130_fd_sc_hd__dfrtp_2_Q/CLK (sky130_fd_sc_hd__dfrtp_2)
                                  0.408670   30.158670   library recovery time
                                             30.158670   data required time
---------------------------------------------------------------------------------------------
                                             30.158670   data required time
                                             -7.245499   data arrival time
---------------------------------------------------------------------------------------------
                                             22.913172   slack (MET)


Startpoint: reset (input port clocked by clk)
Endpoint: spi_out.bit_cnt[2]_sky130_fd_sc_hd__dfrtp_2_Q
          (recovery check against rising-edge clock clk)
Path Group: asynchronous
Path Type: max

Fanout         Cap        Slew       Delay        Time   Description
---------------------------------------------------------------------------------------------
                      0.150000    0.000000    0.000000   clock clk (rise edge)
                                  0.000000    0.000000   clock network delay (ideal)
                                  6.000000    6.000000 v input external delay
    74    0.318200    1.309403    0.962133    6.962133 v reset (in)
                                                         reset (net)
                      1.309403    0.000000    6.962133 v spi_out.bit_cnt[2]_sky130_fd_sc_hd__dfrtp_2_Q_RESET_B_sky130_fd_sc_hd__inv_2_Y/A (sky130_fd_sc_hd__inv_2)
     1    0.003263    0.217326    0.283366    7.245499 ^ spi_out.bit_cnt[2]_sky130_fd_sc_hd__dfrtp_2_Q_RESET_B_sky130_fd_sc_hd__inv_2_Y/Y (sky130_fd_sc_hd__inv_2)
                                                         spi_out.bit_cnt[2]_sky130_fd_sc_hd__dfrtp_2_Q_RESET_B (net)
                      0.217326    0.000000    7.245499 ^ spi_out.bit_cnt[2]_sky130_fd_sc_hd__dfrtp_2_Q/RESET_B (sky130_fd_sc_hd__dfrtp_2)
                                              7.245499   data arrival time

                      0.150000   30.000000   30.000000   clock clk (rise edge)
                                  0.000000   30.000000   clock network delay (ideal)
                                 -0.250000   29.750000   clock uncertainty
                                  0.000000   29.750000   clock reconvergence pessimism
                                             29.750000 ^ spi_out.bit_cnt[2]_sky130_fd_sc_hd__dfrtp_2_Q/CLK (sky130_fd_sc_hd__dfrtp_2)
                                  0.408670   30.158670   library recovery time
                                             30.158670   data required time
---------------------------------------------------------------------------------------------
                                             30.158670   data required time
                                             -7.245499   data arrival time
---------------------------------------------------------------------------------------------
                                             22.913172   slack (MET)


Startpoint: reset (input port clocked by clk)
Endpoint: spi_out.bit_cnt[3]_sky130_fd_sc_hd__dfrtp_2_Q
          (recovery check against rising-edge clock clk)
Path Group: asynchronous
Path Type: max

Fanout         Cap        Slew       Delay        Time   Description
---------------------------------------------------------------------------------------------
                      0.150000    0.000000    0.000000   clock clk (rise edge)
                                  0.000000    0.000000   clock network delay (ideal)
                                  6.000000    6.000000 v input external delay
    74    0.318200    1.309403    0.962133    6.962133 v reset (in)
                                                         reset (net)
                      1.309403    0.000000    6.962133 v spi_out.bit_cnt[3]_sky130_fd_sc_hd__dfrtp_2_Q_RESET_B_sky130_fd_sc_hd__inv_2_Y/A (sky130_fd_sc_hd__inv_2)
     1    0.003263    0.217326    0.283366    7.245499 ^ spi_out.bit_cnt[3]_sky130_fd_sc_hd__dfrtp_2_Q_RESET_B_sky130_fd_sc_hd__inv_2_Y/Y (sky130_fd_sc_hd__inv_2)
                                                         spi_out.bit_cnt[3]_sky130_fd_sc_hd__dfrtp_2_Q_RESET_B (net)
                      0.217326    0.000000    7.245499 ^ spi_out.bit_cnt[3]_sky130_fd_sc_hd__dfrtp_2_Q/RESET_B (sky130_fd_sc_hd__dfrtp_2)
                                              7.245499   data arrival time

                      0.150000   30.000000   30.000000   clock clk (rise edge)
                                  0.000000   30.000000   clock network delay (ideal)
                                 -0.250000   29.750000   clock uncertainty
                                  0.000000   29.750000   clock reconvergence pessimism
                                             29.750000 ^ spi_out.bit_cnt[3]_sky130_fd_sc_hd__dfrtp_2_Q/CLK (sky130_fd_sc_hd__dfrtp_2)
                                  0.408670   30.158670   library recovery time
                                             30.158670   data required time
---------------------------------------------------------------------------------------------
                                             30.158670   data required time
                                             -7.245499   data arrival time
---------------------------------------------------------------------------------------------
                                             22.913172   slack (MET)


Startpoint: reset (input port clocked by clk)
Endpoint: spi_out.bit_cnt[4]_sky130_fd_sc_hd__dfrtp_2_Q
          (recovery check against rising-edge clock clk)
Path Group: asynchronous
Path Type: max

Fanout         Cap        Slew       Delay        Time   Description
---------------------------------------------------------------------------------------------
                      0.150000    0.000000    0.000000   clock clk (rise edge)
                                  0.000000    0.000000   clock network delay (ideal)
                                  6.000000    6.000000 v input external delay
    74    0.318200    1.309403    0.962133    6.962133 v reset (in)
                                                         reset (net)
                      1.309403    0.000000    6.962133 v spi_out.bit_cnt[4]_sky130_fd_sc_hd__dfrtp_2_Q_RESET_B_sky130_fd_sc_hd__inv_2_Y/A (sky130_fd_sc_hd__inv_2)
     1    0.003263    0.217326    0.283366    7.245499 ^ spi_out.bit_cnt[4]_sky130_fd_sc_hd__dfrtp_2_Q_RESET_B_sky130_fd_sc_hd__inv_2_Y/Y (sky130_fd_sc_hd__inv_2)
                                                         spi_out.bit_cnt[4]_sky130_fd_sc_hd__dfrtp_2_Q_RESET_B (net)
                      0.217326    0.000000    7.245499 ^ spi_out.bit_cnt[4]_sky130_fd_sc_hd__dfrtp_2_Q/RESET_B (sky130_fd_sc_hd__dfrtp_2)
                                              7.245499   data arrival time

                      0.150000   30.000000   30.000000   clock clk (rise edge)
                                  0.000000   30.000000   clock network delay (ideal)
                                 -0.250000   29.750000   clock uncertainty
                                  0.000000   29.750000   clock reconvergence pessimism
                                             29.750000 ^ spi_out.bit_cnt[4]_sky130_fd_sc_hd__dfrtp_2_Q/CLK (sky130_fd_sc_hd__dfrtp_2)
                                  0.408670   30.158670   library recovery time
                                             30.158670   data required time
---------------------------------------------------------------------------------------------
                                             30.158670   data required time
                                             -7.245499   data arrival time
---------------------------------------------------------------------------------------------
                                             22.913172   slack (MET)


Startpoint: reset (input port clocked by clk)
Endpoint: spi_out.shift_reg[0]_sky130_fd_sc_hd__dfrtp_2_Q
          (recovery check against rising-edge clock clk)
Path Group: asynchronous
Path Type: max

Fanout         Cap        Slew       Delay        Time   Description
---------------------------------------------------------------------------------------------
                      0.150000    0.000000    0.000000   clock clk (rise edge)
                                  0.000000    0.000000   clock network delay (ideal)
                                  6.000000    6.000000 v input external delay
    74    0.318200    1.309403    0.962133    6.962133 v reset (in)
                                                         reset (net)
                      1.309403    0.000000    6.962133 v spi_out.shift_reg[0]_sky130_fd_sc_hd__dfrtp_2_Q_RESET_B_sky130_fd_sc_hd__inv_2_Y/A (sky130_fd_sc_hd__inv_2)
     1    0.003263    0.217326    0.283366    7.245499 ^ spi_out.shift_reg[0]_sky130_fd_sc_hd__dfrtp_2_Q_RESET_B_sky130_fd_sc_hd__inv_2_Y/Y (sky130_fd_sc_hd__inv_2)
                                                         spi_out.shift_reg[0]_sky130_fd_sc_hd__dfrtp_2_Q_RESET_B (net)
                      0.217326    0.000000    7.245499 ^ spi_out.shift_reg[0]_sky130_fd_sc_hd__dfrtp_2_Q/RESET_B (sky130_fd_sc_hd__dfrtp_2)
                                              7.245499   data arrival time

                      0.150000   30.000000   30.000000   clock clk (rise edge)
                                  0.000000   30.000000   clock network delay (ideal)
                                 -0.250000   29.750000   clock uncertainty
                                  0.000000   29.750000   clock reconvergence pessimism
                                             29.750000 ^ spi_out.shift_reg[0]_sky130_fd_sc_hd__dfrtp_2_Q/CLK (sky130_fd_sc_hd__dfrtp_2)
                                  0.408670   30.158670   library recovery time
                                             30.158670   data required time
---------------------------------------------------------------------------------------------
                                             30.158670   data required time
                                             -7.245499   data arrival time
---------------------------------------------------------------------------------------------
                                             22.913172   slack (MET)


Startpoint: reset (input port clocked by clk)
Endpoint: spi_out.shift_reg[10]_sky130_fd_sc_hd__dfrtp_2_Q
          (recovery check against rising-edge clock clk)
Path Group: asynchronous
Path Type: max

Fanout         Cap        Slew       Delay        Time   Description
---------------------------------------------------------------------------------------------
                      0.150000    0.000000    0.000000   clock clk (rise edge)
                                  0.000000    0.000000   clock network delay (ideal)
                                  6.000000    6.000000 v input external delay
    74    0.318200    1.309403    0.962133    6.962133 v reset (in)
                                                         reset (net)
                      1.309403    0.000000    6.962133 v spi_out.shift_reg[10]_sky130_fd_sc_hd__dfrtp_2_Q_RESET_B_sky130_fd_sc_hd__inv_2_Y/A (sky130_fd_sc_hd__inv_2)
     1    0.003263    0.217326    0.283366    7.245499 ^ spi_out.shift_reg[10]_sky130_fd_sc_hd__dfrtp_2_Q_RESET_B_sky130_fd_sc_hd__inv_2_Y/Y (sky130_fd_sc_hd__inv_2)
                                                         spi_out.shift_reg[10]_sky130_fd_sc_hd__dfrtp_2_Q_RESET_B (net)
                      0.217326    0.000000    7.245499 ^ spi_out.shift_reg[10]_sky130_fd_sc_hd__dfrtp_2_Q/RESET_B (sky130_fd_sc_hd__dfrtp_2)
                                              7.245499   data arrival time

                      0.150000   30.000000   30.000000   clock clk (rise edge)
                                  0.000000   30.000000   clock network delay (ideal)
                                 -0.250000   29.750000   clock uncertainty
                                  0.000000   29.750000   clock reconvergence pessimism
                                             29.750000 ^ spi_out.shift_reg[10]_sky130_fd_sc_hd__dfrtp_2_Q/CLK (sky130_fd_sc_hd__dfrtp_2)
                                  0.408670   30.158670   library recovery time
                                             30.158670   data required time
---------------------------------------------------------------------------------------------
                                             30.158670   data required time
                                             -7.245499   data arrival time
---------------------------------------------------------------------------------------------
                                             22.913172   slack (MET)


Startpoint: reset (input port clocked by clk)
Endpoint: spi_out.shift_reg[11]_sky130_fd_sc_hd__dfrtp_2_Q
          (recovery check against rising-edge clock clk)
Path Group: asynchronous
Path Type: max

Fanout         Cap        Slew       Delay        Time   Description
---------------------------------------------------------------------------------------------
                      0.150000    0.000000    0.000000   clock clk (rise edge)
                                  0.000000    0.000000   clock network delay (ideal)
                                  6.000000    6.000000 v input external delay
    74    0.318200    1.309403    0.962133    6.962133 v reset (in)
                                                         reset (net)
                      1.309403    0.000000    6.962133 v spi_out.shift_reg[11]_sky130_fd_sc_hd__dfrtp_2_Q_RESET_B_sky130_fd_sc_hd__inv_2_Y/A (sky130_fd_sc_hd__inv_2)
     1    0.003263    0.217326    0.283366    7.245499 ^ spi_out.shift_reg[11]_sky130_fd_sc_hd__dfrtp_2_Q_RESET_B_sky130_fd_sc_hd__inv_2_Y/Y (sky130_fd_sc_hd__inv_2)
                                                         spi_out.shift_reg[11]_sky130_fd_sc_hd__dfrtp_2_Q_RESET_B (net)
                      0.217326    0.000000    7.245499 ^ spi_out.shift_reg[11]_sky130_fd_sc_hd__dfrtp_2_Q/RESET_B (sky130_fd_sc_hd__dfrtp_2)
                                              7.245499   data arrival time

                      0.150000   30.000000   30.000000   clock clk (rise edge)
                                  0.000000   30.000000   clock network delay (ideal)
                                 -0.250000   29.750000   clock uncertainty
                                  0.000000   29.750000   clock reconvergence pessimism
                                             29.750000 ^ spi_out.shift_reg[11]_sky130_fd_sc_hd__dfrtp_2_Q/CLK (sky130_fd_sc_hd__dfrtp_2)
                                  0.408670   30.158670   library recovery time
                                             30.158670   data required time
---------------------------------------------------------------------------------------------
                                             30.158670   data required time
                                             -7.245499   data arrival time
---------------------------------------------------------------------------------------------
                                             22.913172   slack (MET)


Startpoint: reset (input port clocked by clk)
Endpoint: spi_out.shift_reg[12]_sky130_fd_sc_hd__dfrtp_2_Q
          (recovery check against rising-edge clock clk)
Path Group: asynchronous
Path Type: max

Fanout         Cap        Slew       Delay        Time   Description
---------------------------------------------------------------------------------------------
                      0.150000    0.000000    0.000000   clock clk (rise edge)
                                  0.000000    0.000000   clock network delay (ideal)
                                  6.000000    6.000000 v input external delay
    74    0.318200    1.309403    0.962133    6.962133 v reset (in)
                                                         reset (net)
                      1.309403    0.000000    6.962133 v spi_out.shift_reg[12]_sky130_fd_sc_hd__dfrtp_2_Q_RESET_B_sky130_fd_sc_hd__inv_2_Y/A (sky130_fd_sc_hd__inv_2)
     1    0.003263    0.217326    0.283366    7.245499 ^ spi_out.shift_reg[12]_sky130_fd_sc_hd__dfrtp_2_Q_RESET_B_sky130_fd_sc_hd__inv_2_Y/Y (sky130_fd_sc_hd__inv_2)
                                                         spi_out.shift_reg[12]_sky130_fd_sc_hd__dfrtp_2_Q_RESET_B (net)
                      0.217326    0.000000    7.245499 ^ spi_out.shift_reg[12]_sky130_fd_sc_hd__dfrtp_2_Q/RESET_B (sky130_fd_sc_hd__dfrtp_2)
                                              7.245499   data arrival time

                      0.150000   30.000000   30.000000   clock clk (rise edge)
                                  0.000000   30.000000   clock network delay (ideal)
                                 -0.250000   29.750000   clock uncertainty
                                  0.000000   29.750000   clock reconvergence pessimism
                                             29.750000 ^ spi_out.shift_reg[12]_sky130_fd_sc_hd__dfrtp_2_Q/CLK (sky130_fd_sc_hd__dfrtp_2)
                                  0.408670   30.158670   library recovery time
                                             30.158670   data required time
---------------------------------------------------------------------------------------------
                                             30.158670   data required time
                                             -7.245499   data arrival time
---------------------------------------------------------------------------------------------
                                             22.913172   slack (MET)


Startpoint: reset (input port clocked by clk)
Endpoint: spi_out.shift_reg[13]_sky130_fd_sc_hd__dfrtp_2_Q
          (recovery check against rising-edge clock clk)
Path Group: asynchronous
Path Type: max

Fanout         Cap        Slew       Delay        Time   Description
---------------------------------------------------------------------------------------------
                      0.150000    0.000000    0.000000   clock clk (rise edge)
                                  0.000000    0.000000   clock network delay (ideal)
                                  6.000000    6.000000 v input external delay
    74    0.318200    1.309403    0.962133    6.962133 v reset (in)
                                                         reset (net)
                      1.309403    0.000000    6.962133 v spi_out.shift_reg[13]_sky130_fd_sc_hd__dfrtp_2_Q_RESET_B_sky130_fd_sc_hd__inv_2_Y/A (sky130_fd_sc_hd__inv_2)
     1    0.003263    0.217326    0.283366    7.245499 ^ spi_out.shift_reg[13]_sky130_fd_sc_hd__dfrtp_2_Q_RESET_B_sky130_fd_sc_hd__inv_2_Y/Y (sky130_fd_sc_hd__inv_2)
                                                         spi_out.shift_reg[13]_sky130_fd_sc_hd__dfrtp_2_Q_RESET_B (net)
                      0.217326    0.000000    7.245499 ^ spi_out.shift_reg[13]_sky130_fd_sc_hd__dfrtp_2_Q/RESET_B (sky130_fd_sc_hd__dfrtp_2)
                                              7.245499   data arrival time

                      0.150000   30.000000   30.000000   clock clk (rise edge)
                                  0.000000   30.000000   clock network delay (ideal)
                                 -0.250000   29.750000   clock uncertainty
                                  0.000000   29.750000   clock reconvergence pessimism
                                             29.750000 ^ spi_out.shift_reg[13]_sky130_fd_sc_hd__dfrtp_2_Q/CLK (sky130_fd_sc_hd__dfrtp_2)
                                  0.408670   30.158670   library recovery time
                                             30.158670   data required time
---------------------------------------------------------------------------------------------
                                             30.158670   data required time
                                             -7.245499   data arrival time
---------------------------------------------------------------------------------------------
                                             22.913172   slack (MET)


Startpoint: reset (input port clocked by clk)
Endpoint: spi_out.shift_reg[14]_sky130_fd_sc_hd__dfrtp_2_Q
          (recovery check against rising-edge clock clk)
Path Group: asynchronous
Path Type: max

Fanout         Cap        Slew       Delay        Time   Description
---------------------------------------------------------------------------------------------
                      0.150000    0.000000    0.000000   clock clk (rise edge)
                                  0.000000    0.000000   clock network delay (ideal)
                                  6.000000    6.000000 v input external delay
    74    0.318200    1.309403    0.962133    6.962133 v reset (in)
                                                         reset (net)
                      1.309403    0.000000    6.962133 v spi_out.shift_reg[14]_sky130_fd_sc_hd__dfrtp_2_Q_RESET_B_sky130_fd_sc_hd__inv_2_Y/A (sky130_fd_sc_hd__inv_2)
     1    0.003263    0.217326    0.283366    7.245499 ^ spi_out.shift_reg[14]_sky130_fd_sc_hd__dfrtp_2_Q_RESET_B_sky130_fd_sc_hd__inv_2_Y/Y (sky130_fd_sc_hd__inv_2)
                                                         spi_out.shift_reg[14]_sky130_fd_sc_hd__dfrtp_2_Q_RESET_B (net)
                      0.217326    0.000000    7.245499 ^ spi_out.shift_reg[14]_sky130_fd_sc_hd__dfrtp_2_Q/RESET_B (sky130_fd_sc_hd__dfrtp_2)
                                              7.245499   data arrival time

                      0.150000   30.000000   30.000000   clock clk (rise edge)
                                  0.000000   30.000000   clock network delay (ideal)
                                 -0.250000   29.750000   clock uncertainty
                                  0.000000   29.750000   clock reconvergence pessimism
                                             29.750000 ^ spi_out.shift_reg[14]_sky130_fd_sc_hd__dfrtp_2_Q/CLK (sky130_fd_sc_hd__dfrtp_2)
                                  0.408670   30.158670   library recovery time
                                             30.158670   data required time
---------------------------------------------------------------------------------------------
                                             30.158670   data required time
                                             -7.245499   data arrival time
---------------------------------------------------------------------------------------------
                                             22.913172   slack (MET)


Startpoint: reset (input port clocked by clk)
Endpoint: spi_out.shift_reg[1]_sky130_fd_sc_hd__dfrtp_2_Q
          (recovery check against rising-edge clock clk)
Path Group: asynchronous
Path Type: max

Fanout         Cap        Slew       Delay        Time   Description
---------------------------------------------------------------------------------------------
                      0.150000    0.000000    0.000000   clock clk (rise edge)
                                  0.000000    0.000000   clock network delay (ideal)
                                  6.000000    6.000000 v input external delay
    74    0.318200    1.309403    0.962133    6.962133 v reset (in)
                                                         reset (net)
                      1.309403    0.000000    6.962133 v spi_out.shift_reg[1]_sky130_fd_sc_hd__dfrtp_2_Q_RESET_B_sky130_fd_sc_hd__inv_2_Y/A (sky130_fd_sc_hd__inv_2)
     1    0.003263    0.217326    0.283366    7.245499 ^ spi_out.shift_reg[1]_sky130_fd_sc_hd__dfrtp_2_Q_RESET_B_sky130_fd_sc_hd__inv_2_Y/Y (sky130_fd_sc_hd__inv_2)
                                                         spi_out.shift_reg[1]_sky130_fd_sc_hd__dfrtp_2_Q_RESET_B (net)
                      0.217326    0.000000    7.245499 ^ spi_out.shift_reg[1]_sky130_fd_sc_hd__dfrtp_2_Q/RESET_B (sky130_fd_sc_hd__dfrtp_2)
                                              7.245499   data arrival time

                      0.150000   30.000000   30.000000   clock clk (rise edge)
                                  0.000000   30.000000   clock network delay (ideal)
                                 -0.250000   29.750000   clock uncertainty
                                  0.000000   29.750000   clock reconvergence pessimism
                                             29.750000 ^ spi_out.shift_reg[1]_sky130_fd_sc_hd__dfrtp_2_Q/CLK (sky130_fd_sc_hd__dfrtp_2)
                                  0.408670   30.158670   library recovery time
                                             30.158670   data required time
---------------------------------------------------------------------------------------------
                                             30.158670   data required time
                                             -7.245499   data arrival time
---------------------------------------------------------------------------------------------
                                             22.913172   slack (MET)


Startpoint: reset (input port clocked by clk)
Endpoint: spi_out.shift_reg[2]_sky130_fd_sc_hd__dfrtp_2_Q
          (recovery check against rising-edge clock clk)
Path Group: asynchronous
Path Type: max

Fanout         Cap        Slew       Delay        Time   Description
---------------------------------------------------------------------------------------------
                      0.150000    0.000000    0.000000   clock clk (rise edge)
                                  0.000000    0.000000   clock network delay (ideal)
                                  6.000000    6.000000 v input external delay
    74    0.318200    1.309403    0.962133    6.962133 v reset (in)
                                                         reset (net)
                      1.309403    0.000000    6.962133 v spi_out.shift_reg[2]_sky130_fd_sc_hd__dfrtp_2_Q_RESET_B_sky130_fd_sc_hd__inv_2_Y/A (sky130_fd_sc_hd__inv_2)
     1    0.003263    0.217326    0.283366    7.245499 ^ spi_out.shift_reg[2]_sky130_fd_sc_hd__dfrtp_2_Q_RESET_B_sky130_fd_sc_hd__inv_2_Y/Y (sky130_fd_sc_hd__inv_2)
                                                         spi_out.shift_reg[2]_sky130_fd_sc_hd__dfrtp_2_Q_RESET_B (net)
                      0.217326    0.000000    7.245499 ^ spi_out.shift_reg[2]_sky130_fd_sc_hd__dfrtp_2_Q/RESET_B (sky130_fd_sc_hd__dfrtp_2)
                                              7.245499   data arrival time

                      0.150000   30.000000   30.000000   clock clk (rise edge)
                                  0.000000   30.000000   clock network delay (ideal)
                                 -0.250000   29.750000   clock uncertainty
                                  0.000000   29.750000   clock reconvergence pessimism
                                             29.750000 ^ spi_out.shift_reg[2]_sky130_fd_sc_hd__dfrtp_2_Q/CLK (sky130_fd_sc_hd__dfrtp_2)
                                  0.408670   30.158670   library recovery time
                                             30.158670   data required time
---------------------------------------------------------------------------------------------
                                             30.158670   data required time
                                             -7.245499   data arrival time
---------------------------------------------------------------------------------------------
                                             22.913172   slack (MET)


Startpoint: reset (input port clocked by clk)
Endpoint: spi_out.shift_reg[3]_sky130_fd_sc_hd__dfrtp_2_Q
          (recovery check against rising-edge clock clk)
Path Group: asynchronous
Path Type: max

Fanout         Cap        Slew       Delay        Time   Description
---------------------------------------------------------------------------------------------
                      0.150000    0.000000    0.000000   clock clk (rise edge)
                                  0.000000    0.000000   clock network delay (ideal)
                                  6.000000    6.000000 v input external delay
    74    0.318200    1.309403    0.962133    6.962133 v reset (in)
                                                         reset (net)
                      1.309403    0.000000    6.962133 v spi_out.shift_reg[3]_sky130_fd_sc_hd__dfrtp_2_Q_RESET_B_sky130_fd_sc_hd__inv_2_Y/A (sky130_fd_sc_hd__inv_2)
     1    0.003263    0.217326    0.283366    7.245499 ^ spi_out.shift_reg[3]_sky130_fd_sc_hd__dfrtp_2_Q_RESET_B_sky130_fd_sc_hd__inv_2_Y/Y (sky130_fd_sc_hd__inv_2)
                                                         spi_out.shift_reg[3]_sky130_fd_sc_hd__dfrtp_2_Q_RESET_B (net)
                      0.217326    0.000000    7.245499 ^ spi_out.shift_reg[3]_sky130_fd_sc_hd__dfrtp_2_Q/RESET_B (sky130_fd_sc_hd__dfrtp_2)
                                              7.245499   data arrival time

                      0.150000   30.000000   30.000000   clock clk (rise edge)
                                  0.000000   30.000000   clock network delay (ideal)
                                 -0.250000   29.750000   clock uncertainty
                                  0.000000   29.750000   clock reconvergence pessimism
                                             29.750000 ^ spi_out.shift_reg[3]_sky130_fd_sc_hd__dfrtp_2_Q/CLK (sky130_fd_sc_hd__dfrtp_2)
                                  0.408670   30.158670   library recovery time
                                             30.158670   data required time
---------------------------------------------------------------------------------------------
                                             30.158670   data required time
                                             -7.245499   data arrival time
---------------------------------------------------------------------------------------------
                                             22.913172   slack (MET)


Startpoint: reset (input port clocked by clk)
Endpoint: spi_out.shift_reg[4]_sky130_fd_sc_hd__dfrtp_2_Q
          (recovery check against rising-edge clock clk)
Path Group: asynchronous
Path Type: max

Fanout         Cap        Slew       Delay        Time   Description
---------------------------------------------------------------------------------------------
                      0.150000    0.000000    0.000000   clock clk (rise edge)
                                  0.000000    0.000000   clock network delay (ideal)
                                  6.000000    6.000000 v input external delay
    74    0.318200    1.309403    0.962133    6.962133 v reset (in)
                                                         reset (net)
                      1.309403    0.000000    6.962133 v spi_out.shift_reg[4]_sky130_fd_sc_hd__dfrtp_2_Q_RESET_B_sky130_fd_sc_hd__inv_2_Y/A (sky130_fd_sc_hd__inv_2)
     1    0.003263    0.217326    0.283366    7.245499 ^ spi_out.shift_reg[4]_sky130_fd_sc_hd__dfrtp_2_Q_RESET_B_sky130_fd_sc_hd__inv_2_Y/Y (sky130_fd_sc_hd__inv_2)
                                                         spi_out.shift_reg[4]_sky130_fd_sc_hd__dfrtp_2_Q_RESET_B (net)
                      0.217326    0.000000    7.245499 ^ spi_out.shift_reg[4]_sky130_fd_sc_hd__dfrtp_2_Q/RESET_B (sky130_fd_sc_hd__dfrtp_2)
                                              7.245499   data arrival time

                      0.150000   30.000000   30.000000   clock clk (rise edge)
                                  0.000000   30.000000   clock network delay (ideal)
                                 -0.250000   29.750000   clock uncertainty
                                  0.000000   29.750000   clock reconvergence pessimism
                                             29.750000 ^ spi_out.shift_reg[4]_sky130_fd_sc_hd__dfrtp_2_Q/CLK (sky130_fd_sc_hd__dfrtp_2)
                                  0.408670   30.158670   library recovery time
                                             30.158670   data required time
---------------------------------------------------------------------------------------------
                                             30.158670   data required time
                                             -7.245499   data arrival time
---------------------------------------------------------------------------------------------
                                             22.913172   slack (MET)


Startpoint: reset (input port clocked by clk)
Endpoint: spi_out.shift_reg[5]_sky130_fd_sc_hd__dfrtp_2_Q
          (recovery check against rising-edge clock clk)
Path Group: asynchronous
Path Type: max

Fanout         Cap        Slew       Delay        Time   Description
---------------------------------------------------------------------------------------------
                      0.150000    0.000000    0.000000   clock clk (rise edge)
                                  0.000000    0.000000   clock network delay (ideal)
                                  6.000000    6.000000 v input external delay
    74    0.318200    1.309403    0.962133    6.962133 v reset (in)
                                                         reset (net)
                      1.309403    0.000000    6.962133 v spi_out.shift_reg[5]_sky130_fd_sc_hd__dfrtp_2_Q_RESET_B_sky130_fd_sc_hd__inv_2_Y/A (sky130_fd_sc_hd__inv_2)
     1    0.003263    0.217326    0.283366    7.245499 ^ spi_out.shift_reg[5]_sky130_fd_sc_hd__dfrtp_2_Q_RESET_B_sky130_fd_sc_hd__inv_2_Y/Y (sky130_fd_sc_hd__inv_2)
                                                         spi_out.shift_reg[5]_sky130_fd_sc_hd__dfrtp_2_Q_RESET_B (net)
                      0.217326    0.000000    7.245499 ^ spi_out.shift_reg[5]_sky130_fd_sc_hd__dfrtp_2_Q/RESET_B (sky130_fd_sc_hd__dfrtp_2)
                                              7.245499   data arrival time

                      0.150000   30.000000   30.000000   clock clk (rise edge)
                                  0.000000   30.000000   clock network delay (ideal)
                                 -0.250000   29.750000   clock uncertainty
                                  0.000000   29.750000   clock reconvergence pessimism
                                             29.750000 ^ spi_out.shift_reg[5]_sky130_fd_sc_hd__dfrtp_2_Q/CLK (sky130_fd_sc_hd__dfrtp_2)
                                  0.408670   30.158670   library recovery time
                                             30.158670   data required time
---------------------------------------------------------------------------------------------
                                             30.158670   data required time
                                             -7.245499   data arrival time
---------------------------------------------------------------------------------------------
                                             22.913172   slack (MET)


Startpoint: reset (input port clocked by clk)
Endpoint: spi_out.shift_reg[6]_sky130_fd_sc_hd__dfrtp_2_Q
          (recovery check against rising-edge clock clk)
Path Group: asynchronous
Path Type: max

Fanout         Cap        Slew       Delay        Time   Description
---------------------------------------------------------------------------------------------
                      0.150000    0.000000    0.000000   clock clk (rise edge)
                                  0.000000    0.000000   clock network delay (ideal)
                                  6.000000    6.000000 v input external delay
    74    0.318200    1.309403    0.962133    6.962133 v reset (in)
                                                         reset (net)
                      1.309403    0.000000    6.962133 v spi_out.shift_reg[6]_sky130_fd_sc_hd__dfrtp_2_Q_RESET_B_sky130_fd_sc_hd__inv_2_Y/A (sky130_fd_sc_hd__inv_2)
     1    0.003263    0.217326    0.283366    7.245499 ^ spi_out.shift_reg[6]_sky130_fd_sc_hd__dfrtp_2_Q_RESET_B_sky130_fd_sc_hd__inv_2_Y/Y (sky130_fd_sc_hd__inv_2)
                                                         spi_out.shift_reg[6]_sky130_fd_sc_hd__dfrtp_2_Q_RESET_B (net)
                      0.217326    0.000000    7.245499 ^ spi_out.shift_reg[6]_sky130_fd_sc_hd__dfrtp_2_Q/RESET_B (sky130_fd_sc_hd__dfrtp_2)
                                              7.245499   data arrival time

                      0.150000   30.000000   30.000000   clock clk (rise edge)
                                  0.000000   30.000000   clock network delay (ideal)
                                 -0.250000   29.750000   clock uncertainty
                                  0.000000   29.750000   clock reconvergence pessimism
                                             29.750000 ^ spi_out.shift_reg[6]_sky130_fd_sc_hd__dfrtp_2_Q/CLK (sky130_fd_sc_hd__dfrtp_2)
                                  0.408670   30.158670   library recovery time
                                             30.158670   data required time
---------------------------------------------------------------------------------------------
                                             30.158670   data required time
                                             -7.245499   data arrival time
---------------------------------------------------------------------------------------------
                                             22.913172   slack (MET)


Startpoint: reset (input port clocked by clk)
Endpoint: spi_out.shift_reg[7]_sky130_fd_sc_hd__dfrtp_2_Q
          (recovery check against rising-edge clock clk)
Path Group: asynchronous
Path Type: max

Fanout         Cap        Slew       Delay        Time   Description
---------------------------------------------------------------------------------------------
                      0.150000    0.000000    0.000000   clock clk (rise edge)
                                  0.000000    0.000000   clock network delay (ideal)
                                  6.000000    6.000000 v input external delay
    74    0.318200    1.309403    0.962133    6.962133 v reset (in)
                                                         reset (net)
                      1.309403    0.000000    6.962133 v spi_out.shift_reg[7]_sky130_fd_sc_hd__dfrtp_2_Q_RESET_B_sky130_fd_sc_hd__inv_2_Y/A (sky130_fd_sc_hd__inv_2)
     1    0.003263    0.217326    0.283366    7.245499 ^ spi_out.shift_reg[7]_sky130_fd_sc_hd__dfrtp_2_Q_RESET_B_sky130_fd_sc_hd__inv_2_Y/Y (sky130_fd_sc_hd__inv_2)
                                                         spi_out.shift_reg[7]_sky130_fd_sc_hd__dfrtp_2_Q_RESET_B (net)
                      0.217326    0.000000    7.245499 ^ spi_out.shift_reg[7]_sky130_fd_sc_hd__dfrtp_2_Q/RESET_B (sky130_fd_sc_hd__dfrtp_2)
                                              7.245499   data arrival time

                      0.150000   30.000000   30.000000   clock clk (rise edge)
                                  0.000000   30.000000   clock network delay (ideal)
                                 -0.250000   29.750000   clock uncertainty
                                  0.000000   29.750000   clock reconvergence pessimism
                                             29.750000 ^ spi_out.shift_reg[7]_sky130_fd_sc_hd__dfrtp_2_Q/CLK (sky130_fd_sc_hd__dfrtp_2)
                                  0.408670   30.158670   library recovery time
                                             30.158670   data required time
---------------------------------------------------------------------------------------------
                                             30.158670   data required time
                                             -7.245499   data arrival time
---------------------------------------------------------------------------------------------
                                             22.913172   slack (MET)


Startpoint: reset (input port clocked by clk)
Endpoint: spi_out.shift_reg[8]_sky130_fd_sc_hd__dfrtp_2_Q
          (recovery check against rising-edge clock clk)
Path Group: asynchronous
Path Type: max

Fanout         Cap        Slew       Delay        Time   Description
---------------------------------------------------------------------------------------------
                      0.150000    0.000000    0.000000   clock clk (rise edge)
                                  0.000000    0.000000   clock network delay (ideal)
                                  6.000000    6.000000 v input external delay
    74    0.318200    1.309403    0.962133    6.962133 v reset (in)
                                                         reset (net)
                      1.309403    0.000000    6.962133 v spi_out.shift_reg[8]_sky130_fd_sc_hd__dfrtp_2_Q_RESET_B_sky130_fd_sc_hd__inv_2_Y/A (sky130_fd_sc_hd__inv_2)
     1    0.003263    0.217326    0.283366    7.245499 ^ spi_out.shift_reg[8]_sky130_fd_sc_hd__dfrtp_2_Q_RESET_B_sky130_fd_sc_hd__inv_2_Y/Y (sky130_fd_sc_hd__inv_2)
                                                         spi_out.shift_reg[8]_sky130_fd_sc_hd__dfrtp_2_Q_RESET_B (net)
                      0.217326    0.000000    7.245499 ^ spi_out.shift_reg[8]_sky130_fd_sc_hd__dfrtp_2_Q/RESET_B (sky130_fd_sc_hd__dfrtp_2)
                                              7.245499   data arrival time

                      0.150000   30.000000   30.000000   clock clk (rise edge)
                                  0.000000   30.000000   clock network delay (ideal)
                                 -0.250000   29.750000   clock uncertainty
                                  0.000000   29.750000   clock reconvergence pessimism
                                             29.750000 ^ spi_out.shift_reg[8]_sky130_fd_sc_hd__dfrtp_2_Q/CLK (sky130_fd_sc_hd__dfrtp_2)
                                  0.408670   30.158670   library recovery time
                                             30.158670   data required time
---------------------------------------------------------------------------------------------
                                             30.158670   data required time
                                             -7.245499   data arrival time
---------------------------------------------------------------------------------------------
                                             22.913172   slack (MET)


Startpoint: reset (input port clocked by clk)
Endpoint: spi_out.shift_reg[9]_sky130_fd_sc_hd__dfrtp_2_Q
          (recovery check against rising-edge clock clk)
Path Group: asynchronous
Path Type: max

Fanout         Cap        Slew       Delay        Time   Description
---------------------------------------------------------------------------------------------
                      0.150000    0.000000    0.000000   clock clk (rise edge)
                                  0.000000    0.000000   clock network delay (ideal)
                                  6.000000    6.000000 v input external delay
    74    0.318200    1.309403    0.962133    6.962133 v reset (in)
                                                         reset (net)
                      1.309403    0.000000    6.962133 v spi_out.shift_reg[9]_sky130_fd_sc_hd__dfrtp_2_Q_RESET_B_sky130_fd_sc_hd__inv_2_Y/A (sky130_fd_sc_hd__inv_2)
     1    0.003263    0.217326    0.283366    7.245499 ^ spi_out.shift_reg[9]_sky130_fd_sc_hd__dfrtp_2_Q_RESET_B_sky130_fd_sc_hd__inv_2_Y/Y (sky130_fd_sc_hd__inv_2)
                                                         spi_out.shift_reg[9]_sky130_fd_sc_hd__dfrtp_2_Q_RESET_B (net)
                      0.217326    0.000000    7.245499 ^ spi_out.shift_reg[9]_sky130_fd_sc_hd__dfrtp_2_Q/RESET_B (sky130_fd_sc_hd__dfrtp_2)
                                              7.245499   data arrival time

                      0.150000   30.000000   30.000000   clock clk (rise edge)
                                  0.000000   30.000000   clock network delay (ideal)
                                 -0.250000   29.750000   clock uncertainty
                                  0.000000   29.750000   clock reconvergence pessimism
                                             29.750000 ^ spi_out.shift_reg[9]_sky130_fd_sc_hd__dfrtp_2_Q/CLK (sky130_fd_sc_hd__dfrtp_2)
                                  0.408670   30.158670   library recovery time
                                             30.158670   data required time
---------------------------------------------------------------------------------------------
                                             30.158670   data required time
                                             -7.245499   data arrival time
---------------------------------------------------------------------------------------------
                                             22.913172   slack (MET)


Startpoint: spi_clk (input port clocked by clk)
Endpoint: spi_in.sclk_prev_sky130_fd_sc_hd__dfrtp_2_Q
          (rising edge-triggered flip-flop clocked by clk)
Path Group: clk
Path Type: max

Fanout         Cap        Slew       Delay        Time   Description
---------------------------------------------------------------------------------------------
                      0.150000    0.000000    0.000000   clock clk (rise edge)
                                  0.000000    0.000000   clock network delay (ideal)
                                  6.000000    6.000000 v input external delay
     3    0.004369    0.025475    0.014132    6.014132 v spi_clk (in)
                                                         spi_clk (net)
                      0.025475    0.000000    6.014132 v spi_in.sclk_prev_sky130_fd_sc_hd__dfrtp_2_Q/D (sky130_fd_sc_hd__dfrtp_2)
                                              6.014132   data arrival time

                      0.150000   30.000000   30.000000   clock clk (rise edge)
                                  0.000000   30.000000   clock network delay (ideal)
                                 -0.250000   29.750000   clock uncertainty
                                  0.000000   29.750000   clock reconvergence pessimism
                                             29.750000 ^ spi_in.sclk_prev_sky130_fd_sc_hd__dfrtp_2_Q/CLK (sky130_fd_sc_hd__dfrtp_2)
                                 -0.236714   29.513287   library setup time
                                             29.513287   data required time
---------------------------------------------------------------------------------------------
                                             29.513287   data required time
                                             -6.014132   data arrival time
---------------------------------------------------------------------------------------------
                                             23.499155   slack (MET)



